held_out_trial,mechanics,physics_weight,seed,time_s,actual_horizontal_m,actual_vertical_m,model_horizontal_m,model_vertical_m,actual_physics_radius_m,model_physics_radius_m,support_displacement_m,effective_torque_nm,physics_residual_nm
S43A11T02,variable_length,0.0,43013,0.0,0.08568022779987429,0.8882848216530995,0.08568022779987429,0.8882848216530995,0.8924074326310361,0.8924074326315963,0.0,-0.0,45.47239570139485
S43A11T02,variable_length,0.0,43013,0.03333333333333333,0.09875942383659377,0.8852581668460195,0.0975485086106714,0.8851957108320828,0.8907499344732566,0.8905544104706251,0.0,-0.0,38.629928166113125
S43A11T02,variable_length,0.0,43013,0.06666666666666667,0.1124730520768148,0.8824665498779583,0.11139238440763083,0.8816775709449035,0.8896051928226256,0.8886864477487674,0.0,-0.0,30.707093594277595
S43A11T02,variable_length,0.0,43013,0.1,0.12675048866048605,0.8800010131914962,0.12719898558047885,0.877605415000255,0.8890823750326691,0.886775533250367,0.0,-0.0,21.743025191450684
S43A11T02,variable_length,0.0,43013,0.13333333333333333,0.1415876536303352,0.8778878744038656,0.14495320984665003,0.8728548666248359,0.8892323564096626,0.8848090478948025,0.0,-0.0,11.777672243298241
S43A11T02,variable_length,0.0,43013,0.16666666666666666,0.1570649393723084,0.8760698052752978,0.1646378659069277,0.8673024428805278,0.8900380322745344,0.8827905495177883,0.0,-0.0,0.8514145709455221
S43A11T02,variable_length,0.0,43013,0.2,0.1733591533061598,0.8743924300239501,0.18623382719862203,0.860825838607801,0.891412091974423,0.8807406898791892,0.0,-0.0,-10.995336837352923
S43A11T02,variable_length,0.0,43013,0.23333333333333334,0.19074742804499112,0.8725985708983577,0.2097201942449885,0.8533042096950147,0.8932036986262625,0.8786982611558927,0.0,-0.0,-23.722544918866248
S43A11T02,variable_length,0.0,43013,0.26666666666666666,0.20960158939999435,0.8703317463686888,0.23507446397443083,0.8446184525757243,0.8952151557118408,0.8767213548472953,0.0,-0.0,-37.29094874185968
S43A11T02,variable_length,0.0,43013,0.3,0.23037221319379997,0.8671497786052129,0.2622727042876461,0.8346514772156359,0.897229120763966,0.8748885985276058,0.0,-0.0,-51.66245402075897
S43A11T02,variable_length,0.0,43013,0.3333333333333333,0.25356249195582636,0.8625484501152269,0.2912897320882613,0.8232884708704791,0.8990460311480323,0.8733004146851774,0.0,-0.0,-66.80050328468502
S43A11T02,variable_length,0.0,43013,0.36666666666666664,0.27969300029615835,0.8559941456969565,0.3220992929646052,0.8104171499767004,0.900529928365587,0.872080220797179,0.0,-0.0,-82.67041752737583
S43A11T02,variable_length,0.0,43013,0.4,0.30925940859215373,0.8469634222048779,0.35467424071783127,0.7959279976771668,0.9016587050296619,0.871375461277258,0.0,-0.0,-99.2397019684573
S43A11T02,variable_length,0.0,43013,0.43333333333333335,0.342686058099838,0.8349865691780282,0.388986714974228,0.7797144846804296,0.9025720498241121,0.8713583315995258,0.0,-0.0,-116.47830963780841
S43A11T02,variable_length,0.0,43013,0.4666666666666667,0.3802789877484871,0.819691560079377,0.425008315195631,0.7616732713989662,0.9036074159657926,0.8722260259531539,0.0,-0.0,-134.35885780340064
S43A11T02,variable_length,0.0,43013,0.5,0.4221824141039139,0.8008444359309274,0.46271026950870364,0.7417043896017608,0.9053119911611323,0.8742003174698221,0.0,-0.0,-152.85679373391577
S43A11T02,variable_length,0.0,43013,0.5333333333333333,0.46834274873945947,0.7783821758623529,0.5020635969078557,0.7197114021408026,0.9084182637953969,0.8775262718075932,0.0,-0.0,-171.95050784904083
S43A11T02,variable_length,0.0,43013,0.5666666666666667,0.5184839528169286,0.7524345235962999,0.543039261543323,0.6956015396597192,0.9137742180802968,0.8824699097167503,0.0,-0.0,-191.6213938887257
S43A11T02,variable_length,0.0,43013,0.6,0.5720973677559793,0.7233320442959859,0.5856083179804819,0.6692858135554156,0.9222280870255092,0.8893146812661217,0.0,-0.0,-211.85385725654086
S43A11T02,variable_length,0.0,43013,0.6333333333333333,0.6284481477142699,0.6915988265717319,0.6297420465035349,0.6406791048298102,0.9344816805485774,0.8983567000367879,0.0,-0.0,-232.63527409712714
S43A11T02,variable_length,0.0,43013,0.6666666666666666,0.6865991143601292,0.6579296210525212,0.6754120777308861,0.6097002288283688,0.9509414966749679,0.9098988096371584,0.0,-0.0,-253.955904899502
S43A11T02,variable_length,0.0,43013,0.7,0.7454513531577982,0.6231526857912043,0.7225905060055411,0.5762719762058688,0.9716053672832318,0.9242437070007895,0.0,-0.0,-275.8087674355465
S43A11T02,variable_length,0.0,43013,0.7333333333333333,0.8037993020776903,0.5881810331037024,0.7712499912167881,0.540321130779351,0.9960171914799065,0.941686504798477,0.0,-0.0,-298.1894746194938
S43A11T02,variable_length,0.0,43013,0.7666666666666667,0.8603966031378503,0.5539559793499793,0.8213638488947007,0.5017784652167453,1.0233032501408106,0.962507246947985,0.0,-0.0,-321.09604339741753
S43A11T02,variable_length,0.0,43013,0.8,0.9140277627594087,0.5213877392343171,0.8729061285928371,0.46057871576177717,1.052279395274298,0.9869639622340335,0.0,-0.0,-344.528681047128
S43A11T02,variable_length,0.0,43013,0.8333333333333334,0.9635798615073138,0.49129816403222737,0.9258516807336611,0.416660537407812,1.0816006820836843,1.015286825557838,0.0,0.0,-368.48955530227477
S43A11T02,variable_length,0.0,43013,0.8666666666666667,1.0081083006755396,0.4643705366132766,0.9801762122332537,0.36996644110310845,1.1099199706129386,1.0476738875105307,0.0,0.0,-392.9825545335318
S43A11T02,variable_length,0.0,43013,0.9,1.0468909497259868,0.4411106116783008,1.0358563313451477,0.32044271469698926,1.1360278308005414,1.0842886481888503,0.0,0.0,-418.0130438556581
S43A11T02,variable_length,0.0,43013,0.9333333333333333,1.079466063734802,0.42182190960379756,1.092869582266616,0.2680393294214668,1.158956731796706,1.1252595282695086,0.0,0.0,-443.5876225177174
S43A11T02,variable_length,0.0,43013,0.9666666666666667,1.105650882328299,0.406596789037991,1.151194470134207,0.2127098337479164,1.1780427931316206,1.170681075887726,0.0,0.0,-469.7138873127393
S43A11T02,variable_length,0.0,43013,1.0,1.1255397241706142,0.3953232368898559,1.210810477099086,0.1544112364664334,1.192945988849091,1.2206165824701092,0.0,0.0,-496.4002060501981
S43A11T02,variable_length,0.0,43014,0.0,0.08568022779987429,0.8882848216530995,0.08568022779987429,0.8882848216530995,0.8924074326310361,0.8924074326315963,0.0,0.0,74.19458099937859
S43A11T02,variable_length,0.0,43014,0.03333333333333333,0.09875942383659377,0.8852581668460195,0.09783557104785526,0.8850299283512425,0.8907499344732566,0.8904211211784373,0.0,0.0,66.84433433664128
S43A11T02,variable_length,0.0,43014,0.06666666666666667,0.1124730520768148,0.8824665498779583,0.1125342054056639,0.8810133233567182,0.8896051928226256,0.8881713929863613,0.0,0.0,58.10041389656236
S43A11T02,variable_length,0.0,43014,0.1,0.12675048866048605,0.8800010131914962,0.1297537090757731,0.8761090306942072,0.8890823750326691,0.8856653197929022,0.0,0.0,48.01297733775118
S43A11T02,variable_length,0.0,43014,0.13333333333333333,0.1415876536303352,0.8778878744038656,0.1494695221995921,0.8701925800232717,0.8892323564096626,0.8829361609964406,0.0,0.0,36.632601902307684
S43A11T02,variable_length,0.0,43014,0.16666666666666666,0.1570649393723084,0.8760698052752978,0.1716550577691067,0.8631412503606073,0.8900380322745344,0.880044474406145,0.0,0.0,24.009945998125076
S43A11T02,variable_length,0.0,43014,0.2,0.1733591533061598,0.8743924300239501,0.19628182336690056,0.8548343015886651,0.891412091974423,0.8770793791657719,0.0,0.0,10.195416866439558
S43A11T02,variable_length,0.0,43014,0.23333333333333334,0.19074742804499112,0.8725985708983577,0.22331955231430373,0.845153192216409,0.8932036986262625,0.8741599057154518,0.0,0.0,-4.761150842519072
S43A11T02,variable_length,0.0,43014,0.26666666666666666,0.20960158939999435,0.8703317463686888,0.25273634269445655,0.8339817820495842,0.8952151557118408,0.871436326824955,0.0,0.0,-20.810800933004955
S43A11T02,variable_length,0.0,43014,0.3,0.23037221319379997,0.8671497786052129,0.2844988026362265,0.8212065186323549,0.897229120763966,0.8690913156548734,0.0,0.0,-37.905741589787596
S43A11T02,variable_length,0.0,43014,0.3333333333333333,0.25356249195582636,0.8625484501152269,0.3185722001973698,0.8067166065351744,0.8990460311480323,0.8673407231297401,0.0,0.0,-55.99960736979918
S43A11T02,variable_length,0.0,43014,0.36666666666666664,0.27969300029615835,0.8559941456969565,0.3549206161712317,0.7904041587810289,0.900529928365587,0.8664337124112339,0.0,0.0,-75.04769373899853
S43A11T02,variable_length,0.0,43014,0.4,0.30925940859215373,0.8469634222048779,0.3935070981597395,0.77216432991969,0.9016587050296619,0.8666519420756078,0.0,0.0,-95.00716119704938
S43A11T02,variable_length,0.0,43014,0.43333333333333335,0.342686058099838,0.8349865691780282,0.43429381430464287,0.7518954304734805,0.9025720498241121,0.8683074659999049,0.0,0.0,-115.83720666760385
S43A11T02,variable_length,0.0,43014,0.4666666666666667,0.3802789877484871,0.819691560079377,0.4772422051462579,0.7294990226848822,0.9036074159657926,0.8717390357624587,0.0,0.0,-137.49920052178544
S43A11T02,variable_length,0.0,43014,0.5,0.4221824141039139,0.8008444359309274,0.5223131321810296,0.7048799976929917,0.9053119911611323,0.8773065708162852,0.0,0.0,-159.95678832663316
S43A11T02,variable_length,0.0,43014,0.5333333333333333,0.46834274873945947,0.7783821758623529,0.5694670218122315,0.677946634449751,0.9084182637953969,0.8853837179971387,0.0,0.0,-183.1759571468163
S43A11T02,variable_length,0.0,43014,0.5666666666666667,0.5184839528169286,0.7524345235962999,0.6186640035278528,0.6486106408558527,0.9137742180802968,0.89634865576602,0.0,0.0,-207.12506695418972
S43A11T02,variable_length,0.0,43014,0.6,0.5720973677559793,0.7233320442959859,0.669864041291846,0.6167871777485255,0.9222280870255092,0.9105735865111809,0.0,0.0,-231.77484839347744
S43A11T02,variable_length,0.0,43014,0.6333333333333333,0.6284481477142699,0.6915988265717319,0.7230270572950307,0.5823948665078074,0.9344816805485774,0.9284136503285367,0.0,0.0,-257.0983687927985
S43A11T02,variable_length,0.0,43014,0.6666666666666666,0.6865991143601292,0.6579296210525212,0.7781130473758534,0.5453557811635474,0.9509414966749679,0.950196212656123,0.0,0.0,-283.070968876624
S43A11T02,variable_length,0.0,43014,0.7,0.7454513531577982,0.6231526857912043,0.8350821875848906,0.5055954259819009,0.9716053672832318,0.9762115522756255,0.0,0.0,-309.670173121067
S43A11T02,variable_length,0.0,43014,0.7333333333333333,0.8037993020776903,0.5881810331037024,0.8938949315268843,0.4630426995874018,0.9960171914799065,1.0067058608410115,0.0,0.0,-336.8755770760754
S43A11T02,variable_length,0.0,43014,0.7666666666666667,0.8603966031378503,0.5539559793499793,0.954512098267027,0.4176298467352329,1.0233032501408106,1.0418771686831498,0.0,0.0,-364.6687152591761
S43A11T02,variable_length,0.0,43014,0.8,0.9140277627594087,0.5213877392343171,1.0168949507315301,0.36929239888861415,1.052279395274298,1.0818743996884244,0.0,0.0,-393.03291339829667
S43A11T02,variable_length,0.0,43014,0.8333333333333334,0.9635798615073138,0.49129816403222737,1.0810052646640762,0.31796910477926416,1.0816006820836843,1.126799331658737,0.0,0.0,-421.9531288683593
S43A11T02,variable_length,0.0,43014,0.8666666666666667,1.0081083006755396,0.4643705366132766,1.146805388317985,0.26360185213576826,1.1099199706129386,1.1767108970029858,0.0,0.0,-451.4157831330715
S43A11T02,variable_length,0.0,43014,0.9,1.0468909497259868,0.4411106116783008,1.2142582931677155,0.20613558175668123,1.1360278308005414,1.2316310651301952,0.0,0.0,-481.40858987811697
S43A11T02,variable_length,0.0,43014,0.9333333333333333,1.079466063734802,0.42182190960379756,1.2833276160121259,0.14551819508380026,1.158956731796706,1.2915515146988188,0.0,0.0,-511.9203823158699
S43A11T02,variable_length,0.0,43014,0.9666666666666667,1.105650882328299,0.406596789037991,1.3539776929155138,0.08170045639772461,1.1780427931316206,1.3564403995345369,0.0,0.0,-542.9409428677836
S43A11T02,variable_length,0.0,43014,1.0,1.1255397241706142,0.3953232368898559,1.4261735854911528,0.0146358907142361,1.192945988849091,1.4262486828217193,0.0,0.0,-574.4608381027838
S43A11T02,variable_length,0.01,43013,0.0,0.08568022779987429,0.8882848216530995,0.08568022779987429,0.8882848216530995,0.8924074326310361,0.8924074326315963,0.0,72.14218377917773,-45.759719240618644
S43A11T02,variable_length,0.01,43013,0.03333333333333333,0.09875942383659377,0.8852581668460195,0.09737814358284398,0.8854612725820871,0.8907499344732566,0.8907997351208239,0.0,65.82192603242139,-44.58368677913323
S43A11T02,variable_length,0.01,43013,0.06666666666666667,0.1124730520768148,0.8824665498779583,0.11073455795527393,0.8827140624764392,0.8896051928226256,0.8896326536386853,0.0,59.464801600275315,-44.212047142507906
S43A11T02,variable_length,0.01,43013,0.1,0.12675048866048605,0.8800010131914962,0.1257721396016241,0.8798777624490018,0.8890823750326691,0.8888214151072377,0.0,53.072214613279925,-44.62545950587568
S43A11T02,variable_length,0.01,43013,0.13333333333333333,0.1415876536303352,0.8778878744038656,0.14251133276625505,0.8767849982141216,0.8892323564096626,0.8882912884077787,0.0,46.64561157761509,-45.802447053110946
S43A11T02,variable_length,0.01,43013,0.16666666666666666,0.1570649393723084,0.8760698052752978,0.16097036149464,0.873266557385233,0.8900380322745344,0.8879785681693965,0.0,40.18648027863705,-47.71942167044736
S43A11T02,variable_length,0.01,43013,0.2,0.1733591533061598,0.8743924300239501,0.18116524118670865,0.8691515069800508,0.891412091974423,0.8878317333261588,0.0,33.69634857761555,-50.350734023629755
S43A11T02,variable_length,0.01,43013,0.23333333333333334,0.19074742804499112,0.8725985708983577,0.20310979752019778,0.8642673217368807,0.8932036986262625,0.8878128143206407,0.0,27.176783102415538,-53.668751813121744
S43A11T02,variable_length,0.01,43013,0.26666666666666666,0.20960158939999435,0.8703317463686888,0.2268156927696726,0.85844002379471,0.8952151557118408,0.8878989992900368,0.0,20.62938783332443,-57.6439687404777
S43A11T02,variable_length,0.01,43013,0.3,0.23037221319379997,0.8671497786052129,0.25229245951225976,0.851494334223976,0.897229120763966,0.8880845040553728,0.0,14.055802585696949,-62.245146368251596
S43A11T02,variable_length,0.01,43013,0.3333333333333333,0.25356249195582636,0.8625484501152269,0.2795475416741086,0.8432538368138311,0.8990460311480323,0.888382722343408,0.0,7.457701391563753,-67.43949061416674
S43A11T02,variable_length,0.01,43013,0.36666666666666664,0.27969300029615835,0.8559941456969565,0.30858634283223296,0.8335411544252839,0.900529928365587,0.8888286601500918,0.0,0.836790782829358,-73.19286408862607
S43A11T02,variable_length,0.01,43013,0.4,0.30925940859215373,0.8469634222048779,0.33941228164480125,0.8221781381080042,0.9016587050296619,0.8894816398976846,0.0,-5.8051920208361265,-79.47003486669256
S43A11T02,variable_length,0.01,43013,0.43333333333333335,0.342686058099838,0.8349865691780282,0.3720268542393258,0.8089860690524141,0.9025720498241121,0.8904282341643744,0.0,-12.46648101583104,-86.23496158819998
S43A11T02,variable_length,0.01,43013,0.4666666666666667,0.3802789877484871,0.819691560079377,0.40642970334281214,0.7937858733088908,0.9036074159657926,0.8917853533362637,0.0,-19.145283406132965,-93.45111401266095
S43A11T02,variable_length,0.01,43013,0.5,0.4221824141039139,0.8008444359309274,0.44261869389110065,0.7763983490537973,0.9053119911611323,0.89370336499105,0.0,-25.839781677978277,-101.0818273324618
S43A11T02,variable_length,0.01,43013,0.5333333333333333,0.46834274873945947,0.7783821758623529,0.48058999480678977,0.7566444060193454,0.9084182637953969,0.8963690647661587,0.0,-32.548135752758036,-109.09068768504221
S43A11T02,variable_length,0.01,43013,0.5666666666666667,0.5184839528169286,0.7524345235962999,0.5203381665867596,0.7343453165330602,0.9137742180802968,0.9000082508076861,0.0,-39.26848521275068,-117.44194542202041
S43A11T02,variable_length,0.01,43013,0.6,0.5720973677559793,0.7233320442959859,0.5618562542920064,0.7093229774353189,0.9222280870255092,0.9048875824132795,0.0,-45.998951593906014,-126.10095181289896
S43A11T02,variable_length,0.01,43013,0.6333333333333333,0.6284481477142699,0.6915988265717319,0.6051358854848814,0.6814001819628523,0.9344816805485774,0.9113153394306385,0.0,-52.73764073951389,-135.03461400767088
S43A11T02,variable_length,0.01,43013,0.6666666666666666,0.6865991143601292,0.6579296210525212,0.6501673726126365,0.6504009005053124,0.9509414966749679,0.9196406601434824,0.0,-59.48264520823625,-144.21186228249664
S43A11T02,variable_length,0.01,43013,0.7,0.7454513531577982,0.6231526857912043,0.6969398192921548,0.6161505689643314,0.9716053672832318,0.9302508453912045,0.0,-66.23204672966027,-153.60412287252018
S43A11T02,variable_length,0.01,43013,0.7333333333333333,0.8037993020776903,0.5881810331037024,0.745441229909696,0.5784763832734,0.9960171914799065,0.943566401084393,0.0,-72.98391870023981,-163.18578908260787
S43A11T02,variable_length,0.01,43013,0.7666666666666667,0.8603966031378503,0.5539559793499793,0.7956586219122359,0.537207598475981,1.0233032501408106,0.9600336694536339,0.0,-79.73632871224126,-172.93468288586445
S43A11T02,variable_length,0.01,43013,0.8,0.9140277627594087,0.5213877392343171,0.8475781401343307,0.49217583061208314,1.052279395274298,0.980115172759439,0.0,-86.4873411080955,-182.8324988945293
S43A11T02,variable_length,0.01,43013,0.8333333333333334,0.9635798615073138,0.49129816403222737,0.9011851724771861,0.4432153595335871,1.0816006820836843,1.0042781337957243,0.0,-93.23501955238585,-192.8652224382816
S43A11T02,variable_length,0.01,43013,0.8666666666666667,1.0081083006755396,0.4643705366132766,0.9564644662355047,0.39016343065921494,1.1099199706129386,1.0329819832871903,0.0,-99.97742961357123,-203.02351352675157
S43A11T02,variable_length,0.01,43013,0.9,1.0468909497259868,0.4411106116783008,1.0134002443533892,0.332860553594216,1.1360278308005414,1.0666659286747453,0.0,-106.71264134745805,-213.3030487165488
S43A11T02,variable_length,0.01,43013,0.9333333333333333,1.079466063734802,0.42182190960379756,1.0719763208836601,0.2711507954802279,1.158956731796706,1.1057377566248827,0.0,-113.43873187439307,-223.70481335274883
S43A11T02,variable_length,0.01,43013,0.9666666666666667,1.105650882328299,0.406596789037991,1.1321762149258934,0.20488206690957744,1.1780427931316206,1.1505649234120008,0.0,-120.15378794215343,-234.2353373083858
S43A11T02,variable_length,0.01,43013,1.0,1.1255397241706142,0.3953232368898559,1.1939832623275686,0.13390639823710915,1.192945988849091,1.2014686655124298,0.0,-126.85590846656021,-244.90686819394193
S43A11T02,variable_length,0.01,43014,0.0,0.08568022779987429,0.8882848216530995,0.08568022779987429,0.8882848216530995,0.8924074326310361,0.8924074326315963,0.0,-73.78074449043147,132.36206755110612
S43A11T02,variable_length,0.01,43014,0.03333333333333333,0.09875942383659377,0.8852581668460195,0.09769378996038244,0.8852055766082236,0.8907499344732566,0.8905801420737613,0.0,-81.10968765397612,134.23691917718057
S43A11T02,variable_length,0.01,43014,0.06666666666666667,0.1124730520768148,0.8824665498779583,0.1119910089007293,0.8816765698628259,0.8896051928226256,0.8887606876548275,0.0,-88.43178345820387,134.95910383404942
S43A11T02,variable_length,0.01,43014,0.1,0.12675048866048605,0.8800010131914962,0.128585554550528,0.8775102722485665,0.8890823750326691,0.8868813464843085,0.0,-95.74428331396881,134.56690439418975
S43A11T02,variable_length,0.01,43014,0.13333333333333333,0.1415876536303352,0.8778878744038656,0.1474891359291407,0.8725172247715237,0.8892323564096626,0.8848951083270413,0.0,-103.04443875069153,133.10094304134083
S43A11T02,variable_length,0.01,43014,0.16666666666666666,0.1570649393723084,0.8760698052752978,0.16871149729233786,0.8665062319854397,0.8900380322745344,0.8827777859627117,0.0,-110.32950659077696,130.60400720486894
S43A11T02,variable_length,0.01,43014,0.2,0.1733591533061598,0.8743924300239501,0.19226042277712296,0.859284570832824,0.891412091974423,0.8805305467948222,0.0,-117.59675414304691,127.12083258038389
S43A11T02,variable_length,0.01,43014,0.23333333333333334,0.19074742804499112,0.8725985708983577,0.21814174957279098,0.8506582151947906,0.8932036986262625,0.8781829091858169,0.0,-124.84346439262876,122.69784117788821
S43A11T02,variable_length,0.01,43014,0.26666666666666666,0.20960158939999435,0.8703317463686888,0.2463593895666765,0.8404320762720812,0.8952151557118408,0.8757962226772086,0.0,-132.06694116453315,117.3828331704793
S43A11T02,variable_length,0.01,43014,0.3,0.23037221319379997,0.8671497786052129,0.27691535933201156,0.828410258781622,0.897229120763966,0.8734676142191026,0.0,-139.26451423812242,111.22463230882937
S43A11T02,variable_length,0.01,43014,0.3333333333333333,0.25356249195582636,0.8625484501152269,0.30980981824421655,0.8143963327949144,0.8990460311480323,0.8713343275409958,0.0,-146.43354438982476,104.27268580718646
S43A11T02,variable_length,0.01,43014,0.36666666666666664,0.27969300029615835,0.8559941456969565,0.34504111443222674,0.7981936208668706,0.900529928365587,0.8695783041464401,0.0,-153.5714283417834,96.57662087507225
S43A11T02,variable_length,0.01,43014,0.4,0.30925940859215373,0.8469634222048779,0.38260583819455585,0.7796054999073244,0.9016587050296619,0.8684307473295195,0.0,-160.67560359464656,88.1857614361738
S43A11T02,variable_length,0.01,43014,0.43333333333333335,0.342686058099838,0.8349865691780282,0.42249888243714057,0.7584357170340412,0.9025720498241121,0.8681762738836929,0.0,-167.74355312339875,79.14861000461192
S43A11T02,variable_length,0.01,43014,0.4666666666666667,0.3802789877484871,0.819691560079377,0.4647135096229634,0.7344887184180903,0.9036074159657926,0.8691560984716962,0.0,-174.77280991599443,69.51230113336612
S43A11T02,variable_length,0.01,43014,0.5,0.4221824141039139,0.8008444359309274,0.5092414246632513,0.7075699898932165,0.9053119911611323,0.8717695333008284,0.0,-181.7609613355824,59.32203425799449
S43A11T02,variable_length,0.01,43014,0.5333333333333333,0.46834274873945947,0.7783821758623529,0.556072853127823,0.6774864078544571,0.9084182637953969,0.8764729606863256,0.0,-188.7056532882844,48.620495073726886
S43A11T02,variable_length,0.01,43014,0.5666666666666667,0.5184839528169286,0.7524345235962999,0.605196624108798,0.6440465987226044,0.9137742180802968,0.8837754099090115,0.0,-195.60459417980235,37.44727574566838
S43A11T02,variable_length,0.01,43014,0.6,0.5720973677559793,0.7233320442959859,0.656600257038126,0.6070613050058209,0.9222280870255092,0.8942300182720906,0.0,-202.4555586455647,25.83830520039527
S43A11T02,variable_length,0.01,43014,0.6333333333333333,0.6284481477142699,0.6915988265717319,0.7102700517356892,0.5663437557539825,0.9344816805485774,0.9084210455923758,0.0,-209.25639104066582,13.82530142602269
S43A11T02,variable_length,0.01,43014,0.6666666666666666,0.6865991143601292,0.6579296210525212,0.7661911809513319,0.5217100389817602,0.9509414966749679,0.926946757124133,0.0,-216.00500867748067,1.4352580666194683
S43A11T02,variable_length,0.01,43014,0.7,0.7454513531577982,0.6231526857912043,0.8243477846610223,0.4729794734399347,0.9716053672832318,0.9503993120641728,0.0,-222.6994048005421,-11.310022404789635
S43A11T02,variable_length,0.01,43014,0.7333333333333333,0.8037993020776903,0.5881810331037024,0.8847230653842204,0.4199749769477544,0.9960171914799065,0.9793435983790971,0.0,-229.33765129002037,-24.39433704023415
S43A11T02,variable_length,0.01,43014,0.7666666666666667,0.8603966031378503,0.5539559793499793,0.9472993838058839,0.3625234283688786,1.0233032501408106,1.0142974705067211,0.0,-235.91790108693357,-37.80742119384951
S43A11T02,variable_length,0.01,43014,0.8,0.9140277627594087,0.5213877392343171,1.0120583540117192,0.3004560202255523,1.052279395274298,1.0557158386685728,0.0,-242.4383903350204,-51.54520780432901
S43A11T02,variable_length,0.01,43014,0.8333333333333334,0.9635798615073138,0.49129816403222737,1.078980937678385,0.23360859890528873,1.0816006820836843,1.1039804533400124,0.0,-248.89744023600213,-65.60999882453677
S43A11T02,variable_length,0.01,43014,0.8666666666666667,1.0081083006755396,0.4643705366132766,1.148047536600369,0.1618219894255606,1.1099199706129386,1.1593961801544899,0.0,-255.29345861673863,-80.01054233169128
S43A11T02,variable_length,0.01,43014,0.9,1.0468909497259868,0.4411106116783008,1.2192380829811198,0.08494230178750983,1.1360278308005414,1.2221933961634044,0.0,-261.62494120851744,-94.76201101780651
S43A11T02,variable_length,0.01,43014,0.9333333333333333,1.079466063734802,0.42182190960379756,1.2925321269664907,0.0028212160707253853,1.158956731796706,1.2925352059041324,0.0,-267.890472640396,-109.8858801287335
S43A11T02,variable_length,0.01,43014,0.9666666666666667,1.105650882328299,0.406596789037991,1.3679089209525455,-0.08468375640272507,1.1780427931316206,1.3705276920299836,0.0,-274.08872715012694,-125.40970540767182
S43A11T02,variable_length,0.01,43014,1.0,1.1255397241706142,0.3953232368898559,1.4453475002561036,-0.17770903827772488,1.192945988849091,1.45623140289693,0.0,-280.21846901772466,-141.36680411456695
S43A11T02,variable_length,0.1,43013,0.0,0.08568022779987429,0.8882848216530995,0.08568022779987429,0.8882848216530995,0.8924074326310361,0.8924074326315963,0.0,175.31642858064203,-162.41511963261433
S43A11T02,variable_length,0.1,43013,0.03333333333333333,0.09875942383659377,0.8852581668460195,0.0972652628615049,0.8857358677942133,0.8907499344732566,0.891060356461719,0.0,166.37592482865801,-157.80189707422852
S43A11T02,variable_length,0.1,43013,0.06666666666666667,0.1124730520768148,0.8824665498779583,0.11029740936648987,0.8838084356898056,0.8896051928226256,0.8906642855253714,0.0,157.34693916313748,-153.77745068403888
S43A11T02,variable_length,0.1,43013,0.1,0.12675048866048605,0.8800010131914962,0.12482142052137597,0.882329898108426,0.8890823750326691,0.8911152765596602,0.0,148.23203189537924,-150.33347724864822
S43A11T02,variable_length,0.1,43013,0.13333333333333333,0.1415876536303352,0.8778878744038656,0.14088049189038085,0.881123860795477,0.8892323564096626,0.8923152868013653,0.0,139.0339209004515,-147.45867029178646
S43A11T02,variable_length,0.1,43013,0.16666666666666666,0.1570649393723084,0.8760698052752978,0.1585162252483442,0.8800099465408087,0.8900380322745344,0.8941727459941623,0.0,129.7554803819433,-145.13833580829913
S43A11T02,variable_length,0.1,43013,0.2,0.1733591533061598,0.8743924300239501,0.1777685974509622,0.878803559156818,0.891412091974423,0.8966032399157239,0.0,120.39973904232225,-143.35397401289308
S43A11T02,variable_length,0.1,43013,0.23333333333333334,0.19074742804499112,0.8725985708983577,0.1986759346522267,0.8773156269471425,0.8932036986262625,0.8995303420655657,0.0,110.96987764278033,-142.0828291482301
S43A11T02,variable_length,0.1,43013,0.26666666666666666,0.20960158939999435,0.8703317463686888,0.22127489219064755,0.8753523255374664,0.8952151557118408,0.9028866328276398,0.0,101.46922594003941,-141.29741105662572
S43A11T02,variable_length,0.1,43013,0.3,0.23037221319379997,0.8671497786052129,0.2456004404507385,0.8727147803187233,0.897229120763966,0.9066149481104722,0.0,91.90125899149349,-140.96499434223847
S43A11T02,variable_length,0.1,43013,0.3333333333333333,0.25356249195582636,0.8625484501152269,0.2716858569826989,0.8691987492350868,0.8990460311480323,0.9106699020815735,0.0,82.26959282425832,-141.04710361316063
S43A11T02,variable_length,0.1,43013,0.36666666666666664,0.27969300029615835,0.8559941456969565,0.2995627251293259,0.864594287251797,0.900529928365587,0.9150197308453796,0.0,72.57797946814901,-141.49899656945303
S43A11T02,variable_length,0.1,43013,0.4,0.30925940859215373,0.8469634222048779,0.32926093936286116,0.8586853945790022,0.9016587050296619,0.9196485051661913,0.0,62.830301357267004,-142.26916065774802
S43A11T02,variable_length,0.1,43013,0.43333333333333335,0.342686058099838,0.8349865691780282,0.3608087174735033,0.8512496516252472,0.9025720498241121,0.9245587596242756,0.0,53.03056510970852,-143.29884368836662
S43A11T02,variable_length,0.1,43013,0.4666666666666667,0.3802789877484871,0.819691560079377,0.3942326196734691,0.8420578447247722,0.9036074159657926,0.9297745814325828,0.0,43.18289469985095,-144.52164421448123
S43A11T02,variable_length,0.1,43013,0.5,0.4221824141039139,0.8008444359309274,0.4295575745836253,0.8308735879404808,0.9053119911611323,0.9353451924398044,0.0,33.29152404268028,-145.86319355884984
S43A11T02,variable_length,0.1,43013,0.5333333333333333,0.46834274873945947,0.7783821758623529,0.4668069119519907,0.8174529476988879,0.9084182637953969,0.9413490398086962,0.0,23.360789014626267,-147.24096802085887
S43A11T02,variable_length,0.1,43013,0.5666666666666667,0.5184839528169286,0.7524345235962999,0.5060024018135229,0.8015440786670773,0.9137742180802968,0.9478983809925554,0.0,13.395118940317362,-148.56427678312477
S43A11T02,variable_length,0.1,43013,0.6,0.5720973677559793,0.7233320442959859,0.5471642996380861,0.7828868811273163,0.9222280870255092,0.9551443029410236,0.0,3.3990275794814937,-149.7344780126983
S43A11T02,variable_length,0.1,43013,0.6333333333333333,0.6284481477142699,0.6915988265717319,0.5903113968291029,0.7612126921216004,0.9344816805485774,0.9632820500114913,0.0,-6.622896347154881,-150.64548211176992
S43A11T02,variable_length,0.1,43013,0.6666666666666666,0.6865991143601292,0.6579296210525212,0.6354610757315478,0.7362440247878875,0.9509414966749679,0.9725564471056493,0.0,-16.66599904975056,-151.18460633342954
S43A11T02,variable_length,0.1,43013,0.7,0.7454513531577982,0.6231526857912043,0.682629368089177,0.707694372532562,0.9716053672832318,0.9832670944830227,0.0,-26.725571931746448,-151.23384816487564
S43A11T02,variable_length,0.1,43013,0.7333333333333333,0.8037993020776903,0.5881810331037024,0.7318310156643528,0.6752680968947786,0.9960171914799065,0.9957728848352994,0.0,-36.79686217183672,-150.67164493104937
S43A11T02,variable_length,0.1,43013,0.7666666666666667,0.8603966031378503,0.5539559793499793,0.7830795315097251,0.6386604200440098,1.0233032501408106,1.0104952670850476,0.0,-46.87508357133908,-149.37518276467137
S43A11T02,variable_length,0.1,43013,0.8,0.9140277627594087,0.5213877392343171,0.8363872601728934,0.5975575446674016,1.052279395274298,1.0279195825401193,0.0,-56.955427610036175,-147.223308107555
S43A11T02,variable_length,0.1,43013,0.8333333333333334,0.9635798615073138,0.49129816403222737,0.8917654349400544,0.5516369253720851,1.0816006820836843,1.0485937670941936,0.0,-67.0330746513365,-144.10007794881477
S43A11T02,variable_length,0.1,43013,0.8666666666666667,1.0081083006755396,0.4643705366132766,0.9492242301027883,0.5005677164439669,1.1099199706129386,1.0731237942386511,0.0,-77.10320523594265,-139.8989599340075
S43A11T02,variable_length,0.1,43013,0.9,1.0468909497259868,0.4411106116783008,1.0087728061865098,0.4440114206405982,1.1360278308005414,1.102165466779688,0.0,-87.16101140214491,-134.52765953983535
S43A11T02,variable_length,0.1,43013,0.9333333333333333,1.079466063734802,0.42182190960379756,1.0704193461339948,0.3816227624115645,1.158956731796706,1.136412561251222,0.0,-97.20170797039991,-127.91350857630535
S43A11T02,variable_length,0.1,43013,0.9666666666666667,1.105650882328299,0.406596789037991,1.134171080616761,0.31305080630002274,1.1780427931316206,1.1765818490158202,0.0,-107.22054373001353,-120.00929813146334
S43A11T02,variable_length,0.1,43013,1.0,1.1255397241706142,0.3953232368898559,1.2000343009719667,0.2379403370744675,1.192945988849091,1.2233960632262098,0.0,-117.21281246652818,-110.79938165933471
S43A11T02,variable_length,0.1,43014,0.0,0.08568022779987429,0.8882848216530995,0.08568022779987429,0.8882848216530995,0.8924074326310361,0.8924074326315963,0.0,-13.262061809504155,70.11768319559884
S43A11T02,variable_length,0.1,43014,0.03333333333333333,0.09875942383659377,0.8852581668460195,0.0976703317009249,0.8851364627064602,0.8907499344732566,0.8905088721108136,0.0,-24.105168766791117,76.07930755261866
S43A11T02,variable_length,0.1,43014,0.06666666666666667,0.1124730520768148,0.8824665498779583,0.11190068991095692,0.8813667410215115,0.8896051928226256,0.8884419489096788,0.0,-34.94461311591855,81.08546416384257
S43A11T02,variable_length,0.1,43014,0.1,0.12675048866048605,0.8800010131914962,0.12839147364370954,0.876734593836014,0.8890823750326691,0.8860857286595941,0.0,-45.773754512031154,85.1896177656765
S43A11T02,variable_length,0.1,43014,0.13333333333333333,0.1415876536303352,0.8778878744038656,0.1471625510143329,0.8709922746388419,0.8892323564096626,0.8833370584904665,0.0,-56.58594508606196,88.44900811789762
S43A11T02,variable_length,0.1,43014,0.16666666666666666,0.1570649393723084,0.8760698052752978,0.16823349637700422,0.8638854139240967,0.8900380322745344,0.8801139231344084,0.0,-67.37455075159814,90.92440609750311
S43A11T02,variable_length,0.1,43014,0.2,0.1733591533061598,0.8743924300239501,0.19162359700187842,0.8551531237243553,0.891412091974423,0.8763597822495397,0.0,-78.13297256045175,92.67976655349354
S43A11T02,variable_length,0.1,43014,0.23333333333333334,0.19074742804499112,0.8725985708983577,0.21735185635557402,0.8445281511438577,0.8932036986262625,0.8720490969760113,0.0,-88.85466794684056,93.78176644074027
S43A11T02,variable_length,0.1,43014,0.26666666666666666,0.20960158939999435,0.8703317463686888,0.24543699323699653,0.8317370862249166,0.8952151557118408,0.8671942678847294,0.0,-99.53317170023324,94.29921775178691
S43A11T02,variable_length,0.1,43014,0.3,0.23037221319379997,0.8671497786052129,0.27589743602359385,0.8165006294919896,0.897229120763966,0.8618542064445751,0.0,-110.16211650919908,94.30234643350423
S43A11T02,variable_length,0.1,43014,0.3333333333333333,0.25356249195582636,0.8625484501152269,0.3087513113048608,0.7985339244028308,0.8990460311480323,0.8561447311381744,0.0,-120.73525292300106,93.86193092810761
S43A11T02,variable_length,0.1,43014,0.36666666666666664,0.27969300029615835,0.8559941456969565,0.34401642622281764,0.7775469596686579,0.900529928365587,0.8502508900331084,0.0,-131.24646858411842,93.04829732004555
S43A11T02,variable_length,0.1,43014,0.4,0.30925940859215373,0.8469634222048779,0.38171024390591357,0.7532450459588056,0.9016587050296619,0.8444411226161331,0.0,-141.68980659327124,91.93017238016367
S43A11T02,variable_length,0.1,43014,0.43333333333333335,0.342686058099838,0.8349865691780282,0.42184985147567733,0.7253293708544079,0.9025720498241121,0.839082828697562,0.0,-152.0594828786919,90.5734011112809
S43A11T02,variable_length,0.1,43014,0.4666666666666667,0.3802789877484871,0.819691560079377,0.4644519202262996,0.6934976350379718,0.9036074159657926,0.8346583468738313,0.0,-162.34990245316516,89.03954168681301
S43A11T02,variable_length,0.1,43014,0.5,0.4221824141039139,0.8008444359309274,0.5095326577272282,0.657444771584131,0.9053119911611323,0.8317795122355941,0.0,-172.55567445551478,87.38435782531397
S43A11T02,variable_length,0.1,43014,0.5333333333333333,0.46834274873945947,0.7783821758623529,0.5571077517778585,0.616863748842259,0.9084182637953969,0.8311978896314076,0.0,-182.67162588751194,85.65623644651214
S43A11T02,variable_length,0.1,43014,0.5666666666666667,0.5184839528169286,0.7524345235962999,0.6071923063501661,0.5714464557753296,0.9137742180802968,0.8338066614689641,0.0,-192.69281397234732,83.89456658192063
S43A11T02,variable_length,0.1,43014,0.6,0.5720973677559793,0.7233320442959859,0.6598007698868018,0.5208846667561152,0.9222280870255092,0.8406294617760227,0.0,-202.61453707657896,82.12812351976427
S43A11T02,variable_length,0.1,43014,0.6333333333333333,0.6284481477142699,0.6915988265717319,0.7149468565739541,0.4648710807517781,0.9344816805485774,0.8527919614098765,0.0,-212.4323441535448,80.37350949314995
S43A11T02,variable_length,0.1,43014,0.6666666666666666,0.6865991143601292,0.6579296210525212,0.7726434614734912,0.40310042759872305,0.9509414966749679,0.8714745396676896,0.0,-222.14204268235224,78.63370822834278
S43A11T02,variable_length,0.1,43014,0.7,0.7454513531577982,0.6231526857912043,0.8329025706687292,0.33527063174683985,0.9716053672832318,0.8978491458700077,0.0,-231.73970509243793,76.8968146672309
S43A11T02,variable_length,0.1,43014,0.7333333333333333,0.8037993020776903,0.5881810331037024,0.8957351678420329,0.26108402151893306,0.9960171914799065,0.9330093017770474,0.0,-241.22167367909142,75.13500248843874
S43A11T02,variable_length,0.1,43014,0.7666666666666667,0.8603966031378503,0.5539559793499793,0.9611511389481286,0.1802485696852406,1.0233032501408106,0.9779064672942193,0.0,-250.58456403001134,73.3037900854967
S43A11T02,variable_length,0.1,43014,0.8,0.9140277627594087,0.5213877392343171,1.0291591768613428,0.09247914910358035,1.052279395274298,1.033305861948842,0.0,-259.8252669967148,71.34165999589203
S43A11T02,variable_length,0.1,43014,0.8333333333333334,0.9635798615073138,0.49129816403222737,1.099766688044488,-0.002501214562823595,1.0816006820836843,1.0997695323146717,0.0,-268.9409492572643,69.17007723598567
S43A11T02,variable_length,0.1,43014,0.8666666666666667,1.0081083006755396,0.4643705366132766,1.1729797033990481,-0.10496011235305935,1.1099199706129386,1.1776663405957928,0.0,-277.92905252817707,66.69393871959323
S43A11T02,variable_length,0.1,43014,0.9,1.0468909497259868,0.4411106116783008,1.2488027954994838,-0.21515456383506493,1.1360278308005414,1.2672016052654695,0.0,-286.7872914934189,63.80246940870717
S43A11T02,variable_length,0.1,43014,0.9333333333333333,1.079466063734802,0.42182190960379756,1.3272390043805509,-0.33332989152604975,1.158956731796706,1.3684561342384505,0.0,-295.5136505269883,60.37056190164037
S43A11T02,variable_length,0.1,43014,0.9666666666666667,1.105650882328299,0.406596789037991,1.4082897739306781,-0.45971867769935915,1.1780427931316206,1.4814254453006968,0.0,-304.10637929272286,56.26053595480016
S43A11T02,variable_length,0.1,43014,1.0,1.1255397241706142,0.3953232368898559,1.4919549007463875,-0.5945398222012914,1.192945988849091,1.606053245084143,0.0,-312.56398731059653,51.324274330241565
S43A11T02,variable_length,1.0,43013,0.0,0.08568022779987429,0.8882848216530995,0.08568022779987429,0.8882848216530995,0.8924074326310361,0.8924074326315963,0.0,135.5759502370229,-138.77382349658313
S43A11T02,variable_length,1.0,43013,0.03333333333333333,0.09875942383659377,0.8852581668460195,0.09713339306140742,0.8861032014070536,0.8907499344732566,0.8914111170455814,0.0,128.5688997689589,-135.37845954106868
S43A11T02,variable_length,1.0,43013,0.06666666666666667,0.1124730520768148,0.8824665498779583,0.10978006954119036,0.8852336212735185,0.8896051928226256,0.8920147016179137,0.0,121.49151770025271,-132.27617419646006
S43A11T02,variable_length,1.0,43013,0.1,0.12675048866048605,0.8800010131914962,0.123681342028189,0.8854350280923065,0.8890823750326691,0.8940314666384609,0.0,114.34613693951684,-129.45219635873752
S43A11T02,variable_length,1.0,43013,0.13333333333333333,0.1415876536303352,0.8778878744038656,0.13889825679382528,0.8864597283496382,0.8892323564096626,0.8972756408858304,0.0,107.13523642954154,-126.88942521939781
S43A11T02,variable_length,1.0,43013,0.16666666666666666,0.1570649393723084,0.8760698052752978,0.15549180930881815,0.8880532772741196,0.8900380322745344,0.9015632679077127,0.0,99.86143919284537,-124.56831572175265
S43A11T02,variable_length,1.0,43013,0.2,0.1733591533061598,0.8743924300239501,0.1735229314985463,0.8899543810747129,0.891412091974423,0.9067132998643642,0.0,92.52750969552368,-122.4667826201968
S43A11T02,variable_length,1.0,43013,0.23333333333333334,0.19074742804499112,0.8725985708983577,0.19305247829844832,0.891894814734324,0.8932036986262625,0.9125489685097161,0.0,85.13635051658163,-120.56012872250975
S43A11T02,variable_length,1.0,43013,0.26666666666666666,0.20960158939999435,0.8703317463686888,0.21414121324105614,0.8935993579587485,0.8952151557118408,0.918899489472945,0.0,77.69099831534426,-118.82100339725004
S43A11T02,variable_length,1.0,43013,0.3,0.23037221319379997,0.8671497786052129,0.23684979277623638,0.8947857520603005,0.897229120763966,0.9256021642310824,0.0,70.19461909532166,-117.21939787184482
S43A11T02,variable_length,1.0,43013,0.3333333333333333,0.25356249195582636,0.8625484501152269,0.26123874899675725,0.8951646807239954,0.8990460311480323,0.9325049541927823,0.0,62.650502769003,-115.7226842055222
S43A11T02,variable_length,1.0,43013,0.36666666666666664,0.27969300029615835,0.8559941456969565,0.28736847041320956,0.8944397777565584,0.900529928365587,0.9394696130380318,0.0,55.062057034397334,-114.29570506521591
S43A11T02,variable_length,1.0,43013,0.4,0.30925940859215373,0.8469634222048779,0.3152991803965067,0.8923076650490407,0.9016587050296619,0.9463754763649467,0.0,47.43280058063917,-112.90092152989507
S43A11T02,variable_length,1.0,43013,0.43333333333333335,0.342686058099838,0.8349865691780282,0.3450909128837156,0.8884580240860958,0.9025720498241121,0.9531240206389122,0.0,39.76635564655268,-111.49862606567648
S43A11T02,variable_length,1.0,43013,0.4666666666666667,0.3802789877484871,0.819691560079377,0.376803484924989,0.8825737044021783,0.9036074159657926,0.9596443142929572,0.0,32.06643996262031,-110.04722751622381
S43A11T02,variable_length,1.0,43013,0.5,0.4221824141039139,0.8008444359309274,0.41049646563713493,0.8743308724097845,0.9053119911611323,0.9658994889482209,0.0,24.336858113232594,-108.5036144068627
S43A11T02,variable_length,1.0,43013,0.5333333333333333,0.46834274873945947,0.7783821758623529,0.446229141124203,0.8633992039998286,0.9084182637953969,0.9718943522096326,0.0,16.58149236230404,-106.8236020357212
S43A11T02,variable_length,1.0,43013,0.5666666666666667,0.5184839528169286,0.7524345235962999,0.48406047492877613,0.8494421242316826,0.9137742180802968,0.9776842362483429,0.0,8.804292991223493,-104.96246769493658
S43A11T02,variable_length,1.0,43013,0.6,0.5720973677559793,0.7233320442959859,0.5240490635908034,0.8321170972827898,0.9222280870255092,0.9833851151210973,0.0,1.0092682035684033,-102.87557691050661
S43A11T02,variable_length,1.0,43013,0.6333333333333333,0.6284481477142699,0.6915988265717319,0.5662530869151521,0.8110759696079621,0.9344816805485774,0.9891849103769399,0.0,-6.799526344045057,-100.51910180120285
S43A11T02,variable_length,1.0,43013,0.6666666666666666,0.6865991143601292,0.6579296210525212,0.6107302525858409,0.7859653689600403,0.9509414966749679,0.9953557166305207,0.0,-14.617998321266391,-97.85083053778271
S43A11T02,variable_length,1.0,43013,0.7,0.7454513531577982,0.6231526857912043,0.6575377348152167,0.756427161541175,0.9716053672832318,1.0022663934424645,0.0,-22.442029746106677,-94.8310644508002
S43A11T02,variable_length,1.0,43013,0.7333333333333333,0.8037993020776903,0.5881810331037024,0.7067321067810379,0.7220989690835434,0.9960171914799065,1.0103945723862933,0.0,-30.26748817955985,-91.42359662279267
S43A11T02,variable_length,1.0,43013,0.7666666666666667,0.8603966031378503,0.5539559793499793,0.7583692666840596,0.6826147470977133,1.0233032501408106,1.0203366295528127,0.0,-38.09023802038689,-87.59676286118105
S43A11T02,variable_length,1.0,43013,0.8,0.9140277627594087,0.5213877392343171,0.8125043573534727,0.6376054248760366,1.052279395274298,1.032813636892315,0.0,-45.906151826447974,-83.32455285419684
S43A11T02,variable_length,1.0,43013,0.8333333333333334,0.9635798615073138,0.49129816403222737,0.8691916794371675,0.586699607099969,1.0816006820836843,1.0486708752392533,0.0,-53.711121588586515,-78.5877661553769
S43A11T02,variable_length,1.0,43013,0.8666666666666667,1.0081083006755396,0.4643705366132766,0.928484598337453,0.5295243360794519,1.1099199706129386,1.0688684071723917,0.0,-61.501069883565386,-73.37519453303321
S43A11T02,variable_length,1.0,43013,0.9,1.0468909497259868,0.4411106116783008,0.9904354451892752,0.4657059127579675,1.1360278308005414,1.0944607659783925,0.0,-69.2719608339216,-67.68480928589399
S43A11T02,variable_length,1.0,43013,0.9333333333333333,1.079466063734802,0.42182190960379756,1.055095412325108,0.394870773660463,1.158956731796706,1.126565247556351,0.0,-77.01981080481926,-61.52492950309079
S43A11T02,variable_length,1.0,43013,0.9666666666666667,1.105650882328299,0.406596789037991,1.1225144438260177,0.31664641995817605,1.1780427931316206,1.1663205527947125,0.0,-84.74069877099708,-54.91534508062011
S43A11T02,variable_length,1.0,43013,1.0,1.1255397241706142,0.3953232368898559,1.1927411219186879,0.2306623937929949,1.192945988849091,1.2148401227433858,0.0,-92.43077629067764,-47.88836674177932
S43A11T02,variable_length,1.0,43014,0.0,0.08568022779987429,0.8882848216530995,0.08568022779987429,0.8882848216530995,0.8924074326310361,0.8924074326315963,0.0,-4.941228327070923,33.11449288602287
S43A11T02,variable_length,1.0,43014,0.03333333333333333,0.09875942383659377,0.8852581668460195,0.09741910616130482,0.885521225125915,0.8907499344732566,0.8908638068721667,0.0,-11.341757623750988,38.95102986687459
S43A11T02,variable_length,1.0,43014,0.06666666666666667,0.1124730520768148,0.8824665498779583,0.11095301394176595,0.8828363529803945,0.8896051928226256,0.8897812076277434,0.0,-17.737141182165757,44.2521487017339
S43A11T02,variable_length,1.0,43014,0.1,0.12675048866048605,0.8800010131914962,0.1263884345905781,0.8798811783013692,0.8890823750326691,0.8889122140730561,0.0,-24.124227325864492,49.03623363616961
S43A11T02,variable_length,1.0,43014,0.13333333333333333,0.1415876536303352,0.8778878744038656,0.14383199865229362,0.8762948551630605,0.8892323564096626,0.8880204485385247,0.0,-30.499875816839317,53.32669820236812
S43A11T02,variable_length,1.0,43014,0.16666666666666666,0.1570649393723084,0.8760698052752978,0.1633902586729109,0.8717047377780954,0.8900380322745344,0.8868852950043646,0.0,-36.86096619501121,57.152036371354676
S43A11T02,variable_length,1.0,43014,0.2,0.1733591533061598,0.8743924300239501,0.18516945129276063,0.865726491878774,0.891412091974423,0.8853079037452399,0.0,-43.20440601580476,60.54570317140081
S43A11T02,variable_length,1.0,43014,0.23333333333333334,0.19074742804499112,0.8725985708983577,0.20927524655355514,0.8579643174417982,0.8932036986262625,0.8831188475083193,0.0,-49.52713893488704,63.545767891032035
S43A11T02,variable_length,1.0,43014,0.26666666666666666,0.20960158939999435,0.8703317463686888,0.23581248459524784,0.8480113035084621,0.8952151557118408,0.880187876972925,0.0,-55.8261525907246,66.1942769663249
S43A11T02,variable_length,1.0,43014,0.3,0.23037221319379997,0.8671497786052129,0.2648849001147351,0.8354499370707584,0.897229120763966,0.8764363112407697,0.0,-62.09848623772273,68.53626044134916
S43A11T02,variable_length,1.0,43014,0.3333333333333333,0.25356249195582636,0.8625484501152269,0.29659483521058033,0.819852788588633,0.8990460311480323,0.8718526774812067,0.0,-68.34123808531828,70.61831697909759
S43A11T02,variable_length,1.0,43014,0.36666666666666664,0.27969300029615835,0.8559941456969565,0.3310429415524401,0.8007833964470326,0.900529928365587,0.8665122487177763,0.0,-74.55157230146096,72.48671944924877
S43A11T02,variable_length,1.0,43014,0.4,0.30925940859215373,0.8469634222048779,0.3683278731953973,0.7777973713095916,0.9016587050296619,0.860601053328286,0.0,-80.72672564238506,74.1849978070057
S43A11T02,variable_length,1.0,43014,0.43333333333333335,0.342686058099838,0.8349865691780282,0.4085459718095139,0.750443738635368,0.9025720498241121,0.8544446242676049,0.0,-86.86401367439484,75.75097976308464
S43A11T02,variable_length,1.0,43014,0.4666666666666667,0.3802789877484871,0.819691560079377,0.4517909466105824,0.7182665333765185,0.9036074159657926,0.8485410257665845,0.0,-92.9608365574967,77.21330354733415
S43A11T02,variable_length,1.0,43014,0.5,0.4221824141039139,0.8008444359309274,0.49815355185016175,0.6808066549029892,0.9053119911611323,0.8435962675250107,0.0,-99.01468436504932,78.58746087972246
S43A11T02,variable_length,1.0,43014,0.5333333333333333,0.46834274873945947,0.7783821758623529,0.547721265334778,0.6376039824299925,0.9084182637953969,0.8405578046223332,0.0,-105.0231419181039,79.87148074347621
S43A11T02,variable_length,1.0,43014,0.5666666666666667,0.5184839528169286,0.7524345235962999,0.6005779720701298,0.5881997417081112,0.9137742180802968,0.8406383507087684,0.0,-110.98389311770448,81.04142268860868
S43A11T02,variable_length,1.0,43014,0.6,0.5720973677559793,0.7233320442959859,0.6568036577313553,0.5321391026908773,0.9222280870255092,0.84531832431513,0.0,-116.89472476304469,82.04690729929844
S43A11T02,variable_length,1.0,43014,0.6333333333333333,0.6284481477142699,0.6915988265717319,0.71647411720109,0.4689739757276313,0.9344816805485774,0.8563128812121549,0.0,-122.7535298479742,82.80696448529805
S43A11T02,variable_length,1.0,43014,0.6666666666666666,0.6865991143601292,0.6579296210525212,0.7796606838421433,0.3982659611480399,0.9509414966749679,0.875492180284536,0.0,-128.558310332851,83.20651946072084
S43A11T02,variable_length,1.0,43014,0.7,0.7454513531577982,0.6231526857912043,0.8464299854262658,0.3195893947039009,0.9716053672832318,0.9047547189359745,0.0,-134.3071793930886,83.09385331997035
S43A11T02,variable_length,1.0,43014,0.7333333333333333,0.8037993020776903,0.5881810331037024,0.9168437326707166,0.23253442015340298,0.9960171914799065,0.9458724473704961,0.0,-139.99836314990395,82.27936258672318
S43A11T02,variable_length,1.0,43014,0.7666666666666667,0.8603966031378503,0.5539559793499793,0.9909585460933683,0.1367100113236701,1.0233032501408106,1.0003441744082886,0.0,-145.63020189267772,80.53589501345672
S43A11T02,variable_length,1.0,43014,0.8,0.9140277627594087,0.5213877392343171,1.068825826352171,0.03174686025018725,1.052279395274298,1.0692972038746507,0.0,-151.2011508059676,77.60085618224696
S43A11T02,variable_length,1.0,43014,0.8333333333333334,0.9635798615073138,0.49129816403222737,1.1504916723739134,-0.08269995370021965,1.0816006820836843,1.1534601729339173,0.0,-156.70978021752134,73.18016703345197
S43A11T02,variable_length,1.0,43014,0.8666666666666667,1.0081083006755396,0.4643705366132766,1.2359968504144265,-0.20694859589694392,1.1099199706129386,1.2532022724121987,0.0,-162.15477538660684,66.95401556391516
S43A11T02,variable_length,1.0,43014,0.9,1.0468909497259868,0.4411106116783008,1.3253768157707975,-0.3412884841504329,1.1360278308005414,1.368612996137856,0.0,-167.53493585458244,58.58420043280324
S43A11T02,variable_length,1.0,43014,0.9333333333333333,1.079466063734802,0.42182190960379756,1.4186617872570946,-0.48597873420071724,1.158956731796706,1.499592143457622,0.0,-172.84917438187142,47.7227267976167
S43A11T02,variable_length,1.0,43014,0.9666666666666667,1.105650882328299,0.406596789037991,1.5158768728538508,-0.641247088940369,1.1780427931316206,1.645928468290365,0.0,-178.0965154973642,34.02120239787237
S43A11T02,variable_length,1.0,43014,1.0,1.1255397241706142,0.3953232368898559,1.6170422432586844,-0.8072893583009562,1.192945988849091,1.8073576636930633,0.0,-183.2760936877606,17.140509178092742
S43A11T02,variable_length,10.0,43013,0.0,0.08568022779987429,0.8882848216530995,0.08568022779987429,0.8882848216530995,0.8924074326310361,0.8924074326315963,0.0,39.44226254325856,-91.06840976464244
S43A11T02,variable_length,10.0,43013,0.03333333333333333,0.09875942383659377,0.8852581668460195,0.09669535024791819,0.8867621663412751,0.8907499344732566,0.8920185706670231,0.0,38.14638824595888,-90.28149608407534
S43A11T02,variable_length,10.0,43013,0.06666666666666667,0.1124730520768148,0.8824665498779583,0.10806937746919795,0.887791786024181,0.8896051928226256,0.8943451490781315,0.0,36.84435365051518,-89.13008502295276
S43A11T02,variable_length,10.0,43013,0.1,0.12675048866048605,0.8800010131914962,0.1199267576645722,0.8910103061441463,0.8890823750326691,0.8990449337269091,0.0,35.53629766139743,-87.62301779821901
S43A11T02,variable_length,10.0,43013,0.13333333333333333,0.1415876536303352,0.8778878744038656,0.13239324281350734,0.8960399964815369,0.8892323564096626,0.9057679868698766,0.0,34.222361523627676,-85.76849107921406
S43A11T02,variable_length,10.0,43013,0.16666666666666666,0.1570649393723084,0.8760698052752978,0.14559562779536636,0.9024886825675728,0.8900380322745344,0.9141574858834116,0.0,32.90268875995189,-83.573994908576
S43A11T02,variable_length,10.0,43013,0.2,0.1733591533061598,0.8743924300239501,0.1596614672029693,0.9099497177370197,0.891412091974423,0.9238507849864537,0.0,31.577425106077836,-81.0462350128466
S43A11T02,variable_length,10.0,43013,0.23333333333333334,0.19074742804499112,0.8725985708983577,0.174718770719963,0.9180020255076221,0.8932036986262625,0.9344808011291574,0.0,30.246718444044944,-78.19104554622966
S43A11T02,variable_length,10.0,43013,0.26666666666666666,0.20960158939999435,0.8703317463686888,0.19089567834769863,0.9262102230677917,0.8952151557118408,0.9456778189891716,0.0,28.910718733793942,-75.01330309877004
S43A11T02,variable_length,10.0,43013,0.3,0.23037221319379997,0.8671497786052129,0.20832011719727153,0.9341248377735375,0.897229120763966,0.9570718279081893,0.0,27.569577943007243,-71.5168586411345
S43A11T02,variable_length,10.0,43013,0.3333333333333333,0.25356249195582636,0.8625484501152269,0.22711944199763978,0.9412826296523054,0.8990460311480323,0.9682955281418366,0.0,26.223449975291974,-67.7045108006889
S43A11T02,variable_length,10.0,43013,0.36666666666666664,0.27969300029615835,0.8559941456969565,0.2474200618994881,0.9472070339199568,0.900529928365587,0.9789881777318807,0.0,24.87249059678144,-63.57805112815412
S43A11T02,variable_length,10.0,43013,0.4,0.30925940859215373,0.8469634222048779,0.26934705656395974,0.9514087383527883,0.9016587050296619,0.988800497721716,0.0,23.516857361231036,-59.13841928455345
S43A11T02,variable_length,10.0,43013,0.43333333333333335,0.342686058099838,0.8349865691780282,0.2930237849022783,0.9533864109146258,0.9025720498241121,0.9974009158989822,0.0,22.156709533687888,-54.386012606447935
S43A11T02,variable_length,10.0,43013,0.4666666666666667,0.3802789877484871,0.819691560079377,0.31857149016342867,0.9526275931964393,0.9036074159657926,1.004483511893146,0.0,20.792208012813806,-49.32119934058608
S43A11T02,variable_length,10.0,43013,0.5,0.4221824141039139,0.8008444359309274,0.3461089053399236,0.9486097748443576,0.9053119911611323,1.0097781336941611,0.0,19.42351525194435,-43.94508685604207
S43A11T02,variable_length,10.0,43013,0.5333333333333333,0.46834274873945947,0.7783821758623529,0.3757518630649859,0.940801663084595,0.9084182637953969,1.0130632911425366,0.0,18.05079517896668,-38.26059412823638
S43A11T02,variable_length,10.0,43013,0.5666666666666667,0.5184839528169286,0.7524345235962999,0.40761291429882085,0.9286646595544814,0.9137742180802968,1.014182595891696,0.0,16.674213115100738,-32.27387055372958
S43A11T02,variable_length,10.0,43013,0.6,0.5720973677559793,0.7233320442959859,0.4418009601399906,0.9116545537847658,0.9222280870255092,1.0130657006424204,0.0,15.293935692670146,-25.996089687290805
S43A11T02,variable_length,10.0,43013,0.6333333333333333,0.6284481477142699,0.6915988265717319,0.47842090104596824,0.8892234387455864,0.9344816805485774,1.0097548626142694,0.0,13.910130771948639,-19.445626155524472
S43A11T02,variable_length,10.0,43013,0.6666666666666666,0.6865991143601292,0.6579296210525212,0.5175733076035087,0.8608218488089653,0.9509414966749679,1.0044383426231405,0.0,12.522967357170339,-12.65059673527555
S43A11T02,variable_length,10.0,43013,0.7,0.7454513531577982,0.6231526857912043,0.5593541167564196,0.825901114300567,0.9716053672832318,0.9974916934673053,0.0,11.132615511791544,-5.651713105527692
S43A11T02,variable_length,10.0,43013,0.7333333333333333,0.8037993020776903,0.5881810331037024,0.60385435708062,0.7839159195997344,0.9960171914799065,0.9895272879350756,0.0,9.739246273093164,1.4946442727428408
S43A11T02,variable_length,10.0,43013,0.7666666666666667,0.8603966031378503,0.5539559793499793,0.6511599063017908,0.7343270436805939,1.0233032501408106,0.9814506766295685,0.0,8.343031566212922,8.713261699336606
S43A11T02,variable_length,10.0,43013,0.8,0.9140277627594087,0.5213877392343171,0.7013512837896577,0.6766042533504945,1.052279395274298,0.9745188243058115,0.0,6.944144117696818,15.907006160847207
S43A11T02,variable_length,10.0,43013,0.8333333333333334,0.9635798615073138,0.49129816403222737,0.754503480247108,0.6102293106170252,1.0816006820836843,0.9703892586184824,0.0,5.542757368659351,22.954019165418174
S43A11T02,variable_length,10.0,43013,0.8666666666666667,1.0081083006755396,0.4643705366132766,0.8106858262553726,0.5346990470706335,1.1099199706129386,0.9711408650811681,0.0,4.139045387642281,29.7054141572055
S43A11T02,variable_length,10.0,43013,0.9,1.0468909497259868,0.4411106116783008,0.8699619007526274,0.4495284504395406,1.1360278308005414,0.9792392641825075,0.0,2.7331827832613778,35.98370853429186
S43A11T02,variable_length,10.0,43013,0.9333333333333333,1.079466063734802,0.42182190960379756,0.9323894799269248,0.354253702119262,1.158956731796706,0.997419584600485,0.0,1.3253446167304115,41.58221029991031
S43A11T02,variable_length,10.0,43013,0.9666666666666667,1.105650882328299,0.406596789037991,0.9980205264094616,0.2484351000472952,1.1780427931316206,1.028477014848231,0.0,-0.08429368564921026,46.26554793222899
S43A11T02,variable_length,10.0,43013,1.0,1.1255397241706142,0.3953232368898559,1.0669012180741122,0.13165979926606775,1.192945988849091,1.0749941915525896,0.0,-1.4955564199442497,49.77148004779315
S43A11T02,variable_length,10.0,43014,0.0,0.08568022779987429,0.8882848216530995,0.08568022779987429,0.8882848216530995,0.8924074326310361,0.8924074326315963,0.0,-29.835043542031297,16.802132137491565
S43A11T02,variable_length,10.0,43014,0.03333333333333333,0.09875942383659377,0.8852581668460195,0.09701026574401253,0.885792990954225,0.8907499344732566,0.891089341471637,0.0,-32.584823127585665,19.614344494668494
S43A11T02,variable_length,10.0,43014,0.06666666666666667,0.1124730520768148,0.8824665498779583,0.1093171404902134,0.8838446234465707,0.8896051928226256,0.8905793370617618,0.0,-35.33185371899706,22.351847011087372
S43A11T02,variable_length,10.0,43014,0.1,0.12675048866048605,0.8800010131914962,0.12270437679374166,0.8819736058795907,0.8890823750326691,0.8904683068776722,0.0,-38.0754542799808,24.985535506175722
S43A11T02,variable_length,10.0,43014,0.13333333333333333,0.1415876536303352,0.8778878744038656,0.1372722909314301,0.8797046563406259,0.8892323564096626,0.8903504727049578,0.0,-40.81494543048166,27.485724812494226
S43A11T02,variable_length,10.0,43014,0.16666666666666666,0.1570649393723084,0.8760698052752978,0.153117221956298,0.8765548381479836,0.8900380322745344,0.8898276619330577,0.0,-43.54965030041214,29.822847830799574
S43A11T02,variable_length,10.0,43014,0.2,0.1733591533061598,0.8743924300239501,0.1703307598307513,0.872035161478649,0.891412091974423,0.888514429033437,0.0,-46.27889537945293,31.968408434696215
S43A11T02,variable_length,10.0,43014,0.23333333333333334,0.19074742804499112,0.8725985708983577,0.18899898486721725,0.8656522566771868,0.8932036986262625,0.8860442685171801,0.0,-49.00201136048774,33.89617357312697
S43A11T02,variable_length,10.0,43014,0.26666666666666666,0.20960158939999435,0.8703317463686888,0.2092017351235495,0.8569101039771805,0.8952151557118408,0.882077259812249,0.0,-51.7183339742656,35.58355609704464
S43A11T02,variable_length,10.0,43014,0.3,0.23037221319379997,0.8671497786052129,0.23101192049999997,0.8453118063658001,0.897229120763966,0.8763096241600398,0.0,-54.42720481291393,37.01309798324482
S43A11T02,variable_length,10.0,43014,0.3333333333333333,0.25356249195582636,0.8625484501152269,0.2544949041187279,0.8303613954587755,0.8990460311480323,0.8684858682164296,0.0,-57.12797213997102,38.17391622280677
S43A11T02,variable_length,10.0,43014,0.36666666666666664,0.27969300029615835,0.8559941456969565,0.27970797295594324,0.8115656642925694,0.900529928365587,0.8584144556068252,0.0,-59.81999168466042,39.0629251844194
S43A11T02,variable_length,10.0,43014,0.4,0.30925940859215373,0.8469634222048779,0.3066999204304126,0.7884360254768916,0.9016587050296619,0.8459883022021162,0.0,-62.50262741819895,39.68560642144666
S43A11T02,variable_length,10.0,43014,0.43333333333333335,0.342686058099838,0.8349865691780282,0.3355107634973058,0.7604903976126935,0.9025720498241121,0.831211836588398,0.0,-65.1752523100063,40.05606828373632
S43A11T02,variable_length,10.0,43014,0.4666666666666667,0.3802789877484871,0.819691560079377,0.3661716155133069,0.727255126564056,0.9036074159657926,0.8142368642614544,0.0,-67.83724906177483,40.19613316855484
S43A11T02,variable_length,10.0,43014,0.5,0.4221824141039139,0.8008444359309274,0.39870473350442764,0.6882669503007564,0.9053119911611323,0.7954098688073593,0.0,-70.4880108174554,40.13321955789644
S43A11T02,variable_length,10.0,43014,0.5333333333333333,0.46834274873945947,0.7783821758623529,0.4331237543080382,0.6430750158444792,0.9084182637953969,0.7753332590249609,0.0,-73.12694184732395,39.89685690288026
S43A11T02,variable_length,10.0,43014,0.5666666666666667,0.5184839528169286,0.7524345235962999,0.46943412828956843,0.5912429537315539,0.9137742180802968,0.7549414753086489,0.0,-75.75345820440913,39.51378737134138
S43A11T02,variable_length,10.0,43014,0.6,0.5720973677559793,0.7233320442959859,0.5076337519965792,0.5323510089841821,0.9222280870255092,0.7355879437114241,0.0,-78.36698835168674,39.001766235028626
S43A11T02,variable_length,10.0,43014,0.6333333333333333,0.6284481477142699,0.6915988265717319,0.5477137924210207,0.4659982178747788,0.9344816805485774,0.7191277615776537,0.0,-80.96697375857511,38.362360504955205
S43A11T02,variable_length,10.0,43014,0.6666666666666666,0.6865991143601292,0.6579296210525212,0.5896596859003991,0.39180460725734456,0.9509414966749679,0.7079614364110797,0.0,-83.55286946540397,37.57324251672955
S43A11T02,variable_length,10.0,43014,0.7,0.7454513531577982,0.6231526857912043,0.6334522847024344,0.3094133789123231,0.9716053672832318,0.7049811600643487,0.0,-86.12414461466992,36.58065293300925
S43A11T02,variable_length,10.0,43014,0.7333333333333333,0.8037993020776903,0.5881810331037024,0.679069114776537,0.21849302665658732,0.9960171914799065,0.7133540953425204,0.0,-88.68028294803709,35.29283323970755
S43A11T02,variable_length,10.0,43014,0.7666666666666667,0.8603966031378503,0.5539559793499793,0.7264856998963414,0.11873932069234316,1.0233032501408106,0.7361253279390378,0.0,-91.22078326818817,33.5752698134057
S43A11T02,variable_length,10.0,43014,0.8,0.9140277627594087,0.5213877392343171,0.7756769013493499,0.00987708371741236,1.052279395274298,0.7757397837359444,0.0,-93.74515986478347,31.248526797265455
S43A11T02,variable_length,10.0,43014,0.8333333333333334,0.9635798615073138,0.49129816403222737,0.8266182192352214,-0.10833832153971534,1.0816006820836843,0.8336875147719626,0.0,-96.25294290393296,28.089264932372345
S43A11T02,variable_length,10.0,43014,0.8666666666666667,1.0081083006755396,0.4643705366132766,0.8792870018679975,-0.2361198721278257,1.1099199706129386,0.9104384798923387,0.0,-98.74367878073981,23.834759111297913
S43A11T02,variable_length,10.0,43014,0.9,1.0468909497259868,0.4411106116783008,0.9336635139614209,-0.37364820214112293,1.1360278308005414,1.0056542826772439,0.0,-101.21693043462042,18.190869931669823
S43A11T02,variable_length,10.0,43014,0.9333333333333333,1.079466063734802,0.42182190960379756,0.9897318220353459,-0.5210714120237862,1.158956731796706,1.118518884945117,0.0,-103.67227762725618,10.843041606306954
S43A11T02,variable_length,10.0,43014,0.9666666666666667,1.105650882328299,0.406596789037991,1.0474804662360846,-0.6785054031273867,1.1780427931316206,1.248032415132004,0.0,-106.10931718317369,1.4695464221733232
S43A11T02,variable_length,10.0,43014,1.0,1.1255397241706142,0.3953232368898559,1.1069029005887154,-0.8460347454006003,1.192945988849091,1.393200926556457,0.0,-108.52766319309312,-10.244071403226556
S43A11T03,variable_length,0.0,43013,0.0,0.136704023595582,0.8933747431176353,0.136704023595582,0.8933747431176353,0.9037734349424762,0.9037734349430294,0.0,0.0,-59.98601125786303
S43A11T03,variable_length,0.0,43013,0.03333333333333333,0.1522406716158446,0.890913096450981,0.1509643405909728,0.8903146246418786,0.9038270672655906,0.9030229028005194,0.0,0.0,-67.65967004524555
S43A11T03,variable_length,0.0,43013,0.06666666666666667,0.16830669231021392,0.8888521621247429,0.1658092813882481,0.8882508305503537,0.9046465104062665,0.903594076877931,0.0,0.0,-75.50005898628164
S43A11T03,variable_length,0.0,43013,0.1,0.1849966101157604,0.8869995716162746,0.18125478104665682,0.8870876977189814,0.9060860807902179,0.9054158597559656,0.0,0.0,-83.504823955838
S43A11T03,variable_length,0.0,43013,0.13333333333333333,0.20251111015207898,0.8850548976688746,0.19731698656773977,0.8867272914677253,0.9079278174076888,0.9084158093201934,0.0,0.0,-91.67191261245713
S43A11T03,variable_length,0.0,43013,0.16666666666666666,0.22115868327966468,0.8826149521637955,0.21401224124731827,0.8870695213572031,0.9099012677060594,0.9125204518944207,0.0,0.0,-99.99967295857391
S43A11T03,variable_length,0.0,43013,0.2,0.24134634428572727,0.8791885881955993,0.23135706683094018,0.8880122740047259,0.9117130203706953,0.9176556495530666,0.0,0.0,-108.48695664466368
S43A11T03,variable_length,0.0,43013,0.23333333333333334,0.2635588254948535,0.8742209036954764,0.24936814347979994,0.8894515628821412,0.9130856712019755,0.9237470182344546,0.0,0.0,-117.13322548455774
S43A11T03,variable_length,0.0,43013,0.26666666666666666,0.28832666929832956,0.8671259123554637,0.26806228759435646,0.891281694840817,0.9138050208370293,0.9307203928085162,0.0,0.0,-125.93865940095588
S43A11T03,variable_length,0.0,43013,0.3,0.3161847446051522,0.8573259144598421,0.28745642758587964,0.8933954528786033,0.9137726830702644,0.9385023350986405,0.0,0.0,-134.90426380250705
S43A11T03,variable_length,0.0,43013,0.3333333333333333,0.34762379971553237,0.8442950371561952,0.3075675777309372,0.895684294423546,0.9130588238964923,0.9470206809512037,0.0,0.0,-144.03197421858385
S43A11T03,variable_length,0.0,43013,0.36666666666666664,0.38303863071777866,0.8276037944570183,0.32841281028918956,0.8980385641640808,0.911946617528573,0.9562051227058591,0.0,0.0,-153.32475589617306
S43A11T03,variable_length,0.0,43013,0.4,0.42267717935347754,0.8069611133704606,0.350009226109451,0.900347720210546,0.9109567697966271,0.9659878237592151,0.0,0.0,-162.78669600481612
S43A11T03,variable_length,0.0,43013,0.43333333333333335,0.4665952737673812,0.7822501468411681,0.37237392399136293,0.902500572133649,0.9108383181087006,0.9763040622527845,0.0,0.0,-172.42308610778485
S43A11T03,variable_length,0.0,43013,0.4666666666666667,0.5146217061624083,0.7535543923210216,0.39552396910872556,0.9043855291978532,0.9125128616298032,0.9870929011815459,0.0,0.0,-182.24049264540815
S43A11T03,variable_length,0.0,43013,0.5,0.5663378529638897,0.7211711762729691,0.419476360834094,0.9058908568974378,0.9169658822370036,0.998297882352752,0.0,0.0,-192.24681334115678
S43A11T03,variable_length,0.0,43013,0.5333333333333333,0.6210750806891332,0.6856104352779819,0.4442480003312988,0.9069049397160289,0.9250923871782089,1.0098677415784167,0.0,0.0,-202.45131768064226
S43A11T03,variable_length,0.0,43013,0.5666666666666667,0.6779317927863693,0.6475778705666648,0.46985565830188486,0.9073165478722038,0.9375225939241127,1.0217571422221774,0.0,0.0,-212.86466992231732
S43A11T03,variable_length,0.0,43013,0.6,0.7358102634605277,0.607942883043341,0.4963159432821025,0.907015105689287,0.9544691157166378,1.0339274237128793,0.0,0.0,-223.4989334670919
S43A11T03,variable_length,0.0,43013,0.6333333333333333,0.7934715284675266,0.5676930860347533,0.5236452708883305,0.9058909591409064,0.9756395371346196,1.0463473608596452,0.0,0.0,-234.3675558299007
S43A11T03,variable_length,0.0,43013,0.6666666666666666,0.8496047513885437,0.5278784986842944,0.5518598344002941,0.9038356400785446,1.0002419422095705,1.0589939287368517,0.0,0.0,-245.48533390456575
S43A11T03,variable_length,0.0,43013,0.7,0.9029058649294387,0.48954959631185063,0.5809755770531617,0.9007421246454377,1.027082181800986,1.0718530665366552,0.0,0.0,-256.86835967751733
S43A11T03,variable_length,0.0,43013,0.7333333333333333,0.9521591003106602,0.45369410259206766,0.6110081663819172,0.8965050834237691,1.0547252206291586,1.0849204321013832,0.0,0.0,-268.53394700871434
S43A11T03,variable_length,0.0,43013,0.7666666666666667,0.9963144299991555,0.421177652892216,0.6419729709250676,0.8910211209489325,1.0816806639301353,1.0982021368475157,0.0,0.0,-280.50054054233965
S43A11T03,variable_length,0.0,43013,0.8,1.0345540680909515,0.3926931887629121,0.6738850395508126,0.8841890023542487,1.1065758267305144,1.111715448491925,0.0,0.0,-292.78760821957377
S43A11T03,variable_length,0.0,43013,0.8333333333333334,1.0663420289811234,0.36872317176943414,0.706759083618657,0.8759098650791354,1.128291673359017,1.1254894464282785,0.0,0.0,-305.41551922709215
S43A11T03,variable_length,0.0,43013,0.8666666666666667,1.0914522783062197,0.3495175074591141,0.7406094621346899,0.8660874137795331,1.1460499831334887,1.1395656118503028,0.0,0.0,-318.40540951666924
S43A11T03,variable_length,0.0,43013,0.9,1.1099730672605006,0.335088583046741,0.7754501700011538,0.8546280968164779,1.1594501147233358,1.153998331898263,0.0,0.0,-331.7790372654094
S43A11T03,variable_length,0.0,43013,0.9333333333333333,1.1222873884620213,0.3252232214568678,0.8112948294023133,0.8414412629614267,1.16846015168498,1.1688552943927875,0.0,0.0,-345.5586308080759
S43A11T03,variable_length,0.0,43013,0.9666666666666667,1.129031844004484,0.319509828687287,0.8481566843108546,0.8264392972389512,1.1733709709226425,1.184217747360254,0.0,0.0,-359.7667316615575
S43A11T03,variable_length,0.0,43014,0.0,0.136704023595582,0.8933747431176353,0.136704023595582,0.8933747431176353,0.9037734349424762,0.9037734349430294,0.0,0.0,-47.22361102386472
S43A11T03,variable_length,0.0,43014,0.03333333333333333,0.1522406716158446,0.890913096450981,0.15102952800806482,0.8898384475944957,0.9038270672655906,0.9025643362933863,0.0,0.0,-53.276079883581225
S43A11T03,variable_length,0.0,43014,0.06666666666666667,0.16830669231021392,0.8888521621247429,0.1660811105776264,0.8863310949155908,0.9046465104062665,0.9017570321910264,0.0,0.0,-59.6184530430906
S43A11T03,variable_length,0.0,43014,0.1,0.1849966101157604,0.8869995716162746,0.181890686598667,0.8827371535583296,0.9060860807902179,0.9012819226771368,0.0,0.0,-66.26482238820579
S43A11T03,variable_length,0.0,43014,0.13333333333333333,0.20251111015207898,0.8850548976688746,0.1984895364564121,0.8789424525771157,0.9079278174076888,0.9010759851566107,0.0,0.0,-73.22958798483698
S43A11T03,variable_length,0.0,43014,0.16666666666666666,0.22115868327966468,0.8826149521637955,0.21590829987548962,0.8748343601762324,0.9099012677060594,0.9010835431307589,0.0,0.0,-80.5274695070313
S43A11T03,variable_length,0.0,43014,0.2,0.24134634428572727,0.8791885881955993,0.23417697194193335,0.8703019512608674,0.9117130203706953,0.9012570890469412,0.0,0.0,-88.1735139460695
S43A11T03,variable_length,0.0,43014,0.23333333333333334,0.2635588254948535,0.8742209036954764,0.2533249007658774,0.8652361633874868,0.9130856712019755,0.9015581643923699,0.0,0.0,-96.18309940108091
S43A11T03,variable_length,0.0,43014,0.26666666666666666,0.28832666929832956,0.8671259123554637,0.2733807866512896,0.8595299406619283,0.9138050208370293,0.9019582991498976,0.0,0.0,-104.5719348040757
S43A11T03,variable_length,0.0,43014,0.3,0.3161847446051522,0.8573259144598421,0.2943726826394279,0.8530783652576035,0.9137726830702644,0.9024400110566455,0.0,0.0,-113.35605548639623
S43A11T03,variable_length,0.0,43014,0.3333333333333333,0.34762379971553237,0.8442950371561952,0.3163279962941828,0.8457787763454733,0.9130588238964923,0.9029978625428404,0.0,0.0,-122.55181454798257
S43A11T03,variable_length,0.0,43014,0.36666666666666664,0.38303863071777866,0.8276037944570183,0.33927349259999284,0.8375308763406616,0.911946617528573,0.9036395695220268,0.0,0.0,-132.1758700443515
S43A11T03,variable_length,0.0,43014,0.4,0.42267717935347754,0.8069611133704606,0.36323529784647274,0.8282368244765989,0.9109567697966271,0.9043871510706553,0.0,0.0,-142.2451680577987
S43A11T03,variable_length,0.0,43014,0.43333333333333335,0.4665952737673812,0.7822501468411681,0.38823890437819736,0.8178013178156077,0.9108383181087006,0.9052781021844767,0.0,0.0,-152.77692176826156
S43A11T03,variable_length,0.0,43014,0.4666666666666667,0.5146217061624083,0.7535543923210216,0.41430917609312123,0.8061316598942366,0.9125128616298032,0.906366562975377,0.0,0.0,-163.7885866849099
S43A11T03,variable_length,0.0,43014,0.5,0.5663378529638897,0.7211711762729691,0.44147035457880335,0.7931378172820504,0.9169658822370036,0.9077244467215089,0.0,0.0,-175.29783224142037
S43A11T03,variable_length,0.0,43014,0.5333333333333333,0.6210750806891332,0.6856104352779819,0.46974606578184874,0.7787324644037956,0.9250923871782089,0.9094424761549978,0.0,0.0,-187.32250999573995
S43A11T03,variable_length,0.0,43014,0.5666666666666667,0.6779317927863693,0.6475778705666648,0.4991593271126852,0.7628310170368752,0.9375225939241127,0.9116310626553387,0.0,0.0,-199.88061870875467
S43A11T03,variable_length,0.0,43014,0.6,0.7358102634605277,0.607942883043341,0.529732554894863,0.7453516549490335,0.9544691157166378,0.9144209475136176,0.0,0.0,-212.9902666055438
S43A11T03,variable_length,0.0,43014,0.6333333333333333,0.7934715284675266,0.5676930860347533,0.5614875720754169,0.7262153341853453,0.9756395371346196,0.9179635097334095,0.0,0.0,-226.66963114775777
S43A11T03,variable_length,0.0,43014,0.6666666666666666,0.8496047513885437,0.5278784986842944,0.5944456161203588,0.7053457895493822,1.0002419422095705,0.9224306333599044,0.0,0.0,-240.93691666609863
S43A11T03,variable_length,0.0,43014,0.7,0.9029058649294387,0.48954959631185063,0.6286273470270063,0.6826695278512751,1.027082181800986,0.9280140223552094,0.0,0.0,-255.81031021789644
S43A11T03,variable_length,0.0,43014,0.7333333333333333,0.9521591003106602,0.45369410259206766,0.6640528553924654,0.6581158125157937,1.0547252206291586,0.9349238564927146,0.0,0.0,-271.30793604638734
S43A11T03,variable_length,0.0,43014,0.7666666666666667,0.9963144299991555,0.421177652892216,0.7007416704851601,0.6316166401570902,1.0816806639301353,0.9433867016651569,0.0,0.0,-287.44780902553407
S43A11T03,variable_length,0.0,43014,0.8,1.0345540680909515,0.3926931887629121,0.7387127682736724,0.6031067097339902,1.1065758267305144,0.9536426255876526,0.0,0.0,-304.24778747713503
S43A11T03,variable_length,0.0,43014,0.8333333333333334,1.0663420289811234,0.36872317176943414,0.7779845793743179,0.5725233849012241,1.128291673359017,0.9659415261826099,0.0,0.0,-321.7255257455879
S43A11T03,variable_length,0.0,43014,0.8666666666666667,1.0914522783062197,0.3495175074591141,0.8185749968857305,0.5398066501684002,1.1460499831334887,0.9805387524690207,0.0,0.0,-339.898426910133
S43A11T03,variable_length,0.0,43014,0.9,1.1099730672605006,0.335088583046741,0.8605013840851983,0.5048990614703657,1.1594501147233358,0.9976901795082469,0.0,0.0,-358.78359600477995
S43A11T03,variable_length,0.0,43014,0.9333333333333333,1.1222873884620213,0.3252232214568678,0.9037805819675584,0.46774569174047126,1.16846015168498,1.017646978320277,0.0,0.0,-378.39779410263657
S43A11T03,variable_length,0.0,43014,0.9666666666666667,1.129031844004484,0.319509828687287,0.9484289166130486,0.4282940720626714,1.1733709709226425,1.0406503841506167,0.0,0.0,-398.7573936041985
S43A11T03,variable_length,0.01,43013,0.0,0.136704023595582,0.8933747431176353,0.136704023595582,0.8933747431176353,0.9037734349424762,0.9037734349430294,0.0,-8.621749641056955,-53.7758437486208
S43A11T03,variable_length,0.01,43013,0.03333333333333333,0.1522406716158446,0.890913096450981,0.15095333165074756,0.8904094221960438,0.9038270672655906,0.9031145262218703,0.0,-12.736553391779857,-57.503941590866
S43A11T03,variable_length,0.01,43013,0.06666666666666667,0.16830669231021392,0.8888521621247429,0.16576690752014597,0.8886439585676463,0.9046465104062665,0.9039727610545405,0.0,-16.861194082599127,-61.43123941068214
S43A11T03,variable_length,0.01,43013,0.1,0.1849966101157604,0.8869995716162746,0.1811630648232362,0.8880048260880301,0.9060860807902179,0.9062961034964129,0.0,-20.99482596221315,-65.5604405833821
S43A11T03,variable_length,0.01,43013,0.13333333333333333,0.20251111015207898,0.8850548976688746,0.1971601904224566,0.8884177700409642,0.9079278174076888,0.91003201856472,0.0,-25.136596459400188,-69.89409409871493
S43A11T03,variable_length,0.01,43013,0.16666666666666666,0.22115868327966468,0.8826149521637955,0.21377674767589108,0.8898077866453049,0.9099012677060594,0.9151275293763694,0.0,-29.285647570186033,-74.43458449959526
S43A11T03,variable_length,0.01,43013,0.2,0.24134634428572727,0.8791885881955993,0.23103127967024262,0.892099102031942,0.9117130203706953,0.9215293050322747,0.0,-33.44111723833079,-79.18412173118217
S43A11T03,variable_length,0.01,43013,0.23333333333333334,0.2635588254948535,0.8742209036954764,0.24894241241454015,0.8952151507353271,0.9130856712019755,0.9291837766587648,0.0,-37.602140723377794,-84.14473093474098
S43A11T03,variable_length,0.01,43013,0.26666666666666666,0.28832666929832956,0.8671259123554637,0.26752885797501336,0.8990785537461066,0.9138050208370293,0.9380372783938843,0.0,-41.767851950677404,-89.31824221954241
S43A11T03,variable_length,0.01,43013,0.3,0.3161847446051522,0.8573259144598421,0.28680941753167827,0.9036110961732583,0.9137726830702644,0.9480362098112592,0.0,-45.937384838009194,-94.70628044469575
S43A11T03,variable_length,0.01,43013,0.3333333333333333,0.34762379971553237,0.8442950371561952,0.30680298433737696,0.9087337045658794,0.9130588238964923,0.9591272162822552,0.0,-50.10987459368049,-100.31025504132079
S43A11T03,variable_length,0.01,43013,0.36666666666666664,0.38303863071777866,0.8276037944570183,0.327528546560313,0.9143664239463937,0.911946617528573,0.9712573840406195,0.0,-54.28445898127102,-106.13134990387621
S43A11T03,variable_length,0.01,43013,0.4,0.42267717935347754,0.8069611133704606,0.3490051899915188,0.9204283946084529,0.9109567697966271,0.9843744471711514,0.0,-58.4602795465204,-112.17051337784478
S43A11T03,variable_length,0.01,43013,0.43333333333333335,0.4665952737673812,0.7822501468411681,0.3712521005991887,0.9268378287341958,0.9108383181087006,0.9984270043288236,0.0,-62.63648280221578,-118.4284483693797
S43A11T03,variable_length,0.01,43013,0.4666666666666667,0.5146217061624083,0.7535543923210216,0.39428856691239994,0.9335119868867922,0.9125128616298032,1.0133647436437487,0.0,-66.81222136732,-124.9056026010183
S43A11T03,variable_length,0.01,43013,0.5,0.5663378529638897,0.7211711762729691,0.41813398221743814,0.940367154435369,0.9169658822370036,1.0291386749252436,0.0,-70.98665505699064,-131.60215903624106
S43A11T03,variable_length,0.01,43013,0.5333333333333333,0.6210750806891332,0.6856104352779819,0.4428078465507276,0.947318617970479,0.9250923871782089,1.0457013689009838,0.0,-75.15895192056693,-138.51802649457562
S43A11T03,variable_length,0.01,43013,0.5666666666666667,0.6779317927863693,0.6475778705666648,0.468329768473249,0.9542806417692375,0.9375225939241127,1.0630072037830764,0.0,-79.32828922503958,-145.65283047821933
S43A11T03,variable_length,0.01,43013,0.6,0.7358102634605277,0.607942883043341,0.4947194666123026,0.9611664443701531,0.9544691157166378,1.0810126199213974,0.0,-83.49385438196606,-153.00590423086118
S43A11T03,variable_length,0.01,43013,0.6333333333333333,0.7934715284675266,0.5676930860347533,0.5219967709575306,0.9678881753185007,0.9756395371346196,1.0996763836749726,0.0,-87.65484581624675,-160.57628004964255
S43A11T03,variable_length,0.01,43013,0.6666666666666666,0.8496047513885437,0.5278784986842944,0.5501816238992633,0.9743568921438622,1.0002419422095705,1.1189598619010765,0.0,-91.81047377562368,-168.36268087210993
S43A11T03,variable_length,0.01,43013,0.7,0.9029058649294387,0.48954959631185063,0.5792940809984761,0.9804825376322011,1.027082181800986,1.1388273086304832,0.0,-95.95996108020887,-176.36351216170675
S43A11T03,variable_length,0.01,43013,0.7333333333333333,0.9521591003106602,0.45369410259206766,0.6093543114789405,0.9861739174555691,1.0547252206291586,1.1592461655699524,0.0,-100.10254381178065,-184.5768541179297
S43A11T03,variable_length,0.01,43013,0.7666666666666667,0.9963144299991555,0.421177652892216,0.6403825984335162,0.9913386782232777,1.0816806639301353,1.1801873780544077,0.0,-104.23747194300427,-193.0004542408995
S43A11T03,variable_length,0.01,43013,0.8,1.0345540680909515,0.3926931887629121,0.6723993387379585,0.9958832860191401,1.1065758267305144,1.2016257279654612,0.0,-108.36400990713139,-201.63172028485764
S43A11T03,variable_length,0.01,43013,0.8333333333333334,1.0663420289811234,0.36872317176943414,0.7054250426670787,0.9997130054902169,1.128291673359017,1.223540184942502,0.0,-112.48143710910938,-210.46771364117245
S43A11T03,variable_length,0.01,43013,0.8666666666666667,1.0914522783062197,0.3495175074591141,0.7394803332096147,1.0027318795534161,1.1460499831334887,1.2459142769378355,0.0,-116.58904837938266,-219.50514319893105
S43A11T03,variable_length,0.01,43013,0.9,1.1099730672605006,0.335088583046741,0.7745859450797079,1.0048427097873356,1.1594501147233358,1.26873648080631,0.0,-120.68615437198899,-228.7403597402572
S43A11T03,variable_length,0.01,43013,0.9333333333333333,1.1222873884620213,0.3252232214568678,0.8107627234244439,1.005947037577924,1.16846015168498,1.292000633168352,0.0,-124.77208190884758,-238.1693509382716
S43A11T03,variable_length,0.01,43013,0.9666666666666667,1.129031844004484,0.319509828687287,0.8480316222284783,1.0059451260879104,1.1733709709226425,1.3157063612373723,0.0,-128.8461742723929,-247.78773703821662
S43A11T03,variable_length,0.01,43014,0.0,0.136704023595582,0.8933747431176353,0.136704023595582,0.8933747431176353,0.9037734349424762,0.9037734349430294,0.0,33.38982504418823,-77.72807376833872
S43A11T03,variable_length,0.01,43014,0.03333333333333333,0.1522406716158446,0.890913096450981,0.15105304207159412,0.889785328804044,0.9038270672655906,0.9025159017297166,0.0,29.304443387737823,-79.28380160436473
S43A11T03,variable_length,0.01,43014,0.06666666666666667,0.16830669231021392,0.8888521621247429,0.16617830597163927,0.886107077079046,0.9046465104062665,0.9015547578634224,0.0,25.190826167883902,-81.09529467861584
S43A11T03,variable_length,0.01,43014,0.1,0.1849966101157604,0.8869995716162746,0.18211638426722757,0.8822059817950713,0.9060860807902179,0.9008072888995593,0.0,21.049099736087076,-83.17314922354964
S43A11T03,variable_length,0.01,43014,0.13333333333333333,0.20251111015207898,0.8850548976688746,0.1989031367580022,0.8779477732354575,0.9079278174076888,0.9001970619493661,0.0,16.879399481674554,-85.52768527401513
S43A11T03,variable_length,0.01,43014,0.16666666666666666,0.22115868327966468,0.8826149521637955,0.2165737071160153,0.873198010504882,0.9099012677060594,0.8996548983719577,0.0,12.681870534837898,-88.16895806432852
S43A11T03,variable_length,0.01,43014,0.2,0.24134634428572727,0.8791885881955993,0.23516251766909513,0.867822174919185,0.9117130203706953,0.8991199792012922,0.0,8.456668522964216,-91.10677270771053
S43A11T03,variable_length,0.01,43014,0.23333333333333334,0.2635588254948535,0.8742209036954764,0.25470326588271813,0.8616857642188795,0.9130856712019755,0.8985411008461422,0.0,4.203960379917939,-94.35070223336858
S43A11T03,variable_length,0.01,43014,0.26666666666666666,0.28832666929832956,0.8671259123554637,0.27522892249361675,0.8546543874244816,0.9138050208370293,0.8978780995892,0.0,-0.076074792487058,-97.91010901196744
S43A11T03,variable_length,0.01,43014,0.3,0.3161847446051522,0.8573259144598421,0.29677173124253703,0.8465938601461176,0.9137726830702644,0.8971034636555567,0.0,-4.38324481198229,-101.7941695539561
S43A11T03,variable_length,0.01,43014,0.3333333333333333,0.34762379971553237,0.8442950371561952,0.31936321014813085,0.8373703001547392,0.9130588238964923,0.8962041506143325,0.0,-8.71734345388569,-106.01190261780363
S43A11T03,variable_length,0.01,43014,0.36666666666666664,0.38303863071777866,0.8276037944570183,0.3430341542589517,0.826850223017732,0.911946617528573,0.8951836249025266,0.0,-13.07814944171028,-110.57220051730503
S43A11T03,variable_length,0.01,43014,0.4,0.42267717935347754,0.8069611133704606,0.36781463981593143,0.8149006375978107,0.9109567697966271,0.8940641243340669,0.0,-17.465425392824887,-115.4838634693839
S43A11T03,variable_length,0.01,43014,0.43333333333333335,0.4665952737673812,0.7822501468411681,0.3937340297535795,0.801389141210888,0.9108383181087006,0.8928891542838434,0.0,-21.878916722131486,-120.75563677692605
S43A11T03,variable_length,0.01,43014,0.4666666666666667,0.5146217061624083,0.7535543923210216,0.42082098046446326,0.7861840142361294,0.9125128616298032,0.8917261921915867,0.0,-26.31835050722064,-126.39625059576692
S43A11T03,variable_length,0.01,43014,0.5,0.5663378529638897,0.7211711762729691,0.44910344974831673,0.769154313969713,0.9169658822370036,0.8906695612150776,0.0,-30.78343431897839,-132.4144619916803
S43A11T03,variable_length,0.01,43014,0.5333333333333333,0.6210750806891332,0.6856104352779819,0.4786087058643981,0.7501699675129366,0.9250923871782089,0.8898433982946405,0.0,-35.27385502213509,-138.81909895270522
S43A11T03,variable_length,0.01,43014,0.5666666666666667,0.6779317927863693,0.6475778705666648,0.5093633376034641,0.7291018634852696,0.9375225939241127,0.8894045969260747,0.0,-39.789277550778294,-145.61910598497718
S43A11T03,variable_length,0.01,43014,0.6,0.7358102634605277,0.607942883043341,0.5413932652939685,0.7058219423538057,0.9544691157166378,0.889545548027061,0.0,-44.3293436643797,-152.82359088696595
S43A11T03,variable_length,0.01,43014,0.6333333333333333,0.7934715284675266,0.5676930860347533,0.5747237526558089,0.6802032851723036,0.9756395371346196,0.8904964351568003,0.0,-48.89367069041843,-160.44187226815842
S43A11T03,variable_length,0.01,43014,0.6666666666666666,0.8496047513885437,0.5278784986842944,0.6093794194141472,0.6521202005256669,1.0002419422095705,0.8925267686406716,0.0,-53.481850260204666,-168.48352735421292
S43A11T03,variable_length,0.01,43014,0.7,0.9029058649294387,0.48954959631185063,0.6453842545854998,0.6214483094793037,1.027082181800986,0.8959457781710708,0.0,-58.093447045023126,-176.95843960182287
S43A11T03,variable_length,0.01,43014,0.7333333333333333,0.9521591003106602,0.45369410259206766,0.6827616303484274,0.5880646283373232,1.0547252206291586,0.9011012434674346,0.0,-62.72799750021079,-185.87684563328827
S43A11T03,variable_length,0.01,43014,0.7666666666666667,0.9963144299991555,0.421177652892216,0.7215343164117394,0.5518476490189788,1.0816806639301353,0.9083763523389025,0.0,-67.38500862525822,-195.24938099333102
S43A11T03,variable_length,0.01,43014,0.8,1.0345540680909515,0.3926931887629121,0.7617244947941516,0.5126774168691353,1.1065758267305144,0.918184262410337,0.0,-72.06395674846864,-205.08712422916744
S43A11T03,variable_length,0.01,43014,0.8333333333333334,1.0663420289811234,0.36872317176943414,0.8033537749307713,0.470435605725811,1.128291673359017,0.9309602283831093,0.0,-76.76428634511909,-215.40163879933863
S43A11T03,variable_length,0.01,43014,0.8666666666666667,1.0914522783062197,0.3495175074591141,0.8464432090236318,0.4250055900759933,1.1460499831334887,0.9471514439090862,0.0,-81.4854088984341,-226.20501232730908
S43A11T03,variable_length,0.01,43014,0.9,1.1099730672605006,0.335088583046741,0.8910133075557098,0.37627251413992846,1.1594501147233358,0.9672051070685828,0.0,-86.22670181300117,-237.5098927322527
S43A11T03,variable_length,0.01,43014,0.9333333333333333,1.1222873884620213,0.3252232214568678,0.9370840548904432,0.3241233577338801,1.16846015168498,0.9915555844024075,0.0,-90.98750739051599,-249.3295207916263
S43A11T03,variable_length,0.01,43014,0.9666666666666667,1.129031844004484,0.319509828687287,0.9846749248816675,0.26844699877192213,1.1733709709226425,1.0206118257405066,0.0,-95.76713187794311,-261.6777587177771
S43A11T03,variable_length,0.1,43013,0.0,0.136704023595582,0.8933747431176353,0.136704023595582,0.8933747431176353,0.9037734349424762,0.9037734349430294,0.0,56.97078299306222,-122.93186368474235
S43A11T03,variable_length,0.1,43013,0.03333333333333333,0.1522406716158446,0.890913096450981,0.15093686930987227,0.8905680953763633,0.9038270672655906,0.9032682165449799,0.0,51.01907879848596,-125.94668389392575
S43A11T03,variable_length,0.1,43013,0.06666666666666667,0.16830669231021392,0.8888521621247429,0.16569125931192585,0.8892959628122957,0.9046465104062665,0.9045998578861374,0.0,45.064687692177365,-129.14919932403458
S43A11T03,variable_length,0.1,43013,0.1,0.1849966101157604,0.8869995716162746,0.1809711729919096,0.8895100850049663,0.9060860807902179,0.9077327562562728,0.0,39.109348686231364,-132.5338340770727
S43A11T03,variable_length,0.1,43013,0.13333333333333333,0.20251111015207898,0.8850548976688746,0.19678117431240774,0.8911604773087659,0.9079278174076888,0.9126279783580808,0.0,33.15477943779879,-136.09445201401715
S43A11T03,variable_length,0.1,43013,0.16666666666666666,0.22115868327966468,0.8826149521637955,0.21312644871529782,0.8941953323723896,0.9099012677060594,0.9192432624607932,0.0,27.202672932390858,-139.82431071301963
S43A11T03,variable_length,0.1,43013,0.2,0.24134634428572727,0.8791885881955993,0.23001284154207446,0.8985609177762309,0.9117130203706953,0.9275330884826276,0.0,21.254694367934995,-143.71601403257097
S43A11T03,variable_length,0.1,43013,0.23333333333333334,0.2635588254948535,0.8742209036954764,0.24744689802454345,0.9042014696900847,0.9130856712019755,0.9374488066730247,0.0,15.312478251111921,-147.76146336780764
S43A11T03,variable_length,0.1,43013,0.26666666666666666,0.28832666929832956,0.8671259123554637,0.2654359049006502,0.9110590824612049,0.9138050208370293,0.9489388132785378,0.0,9.377625715374174,-151.95180772151446
S43A11T03,variable_length,0.1,43013,0.3,0.3161847446051522,0.8573259144598421,0.2839879337072706,0.9190735940523392,0.9137726830702644,0.9619487604735552,0.0,3.4517020679039905,-156.27739275049223
S43A11T03,variable_length,0.1,43013,0.3333333333333333,0.34762379971553237,0.8442950371561952,0.303111885797971,0.928182467261054,0.9130588238964923,0.9764217878784863,0.0,-2.4637654293689795,-160.72770899338698
S43A11T03,variable_length,0.1,43013,0.36666666666666664,0.38303863071777866,0.8276037944570183,0.32281753912893657,0.9383206666657076,0.911946617528573,0.9922987640132584,0.0,-8.367289541667994,-165.2913395384414
S43A11T03,variable_length,0.1,43013,0.4,0.42267717935347754,0.8069611133704606,0.3431155968503371,0.9494205312601001,0.9109567697966271,1.0095185278048013,0.0,-14.257424805203343,-169.9559074495274
S43A11T03,variable_length,0.1,43013,0.43333333333333335,0.4665952737673812,0.7822501468411681,0.3640177377332371,0.9614116427583856,0.9108383181087006,1.0280181225138016,0.0,-20.132769033914787,-174.7080233368745
S43A11T03,variable_length,0.1,43013,0.4666666666666667,0.5146217061624083,0.7535543923210216,0.3855366684535984,0.9742206895745749,0.9125128616298032,1.047733016907676,0.0,-25.991964591948275,-179.53323353569652
S43A11T03,variable_length,0.1,43013,0.5,0.5663378529638897,0.7211711762729691,0.4076861777448336,0.9877713265071997,0.9169658822370036,1.0685973109618911,0.0,-31.83369943642947,-184.4159694419994
S43A11T03,variable_length,0.1,43013,0.5333333333333333,0.6210750806891332,0.6856104352779819,0.4304811924185762,1.0019840301897707,0.9250923871782089,1.0905439256547416,0.0,-37.65670793669582,-189.3394986507125
S43A11T03,variable_length,0.1,43013,0.5666666666666667,0.6779317927863693,0.6475778705666648,0.4539378352396657,1.0167759504018734,0.9375225939241127,1.113504778426526,0.0,-43.45977147760409,-194.28587864732754
S43A11T03,variable_length,0.1,43013,0.6,0.7358102634605277,0.607942883043341,0.4780734846256236,1.0320607573744702,0.9544691157166378,1.137410947553896,0.0,-49.24171885582841,-199.23591392074036
S43A11T03,variable_length,0.1,43013,0.6333333333333333,0.7934715284675266,0.5676930860347533,0.5029068361229174,1.0477484852665597,0.9756395371346196,1.1621928300409246,0.0,-55.00142647920342,-204.16911749208344
S43A11T03,variable_length,0.1,43013,0.6666666666666666,0.8496047513885437,0.5278784986842944,0.5284579655918893,1.0637453720391457,1.0002419422095705,1.1877802986803658,0.0,-60.73781838013847,-209.0636779919462
S43A11T03,variable_length,0.1,43013,0.7,0.9029058649294387,0.48954959631185063,0.5547483940091369,1.0799536960068485,1.027082181800986,1.2141028647423453,0.0,-66.44986605493514,-213.8964335661444
S43A11T03,variable_length,0.1,43013,0.7333333333333333,0.9521591003106602,0.45369410259206766,0.5818011537701857,1.0962716094078186,1.0547252206291586,1.241089853363941,0.0,-72.13658814148164,-218.64285404746857
S43A11T03,variable_length,0.1,43013,0.7666666666666667,0.9963144299991555,0.421177652892216,0.6096408563462551,1.112592969399183,1.0816806639301353,1.2686705992037832,0.0,-77.79704994827573,-223.27703299654604
S43A11T03,variable_length,0.1,43013,0.8,1.0345540680909515,0.3926931887629121,0.6382937611165966,1.1288071669584592,1.1065758267305144,1.296774670348767,0.0,-83.43036284804789,-227.77169138756415
S43A11T03,variable_length,0.1,43013,0.8333333333333334,1.0663420289811234,0.36872317176943414,0.6677878451620692,1.1447989542513963,1.128291673359017,1.3253321288651725,0.0,-89.03568354943009,-232.098194892025
S43A11T03,variable_length,0.1,43013,0.8666666666666667,1.0914522783062197,0.3495175074591141,0.6981528737661178,1.1604482711138946,1.1460499831334887,1.3542738368144442,0.0,-94.61221326013892,-236.22658689318496
S43A11T03,variable_length,0.1,43013,0.9,1.1099730672605006,0.335088583046741,0.7294204713259752,1.1756300713901056,1.1594501147233358,1.3835318170346185,0.0,-100.15919675504203,-240.12563954183344
S43A11T03,variable_length,0.1,43013,0.9333333333333333,1.1222873884620213,0.3252232214568678,0.7616241923295836,1.1902141499707035,1.16846015168498,1.41303967854168,0.0,-105.675921362246,-243.7629253362315
S43A11T03,variable_length,0.1,43013,0.9666666666666667,1.129031844004484,0.319509828687287,0.7947995920023103,1.2040649714845992,1.1733709709226425,1.4427331170401017,0.0,-111.16171588000705,-247.10491186993883
S43A11T03,variable_length,0.1,43014,0.0,0.136704023595582,0.8933747431176353,0.136704023595582,0.8933747431176353,0.9037734349424762,0.9037734349430294,0.0,67.64923953184422,-102.17514464575589
S43A11T03,variable_length,0.1,43014,0.03333333333333333,0.1522406716158446,0.890913096450981,0.15110316168637547,0.8894347412913612,0.9038270672655906,0.9021786544186521,0.0,61.68261191763444,-101.26249284948037
S43A11T03,variable_length,0.1,43014,0.06666666666666667,0.16830669231021392,0.8888521621247429,0.1663763518714264,0.8846787535043149,0.9046465104062665,0.9001875289988154,0.0,55.71019395591785,-100.55885737694196
S43A11T03,variable_length,0.1,43014,0.1,0.1849966101157604,0.8869995716162746,0.18255669409145045,0.8789291087005175,0.9060860807902179,0.8976877656956708,0.0,49.73307181587339,-100.05538938939341
S43A11T03,variable_length,0.1,43014,0.13333333333333333,0.20251111015207898,0.8850548976688746,0.199676825410897,0.8720016222158082,0.9079278174076888,0.8945712178212392,0.0,43.752318867912685,-99.74270981453148
S43A11T03,variable_length,0.1,43014,0.16666666666666666,0.22115868327966468,0.8826149521637955,0.21776892496491687,0.8637058274037748,0.9099012677060594,0.890736246580667,0.0,37.76899458585064,-99.61163844171966
S43A11T03,variable_length,0.1,43014,0.2,0.24134634428572727,0.8791885881955993,0.23686472575332387,0.8538453526420569,0.9117130203706953,0.8860907315482065,0.0,31.784143536547045,-99.65407913246767
S43A11T03,variable_length,0.1,43014,0.23333333333333334,0.2635588254948535,0.8742209036954764,0.2569955338387363,0.8422184535755924,0.9130856712019755,0.8805558630531736,0.0,25.798794459954134,-99.86404387302426
S43A11T03,variable_length,0.1,43014,0.26666666666666666,0.28832666929832956,0.8671259123554637,0.2781922552601688,0.8286187055618144,0.9138050208370293,0.8740708724666871,0.0,19.81395944197403,-100.23878414426979
S43A11T03,variable_length,0.1,43014,0.3,0.3161847446051522,0.8573259144598421,0.30048543067291106,0.812835855340515,0.9137726830702644,0.8665988817064278,0.0,13.830633181982574,-100.77998341743533
S43A11T03,variable_length,0.1,43014,0.3333333333333333,0.34762379971553237,0.8442950371561952,0.3239052773824196,0.7946568241903359,0.9130588238964923,0.8581340786552254,0.0,7.8497923563278444,-101.49495101618774
S43A11T03,variable_length,0.1,43014,0.36666666666666664,0.38303863071777866,0.8276037944570183,0.3484817380717165,0.7738668475980952,0.911946617528573,0.848710445076469,0.0,1.8723950785579986,-102.397746851842
S43A11T03,variable_length,0.1,43014,0.4,0.42267717935347754,0.8069611133704606,0.37424453515091116,0.7502507291962298,0.9109567697966271,0.8384122665793936,0.0,-4.100619543415959,-103.51016038847548
S43A11T03,variable_length,0.1,43014,0.43333333333333335,0.4665952737673812,0.7822501468411681,0.40122322930986704,0.7235941799242364,0.9108383181087006,0.8273866187938177,0.0,-10.06833175356535,-104.86246713053832
S43A11T03,variable_length,0.1,43014,0.4666666666666667,0.5146217061624083,0.7535543923210216,0.4294472805578772,0.6936852075729446,0.9125128616298032,0.8158579128653931,0.0,-16.0298413982733,-106.49389292509579
S43A11T03,variable_length,0.1,43014,0.5,0.5663378529638897,0.7211711762729691,0.458946109813242,0.6603155175784867,0.9169658822370036,0.8041443368380164,0.0,-21.984268082552575,-108.45273064759826
S43A11T03,variable_length,0.1,43014,0.5333333333333333,0.6210750806891332,0.6856104352779819,0.48974915898232807,0.6232818835649103,0.9250923871782089,0.7926755610621031,0.0,-27.930751233863436,-110.79607469368749
S43A11T03,variable_length,0.1,43014,0.5666666666666667,0.6779317927863693,0.6475778705666648,0.5218859474566051,0.5823874459743827,0.9375225939241127,0.7820102808673571,0.0,-33.868450075935236,-113.58916450184387
S43A11T03,variable_length,0.1,43014,0.6,0.7358102634605277,0.607942883043341,0.5553861230629882,0.5374428992811957,0.9544691157166378,0.7728509660210784,0.0,-39.796543515465956,-116.90435667010222
S43A11T03,variable_length,0.1,43014,0.6333333333333333,0.7934715284675266,0.5676930860347533,0.5902795057232321,0.4882675326744377,0.9756395371346196,0.7660516159775699,0.0,-45.71422994501884,-120.8197731989288
S43A11T03,variable_length,0.1,43014,0.6666666666666666,0.8496047513885437,0.5278784986842944,0.6265961223979983,0.43469009543524645,1.0002419422095705,0.7626127324367925,0.0,-51.62072696585803,-125.41769798883172
S43A11T03,variable_length,0.1,43014,0.7,0.9029058649294387,0.48954959631185063,0.6643662322877844,0.37654946608145384,1.027082181800986,0.763656985178224,0.0,-57.5152710348558,-130.7828122775473
S43A11T03,variable_length,0.1,43014,0.7333333333333333,0.9521591003106602,0.45369410259206766,0.7036203417072271,0.3136951131367768,1.0547252206291586,0.7703805613273808,0.0,-63.39711703996742,-137.00037027286544
S43A11T03,variable_length,0.1,43014,0.7666666666666667,0.9963144299991555,0.421177652892216,0.7443892085092478,0.2459873444730235,1.0816806639301353,0.7839802723199828,0.0,-69.26553780910031,-144.15441787285357
S43A11T03,variable_length,0.1,43014,0.8,1.0345540680909515,0.3926931887629121,0.7867038363790744,0.17329735094449572,1.1065758267305144,0.8055649558036478,0.0,-75.11982355750226,-152.32615021540815
S43A11T03,variable_length,0.1,43014,0.8333333333333334,1.0663420289811234,0.36872317176943414,0.8305954597166749,0.09550705792055125,1.128291673359017,0.8360684277112694,0.0,-80.95928127905745,-161.59248904191162
S43A11T03,variable_length,0.1,43014,0.8666666666666667,1.0914522783062197,0.3495175074591141,0.8760955201566422,0.012508804875877466,1.1460499831334887,0.8761848153437494,0.0,-86.78323408710723,-172.0249404740586
S43A11T03,variable_length,0.1,43014,0.9,1.1099730672605006,0.335088583046741,0.9232356360216796,-0.07579512188432314,1.1594501147233358,0.9263416972817399,0.0,-92.59102051060691,-183.68877023713682
S43A11T03,variable_length,0.1,43014,0.9333333333333333,1.1222873884620213,0.3252232214568678,0.9720475661622783,-0.1694930751484981,1.16846015168498,0.9867139268330528,0.0,-98.38199375158467,-196.64250916841672
S43A11T03,variable_length,0.1,43014,0.9666666666666667,1.129031844004484,0.319509828687287,1.0225631697014763,-0.268664721786821,1.1733709709226425,1.0572682577112207,0.0,-104.15552090999128,-210.9377793425031
S43A11T03,variable_length,1.0,43013,0.0,0.136704023595582,0.8933747431176353,0.136704023595582,0.8933747431176353,0.9037734349424762,0.9037734349430294,0.0,32.64915360371116,-109.31073024127573
S43A11T03,variable_length,1.0,43013,0.03333333333333333,0.1522406716158446,0.890913096450981,0.1508360003429867,0.8905966194867864,0.9038270672655906,0.9032794903249831,0.0,29.50722748839096,-112.89456665496792
S43A11T03,variable_length,1.0,43013,0.06666666666666667,0.16830669231021392,0.8888521621247429,0.16531163653158065,0.8893682421288954,0.9046465104062665,0.9046014632318428,0.0,26.372232236394012,-116.51586111609873
S43A11T03,variable_length,1.0,43013,0.1,0.1849966101157604,0.8869995716162746,0.18017032658486215,0.8895792440459626,0.9060860807902179,0.9076412165718798,0.0,23.244222495878756,-120.18367060416416
S43A11T03,variable_length,1.0,43013,0.13333333333333333,0.20251111015207898,0.8850548976688746,0.1954515492668077,0.8911183883849553,0.9079278174076888,0.9123010962558333,0.0,20.123245578960677,-123.90677602542054
S43A11T03,variable_length,1.0,43013,0.16666666666666666,0.22115868327966468,0.8826149521637955,0.21119488577794845,0.893873508199712,0.9099012677060594,0.9184841470820393,0.0,17.0093421280053,-127.69365980435698
S43A11T03,variable_length,1.0,43013,0.2,0.24134634428572727,0.8791885881955993,0.22744003787362682,0.897731445006636,0.9117130203706953,0.9260943354662415,0.0,13.90254678244017,-131.5524829713339
S43A11T03,variable_length,1.0,43013,0.23333333333333334,0.2635588254948535,0.8742209036954764,0.24422684597992206,0.9025779861714567,0.9130856712019755,0.9350367765064767,0.0,10.8028888434815,-135.49106172741133
S43A11T03,variable_length,1.0,43013,0.26666666666666666,0.28832666929832956,0.8671259123554637,0.2615953072831378,0.9082978011650591,0.9138050208370293,0.9452179644901172,0.0,7.710392934254848,-139.51684346596437
S43A11T03,variable_length,1.0,43013,0.3,0.3161847446051522,0.8573259144598421,0.27958559376909903,0.9147743767273407,0.9137726830702644,0.9565460075506637,0.0,4.625079652878775,-143.6368822299904
S43A11T03,variable_length,1.0,43013,0.3333333333333333,0.34762379971553237,0.8442950371561952,0.2982380701888028,0.9218899509792781,0.9130588238964923,0.9689308686524116,0.0,1.5469662161735045,-147.8578135841474
S43A11T03,variable_length,1.0,43013,0.36666666666666664,0.38303863071777866,0.8276037944570183,0.31759331192720525,0.9295254465248891,0.911946617528573,0.9822846163506713,0.0,-1.5239329082470165,-152.18582888164428
S43A11T03,variable_length,1.0,43013,0.4,0.42267717935347754,0.8069611133704606,0.3376921227520967,0.9375604025866418,0.9109567697966271,0.9965216898132438,0.0,-4.587605383640695,-156.62664890827241
S43A11T03,variable_length,1.0,43013,0.43333333333333335,0.4665952737673812,0.7822501468411681,0.35857555242011785,0.9458729062200779,0.9108383181087006,1.0115591833973971,0.0,-7.644040401600733,-161.1854968892773
S43A11T03,variable_length,1.0,43013,0.4666666666666667,0.5146217061624083,0.7535543923210216,0.3802849141169905,0.9543395226560859,0.9125128616298032,1.0273171566801622,0.0,-10.693228097251852,-165.86707084960167
S43A11T03,variable_length,1.0,43013,0.5,0.5663378529638897,0.7211711762729691,0.40286180170897673,0.9628352248223893,0.9169658822370036,1.0437189762747365,0.0,-13.735158984006233,-170.6755153244952
S43A11T03,variable_length,1.0,43013,0.5333333333333333,0.6210750806891332,0.6856104352779819,0.4263481067824263,0.9712333220995012,0.9250923871782089,1.0606916960711972,0.0,-16.769823409599557,-175.61439242581145
S43A11T03,variable_length,1.0,43013,0.5666666666666667,0.6779317927863693,0.6475778705666648,0.45078603544802665,0.9794053883706727,0.9375225939241127,1.0781664827499775,0.0,-19.797211035014083,-180.68665227977425
S43A11T03,variable_length,1.0,43013,0.6,0.7358102634605277,0.607942883043341,0.4762181248860119,0.98722118943032,0.9544691157166378,1.096079093556284,0.0,-22.817310337785205,-185.89460286488202
S43A11T03,variable_length,1.0,43013,0.6333333333333333,0.7934715284675266,0.5676930860347533,0.5026872596081212,0.9945486098211282,0.9756395371346196,1.1143704134041166,0.0,-25.830108141071786,-191.2398792942691
S43A11T03,variable_length,1.0,43013,0.6666666666666666,0.8496047513885437,0.5278784986842944,0.5302366874115059,1.0012535791765664,1.0002419422095705,1.132987058395643,0.0,-28.835589169756126,-196.7234126056344
S43A11T03,variable_length,1.0,43013,0.7,0.9029058649294387,0.48954959631185063,0.5589100349990603,1.007199998153021,1.027082181800986,1.1518820527741096,0.0,-31.833735634720146,-202.3453981441784
S43A11T03,variable_length,1.0,43013,0.7333333333333333,0.9521591003106602,0.45369410259206766,0.5887513232397865,1.0122496640442489,1.0547252206291586,1.171015586136792,0.0,-34.824526846326705,-208.1052636503189
S43A11T03,variable_length,1.0,43013,0.7666666666666667,0.9963144299991555,0.421177652892216,0.6198049820417789,1.01626219618046,1.0816806639301353,1.190355857359614,0.0,-37.80793885801285,-214.00163719477385
S43A11T03,variable_length,1.0,43013,0.8,1.0345540680909515,0.3926931887629121,0.652115864809234,1.0190949612252105,1.1065758267305144,1.2098800110471735,0.0,-40.783944140780555,-220.0323151394248
S43A11T03,variable_length,1.0,43013,0.8333333333333334,1.0663420289811234,0.36872317176943414,0.68572926245352,1.0206029984954819,1.128291673359017,1.2295751713189467,0.0,-43.75251128924695,-226.19423034379255
S43A11T03,variable_length,1.0,43013,0.8666666666666667,1.0914522783062197,0.3495175074591141,0.7206909169267872,1.0206389454440281,1.1460499831334887,1.2494395762496366,0.0,-46.713604759790535,-232.48342088454012
S43A11T03,variable_length,1.0,43013,0.9,1.1099730672605006,0.335088583046741,0.75704703424484,1.0190529634583565,1.1594501147233358,1.2694838141517073,0.0,-49.66718464120551,-238.89499960982891
S43A11T03,variable_length,1.0,43013,0.9333333333333333,1.1222873884620213,0.3252232214568678,0.7948442969640139,1.0156926641477597,1.16846015168498,1.289732159954458,0.0,-52.613206458148525,-245.42312491221077
S43A11T03,variable_length,1.0,43013,0.9666666666666667,1.129031844004484,0.319509828687287,0.8341298760745874,1.010403036308728,1.1733709709226425,1.3102240060169494,0.0,-55.55162100753567,-252.06097317372473
S43A11T03,variable_length,1.0,43014,0.0,0.136704023595582,0.8933747431176353,0.136704023595582,0.8933747431176353,0.9037734349424762,0.9037734349430294,0.0,108.44299752589201,-149.74193567482462
S43A11T03,variable_length,1.0,43014,0.03333333333333333,0.1522406716158446,0.890913096450981,0.15103353192602928,0.8894799274603494,0.9038270672655906,0.902211543443066,0.0,101.16351866169377,-148.97840726201116
S43A11T03,variable_length,1.0,43014,0.06666666666666667,0.16830669231021392,0.8888521621247429,0.16607874240299023,0.8848690415502554,0.9046465104062665,0.9003195929075554,0.0,93.83851048137905,-148.32401584688407
S43A11T03,variable_length,1.0,43014,0.1,0.1849966101157604,0.8869995716162746,0.1818446503495572,0.879383429573417,0.9060860807902179,0.8979881363748953,0.0,86.47015783246549,-147.7717079115307
S43A11T03,variable_length,1.0,43014,0.13333333333333333,0.20251111015207898,0.8850548976688746,0.1983365093925139,0.8728641762830937,0.9079278174076888,0.8951140939552735,0.0,79.06073453026276,-147.31509801938995
S43A11T03,variable_length,1.0,43014,0.16666666666666666,0.22115868327966468,0.8826149521637955,0.21555984694361519,0.8651522127578173,0.9099012677060594,0.8916021527873866,0.0,71.61260157540605,-146.94853215688855
S43A11T03,variable_length,1.0,43014,0.2,0.24134634428572727,0.8791885881955993,0.2335204788396885,0.8560884238705629,0.9117130203706953,0.8873664426400752,0.0,64.1282050581367,-146.6671502526037
S43A11T03,variable_length,1.0,43014,0.23333333333333334,0.2635588254948535,0.8742209036954764,0.252224523161894,0.8455137569966078,0.9130856712019755,0.8823325469208101,0.0,56.6100737441887,-146.46694740649508
S43A11T03,variable_length,1.0,43014,0.26666666666666666,0.28832666929832956,0.8671259123554637,0.2716784132555086,0.8332693314844398,0.9138050208370293,0.8764399232249499,0.0,49.06081633877077,-146.3448333892315
S43A11T03,variable_length,1.0,43014,0.3,0.3161847446051522,0.8573259144598421,0.29188890997224226,0.8191965484145389,0.9137726830702644,0.8696448244542583,0.0,41.48311842690128,-146.2986900022678
S43A11T03,variable_length,1.0,43014,0.3333333333333333,0.34762379971553237,0.8442950371561952,0.3128631131573746,0.8031372001749405,0.9130588238964923,0.8619238306720418,0.0,33.87973909023944,-146.32742592243085
S43A11T03,variable_length,1.0,43014,0.36666666666666664,0.38303863071777866,0.8276037944570183,0.3346084724039385,0.784933579390114,0.911946617528573,0.8532781222202253,0.0,26.253507202553926,-146.43102868970985
S43A11T03,variable_length,1.0,43014,0.4,0.42267717935347754,0.8069611133704606,0.3571327970957923,0.7644285867507192,0.9109567697966271,0.8437386437778978,0.0,18.60731740806298,-146.61061353306204
S43A11T03,variable_length,1.0,43014,0.43333333333333335,0.4665952737673812,0.7822501468411681,0.38044426576076307,0.7414658373060516,0.9108383181087006,0.8333723221005185,0.0,10.94412578904574,-146.8684687657437
S43A11T03,variable_length,1.0,43014,0.4666666666666667,0.5146217061624083,0.7535543923210216,0.404551434754122,0.7158897647982607,0.9125128616298032,0.8222894981121477,0.0,3.266945231351938,-147.208097518381
S43A11T03,variable_length,1.0,43014,0.5,0.5663378529638897,0.7211711762729691,0.4294632462915198,0.6875457236374759,0.9169658822370036,0.8106527012281097,0.0,-4.421159501303973,-147.6342556141993
S43A11T03,variable_length,1.0,43014,0.5333333333333333,0.6210750806891332,0.6856104352779819,0.4551890358492013,0.6562800881395466,0.9250923871782089,0.7986868049785075,0.0,-12.117076971104154,-148.1529854260803
S43A11T03,variable_length,1.0,43014,0.5666666666666667,0.6779317927863693,0.6475778705666648,0.48173853894786556,0.6219403486729047,0.9375225939241127,0.7866904201882711,0.0,-19.8176545325251,-148.77164558902152
S43A11T03,variable_length,1.0,43014,0.6,0.7358102634605277,0.607942883043341,0.5091218973349871,0.5843752043877906,0.9544691157166378,0.7750480538974659,0.0,-27.519704043727767,-149.498936473821
S43A11T03,variable_length,1.0,43014,0.6333333333333333,0.7934715284675266,0.5676930860347533,0.5373496645788013,0.5434346522294449,0.9756395371346196,0.7642420318640475,0.0,-35.22000780313775,-150.34492135814722
S43A11T03,variable_length,1.0,43014,0.6666666666666666,0.8496047513885437,0.5278784986842944,0.5664328110855185,0.4989700719665146,1.0002419422095705,0.7548624127571271,0.0,-42.91532468934216,-151.32104325940773
S43A11T03,variable_length,1.0,43014,0.7,0.9029058649294387,0.48954959631185063,0.596382728549704,0.45083430699655647,1.027082181800986,0.747612152976699,0.0,-50.60239648047529,-152.44013741987436
S43A11T03,variable_length,1.0,43014,0.7333333333333333,0.9521591003106602,0.45369410259206766,0.6272112338461762,0.398881740721818,1.0547252206291586,0.7433038241157583,0.0,-58.2779543274494,-153.7164394583227
S43A11T03,variable_length,1.0,43014,0.7666666666666667,0.9963144299991555,0.421177652892216,0.6589305723702671,0.34296836832009847,1.0816806639301353,0.7428437257413961,0.0,-65.93872535373785,-155.16558922396706
S43A11T03,variable_length,1.0,43014,0.8,1.0345540680909515,0.3926931887629121,0.6915534208318778,0.28295186376718995,1.1065758267305144,0.747200034177327,0.0,-73.58143935295215,-156.80463040781632
S43A11T03,variable_length,1.0,43014,0.8333333333333334,1.0663420289811234,0.36872317176943414,0.7250928895074817,0.21869164199881008,1.128291673359017,0.7573544300361917,0.0,-81.2028355542004,-158.65200598376856
S43A11T03,variable_length,1.0,43014,0.8666666666666667,1.0914522783062197,0.3495175074591141,0.7595625239530874,0.15004891613088067,1.1460499831334887,0.7742415030383197,0.0,-88.79966942418167,-160.72754956698012
S43A11T03,variable_length,1.0,43014,0.9,1.1099730672605006,0.335088583046741,0.7949763061801958,0.07688674968713538,1.1594501147233358,0.7986857327299397,0.0,-96.36871947418446,-163.05247279038736
S43A11T03,variable_length,1.0,43014,0.9333333333333333,1.1222873884620213,0.3252232214568678,0.8313486552959848,-0.000929896187800372,1.16846015168498,0.8313491753591641,0.0,-103.9067940396219,-165.64934881191
S43A11T03,variable_length,1.0,43014,0.9666666666666667,1.129031844004484,0.319509828687287,0.8686944276083411,-0.08353412052376563,1.1733709709226425,0.8727015285024213,0.0,-111.41073799947108,-168.54209207498715
S43A11T03,variable_length,10.0,43013,0.0,0.136704023595582,0.8933747431176353,0.136704023595582,0.8933747431176353,0.9037734349424762,0.9037734349430294,0.0,29.067684645015213,-99.18615016326183
S43A11T03,variable_length,10.0,43013,0.03333333333333333,0.1522406716158446,0.890913096450981,0.1509989540518725,0.8911872402756822,0.9038270672655906,0.9038890315497505,0.0,27.869668556866944,-104.70403449819557
S43A11T03,variable_length,10.0,43013,0.06666666666666667,0.16830669231021392,0.8888521621247429,0.16597373138524393,0.8917036299414063,0.9046465104062665,0.9070185462059867,0.0,26.668434319180225,-110.3542819190329
S43A11T03,variable_length,10.0,43013,0.1,0.1849966101157604,0.8869995716162746,0.1816832768899295,0.8947718859681864,0.9060860807902179,0.9130309638897949,0.0,25.463931081856614,-116.1388034356205
S43A11T03,variable_length,10.0,43013,0.13333333333333333,0.20251111015207898,0.8850548976688746,0.19818269282022838,0.9002378306055386,0.9079278174076888,0.9217941914483099,0.0,24.25611033133244,-122.05924520831284
S43A11T03,variable_length,10.0,43013,0.16666666666666666,0.22115868327966468,0.8826149521637955,0.21552722250010592,0.9079451677464152,0.9099012677060594,0.9331754450657583,0.0,23.04492601496778,-128.11700121347832
S43A11T03,variable_length,10.0,43013,0.2,0.24134634428572727,0.8791885881955993,0.23377220971093257,0.9177355173396097,0.9117130203706953,0.9470416705830496,0.0,21.83033466466751,-134.3132229861662
S43A11T03,variable_length,10.0,43013,0.23333333333333334,0.2635588254948535,0.8742209036954764,0.25297305743087867,0.9294484507978795,0.9130856712019755,0.9632599807308019,0.0,20.612295519484235,-140.64882595333586
S43A11T03,variable_length,10.0,43013,0.26666666666666666,0.28832666929832956,0.8671259123554637,0.2731851860023036,0.94292152721886,0.9138050208370293,0.9816980963335218,0.0,19.390770646942883,-147.12449185710784
S43A11T03,variable_length,10.0,43013,0.3,0.3161847446051522,0.8573259144598421,0.2944639908059125,0.9579903302227678,0.9137726830702644,1.0022247825127217,0.0,18.165725062813113,-153.74066675640404
S43A11T03,variable_length,10.0,43013,0.3333333333333333,0.34762379971553237,0.8442950371561952,0.3168647995224472,0.9744885051984215,0.9130588238964923,1.0247102751223172,0.0,16.937126849047075,-160.49755408746634
S43A11T03,variable_length,10.0,43013,0.36666666666666664,0.38303863071777866,0.8276037944570183,0.3404428290642076,0.9922477967374059,0.911946617528573,1.0490266965108552,0.0,15.704947269588017,-167.39510225942152
S43A11T03,variable_length,10.0,43013,0.4,0.42267717935347754,0.8069611133704606,0.3652531422597159,1.0110980860254606,0.9109567697966271,1.075048462859208,0.0,14.46916088374627,-174.43298626064947
S43A11T03,variable_length,10.0,43013,0.43333333333333335,0.4665952737673812,0.7822501468411681,0.3913506043753327,1.030867427950541,0.9108383181087006,1.1026526876379987,0.0,13.229745656830355,-181.6105827555579
S43A11T03,variable_length,10.0,43013,0.4666666666666667,0.5146217061624083,0.7535543923210216,0.41878983955757354,1.05138208767867,0.9125128616298032,1.1317195871810368,0.0,11.986683067711276,-188.9269381598106
S43A11T03,variable_length,10.0,43013,0.5,0.5663378529638897,0.7211711762729691,0.4476251872792557,1.0724665764418424,0.9169658822370036,1.1621328950996417,0.0,10.739958212992486,-196.38072919546553
S43A11T03,variable_length,10.0,43013,0.5333333333333333,0.6210750806891332,0.6856104352779819,0.4779106588714246,1.09394368627706,0.9250923871782089,1.1937802924363268,0.0,9.489559907449646,-203.9702154462252
S43A11T03,variable_length,10.0,43013,0.5666666666666667,0.6779317927863693,0.6475778705666648,0.5096998942212668,1.1156345234521978,0.9375225939241127,1.22655386024772,0.0,8.235480780400527,-211.6931834575034
S43A11T03,variable_length,10.0,43013,0.6,0.7358102634605277,0.607942883043341,0.5430461187139356,1.137358540313076,0.9544691157166378,1.260350560865651,0.0,6.97771736766039,-219.54688195672102
S43A11T03,variable_length,10.0,43013,0.6333333333333333,0.7934715284675266,0.5676930860347533,0.5780021004934105,1.1589335652869381,0.9756395371346196,1.295072753525642,0.0,5.716270198734591,-227.52794780669228
S43A11T03,variable_length,10.0,43013,0.6666666666666666,0.8496047513885437,0.5278784986842944,0.6146201081142368,1.180175830780739,1.0002419422095705,1.3306287494483064,0.0,4.451143878900652,-235.63232234976522
S43A11T03,variable_length,10.0,43013,0.7,0.9029058649294387,0.48954959631185063,0.652951868652264,1.2008999987183666,1.027082181800986,1.366933410850454,0.0,3.182347165829333,-243.85515785322994
S43A11T03,variable_length,10.0,43013,0.7333333333333333,0.9521591003106602,0.45369410259206766,0.6930485263384044,1.2209191834693236,1.0547252206291586,1.4039087977586842,0.0,1.9098930403977525,-252.19071382827417
S43A11T03,variable_length,10.0,43013,0.7666666666666667,0.9963144299991555,0.421177652892216,0.7349606017750091,1.2400449719326525,1.0816806639301353,1.4414848658858463,0.0,0.6337987713495334,-260.63224306640456
S43A11T03,variable_length,10.0,43013,0.8,1.0345540680909515,0.3926931887629121,0.7787379517897872,1.2580874405541336,1.1065758267305144,1.479600218180169,0.0,-0.6459140265376343,-269.1718673199118
S43A11T03,variable_length,10.0,43013,0.8333333333333334,1.0663420289811234,0.36872317176943414,0.8244297299773535,1.2748551690721817,1.128291673359017,1.5182029119263318,0.0,-1.9292193411113212,-277.8004426479625
S43A11T03,variable_length,10.0,43013,0.8666666666666667,1.0914522783062197,0.3495175074591141,0.8720843479735572,1.2901552508085752,1.1460499831334887,1.557251322417291,0.0,-3.216086718654067,-286.5074145587322
S43A11T03,variable_length,10.0,43013,0.9,1.1099730672605006,0.335088583046741,0.9217494375028221,1.3037932993442873,1.1594501147233358,1.5967150631696414,0.0,-4.506481227160089,-295.2806632023449
S43A11T03,variable_length,10.0,43013,0.9333333333333333,1.1222873884620213,0.3252232214568678,0.973471813233892,1.3155734514484227,1.16846015168498,1.636575961365007,0.0,-5.800363427379769,-304.1063390111162
S43A11T03,variable_length,10.0,43013,0.9666666666666667,1.129031844004484,0.319509828687287,1.0272974364747207,1.3252983661597146,1.1733709709226425,1.6768290856059667,0.0,-7.097689351922433,-312.9686893447271
S43A11T03,variable_length,10.0,43014,0.0,0.136704023595582,0.8933747431176353,0.136704023595582,0.8933747431176353,0.9037734349424762,0.9037734349430294,0.0,45.58345854790747,-89.02353044827662
S43A11T03,variable_length,10.0,43014,0.03333333333333333,0.1522406716158446,0.890913096450981,0.15106584170563853,0.8897725861043309,0.9038270672655906,0.9025054811545589,0.0,42.28243497078231,-89.80394802671415
S43A11T03,variable_length,10.0,43014,0.06666666666666667,0.16830669231021392,0.8888521621247429,0.16623767827212776,0.8859733788803542,0.9046465104062665,0.9014342980844356,0.0,38.980911053721734,-90.73889666651442
S43A11T03,variable_length,10.0,43014,0.1,0.1849966101157604,0.8869995716162746,0.1822679881883479,0.8817205940157237,0.9060860807902179,0.9003626077479385,0.0,35.679668315912515,-91.84017126631272
S43A11T03,variable_length,10.0,43014,0.13333333333333333,0.20251111015207898,0.8850548976688746,0.19920404015458454,0.8767595867646054,0.9079278174076888,0.8991049007755163,0.0,32.37948544120331,-93.1196221258129
S43A11T03,variable_length,10.0,43014,0.16666666666666666,0.22115868327966468,0.8826149521637955,0.21709193676854993,0.8708377472267328,0.9099012677060594,0.8974894378241178,0.0,29.08113746389581,-94.58914967590576
S43A11T03,variable_length,10.0,43014,0.2,0.24134634428572727,0.8791885881955993,0.2359766348539546,0.8637046451971007,0.9117130203706953,0.8953606459595185,0.0,25.785394973126913,-96.26070131369
S43A11T03,variable_length,10.0,43014,0.23333333333333334,0.2635588254948535,0.8742209036954764,0.25590196595118364,0.8551121672539708,0.9130856712019755,0.8925820045040476,0.0,22.493023337440675,-98.14626966695545
S43A11T03,variable_length,10.0,43014,0.26666666666666666,0.28832666929832956,0.8671259123554637,0.2769106568985913,0.8448146457053599,0.9138050208370293,0.8890395365242663,0.0,19.204781951024316,-100.2578916418614
S43A11T03,variable_length,10.0,43014,0.3,0.3161847446051522,0.8573259144598421,0.2990443504373759,0.8325689790856436,0.9137726830702644,0.8846460469957592,0.0,15.921423502960875,-102.60764765103106
S43A11T03,variable_length,10.0,43014,0.3333333333333333,0.34762379971553237,0.8442950371561952,0.3223436257773838,0.8181347439657655,0.9130588238964923,0.8793462755730751,0.0,12.643693270720245,-105.20766047492117
S43A11T03,variable_length,10.0,43014,0.36666666666666664,0.38303863071777866,0.8276037944570183,0.346848019065523,0.8012742979118957,0.911946617528573,0.8731231578791613,0.0,9.372328438984507,-108.07009327491957
S43A11T03,variable_length,10.0,43014,0.4,0.42267717935347754,0.8069611133704606,0.37259604370276733,0.7817528734974489,0.9109567697966271,0.866005408184887,0.0,6.108057444770339,-111.20714634995453
S43A11T03,variable_length,10.0,43014,0.43333333333333335,0.4665952737673812,0.7822501468411681,0.3996252104600009,0.7593386633413871,0.9108383181087006,0.8580766367180058,0.0,2.8515993496850447,-114.63105230732111
S43A11T03,variable_length,10.0,43014,0.4666666666666667,0.5146217061624083,0.7535543923210216,0.42797204734719974,0.7338028962110386,0.9125128616298032,0.8494861763438308,0.0,-0.39633675997876255,-118.35406940085451
S43A11T03,variable_length,10.0,43014,0.5,0.5663378529638897,0.7211711762729691,0.45767211919467077,0.7049199042896934,0.9169658822370036,0.8404616827392736,0.0,-3.6350523447293437,-122.38847287356417
S43A11T03,variable_length,10.0,43014,0.5333333333333333,0.6210750806891332,0.6856104352779819,0.48876004690926805,0.6724671817674731,0.9250923871782089,0.831323339026421,0.0,-6.863859954487539,-126.74654422557282
S43A11T03,variable_length,10.0,43014,0.5666666666666667,0.6779317927863693,0.6475778705666648,0.5212695263726754,0.6362254349680122,0.9375225939241127,0.8224990718694032,0.0,-10.082083741989416,-131.44055841005715
S43A11T03,variable_length,10.0,43014,0.6,0.7358102634605277,0.607942883043341,0.5552333469529752,0.5959786242730104,0.9544691157166378,0.8145394957642956,0.0,-13.289059946761103,-136.48276903840136
S43A11T03,variable_length,10.0,43014,0.6333333333333333,0.7934715284675266,0.5676930860347533,0.590683409604812,0.551513998151459,0.9756395371346196,0.8081302992342099,0.0,-16.48413734956108,-141.8853917497133
S43A11T03,variable_length,10.0,43014,0.6666666666666666,0.8496047513885437,0.5278784986842944,0.6276507445374824,0.5026221196401295,1.0002419422095705,0.8040985339316273,0.0,-19.666677697289977,-147.66058596815267
S43A11T03,variable_length,10.0,43014,0.7,0.9029058649294387,0.48954959631185063,0.666165528434252,0.4490968856566767,1.027082181800986,0.8034080681581511,0.0,-22.836056098471907,-153.8204353333376
S43A11T03,variable_length,10.0,43014,0.7333333333333333,0.9521591003106602,0.45369410259206766,0.7062571012100702,0.39073553955637735,1.0547252206291586,0.8071389935339915,0.0,-25.991661389505296,-160.37692714376152
S43A11T03,variable_length,10.0,43014,0.7666666666666667,0.9963144299991555,0.421177652892216,0.7479539822986461,0.3273386773681408,1.0816806639301353,0.8164470401309121,0.0,-29.132896471971563,-167.34193120019472
S43A11T03,variable_length,10.0,43014,0.8,1.0345540680909515,0.3926931887629121,0.7912838864635295,0.25871024816511523,1.1065758267305144,0.8325029618466732,0.0,-32.25917862137265,-174.72717847516043
S43A11T03,variable_length,10.0,43014,0.8333333333333334,1.0663420289811234,0.36872317176943414,0.8362737391313999,0.18465754904001708,1.128291673359017,0.8564182256230183,0.0,-35.3699397677448,-182.54424006559995
S43A11T03,variable_length,10.0,43014,0.8666666666666667,1.0914522783062197,0.3495175074591141,0.8829496912492061,0.10499121516551657,1.1460499831334887,0.8891700132932959,0.0,-38.46462674866501,-190.80450690877979
S43A11T03,variable_length,10.0,43014,0.9,1.1099730672605006,0.335088583046741,0.9313371336700794,0.0195252054257391,1.1594501147233358,0.9315417812426433,0.0,-41.542701535229874,-199.51917075644957
S43A11T03,variable_length,10.0,43014,0.9333333333333333,1.1222873884620213,0.3252232214568678,0.981460711076101,-0.07192321589351969,1.16846015168498,0.9840925141324222,0.0,-44.60364143164138,-208.69920690942524
S43A11T03,variable_length,10.0,43014,0.9666666666666667,1.129031844004484,0.319509828687287,1.0333443354489678,-0.16953350087067365,1.1733709709226425,1.0471590726928433,0.0,-47.646939249083935,-218.35535921451518
S43A11T04,variable_length,0.0,43013,0.0,0.07206093053947751,0.9053179871130516,0.07206093053947751,0.9053179871130516,0.9081813890961666,0.9081813890967172,0.0,0.0,57.50170722927101
S43A11T04,variable_length,0.0,43013,0.03333333333333333,0.08553418112561394,0.9024727832908892,0.08387623638958011,0.9015593274404685,0.9065170824213041,0.9054526182671243,0.0,0.0,48.566647668703
S43A11T04,variable_length,0.0,43013,0.06666666666666667,0.09974837101133982,0.9001469781439974,0.0976085668875747,0.8966004963780647,0.9056568443848839,0.9018979334914999,0.0,0.0,38.549785233350434
S43A11T04,variable_length,0.0,43013,0.1,0.11453717019642132,0.8984976709119937,0.11320142472004907,0.890394646890459,0.9057686393284332,0.8975618027583583,0.0,0.0,27.50474459557823
S43A11T04,variable_length,0.0,43013,0.13333333333333333,0.12976243112301666,0.8976218791970819,0.13059719229286687,0.8828958887526777,0.9069527697428661,0.8925025361376631,0.0,0.0,15.485518047931237
S43A11T04,variable_length,0.0,43013,0.16666666666666666,0.1453359041836333,0.8975350431258964,0.14973724596609936,0.874059304039283,0.9092258678039681,0.8867924840728794,0.0,0.0,2.5463337171210014
S43A11T04,variable_length,0.0,43013,0.2,0.16123923161595408,0.89815351482764,0.17056206993319872,0.863840961161519,0.9125118223942894,0.880518384749208,0.0,0.0,-11.258475397389688
S43A11T04,variable_length,0.0,43013,0.23333333333333334,0.17754017774261677,0.8992829372821619,0.193011369396457,0.8521979274135497,0.9166407780585112,0.8737818355889789,0.0,0.0,-25.87460081096151
S43A11T04,variable_length,0.0,43013,0.26666666666666666,0.194403123486885,0.9006140916119619,0.21702418270454918,0.8390882799947926,0.9213567802059615,0.8666998543349347,0.0,0.0,-41.247885653453125
S43A11T04,variable_length,0.0,43013,0.3,0.21209209818440222,0.9017273252345833,0.24253899213296867,0.8244711154816982,0.9263342955904084,0.8594054822780175,0.0,0.0,-57.32444880847643
S43A11T04,variable_length,0.0,43013,0.3333333333333333,0.2309650446498879,0.902106097322929,0.26949383300427626,0.8083065577290041,0.9312036633719449,0.8520483655849875,0.0,0.0,-74.05080546651227
S43A11T04,variable_length,0.0,43013,0.36666666666666664,0.251458604010764,0.9011595295877596,0.2978264008621254,0.7905557641873903,0.9355853393987501,0.8447952304206008,0.0,0.0,-91.37398351705477
S43A11T04,variable_length,0.0,43013,0.4,0.27406343895783974,0.898253167662246,0.3274741564308463,0.7711809306314966,0.939132323897254,0.8378301444211443,0.0,0.0,-109.24163525884904
S43A11T04,variable_length,0.0,43013,0.43333333333333335,0.2992909441238277,0.8927464799620665,0.3583744281107909,0.7501452942993296,0.9415791770845362,0.8313544330092697,0.0,0.0,-127.60214396312695
S43A11T04,variable_length,0.0,43013,0.4666666666666667,0.32763305931296205,0.8840349871725856,0.3904645117785235,0.7274131354511049,0.9427943996969882,0.8255860976217128,0.0,0.0,-146.40472488157454
S43A11T04,variable_length,0.0,43013,0.5,0.35951772990861297,0.8715943704498761,0.4236817676801029,0.7029497773624492,0.9428307084087568,0.820758569714294,0.0,0.0,-165.5995203476826
S43A11T04,variable_length,0.0,43013,0.5333333333333333,0.3952632645398912,0.855023498097745,0.4579637142250391,0.6767215847735601,0.9419650899019755,0.8171186369470665,0.0,0.0,-185.13768867640704
S43A11T04,variable_length,0.0,43013,0.5666666666666667,0.4350353368160756,0.8340830887999403,0.4932481185078425,0.6486959608223111,0.9407179935032206,0.8149234049895168,0.0,0.0,-204.9714866220042
S43A11T04,variable_length,0.0,43013,0.6,0.4788105867492435,0.8087267409573585,0.5294730834033211,0.618841342495347,0.9398396243629363,0.8144362180251217,0.0,0.0,-225.05434520700942
S43A11T04,variable_length,0.0,43013,0.6333333333333333,0.5263506369234873,0.7791213381341402,0.5665771311007961,0.5871271946368826,0.9402526535595068,0.8159215576080733,0.0,0.0,-245.3409387861477
S43A11T04,variable_length,0.0,43013,0.6666666666666666,0.5771898148426886,0.7456544070084805,0.6044992829610962,0.5535240025601601,0.9429467519692223,0.8196390696591395,0.0,0.0,-265.7872472572015
S43A11T04,variable_length,0.0,43013,0.7,0.6306389694540767,0.7089268468634785,0.6431791355984655,0.5180032633113042,0.9488323265982741,0.8258370185886253,0.0,0.0,-286.3506113763052
S43A11T04,variable_length,0.0,43013,0.7333333333333333,0.6858065331445398,0.6697305264382982,0.6825569331073104,0.48053747563961297,0.9585768508299441,0.8347456094092073,0.0,0.0,-306.98978117765233
S43A11T04,variable_length,0.0,43013,0.7666666666666667,0.7416365020753988,0.6290114783641252,0.7225736353709346,0.4411001287321353,0.9724608686854476,0.8465707189016607,0.0,0.0,-327.6649575371588
S43A11T04,variable_length,0.0,43013,0.8,0.7969614197666249,0.5878207056904733,0.7631709824060262,0.399665689773683,0.990293232651259,0.8614886023447164,0.0,0.0,-348.33782695621994
S43A11T04,variable_length,0.0,43013,0.8333333333333334,0.8505669134265599,0.5472558192475706,0.804291554712622,0.356209590396235,1.0114113930129098,0.8796420733874092,0.0,0.0,-368.97158967542185
S43A11T04,variable_length,0.0,43013,0.8666666666666667,0.9012630248438953,0.5083977109952353,0.8458788296145314,0.31070821208399335,1.034767255229872,0.9011384951534815,0.0,0.0,-389.5309812589741
S43A11T04,variable_length,0.0,43013,0.9,0.9479566648756524,0.4722471092776273,0.887877233589757,0.26313887060218555,1.0590746766414751,0.9260497001510198,0.0,0.0,-409.98228781889895
S43A11T04,variable_length,0.0,43013,0.9333333333333333,0.9897191384195119,0.4396660582305844,0.9302321906042459,0.21347979951905705,1.0829820939027017,0.9544137222609862,0.0,0.0,-430.2933550737008
S43A11T04,variable_length,0.0,43013,0.9666666666666667,1.0258429170875636,0.4113290628874464,0.9728901664753703,0.16171013289142455,1.1052353995934925,0.9862380255826865,0.0,0.0,-450.4335914595546
S43A11T04,variable_length,0.0,43013,1.0,1.0558826898479265,0.387687849769364,1.015798709303836,0.10780988718464268,1.1248067049850323,1.021503788343002,0.0,0.0,-470.3739655330512
S43A11T04,variable_length,0.0,43013,1.0333333333333334,1.0796771274423196,0.3689524791104205,1.0589064860242532,0.05175994249794813,1.140977051199464,1.0601707587896503,0.0,0.0,-490.0869979233697
S43A11T04,variable_length,0.0,43014,0.0,0.07206093053947751,0.9053179871130516,0.07206093053947751,0.9053179871130516,0.9081813890961666,0.9081813890967172,0.0,0.0,111.4880675394812
S43A11T04,variable_length,0.0,43014,0.03333333333333333,0.08553418112561394,0.9024727832908892,0.08445932521588191,0.9017142302072897,0.9065170824213041,0.9056610461840827,0.0,0.0,104.39835240871318
S43A11T04,variable_length,0.0,43014,0.06666666666666667,0.09974837101133982,0.9001469781439974,0.09997705108505109,0.8972275737617637,0.9056568443848839,0.9027805546549416,0.0,0.0,95.46510371810567
S43A11T04,variable_length,0.0,43014,0.1,0.11453717019642132,0.8984976709119937,0.11861119630610026,0.8918214059212696,0.9057686393284332,0.8996744055209941,0.0,0.0,84.70145310326173
S43A11T04,variable_length,0.0,43014,0.13333333333333333,0.12976243112301666,0.8976218791970819,0.14035677307997727,0.8854587806225716,0.9069527697428661,0.896513957466383,0.0,0.0,72.12249512030195
S43A11T04,variable_length,0.0,43014,0.16666666666666666,0.1453359041836333,0.8975350431258964,0.16520664966253182,0.8781024288764162,0.9092258678039681,0.8935083170806974,0.0,0.0,57.74536096468543
S43A11T04,variable_length,0.0,43014,0.2,0.16123923161595408,0.89815351482764,0.1931514815834261,0.8697147716137307,0.9125118223942894,0.8909047529349006,0.0,0.0,41.58929200975763
S43A11T04,variable_length,0.0,43014,0.23333333333333334,0.17754017774261677,0.8992829372821619,0.22417964225679238,0.8602579342003093,0.9166407780585112,0.8889883156476057,0.0,0.0,23.67571266187383
S43A11T04,variable_length,0.0,43014,0.26666666666666666,0.194403123486885,0.9006140916119619,0.2582771532033548,0.8496937627248466,0.9213567802059615,0.8880802769352201,0.0,0.0,4.028301951937323
S43A11T04,variable_length,0.0,43014,0.3,0.21209209818440222,0.9017273252345833,0.2954276141402492,0.837983842164828,0.9263342955904084,0.8885349711333411,0.0,0.0,-17.3269367998179
S43A11T04,variable_length,0.0,43014,0.3333333333333333,0.2309650446498879,0.902106097322929,0.3356121332339621,0.8250895165334098,0.9312036633719449,0.8907346486289767,0.0,0.0,-40.361608997806854
S43A11T04,variable_length,0.0,43014,0.36666666666666664,0.251458604010764,0.9011595295877596,0.3788092578535882,0.8109719111078992,0.9355853393987501,0.8950820601724653,0.0,0.0,-65.04486531019194
S43A11T04,variable_length,0.0,43014,0.4,0.27406343895783974,0.898253167662246,0.4249949062058275,0.7955919568366432,0.939132323897254,0.9019907050990377,0.0,0.0,-91.3433426788637
S43A11T04,variable_length,0.0,43014,0.43333333333333335,0.2992909441238277,0.8927464799620665,0.47414230027962,0.7789104170159407,0.9415791770845362,0.9118729948032214,0.0,0.0,-119.22111084984294
S43A11T04,variable_length,0.0,43014,0.4666666666666667,0.32763305931296205,0.8840349871725856,0.5262219005767718,0.7608879163218998,0.9427943996969882,0.9251269695843443,0.0,0.0,-148.6396255809196
S43A11T04,variable_length,0.0,43014,0.5,0.35951772990861297,0.8715943704498761,0.5812013431549905,0.7414849722738455,0.9428307084087568,0.9421225851204876,0.0,0.0,-179.55768979290283
S43A11T04,variable_length,0.0,43014,0.5333333333333333,0.3952632645398912,0.855023498097745,0.6390453795610198,0.7206620291958754,0.9419650899019755,0.9631888482867753,0.0,0.0,-211.93142404122767
S43A11T04,variable_length,0.0,43014,0.5666666666666667,0.4350353368160756,0.8340830887999403,0.6997158202834526,0.6983794947313696,0.9407179935032206,0.9886031295809193,0.0,0.0,-245.71424779389744
S43A11T04,variable_length,0.0,43014,0.6,0.4788105867492435,0.8087267409573585,0.7631714824067256,0.6745977789516229,0.9398396243629363,1.0185837594063347,0.0,0.0,-280.85687310755156
S43A11T04,variable_length,0.0,43014,0.6333333333333333,0.5263506369234873,0.7791213381341402,0.8293681421989598,0.649277336084265,0.9402526535595068,1.0532865585624045,0.0,0.0,-317.3073123929278
S43A11T04,variable_length,0.0,43014,0.6666666666666666,0.5771898148426886,0.7456544070084805,0.8982584934158833,0.6223787088697279,0.9429467519692223,1.0928053707083993,0.0,0.0,-355.0109020507997
S43A11T04,variable_length,0.0,43014,0.7,0.6306389694540767,0.7089268468634785,0.9697921121500761,0.5938625755347388,0.9488323265982741,1.1371761074742377,0.0,0.0,-393.9103438355737
S43A11T04,variable_length,0.0,43014,0.7333333333333333,0.6858065331445398,0.6697305264382982,1.0439154290980959,0.5636897993506964,0.9585768508299441,1.1863834173664474,0.0,0.0,-433.94576586153374
S43A11T04,variable_length,0.0,43014,0.7666666666666667,0.7416365020753988,0.6290114783641252,1.1205717101565378,0.5318214807218972,0.9724608686854476,1.2403689148641943,0.0,0.0,-475.05480520098826
S43A11T04,variable_length,0.0,43014,0.8,0.7969614197666249,0.5878207056904733,1.199701046290381,0.4982190117240324,0.990293232651259,1.299039947081885,0.0,0.0,-517.1727140284299
S43A11T04,variable_length,0.0,43014,0.8333333333333334,0.8505669134265599,0.5472558192475706,1.2812403536417563,0.46284413298729715,1.0114113930129098,1.3622780682525193,0.0,0.0,-560.2324912339147
S43A11T04,variable_length,0.0,43014,0.8666666666666667,0.9012630248438953,0.5083977109952353,1.365123384863021,0.4256589927910361,1.034767255229872,1.429946654265379,0.0,0.0,-604.1650413553771
S43A11T04,variable_length,0.0,43014,0.9,0.9479566648756524,0.4722471092776273,1.4512807526632554,0.386626208208288,1.0590746766414751,1.5018973493302874,0.0,0.0,-648.8993625564228
S43A11T04,variable_length,0.0,43014,0.9333333333333333,0.9897191384195119,0.4396660582305844,1.5396399665504281,0.34570892810914006,1.0829820939027017,1.5779752499880264,0.0,0.0,-694.3627651962094
S43A11T04,variable_length,0.0,43014,0.9666666666666667,1.0258429170875636,0.4113290628874464,1.6301254837310823,0.30287089780174214,1.1052353995934925,1.6580228808571156,0.0,0.0,-740.481122294444
S43A11T04,variable_length,0.0,43014,1.0,1.0558826898479265,0.387687849769364,1.7226587750937619,0.25807652505948087,1.1248067049850323,1.7418831040558713,0.0,0.0,-787.1791528809879
S43A11T04,variable_length,0.0,43014,1.0333333333333334,1.0796771274423196,0.3689524791104205,1.8171584071504283,0.2112909472525175,1.140977051199464,1.8294011427429873,0.0,0.0,-834.3807388308705
S43A11T04,variable_length,0.01,43013,0.0,0.07206093053947751,0.9053179871130516,0.07206093053947751,0.9053179871130516,0.9081813890961666,0.9081813890967172,0.0,-56.9670773617552,105.59532506528598
S43A11T04,variable_length,0.01,43013,0.03333333333333333,0.08553418112561394,0.9024727832908892,0.08380271332386145,0.9017050012559408,0.9065170824213041,0.9055908590811954,0.0,-64.77043664680909,106.469405881455
S43A11T04,variable_length,0.01,43013,0.06666666666666667,0.09974837101133982,0.9001469781439974,0.09733915782404315,0.8971315731145673,0.9056568443848839,0.9023967925064407,0.0,-72.57924059471318,106.40731224778496
S43A11T04,variable_length,0.01,43013,0.1,0.11453717019642132,0.8984976709119937,0.11265046480008326,0.8914727722181299,0.9057686393284332,0.8985620906909842,0.0,-80.39044661342052,105.4472505073324
S43A11T04,variable_length,0.01,43013,0.13333333333333333,0.12976243112301666,0.8976218791970819,0.12971524413056768,0.8846037971299263,0.9069527697428661,0.8940637127506835,0.0,-88.20098300454737,103.62848402571036
S43A11T04,variable_length,0.01,43013,0.16666666666666666,0.1453359041836333,0.8975350431258964,0.14851058705001985,0.876400052954158,0.9092258678039681,0.888893946027867,0.0,-96.00775466585085,100.99121716968179
S43A11T04,variable_length,0.01,43013,0.2,0.16123923161595408,0.89815351482764,0.16901214019164915,0.8667372321968551,0.9125118223942894,0.88306202115674,0.0,-103.8076489573097,97.57646778283694
S43A11T04,variable_length,0.01,43013,0.23333333333333334,0.17754017774261677,0.8992829372821619,0.191194181201933,0.8554913989256899,0.9166407780585112,0.8765961148455493,0.0,-111.59754170618328,93.42592884441345
S43A11T04,variable_length,0.01,43013,0.26666666666666666,0.194403123486885,0.9006140916119619,0.21502969569321392,0.8425390761384449,0.9213567802059615,0.8695457807678331,0.0,-119.37430332507961,88.58182017377047
S43A11T04,variable_length,0.01,43013,0.3,0.21209209818440222,0.9017273252345833,0.2404904553006929,0.8277573362132388,0.9263342955904084,0.8619848413670459,0.0,-127.13480501589846,83.08673121538722
S43A11T04,variable_length,0.01,43013,0.3333333333333333,0.2309650446498879,0.902106097322929,0.26754709661091325,0.8110238942757014,0.9312036633719449,0.854014757479081,0.0,-134.87592503155898,76.98345610439598
S43A11T04,variable_length,0.01,43013,0.36666666666666664,0.251458604010764,0.9011595295877596,0.29616920073004804,0.7922172042795217,0.9355853393987501,0.8457684637171906,0.0,-142.59455496667672,70.31482236730669
S43A11T04,variable_length,0.01,43013,0.4,0.27406343895783974,0.898253167662246,0.32632537326204725,0.7712165575576616,0.939132323897254,0.837414609310528,0.0,-150.28760604784225,63.12351475339791
S43A11T04,variable_length,0.01,43013,0.43333333333333335,0.2992909441238277,0.8927464799620665,0.3579833244689611,0.7479021835625608,0.9415791770845362,0.8291620690652074,0.0,-157.95201539387043,55.45189581591954
S43A11T04,variable_length,0.01,43013,0.4666666666666667,0.32763305931296205,0.8840349871725856,0.3911099493885801,0.7221553524753824,0.9427943996969882,0.8212644797022343,0.0,-165.58475221635913,47.34182496558557
S43A11T04,variable_length,0.01,43013,0.5,0.35951772990861297,0.8715943704498761,0.42567140768790573,0.693858479327383,0.9428307084087568,0.8140244079009619,0.0,-173.18282393110184,38.8344777988392
S43A11T04,variable_length,0.01,43013,0.5333333333333333,0.3952632645398912,0.855023498097745,0.46163320303495203,0.6628952292413963,0.9419650899019755,0.8077965703667679,0.0,-180.74328215135597,29.970167557409184
S43A11T04,variable_length,0.01,43013,0.5666666666666667,0.4350353368160756,0.8340830887999403,0.49896026177597297,0.6291506233688261,0.9407179935032206,0.8029893210484993,0.0,-188.26322853467136,20.7881706015132
S43A11T04,variable_length,0.01,43013,0.6,0.4788105867492435,0.8087267409573585,0.5376170107104568,0.5925111450680148,0.9398396243629363,0.8000634395071791,0.0,-195.73982045591413,11.326557775002925
S43A11T04,variable_length,0.01,43013,0.6333333333333333,0.5263506369234873,0.7791213381341402,0.5775674537621551,0.5528648458439849,0.9402526535595068,0.7995271736572762,0.0,-203.17027648029116,1.6220335056927695
S43A11T04,variable_length,0.01,43013,0.6666666666666666,0.5771898148426886,0.7456544070084805,0.6187752473510251,0.5101014505478415,0.9429467519692223,0.8019266154619974,0.0,-210.55188161155775,-8.290215582340323
S43A11T04,variable_length,0.01,43013,0.7,0.6306389694540767,0.7089268468634785,0.6612037742782976,0.4641124613170906,0.9488323265982741,0.8078309277755301,0.0,-217.88199229217082,-18.376660865243764
S43A11T04,variable_length,0.01,43013,0.7333333333333333,0.6858065331445398,0.6697305264382982,0.7048162159449449,0.4147912597261535,0.9585768508299441,0.8178127459297517,0.0,-225.15804113391837,-28.605559172987995
S43A11T04,variable_length,0.01,43013,0.7666666666666667,0.7416365020753988,0.6290114783641252,0.7495756227325978,0.36203320660981847,0.9724608686854476,0.8324251659363436,0.0,-232.37754135947876,-38.94706610415926
S43A11T04,variable_length,0.01,43013,0.8,0.7969614197666249,0.5878207056904733,0.7954449823854781,0.30573573902151996,0.990293232651259,0.852177834796393,0.0,-239.53809093743396,-49.37333398742166
S43A11T04,variable_length,0.01,43013,0.8333333333333334,0.8505669134265599,0.5472558192475706,0.8423872862421202,0.2457984637933187,1.0114113930129098,0.8775153701369106,0.0,-246.63737639545067,-59.85859347888564
S43A11T04,variable_length,0.01,43013,0.8666666666666667,0.9012630248438953,0.5083977109952353,0.8903655931765553,0.18212324717540873,1.034767255229872,0.9088012800801692,0.0,-253.67317629861657,-70.37921800693351
S43A11T04,variable_length,0.01,43013,0.9,0.9479566648756524,0.4722471092776273,0.9393430911201536,0.11461430004979056,1.0590746766414751,0.9463096113915723,0.0,-260.64336438227616,-80.9137705124786
S43A11T04,variable_length,0.01,43013,0.9333333333333333,0.9897191384195119,0.4396660582305844,0.9892831560474481,0.04317825823536381,1.0829820939027017,0.9902249869723746,0.0,-267.5459123310906,-91.44303217849733
S43A11T04,variable_length,0.01,43013,0.9666666666666667,1.0258429170875636,0.4113290628874464,1.0401494083219158,-0.03227574257016519,1.1052353995934925,1.0406500445355717,0.0,-274.3788921984603,-101.95001309285118
S43A11T04,variable_length,0.01,43013,1.0,1.0558826898479265,0.387687849769364,1.091905766310771,-0.11183599763281282,1.1248067049850323,1.0976180997369889,0.0,-281.14047846283785,-112.41994503783201
S43A11T04,variable_length,0.01,43013,1.0333333333333334,1.0796771274423196,0.3689524791104205,1.144516497191323,-0.19558817019238206,1.140977051199464,1.161108412105993,0.0,-287.82894971982574,-122.84025684338076
S43A11T04,variable_length,0.01,43014,0.0,0.07206093053947751,0.9053179871130516,0.07206093053947751,0.9053179871130516,0.9081813890961666,0.9081813890967172,0.0,113.0013269340935,-32.09993081747123
S43A11T04,variable_length,0.01,43014,0.03333333333333333,0.08553418112561394,0.9024727832908892,0.08418462231950595,0.9022111470221793,0.9065170824213041,0.9061302359192934,0.0,107.68985066678742,-33.008076432752745
S43A11T04,variable_length,0.01,43014,0.06666666666666667,0.09974837101133982,0.9001469781439974,0.09889297459823183,0.899193024452071,0.9056568443848839,0.9046147885421448,0.0,102.38162594043902,-35.373020938777216
S43A11T04,variable_length,0.01,43014,0.1,0.11453717019642132,0.8984976709119937,0.11620581021974564,0.896193226324722,0.9057686393284332,0.903695794634534,0.0,97.0771303476059,-39.18600446059662
S43A11T04,variable_length,0.01,43014,0.13333333333333333,0.12976243112301666,0.8976218791970819,0.13614174244573643,0.8931403812391454,0.9069527697428661,0.9034568692733301,0.0,91.77679452714648,-44.436722428513875
S43A11T04,variable_length,0.01,43014,0.16666666666666666,0.1453359041836333,0.8975350431258964,0.15871813693145273,0.8899621039204776,0.9092258678039681,0.9040044211211328,0.0,86.48100284624243,-51.11322575127457
S43A11T04,variable_length,0.01,43014,0.2,0.16123923161595408,0.89815351482764,0.18395107323380117,0.886584958430601,0.9125118223942894,0.9054672196497551,0.0,81.1900942399359,-59.20181615878863
S43A11T04,variable_length,0.01,43014,0.23333333333333334,0.17754017774261677,0.8992829372821619,0.21185530585124518,0.8829344202094507,0.9166407780585112,0.9079955181656589,0.0,75.90436319696329,-68.68693688589093
S43A11T04,variable_length,0.01,43014,0.26666666666666666,0.194403123486885,0.9006140916119619,0.24244422480026873,0.878934837028466,0.9213567802059615,0.9117596447980462,0.0,70.624060880437,-79.55105893287298
S43A11T04,variable_length,0.01,43014,0.3,0.21209209818440222,0.9017273252345833,0.2757298157390406,0.874509388951008,0.9263342955904084,0.9169479825224278,0.0,65.34939637182974,-91.77456321139162
S43A11T04,variable_length,0.01,43014,0.3333333333333333,0.2309650446498879,0.902106097322929,0.311722619655619,0.8695800474090093,0.9312036633719449,0.9237642829519966,0.0,60.08053802672619,-105.33561896661546
S43A11T04,variable_length,0.01,43014,0.36666666666666664,0.251458604010764,0.9011595295877596,0.35043169214561387,0.8640675335207494,0.9355853393987501,0.9324242989892905,0.0,54.81761493092852,-120.2100589588376
S43A11T04,variable_length,0.01,43014,0.4,0.27406343895783974,0.898253167662246,0.39186456231274197,0.857891275791477,0.939132323897254,0.9431517779640162,0.0,49.56071844571422,-136.37125199098028
S43A11T04,variable_length,0.01,43014,0.43333333333333335,0.2992909441238277,0.8927464799620665,0.4360271913352003,0.8509693673567046,0.9415791770845362,0.9561739254780656,0.0,44.30990383134339,-153.78997348309053
S43A11T04,variable_length,0.01,43014,0.4666666666666667,0.32763305931296205,0.8840349871725856,0.48292393075132223,0.8432185229474091,0.9427943996969882,0.9717165226211387,0.0,39.0651919382748,-172.4342749216835
S43A11T04,variable_length,0.01,43014,0.5,0.35951772990861297,0.8715943704498761,0.5325574805295749,0.8345540357771237,0.9428307084087568,0.9899989437877664,0.0,33.82657095598185,-192.26935315111345
S43A11T04,variable_length,0.01,43014,0.5333333333333333,0.3952632645398912,0.855023498097745,0.5849288470006817,0.8248897345730273,0.9419650899019755,1.0112293658011058,0.0,28.593998209731595,-213.2574206263896
S43A11T04,variable_length,0.01,43014,0.5666666666666667,0.4350353368160756,0.8340830887999403,0.6400373007435232,0.8141379409966306,0.9407179935032206,1.035600469927611,0.0,23.36740199620632,-235.35757791217048
S43A11T04,variable_length,0.01,43014,0.6,0.4788105867492435,0.8087267409573585,0.6978803345314907,0.8022094277245243,0.9398396243629363,1.063285910400817,0.0,18.146683449386426,-258.5256898909877
S43A11T04,variable_length,0.01,43014,0.6333333333333333,0.5263506369234873,0.7791213381341402,0.7584536214622049,0.7890133774858621,0.9402526535595068,1.0944377578290057,0.0,12.93171842867866,-282.7142673347172
S43A11T04,variable_length,0.01,43014,0.6666666666666666,0.5771898148426886,0.7456544070084805,0.8217509734109003,0.7744573433807559,0.9429467519692223,1.1291850331186384,0.0,7.722359421840742,-307.87235569618696
S43A11T04,variable_length,0.01,43014,0.7,0.6306389694540767,0.7089268468634785,0.8877642999663403,0.7584472108324807,0.9488323265982741,1.1676333430984642,0.0,2.5184374558297358,-333.94543319145964
S43A11T04,variable_length,0.01,43014,0.7333333333333333,0.6858065331445398,0.6697305264382982,0.9564835680278484,0.7408871615562129,0.9585768508299441,1.2098655305723467,0.0,-2.6802359907280766,-360.875320466095
S43A11T04,variable_length,0.01,43014,0.7666666666666667,0.7416365020753988,0.6290114783641252,1.0278967622628046,0.7216796399578267,0.9724608686854476,1.255943174112991,0.0,-7.873867079192216,-388.60010436833204
S43A11T04,variable_length,0.01,43014,0.8,0.7969614197666249,0.5878207056904733,1.1019898466457514,0.700725322407842,0.990293232651259,1.3059087255910733,0.0,-13.062677711888606,-417.0540785857463
S43A11T04,variable_length,0.01,43014,0.8333333333333334,0.8505669134265599,0.5472558192475706,1.1787467273229502,0.6779230898677466,1.0114113930129098,1.3597880581000108,0.0,-18.246903647097312,-446.1677041358773
S43A11T04,variable_length,0.01,43014,0.8666666666666667,0.9012630248438953,0.5083977109952353,1.258149217069668,0.6531700043783037,1.034767255229872,1.4175932092929806,0.0,-23.426792632228643,-475.86759293105916
S43A11T04,variable_length,0.01,43014,0.9,0.9479566648756524,0.4722471092776273,1.3401770016315453,0.6263612899517775,1.0590746766414751,1.479325137099067,0.0,-28.60260255890256,-506.07651785785066
S43A11T04,variable_length,0.01,43014,0.9333333333333333,0.9897191384195119,0.4396660582305844,1.4248076082658556,0.5973903184418661,1.0829820939027017,1.544976347113878,0.0,-33.77459964320454,-536.7134530156434
S43A11T04,variable_length,0.01,43014,0.9666666666666667,1.0258429170875636,0.4113290628874464,1.5120163768230817,0.5661486009960436,1.1052353995934925,1.6145332954733318,0.0,-38.9430566339861,-567.6936479397838
S43A11T04,variable_length,0.01,43014,1.0,1.0558826898479265,0.387687849769364,1.601776433733756,0.5325257857244736,1.1248067049850323,1.6879785117492752,0.0,-44.10825105170269,-598.9287397834506
S43A11T04,variable_length,0.01,43014,1.0333333333333334,1.0796771274423196,0.3689524791104205,1.6940586692895485,0.49640966224702926,1.140977051199464,1.765292419903367,0.0,-49.270463459943244,-630.326907539943
S43A11T04,variable_length,0.1,43013,0.0,0.07206093053947751,0.9053179871130516,0.07206093053947751,0.9053179871130516,0.9081813890961666,0.9081813890967172,0.0,22.218389243989748,21.797186538830623
S43A11T04,variable_length,0.1,43013,0.03333333333333333,0.08553418112561394,0.9024727832908892,0.08377911708205217,0.9019606584158858,0.9065170824213041,0.9058432368738348,0.0,10.861205016878019,27.134304106020146
S43A11T04,variable_length,0.1,43013,0.06666666666666667,0.09974837101133982,0.9001469781439974,0.09725816416437738,0.8981206595613744,0.9056568443848839,0.9033713907516571,0.0,-0.5174827483225382,31.606305130320276
S43A11T04,variable_length,0.1,43013,0.1,0.11453717019642132,0.8984976709119937,0.11249777157449181,0.8936205477559158,0.9057686393284332,0.9006738765956352,0.0,-11.91158673968347,35.24756067431544
S43A11T04,variable_length,0.1,43013,0.13333333333333333,0.12976243112301666,0.8976218791970819,0.12949519867496592,0.8882800113816225,0.9069527697428661,0.8976694186063175,0.0,-23.31492150571587,38.09578096728397
S43A11T04,variable_length,0.1,43013,0.16666666666666666,0.1453359041836333,0.8975350431258964,0.1482452589433213,0.8819158774076524,0.9092258678039681,0.8942886959052326,0.0,-34.721218797086564,40.19207904974384
S43A11T04,variable_length,0.1,43013,0.2,0.16123923161595408,0.89815351482764,0.16874032232410802,0.8743421387278856,0.9125118223942894,0.890475980548772,0.0,-46.124143723192184,41.58098733524195
S43A11T04,variable_length,0.1,43013,0.23333333333333334,0.17754017774261677,0.8992829372821619,0.19097032608509193,0.865370003692134,0.9166407780585112,0.8861912371131698,0.0,-57.51731163355846,42.3104194700751
S43A11T04,variable_length,0.1,43013,0.26666666666666666,0.194403123486885,0.9006140916119619,0.2149227948575802,0.8548079700591809,0.9213567802059615,0.8814127713092719,0.0,-68.89430562280083,42.43157010532386
S43A11T04,variable_length,0.1,43013,0.3,0.21209209818440222,0.9017273252345833,0.24058287051337096,0.8424619255120819,0.9263342955904084,0.8761405215620255,0.0,-80.24869454764948,41.99874572163466
S43A11T04,variable_length,0.1,43013,0.3333333333333333,0.2309650446498879,0.902106097322929,0.2679333524863687,0.8281352767335859,0.9312036633719449,0.8704000907319561,0.0,-91.57405143555034,41.06912050400703
S43A11T04,variable_length,0.1,43013,0.36666666666666664,0.251458604010764,0.9011595295877596,0.296954749083982,0.8116291088372116,0.9355853393987501,0.8642476111140932,0.0,-102.86397215681524,39.70241248161422
S43A11T04,variable_length,0.1,43013,0.4,0.27406343895783974,0.898253167662246,0.3276253402508011,0.7927423766835637,0.939132323897254,0.8577755180496576,0.0,-114.11209422639374,37.96047674448316
S43A11T04,variable_length,0.1,43013,0.43333333333333335,0.2992909441238277,0.8927464799620665,0.3599212521439551,0.7712721292794393,0.9415791770845362,0.8511192661132237,0.0,-125.31211559724501,35.90681452683906
S43A11T04,variable_length,0.1,43013,0.4666666666666667,0.32763305931296205,0.8840349871725856,0.39381654375577885,0.7470137680585917,0.9427943996969882,0.8444649429110972,0.0,-136.4578133050998,33.60599928838786
S43A11T04,variable_length,0.1,43013,0.5,0.35951772990861297,0.8715943704498761,0.4292833056754415,0.7197613393793065,0.9428307084087568,0.8380576007636514,0.0,-147.54306182421485,31.123023589201864
S43A11T04,variable_length,0.1,43013,0.5333333333333333,0.3952632645398912,0.855023498097745,0.4662917709182665,0.6893078610493526,0.9419650899019755,0.8322099151845805,0.0,-158.5618509955485,28.522573475304853
S43A11T04,variable_length,0.1,43013,0.5666666666666667,0.4350353368160756,0.8340830887999403,0.5048104375716993,0.6554456821103058,0.9407179935032206,0.8273104738122047,0.0,-169.50830339262288,25.86824017856813
S43A11T04,variable_length,0.1,43013,0.6,0.4788105867492435,0.8087267409573585,0.5448062028132519,0.6179668744905086,0.9398396243629363,0.8238305994513448,0.0,-180.3766909961108,23.22168206887065
S43A11T04,variable_length,0.1,43013,0.6333333333333333,0.5263506369234873,0.7791213381341402,0.5862445076521744,0.5766636544817353,0.9402526535595068,0.8223281541778625,0.0,-191.16145105579585,20.641752839156652
S43A11T04,variable_length,0.1,43013,0.6666666666666666,0.5771898148426886,0.7456544070084805,0.6290894915378022,0.5313288313244363,0.9429467519692223,0.8234463645926684,0.0,-201.857201027842,18.183614698454818
S43A11T04,variable_length,0.1,43013,0.7,0.6306389694540767,0.7089268468634785,0.6733041557690223,0.4817562795181676,0.9488323265982741,0.8279055495840226,0.0,-212.45875248609582,15.89785772809617
S43A11T04,variable_length,0.1,43013,0.7333333333333333,0.6858065331445398,0.6697305264382982,0.7188505344371894,0.4277414308273056,0.9585768508299441,0.8364859965999571,0.0,-222.96112391820515,13.829648356288942
S43A11T04,variable_length,0.1,43013,0.7666666666666667,0.7416365020753988,0.6290114783641252,0.7656898714456273,0.3690817813485732,0.9724608686854476,0.8500013767982127,0.0,-233.35955233043165,12.01793097119571
S43A11T04,variable_length,0.1,43013,0.8,0.7969614197666249,0.5878207056904733,0.813782801979205,0.305577408467839,0.990293232651259,0.8692640573289836,0.0,-243.64950359890176,10.494706891273523
S43A11T04,variable_length,0.1,43013,0.8333333333333334,0.8505669134265599,0.5472558192475706,0.8630895366539426,0.23703149208025087,1.0114113930129098,0.8950460750823431,0.0,-253.82668151940652,9.284414147616019
S43A11T04,variable_length,0.1,43013,0.8666666666666667,0.9012630248438953,0.5083977109952353,0.9135700464651944,0.1632508340996045,1.034767255229872,0.9280415209642475,0.0,-263.88703552245784,8.403429756045568
S43A11T04,variable_length,0.1,43013,0.9,0.9479566648756524,0.4722471092776273,0.9651842465790159,0.08404637005707039,1.0590746766414751,0.9688366333727646,0.0,-273.8267670348673,7.859713370712598
S43A11T04,variable_length,0.1,43013,0.9333333333333333,0.9897191384195119,0.4396660582305844,1.0178921769790292,-0.0007663335005115846,1.0829820939027017,1.0178924654516024,0.0,-283.64233448337944,7.652607479304436
S43A11T04,variable_length,0.1,43013,0.9666666666666667,1.0258429170875636,0.4113290628874464,1.0716541779933504,-0.09136660204739766,1.1052353995934925,1.0755419718361954,0.0,-293.33045694963016,7.772804746198744
S43A11T04,variable_length,0.1,43013,1.0,1.0558826898479265,0.387687849769364,1.1264310587842261,-0.18792820258113663,1.1248067049850323,1.1419999735201964,0.0,-302.88811649870223,8.202487913895538
S43A11T04,variable_length,0.1,43013,1.0333333333333334,1.0796771274423196,0.3689524791104205,1.1821842569865764,-0.2906189252686666,1.140977051199464,1.217382017771011,0.0,-312.31255921562155,8.915642062467555
S43A11T04,variable_length,0.1,43014,0.0,0.07206093053947751,0.9053179871130516,0.07206093053947751,0.9053179871130516,0.9081813890961666,0.9081813890967172,0.0,287.9801664146017,-221.33200017668688
S43A11T04,variable_length,0.1,43014,0.03333333333333333,0.08553418112561394,0.9024727832908892,0.08403357432315102,0.9021548978083613,0.9065170824213041,0.9060602084045736,0.0,281.6242185778326,-220.48122274402579
S43A11T04,variable_length,0.1,43014,0.06666666666666667,0.09974837101133982,0.9001469781439974,0.09829610297096525,0.898969253537734,0.9056568443848839,0.9043272873614228,0.0,275.2288520153602,-220.85663145699522
S43A11T04,variable_length,0.1,43014,0.1,0.11453717019642132,0.8984976709119937,0.11487976133122695,0.8956927746531812,0.9057686393284332,0.9030298478624248,0.0,268.7945154537904,-222.45944459139068
S43A11T04,variable_length,0.1,43014,0.13333333333333333,0.12976243112301666,0.8976218791970819,0.13381518517914945,0.8922565631485321,0.9069527697428661,0.9022351568561051,0.0,262.3216382630026,-225.28993325682023
S43A11T04,variable_length,0.1,43014,0.16666666666666666,0.1453359041836333,0.8975350431258964,0.1551323784251348,0.8885910570882173,0.9092258678039681,0.9020311089834954,0.0,255.8106295512035,-229.34731806650836
S43A11T04,variable_length,0.1,43014,0.2,0.16123923161595408,0.89815351482764,0.1788606903016436,0.884625980561343,0.9125118223942894,0.9025266046052594,0.0,249.26187740830247,-234.62965396088595
S43A11T04,variable_length,0.1,43014,0.23333333333333334,0.17754017774261677,0.8992829372821619,0.20502879252221873,0.8802902888458642,0.9166407780585112,0.9038516462342999,0.0,242.67574830401648,-241.13370198921905
S43A11T04,variable_length,0.1,43014,0.26666666666666666,0.194403123486885,0.9006140916119619,0.23366465640701387,0.8755121084403186,0.9213567802059615,0.9061570634721223,0.0,236.05258664634925,-248.85478672040318
S43A11T04,variable_length,0.1,43014,0.3,0.21209209818440222,0.9017273252345833,0.26479552997014827,0.870218671590859,0.9263342955904084,0.9096137691781776,0.0,229.39271450532203,-257.786637807494
S43A11T04,variable_length,0.1,43014,0.3333333333333333,0.2309650446498879,0.902106097322929,0.29844791496538103,0.8643362449090897,0.9312036633719449,0.9144114512689182,0.0,222.69643150605643,-267.92121406982506
S43A11T04,variable_length,0.1,43014,0.36666666666666664,0.251458604010764,0.9011595295877596,0.3346475438879615,0.8577900516413387,0.9355853393987501,0.9207566189423215,0.0,215.96401489453396,-279.24850828108384
S43A11T04,variable_length,0.1,43014,0.4,0.27406343895783974,0.898253167662246,0.3734193569320804,0.8505041871123863,0.939132323897254,0.9288699523766873,0.0,209.1957197785842,-291.756330661058
S43A11T04,variable_length,0.1,43014,0.43333333333333335,0.2992909441238277,0.8927464799620665,0.41478747890510836,0.8424015268262016,0.9415791770845362,0.9389829524845333,0.0,202.39177954589374,-305.4300688627825
S43A11T04,variable_length,0.1,43014,0.4666666666666667,0.32763305931296205,0.8840349871725856,0.4587751961017714,0.8334036266628638,0.9427943996969882,0.9513339505631201,0.0,195.55240646007127,-320.25242202573963
S43A11T04,variable_length,0.1,43014,0.5,0.35951772990861297,0.8715943704498761,0.5054049331435615,0.8234306145645012,0.9428307084087568,0.966163611118179,0.0,188.67779243507235,-336.2031062303163
S43A11T04,variable_length,0.1,43014,0.5333333333333333,0.3952632645398912,0.855023498097745,0.5546982297910182,0.8124010730537983,0.9419650899019755,0.9837101349652001,0.0,181.76810998756108,-353.2585284403266
S43A11T04,variable_length,0.1,43014,0.5666666666666667,0.4350353368160756,0.8340830887999403,0.6066757177390188,0.8002319118764393,0.9407179935032206,1.0042044310201856,0.0,174.82351336608366,-371.3914257613511
S43A11T04,variable_length,0.1,43014,0.6,0.4788105867492435,0.8087267409573585,0.6613570974078805,0.7868382300039264,0.9398396243629363,1.0278655605128952,0.0,167.84413985523705,-390.5704665764021
S43A11T04,variable_length,0.1,43014,0.6333333333333333,0.5263506369234873,0.7791213381341402,0.7187611147458722,0.7721331661757714,0.9402526535595068,1.0548967562659155,0.0,160.83011125234646,-410.7598098519286
S43A11T04,variable_length,0.1,43014,0.6666666666666666,0.5771898148426886,0.7456544070084805,0.7789055380616419,0.7560277371004492,0.9429467519692223,1.0854822782935343,0.0,153.78153551350397,-431.91861864331895
S43A11T04,variable_length,0.1,43014,0.7,0.6306389694540767,0.7089268468634785,0.8418071349080616,0.7384306623732428,0.9488323265982741,1.119785289917717,0.0,146.6985085651807,-454.00052357911017
S43A11T04,variable_length,0.1,43014,0.7333333333333333,0.6858065331445398,0.6697305264382982,0.9074816490420256,0.7192481751068971,0.9585768508299441,1.1579468384790537,0.0,139.5811162769868,-476.9530318794225
S43A11T04,variable_length,0.1,43014,0.7666666666666667,0.7416365020753988,0.6290114783641252,0.9759437774877904,0.6983838172087554,0.9724608686854476,1.2000859189896405,0.0,132.4294365905332,-500.7168772829251
S43A11T04,variable_length,0.1,43014,0.8,0.7969614197666249,0.5878207056904733,1.0472071477344516,0.675738218177011,0.990293232651259,1.2463005054047627,0.0,125.24354179872938,-525.2253061388296
S43A11T04,variable_length,0.1,43014,0.8333333333333334,0.8505669134265599,0.5472558192475706,1.1212842951010922,0.6512088562304331,1.0114113930129098,1.2966693660584034,0.0,118.02350096923584,-550.4032948929522
S43A11T04,variable_length,0.1,43014,0.8666666666666667,0.9012630248438953,0.5083977109952353,1.1981866403059316,0.6246898005324277,1.034767255229872,1.351254443803187,0.0,110.76938250517782,-576.1666942939403
S43A11T04,variable_length,0.1,43014,0.9,0.9479566648756524,0.4722471092776273,1.2779244672784176,0.596071433224101,1.0590746766414751,1.4101035768962722,0.0,103.48125683560849,-602.421295910501
S43A11T04,variable_length,0.1,43014,0.9333333333333333,0.9897191384195119,0.4396660582305844,1.3605069012556141,0.5652401499452608,1.0829820939027017,1.4732533575306368,0.0,96.15919922759142,-629.0618170368255
S43A11T04,variable_length,0.1,43014,0.9666666666666667,1.0258429170875636,0.4113290628874464,1.4459418872063505,0.5320780375009381,1.1052353995934925,1.5407319621432252,0.0,88.8032927111414,-655.970800838436
S43A11T04,variable_length,0.1,43014,1.0,1.0558826898479265,0.387687849769364,1.5342361686284682,0.49646252732883395,1.1248067049850323,1.6125618320456723,0.0,81.41363110762954,-683.0174297370156
S43A11T04,variable_length,0.1,43014,1.0333333333333334,1.0796771274423196,0.3689524791104205,1.6253952667660356,0.4582660234460192,1.140977051199464,1.6887621269650321,0.0,73.99032215161218,-710.056251651344
S43A11T04,variable_length,1.0,43013,0.0,0.07206093053947751,0.9053179871130516,0.07206093053947751,0.9053179871130516,0.9081813890961666,0.9081813890967172,0.0,41.36206439992807,-19.67924834581971
S43A11T04,variable_length,1.0,43013,0.03333333333333333,0.08553418112561394,0.9024727832908892,0.08355283435682655,0.9019887782850705,0.9065170824213041,0.9058503365800851,0.0,31.10155589351335,-14.089963805267281
S43A11T04,variable_length,1.0,43013,0.06666666666666667,0.09974837101133982,0.9001469781439974,0.09636540730902578,0.8981840419929064,0.9056568443848839,0.9033387321584021,0.0,20.805136477318747,-8.91550126294797
S43A11T04,variable_length,1.0,43013,0.1,0.11453717019642132,0.8984976709119937,0.11051845150004769,0.8936522540644373,0.9057686393284332,0.9004602597102317,0.0,10.47921039019391,-4.137737516649199
S43A11T04,variable_length,1.0,43013,0.13333333333333333,0.12976243112301666,0.8976218791970819,0.12603133793334675,0.888138807389256,0.9069527697428661,0.8970364760326524,0.0,0.13035839850206837,0.26036237646580634
S43A11T04,variable_length,1.0,43013,0.16666666666666666,0.1453359041836333,0.8975350431258964,0.14292292486491634,0.8813865120282678,0.9092258678039681,0.8928992922151402,0.0,-10.234682252904014,4.294415759546515
S43A11T04,variable_length,1.0,43013,0.2,0.16123923161595408,0.89815351482764,0.16121146106042855,0.873136151728927,0.9125118223942894,0.887894067236761,0.0,-20.60903956885006,7.978321853134272
S43A11T04,variable_length,1.0,43013,0.23333333333333334,0.17754017774261677,0.8992829372821619,0.18091447520812648,0.8631270925374315,0.9166407780585112,0.8818834533048863,0.0,-30.985730057501552,11.324007983413676
S43A11T04,variable_length,1.0,43013,0.26666666666666666,0.194403123486885,0.9006140916119619,0.2020486533729987,0.8510979374140234,0.9213567802059615,0.8747521691320617,0.0,-41.357683329343054,14.341239597243948
S43A11T04,variable_length,1.0,43013,0.3,0.21209209818440222,0.9017273252345833,0.2246297069911559,0.8367872190350693,0.9263342955904084,0.8664129241905256,0.0,-51.717767837076664,17.037508788850005
S43A11T04,variable_length,1.0,43013,0.3333333333333333,0.2309650446498879,0.902106097322929,0.2486722344616641,0.8199341213978095,0.9312036633719449,0.8568137741805711,0.0,-62.058817530737926,19.418012355539744
S43A11T04,variable_length,1.0,43013,0.36666666666666664,0.251458604010764,0.9011595295877596,0.27418957986181725,0.8002792195221957,0.9355853393987501,0.8459472530275481,0.0,-72.37365918452188,21.485725456052876
S43A11T04,variable_length,1.0,43013,0.4,0.27406343895783974,0.898253167662246,0.3011936926591743,0.7775652255533034,0.939132323897254,0.8338616914623365,0.0,-82.65514013798752,23.24157107115947
S43A11T04,variable_length,1.0,43013,0.43333333333333335,0.2992909441238277,0.8927464799620665,0.3296949924932865,0.7515377289771465,0.9415791770845362,0.8206751770050531,0.0,-92.89615618485604,24.684679095076376
S43A11T04,variable_length,1.0,43013,0.4666666666666667,0.32763305931296205,0.8840349871725856,0.35970224313344945,0.7219459185211581,0.9427943996969882,0.8065925941797344,0.0,-103.08967933781759,25.812722540929116
S43A11T04,variable_length,1.0,43013,0.5,0.35951772990861297,0.8715943704498761,0.39122243957737346,0.6885432736411217,0.9428307084087568,0.7919260299461712,0.0,-113.22878519775213,26.622312583350492
S43A11T04,variable_length,1.0,43013,0.5333333333333333,0.3952632645398912,0.855023498097745,0.4242607119416212,0.6510882142931225,0.9419650899019755,0.7771184044208567,0.0,-123.30667966058837,27.1094295205867
S43A11T04,variable_length,1.0,43013,0.5666666666666667,0.4350353368160756,0.8340830887999403,0.45882024932135335,0.6093446989171116,0.9407179935032206,0.7627692857520512,0.0,-133.3167247045424,27.26986366354467
S43A11T04,variable_length,1.0,43013,0.6,0.4788105867492435,0.8087267409573585,0.49490224618794976,0.5630827621558705,0.9398396243629363,0.7496602099084375,0.0,-143.25246301446504,27.099638954730153
S43A11T04,variable_length,1.0,43013,0.6333333333333333,0.5263506369234873,0.7791213381341402,0.5325058731805421,0.5120789857149932,0.9402526535595068,0.7387742500816253,0.0,-153.10764121812358,26.59539291180502
S43A11T04,variable_length,1.0,43013,0.6666666666666666,0.5771898148426886,0.7456544070084805,0.5716282733695294,0.4561168978355803,0.9429467519692223,0.7313012425858325,0.0,-162.87623153097874,25.75468921075432
S43A11T04,variable_length,1.0,43013,0.7,0.6306389694540767,0.7089268468634785,0.6122645842678964,0.39498729899321694,0.9488323265982741,0.7286171062469622,0.0,-172.55245163084498,24.576243620786784
S43A11T04,variable_length,1.0,43013,0.7333333333333333,0.6858065331445398,0.6697305264382982,0.6544079850806261,0.32848851354627706,0.9585768508299441,0.7322257264465157,0.0,-182.13078261111758,23.060049674013243
S43A11T04,variable_length,1.0,43013,0.7666666666666667,0.7416365020753988,0.6290114783641252,0.6980497679516087,0.2564265690335271,0.9724608686854476,0.7436585667123058,0.0,-191.60598489034317,21.207396892677224
S43A11T04,variable_length,1.0,43013,0.8,0.7969614197666249,0.5878207056904733,0.7431794313234272,0.178615306580035,0.990293232651259,0.7643422629214562,0.0,-200.97311198611328,19.020781057578347
S43A11T04,variable_length,1.0,43013,0.8333333333333334,0.8505669134265599,0.5472558192475706,0.7897847929929739,0.0948764273457956,1.0114113930129098,0.7954631076988151,0.0,-210.22752209188124,16.503712352915755
S43A11T04,variable_length,1.0,43013,0.8666666666666667,0.9012630248438953,0.5083977109952353,0.8378521200411024,0.005039481100138188,1.034767255229872,0.83786727554436,0.0,-219.36488742566763,13.660432804718369
S43A11T04,variable_length,1.0,43013,0.9,0.9479566648756524,0.4722471092776273,0.8873662725446847,-0.09105819619308186,1.0590746766414751,0.8920260628169927,0.0,-228.38120134910707,10.495558891359963
S43A11T04,variable_length,1.0,43013,0.9333333333333333,0.9897191384195119,0.4396660582305844,0.9383108578433597,-0.19357158843718425,1.0829820939027017,0.9580695307741688,0.0,-237.27278328331835,7.013668326319362
S43A11T04,variable_length,1.0,43013,0.9666666666666667,1.0258429170875636,0.4113290628874464,0.9906683921224189,-0.30264814163503906,1.1052353995934925,1.0358666713368867,0.0,-246.03628147416626,3.218851713121552
S43A11T04,variable_length,1.0,43013,1.0,1.0558826898479265,0.387687849769364,1.0444204661734733,-0.4184279349690301,1.1248067049850323,1.1251204588511678,0.0,-254.66867368319677,-0.8857499057290568
S43A11T04,variable_length,1.0,43013,1.0333333333333334,1.0796771274423196,0.3689524791104205,1.0995479123874583,-0.5410438737986412,1.140977051199464,1.2254526041474054,0.0,-263.16726590155446,-5.298401492417099
S43A11T04,variable_length,1.0,43014,0.0,0.07206093053947751,0.9053179871130516,0.07206093053947751,0.9053179871130516,0.9081813890961666,0.9081813890967172,0.0,234.5327762752574,-206.9424182761526
S43A11T04,variable_length,1.0,43014,0.03333333333333333,0.08553418112561394,0.9024727832908892,0.08368805673694087,0.902884485820634,0.9065170824213041,0.9067546997821384,0.0,229.76907840304617,-207.33765360489804
S43A11T04,variable_length,1.0,43014,0.06666666666666667,0.09974837101133982,0.9001469781439974,0.09692281342731696,0.9018475165362886,0.9056568443848839,0.9070407790426723,0.0,224.9848080463163,-208.43571351224097
S43A11T04,variable_length,1.0,43014,0.1,0.11453717019642132,0.8984976709119937,0.11181049227775439,0.9020762750522923,0.9057686393284332,0.9089792033906016,0.0,220.1803097871932,-210.2256181206045
S43A11T04,variable_length,1.0,43014,0.13333333333333333,0.12976243112301666,0.8976218791970819,0.1283969620642782,0.9034360984673954,0.9069527697428661,0.9125144184517442,0.0,215.3559106988416,-212.69452357997466
S43A11T04,variable_length,1.0,43014,0.16666666666666666,0.1453359041836333,0.8975350431258964,0.14672866865433554,0.9057883567819804,0.9092258678039681,0.9175956895538874,0.0,210.51191979447157,-215.82760797083546
S43A11T04,variable_length,1.0,43014,0.2,0.16123923161595408,0.89815351482764,0.16685263421050237,0.9089903435887581,0.9125118223942894,0.9241770643559556,0.0,205.64862756135005,-219.60795384461017
S43A11T04,variable_length,1.0,43014,0.23333333333333334,0.17754017774261677,0.8992829372821619,0.18881645555232376,0.9128951660898316,0.9166407780585112,0.9322173770953446,0.0,200.76630558180858,-224.0164276715528
S43A11T04,variable_length,1.0,43014,0.26666666666666666,0.194403123486885,0.9006140916119619,0.21266830161330422,0.917351634688784,0.9213567802059615,0.9416803216475703,0.0,195.86520624284265,-229.03155649879068
S43A11T04,variable_length,1.0,43014,0.3,0.21209209818440222,0.9017273252345833,0.2384569099307457,0.9222041524237521,0.9263342955904084,0.9525346170309669,0.0,190.94556253551355,-234.62940215203744
S43A11T04,variable_length,1.0,43014,0.3333333333333333,0.2309650446498879,0.902106097322929,0.26623158210754716,0.9272926045240094,0.9312036633719449,0.9647542846328325,0.0,186.00758794498444,-240.7834333427784
S43A11T04,variable_length,1.0,43014,0.36666666666666664,0.251458604010764,0.9011595295877596,0.29604217818728806,0.9324522483881572,0.9355853393987501,0.9783190516344878,0.0,181.05147643165733,-247.46439606805671
S43A11T04,variable_length,1.0,43014,0.4,0.27406343895783974,0.898253167662246,0.327939109887022,0.9375136042963652,0.939132323897254,0.9932148901598555,0.0,176.07740250352435,-254.6401827121609
S43A11T04,variable_length,1.0,43014,0.43333333333333335,0.2992909441238277,0.8927464799620665,0.36197333263625486,0.9423023471820049,0.9415791770845362,1.0094346967711743,0.0,171.08552137950923,-262.2757002787274
S43A11T04,variable_length,1.0,43014,0.4666666666666667,0.32763305931296205,0.8840349871725856,0.3981963363756578,0.946639199799266,0.9427943996969882,1.0269791122026732,0.0,166.07596924325134,-270.3327381987757
S43A11T04,variable_length,1.0,43014,0.5,0.35951772990861297,0.8715943704498761,0.43666013507520385,0.9503398276328026,0.9428307084087568,1.0458574766907967,0.0,161.04886358648008,-278.7698361764718
S43A11T04,variable_length,1.0,43014,0.5333333333333333,0.3952632645398912,0.855023498097745,0.4774172549386634,0.9532147359030234,0.9419650899019755,1.0660889118909547,0.0,156.00430364084093,-287.5421525524851
S43A11T04,variable_length,1.0,43014,0.5666666666666667,0.4350353368160756,0.8340830887999403,0.5205207212697482,0.9550691690263448,0.9407179935032206,1.0877035160818649,0.0,150.94237089676076,-296.6013336884462
S43A11T04,variable_length,1.0,43014,0.6,0.4788105867492435,0.8087267409573585,0.5660240439846378,0.9557030128936743,0.9398396243629363,1.11074365504547,0.0,145.8631297076905,-305.8953849107005
S43A11T04,variable_length,1.0,43014,0.6333333333333333,0.5263506369234873,0.7791213381341402,0.613981201766099,0.9549107003329148,0.9402526535595068,1.1352653265794042,0.0,140.7666279778265,-315.3685436047545
S43A11T04,variable_length,1.0,43014,0.6666666666666666,0.5771898148426886,0.7456544070084805,0.6644466248658032,0.9524811201228259,0.9429467519692223,1.1613395719973512,0.0,135.6528979311921,-324.96115513350867
S43A11T04,variable_length,1.0,43014,0.7,0.6306389694540767,0.7089268468634785,0.7174751765736049,0.9481975299269361,0.9488323265982741,1.189053903218802,0.0,130.52195695976064,-334.60955237550417
S43A11T04,variable_length,1.0,43014,0.7333333333333333,0.6858065331445398,0.6697305264382982,0.7731221333852313,0.9418374735183697,0.9585768508299441,1.2185137092600136,0.0,125.37380854811167,-344.24593986033756
S43A11T04,variable_length,1.0,43014,0.7666666666666667,0.7416365020753988,0.6290114783641252,0.8314431639127378,0.9331727026708694,0.9724608686854476,1.249843601347096,0.0,120.20844327193782,-353.7982837374864
S43A11T04,variable_length,1.0,43014,0.8,0.7969614197666249,0.5878207056904733,0.8924943065948153,0.9219691040997378,0.990293232651259,1.283188651843381,0.0,115.02583986756099,-363.1902091767564
S43A11T04,variable_length,1.0,43014,0.8333333333333334,0.8505669134265599,0.5472558192475706,0.9563319462760973,0.9079866318512171,1.0114113930129098,1.3187154792030562,0.0,109.82596636946325,-372.34090729293746
S43A11T04,variable_length,1.0,43014,0.8666666666666667,0.9012630248438953,0.5083977109952353,1.0230127897353827,0.8909792455627692,1.034767255229872,1.3566131298151185,0.0,104.6087813127008,-381.1650543485452
S43A11T04,variable_length,1.0,43014,0.9,0.9479566648756524,0.4722471092776273,1.0925938402514515,0.8706948550532523,1.0590746766414751,1.3970937085151511,0.0,99.37423499693514,-389.57274685616335
S43A11T04,variable_length,1.0,43014,0.9333333333333333,0.9897191384195119,0.4396660582305844,1.165132371301035,0.8468752717551639,1.0829820939027017,1.44039271331292,0.0,94.12227080869197,-397.46945731994214
S43A11T04,variable_length,1.0,43014,0.9666666666666667,1.0258429170875636,0.4113290628874464,1.2406858994855159,0.8192561675756654,1.1052353995934925,1.48676903697042,0.0,88.85282659833804,-404.75601677190184
S43A11T04,variable_length,1.0,43014,1.0,1.0558826898479265,0.387687849769364,1.319312156779926,0.7875670418744406,1.1248067049850323,1.5365046086735819,0.0,83.56583610815146,-411.3286320226843
S43A11T04,variable_length,1.0,43014,1.0333333333333334,1.0796771274423196,0.3689524791104205,1.401069062188577,0.7515311973806158,1.140977051199464,1.5899036630121088,0.0,78.26123044774612,-417.07894770773976
S43A11T04,variable_length,10.0,43013,0.0,0.07206093053947751,0.9053179871130516,0.07206093053947751,0.9053179871130516,0.9081813890961666,0.9081813890967172,0.0,-1.3758503903023158,4.319143852218855
S43A11T04,variable_length,10.0,43013,0.03333333333333333,0.08553418112561394,0.9024727832908892,0.08341676287348186,0.9025562815314461,0.9065170824213041,0.9064028892612609,0.0,-4.968471507249772,6.721547179561638
S43A11T04,variable_length,10.0,43013,0.06666666666666667,0.09974837101133982,0.9001469781439974,0.09586630602802074,0.9003379421701118,0.9056568443848839,0.9054273901001503,0.0,-8.553540384545666,8.898299303532138
S43A11T04,variable_length,10.0,43013,0.1,0.11453717019642132,0.8984976709119937,0.10949543786211784,0.8982355002182364,0.9057686393284332,0.9048846693175447,0.0,-12.130119281662582,10.855789341537688
S43A11T04,variable_length,10.0,43013,0.13333333333333333,0.12976243112301666,0.8976218791970819,0.12438729848024734,0.8958163460658952,0.9069527697428661,0.9044109275672568,0.0,-15.697281708006585,12.601373622695363
S43A11T04,variable_length,10.0,43013,0.16666666666666666,0.1453359041836333,0.8975350431258964,0.1406221836624226,0.8926436285365199,0.9092258678039681,0.9036521709738945,0.0,-19.25411342823733,14.143090996472534
S43A11T04,variable_length,10.0,43013,0.2,0.16123923161595408,0.89815351482764,0.1582774503550407,0.8882772256569186,0.9125118223942894,0.9022683530483847,0.0,-22.799713438655495,15.489298506044584
S43A11T04,variable_length,10.0,43013,0.23333333333333334,0.17754017774261677,0.8992829372821619,0.17742743435355457,0.8822747831604022,0.9166407780585112,0.8999384909331413,0.0,-26.333194912397534,16.648227873560632
S43A11T04,variable_length,10.0,43013,0.26666666666666666,0.194403123486885,0.9006140916119619,0.19814338028349202,0.8741928153558428,0.9213567802059615,0.8963670440009177,0.0,-29.853686111283025,17.627467166613442
S43A11T04,variable_length,10.0,43013,0.3,0.21209209818440222,0.9017273252345833,0.2204933839640178,0.8635878614296271,0.9263342955904084,0.8912919425090191,0.0,-33.360331262272446,18.43337602070114
S43A11T04,variable_length,10.0,43013,0.3333333333333333,0.2309650446498879,0.902106097322929,0.24454234721579757,0.8500176887280657,0.9312036633719449,0.8844947884150672,0.0,-36.8522913966183,19.070446670777486
S43A11T04,variable_length,10.0,43013,0.36666666666666664,0.251458604010764,0.9011595295877596,0.2703519451500368,0.8330425331459189,0.9355853393987501,0.875813927885129,0.0,-40.32874514992308,19.54062658119547
S43A11T04,variable_length,10.0,43013,0.4,0.27406343895783974,0.898253167662246,0.2979806059460922,0.8122263654725743,0.939132323897254,0.8651613203846946,0.0,-43.788889521456895,19.84262145210414
S43A11T04,variable_length,10.0,43013,0.43333333333333335,0.2992909441238277,0.8927464799620665,0.3274835030891287,0.7871381714683315,0.9415791770845362,0.852544395195368,0.0,-47.23194059123536,19.97119963991939
S43A11T04,variable_length,10.0,43013,0.4666666666666667,0.32763305931296205,0.8840349871725856,0.3589125599955066,0.757353232601192,0.9427943996969882,0.8380943530742845,0.0,-50.657134193509414,19.91652041469711
S43A11T04,variable_length,10.0,43013,0.5,0.35951772990861297,0.8715943704498761,0.3923164669010118,0.7224543938042305,0.9428307084087568,0.8221025248287046,0.0,-54.06372654547892,19.66350889030162
S43A11T04,variable_length,10.0,43013,0.5333333333333333,0.3952632645398912,0.855023498097745,0.4277407098253674,0.6820333043406565,0.9419650899019755,0.8050661731017791,0.0,-57.450994830203854,19.191299861345783
S43A11T04,variable_length,10.0,43013,0.5666666666666667,0.4350353368160756,0.8340830887999403,0.46522761135596136,0.6356916179033997,0.9407179935032206,0.7877439707427886,0.0,-60.818237732853795,18.472771179691968
S43A11T04,variable_length,10.0,43013,0.6,0.4788105867492435,0.8087267409573585,0.504816382915282,0.5830421384325766,0.9398396243629363,0.7712183320232348,0.0,-64.16477592960676,17.474184776427805
S43A11T04,variable_length,10.0,43013,0.6333333333333333,0.5263506369234873,0.7791213381341402,0.5465431880916305,0.5237098988003409,0.9402526535595068,0.7569554244153527,0.0,-67.48995252867846,16.154950109026146
S43A11T04,variable_length,10.0,43013,0.6666666666666666,0.5771898148426886,0.7456544070084805,0.590441216523229,0.4573331604700714,0.9429467519692223,0.7468429887439357,0.0,-70.79313346313637,14.46752085806986
S43A11T04,variable_length,10.0,43013,0.7,0.6306389694540767,0.7089268468634785,0.6365407677342166,0.38356432345724156,0.9488323265982741,0.7431727519344862,0.0,-74.07370783532379,12.357431315510055
S43A11T04,variable_length,10.0,43013,0.7333333333333333,0.6858065331445398,0.6697305264382982,0.6848693442298985,0.302070737365423,0.9585768508299441,0.7485270529776339,0.0,-77.33108821288992,9.76347431662775
S43A11T04,variable_length,10.0,43013,0.7666666666666667,0.7416365020753988,0.6290114783641252,0.735451753070758,0.2125354058985809,0.9724608686854476,0.7655459358237922,0.0,-80.5647108765906,6.618017993412991
S43A11T04,variable_length,10.0,43013,0.8,0.7969614197666249,0.5878207056904733,0.788310215063019,0.11465757901098017,0.990293232651259,0.7966048930293879,0.0,-83.77403602018823,2.847454279128371
S43A11T04,variable_length,10.0,43013,0.8333333333333334,0.8505669134265599,0.5472558192475706,0.8434644806306874,0.008153228696840431,1.0114113930129098,0.8435038857200233,0.0,-86.9585479029411,-1.6272318402760249
S43A11T04,variable_length,10.0,43013,0.8666666666666667,0.9012630248438953,0.5083977109952353,0.9009319513724695,-0.10724459370901862,1.034767255229872,0.9072925569432487,0.0,-90.1177549553275,-6.889786699399551
S43A11T04,variable_length,10.0,43013,0.9,0.9479566648756524,0.4722471092776273,0.9607278062589482,-0.23178551900162492,1.0590746766414751,0.9882926917360988,0.0,-93.25118983879902,-13.027923010617698
S43A11T04,variable_length,10.0,43013,0.9333333333333333,0.9897191384195119,0.4396660582305844,1.0228651313925994,-0.36570173885251434,1.0829820939027017,1.086273832336742,0.0,-96.35840946050163,-20.13248460489163
S43A11T04,variable_length,10.0,43013,0.9666666666666667,1.0258429170875636,0.4113290628874464,1.087355052236858,-0.5092079986725941,1.1052353995934925,1.2006805551595183,0.0,-99.43899494403624,-28.29656102402319
S43A11T04,variable_length,10.0,43013,1.0,1.0558826898479265,0.387687849769364,1.1542068672211685,-0.6625016999137017,1.1248067049850323,1.3308275601031294,0.0,-102.49255155746017,-37.61457254460366
S43A11T04,variable_length,10.0,43013,1.0333333333333334,1.0796771274423196,0.3689524791104205,1.223428181646907,-0.8257631057902266,1.140977051199464,1.476028869139482,0.0,-105.51870859984714,-48.18134592175252
S43A11T04,variable_length,10.0,43014,0.0,0.07206093053947751,0.9053179871130516,0.07206093053947751,0.9053179871130516,0.9081813890961666,0.9081813890967172,0.0,111.4693185085021,-151.9508989378583
S43A11T04,variable_length,10.0,43014,0.03333333333333333,0.08553418112561394,0.9024727832908892,0.08305671957288466,0.9037508234386596,0.9065170824213041,0.9075593476645283,0.0,109.3384304833772,-153.02165556782145
S43A11T04,variable_length,10.0,43014,0.06666666666666667,0.09974837101133982,0.9001469781439974,0.09442526815726922,0.9052525305324035,0.9056568443848839,0.9101638727739595,0.0,107.20473683672665,-153.9788991490273
S43A11T04,variable_length,10.0,43014,0.1,0.11453717019642132,0.8984976709119937,0.10625366542792859,0.909599388787769,0.9057686393284332,0.9157843029343499,0.0,105.0683248950665,-154.82660005321824
S43A11T04,variable_length,10.0,43014,0.13333333333333333,0.12976243112301666,0.8976218791970819,0.11862963200775943,0.9165606184641767,0.9069527697428661,0.9242057979209666,0.0,102.9292764198104,-155.56793463566157
S43A11T04,variable_length,10.0,43014,0.16666666666666666,0.1453359041836333,0.8975350431258964,0.13164142936752488,0.9258982963870106,0.9092258678039681,0.9352096669620633,0.0,100.78766755000738,-156.20525414426314
S43A11T04,variable_length,10.0,43014,0.2,0.16123923161595408,0.89815351482764,0.1453777627836642,0.93736728334542,0.9125118223942894,0.9485737281831899,0.0,98.64356875736966,-156.74004805679428
S43A11T04,variable_length,10.0,43014,0.23333333333333334,0.17754017774261677,0.8992829372821619,0.1599276777575165,0.9507151632117035,0.9166407780585112,0.9640727066329426,0.0,96.497044813606,-157.1729010281418
S43A11T04,variable_length,10.0,43014,0.26666666666666666,0.194403123486885,0.9006140916119619,0.1753804497965089,0.9656821948102785,0.9213567802059615,0.9814786821655489,0.0,94.34815477004112,-157.50344251940209
S43A11T04,variable_length,10.0,43014,0.3,0.21209209818440222,0.9017273252345833,0.19182546750072582,0.9820012775609807,0.9263342955904084,1.0005616018588113,0.0,92.19695194946748,-157.730288076574
S43A11T04,variable_length,10.0,43014,0.3333333333333333,0.2309650446498879,0.902106097322929,0.2093521089475665,0.9993979319108277,0.9312036633719449,1.0210898745112662,0.0,90.04348395014594,-157.85097113865726
S43A11T04,variable_length,10.0,43014,0.36666666666666664,0.251458604010764,0.9011595295877596,0.22804961142305746,1.0175902955509146,0.9355853393987501,1.042831067273413,0.0,87.8877926618378,-157.8618641960928
S43A11T04,variable_length,10.0,43014,0.4,0.27406343895783974,0.898253167662246,0.2480069346108857,1.036289136391575,0.939132323897254,1.0655527269071599,0.0,85.72991429372382,-157.75808810696435
S43A11T04,variable_length,10.0,43014,0.43333333333333335,0.2992909441238277,0.8927464799620665,0.2693126174192986,1.0551978832406321,0.9415791770845362,1.0890233508505427,0.0,83.56987941403658,-157.53340842993748
S43A11T04,variable_length,10.0,43014,0.4666666666666667,0.32763305931296205,0.8840349871725856,0.29205462870152105,1.0740126750981769,0.9427943996969882,1.1130135364938405,0.0,81.4077130012052,-157.18011777294024
S43A11T04,variable_length,10.0,43014,0.5,0.35951772990861297,0.8715943704498761,0.3163202122069494,1.092422429949085,0.9428307084087568,1.1372973411151164,0.0,79.24343450628774,-156.68890341209283
S43A11T04,variable_length,10.0,43014,0.5333333333333333,0.3952632645398912,0.855023498097745,0.34219572618766136,1.1101089339041543,0.9419650899019755,1.16165389000163,0.0,77.07705792644262,-156.04869983669857
S43A11T04,variable_length,10.0,43014,0.5666666666666667,0.4350353368160756,0.8340830887999403,0.3697664781770995,1.126746951515572,0.9407179935032206,1.1858692765790544,0.0,74.9085918891684,-155.24652645632153
S43A11T04,variable_length,10.0,43014,0.6,0.4788105867492435,0.8087267409573585,0.39911655555438486,1.142004358076133,0.9398396243629363,1.2097388060170167,0.0,72.7380397470212,-154.2673114999631
S43A11T04,variable_length,10.0,43014,0.6333333333333333,0.5263506369234873,0.7791213381341402,0.43032865260762776,1.1555422947083764,0.9402526535595068,1.233069642849096,0.0,70.56539968250114,-153.09370418028732
S43A11T04,variable_length,10.0,43014,0.6666666666666666,0.5771898148426886,0.7456544070084805,0.46348389491171005,1.1670153470640499,0.9429467519692223,1.255683933610108,0.0,68.39066482278226,-151.70587852114488
S43A11T04,variable_length,10.0,43014,0.7,0.6306389694540767,0.7089268468634785,0.49866166193899686,1.1760717484906087,0.9488323265982741,1.2774224871539253,0.0,66.21382336394508,-150.08133388323847
S43A11T04,variable_length,10.0,43014,0.7333333333333333,0.6858065331445398,0.6697305264382982,0.5359394089238403,1.1823536085843762,0.9585768508299441,1.2981491076802893,0.0,64.0348587043578,-148.19469919162924
S43A11T04,variable_length,10.0,43014,0.7666666666666667,0.7416365020753988,0.6290114783641252,0.5753924891018818,1.18549716814367,0.9724608686854476,1.3177556875963465,0.0,61.85374958684083,-146.01755017867157
S43A11T04,variable_length,10.0,43014,0.8,0.7969614197666249,0.5878207056904733,0.6170939775412849,1.1851330816631553,0.990293232651259,1.3361681774279506,0.0,59.670470249239045,-143.51825159841349
S43A11T04,variable_length,10.0,43014,0.8333333333333334,0.8505669134265599,0.5472558192475706,0.6611144978731575,1.1808867286753093,1.0114113930129098,1.3533535551586477,0.0,57.48499058301718,-140.6618393121322
S43A11T04,variable_length,10.0,43014,0.8666666666666667,0.9012630248438953,0.5083977109952353,0.7075220533105038,1.1723785554470736,1.034767255229872,1.369327912953606,0.0,55.29727629948774,-137.40996032896567
S43A11T04,variable_length,10.0,43014,0.9,0.9479566648756524,0.4722471092776273,0.7563818634169059,1.159224448778299,1.0590746766414751,1.384165758120169,0.0,53.10728910327456,-133.72089221447337
S43A11T04,variable_length,10.0,43014,0.9333333333333333,0.9897191384195119,0.4396660582305844,0.8077562081455276,1.1410361439197314,1.0829820939027017,1.3980105770450562,0.0,50.9149868726109,-129.54966661566678
S43A11T04,variable_length,10.0,43014,0.9666666666666667,1.0258429170875636,0.4113290628874464,0.8617042807136369,1.1174216689251097,1.1052353995934925,1.4110866215738083,0.0,48.72032384606945,-124.84832480886718
S43A11T04,variable_length,10.0,43014,1.0,1.0558826898479265,0.387687849769364,0.9182820509053853,1.0879858280638766,1.1248067049850323,1.4237117289268357,0.0,46.52325081531768,-119.56633592142168
S43A11T04,variable_length,10.0,43014,1.0333333333333334,1.0796771274423196,0.3689524791104205,0.9775421404036743,1.0523307272334141,1.140977051199464,1.4363107587655266,0.0,44.32371532349436,-113.65121052324287
S43A11T05,variable_length,0.0,43013,0.0,0.010960802925529037,0.8521797239364326,0.010960802925529037,0.8521797239364326,0.8522502103778835,0.8522502103784702,0.0,-0.0,37.01938255795447
S43A11T05,variable_length,0.0,43013,0.03333333333333333,0.021397124688803917,0.8519793701999451,0.01892942057635525,0.8521536530907147,0.852248018003705,0.8523638726742274,0.0,-0.0,32.0501147933643
S43A11T05,variable_length,0.0,43013,0.06666666666666667,0.03311908006898902,0.8516845342832344,0.02786062425216383,0.8526575631014685,0.8523282345445714,0.853112615250094,0.0,-0.0,26.587383868124473
S43A11T05,variable_length,0.0,43013,0.1,0.046251694383702406,0.851130240871592,0.037751907008731225,0.8536638142306864,0.8523860077215589,0.8544981651300837,0.0,-0.0,20.636586061054274
S43A11T05,variable_length,0.0,43013,0.13333333333333333,0.060978719577358134,0.850085378713126,0.04860161603114676,0.8551442654693711,0.8522696494321107,0.8565242739391506,0.0,-0.0,14.202703361838289
S43A11T05,variable_length,0.0,43013,0.16666666666666666,0.07754616893806762,0.8482538218564193,0.06040896068583469,0.8570702914627911,0.851791027547833,0.8591965590249163,0.0,-0.0,7.290289119304113
S43A11T05,variable_length,0.0,43013,0.2,0.09625855411383487,0.8452822089031266,0.07317401780590044,0.8594127996630021,0.8507453919523954,0.8625223458597797,0.0,-0.0,-0.0965452899036876
S43A11T05,variable_length,0.0,43013,0.23333333333333334,0.11746692611850389,0.8407748930170175,0.08689773431062554,0.8621422476556025,0.8489410459269284,0.8665105143170361,0.0,-0.0,-7.954142707445641
S43A11T05,variable_length,0.0,43013,0.26666666666666666,0.14154857623769365,0.834315896455995,0.1015819272688618,0.8652286606128079,0.8462381547260137,0.8711713511672029,0.0,-0.0,-16.279311301062762
S43A11T05,variable_length,0.0,43013,0.3,0.1688791079082862,0.8254969396186176,0.11722928152354692,0.86864164883008,0.8425944163164162,0.8765164108730463,0.0,-0.0,-25.06933449284844
S43A11T05,variable_length,0.0,43013,0.3333333333333333,0.1997984675081378,0.8139498437150855,0.13384334500063486,0.872350425308668,0.8381132236770952,0.8825583864754631,0.0,-0.0,-34.32197967889073
S43A11T05,variable_length,0.0,43013,0.36666666666666664,0.23457333191931615,0.7993809157022418,0.15142852183045316,0.8763238233514197,0.833087328217567,0.8893109920595866,0.0,-0.0,-44.035505722982926
S43A11T05,variable_length,0.0,43013,0.4,0.2733589040684937,0.7816044018986413,0.16999006341294043,0.8805303141440384,0.8280280982556454,0.896788857974236,0.0,-0.0,-54.208669218486634
S43A11T05,variable_length,0.0,43013,0.43333333333333335,0.31616358314270576,0.7605718205989397,0.18953405756045552,0.8849380242985321,0.8236679583392936,0.9050074396521387,0.0,-0.0,-64.84072952317558
S43A11T05,variable_length,0.0,43013,0.4666666666666667,0.3628200904419821,0.7363940120403271,0.21006741585296715,0.8895147533398695,0.8209229921236081,0.9139829405483629,0.0,-0.0,-75.93145258181829
S43A11T05,variable_length,0.0,43013,0.5,0.4129664076213316,0.7093531060229245,0.23159785934052002,0.8942279911207799,0.8208063613593879,0.923732249386161,0.0,-0.0,-87.48111356022753
S43A11T05,variable_length,0.0,43013,0.5333333333333333,0.4660393156122926,0.6799022991254661,0.2541339027270188,0.8990449351531695,0.824293503585021,0.9342728915797743,0.0,-0.0,-99.4904983224046
S43A11T05,variable_length,0.0,43013,0.5666666666666667,0.5212824365888812,0.6486523137738005,0.2776848371676728,0.9039325078477454,0.8321569580674945,0.9456229943998565,0.0,-0.0,-111.96090378915392
S43A11T05,variable_length,0.0,43013,0.6,0.5777695349737163,0.616344602998399,0.30226071180998615,0.9088573736561263,0.8448066673440725,0.9578012651662092,0.0,-0.0,-124.89413722208573
S43A11T05,variable_length,0.0,43013,0.6333333333333333,0.6344425108367016,0.5838126575173659,0.3278723142050589,0.9137859561119521,0.862180096403453,0.9708269815011403,0.0,-0.0,-138.29251448124273
S43A11T05,variable_length,0.0,43013,0.6666666666666666,0.6901621295260982,0.551934030834776,0.35453114971227495,0.9186844547692878,0.8837165492540706,0.984719992460827,0.0,-0.0,-152.1588573076813
S43A11T05,variable_length,0.0,43013,0.7,0.7437682070932949,0.5215767757859083,0.3822494200162613,0.9235188620379428,0.9084236230536931,0.9995007291861396,0.0,-0.0,-166.49648968423566
S43A11T05,variable_length,0.0,43013,0.7333333333333333,0.7941448591295673,0.49354473942708244,0.4110400008704195,0.9282549799162165,0.9350146881723662,1.0151902235816743,0.0,-0.0,-181.3092333284501
S43A11T05,variable_length,0.0,43013,0.7666666666666667,0.8402856673116296,0.4685264749149003,0.4409164191764031,0.9328584366220357,0.9620795499258538,1.03181013344377,0.0,-0.0,-196.601402371343
S43A11T05,variable_length,0.0,43013,0.8,0.881353346237076,0.4470523287993133,0.4718928295037279,0.9372947031234972,0.988250730132885,1.0493827724150036,0.0,-0.0,-212.3777972743523
S43A11T05,variable_length,0.0,43014,0.0,0.010960802925529037,0.8521797239364326,0.010960802925529037,0.8521797239364326,0.8522502103778835,0.8522502103784702,0.0,0.0,45.572993724822766
S43A11T05,variable_length,0.0,43014,0.03333333333333333,0.021397124688803917,0.8519793701999451,0.019019984446239566,0.8520004231970857,0.852248018003705,0.8522126970054766,0.0,0.0,40.10863703401619
S43A11T05,variable_length,0.0,43014,0.06666666666666667,0.03311908006898902,0.8516845342832344,0.028214489009545,0.8520464435596584,0.8523282345445714,0.8525134599369866,0.0,0.0,34.00961669193181
S43A11T05,variable_length,0.0,43014,0.1,0.046251694383702406,0.851130240871592,0.0385285808293151,0.8522933330293995,0.8523860077215589,0.8531637457534654,0.0,0.0,27.28768643060571
S43A11T05,variable_length,0.0,43014,0.13333333333333333,0.060978719577358134,0.850085378713126,0.04994651788514021,0.8527167756858572,0.8522696494321107,0.8541782918020893,0.0,0.0,19.954552733443045
S43A11T05,variable_length,0.0,43014,0.16666666666666666,0.07754616893806762,0.8482538218564193,0.062452557980095136,0.8532925920902795,0.851791027547833,0.8555749936244077,0.0,0.0,12.021872745396045
S43A11T05,variable_length,0.0,43014,0.2,0.09625855411383487,0.8452822089031266,0.0760309645895023,0.8539967395325297,0.8507453919523954,0.8573745615013321,0.0,0.0,3.501252265957575
S43A11T05,variable_length,0.0,43014,0.23333333333333334,0.11746692611850389,0.8407748930170175,0.09066601250274044,0.8548053121336354,0.8489410459269284,0.8596001672149843,0.0,0.0,-5.595756190780662
S43A11T05,variable_length,0.0,43014,0.26666666666666666,0.14154857623769365,0.834315896455995,0.10634199326046673,0.8556945408197695,0.8462381547260137,0.8622770823351188,0.0,0.0,-15.257655283639409
S43A11T05,variable_length,0.0,43014,0.3,0.1688791079082862,0.8254969396186176,0.12304322038989507,0.8566407931831129,0.8425944163164162,0.8654323096755223,0.0,0.0,-25.473004692914714
S43A11T05,variable_length,0.0,43014,0.3333333333333333,0.1997984675081378,0.8139498437150855,0.14075403444101114,0.8576205732446598,0.8381132236770952,0.8690942100054058,0.0,0.0,-36.23042294229543
S43A11T05,variable_length,0.0,43014,0.36666666666666664,0.23457333191931615,0.7993809157022418,0.15945880782680064,0.8586105211335965,0.833087328217567,0.8732921266081876,0.0,0.0,-47.518589205240865
S43A11T05,variable_length,0.0,43014,0.4,0.2733589040684937,0.7816044018986413,0.1791419494707297,0.8595874126974392,0.8280280982556454,0.8780560108153984,0.0,0.0,-59.32624510571232
S43A11T05,variable_length,0.0,43014,0.43333333333333335,0.31616358314270576,0.7605718205989397,0.1997879092648449,0.8605281590566214,0.8236679583392936,0.8834160521627371,0.0,0.0,-71.6421965219354
S43A11T05,variable_length,0.0,43014,0.4666666666666667,0.3628200904419821,0.7363940120403271,0.22138118234195858,0.8614098061167234,0.8209229921236081,0.8894023172727707,0.0,0.0,-84.45531540065153
S43A11T05,variable_length,0.0,43014,0.5,0.4129664076213316,0.7093531060229245,0.24390631316545397,0.8622095340509974,0.8208063613593879,0.8960444019195715,0.0,0.0,-97.75454158810597
S43A11T05,variable_length,0.0,43014,0.5333333333333333,0.4660393156122926,0.6799022991254661,0.26734789944029147,0.8629046567652979,0.824293503585021,0.9033711009343683,0.0,0.0,-111.5288846828175
S43A11T05,variable_length,0.0,43014,0.5666666666666667,0.5212824365888812,0.6486523137738005,0.29169059584881823,0.8634726213569516,0.8321569580674945,0.9114101006356491,0.0,0.0,-125.7674259139911
S43A11T05,variable_length,0.0,43014,0.6,0.5777695349737163,0.616344602998399,0.3169191176149844,0.8638910075785253,0.8448066673440725,0.9201876982908976,0.0,0.0,-140.45932004826844
S43A11T05,variable_length,0.0,43014,0.6333333333333333,0.6344425108367016,0.5838126575173659,0.3430182439005548,0.8641375273168497,0.862180096403453,0.9297285527329466,0.0,0.0,-155.59379732637478
S43A11T05,variable_length,0.0,43014,0.6666666666666666,0.6901621295260982,0.551934030834776,0.36997282103687107,0.8641900240970515,0.8837165492540706,0.9400554696696589,0.0,0.0,-171.16016543010755
S43A11T05,variable_length,0.0,43014,0.7,0.7437682070932949,0.5215767757859083,0.39776776559567506,0.8640264726207318,0.9084236230536931,0.9511892244645123,0.0,0.0,-187.1478114790375
S43A11T05,variable_length,0.0,43014,0.7333333333333333,0.7941448591295673,0.49354473942708244,0.42638806730244716,0.863624978346808,0.9350146881723662,0.9631484242646305,0.0,0.0,-203.54620405525046
S43A11T05,variable_length,0.0,43014,0.7666666666666667,0.8402856673116296,0.4685264749149003,0.4558187917956471,0.8629637771229016,0.9620795499258538,0.975949410359609,0.0,0.0,-220.34489525345967
S43A11T05,variable_length,0.0,43014,0.8,0.881353346237076,0.4470523287993133,0.4860450832351708,0.8620212348745397,0.988250730132885,0.989606200623617,0.0,0.0,-237.53352275285712
S43A11T05,variable_length,0.01,43013,0.0,0.010960802925529037,0.8521797239364326,0.010960802925529037,0.8521797239364326,0.8522502103778835,0.8522502103784702,0.0,-215.96767762104372,246.73297503412587
S43A11T05,variable_length,0.01,43013,0.03333333333333333,0.021397124688803917,0.8519793701999451,0.018861053299822576,0.8521133506086378,0.852248018003705,0.8523220644909165,0.0,-220.45640995789967,246.67179291049916
S43A11T05,variable_length,0.01,43013,0.06666666666666667,0.03311908006898902,0.8516845342832344,0.02759214749960062,0.852495570773126,0.8523282345445714,0.8529419820787564,0.0,-224.94672395971438,246.17107994196598
S43A11T05,variable_length,0.01,43013,0.1,0.046251694383702406,0.851130240871592,0.03715867017084038,0.8532980752958367,0.8523860077215589,0.8541067685444512,0.0,-229.43744450170595,245.22926572624738
S43A11T05,variable_length,0.01,43013,0.13333333333333333,0.060978719577358134,0.850085378713126,0.04756551791378999,0.8544927126474604,0.8522696494321107,0.8558155610077574,0.0,-233.92738433834288,243.84458310655432
S43A11T05,variable_length,0.01,43013,0.16666666666666666,0.07754616893806762,0.8482538218564193,0.058817893477385016,0.8560514885074776,0.851791027547833,0.8580697498280574,0.0,-238.4153459278592,242.0150723284461
S43A11T05,variable_length,0.01,43013,0.2,0.09625855411383487,0.8452822089031266,0.07092129988859319,0.8579465649615273,0.8507453919523954,0.8608728937004417,0.0,-242.9001233068314,239.73858556833048
S43A11T05,variable_length,0.01,43013,0.23333333333333334,0.11746692611850389,0.8407748930170175,0.08388153454735611,0.8601502593012887,0.8489410459269284,0.864230629181293,0.0,-247.3805040081217,237.0127918152067
S43A11T05,variable_length,0.01,43013,0.26666666666666666,0.14154857623769365,0.834315896455995,0.09770468331651556,0.8626350424359528,0.8462381547260137,0.868150575408125,0.0,-251.85527101517485,233.83518208558783
S43A11T05,variable_length,0.01,43013,0.3,0.1688791079082862,0.8254969396186176,0.11239711463478015,0.8653735369242294,0.8425944163164162,0.8726422347033029,0.0,-256.32320474539074,230.20307495006915
S43A11T05,variable_length,0.01,43013,0.3333333333333333,0.1997984675081378,0.8139498437150855,0.12796547367941621,0.8683385146356963,0.8381132236770952,0.8777168896943506,0.0,-260.7830850550673,226.11362234873178
S43A11T05,variable_length,0.01,43013,0.36666666666666664,0.23457333191931615,0.7993809157022418,0.14441667660394147,0.8715028940501331,0.833087328217567,0.8833874975457174,0.0,-265.2336932582398,221.5638156714972
S43A11T05,variable_length,0.01,43013,0.4,0.2733589040684937,0.7816044018986413,0.1617579048746675,0.8748397372033161,0.8280280982556454,0.8896685818777738,0.0,-269.6738141516196,216.5504920786712
S43A11T05,variable_length,0.01,43013,0.43333333333333335,0.31616358314270576,0.7605718205989397,0.1799965997284868,0.8783222462875748,0.8236679583392936,0.8965761229468853,0.0,-274.10223803776745,211.07034103623843
S43A11T05,variable_length,0.01,43013,0.4666666666666667,0.3628200904419821,0.7363940120403271,0.19914045677283723,0.8819237599152261,0.8209229921236081,0.9041274466731466,0.0,-278.51776273862345,205.1199110399914
S43A11T05,variable_length,0.01,43013,0.5,0.4129664076213316,0.7093531060229245,0.21919742074730358,0.885617749052818,0.8208063613593879,0.9123411131263627,0.0,-282.9191955915559,198.69561650229102
S43A11T05,variable_length,0.01,43013,0.5333333333333333,0.4660393156122926,0.6799022991254661,0.24017568046484697,0.8893778126339308,0.824293503585021,0.9212368051121641,0.0,-287.3053554201841,191.79374477515915
S43A11T05,variable_length,0.01,43013,0.5666666666666667,0.5212824365888812,0.6486523137738005,0.26208366394918237,0.8931776728580969,0.8321569580674945,0.9308352175343569,0.0,-291.6750744723793,184.41046328348978
S43A11T05,variable_length,0.01,43013,0.6,0.5777695349737163,0.616344602998399,0.2849300337833652,0.8969911701832192,0.8448066673440725,0.9411579482421909,0.0,-296.0272003180454,176.5418267424295
S43A11T05,variable_length,0.01,43013,0.6333333333333333,0.6344425108367016,0.5838126575173659,0.30872368268319794,0.9007922580186916,0.862180096403453,0.9522273910977823,0.0,-300.36059769952755,168.18378443340447
S43A11T05,variable_length,0.01,43013,0.6666666666666666,0.6901621295260982,0.551934030834776,0.3334737293076411,0.9045549971262512,0.8837165492540706,0.9640666320153489,0.0,-304.6741503277959,159.33218751386437
S43A11T05,variable_length,0.01,43013,0.7,0.7437682070932949,0.5215767757859083,0.35918951431699275,0.908253549735427,0.9084236230536931,0.976699348726762,0.0,-308.9667626178868,149.98279633655233
S43A11T05,variable_length,0.01,43013,0.7333333333333333,0.7941448591295673,0.49354473942708244,0.3858805966882192,0.9118621733802912,0.9350146881723662,0.9901497150144943,0.0,-313.23736135746356,140.13128775498836
S43A11T05,variable_length,0.01,43013,0.7666666666666667,0.8402856673116296,0.4685264749149003,0.41355675029544703,0.9153552144640662,0.9620795499258538,1.0044423101216353,0.0,-317.48489730278135,129.77326239287058
S43A11T05,variable_length,0.01,43013,0.8,0.881353346237076,0.4470523287993133,0.442227960762297,0.9187071015580053,0.988250730132885,1.0196020339986043,0.0,-321.70834669677953,118.90425185621876
S43A11T05,variable_length,0.01,43014,0.0,0.010960802925529037,0.8521797239364326,0.010960802925529037,0.8521797239364326,0.8522502103778835,0.8522502103784702,0.0,61.633529637971584,-17.105479859741628
S43A11T05,variable_length,0.01,43014,0.03333333333333333,0.021397124688803917,0.8519793701999451,0.019009544100452108,0.851921441050365,0.852248018003705,0.8521335015648883,0.0,57.294308840049005,-17.58380085000738
S43A11T05,variable_length,0.01,43014,0.06666666666666667,0.03311908006898902,0.8516845342832344,0.0281811372625466,0.8517261369317671,0.8523282345445714,0.8521922252820204,0.0,52.93112236673072,-18.665983457890988
S43A11T05,variable_length,0.01,43014,0.1,0.046251694383702406,0.851130240871592,0.03847235310575084,0.8515626876041219,0.8523860077215589,0.8524313068359519,0.0,48.54487678161932,-20.347253795190685
S43A11T05,variable_length,0.01,43014,0.13333333333333333,0.060978719577358134,0.850085378713126,0.0498798091249598,0.8513999641342662,0.8522696494321107,0.852859832731717,0.0,44.13650318652342,-22.622773512914
S43A11T05,variable_length,0.01,43014,0.16666666666666666,0.07754616893806762,0.8482538218564193,0.06239997208527799,0.8512068320000379,0.851791027547833,0.8534909650141494,0.0,39.706956468385286,-25.487639575880166
S43A11T05,variable_length,0.01,43014,0.2,0.09625855411383487,0.8452822089031266,0.07602916047462877,0.850952150741098,0.8507453919523954,0.8543418496681391,0.0,35.25721449148687,-28.936884264101174
S43A11T05,variable_length,0.01,43014,0.23333333333333334,0.11746692611850389,0.8407748930170175,0.09076354694111612,0.8506047738919149,0.8489410459269284,0.8554335174764008,0.0,30.7882772358503,-32.9654753975274
S43A11T05,variable_length,0.01,43014,0.26666666666666666,0.14154857623769365,0.834315896455995,0.10659916071649525,0.8501335491954547,0.8462381547260137,0.8567907752386937,0.0,26.30116588294345,-37.568316780206544
S43A11T05,variable_length,0.01,43014,0.3,0.1688791079082862,0.8254969396186176,0.12353189002706433,0.8495073190956683,0.8425944163164162,0.858442084855914,0.0,21.79692185000062,-42.74024885936481
S43A11T05,variable_length,0.01,43014,0.3333333333333333,0.1997984675081378,0.8139498437150855,0.14155748449324648,0.8486949215064191,0.8381132236770952,0.8604194274932677,0.0,17.276605774462485,-48.47604959437493
S43A11T05,variable_length,0.01,43014,0.36666666666666664,0.23457333191931615,0.7993809157022418,0.16067155751908316,0.8476651908540329,0.833087328217567,0.8627581498787549,0.0,12.741296450236062,-54.770435530024876
S43A11T05,variable_length,0.01,43014,0.4,0.2733589040684937,0.7816044018986413,0.18086958867281294,0.8463869593901964,0.8280280982556454,0.8654967897880699,0.0,8.192089717664121,-61.618063067947475
S43A11T05,variable_length,0.01,43014,0.43333333333333335,0.31616358314270576,0.7605718205989397,0.2021469260596581,0.8448290587714635,0.8236679583392936,0.8686768779362358,0.0,3.6300973092840363,-69.01352992951384
S43A11T05,variable_length,0.01,43014,0.4666666666666667,0.3628200904419821,0.7363940120403271,0.22449878868789114,0.8429603219011657,0.8209229921236081,0.8723427138590928,0.0,-0.943554346364928,-76.9513768029297
S43A11T05,variable_length,0.01,43014,0.5,0.4129664076213316,0.7093531060229245,0.2479202688291986,0.8407495850290486,0.8208063613593879,0.8765411139381081,0.0,-5.52772536044763,-85.4260891667132
S43A11T05,variable_length,0.01,43014,0.5333333333333333,0.4660393156122926,0.6799022991254661,0.2724063343743046,0.8381656901034918,0.824293503585021,0.8813211305051684,0.0,-10.121263656447368,-94.43209928116482
S43A11T05,variable_length,0.01,43014,0.5666666666666667,0.5212824365888812,0.6486523137738005,0.29795183118476043,0.8351774873706901,0.8321569580674945,0.8867337419531136,0.0,-14.723006276922426,-103.9637883388784
S43A11T05,variable_length,0.01,43014,0.6,0.5777695349737163,0.616344602998399,0.32455148544174806,0.8317538382147033,0.8448066673440725,0.8928315149502374,0.0,-19.331780721485895,-114.01548876477935
S43A11T05,variable_length,0.01,43014,0.6333333333333333,0.6344425108367016,0.5838126575173659,0.3521999059926847,0.8278636182318068,0.862180096403453,0.8996682411723305,0.0,-23.94640631294989,-124.58148665561963
S43A11T05,variable_length,0.01,43014,0.6666666666666666,0.6901621295260982,0.551934030834776,0.38089158669635614,0.8234757205321024,0.8837165492540706,0.9072985523646189,0.0,-28.565695588443898,-135.65602434830927
S43A11T05,variable_length,0.01,43014,0.7,0.7437682070932949,0.5215767757859083,0.41062090876724244,0.8185590592608726,0.9084236230536931,0.915777518950908,0.0,-33.188455712200486,-147.2333031059217
S43A11T05,variable_length,0.01,43014,0.7333333333333333,0.7941448591295673,0.49354473942708244,0.44138214311963575,0.8130825733316985,0.9350146881723662,0.9251602387270972,0.0,-37.813489906593574,-159.3074859096837
S43A11T05,variable_length,0.01,43014,0.7666666666666667,0.8402856673116296,0.4685264749149003,0.4731694527120862,0.8070152303628887,0.9620795499258538,0.9355014233118629,0.0,-42.43959889792327,-171.8727003447486
S43A11T05,variable_length,0.01,43014,0.8,0.881353346237076,0.4470523287993133,0.5059768948926419,0.8003260308083097,0.988250730132885,0.9468549908806433,0.0,-47.0655823733646,-184.92304156705322
S43A11T05,variable_length,0.1,43013,0.0,0.010960802925529037,0.8521797239364326,0.010960802925529037,0.8521797239364326,0.8522502103778835,0.8522502103784702,0.0,-127.31546471215316,164.2994892546717
S43A11T05,variable_length,0.1,43013,0.03333333333333333,0.021397124688803917,0.8519793701999451,0.018933363037894998,0.8523112801392526,0.852248018003705,0.8525215484018784,0.0,-134.27572211619756,166.78210338788512
S43A11T05,variable_length,0.1,43013,0.06666666666666667,0.03311908006898902,0.8516845342832344,0.027885256735961452,0.8532814008158781,0.8523282345445714,0.853736924656851,0.0,-141.2639246288496,168.76156696933003
S43A11T05,variable_length,0.1,43013,0.1,0.046251694383702406,0.851130240871592,0.03782664448626044,0.8550524260799752,0.8523860077215589,0.8558887231289716,0.0,-148.27728658764667,170.2346848835003
S43A11T05,variable_length,0.1,43013,0.13333333333333333,0.060978719577358134,0.850085378713126,0.04876769483287298,0.8575861549001551,0.8522696494321107,0.8589716532789339,0.0,-155.3129521588653,171.19834750975886
S43A11T05,variable_length,0.1,43013,0.16666666666666666,0.07754616893806762,0.8482538218564193,0.06071858147516332,0.8608438358467835,0.851791027547833,0.8629825350798009,0.0,-162.36800172045045,171.64954405444175
S43A11T05,variable_length,0.1,43013,0.2,0.09625855411383487,0.8452822089031266,0.07368948031842557,0.8647861576514698,0.8507453919523954,0.8679200642779221,0.0,-169.43945861786673,171.58537656444918
S43A11T05,variable_length,0.1,43013,0.23333333333333334,0.11746692611850389,0.8407748930170175,0.08769056649890315,0.8693732395754462,0.8489410459269284,0.873784564491617,0.0,-176.52429625801335,171.0030745970011
S43A11T05,variable_length,0.1,43013,0.26666666666666666,0.14154857623769365,0.834315896455995,0.10273201138466628,0.8745646215831768,0.8462381547260137,0.8805777327919805,0.0,-183.6194455028771,169.9000105165004
S43A11T05,variable_length,0.1,43013,0.3,0.1688791079082862,0.8254969396186176,0.11882397955385668,0.8803192543176741,0.8425944163164162,0.8883023852497758,0.0,-190.72180232147903,168.27371538601113
S43A11T05,variable_length,0.1,43013,0.3333333333333333,0.1997984675081378,0.8139498437150855,0.13597662575183722,0.886595488874165,0.8381132236770952,0.8969622085929121,0.0,-197.8282356559574,166.12189541776624
S43A11T05,variable_length,0.1,43013,0.36666666666666664,0.23457333191931615,0.7993809157022418,0.1542000918288126,0.8933510663689318,0.833087328217567,0.906561523617411,0.0,-204.93559545535794,163.44244894440448
S43A11T05,variable_length,0.1,43013,0.4,0.2733589040684937,0.7816044018986413,0.1735045036595183,0.9005431073003582,0.8280280982556454,0.9171050653536488,0.0,-212.04072082891628,160.233483870339
S43A11T05,variable_length,0.1,43013,0.43333333333333335,0.31616358314270576,0.7605718205989397,0.19389996804660878,0.9081281006994391,0.8236679583392936,0.9285977842367741,0.0,-219.1404482693345,156.49333556078543
S43A11T05,variable_length,0.1,43013,0.4666666666666667,0.3628200904419821,0.7363940120403271,0.2153965696094131,0.9160618930672718,0.8209229921236081,0.941044671697628,0.0,-226.2316198958181,152.22058512457005
S43A11T05,variable_length,0.1,43013,0.5,0.4129664076213316,0.7093531060229245,0.23800436765976393,0.9242996770973212,0.8208063613593879,0.9544506127130603,0.0,-233.31109166642815,147.4140780458662
S43A11T05,variable_length,0.1,43013,0.5333333333333333,0.4660393156122926,0.6799022991254661,0.2617333930666487,0.9327959801805684,0.824293503585021,0.968820266968135,0.0,-240.3757415096593,142.0729431195006
S43A11T05,variable_length,0.1,43013,0.5666666666666667,0.5212824365888812,0.6486523137738005,0.2865936451114781,0.9415046526919886,0.8321569580674945,0.9841579794219757,0.0,-247.42247732603343,136.19661164438517
S43A11T05,variable_length,0.1,43013,0.6,0.5777695349737163,0.616344602998399,0.31259508833581573,0.9503788560571765,0.8448066673440725,1.0004677202654886,0.0,-254.44824481191782,129.7848368299691
S43A11T05,variable_length,0.1,43013,0.6333333333333333,0.6344425108367016,0.5838126575173659,0.33974764938346635,0.959371050598349,0.862180096403453,1.017753053539399,0.0,-261.4500350596864,122.83771337130932
S43A11T05,variable_length,0.1,43013,0.6666666666666666,0.6901621295260982,0.551934030834776,0.36806121383887747,0.9684329831593899,0.8837165492540706,1.036017133065155,0.0,-268.4248918907285,115.35569714940544
S43A11T05,variable_length,0.1,43013,0.7,0.7437682070932949,0.5215767757859083,0.3975456230638721,0.9775156745100885,0.9084236230536931,1.0552627238423404,0.0,-275.3699188806226,107.33962501477487
S43A11T05,variable_length,0.1,43013,0.7333333333333333,0.7941448591295673,0.49354473942708244,0.42821067103479515,0.9865694065302444,0.9350146881723662,1.0754922466900951,0.0,-282.28228603899373,98.7907346138042
S43A11T05,variable_length,0.1,43013,0.7666666666666667,0.8402856673116296,0.4685264749149003,0.460066101182231,0.9955437091748707,0.9620795499258538,1.0967078436555828,0.0,-289.1592361100992,89.71068421913523
S43A11T05,variable_length,0.1,43013,0.8,0.881353346237076,0.4470523287993133,0.4931216032355258,1.0043873472223426,0.988250730132885,1.1189114615727689,0.0,-295.99809046400736,80.10157252717079
S43A11T05,variable_length,0.1,43014,0.0,0.010960802925529037,0.8521797239364326,0.010960802925529037,0.8521797239364326,0.8522502103778835,0.8522502103784702,0.0,240.5594208444342,-201.60165473019651
S43A11T05,variable_length,0.1,43014,0.03333333333333333,0.021397124688803917,0.8519793701999451,0.01895169131345212,0.8521980026946057,0.852248018003705,0.8524087061975114,0.0,234.4849924628302,-200.4803048741221
S43A11T05,variable_length,0.1,43014,0.06666666666666667,0.03311908006898902,0.8516845342832344,0.02795026611333045,0.8528240621749456,0.8523282345445714,0.853281957152137,0.0,228.35235353089797,-199.85742162764097
S43A11T05,variable_length,0.1,43014,0.1,0.046251694383702406,0.851130240871592,0.037953994955464664,0.8540139222024308,0.8523860077215589,0.8548568798633248,0.0,222.16247506950037,-199.72733853749946
S43A11T05,variable_length,0.1,43014,0.13333333333333333,0.060978719577358134,0.850085378713126,0.04896003822037646,0.8557230912237711,0.8522696494321107,0.8571225666129129,0.0,215.91639158518493,-200.08415410202812
S43A11T05,variable_length,0.1,43014,0.16666666666666666,0.07754616893806762,0.8482538218564193,0.060965247573112544,0.857906555906155,0.851791027547833,0.860070008824521,0.0,209.61520094620622,-200.92172242265502
S43A11T05,variable_length,0.1,43014,0.2,0.09625855411383487,0.8452822089031266,0.07396616471029967,0.8605187705590983,0.8507453919523954,0.8636918130950954,0.0,203.2600641138138,-202.23364369785293
S43A11T05,variable_length,0.1,43014,0.23333333333333334,0.11746692611850389,0.8407748930170175,0.08795902032013223,0.8635136464102772,0.8489410459269284,0.8679819161672959,0.0,196.85220472604757,-204.01325461132328
S43A11T05,variable_length,0.1,43014,0.26666666666666666,0.14154857623769365,0.834315896455995,0.1029397332555968,0.8668445407677436,0.8462381547260137,0.8729353049009839,0.0,190.39290853185616,-206.25361866883867
S43A11T05,variable_length,0.1,43014,0.3,0.1688791079082862,0.8254969396186176,0.1189039099213853,0.8704642461023709,0.8425944163164162,0.8785477468744438,0.0,183.8835226739503,-208.94751654063703
S43A11T05,variable_length,0.1,43014,0.3333333333333333,0.1997984675081378,0.8139498437150855,0.13584684387512166,0.8743249790857738,0.8381132236770952,0.884815536733601,0.0,177.3254548194257,-212.08743646860103
S43A11T05,variable_length,0.1,43014,0.36666666666666664,0.23457333191931615,0.7993809157022418,0.15376351564372007,0.8783783696202743,0.833087328217567,0.8917352628223736,0.0,170.72017213782286,-215.66556479963828
S43A11T05,variable_length,0.1,43014,0.4,0.2733589040684937,0.7816044018986413,0.1726485927559075,0.8825754498987397,0.8280280982556454,0.8993035979832161,0.0,164.06920012694914,-219.67377670872497
S43A11T05,variable_length,0.1,43014,0.43333333333333335,0.31616358314270576,0.7605718205989397,0.1924964299921725,0.8868666435333091,0.8236679583392936,0.9075171177298911,0.0,157.37412128744165,-224.10362717695193
S43A11T05,variable_length,0.1,43014,0.4666666666666667,0.3628200904419821,0.7363940120403271,0.21330106985364952,0.8912017547931429,0.8209229921236081,0.9163721482826116,0.0,150.6365736477176,-228.94634229163904
S43A11T05,variable_length,0.1,43014,0.5,0.4129664076213316,0.7093531060229245,0.23505624325170316,0.8955299579923653,0.8208063613593879,0.9258646462385371,0.0,143.85824914161924,-234.19281093714133
S43A11T05,variable_length,0.1,43014,0.5333333333333333,0.4660393156122926,0.6799022991254661,0.25775537042024577,0.8997997870703426,0.824293503585021,0.9359901109484607,0.0,137.04089184171622,-239.83357694635342
S43A11T05,variable_length,0.1,43014,0.5666666666666667,0.5212824365888812,0.6486523137738005,0.28139156205309435,0.9039591254073176,0.8321569580674945,0.9467435300031593,0.0,130.18629605187624,-245.85883178413093
S43A11T05,variable_length,0.1,43014,0.6,0.5777695349737163,0.616344602998399,0.30595762066895077,0.9079551959192322,0.8448066673440725,0.9581193576184216,0.0,123.29630426334117,-252.25840783486646
S43A11T05,variable_length,0.1,43014,0.6333333333333333,0.6344425108367016,0.5838126575173659,0.33144604220686785,0.9117345514762922,0.862180096403453,0.970111525161552,0.0,116.37280497915835,-259.02177236728943
S43A11T05,variable_length,0.1,43014,0.6666666666666666,0.6901621295260982,0.551934030834776,0.35784901785534373,0.9152430656904637,0.8837165492540706,0.982713482595773,0.0,109.41773041239931,-266.1380222501875
S43A11T05,variable_length,0.1,43014,0.7,0.7437682070932949,0.5215767757859083,0.38515843611845724,0.9184259241176485,0.9084236230536931,0.9959182692397867,0.0,102.43305406415753,-273.5958794931671
S43A11T05,variable_length,0.1,43014,0.7333333333333333,0.7941448591295673,0.49354473942708244,0.413365885122726,0.9212276159207442,0.9350146881723662,1.009718611950534,0.0,95.42078818783554,-281.3836876867645
S43A11T05,variable_length,0.1,43014,0.7666666666666667,0.8402856673116296,0.4685264749149003,0.4424626551686274,0.9235919260401723,0.9620795499258538,1.024107048636258,0.0,88.38298114672739,-289.48940941619423
S43A11T05,variable_length,0.1,43014,0.8,0.881353346237076,0.4470523287993133,0.47243974153096013,0.9254619279187322,0.988250730132885,1.039076074888599,0.0,81.32171467234451,-297.9006247227352
S43A11T05,variable_length,1.0,43013,0.0,0.010960802925529037,0.8521797239364326,0.010960802925529037,0.8521797239364326,0.8522502103778835,0.8522502103784702,0.0,-137.69432369932215,203.15183830563524
S43A11T05,variable_length,1.0,43013,0.03333333333333333,0.021397124688803917,0.8519793701999451,0.01924469481842061,0.8520916010035153,0.852248018003705,0.8523088963400465,0.0,-143.79203281895838,204.5840658402749
S43A11T05,variable_length,1.0,43013,0.06666666666666667,0.03311908006898902,0.8516845342832344,0.02912805162064688,0.8524031053263211,0.8523282345445714,0.8529006374497385,0.0,-149.85107228040914,205.09102199636897
S43A11T05,variable_length,1.0,43013,0.1,0.046251694383702406,0.851130240871592,0.04061726870774891,0.8530773442155708,0.8523860077215589,0.8540437446244594,0.0,-155.87055556230774,204.67524636919114
S43A11T05,variable_length,1.0,43013,0.13333333333333333,0.060978719577358134,0.850085378713126,0.05371879658845277,0.854077067663304,0.8522696494321107,0.8557647729465496,0.0,-161.84968287929215,203.33950193219994
S43A11T05,variable_length,1.0,43013,0.16666666666666666,0.07754616893806762,0.8482538218564193,0.06843914135526609,0.8553646628833329,0.851791027547833,0.8580982592803482,0.0,-167.78773876603933,201.08677717578257
S43A11T05,variable_length,1.0,43013,0.2,0.09625855411383487,0.8452822089031266,0.08478486510239949,0.8569021487172924,0.8507453919523954,0.8610863869715656,0.0,-173.68408944834374,197.92028820822946
S43A11T05,variable_length,1.0,43013,0.23333333333333334,0.11746692611850389,0.8407748930170175,0.10276258631269616,0.858651169909954,0.8489410459269284,0.8647785732396513,0.0,-179.53818002789575,193.84348083982192
S43A11T05,variable_length,1.0,43013,0.26666666666666666,0.14154857623769365,0.834315896455995,0.1223789802153082,0.8605729912578653,0.8462381547260137,0.8692309751050343,0.0,-185.3495315069307,188.8600326693942
S43A11T05,variable_length,1.0,43013,0.3,0.1688791079082862,0.8254969396186176,0.14364077911590234,0.8626284916357511,0.8425944163164162,0.8745059107906558,0.0,-191.11773767823166,182.97385519102278
S43A11T05,variable_length,1.0,43013,0.3333333333333333,0.1997984675081378,0.8139498437150855,0.16655477270121766,0.8647781579054793,0.8381132236770952,0.8806711955667383,0.0,-196.84246190512317,176.1890959366595
S43A11T05,variable_length,1.0,43013,0.36666666666666664,0.23457333191931615,0.7993809157022418,0.19112780831982462,0.8669820787127464,0.833087328217567,0.8877993939642076,0.0,-202.52343381508905,168.51014066854404
S43A11T05,variable_length,1.0,43013,0.4,0.2733589040684937,0.7816044018986413,0.21736679124095795,0.8691999381769682,0.8280280982556454,0.8959669940696674,0.0,-208.16044592953656,159.9416156331755
S43A11T05,variable_length,1.0,43013,0.43333333333333335,0.31616358314270576,0.7605718205989397,0.245278684893305,0.8713910094801967,0.8236679583392936,0.9052535140317907,0.0,-213.75335025100804,150.48838988647407
S43A11T05,variable_length,1.0,43013,0.4666666666666667,0.3628200904419821,0.7363940120403271,0.27487051108563737,0.8735141483611848,0.8209229921236081,0.9157405556447991,0.0,-219.30205482785755,140.15557769757925
S43A11T05,variable_length,1.0,43013,0.5,0.4129664076213316,0.7093531060229245,0.3061493502111634,0.8755277865210299,0.8208063613593879,0.9275108245223512,0.0,-224.80652031505625,128.94854103650033
S43A11T05,variable_length,1.0,43013,0.5333333333333333,0.4660393156122926,0.6799022991254661,0.33912234143746806,0.8773899249471074,0.824293503585021,0.9406471404632671,0.0,-230.26675654841907,116.87289214860652
S43A11T05,variable_length,1.0,43013,0.5666666666666667,0.5212824365888812,0.6486523137738005,0.37379668288387946,0.8790581271622897,0.8321569580674945,0.9552314646545432,0.0,-235.68281914813866,103.93449621670527
S43A11T05,variable_length,1.0,43013,0.6,0.5777695349737163,0.616344602998399,0.4101796317880695,0.8804895124067089,0.8448066673440725,0.9713439719239525,0.0,-241.05480616611774,90.13947410925115
S43A11T05,variable_length,1.0,43013,0.6333333333333333,0.6344425108367016,0.5838126575173659,0.44827850466365204,0.8816407487595773,0.862180096403453,0.9890621960310828,0.0,-246.38285479019876,75.49420521104545
S43A11T05,variable_length,1.0,43013,0.6666666666666666,0.6901621295260982,0.551934030834776,0.4881006774504911,0.8824680462088357,0.8837165492540706,1.008460273837432,0.0,-251.66713811702667,60.005330330651276
S43A11T05,variable_length,1.0,43013,0.7,0.7437682070932949,0.5215767757859083,0.5296535856593719,0.8829271496766284,0.9084236230536931,1.0296083102029263,0.0,-256.90786200394996,43.67975467667057
S43A11T05,variable_length,1.0,43013,0.7333333333333333,0.7941448591295673,0.49354473942708244,0.5729447245126118,0.8829733320088476,0.9350146881723662,1.0525718799144501,0.0,-262.10526200908396,26.52465089301336
S43A11T05,variable_length,1.0,43013,0.7666666666666667,0.8402856673116296,0.4685264749149003,0.6179816490821199,0.8825613869372109,0.9620795499258538,1.0774116763409378,0.0,-267.25960042741775,8.547462141334279
S43A11T05,variable_length,1.0,43013,0.8,0.881353346237076,0.4470523287993133,0.6647719744263119,0.881645622022553,0.988250730132885,1.1041833094261078,0.0,-272.3711634296796,-10.244094783048752
S43A11T05,variable_length,1.0,43014,0.0,0.010960802925529037,0.8521797239364326,0.010960802925529037,0.8521797239364326,0.8522502103778835,0.8522502103784702,0.0,127.10261811812404,-79.3948689165345
S43A11T05,variable_length,1.0,43014,0.03333333333333333,0.021397124688803917,0.8519793701999451,0.0190540273466139,0.8524323493058765,0.852248018003705,0.8526452756582079,0.0,124.24666446827067,-81.03382488475671
S43A11T05,variable_length,1.0,43014,0.06666666666666667,0.03311908006898902,0.8516845342832344,0.028369805366486752,0.8537497987465237,0.8523282345445714,0.854221028023346,0.0,121.363153771708,-83.30693388821084
S43A11T05,variable_length,1.0,43014,0.1,0.046251694383702406,0.851130240871592,0.03892091695251634,0.8560707380761019,0.8523860077215589,0.8569550433760142,0.0,118.45203718735681,-86.21155966788643
S43A11T05,variable_length,1.0,43014,0.13333333333333333,0.060978719577358134,0.850085378713126,0.05071986467709801,0.8593334936459301,0.8522696494321107,0.8608289946183173,0.0,115.51328157023325,-89.74487928314556
S43A11T05,variable_length,1.0,43014,0.16666666666666666,0.07754616893806762,0.8482538218564193,0.06377887685570183,0.8634760563058939,0.851791027547833,0.8658282999230009,0.0,112.54687005638581,-93.90388323796309
S43A11T05,variable_length,1.0,43014,0.2,0.09625855411383487,0.8452822089031266,0.07810991094527407,0.8684360861665048,0.8507453919523954,0.8719417377010207,0.0,109.55280264122867,-98.6853766188413
S43A11T05,variable_length,1.0,43014,0.23333333333333334,0.11746692611850389,0.8407748930170175,0.09372465719388201,0.8741509181800284,0.8489410459269284,0.8791610427686712,0.0,106.53109674968752,-104.08598129686725
S43A11T05,variable_length,1.0,43014,0.26666666666666666,0.14154857623769365,0.834315896455995,0.1106345425317059,0.880557568558797,0.8462381547260137,0.8874804975594563,0.0,103.48178779652315,-110.10213923715631
S43A11T05,variable_length,1.0,43014,0.3,0.1688791079082862,0.8254969396186176,0.12885073469271469,0.887592742044712,0.8425944163164162,0.8968965311351711,0.0,100.40492973514858,-116.73011694885628
S43A11T05,variable_length,1.0,43014,0.3333333333333333,0.1997984675081378,0.8139498437150855,0.1483841465556241,0.8951928400396284,0.8381132236770952,0.9074073373123323,0.0,97.300595593212,-123.96601109808456
S43A11T05,variable_length,1.0,43014,0.36666666666666664,0.23457333191931615,0.7993809157022418,0.1692454406920253,0.9032939696018059,0.833087328217567,0.9190125215224361,0.0,94.16887799317668,-131.8057552947487
S43A11T05,variable_length,1.0,43014,0.4,0.2733589040684937,0.7816044018986413,0.191445034108903,0.9118319533089729,0.8280280982556454,0.9317127841568001,0.0,91.00988965609606,-140.24512805228017
S43A11T05,variable_length,1.0,43014,0.43333333333333335,0.31616358314270576,0.7605718205989397,0.21499310317213333,0.9207423399837869,0.8236679583392936,0.9455096461969084,0.0,87.82376388675252,-149.27976190703697
S43A11T05,variable_length,1.0,43014,0.4666666666666667,0.3628200904419821,0.7363940120403271,0.2398995886969738,0.9299604162726413,0.8209229921236081,0.9604052209832896,0.0,84.61065503830609,-158.9051536716441
S43A11T05,variable_length,1.0,43014,0.5,0.4129664076213316,0.7093531060229245,0.2661742011910303,0.939421219063902,0.8208063613593879,0.9764020341069506,0.0,81.37073895458308,-169.1166757839988
S43A11T05,variable_length,1.0,43014,0.5333333333333333,0.4660393156122926,0.6799022991254661,0.2938264262347203,0.9490595487267849,0.824293503585021,0.9935028916839427,0.0,78.10421338812681,-179.90958870122927
S43A11T05,variable_length,1.0,43014,0.5666666666666667,0.5212824365888812,0.6486523137738005,0.32286552998384693,0.9588099831472622,0.8321569580674945,1.0117107957492613,0.0,74.81129839213223,-191.27905427571528
S43A11T05,variable_length,1.0,43014,0.6,0.5777695349737163,0.616344602998399,0.35330056477856325,0.9686068925326399,0.8448066673440725,1.03102890421927,0.0,71.49223668439222,-203.220150038524
S43A11T05,variable_length,1.0,43014,0.6333333333333333,0.6344425108367016,0.5838126575173659,0.3851403748427372,0.9783844549518259,0.862180096403453,1.0514605318443415,0.0,68.14729398140055,-215.72788430443046
S43A11T05,variable_length,1.0,43014,0.6666666666666666,0.6901621295260982,0.551934030834776,0.4183936020575406,0.9880766725738404,0.8837165492540706,1.0730091878116776,0.0,64.77675930078126,-228.79721200223526
S43A11T05,variable_length,1.0,43014,0.7,0.7437682070932949,0.5215767757859083,0.45306869179296594,0.9976173885628511,0.9084236230536931,1.095678645154204,0.0,61.38094523024944,-242.42305112450325
S43A11T05,variable_length,1.0,43014,0.7333333333333333,0.7941448591295673,0.49354473942708244,0.4891738987809409,1.0069403045839782,0.9350146881723662,1.1194730368549397,0.0,57.960188161349414,-256.6002996822433
S43A11T05,variable_length,1.0,43014,0.7666666666666667,0.8402856673116296,0.4685264749149003,0.5267172930137529,1.0159789988703294,0.9620795499258538,1.1443969734783,0.0,54.514848486275426,-271.3238530425651
S43A11T05,variable_length,1.0,43014,0.8,0.881353346237076,0.4470523287993133,0.5657067656516184,1.0246669447982482,0.988250730132885,1.170455677275817,0.0,51.04531075613792,-286.5886215210691
S43A11T05,variable_length,10.0,43013,0.0,0.010960802925529037,0.8521797239364326,0.010960802925529037,0.8521797239364326,0.8522502103778835,0.8522502103784702,0.0,-193.95059291554065,237.8394966306681
S43A11T05,variable_length,10.0,43013,0.03333333333333333,0.021397124688803917,0.8519793701999451,0.019019294488558644,0.8529820506716711,0.852248018003705,0.853194064871464,0.0,-196.39756180862682,235.49929724518543
S43A11T05,variable_length,10.0,43013,0.06666666666666667,0.03311908006898902,0.8516845342832344,0.02823238846598897,0.8559310360400652,0.8523282345445714,0.8563965239397657,0.0,-198.82495417165904,232.55307508407873
S43A11T05,variable_length,10.0,43013,0.1,0.046251694383702406,0.851130240871592,0.03861528950475627,0.8609383873140618,0.8523860077215589,0.8618039494777647,0.0,-201.2330263425522,229.00805329685042
S43A11T05,variable_length,10.0,43013,0.13333333333333333,0.060978719577358134,0.850085378713126,0.050183123131109744,0.8679146595430902,0.8522696494321107,0.8693642516793466,0.0,-203.62203686764056,224.87180495669259
S43A11T05,variable_length,10.0,43013,0.16666666666666666,0.07754616893806762,0.8482538218564193,0.06295093152044325,0.8767692546215536,0.851791027547833,0.8790262485443346,0.0,-205.99224593788298,220.1522541425334
S43A11T05,variable_length,10.0,43013,0.2,0.09625855411383487,0.8452822089031266,0.07693366905435231,0.8874104218084543,0.8507453919523954,0.890739044933713,0.0,-208.34391485104206,214.85767591400491
S43A11T05,variable_length,10.0,43013,0.23333333333333334,0.11746692611850389,0.8407748930170175,0.09214619767553475,0.8997452596951846,0.8489410459269284,0.9044514658570763,0.0,-210.67730549964216,208.99669520952432
S43A11T05,variable_length,10.0,43013,0.26666666666666666,0.14154857623769365,0.834315896455995,0.10860328205127336,0.9136797196151201,0.8462381547260137,0.9201115709028296,0.0,-212.99267988444436,202.57828470099088
S43A11T05,variable_length,10.0,43013,0.3,0.1688791079082862,0.8254969396186176,0.12631958455632292,0.9291186104858118,0.8425944163164162,0.9376662678131104,0.0,-215.29029965311634,195.61176164171917
S43A11T05,variable_length,10.0,43013,0.3333333333333333,0.1997984675081378,0.8139498437150855,0.14530966008607585,0.9459656050718157,0.8381132236770952,0.9570610342575949,0.0,-217.57042566371817,188.10678374713314
S43A11T05,variable_length,10.0,43013,0.36666666666666664,0.23457333191931615,0.7993809157022418,0.1655879507109012,0.9641232476535171,0.833087328217567,0.9782397487771598,0.0,-219.8333175725814,180.07334415043846
S43A11T05,variable_length,10.0,43013,0.4,0.2733589040684937,0.7816044018986413,0.18716878018254482,0.9834929630847316,0.8280280982556454,1.0011446252730956,0.0,-222.07923344610987,171.52176547794463
S43A11T05,variable_length,10.0,43013,0.43333333333333335,0.31616358314270576,0.7605718205989397,0.21006634830344373,1.0039750672193841,0.8236679583392936,1.0257162406283284,0.0,-224.30842939599904,162.46269309092585
S43A11T05,variable_length,10.0,43013,0.4666666666666667,0.3628200904419821,0.7363940120403271,0.23429472516975727,1.0254687786852157,0.8209229921236081,1.0518936421052845,0.0,-226.52115923733504,152.90708754287238
S43A11T05,variable_length,10.0,43013,0.5,0.4129664076213316,0.7093531060229245,0.2598678452988381,1.04787223198022,0.8208063613593879,1.0796145198988707,0.0,-228.71767416900707,142.86621630268212
S43A11T05,variable_length,10.0,43013,0.5333333333333333,0.4660393156122926,0.6799022991254661,0.2867995016517807,1.0710824918654205,0.824293503585021,1.1088154303261426,0.0,-230.89822247584672,132.35164479577378
S43A11T05,variable_length,10.0,43013,0.5666666666666667,0.5212824365888812,0.6486523137738005,0.3151033395615833,1.094995569025621,0.8321569580674945,1.1394320562410054,0.0,-233.06304925188442,121.37522681624021
S43A11T05,variable_length,10.0,43013,0.6,0.5777695349737163,0.616344602998399,0.34479285057734776,1.1195064369679542,0.8448066673440725,1.17139949300951,0.0,-235.21239614410223,109.94909436401839
S43A11T05,variable_length,10.0,43013,0.6333333333333333,0.6344425108367016,0.5838126575173659,0.37588136623482904,1.1445090501263688,0.862180096403453,1.2046525504495995,0.0,-237.34650111604677,98.08564696160053
S43A11T05,variable_length,10.0,43013,0.6666666666666666,0.6901621295260982,0.551934030834776,0.40838205176353093,1.169896363138696,0.8837165492540706,1.2391260632755405,0.0,-239.46559823066147,85.79754050504945
S43A11T05,variable_length,10.0,43013,0.7,0.7437682070932949,0.5215767757859083,0.44230789974043544,1.195560351261561,0.9084236230536931,1.2747552046108548,0.0,-241.5699174516883,73.09767570400561
S43A11T05,variable_length,10.0,43013,0.7333333333333333,0.7941448591295673,0.49354473942708244,0.47767172370034033,1.221392031887225,0.9350146881723662,1.311475798930906,0.0,-243.65968446298882,59.999186164963874
S43A11T05,variable_length,10.0,43013,0.7666666666666667,0.8402856673116296,0.4685264749149003,0.5144861517126956,1.2472814871253965,0.9620795499258538,1.3492246323095645,0.0,-245.7351205051336,46.515426171355614
S43A11T05,variable_length,10.0,43013,0.8,0.881353346237076,0.4470523287993133,0.5527636199347381,1.2731178874121778,0.988250730132885,1.38793975905772,0.0,-247.79644222860853,32.659958212883595
S43A11T05,variable_length,10.0,43014,0.0,0.010960802925529037,0.8521797239364326,0.010960802925529037,0.8521797239364326,0.8522502103778835,0.8522502103784702,0.0,2.2630206268591193,7.727152972659314
S43A11T05,variable_length,10.0,43014,0.03333333333333333,0.021397124688803917,0.8519793701999451,0.018653940565936375,0.8533835294288665,0.852248018003705,0.8535873814672441,0.0,0.8991460906913421,5.379729676988365
S43A11T05,variable_length,10.0,43014,0.06666666666666667,0.03311908006898902,0.8516845342832344,0.02678763862085597,0.8575027052769825,0.8523282345445714,0.8579210145119567,0.0,-0.4653679920686612,2.9148917875148013
S43A11T05,variable_length,10.0,43014,0.1,0.046251694383702406,0.851130240871592,0.03540225177725878,0.8643967404575702,0.8523860077215589,0.8651214043968467,0.0,-1.8303780717223816,0.3298393180482997
S43A11T05,variable_length,10.0,43014,0.13333333333333333,0.060978719577358134,0.850085378713126,0.04453823670565634,0.8739228714867895,0.8522696494321107,0.8750570494759554,0.0,-3.1957436949902314,-2.3780400456288215
S43A11T05,variable_length,10.0,43014,0.16666666666666666,0.07754616893806762,0.8482538218564193,0.054236122121932066,0.8859361238277296,0.851791027547833,0.8875947118176896,0.0,-4.561327605801986,-5.211186958838179
S43A11T05,variable_length,10.0,43014,0.2,0.09625855411383487,0.8452822089031266,0.0645364787167048,0.9002893567570069,0.8507453919523954,0.9025995141678822,0.0,-5.926995838590463,-8.17188604048698
S43A11T05,variable_length,10.0,43014,0.23333333333333334,0.11746692611850389,0.8407748930170175,0.07547988901266767,0.9168333117544242,0.8489410459269284,0.9199350711810861,0.0,-7.292617803907499,-11.262281139934503
S43A11T05,variable_length,10.0,43014,0.26666666666666666,0.14154857623769365,0.834315896455995,0.0871069172109546,0.9354166644740514,0.8462381547260137,0.9394636508150574,0.0,-8.658066366208216,-14.484390302610473
S43A11T05,variable_length,10.0,43014,0.3,0.1688791079082862,0.8254969396186176,0.09945807908801071,0.9558860803483853,0.8425944163164162,0.961046361056883,0.0,-10.023217913666574,-17.8401205072086
S43A11T05,variable_length,10.0,43014,0.3333333333333333,0.1997984675081378,0.8139498437150855,0.11257381200467799,0.9780862738694349,0.8381132236770952,0.9845433572382986,0.0,-11.387952419909935,-21.331282264354073
S43A11T05,variable_length,10.0,43014,0.36666666666666664,0.23457333191931615,0.7993809157022418,0.12649444508924657,1.001860071581632,0.833087328217567,1.0098140658898493,0.0,-12.752153497582768,-24.959604181910365
S43A11T05,variable_length,10.0,43014,0.4,0.2733589040684937,0.7816044018986413,0.14126016965605603,1.0270484788113357,0.8280280982556454,1.0367174221363005,0.0,-14.11570844367033,-28.726747615113418
S43A11T05,variable_length,10.0,43014,0.43333333333333335,0.31616358314270576,0.7605718205989397,0.15691100992085757,1.0534907501463673,0.8236679583392936,1.065112118830379,0.0,-15.478508276537035,-32.634321530087085
S43A11T05,variable_length,10.0,43014,0.4666666666666667,0.3628200904419821,0.7363940120403271,0.17348679407355877,1.0810244636664799,0.8209229921236081,1.0948568667932452,0.0,-16.84044776465587,-36.68389771661115
S43A11T05,variable_length,10.0,43014,0.5,0.4129664076213316,0.7093531060229245,0.1910271257681626,1.1094855989119252,0.8208063613593879,1.1258106665746237,0.0,-18.201425447025702,-40.877026489937705
S43A11T05,variable_length,10.0,43014,0.5333333333333333,0.4660393156122926,0.6799022991254661,0.20957135608867936,1.1387086185623976,0.824293503585021,1.1578330930156264,0.0,-19.561343645297725,-45.21525302166842
S43A11T05,variable_length,10.0,43014,0.5666666666666667,0.5212824365888812,0.6486523137738005,0.2291585560485253,1.1685265537826017,0.8321569580674945,1.1907845945872364,0.0,-20.920108467650444,-49.7001344359854
S43A11T05,variable_length,10.0,43014,0.6,0.5777695349737163,0.616344602998399,0.24982748967942908,1.198771093173632,0.8448066673440725,1.2245268100083517,0.0,-22.27762980447575,-54.333257799680396
S43A11T05,variable_length,10.0,43014,0.6333333333333333,0.6344425108367016,0.5838126575173659,0.271616587764137,1.2292726752513108,0.862180096403453,1.2589229050538193,0.0,-23.633821315957864,-59.116259122361626
S43A11T05,variable_length,10.0,43014,0.6666666666666666,0.6901621295260982,0.551934030834776,0.2945639222652453,1.259860584353747,0.8837165492540706,1.2938379327834884,0.0,-24.988600411645788,-64.05084346691878
S43A11T05,variable_length,10.0,43014,0.7,0.7437682070932949,0.5215767757859083,0.31870718150028876,1.2903630498607503,0.9084236230536931,1.3291392206939028,0.0,-26.341888222142668,-69.1388062498668
S43A11T05,variable_length,10.0,43014,0.7333333333333333,0.7941448591295673,0.49354473942708244,0.34408364611078895,1.3206073485875311,0.9350146881723662,1.3646967885450905,0.0,-27.693609563047943,-74.38205578675701
S43A11T05,variable_length,10.0,43014,0.7666666666666667,0.8402856673116296,0.4685264749149003,0.3707301658702987,1.3504199101945087,0.9620795499258538,1.4003838008692346,0.0,-29.04369289131287,-79.78263710968828
S43A11T05,variable_length,10.0,43014,0.8,0.881353346237076,0.4470523287993133,0.39868313737360445,1.3796264254341788,0.988250730132885,1.436077058441973,0.0,-30.392070254180982,-85.34275705246716
