trial,activity,normalized_phase,com_delta_camera_x_m,com_relative_foot_midpoint_delta_camera_x_m,com_delta_camera_y_m,com_relative_foot_midpoint_delta_camera_y_m,com_delta_camera_z_m,com_relative_foot_midpoint_delta_camera_z_m
S43A10T02,A10,0.0,0.0,0.0,0.0,0.0,0.0,0.0
S43A10T02,A10,0.01,0.0008863050390297112,-0.00025994435061870157,0.0012260241998075503,0.00012254367002241805,0.0018161310337168502,0.0012561578891855608
S43A10T02,A10,0.02,0.0017726100780594224,-0.0005198887012374031,0.0024520483996151006,0.0002450873400448361,0.0036322620674337004,0.0025123157783711217
S43A10T02,A10,0.03,0.0026589151170891335,-0.0007798330518561048,0.0036780725994226505,0.00036763101006725415,0.00544839310115055,0.003768473667556682
S43A10T02,A10,0.04,0.003545220156118845,-0.0010397774024748063,0.004904096799230201,0.0004901746800896722,0.007264524134867401,0.005024631556742243
S43A10T02,A10,0.05,0.004431525195148556,-0.001299721753093508,0.006130120999037751,0.0006127183501120903,0.00908065516858425,0.0062807894459278035
S43A10T02,A10,0.06,0.005317830234178267,-0.0015596661037122095,0.007356145198845301,0.0007352620201345083,0.0108967862023011,0.007536947335113364
S43A10T02,A10,0.07,0.00626395873180653,-0.0014959442222948643,0.008495502500127414,0.0010789985938775733,0.012489618875522536,0.009430854227084765
S43A10T02,A10,0.08,0.007329734146631895,-0.0007848898768054278,0.009461526004358645,0.0018651209750619293,0.013635854827753136,0.012600259124627835
S43A10T02,A10,0.09,0.00839550956145726,-7.383553131599116e-05,0.010427549508589876,0.0026512433562462853,0.014782090779983737,0.015769664022170903
S43A10T02,A10,0.1,0.009461284976282625,0.0006372188141734463,0.01139357301282111,0.0034373657374306425,0.015928326732214337,0.018939068919713975
S43A10T02,A10,0.11,0.010527060391107991,0.0013482731596628828,0.012359596517052342,0.004223488118614999,0.01707456268444494,0.022108473817257047
S43A10T02,A10,0.12,0.011592835805933354,0.0020593275051523194,0.013325620021283574,0.005009610499799355,0.01822079863667554,0.025277878714800115
S43A10T02,A10,0.13,0.01265861122075872,0.0027703818506417573,0.014291643525514807,0.005795732880983712,0.01936703458890614,0.02844728361234319
S43A10T02,A10,0.14,0.013791220102515746,0.00508616028806284,0.015519694253088372,0.006255665322424453,0.02215852838549815,0.03056587701831024
S43A10T02,A10,0.15,0.014957245717738599,0.008204300771449733,0.0168787585923331,0.006552502793993387,0.025772651104270846,0.03215906467848928
S43A10T02,A10,0.16,0.01612327133296145,0.011322441254836635,0.01823782293157783,0.00684934026556232,0.029386773823043555,0.03375225233866832
S43A10T02,A10,0.17,0.017289296948184308,0.014440581738223537,0.01959688727082256,0.007146177737131254,0.03300089654181626,0.035345439998847365
S43A10T02,A10,0.18,0.01845532256340716,0.01755872222161043,0.02095595161006729,0.007443015208700187,0.036615019260588966,0.0369386276590264
S43A10T02,A10,0.19,0.019621348178630014,0.020676862704997332,0.02231501594931202,0.007739852680269121,0.04022914197936167,0.038531815319205444
S43A10T02,A10,0.2,0.02078737379385287,0.023795003188384234,0.023674080288556748,0.008036690151838055,0.04384326469813438,0.04012500297938448
S43A10T02,A10,0.21,0.02273878656575868,0.026320378362633786,0.026109880804113507,0.009666725896886993,0.046207437788984125,0.042251505171796676
S43A10T02,A10,0.22,0.024690199337664497,0.028845753536883345,0.02854568131967027,0.011296761641935937,0.04857161087983388,0.04437800736420887
S43A10T02,A10,0.23,0.026641612109570313,0.0313711287111329,0.030981481835227035,0.012926797386984878,0.050935783970683636,0.04650450955662107
S43A10T02,A10,0.24,0.028593024881476123,0.033896503885382456,0.03341728235078379,0.014556833132033818,0.053299957061533385,0.048631011749033254
S43A10T02,A10,0.25,0.03054443765338194,0.03642187905963201,0.035853082866340556,0.01618686887708276,0.05566413015238314,0.050757513941445453
S43A10T02,A10,0.26,0.032495850425287756,0.03894725423388157,0.03828888338189732,0.017816904622131702,0.058028303243232895,0.05288401613385765
S43A10T02,A10,0.27,0.03459612481908449,0.041584299257561116,0.04073338938041651,0.019500361731490737,0.06048088090427764,0.0548609712363086
S43A10T02,A10,0.28,0.03699412245666306,0.04444468398010063,0.04319530634486056,0.021290661569469953,0.06311026770571236,0.056538832158837066
S43A10T02,A10,0.29,0.03939212009424161,0.047305068702640125,0.04565722330930459,0.023080961407449162,0.06573965450714707,0.05821669308136552
S43A10T02,A10,0.3,0.041790117731820176,0.05016545342517964,0.04811914027374864,0.024871261245428378,0.06836904130858179,0.059894554003893985
S43A10T02,A10,0.31,0.04418811536939874,0.053025838147719155,0.050581057238192687,0.026661561083407594,0.07099842811001651,0.06157241492642245
S43A10T02,A10,0.32,0.046586113006977306,0.05588622287025867,0.05304297420263673,0.02845186092138681,0.07362781491145123,0.06325027584895092
S43A10T02,A10,0.33,0.04898411064455588,0.05874660759279818,0.05550489116708078,0.030242160759366025,0.07625720171288596,0.06492813677147938
S43A10T02,A10,0.34,0.05094992334123796,0.06131960107561308,0.05712526804547914,0.03195388743024488,0.07921586500150266,0.06717703443509612
S43A10T02,A10,0.35000000000000003,0.05269964356747182,0.06374889893856568,0.05832487488085467,0.03362632751757356,0.08233916653371033,0.06971145046925699
S43A10T02,A10,0.36,0.05444936379370566,0.06617819680151826,0.05952448171623019,0.03529876760490222,0.08546246806591799,0.07224586650341784
S43A10T02,A10,0.37,0.05619908401993951,0.06860749466447086,0.06072408855160572,0.0369712076922309,0.08858576959812567,0.07478028253757871
S43A10T02,A10,0.38,0.057948804246173366,0.07103679252742345,0.061923695386981246,0.03864364777955957,0.09170907113033336,0.07731469857173959
S43A10T02,A10,0.39,0.05969852447240722,0.07346609039037605,0.06312330222235678,0.04031608786688825,0.09483237266254103,0.07984911460590045
S43A10T02,A10,0.4,0.061448244698641075,0.07589538825332864,0.0643229090577323,0.041988527954216925,0.09795567419474871,0.08238353064006132
S43A10T02,A10,0.41000000000000003,0.06424677231749223,0.07860024826964074,0.06753522158317864,0.043689414698413226,0.10141643618394468,0.0861919732933198
S43A10T02,A10,0.42,0.06704529993634337,0.08130510828595282,0.07074753410862496,0.04539030144260952,0.10487719817314062,0.09000041594657827
S43A10T02,A10,0.43,0.06984382755519453,0.08400996830226493,0.07395984663407129,0.04709118818680582,0.10833796016233659,0.09380885859983676
S43A10T02,A10,0.44,0.07264235517404569,0.08671482831857702,0.07717215915951761,0.04879207493100213,0.11179872215153254,0.09761730125309524
S43A10T02,A10,0.45,0.07544088279289685,0.08941968833488911,0.08038447168496395,0.05049296167519843,0.11525948414072851,0.10142574390635373
S43A10T02,A10,0.46,0.078239410411748,0.09212454835120121,0.08359678421041028,0.05219384841939473,0.11872024612992446,0.10523418655961221
S43A10T02,A10,0.47000000000000003,0.08081475555555523,0.09432505218641468,0.08668787624556068,0.05472581722456465,0.12168426910770003,0.10889025665652842
S43A10T02,A10,0.48,0.08294373574927455,0.09551684365943092,0.08953652730011921,0.058919950151681756,0.12365481406263479,0.11224158164076002
S43A10T02,A10,0.49,0.0850727159429939,0.09670863513244715,0.09238517835467776,0.06311408307879889,0.12562535901756955,0.11559290662499166
S43A10T02,A10,0.5,0.08720169613671325,0.09790042660546339,0.0952338294092363,0.06730821600591602,0.1275959039725043,0.1189442316092233
S43A10T02,A10,0.51,0.0893306763304326,0.09909221807847962,0.09808248046379484,0.07150234893303316,0.12956644892743907,0.12229555659345492
S43A10T02,A10,0.52,0.09145965652415194,0.10028400955149586,0.10093113151835338,0.0756964818601503,0.13153699388237383,0.12564688157768655
S43A10T02,A10,0.53,0.09358863671787128,0.10147580102451209,0.10377978257291193,0.07989061478726742,0.1335075388373086,0.12899820656191818
S43A10T02,A10,0.54,0.09690976504187836,0.1054426385770348,0.10609537570855201,0.08573781040093487,0.13779313023787323,0.13656493199568592
S43A10T02,A10,0.55,0.10082696743102929,0.11079699916931071,0.10814443988473288,0.09241153735787748,0.14323624486125278,0.14623935765422164
S43A10T02,A10,0.56,0.1047441698201802,0.11615135976158662,0.11019350406091374,0.09908526431482008,0.14867935948463232,0.15591378331275735
S43A10T02,A10,0.5700000000000001,0.10866137220933113,0.12150572035386253,0.11224256823709461,0.10575899127176268,0.1541224741080119,0.1655882089712931
S43A10T02,A10,0.58,0.11257857459848201,0.1268600809461384,0.11429163241327545,0.11243271822870521,0.15956558873139137,0.1752626346298287
S43A10T02,A10,0.59,0.11649577698763294,0.1322144415384143,0.11634069658945631,0.11910644518564781,0.1650087033547709,0.18493706028836443
S43A10T02,A10,0.6,0.12041297937678386,0.13756880213069023,0.11838976076563718,0.1257801721425904,0.17045181797815045,0.19461148594690014
S43A10T02,A10,0.61,0.12419929175728742,0.1483089108979125,0.122100568195387,0.1326774496040785,0.173912481985479,0.20039248076477564
S43A10T02,A10,0.62,0.12798560413779098,0.1590490196651348,0.12581137562513683,0.13957472706556662,0.17737314599280754,0.20617347558265117
S43A10T02,A10,0.63,0.13177191651829454,0.1697891284323571,0.12952218305488666,0.14647200452705475,0.1808338100001361,0.21195447040052667
S43A10T02,A10,0.64,0.1355582288987981,0.1805292371995794,0.1332329904846365,0.15336928198854285,0.18429447400746463,0.2177354652184022
S43A10T02,A10,0.65,0.13934454127930165,0.19126934596680167,0.13694379791438632,0.16026655945003096,0.18775513801479318,0.2235164600362777
S43A10T02,A10,0.66,0.1431308536598052,0.20200945473402399,0.14065460534413612,0.1671638369115191,0.1912158020221217,0.2292974548541532
S43A10T02,A10,0.67,0.14777346418019885,0.21055163495656598,0.14449087216012876,0.1762877319013399,0.19498344572212603,0.23521986234810288
S43A10T02,A10,0.68,0.15412867098037256,0.21469795808974754,0.14857805774860705,0.189864861947826,0.19936504880748188,0.24142509519420086
S43A10T02,A10,0.6900000000000001,0.1604838777805463,0.2188442812229291,0.1526652433370853,0.2034419919943121,0.20374665189283775,0.2476303280402988
S43A10T02,A10,0.7000000000000001,0.16683908458072,0.22299060435611068,0.15675242892556357,0.2170191220407982,0.2081282549781936,0.25383556088639675
S43A10T02,A10,0.71,0.17319429138089368,0.22713692748929218,0.1608396145140418,0.23059625208728413,0.21250985806354938,0.26004079373249467
S43A10T02,A10,0.72,0.17954949818106739,0.23128325062247376,0.16492680010252006,0.2441733821337702,0.21689146114890523,0.2662460265785926
S43A10T02,A10,0.73,0.18590470498124112,0.23542957375565532,0.16901398569099832,0.25775051218025635,0.22127306423426107,0.27245125942469056
S43A10T02,A10,0.74,0.21712321975050897,0.25230493361769657,0.19494392395382726,0.3397021915472115,0.2542151917421087,0.3098335572206241
S43A10T02,A10,0.75,0.2607733885043237,0.2755448118441675,0.2317952385538313,0.45584114557440053,0.3014375814612019,0.36280438749147514
S43A10T02,A10,0.76,0.3044235572581384,0.29878469007063846,0.26864655315383534,0.5719800996015896,0.3486599711802952,0.41577521776232623
S43A10T02,A10,0.77,0.3480737260119531,0.3220245682971094,0.30549786775383947,0.6881190536287787,0.39588236089938844,0.4687460480331773
S43A10T02,A10,0.78,0.3917238947657678,0.34526444652358035,0.3423491823538435,0.8042580076559678,0.44310475061848165,0.5217168783040284
S43A10T02,A10,0.79,0.4353740635195825,0.3685043247500513,0.3792004969538476,0.9203969616831569,0.4903271403375749,0.5746877085748794
S43A10T02,A10,0.8,0.4790242322733972,0.39174420297652224,0.4160518115538516,1.036535915710346,0.5375495300566682,0.6276585388457305
S43A10T02,A10,0.81,0.4790242322733972,0.39174420297652224,0.4160518115538516,1.036535915710346,0.5375495300566682,0.6276585388457305
S43A10T02,A10,0.8200000000000001,0.4790242322733972,0.39174420297652224,0.4160518115538516,1.036535915710346,0.5375495300566682,0.6276585388457305
S43A10T02,A10,0.8300000000000001,0.4790242322733972,0.39174420297652224,0.4160518115538516,1.036535915710346,0.5375495300566682,0.6276585388457305
S43A10T02,A10,0.84,0.4790242322733972,0.39174420297652224,0.4160518115538516,1.036535915710346,0.5375495300566682,0.6276585388457305
S43A10T02,A10,0.85,0.4790242322733972,0.39174420297652224,0.4160518115538516,1.036535915710346,0.5375495300566682,0.6276585388457305
S43A10T02,A10,0.86,0.4790242322733972,0.39174420297652224,0.4160518115538516,1.036535915710346,0.5375495300566682,0.6276585388457305
S43A10T02,A10,0.87,0.4790242322733972,0.39174420297652224,0.4160518115538516,1.036535915710346,0.5375495300566682,0.6276585388457305
S43A10T02,A10,0.88,0.4790242322733972,0.39174420297652224,0.4160518115538516,1.036535915710346,0.5375495300566682,0.6276585388457305
S43A10T02,A10,0.89,0.4790242322733972,0.39174420297652224,0.4160518115538516,1.036535915710346,0.5375495300566682,0.6276585388457305
S43A10T02,A10,0.9,0.4790242322733972,0.39174420297652224,0.4160518115538516,1.036535915710346,0.5375495300566682,0.6276585388457305
S43A10T02,A10,0.91,0.4790242322733972,0.39174420297652224,0.4160518115538516,1.036535915710346,0.5375495300566682,0.6276585388457305
S43A10T02,A10,0.92,0.4790242322733972,0.39174420297652224,0.4160518115538516,1.036535915710346,0.5375495300566682,0.6276585388457305
S43A10T02,A10,0.93,0.4790242322733972,0.39174420297652224,0.4160518115538516,1.036535915710346,0.5375495300566682,0.6276585388457305
S43A10T02,A10,0.9400000000000001,0.4790242322733972,0.39174420297652224,0.4160518115538516,1.036535915710346,0.5375495300566682,0.6276585388457305
S43A10T02,A10,0.9500000000000001,0.4790242322733972,0.39174420297652224,0.4160518115538516,1.036535915710346,0.5375495300566682,0.6276585388457305
S43A10T02,A10,0.96,0.4790242322733972,0.39174420297652224,0.4160518115538516,1.036535915710346,0.5375495300566682,0.6276585388457305
S43A10T02,A10,0.97,0.4790242322733972,0.39174420297652224,0.4160518115538516,1.036535915710346,0.5375495300566682,0.6276585388457305
S43A10T02,A10,0.98,0.4790242322733972,0.39174420297652224,0.4160518115538516,1.036535915710346,0.5375495300566682,0.6276585388457305
S43A10T02,A10,0.99,0.4790242322733972,0.39174420297652224,0.4160518115538516,1.036535915710346,0.5375495300566682,0.6276585388457305
S43A10T02,A10,1.0,0.4790242322733972,0.39174420297652224,0.4160518115538516,1.036535915710346,0.5375495300566682,0.6276585388457305
S43A10T03,A10,0.0,0.0,0.0,0.0,0.0,0.0,0.0
S43A10T03,A10,0.01,0.008380889102771205,0.02204392438109175,0.0042433337608406094,0.017195444356543715,0.007833572458052242,0.014736314157271174
S43A10T03,A10,0.02,0.017635735175514238,0.037271881415748866,0.007614450860850145,0.028290091729990818,0.016933440647700554,0.03883437570629429
S43A10T03,A10,0.03,0.02703109047762861,0.04916842141024599,0.01089574576426106,0.03186704703379239,0.02755796734267031,0.0561464634364202
S43A10T03,A10,0.04,0.03615493602566798,0.06199315135769937,0.015302903507697991,0.03326215887879174,0.039843216145453705,0.05937901204389137
S43A10T03,A10,0.05,0.04590280197322695,0.08830532272518012,0.02581561066378958,0.07879675385226617,0.05384181019950836,0.0790574840276335
S43A10T03,A10,0.06,0.059682373786367225,0.09354854688207057,0.03605159964894723,0.05225829764699412,0.07661497173102728,0.10638177837165237
S43A10T03,A10,0.07,0.07156928844190341,0.0950030933735443,0.046531885132832664,0.03134401373390681,0.09570018348909448,0.1285215287039382
S43A10T03,A10,0.08,0.0803625207141561,0.09921518184696879,0.05693927986845326,0.03416609017118758,0.10925364046395954,0.1432252176123969
S43A10T03,A10,0.09,0.0880152330535859,0.10907910634460166,0.06591258532569047,0.04181659258887406,0.12330302211366147,0.15570969081483307
S43A10T03,A10,0.1,0.10429094412657716,0.12776700613829609,0.0724273720131404,0.05145469134907784,0.14013561397178975,0.17149041133507098
S43A10T03,A10,0.11,0.12256845135607657,0.1519508237926002,0.08229654104863282,0.06573478048955073,0.1605889957022188,0.19201713412995308
S43A10T03,A10,0.12,0.14008776034042758,0.176153114344334,0.09564401714224434,0.08542390117544742,0.18165845924632296,0.21478481666819774
S43A10T03,A10,0.13,0.15441683245278598,0.19369520708657523,0.111629821676691,0.11069594899602689,0.19940698081843047,0.23605248618952426
S43A10T03,A10,0.14,0.17561041101233088,0.1961975338150653,0.13003738624004094,0.12844757544902533,0.2194357133809273,0.24032761279498957
S43A10T03,A10,0.15,0.19073658444446928,0.21456575314564125,0.15168363545264296,0.16157313435401016,0.23911019404176542,0.26751586420778084
S43A10T03,A10,0.16,0.2937054438065274,0.33562595406043394,0.2723719682113073,0.44455875776208886,0.36056263846017944,0.3698449284992418
S43A10T03,A10,0.17,0.49674333373888846,0.562186265867795,0.5003437367677679,0.9971280843019477,0.5943916532654878,0.5421473905701752
S43A10T03,A10,0.18,0.49674333373888846,0.562186265867795,0.5003437367677679,0.9971280843019477,0.5943916532654878,0.5421473905701752
S43A10T03,A10,0.19,0.49674333373888846,0.562186265867795,0.5003437367677679,0.9971280843019477,0.5943916532654878,0.5421473905701752
S43A10T03,A10,0.2,0.49674333373888846,0.562186265867795,0.5003437367677679,0.9971280843019477,0.5943916532654878,0.5421473905701752
S43A10T03,A10,0.21,0.49674333373888846,0.562186265867795,0.5003437367677679,0.9971280843019477,0.5943916532654878,0.5421473905701752
S43A10T03,A10,0.22,0.49674333373888846,0.562186265867795,0.5003437367677679,0.9971280843019477,0.5943916532654878,0.5421473905701752
S43A10T03,A10,0.23,0.49674333373888846,0.562186265867795,0.5003437367677679,0.9971280843019477,0.5943916532654878,0.5421473905701752
S43A10T03,A10,0.24,0.49674333373888846,0.562186265867795,0.5003437367677679,0.9971280843019477,0.5943916532654878,0.5421473905701752
S43A10T03,A10,0.25,0.49674333373888846,0.562186265867795,0.5003437367677679,0.9971280843019477,0.5943916532654878,0.5421473905701752
S43A10T03,A10,0.26,0.49674333373888846,0.562186265867795,0.5003437367677679,0.9971280843019477,0.5943916532654878,0.5421473905701752
S43A10T03,A10,0.27,0.49674333373888846,0.562186265867795,0.5003437367677679,0.9971280843019477,0.5943916532654878,0.5421473905701752
S43A10T03,A10,0.28,0.49674333373888846,0.562186265867795,0.5003437367677679,0.9971280843019477,0.5943916532654878,0.5421473905701752
S43A10T03,A10,0.29,0.49674333373888846,0.562186265867795,0.5003437367677679,0.9971280843019477,0.5943916532654878,0.5421473905701752
S43A10T03,A10,0.3,0.49674333373888846,0.562186265867795,0.5003437367677679,0.9971280843019477,0.5943916532654878,0.5421473905701752
S43A10T03,A10,0.31,0.49674333373888846,0.562186265867795,0.5003437367677679,0.9971280843019477,0.5943916532654878,0.5421473905701752
S43A10T03,A10,0.32,0.4910654289165297,0.5478380876079362,0.4691592586455918,1.005703288796959,0.5999702075233073,0.542133835452995
S43A10T03,A10,0.33,0.4872395613074745,0.5389314173865762,0.43633789070342516,1.0068630033895825,0.6037077473240264,0.5394684858494171
S43A10T03,A10,0.34,0.4868561694486617,0.5379924914701464,0.40833371763831,0.9969489623892865,0.6028865791957638,0.5310279122035763
S43A10T03,A10,0.35000000000000003,0.48910687072939313,0.5391211376971669,0.382599727642858,0.9770928489807486,0.5956827521640908,0.5112815070469033
S43A10T03,A10,0.36,0.49325184125824,0.5379668754379276,0.3668388783379218,0.9967835664482733,0.5987513786785424,0.501824781998855
S43A10T03,A10,0.37,0.505006639483167,0.5425777515437141,0.36003613924914085,1.024327121342952,0.6039482394102768,0.5011458041075425
S43A10T03,A10,0.38,0.5208000990486596,0.5473196473885037,0.3582660609508185,1.063473198115888,0.6089288756560635,0.5112626085662199
S43A10T03,A10,0.39,0.5360431880580909,0.5456070430385599,0.35783976515219257,1.1189381044332747,0.6123248872849429,0.5326276326462713
S43A10T03,A10,0.4,0.5490635432961304,0.5421239070656618,0.37558505532934117,1.156737710549373,0.6262142366534545,0.5320327669268922
S43A10T03,A10,0.41000000000000003,0.5622719518117347,0.5424665056447426,0.39254624774385494,1.176413071553002,0.6357817892211807,0.5297195821899308
S43A10T03,A10,0.42,0.5728961450058995,0.5410189929062903,0.4086099401828613,1.193553307268318,0.6377471479473823,0.5209236884747261
S43A10T03,A10,0.43,0.5786666586641716,0.5339853628878044,0.4244503621170221,1.2116245362541376,0.6291630447050905,0.5025044814726687
S43A10T03,A10,0.44,0.5754254281459522,0.5172049813686087,0.44367391137536744,1.206262348036134,0.603462454038528,0.47096262493696545
S43A10T03,A10,0.45,0.5741769128781938,0.5141039850217487,0.4664197565432343,1.1811639945145402,0.5977110551378548,0.4758980668566047
S43A10T03,A10,0.46,0.573799501442548,0.5136613373800482,0.4770053907534843,1.16817152802918,0.5967433897163683,0.4811406797554308
S43A10T03,A10,0.47000000000000003,0.5770011600481606,0.5172874503313639,0.48214892792547565,1.1624259048780285,0.5967107341483595,0.4704525481132035
S43A10T03,A10,0.48,0.5898482850734156,0.5329958509913846,0.5032678134525013,1.1387377406108572,0.59673202380954,0.4274833617001655
S43A10T03,A10,0.49,0.5827725512093558,0.5920723125618946,0.5164123645600615,1.05497984228223,0.610094392856404,0.39783823440913857
S43A10T03,A10,0.5,0.5799086586268778,0.6136206947596905,0.5208682766959268,1.0244560299918253,0.6150362298898542,0.38769919375704154
S43A10T03,A10,0.51,0.578692246421893,0.585192290367206,0.5210795596415996,0.9912432690532211,0.6053443388498365,0.3949957475412425
S43A10T03,A10,0.52,0.5742902756617644,0.508357997829733,0.521580725951312,0.9002554659415466,0.5791136682348056,0.41442234499261826
S43A10T03,A10,0.53,0.5528620885683613,0.508891024725588,0.5202316826204392,0.8773414526704882,0.5786002916356467,0.4086257457372092
S43A10T03,A10,0.54,0.5261493545222553,0.5211860671687397,0.5264860748406504,0.8025070031853773,0.5591309759300926,0.43680932309806114
S43A10T03,A10,0.55,0.5070270092635623,0.5306169201522343,0.533317488552639,0.7392277409330102,0.5460012295304499,0.4574555080949031
S43A10T03,A10,0.56,0.49947010392153857,0.5306947206207575,0.5374983754133627,0.7125450856184408,0.5466136877271974,0.45511836057876
S43A10T03,A10,0.5700000000000001,0.4939693638491723,0.5237723661685084,0.5397616761083326,0.6984306122655591,0.5400928097641297,0.44963555390475446
S43A10T03,A10,0.58,0.4903257862055974,0.5086249732173166,0.5402806395049027,0.7273301866240429,0.5374491062859944,0.4650170262078689
S43A10T03,A10,0.59,0.47971651798268133,0.5229006427385403,0.5405494424706097,0.7657056103783241,0.5302960574753859,0.48172650547343243
S43A10T03,A10,0.6,0.46820247797337156,0.5533218749460279,0.5415183702763093,0.8041295793827544,0.5234231027363633,0.4940396310566759
S43A10T03,A10,0.61,0.4705044567533796,0.5603642602201767,0.5443912468616043,0.8374934619800124,0.5289663679769037,0.4986667354085441
S43A10T03,A10,0.62,0.48498156135822584,0.5020395362117417,0.544303360312904,0.91203632356974,0.5087894097446473,0.5669284356235533
S43A10T03,A10,0.63,0.5013690351679239,0.44790751783393956,0.5522553524637462,0.9295058917093516,0.4928104418849002,0.6154904162501348
S43A10T03,A10,0.64,0.5162610690889043,0.4109643381318733,0.5615735652573479,0.9176757625229729,0.48539672929109506,0.6390282478457827
S43A10T03,A10,0.65,0.5267094679695296,0.4019186415535143,0.5651431312306648,0.9090734046681648,0.48858648215741957,0.6365328932902319
S43A10T03,A10,0.66,0.5290561022983478,0.4493468396030355,0.5563342619007945,0.9306322562855602,0.4959493135517912,0.6035421602314786
S43A10T03,A10,0.67,0.5296046661674221,0.46043395083539096,0.5542750456938119,0.9356719878324837,0.4976704949167092,0.5958300408151467
S43A10T03,A10,0.68,0.5349173699696599,0.46673480893450375,0.5527049666342841,0.9411874202475654,0.5031405004634276,0.6075702514399901
S43A10T03,A10,0.6900000000000001,0.5430901842459127,0.476698270183413,0.5491430845908469,0.9551074389914818,0.5124197049806322,0.6307374051759448
S43A10T03,A10,0.7000000000000001,0.5355560749218655,0.4693651203320218,0.5445785815586781,0.9794797488560416,0.5097824562358957,0.6443348243999584
S43A10T03,A10,0.71,0.5371163967118227,0.4703729378495181,0.5423224689578995,0.9797127266788468,0.5133513099297257,0.6505279078301165
S43A10T03,A10,0.72,0.5684445372197292,0.4367841124150424,0.5347378583284385,0.9574018475862511,0.5344387701535988,0.5603077887082873
S43A10T03,A10,0.73,0.6010682654740442,0.4052017762162316,0.5267289172441764,0.9313276503069206,0.5590606422257703,0.44712483412030174
S43A10T03,A10,0.74,0.5803260125059664,0.4506532048887789,0.5289344961083741,0.9330998809350343,0.5599229673920936,0.4633238072358438
S43A10T03,A10,0.75,0.594329904813106,0.4310807745640828,0.5244151883462358,0.9214718861916947,0.5655260027201343,0.4209827898295092
S43A10T03,A10,0.76,0.5783339106378582,0.46163605663395185,0.5285953694324902,0.8987544459705763,0.5636335522691169,0.4140425805894292
S43A10T03,A10,0.77,0.5568585334257026,0.4966535535673042,0.5328269831350713,0.8760271053579717,0.5587505084827534,0.4237213263538472
S43A10T03,A10,0.78,0.5513445057574072,0.4976674623003762,0.5303133965644055,0.8630828048285656,0.5551524975066205,0.43056373774099554
S43A10T03,A10,0.79,0.5508095394138199,0.49726042198217946,0.5305811547005475,0.8650400958931743,0.5535638366166146,0.4263900499955208
S43A10T03,A10,0.8,0.5585825768740315,0.48113948605371915,0.5279539990213649,0.865721217038943,0.5472745889777558,0.4326065958136933
S43A10T03,A10,0.81,0.5548696333820003,0.47286064046207876,0.5310311749014051,0.8139975646719129,0.5465846255828921,0.44803552768250143
S43A10T03,A10,0.8200000000000001,0.5386538370520358,0.4834959110266455,0.5407000367804622,0.7254194142218684,0.551235554516251,0.4660434939693758
S43A10T03,A10,0.8300000000000001,0.5335045209350842,0.5194343005981703,0.5482903968647798,0.7241791187886079,0.5462015505992974,0.46516177520867225
S43A10T03,A10,0.84,0.5344054232038515,0.5014840047468206,0.5444587900707727,0.7557757816479207,0.5427807360712998,0.49824080931348663
S43A10T03,A10,0.85,0.5317624060432513,0.4793826849739157,0.5419298162573172,0.7863868093603443,0.53533085971078,0.5314278262635138
S43A10T03,A10,0.86,0.5291353813275748,0.4604016935834345,0.5421164685723608,0.8195789166924777,0.5270804588883938,0.560004477443081
S43A10T03,A10,0.87,0.5342722197286123,0.44392143054404215,0.5440888726247977,0.868702306462688,0.5243710974763646,0.5848540100740206
S43A10T03,A10,0.88,0.5269059628919877,0.4793470981458938,0.5455254766020194,0.8942012084135428,0.5283768783232595,0.5779430355498222
S43A10T03,A10,0.89,0.5172431212502955,0.5271996788674828,0.5482245150046645,0.8773507524924576,0.5446728574213721,0.5433262778315286
S43A10T03,A10,0.9,0.5122436198185026,0.5619407938907683,0.5511787701696559,0.8587044812292262,0.5573119406307261,0.5127073629940072
S43A10T03,A10,0.91,0.5159886666459866,0.5673382961625885,0.5537908374724426,0.8668669452605285,0.5556192863011629,0.5079173026585848
S43A10T03,A10,0.92,0.5189945679697436,0.5680281348642752,0.557988783876381,0.8730157400531388,0.5544646304063737,0.5051934145860613
S43A10T03,A10,0.93,0.5152508446911401,0.5647040783337185,0.5547449331565315,0.8617843339438851,0.5528114400947465,0.4928849557197466
S43A10T03,A10,0.9400000000000001,0.510867678753703,0.563253730999797,0.5499821967876067,0.8570834599101653,0.5518397234267464,0.4884106047744026
S43A10T03,A10,0.9500000000000001,0.5083315201676716,0.5658160141862265,0.5465383553615484,0.861324576675025,0.552256782261918,0.49424704105098044
S43A10T03,A10,0.96,0.5086320468042788,0.5725491708277163,0.54670885543538,0.8554840574617473,0.5549685193026547,0.4988036950839047
S43A10T03,A10,0.97,0.5296869549770761,0.5762557983608656,0.5507795511504566,0.8386648613616386,0.5514034662070598,0.4921410296836222
S43A10T03,A10,0.98,0.540340279876553,0.5707406729429597,0.5568585569896022,0.81809420243638,0.5467543970751977,0.45767491709472935
S43A10T03,A10,0.99,0.5417582510521348,0.5626804312279163,0.5618571974611666,0.8024966170168306,0.543325631554596,0.4209783415155335
S43A10T03,A10,1.0,0.5417582510521348,0.5626804312279163,0.5618571974611666,0.8024966170168306,0.543325631554596,0.4209783415155335
S43A10T05,A10,0.0,0.0,0.0,0.0,0.0,0.0,0.0
S43A10T05,A10,0.01,0.002356560061703874,0.0029488696320163934,8.389588810756355e-05,-0.000332756943923691,0.003588617073549436,0.0005547205891744156
S43A10T05,A10,0.02,0.004713120123407748,0.005897739264032787,0.0001677917762151271,-0.000665513887847382,0.007177234147098872,0.0011094411783488312
S43A10T05,A10,0.03,0.007069680185111621,0.00884660889604918,0.0002516876643226906,-0.0009982708317710731,0.010765851220648309,0.0016641617675232467
S43A10T05,A10,0.04,0.009426240246815496,0.011795478528065574,0.0003355835524302542,-0.001331027775694764,0.014354468294197745,0.0022188823566976624
S43A10T05,A10,0.05,0.012819858671933429,0.016491465117245998,0.0014599549670956287,-0.0007032652477481301,0.01834347393559144,0.0066658616309038824
S43A10T05,A10,0.06,0.016420888769734167,0.021536875097859225,0.002792421487072564,0.00011660117457256824,0.02241255729055398,0.011891292642116458
S43A10T05,A10,0.07,0.02002191886753491,0.02658228507847246,0.004124888007049501,0.0009364675968932673,0.02648164064551653,0.01711672365332904
S43A10T05,A10,0.08,0.02362294896533565,0.031627695059085685,0.005457354527026437,0.0017563340192139655,0.03055072400047907,0.022342154664541616
S43A10T05,A10,0.09,0.026880862523117884,0.033953308812180415,0.00763623918456735,0.0034839271728486177,0.033634746892217834,0.02678762286878035
S43A10T05,A10,0.1,0.02996721781089087,0.03491902445151589,0.010238332910890255,0.005665383692140248,0.03622623955234472,0.030843109669532166
S43A10T05,A10,0.11,0.03305357309866385,0.035884740090851366,0.012840426637213156,0.007846840211431876,0.0388177322124716,0.03489859647028398
S43A10T05,A10,0.12,0.03613992838643683,0.036850455730186846,0.015442520363536055,0.010028296730723503,0.04140922487259848,0.03895408327103579
S43A10T05,A10,0.13,0.03964154734784621,0.0398140229337837,0.017231530761117594,0.012089321288461276,0.04470232381815713,0.04321947225565694
S43A10T05,A10,0.14,0.04355842998289198,0.04477544170164193,0.018207457829957762,0.014029913884645188,0.048697029049147536,0.04769476342414742
S43A10T05,A10,0.15,0.047475312617937734,0.04973686046950014,0.01918338489879793,0.015970506480829094,0.05269173428013794,0.052170054592637884
S43A10T05,A10,0.16,0.05139219525298351,0.05469827923735837,0.020159311967638097,0.017911099077013007,0.056686439511128346,0.056645345761128355
S43A10T05,A10,0.17,0.05538612939680368,0.05946562646711603,0.021279549028382375,0.019378877641663534,0.06050942568333195,0.06060021669895701
S43A10T05,A10,0.18,0.05953416655817264,0.06384483062067252,0.022688406072934864,0.019901028143247297,0.06398897373796196,0.06351424717546202
S43A10T05,A10,0.19,0.06368220371954161,0.06822403477422903,0.024097263117487357,0.020423178644831064,0.06746852179259197,0.06642827765196703
S43A10T05,A10,0.2,0.06783024088091058,0.07260323892778554,0.02550612016203985,0.020945329146414827,0.07094806984722199,0.06934230812847204
S43A10T05,A10,0.21,0.0719605644507274,0.0770329033179149,0.027231052063435995,0.021898134582967244,0.07466675391004853,0.07234380957411109
S43A10T05,A10,0.22,0.0760023200627836,0.08171486889090862,0.0305363582490504,0.025004214694362915,0.07958111801385777,0.07578266586542029
S43A10T05,A10,0.23,0.08004407567483979,0.08639683446390235,0.033841664434664805,0.028110294805758586,0.08449548211766701,0.07922152215672949
S43A10T05,A10,0.24,0.08408583128689598,0.09107880003689606,0.037146970620279204,0.031216374917154247,0.08940984622147624,0.08266037844803868
S43A10T05,A10,0.25,0.08812758689895217,0.09576076560988978,0.04045227680589361,0.034322455028549914,0.09432421032528548,0.08609923473934789
S43A10T05,A10,0.26,0.09201745275595478,0.10110617345907986,0.04159595980304886,0.035849297205392636,0.09854574693665168,0.09009723619446416
S43A10T05,A10,0.27,0.0959073186129574,0.10645158130826995,0.042739642800204106,0.037376139382235364,0.10276728354801788,0.09409523764958043
S43A10T05,A10,0.28,0.09979718446996001,0.11179698915746003,0.04388332579735936,0.038902981559078086,0.10698882015938407,0.09809323910469671
S43A10T05,A10,0.29,0.10368705032696261,0.11714239700665009,0.0450270087945146,0.04042982373592081,0.11121035677075025,0.10209124055981296
S43A10T05,A10,0.3,0.10682659394131422,0.12100369355068921,0.047334555449011925,0.04217474709940248,0.11597691490702974,0.10496360924296733
S43A10T05,A10,0.31,0.10981607310713565,0.12456816783369815,0.049874874834977656,0.04396328670021195,0.12085247734829188,0.10761085137172932
S43A10T05,A10,0.32,0.11280555227295706,0.12813264211670708,0.052415194220943394,0.04575182630102141,0.12572803978955402,0.11025809350049133
S43A10T05,A10,0.33,0.11579503143877848,0.13169711639971599,0.05495551360690913,0.047540365901830875,0.13060360223081616,0.11290533562925333
S43A10T05,A10,0.34,0.12092753852149958,0.13858085883399962,0.059837090966662954,0.05054484609361595,0.13674220171359974,0.11650288042453685
S43A10T05,A10,0.35000000000000003,0.1271315595626705,0.14712423534392055,0.06588929731331081,0.05415729658088883,0.14351231971714404,0.12057557655308113
S43A10T05,A10,0.36,0.1333355806038414,0.15566761185384145,0.07194150365995862,0.05776974706816168,0.15028243772068828,0.12464827268162539
S43A10T05,A10,0.37,0.13953960164501233,0.16421098836376238,0.07799371000660646,0.06138219755543456,0.15705255572423257,0.12872096881016967
S43A10T05,A10,0.38,0.14523063204887923,0.17122801730278556,0.08322566927975866,0.06613035189694616,0.16376158602126104,0.13543423250563572
S43A10T05,A10,0.39,0.1504086718154421,0.17671869867091095,0.08763738147941523,0.07201421009269648,0.17040952861177372,0.14478806376802353
S43A10T05,A10,0.4,0.155586711582005,0.18220938003903633,0.0920490936790718,0.07789806828844681,0.1770574712022864,0.15414189503041134
S43A10T05,A10,0.41000000000000003,0.16076475134856788,0.18770006140716172,0.09646080587872836,0.08378192648419713,0.18370541379279906,0.16349572629279913
S43A10T05,A10,0.42,0.16646241775359807,0.1928414875778169,0.10131106021165671,0.09108341128587549,0.19044246209440172,0.17195981561002688
S43A10T05,A10,0.43,0.173199337435563,0.1972844033535318,0.10703839881112871,0.10122014929940996,0.19735772181818445,0.17864442103693462
S43A10T05,A10,0.44,0.17993625711752795,0.2017273191292467,0.11276573741060071,0.11135688731294445,0.20427298154196719,0.18532902646384236
S43A10T05,A10,0.45,0.18667317679949288,0.20617023490496159,0.11849307601007271,0.12149362532647892,0.21118824126574992,0.1920136318907501
S43A10T05,A10,0.46,0.1941584900067838,0.20990829957709622,0.12402387691367762,0.1312750744234432,0.2179395584864514,0.1986854764552016
S43A10T05,A10,0.47000000000000003,0.20538577084070464,0.21012210873132955,0.12857198933794714,0.13928007893755648,0.22387116319174677,0.20529351670737198
S43A10T05,A10,0.48,0.2166130516746254,0.21033591788556288,0.13312010176221664,0.1472850834516697,0.2298027678970421,0.2119015569595423
S43A10T05,A10,0.49,0.22784033250854624,0.21054972703979621,0.13766821418648614,0.15529008796578297,0.23573437260233748,0.21850959721171265
S43A10T05,A10,0.5,0.23906761334246707,0.21076353619402954,0.14221632661075567,0.16329509247989626,0.24166597730763284,0.22511763746388302
S43A10T05,A10,0.51,0.24620255970727836,0.21796735951196586,0.14930328284778535,0.1820292337755197,0.25001636320775567,0.2427009921140058
S43A10T05,A10,0.52,0.25333750607208966,0.22517118282990217,0.15639023908481503,0.2007633750711431,0.2583667491078785,0.2602843467641286
S43A10T05,A10,0.53,0.260472452436901,0.23237500614783851,0.1634771953218447,0.21949751636676654,0.2667171350080013,0.27786770141425143
S43A10T05,A10,0.54,0.2676073988017123,0.23957882946577483,0.1705641515588744,0.23823165766238996,0.27506752090812414,0.2954510560643742
S43A10T05,A10,0.55,0.32249435502849244,0.29839469682536757,0.23619352211739336,0.39874829354073404,0.3378020256324894,0.3328468742653016
S43A10T05,A10,0.56,0.3869317132276659,0.367532972993291,0.3135313755402096,0.5876214283356208,0.4114133541217026,0.3742051851763896
S43A10T05,A10,0.5700000000000001,0.45136907142683935,0.43667124916121447,0.3908692289630258,0.7764945631305076,0.4850246826109158,0.41556349608747767
S43A10T05,A10,0.58,0.5158064296260121,0.5058095253291373,0.4682070823858412,0.9653676979253922,0.5586360111001281,0.45692180699856527
S43A10T05,A10,0.59,0.5372855490257363,0.5288556173851114,0.493986366860113,1.0283254095236871,0.5831731205965323,0.4707079106355945
S43A10T05,A10,0.6,0.5372855490257363,0.5288556173851114,0.493986366860113,1.0283254095236871,0.5831731205965323,0.4707079106355945
S43A10T05,A10,0.61,0.5372855490257363,0.5288556173851114,0.493986366860113,1.0283254095236871,0.5831731205965323,0.4707079106355945
S43A10T05,A10,0.62,0.5372855490257363,0.5288556173851114,0.493986366860113,1.0283254095236871,0.5831731205965323,0.4707079106355945
S43A10T05,A10,0.63,0.5372855490257363,0.5288556173851114,0.493986366860113,1.0283254095236871,0.5831731205965323,0.4707079106355945
S43A10T05,A10,0.64,0.5372855490257363,0.5288556173851114,0.493986366860113,1.0283254095236871,0.5831731205965323,0.4707079106355945
S43A10T05,A10,0.65,0.5372855490257363,0.5288556173851114,0.493986366860113,1.0283254095236871,0.5831731205965323,0.4707079106355945
S43A10T05,A10,0.66,0.5372855490257363,0.5288556173851114,0.493986366860113,1.0283254095236871,0.5831731205965323,0.4707079106355945
S43A10T05,A10,0.67,0.5372855490257363,0.5288556173851114,0.493986366860113,1.0283254095236871,0.5831731205965323,0.4707079106355945
S43A10T05,A10,0.68,0.5372855490257363,0.5288556173851114,0.493986366860113,1.0283254095236871,0.5831731205965323,0.4707079106355945
S43A10T05,A10,0.6900000000000001,0.5372855490257363,0.5288556173851114,0.493986366860113,1.0283254095236871,0.5831731205965323,0.4707079106355945
S43A10T05,A10,0.7000000000000001,0.5372855490257363,0.5288556173851114,0.493986366860113,1.0283254095236871,0.5831731205965323,0.4707079106355945
S43A10T05,A10,0.71,0.5372855490257363,0.5288556173851114,0.493986366860113,1.0283254095236871,0.5831731205965323,0.4707079106355945
S43A10T05,A10,0.72,0.5372855490257363,0.5288556173851114,0.493986366860113,1.0283254095236871,0.5831731205965323,0.4707079106355945
S43A10T05,A10,0.73,0.5372855490257363,0.5288556173851114,0.493986366860113,1.0283254095236871,0.5831731205965323,0.4707079106355945
S43A10T05,A10,0.74,0.5372855490257363,0.5288556173851114,0.493986366860113,1.0283254095236871,0.5831731205965323,0.4707079106355945
S43A10T05,A10,0.75,0.5372855490257363,0.5288556173851114,0.493986366860113,1.0283254095236871,0.5831731205965323,0.4707079106355945
S43A10T05,A10,0.76,0.5372855490257363,0.5288556173851114,0.493986366860113,1.0283254095236871,0.5831731205965323,0.4707079106355945
S43A10T05,A10,0.77,0.5372855490257363,0.5288556173851114,0.493986366860113,1.0283254095236871,0.5831731205965323,0.4707079106355945
S43A10T05,A10,0.78,0.5372855490257363,0.5288556173851114,0.493986366860113,1.0283254095236871,0.5831731205965323,0.4707079106355945
S43A10T05,A10,0.79,0.5372855490257363,0.5288556173851114,0.493986366860113,1.0283254095236871,0.5831731205965323,0.4707079106355945
S43A10T05,A10,0.8,0.5372855490257363,0.5288556173851114,0.493986366860113,1.0283254095236871,0.5831731205965323,0.4707079106355945
S43A10T05,A10,0.81,0.5372855490257363,0.5288556173851114,0.493986366860113,1.0283254095236871,0.5831731205965323,0.4707079106355945
S43A10T05,A10,0.8200000000000001,0.5372855490257363,0.5288556173851114,0.493986366860113,1.0283254095236871,0.5831731205965323,0.4707079106355945
S43A10T05,A10,0.8300000000000001,0.5372855490257363,0.5288556173851114,0.493986366860113,1.0283254095236871,0.5831731205965323,0.4707079106355945
S43A10T05,A10,0.84,0.5372855490257363,0.5288556173851114,0.493986366860113,1.0283254095236871,0.5831731205965323,0.4707079106355945
S43A10T05,A10,0.85,0.5372855490257363,0.5288556173851114,0.493986366860113,1.0283254095236871,0.5831731205965323,0.4707079106355945
S43A10T05,A10,0.86,0.5372855490257363,0.5288556173851114,0.493986366860113,1.0283254095236871,0.5831731205965323,0.4707079106355945
S43A10T05,A10,0.87,0.5372855490257363,0.5288556173851114,0.493986366860113,1.0283254095236871,0.5831731205965323,0.4707079106355945
S43A10T05,A10,0.88,0.5372855490257363,0.5288556173851114,0.493986366860113,1.0283254095236871,0.5831731205965323,0.4707079106355945
S43A10T05,A10,0.89,0.5372855490257363,0.5288556173851114,0.493986366860113,1.0283254095236871,0.5831731205965323,0.4707079106355945
S43A10T05,A10,0.9,0.5372855490257363,0.5288556173851114,0.493986366860113,1.0283254095236871,0.5831731205965323,0.4707079106355945
S43A10T05,A10,0.91,0.5372855490257363,0.5288556173851114,0.493986366860113,1.0283254095236871,0.5831731205965323,0.4707079106355945
S43A10T05,A10,0.92,0.5372855490257363,0.5288556173851114,0.493986366860113,1.0283254095236871,0.5831731205965323,0.4707079106355945
S43A10T05,A10,0.93,0.5372855490257363,0.5288556173851114,0.493986366860113,1.0283254095236871,0.5831731205965323,0.4707079106355945
S43A10T05,A10,0.9400000000000001,0.5372855490257363,0.5288556173851114,0.493986366860113,1.0283254095236871,0.5831731205965323,0.4707079106355945
S43A10T05,A10,0.9500000000000001,0.5372855490257363,0.5288556173851114,0.493986366860113,1.0283254095236871,0.5831731205965323,0.4707079106355945
S43A10T05,A10,0.96,0.5373474118390659,0.5284320260968784,0.49327504353604024,1.0292263405331106,0.5823195429298954,0.46948908394552014
S43A10T05,A10,0.97,0.5377185887190428,0.5258904783674804,0.489007103591604,1.0346319265896509,0.5771980769300747,0.46217612380507445
S43A10T05,A10,0.98,0.5380897655990198,0.5233489306380823,0.4847391636471677,1.0400375126461912,0.5720766109302541,0.45486316366462876
S43A10T05,A10,0.99,0.5384609424789968,0.5208073829086842,0.48047122370273143,1.0454430987027314,0.5669551449304333,0.44755020352418307
S43A10T05,A10,1.0,0.5388321193589738,0.5182658351792861,0.4762032837582951,1.0508486847592717,0.5618336789306126,0.4402372433837374
S43A11T02,A11,0.0,0.0,0.0,0.0,0.0,0.0,0.0
S43A11T02,A11,0.01,0.005991563348119282,-0.00020217688625560727,0.004344352401604633,-0.0017936657868720051,0.006889989616873509,0.010499572136404867
S43A11T02,A11,0.02,0.011983126696238564,-0.00040435377251121454,0.008688704803209267,-0.0035873315737440102,0.013779979233747018,0.020999144272809734
S43A11T02,A11,0.03,0.016182596140469876,-0.0021411233419517117,0.013420764096271945,-0.007321666323650107,0.019727962346809198,0.03099808075501257
S43A11T02,A11,0.04,0.017309904606607526,-0.00650862322542345,0.018817463774691276,-0.014382862153043218,0.024061077167623388,0.04013878468715479
S43A11T02,A11,0.05,0.018437213072745172,-0.010876123108895188,0.024214163453110605,-0.02144405798243633,0.02839419198843758,0.04927948861929701
S43A11T02,A11,0.06,0.023731208191051057,-0.011731443176136232,0.027401441880491473,-0.019316022719117955,0.03203845591858265,0.050639141953738934
S43A11T02,A11,0.07,0.030513305685131317,-0.011332413309009172,0.029799641289644328,-0.013906119208402623,0.03543670167348875,0.049219848646145044
S43A11T02,A11,0.08,0.03710150025319996,-0.010434017324924959,0.031921385272364,-0.00881520530380797,0.03919984322936596,0.04836369088561602
S43A11T02,A11,0.09,0.04204151995016994,-0.005291009346704962,0.03169325813040168,-0.006435703051239028,0.046064599093497624,0.052294185275138336
S43A11T02,A11,0.1,0.04698153964713994,-0.00014800136848495786,0.03146513098843935,-0.004056200798670082,0.0529293549576293,0.05622467966466065
S43A11T02,A11,0.11,0.050991677777340615,0.005176326214840729,0.031785470314474845,-0.0029884811015408455,0.05854758096543606,0.05952668008652991
S43A11T02,A11,0.12,0.053968614166686496,0.010702120026061622,0.03271521682717456,-0.0033782975771223887,0.06278077379954848,0.06213035387767354
S43A11T02,A11,0.13,0.05694555055603238,0.016227913837282525,0.03364496333987429,-0.0037681140527039327,0.06701396663366091,0.06473402766881718
S43A11T02,A11,0.14,0.06279724996627868,0.021780892544403803,0.034703265669902214,0.0010566897421677747,0.07098613806784133,0.0688724027162788
S43A11T02,A11,0.15,0.0691879674429438,0.027338968419506383,0.03578567221567917,0.00685923483774944,0.07490936798953451,0.07329853424930004
S43A11T02,A11,0.16,0.07544956770812697,0.033269631184689535,0.0369047654237099,0.010654240521366121,0.07984880158104235,0.07934550324119846
S43A11T02,A11,0.17,0.08122697843025278,0.04059749478767477,0.038161433615192246,0.0069209734101140855,0.0885989989343551,0.09147061270388628
S43A11T02,A11,0.18,0.08700438915237858,0.04792535839065999,0.039418101806674585,0.0031877062988620603,0.09734919628766783,0.10359572216657405
S43A11T02,A11,0.19,0.0916973256139252,0.05375052751822228,0.041815928968145254,-0.0015613458121282431,0.10499292992155805,0.11683378441374559
S43A11T02,A11,0.2,0.09560155352232332,0.05848282793638605,0.04504368992597106,-0.00704915065020092,0.11183196266859553,0.1308812668678144
S43A11T02,A11,0.21,0.09950578143072143,0.06321512835454982,0.04827145088379686,-0.012536955488273582,0.118670995415633,0.14492874932188315
S43A11T02,A11,0.22,0.10704198295543645,0.05627265678356163,0.052806209583703925,-0.006488590220983692,0.12370809898264999,0.15881746177561878
S43A11T02,A11,0.23,0.11477996079216907,0.048681586768731674,0.05741357926928217,0.00020067338549300054,0.12864509537299917,0.17269735367378033
S43A11T02,A11,0.24,0.12179266181206203,0.04981715155815589,0.06125078653416865,0.0060549076279185435,0.13512860719878178,0.18285468874175037
S43A11T02,A11,0.25,0.12723392972880243,0.06986042509013071,0.06341930855422298,0.01009991158156665,0.14496290246800347,0.18494648401097225
S43A11T02,A11,0.26,0.13267519764554286,0.08990369862210554,0.06558783057427732,0.014144915535214757,0.1547971977372252,0.18703827928019412
S43A11T02,A11,0.27,0.14116395769463097,0.09872753557549045,0.06652344841491022,0.022939300465691394,0.1626779430313404,0.18650613272860617
S43A11T02,A11,0.28,0.15105925257403338,0.10237317103106469,0.0668900335573486,0.03392570738547348,0.16965704987540642,0.18476293610587524
S43A11T02,A11,0.29,0.16084843420847397,0.10663057776316145,0.06738483875139643,0.044405296515068124,0.1769502726806648,0.18323673020019612
S43A11T02,A11,0.3,0.16872757743360228,0.12189986747266482,0.07018760487441453,0.045762165421289414,0.18989758278738672,0.1856163572014493
S43A11T02,A11,0.31,0.1766067206587306,0.13716915718216818,0.07299037099743262,0.0471190343275107,0.20284489289410862,0.1879959842027025
S43A11T02,A11,0.32,0.1856881385733403,0.14810872939365285,0.0777277747969577,0.05171440321492644,0.21501399011671712,0.19823247644484226
S43A11T02,A11,0.33,0.19642268418598685,0.1530949400453619,0.08512530540167988,0.0607627095764845,0.22611304462366963,0.21927215839320102
S43A11T02,A11,0.34,0.20715722979863344,0.15808115069707093,0.09252283600640206,0.06981101593804255,0.23721209913062216,0.24031184034155975
S43A11T02,A11,0.35000000000000003,0.2158999114242069,0.15802669975428496,0.09908533372864851,0.07847731065735936,0.24777765938867055,0.25852626168359244
S43A11T02,A11,0.36,0.22411142931989417,0.15662807238630036,0.10542515601556808,0.08704173560541177,0.2582009545136778,0.2759872801972715
S43A11T02,A11,0.37,0.23327923999508487,0.16052324634274107,0.11227526818133836,0.09616748009540084,0.26946311014492075,0.2902968589242175
S43A11T02,A11,0.38,0.24754727882762684,0.19265202736278306,0.12184692636764555,0.10828692880905175,0.2851991884760872,0.2877987587885872
S43A11T02,A11,0.39,0.2618153176601688,0.22478080838282505,0.13141858455395275,0.12040637752270265,0.30093526680725363,0.28530065865295684
S43A11T02,A11,0.4,0.2754053348993534,0.24439537396185346,0.13862476179416688,0.13402910139377616,0.314836751656808,0.2805053307583706
S43A11T02,A11,0.41000000000000003,0.2883851327045165,0.2527471456439697,0.14370200618289725,0.14900477290653003,0.3270871023729116,0.2736424978807241
S43A11T02,A11,0.42,0.3013649305096795,0.2610989173260859,0.14877925057162758,0.16398044441928378,0.33933745308901514,0.2667796650030776
S43A11T02,A11,0.43,0.31171122139778246,0.2751835810169233,0.16360531996414135,0.17098386244461,0.35524109076478677,0.2819909638116619
S43A11T02,A11,0.44,0.3217476879427019,0.28994270259113963,0.1795783099453355,0.17704936829494475,0.37157452690640175,0.29979921928921444
S43A11T02,A11,0.45,0.3321858817837049,0.3066778190395645,0.19464342536469284,0.1833712970687943,0.3864420816656259,0.31660352575742295
S43A11T02,A11,0.46,0.34374891205374164,0.3289457211357731,0.20716649201090723,0.19041121002848524,0.3972051685541557,0.33059677499946827
S43A11T02,A11,0.47000000000000003,0.3553119423237784,0.3512136232319817,0.21968955865712161,0.19745112298817621,0.4079682554426856,0.3445900242415136
S43A11T02,A11,0.48,0.36469025697214874,0.3641881866596488,0.23429992652423348,0.2159134128523584,0.4219320640023313,0.3612116074593624
S43A11T02,A11,0.49,0.37279415417454714,0.37174163586400033,0.25012788677020237,0.24103875591082724,0.43776296020346134,0.37936638549643004
S43A11T02,A11,0.5,0.38089805137694555,0.37929508506835186,0.2659558470161712,0.26616409896929605,0.4535938564045914,0.39752116353349765
S43A11T02,A11,0.51,0.4005102388781257,0.3815121834582038,0.279112132946135,0.29251123695004116,0.47754985023616664,0.4173108182537447
S43A11T02,A11,0.52,0.42012242637930586,0.38372928184805577,0.2922684188760989,0.3188583749307863,0.5015058440677419,0.4371004729739918
S43A11T02,A11,0.53,0.4359184076326185,0.38863699527910295,0.3048612129781775,0.34083880453091175,0.522145199304932,0.45159553621899434
S43A11T02,A11,0.54,0.44517232103244436,0.39815719163791324,0.31648802108959573,0.35533344833568936,0.537098888380319,0.4570141569350066
S43A11T02,A11,0.55,0.4544262344322702,0.40767738799672354,0.3281148292010139,0.36982809214046697,0.5520525774557061,0.4624327776510188
S43A11T02,A11,0.56,0.47639790356345035,0.42286796704001295,0.3535098621157069,0.3961520667055506,0.5709425673509152,0.4598345497727902
S43A11T02,A11,0.5700000000000001,0.5029116283129711,0.44008368275633053,0.38382211817442635,0.42670080225645746,0.5912383789674891,0.4543731616823329
S43A11T02,A11,0.58,0.5283668793884171,0.4549688618102923,0.4136422738679825,0.45728916229571676,0.6109425870508226,0.4494805118555104
S43A11T02,A11,0.59,0.5448251042342299,0.45004447923423,0.4392795764576539,0.48821433048597407,0.6256181651016147,0.4494221372695837
S43A11T02,A11,0.6,0.5612833290800427,0.4451200966581678,0.4649168790473253,0.5191394986762314,0.640293743152407,0.44936376268365696
S43A11T02,A11,0.61,0.5837684365361824,0.43234118433891683,0.4850368461282199,0.5512171339089815,0.658880229526805,0.45567883792524255
S43A11T02,A11,0.62,0.6129500802260186,0.4108350167494561,0.49902644042158467,0.5845752880778347,0.6818121695940986,0.46907552408628633
S43A11T02,A11,0.63,0.6421317239158549,0.38932884915999544,0.5130160347149495,0.6179334422466878,0.7047441096613923,0.48247221024733006
S43A11T02,A11,0.64,0.6573919901156817,0.38451476111177546,0.5191327340661804,0.6312168264734069,0.7250666740246938,0.5053225675793818
S43A11T02,A11,0.65,0.6700419980361318,0.3828304379775381,0.5237732656157613,0.6407361913359761,0.7448999804434969,0.5299454882559973
S43A11T02,A11,0.66,0.6804047019140155,0.3810005051366718,0.526862796878783,0.6539779226112051,0.7606337385225008,0.5519462629365638
S43A11T02,A11,0.67,0.6821900156322751,0.37862453589594697,0.5241360770672083,0.6811785279339078,0.7609941903272588,0.5641139901319466
S43A11T02,A11,0.68,0.6839753293505347,0.37624856665522216,0.5214093572556335,0.7083791332566105,0.7613546421320168,0.5762817173273296
S43A11T02,A11,0.6900000000000001,0.6850471740935058,0.3812856604216309,0.509249168051837,0.7465912066260565,0.7545639999206922,0.605258746014443
S43A11T02,A11,0.7000000000000001,0.6856001323089944,0.391714072738682,0.49022827383551565,0.7928116203931335,0.742572562061308,0.6464607212409962
S43A11T02,A11,0.71,0.6861530905244829,0.4021424850557329,0.47120737961919457,0.8390320341602099,0.7305811242019238,0.687662696467549
S43A11T02,A11,0.72,0.686182193588456,0.4026913488618935,0.47020627992359865,0.8414646875163719,0.7299499958935352,0.6898312214794728
S43A11T02,A11,0.73,0.686182193588456,0.4026913488618935,0.47020627992359865,0.8414646875163719,0.7299499958935352,0.6898312214794728
S43A11T02,A11,0.74,0.686182193588456,0.4026913488618935,0.47020627992359865,0.8414646875163719,0.7299499958935352,0.6898312214794728
S43A11T02,A11,0.75,0.686182193588456,0.4026913488618935,0.47020627992359865,0.8414646875163719,0.7299499958935352,0.6898312214794728
S43A11T02,A11,0.76,0.686182193588456,0.4026913488618935,0.47020627992359865,0.8414646875163719,0.7299499958935352,0.6898312214794728
S43A11T02,A11,0.77,0.6878411975260871,0.44270141603194685,0.4849365129604911,0.8605217667141531,0.7310370158405504,0.6705918083210192
S43A11T02,A11,0.78,0.6902658955887786,0.5011776680497164,0.5064653150913336,0.8883744209262946,0.7326257373015724,0.6424726660125102
S43A11T02,A11,0.79,0.69256297796396,0.5565762225928664,0.5268610223731844,0.9147611459693759,0.7341308418435935,0.6158334785623438
S43A11T02,A11,0.8,0.69256297796396,0.5565762225928664,0.5268610223731844,0.9147611459693759,0.7341308418435935,0.6158334785623438
S43A11T02,A11,0.81,0.69256297796396,0.5565762225928664,0.5268610223731844,0.9147611459693759,0.7341308418435935,0.6158334785623438
S43A11T02,A11,0.8200000000000001,0.69256297796396,0.5565762225928664,0.5268610223731844,0.9147611459693759,0.7341308418435935,0.6158334785623438
S43A11T02,A11,0.8300000000000001,0.69256297796396,0.5565762225928664,0.5268610223731844,0.9147611459693759,0.7341308418435935,0.6158334785623438
S43A11T02,A11,0.84,0.69256297796396,0.5565762225928664,0.5268610223731844,0.9147611459693759,0.7341308418435935,0.6158334785623438
S43A11T02,A11,0.85,0.69256297796396,0.5565762225928664,0.5268610223731844,0.9147611459693759,0.7341308418435935,0.6158334785623438
S43A11T02,A11,0.86,0.69256297796396,0.5565762225928664,0.5268610223731844,0.9147611459693759,0.7341308418435935,0.6158334785623438
S43A11T02,A11,0.87,0.69256297796396,0.5565762225928664,0.5268610223731844,0.9147611459693759,0.7341308418435935,0.6158334785623438
S43A11T02,A11,0.88,0.69256297796396,0.5565762225928664,0.5268610223731844,0.9147611459693759,0.7341308418435935,0.6158334785623438
S43A11T02,A11,0.89,0.69256297796396,0.5565762225928664,0.5268610223731844,0.9147611459693759,0.7341308418435935,0.6158334785623438
S43A11T02,A11,0.9,0.69256297796396,0.5565762225928664,0.5268610223731844,0.9147611459693759,0.7341308418435935,0.6158334785623438
S43A11T02,A11,0.91,0.69256297796396,0.5565762225928664,0.5268610223731844,0.9147611459693759,0.7341308418435935,0.6158334785623438
S43A11T02,A11,0.92,0.69256297796396,0.5565762225928664,0.5268610223731844,0.9147611459693759,0.7341308418435935,0.6158334785623438
S43A11T02,A11,0.93,0.69256297796396,0.5565762225928664,0.5268610223731844,0.9147611459693759,0.7341308418435935,0.6158334785623438
S43A11T02,A11,0.9400000000000001,0.69256297796396,0.5565762225928664,0.5268610223731844,0.9147611459693759,0.7341308418435935,0.6158334785623438
S43A11T02,A11,0.9500000000000001,0.69256297796396,0.5565762225928664,0.5268610223731844,0.9147611459693759,0.7341308418435935,0.6158334785623438
S43A11T02,A11,0.96,0.69256297796396,0.5565762225928664,0.5268610223731844,0.9147611459693759,0.7341308418435935,0.6158334785623438
S43A11T02,A11,0.97,0.69256297796396,0.5565762225928664,0.5268610223731844,0.9147611459693759,0.7341308418435935,0.6158334785623438
S43A11T02,A11,0.98,0.69256297796396,0.5565762225928664,0.5268610223731844,0.9147611459693759,0.7341308418435935,0.6158334785623438
S43A11T02,A11,0.99,0.69256297796396,0.5565762225928664,0.5268610223731844,0.9147611459693759,0.7341308418435935,0.6158334785623438
S43A11T02,A11,1.0,0.69256297796396,0.5565762225928664,0.5268610223731844,0.9147611459693759,0.7341308418435935,0.6158334785623438
S43A11T03,A11,0.0,0.0,0.0,0.0,0.0,0.0,0.0
S43A11T03,A11,0.01,0.007637299583288213,0.0004880771711788601,-0.0017167677973415386,-0.0001676778315212535,0.0024409815780788336,-0.006392115345749394
S43A11T03,A11,0.02,0.015274599166576426,0.0009761543423577202,-0.0034335355946830772,-0.000335355663042507,0.004881963156157667,-0.012784230691498788
S43A11T03,A11,0.03,0.02291189874986464,0.00146423151353658,-0.005150303392024615,-0.0005030334945637604,0.0073229447342365,-0.01917634603724818
S43A11T03,A11,0.04,0.029813744737897566,0.0024470113394601516,-0.005925228149285608,-0.0009069371336607144,0.010161354263527399,-0.024614092513816743
S43A11T03,A11,0.05,0.03267059595202641,0.006150655766479641,-0.0015200161861035925,-0.0026100827144240227,0.015185617524484663,-0.024802810209890724
S43A11T03,A11,0.06,0.03552744716615527,0.009854300193499126,0.002885195777078421,-0.00431322829518733,0.020209880785441923,-0.024991527905964706
S43A11T03,A11,0.07,0.03838429838028412,0.013557944620518618,0.0072904077402604385,-0.006016373875950639,0.02523414404639919,-0.025180245602038687
S43A11T03,A11,0.08,0.041167804169816385,0.01875790670887901,0.011811379756677662,-0.006152423954259976,0.031157105320425343,-0.02359246255066875
S43A11T03,A11,0.09,0.04378628275400636,0.02732458353525644,0.016592811892874107,-0.0027625091520478828,0.03910213712385651,-0.01800755281755
S43A11T03,A11,0.1,0.046404761338196335,0.035891260361633884,0.021374244029070563,0.0006274056501642152,0.04704716892728769,-0.012422643084431239
S43A11T03,A11,0.11,0.0490232399223863,0.04445793718801132,0.02615567616526701,0.004017320452376308,0.05499220073071885,-0.006837733351312488
S43A11T03,A11,0.12,0.0536178541322833,0.046947800421345796,0.028549607399894924,0.007516999978019854,0.06155249565453253,0.0027324687990637232
S43A11T03,A11,0.13,0.06051795990550519,0.04234804779613015,0.028158120916026198,0.011144738347666768,0.06649726421879247,0.016952178769573674
S43A11T03,A11,0.14,0.06741806567872707,0.0377482951709145,0.027766634432157475,0.014772476717313684,0.07144203278305242,0.03117188874008362
S43A11T03,A11,0.15,0.07431817145194894,0.033148542545698864,0.027375147948288752,0.01840021508696059,0.07638680134731235,0.045391598710593534
S43A11T03,A11,0.16,0.07906474185962029,0.0379399225236827,0.028671796670241938,0.021185883584304403,0.08169137102297298,0.050171734792504204
S43A11T03,A11,0.17,0.08246535266382256,0.048600760378666244,0.031023529895833814,0.02344525841145878,0.08722081639325907,0.0490521371940403
S43A11T03,A11,0.18,0.08586596346802482,0.05926159823364976,0.03337526312142569,0.025704633238613148,0.09275026176354513,0.047932539595576404
S43A11T03,A11,0.19,0.08926657427222709,0.0699224360886333,0.035726996347017564,0.027964008065767525,0.0982797071338312,0.04681294199711251
S43A11T03,A11,0.2,0.09463340951031514,0.08241741829937763,0.03896063285428657,0.027777448039833397,0.10727285214592079,0.05418617001701449
S43A11T03,A11,0.21,0.10059011207856891,0.09546264381685017,0.0424588403460587,0.026857107557972715,0.11730510705055142,0.06410724572242622
S43A11T03,A11,0.22,0.10654681464682271,0.10850786933432274,0.04595704783783084,0.025936767076112033,0.12733736195518205,0.07402832142783798
S43A11T03,A11,0.23,0.11250351721507651,0.12155309485179533,0.04945525532960298,0.02501642659425135,0.1373696168598127,0.08394939713324974
S43A11T03,A11,0.24,0.11827902718118725,0.12212434944681234,0.05400965549849366,0.028971228984821733,0.14172436509495165,0.09091754624729502
S43A11T03,A11,0.25,0.1240394377637861,0.12165610646495806,0.05865207172381089,0.033332293281428046,0.14560598777429967,0.09763961814539311
S43A11T03,A11,0.26,0.12979984834638494,0.12118786348310379,0.06329448794912813,0.03769335757803437,0.14948761045364767,0.10436169004349119
S43A11T03,A11,0.27,0.13577808486678952,0.12108214126327396,0.06790885331360842,0.042228643963022484,0.15359998294366795,0.11148254153741781
S43A11T03,A11,0.28,0.1443702326408627,0.12532666818773777,0.07218660834804543,0.048854595408592286,0.1604813531617558,0.12338874818128692
S43A11T03,A11,0.29,0.15296238041493587,0.12957119511220155,0.0764643633824824,0.05548054685416205,0.1673627233798436,0.13529495482515594
S43A11T03,A11,0.3,0.16155452818900906,0.13381572203666536,0.0807421184169194,0.06210649829973185,0.17424409359793144,0.14720116146902507
S43A11T03,A11,0.31,0.16839621678750663,0.1454941367093816,0.08462729703892573,0.07010315153111314,0.18166670129575732,0.1575428048113822
S43A11T03,A11,0.32,0.1694030414674188,0.18195217720960633,0.08720388761949642,0.08266881071519948,0.19089343392604333,0.1626692371486995
S43A11T03,A11,0.33,0.17040986614733095,0.21841021770983107,0.08978047820006711,0.09523446989928581,0.20012016655632933,0.16779566948601676
S43A11T03,A11,0.34,0.1714166908272431,0.25486825821005576,0.09235706878063782,0.10780012908337215,0.2093468991866153,0.17292210182333403
S43A11T03,A11,0.35000000000000003,0.1738598482253845,0.2838393709304628,0.09614641775091629,0.1191131352802131,0.22006366410598224,0.17539955277785715
S43A11T03,A11,0.36,0.17860113797269261,0.3008313992031615,0.10187618014472712,0.12842189669746143,0.23316448068787854,0.1736386335199097
S43A11T03,A11,0.37,0.18334242772000076,0.31782342747586023,0.10760594253853799,0.1377306581147098,0.2462652972697749,0.17187771426196227
S43A11T03,A11,0.38,0.1880837174673089,0.33481545574855903,0.11333570493234886,0.14703941953195818,0.25936611385167124,0.1701167950040148
S43A11T03,A11,0.39,0.1952604596026395,0.34959238831357714,0.12067464540067777,0.1556485894924746,0.27180297187195407,0.1712024274383601
S43A11T03,A11,0.4,0.2045247323562751,0.36247066741486894,0.12939288136145072,0.16365810963293506,0.283670722553711,0.174727961323242
S43A11T03,A11,0.41000000000000003,0.2137890051099107,0.37534894651616074,0.1381111173222237,0.17166762977339553,0.295538473235468,0.17825349520812395
S43A11T03,A11,0.42,0.22305327786354623,0.3882272256174525,0.1468293532829966,0.17967714991385594,0.3074062239172249,0.18177902909300583
S43A11T03,A11,0.43,0.2309152737213288,0.4001368362213288,0.15697338727878024,0.1850636985580771,0.31981919842946005,0.18937112469899098
S43A11T03,A11,0.44,0.2381540354031767,0.4116159274930204,0.1677511092901242,0.18928448209285856,0.33247449464413,0.19877058106991094
S43A11T03,A11,0.45,0.24539279708502457,0.423095018764712,0.17852883130146815,0.19350526562764,0.3451297908587999,0.2081700374408309
S43A11T03,A11,0.46,0.2526315587668725,0.4345741100364036,0.18930655331281213,0.19772604916242145,0.35778508707346984,0.2175694938117509
S43A11T03,A11,0.47000000000000003,0.259846027395602,0.44311715776669564,0.20022049592278293,0.2003880636718063,0.370582115962378,0.22861418627487787
S43A11T03,A11,0.48,0.2670560791055827,0.4511263793985514,0.21115920591432222,0.20276666563111906,0.38340491442842034,0.23995801257295152
S43A11T03,A11,0.49,0.27426613081556345,0.4591356010304071,0.22209791590586153,0.2051452675904318,0.3962277128944628,0.2513018388710252
S43A11T03,A11,0.5,0.2814761825255442,0.46714482266226287,0.23303662589740087,0.20752386954974456,0.4090505113605052,0.26264566516909893
S43A11T03,A11,0.51,0.29450501964741255,0.47436407848530315,0.2401068166523107,0.22068262109567,0.42645551396323594,0.26412287480307967
S43A11T03,A11,0.52,0.30753385676928086,0.4815833343083434,0.24717700740722054,0.23384137264159544,0.44386051656596676,0.2656000844370604
S43A11T03,A11,0.53,0.3205626938911492,0.48880259013138366,0.2542471981621304,0.24700012418752085,0.4612655191686975,0.26707729407104114
S43A11T03,A11,0.54,0.33351846688667447,0.4943561377851121,0.2619087774941765,0.26167261660550445,0.47703795009082295,0.27153613612597893
S43A11T03,A11,0.55,0.34607238718731276,0.49074829050762536,0.2728229940004725,0.2846706838198083,0.4838312367696186,0.29239395649618083
S43A11T03,A11,0.56,0.35862630748795105,0.4871404432301386,0.2837372105067685,0.3076687510341121,0.49062452344841423,0.3132517768663827
S43A11T03,A11,0.5700000000000001,0.3711802277885894,0.48353259595265186,0.29465142701306446,0.330666818248416,0.49741781012720987,0.3341095972365846
S43A11T03,A11,0.58,0.3856247776810053,0.47992509018100543,0.3060834949443941,0.354351591868222,0.5036122034137875,0.3561825818317558
S43A11T03,A11,0.59,0.4043232441549214,0.4763183527974997,0.31868072858204965,0.37958145490040884,0.5084590865678749,0.3809896859331088
S43A11T03,A11,0.6,0.42302171062883753,0.47271161541399387,0.3312779622197052,0.40481131793259567,0.5133059697219622,0.40579679003446173
S43A11T03,A11,0.61,0.44172017710275363,0.4691048780304881,0.3438751958573608,0.4300411809647825,0.5181528528760495,0.4306038941358147
S43A11T03,A11,0.62,0.4533932962203763,0.4646240017867825,0.3583154680940153,0.4577794201203823,0.5287211738022068,0.4397509906967379
S43A11T03,A11,0.63,0.4568701767556563,0.4591232968728437,0.374905952029502,0.48844409808663075,0.5459645054624461,0.4306280784604928
S43A11T03,A11,0.64,0.4603470572909363,0.4536225919589049,0.3914964359649886,0.5191087760528792,0.5632078371226854,0.4215051662242476
S43A11T03,A11,0.65,0.46382393782621634,0.44812188704496614,0.4080869199004753,0.5497734540191276,0.5804511687829246,0.41238225398800243
S43A11T03,A11,0.66,0.47448753996995546,0.44458669280198654,0.4216552707023025,0.572806150218904,0.5955397824664498,0.4067331686969183
S43A11T03,A11,0.67,0.4896428431189815,0.4422799427283563,0.43333478829559263,0.5910688578146355,0.6092816974145286,0.4032552252465597
S43A11T03,A11,0.68,0.5047981462680076,0.4399731926547261,0.4450143058888827,0.6093315654103669,0.6230236123626076,0.3997772817962012
S43A11T03,A11,0.6900000000000001,0.5199534494170336,0.43766644258109594,0.4566938234821728,0.6275942730060984,0.6367655273106865,0.39629933834584263
S43A11T03,A11,0.7000000000000001,0.5339733353862725,0.4463980546245537,0.46359538315849647,0.6387704106243167,0.6521485110960096,0.3956946170530407
S43A11T03,A11,0.71,0.547652596201575,0.4584411753031376,0.4690635554597303,0.6478205772492809,0.6680238155325058,0.3959518624075057
S43A11T03,A11,0.72,0.5613318570168777,0.4704842959817216,0.47453172776096414,0.6568707438742453,0.6838991199690021,0.3962091077619707
S43A11T03,A11,0.73,0.5750111178321805,0.48252741666030563,0.47999990006219795,0.6659209104992097,0.6997744244054984,0.3964663531164357
S43A11T03,A11,0.74,0.5832507898702919,0.5115275745382606,0.48385726509372806,0.6873293494443138,0.7110862859492728,0.4183358001094286
S43A11T03,A11,0.75,0.5910371628436373,0.5419408188494965,0.48758039618611615,0.7097676444160964,0.7220178605853204,0.44200626390563247
S43A11T03,A11,0.76,0.5988235358169826,0.5723540631607326,0.4913035272785042,0.732205939387879,0.732949435221368,0.46567672770183627
S43A11T03,A11,0.77,0.6062838309814145,0.5999766654540708,0.4947667528984706,0.7520282226250331,0.7426260167966959,0.48732989374982055
S43A11T03,A11,0.78,0.6098311924388837,0.5941115635326337,0.49511111284937676,0.7404583650466423,0.7372426816433885,0.4847754868191693
S43A11T03,A11,0.79,0.6133785538963531,0.5882464616111968,0.49545547280028285,0.7288885074682515,0.7318593464900809,0.4822210798885181
S43A11T03,A11,0.8,0.6169259153538224,0.5823813596897597,0.495799832751189,0.7173186498898607,0.7264760113367734,0.47966667295786686
S43A11T03,A11,0.81,0.6196546549364911,0.5778697428271159,0.49606472502111676,0.7084187594449447,0.7223349842957676,0.4777017445496736
S43A11T03,A11,0.8200000000000001,0.6196546549364911,0.5778697428271159,0.49606472502111676,0.7084187594449447,0.7223349842957676,0.4777017445496736
S43A11T03,A11,0.8300000000000001,0.6196546549364911,0.5778697428271159,0.49606472502111676,0.7084187594449447,0.7223349842957676,0.4777017445496736
S43A11T03,A11,0.84,0.6196546549364911,0.5778697428271159,0.49606472502111676,0.7084187594449447,0.7223349842957676,0.4777017445496736
S43A11T03,A11,0.85,0.6165945477599805,0.5769842999572459,0.4959345523634356,0.740086398676911,0.7178671559565897,0.4802476735347142
S43A11T03,A11,0.86,0.6086382691010527,0.5746821484955837,0.4955961034534646,0.8224222606800261,0.7062508022747266,0.48686708889581987
S43A11T03,A11,0.87,0.6006819904421248,0.5723799970339216,0.4952576545434936,0.9047581226831412,0.6946344485928635,0.4934865042569256
S43A11T03,A11,0.88,0.592725711783197,0.5700778455722594,0.49491920563352254,0.9870939846862563,0.6830180949110005,0.5001059196180313
S43A11T03,A11,0.89,0.5890535831713841,0.5690153141284153,0.49476299844430516,1.0250951517646176,0.6776567009039867,0.5031610344000801
S43A11T03,A11,0.9,0.5890535831713841,0.5690153141284153,0.49476299844430516,1.0250951517646176,0.6776567009039867,0.5031610344000801
S43A11T03,A11,0.91,0.5890535831713841,0.5690153141284153,0.49476299844430516,1.0250951517646176,0.6776567009039867,0.5031610344000801
S43A11T03,A11,0.92,0.5890535831713841,0.5690153141284153,0.49476299844430516,1.0250951517646176,0.6776567009039867,0.5031610344000801
S43A11T03,A11,0.93,0.5890535831713841,0.5690153141284153,0.49476299844430516,1.0250951517646176,0.6776567009039867,0.5031610344000801
S43A11T03,A11,0.9400000000000001,0.5890535831713841,0.5690153141284153,0.49476299844430516,1.0250951517646176,0.6776567009039867,0.5031610344000801
S43A11T03,A11,0.9500000000000001,0.5890535831713841,0.5690153141284153,0.49476299844430516,1.0250951517646176,0.6776567009039867,0.5031610344000801
S43A11T03,A11,0.96,0.5890535831713841,0.5690153141284153,0.49476299844430516,1.0250951517646176,0.6776567009039867,0.5031610344000801
S43A11T03,A11,0.97,0.5890535831713841,0.5690153141284153,0.49476299844430516,1.0250951517646176,0.6776567009039867,0.5031610344000801
S43A11T03,A11,0.98,0.5890535831713841,0.5690153141284153,0.49476299844430516,1.0250951517646176,0.6776567009039867,0.5031610344000801
S43A11T03,A11,0.99,0.5890535831713841,0.5690153141284153,0.49476299844430516,1.0250951517646176,0.6776567009039867,0.5031610344000801
S43A11T03,A11,1.0,0.5890535831713841,0.5690153141284153,0.49476299844430516,1.0250951517646176,0.6776567009039867,0.5031610344000801
S43A11T05,A11,0.0,0.0,0.0,0.0,0.0,0.0,0.0
S43A11T05,A11,0.01,0.005288688940041011,0.004349180273048861,0.00531153510611657,0.0076381549791634485,0.004735336603597924,0.0027524722237150857
S43A11T05,A11,0.02,0.010577377880082022,0.008698360546097721,0.01062307021223314,0.015276309958326897,0.009470673207195848,0.005504944447430171
S43A11T05,A11,0.03,0.015866066820123034,0.01304754081914658,0.015934605318349712,0.022914464937490345,0.014206009810793771,0.008257416671145256
S43A11T05,A11,0.04,0.02157479388077185,0.022885870540928225,0.021328897914303986,0.027533316859616516,0.022179135110247935,0.014400363137591602
S43A11T05,A11,0.05,0.027624801914414514,0.037184134189805255,0.0267904309707514,0.0296989850478999,0.032782963725085296,0.023298069926257096
S43A11T05,A11,0.06,0.03367480994805717,0.051482397838682276,0.03225196402719881,0.03186465323618329,0.043386792339922646,0.03219577671492258
S43A11T05,A11,0.07,0.04002630710464375,0.06557849338394073,0.037649544529806546,0.03443348648537309,0.05373042051237753,0.04110908567351029
S43A11T05,A11,0.08,0.04899070999341091,0.07792246536450471,0.04249286956580379,0.04049641692908515,0.061818978184184276,0.050157613438090484
S43A11T05,A11,0.09,0.05795511288217807,0.0902664373450687,0.04733619460180103,0.04655934737279721,0.06990753585599102,0.059206141202670676
S43A11T05,A11,0.1,0.06691951577094524,0.1026104093256327,0.05217951963779828,0.052622277816509286,0.07799609352779778,0.06825466896725088
S43A11T05,A11,0.11,0.08913208576255921,0.07634623249107476,0.06266996938330656,0.04949966939551366,0.09246044039634894,0.05089278353599729
S43A11T05,A11,0.12,0.11831737528198727,0.029761977332768474,0.07613259002855749,0.041542566835198205,0.11028046578950242,0.019630680633252268
S43A11T05,A11,0.13,0.14750266480141538,-0.01682227782553787,0.08959521067380843,0.03358546427488275,0.12810049118265593,-0.011631422269492805
S43A11T05,A11,0.14,0.16981697486922404,-0.048509022445229144,0.10072235084394801,0.028388625868362213,0.14317907570528637,-0.0315033071072139
S43A11T05,A11,0.15,0.16579253037249161,-0.023088643333563127,0.10289681585949412,0.033772800051388795,0.1477488035575786,-0.007712689362343525
S43A11T05,A11,0.16,0.16176808587575922,0.0023317357781029585,0.10507128087504024,0.039156974234415394,0.15231853140987084,0.01607792838252691
S43A11T05,A11,0.17,0.1577436413790268,0.027752114889769045,0.10724574589058634,0.044541148417442,0.15688825926216304,0.03986854612739735
S43A11T05,A11,0.18,0.1597860593838771,0.050013885311611536,0.11346455195334923,0.05674085261252907,0.1651791077043015,0.0662804858781296
S43A11T05,A11,0.19,0.16375884273014013,0.07127064387760115,0.12097019380386292,0.07110913453872633,0.17465394906139103,0.09352648263072708
S43A11T05,A11,0.2,0.16773162607640316,0.09252740244359076,0.12847583565437662,0.08547741646492361,0.18412879041848057,0.12077247938332455
S43A11T05,A11,0.21,0.1735509902413397,0.112504928229621,0.1368330033628824,0.10057937116073405,0.19486334224481014,0.14362151302117762
S43A11T05,A11,0.22,0.18347386733666182,0.1296397145046306,0.1470824507558151,0.11731170978901831,0.20839725066945097,0.1566995175151544
S43A11T05,A11,0.23,0.19339674443198399,0.14677450077964022,0.15733189814874785,0.13404404841730258,0.2219311590940918,0.1697775220091312
S43A11T05,A11,0.24,0.2033196215273061,0.16390928705464977,0.16758134554168053,0.1507763870455868,0.23546506751873258,0.182855526503108
S43A11T05,A11,0.25,0.21430612053710632,0.1785850969775359,0.17721307308362444,0.16015435726331195,0.2506968732027758,0.20307996036097933
S43A11T05,A11,0.26,0.225462799053223,0.1928674706840823,0.18674596544941013,0.16835562853534766,0.2662003424483234,0.2244478229170738
S43A11T05,A11,0.27,0.2366194775693397,0.2071498443906287,0.19627885781519583,0.17655689980738337,0.281703811693871,0.24581568547316826
S43A11T05,A11,0.28,0.24886186319361414,0.2193763773537703,0.20764133283853825,0.19002246076822585,0.2949342484738849,0.26446134320044773
S43A11T05,A11,0.29,0.2626423338877786,0.2286904692637551,0.2215957166267526,0.21094576545487764,0.30494455592772607,0.27925054408690597
S43A11T05,A11,0.3,0.2764228045819431,0.23800456117373997,0.23555010041496702,0.23186907014152958,0.3149548633815673,0.29403974497336427
S43A11T05,A11,0.31,0.2902032752761077,0.24731865308372483,0.24950448420318144,0.2527923748281815,0.3249651708354085,0.3088289458598226
S43A11T05,A11,0.32,0.2987718532106773,0.25111933612083354,0.2636047649650141,0.2766980034904048,0.338351545555928,0.32669293715749054
S43A11T05,A11,0.33,0.30715429211811857,0.25472311169819667,0.2777102563330474,0.3007101437231842,0.3518584941074003,0.34466674239841594
S43A11T05,A11,0.34,0.3155367310255598,0.2583268872755598,0.2918157477010807,0.32472228395596364,0.36536544265887255,0.3626405476393414
S43A11T05,A11,0.35000000000000003,0.3263887484262366,0.2606197542856116,0.30517627809665265,0.351082361775852,0.37908148252073,0.3713699834972925
S43A11T05,A11,0.36,0.3395457057539332,0.26168910663283956,0.31784151158459384,0.37963384801037514,0.3929926742722802,0.3714713412644676
S43A11T05,A11,0.37,0.3527026630816299,0.26275845898006744,0.33050674507253514,0.4081853342448985,0.40690386602383044,0.37157269903164275
S43A11T05,A11,0.38,0.3658829665741604,0.2635308987030667,0.3435298335307575,0.43627818314013256,0.4204196150294481,0.37164127152358845
S43A11T05,A11,0.39,0.379378443291948,0.2602950179989792,0.3613839640877741,0.4581794279549617,0.4285968869649757,0.3712672427999365
S43A11T05,A11,0.4,0.39287392000973553,0.25705913729489166,0.3792380946447907,0.4800806727697908,0.4367741589005033,0.37089321407628456
S43A11T05,A11,0.41000000000000003,0.4063693967275231,0.2538232565908042,0.3970922252018073,0.5019819175846199,0.44495143083603095,0.3705191853526326
S43A11T05,A11,0.42,0.43035836226190854,0.2402701884337835,0.4150172880758271,0.5421421476949678,0.4602950121939594,0.39016642576817834
S43A11T05,A11,0.43,0.46076001540643724,0.22041217238885918,0.4329856984769045,0.5934606465970218,0.4800180048655774,0.4220488862132337
S43A11T05,A11,0.44,0.491161668550966,0.20055415634393484,0.45095410887798193,0.6447791454990759,0.4997409975371954,0.4539313466582891
S43A11T05,A11,0.45,0.5163216573602312,0.18411993616882505,0.46582451748577014,0.6872496273490516,0.5160634742309482,0.4803168311645418
S43A11T05,A11,0.46,0.5163216573602312,0.18411993616882505,0.46582451748577014,0.6872496273490516,0.5160634742309482,0.4803168311645418
S43A11T05,A11,0.47000000000000003,0.5163216573602312,0.18411993616882505,0.46582451748577014,0.6872496273490516,0.5160634742309482,0.4803168311645418
S43A11T05,A11,0.48,0.5163216573602312,0.18411993616882505,0.46582451748577014,0.6872496273490516,0.5160634742309482,0.4803168311645418
S43A11T05,A11,0.49,0.5125182433553178,0.2319320458455524,0.4548374762877888,0.7231474125060507,0.5291301340107042,0.46726271579781337
S43A11T05,A11,0.5,0.5072659097294852,0.29795829254198525,0.4396648955858147,0.7727205443895258,0.5471745689446528,0.4492356041009027
S43A11T05,A11,0.51,0.5020135761036525,0.3639845392384181,0.42449231488384054,0.8222936762730007,0.5652190038786014,0.431208492403992
S43A11T05,A11,0.52,0.49821016209873914,0.41179664891514545,0.4135052736858592,0.8581914614299999,0.5782856636583573,0.41815437703726355
S43A11T05,A11,0.53,0.49821016209873914,0.41179664891514545,0.4135052736858592,0.8581914614299999,0.5782856636583573,0.41815437703726355
S43A11T05,A11,0.54,0.49821016209873914,0.41179664891514545,0.4135052736858592,0.8581914614299999,0.5782856636583573,0.41815437703726355
S43A11T05,A11,0.55,0.49821016209873914,0.41179664891514545,0.4135052736858592,0.8581914614299999,0.5782856636583573,0.41815437703726355
S43A11T05,A11,0.56,0.49821016209873914,0.41179664891514545,0.4135052736858592,0.8581914614299999,0.5782856636583573,0.41815437703726355
S43A11T05,A11,0.5700000000000001,0.49821016209873914,0.41179664891514545,0.4135052736858592,0.8581914614299999,0.5782856636583573,0.41815437703726355
S43A11T05,A11,0.58,0.49821016209873914,0.41179664891514545,0.4135052736858592,0.8581914614299999,0.5782856636583573,0.41815437703726355
S43A11T05,A11,0.59,0.49821016209873914,0.41179664891514545,0.4135052736858592,0.8581914614299999,0.5782856636583573,0.41815437703726355
S43A11T05,A11,0.6,0.49821016209873914,0.41179664891514545,0.4135052736858592,0.8581914614299999,0.5782856636583573,0.41815437703726355
S43A11T05,A11,0.61,0.49821016209873914,0.41179664891514545,0.4135052736858592,0.8581914614299999,0.5782856636583573,0.41815437703726355
S43A11T05,A11,0.62,0.49821016209873914,0.41179664891514545,0.4135052736858592,0.8581914614299999,0.5782856636583573,0.41815437703726355
S43A11T05,A11,0.63,0.49821016209873914,0.41179664891514545,0.4135052736858592,0.8581914614299999,0.5782856636583573,0.41815437703726355
S43A11T05,A11,0.64,0.49821016209873914,0.41179664891514545,0.4135052736858592,0.8581914614299999,0.5782856636583573,0.41815437703726355
S43A11T05,A11,0.65,0.49821016209873914,0.41179664891514545,0.4135052736858592,0.8581914614299999,0.5782856636583573,0.41815437703726355
S43A11T05,A11,0.66,0.49821016209873914,0.41179664891514545,0.4135052736858592,0.8581914614299999,0.5782856636583573,0.41815437703726355
S43A11T05,A11,0.67,0.49821016209873914,0.41179664891514545,0.4135052736858592,0.8581914614299999,0.5782856636583573,0.41815437703726355
S43A11T05,A11,0.68,0.49821016209873914,0.41179664891514545,0.4135052736858592,0.8581914614299999,0.5782856636583573,0.41815437703726355
S43A11T05,A11,0.6900000000000001,0.49821016209873914,0.41179664891514545,0.4135052736858592,0.8581914614299999,0.5782856636583573,0.41815437703726355
S43A11T05,A11,0.7000000000000001,0.49821016209873914,0.41179664891514545,0.4135052736858592,0.8581914614299999,0.5782856636583573,0.41815437703726355
S43A11T05,A11,0.71,0.49821016209873914,0.41179664891514545,0.4135052736858592,0.8581914614299999,0.5782856636583573,0.41815437703726355
S43A11T05,A11,0.72,0.49821016209873914,0.41179664891514545,0.4135052736858592,0.8581914614299999,0.5782856636583573,0.41815437703726355
S43A11T05,A11,0.73,0.49821016209873914,0.41179664891514545,0.4135052736858592,0.8581914614299999,0.5782856636583573,0.41815437703726355
S43A11T05,A11,0.74,0.49821016209873914,0.41179664891514545,0.4135052736858592,0.8581914614299999,0.5782856636583573,0.41815437703726355
S43A11T05,A11,0.75,0.49821016209873914,0.41179664891514545,0.4135052736858592,0.8581914614299999,0.5782856636583573,0.41815437703726355
S43A11T05,A11,0.76,0.49821016209873914,0.41179664891514545,0.4135052736858592,0.8581914614299999,0.5782856636583573,0.41815437703726355
S43A11T05,A11,0.77,0.49821016209873914,0.41179664891514545,0.4135052736858592,0.8581914614299999,0.5782856636583573,0.41815437703726355
S43A11T05,A11,0.78,0.49821016209873914,0.41179664891514545,0.4135052736858592,0.8581914614299999,0.5782856636583573,0.41815437703726355
S43A11T05,A11,0.79,0.49821016209873914,0.41179664891514545,0.4135052736858592,0.8581914614299999,0.5782856636583573,0.41815437703726355
S43A11T05,A11,0.8,0.49821016209873914,0.41179664891514545,0.4135052736858592,0.8581914614299999,0.5782856636583573,0.41815437703726355
S43A11T05,A11,0.81,0.49821016209873914,0.41179664891514545,0.4135052736858592,0.8581914614299999,0.5782856636583573,0.41815437703726355
S43A11T05,A11,0.8200000000000001,0.49821016209873914,0.41179664891514545,0.4135052736858592,0.8581914614299999,0.5782856636583573,0.41815437703726355
S43A11T05,A11,0.8300000000000001,0.49821016209873914,0.41179664891514545,0.4135052736858592,0.8581914614299999,0.5782856636583573,0.41815437703726355
S43A11T05,A11,0.84,0.49821016209873914,0.41179664891514545,0.4135052736858592,0.8581914614299999,0.5782856636583573,0.41815437703726355
S43A11T05,A11,0.85,0.49821016209873914,0.41179664891514545,0.4135052736858592,0.8581914614299999,0.5782856636583573,0.41815437703726355
S43A11T05,A11,0.86,0.49821016209873914,0.41179664891514545,0.4135052736858592,0.8581914614299999,0.5782856636583573,0.41815437703726355
S43A11T05,A11,0.87,0.49821016209873914,0.41179664891514545,0.4135052736858592,0.8581914614299999,0.5782856636583573,0.41815437703726355
S43A11T05,A11,0.88,0.49821016209873914,0.41179664891514545,0.4135052736858592,0.8581914614299999,0.5782856636583573,0.41815437703726355
S43A11T05,A11,0.89,0.49821016209873914,0.41179664891514545,0.4135052736858592,0.8581914614299999,0.5782856636583573,0.41815437703726355
S43A11T05,A11,0.9,0.49821016209873914,0.41179664891514545,0.4135052736858592,0.8581914614299999,0.5782856636583573,0.41815437703726355
S43A11T05,A11,0.91,0.49821016209873914,0.41179664891514545,0.4135052736858592,0.8581914614299999,0.5782856636583573,0.41815437703726355
S43A11T05,A11,0.92,0.49821016209873914,0.41179664891514545,0.4135052736858592,0.8581914614299999,0.5782856636583573,0.41815437703726355
S43A11T05,A11,0.93,0.49821016209873914,0.41179664891514545,0.4135052736858592,0.8581914614299999,0.5782856636583573,0.41815437703726355
S43A11T05,A11,0.9400000000000001,0.49821016209873914,0.41179664891514545,0.4135052736858592,0.8581914614299999,0.5782856636583573,0.41815437703726355
S43A11T05,A11,0.9500000000000001,0.49821016209873914,0.41179664891514545,0.4135052736858592,0.8581914614299999,0.5782856636583573,0.41815437703726355
S43A11T05,A11,0.96,0.49821016209873914,0.41179664891514545,0.4135052736858592,0.8581914614299999,0.5782856636583573,0.41815437703726355
S43A11T05,A11,0.97,0.49821016209873914,0.41179664891514545,0.4135052736858592,0.8581914614299999,0.5782856636583573,0.41815437703726355
S43A11T05,A11,0.98,0.49821016209873914,0.41179664891514545,0.4135052736858592,0.8581914614299999,0.5782856636583573,0.41815437703726355
S43A11T05,A11,0.99,0.49821016209873914,0.41179664891514545,0.4135052736858592,0.8581914614299999,0.5782856636583573,0.41815437703726355
S43A11T05,A11,1.0,0.49821016209873914,0.41179664891514545,0.4135052736858592,0.8581914614299999,0.5782856636583573,0.41815437703726355
S43A12T01,A12,0.0,0.0,0.0,0.0,0.0,0.0,0.0
S43A12T01,A12,0.01,0.006259656342861004,-0.007049324370029706,0.005228661997948948,-0.002027155873144775,0.008263861167757467,-0.006799178383023756
S43A12T01,A12,0.02,0.012519312685722008,-0.014098648740059411,0.010457323995897896,-0.00405431174628955,0.016527722335514933,-0.013598356766047513
S43A12T01,A12,0.03,0.018182063846732932,-0.011652707881782898,0.013723617415524431,-0.003838894791506733,0.023739056692058193,-0.009473113718098034
S43A12T01,A12,0.04,0.02347748874198996,-0.003363526883010247,0.015782299402337177,-0.0022434330195377056,0.030302682241700404,0.001374850210450359
S43A12T01,A12,0.05,0.028678519916991177,0.007059031391600344,0.018977357290740595,-0.0014508836760561592,0.036581472630406786,0.012585842747594184
S43A12T01,A12,0.06,0.033577491187173784,0.024308396948892304,0.025808818064234136,-0.003227654103734543,0.041948790504118524,0.02495852683224337
S43A12T01,A12,0.07,0.03847646245735639,0.04155776250618429,0.03264027883772769,-0.00500442453141293,0.04731610837783028,0.037331210916892565
S43A12T01,A12,0.08,0.040507440932110894,0.0636117231586732,0.03796915745750507,-0.002162271985854274,0.05219953482714255,0.05379082144823607
S43A12T01,A12,0.09,0.04206042060762738,0.08646644966036157,0.04304760571832976,0.0014497010552438818,0.05700231270572158,0.07093158638736194
S43A12T01,A12,0.1,0.04614238878606192,0.10545214220403049,0.04925296210093587,0.0027957660560140583,0.06353052369737357,0.08507007447862326
S43A12T01,A12,0.11,0.053006244317706314,0.12018189739387794,0.05669791741750152,0.0016493322124234593,0.07195671111340576,0.09590605803723351
S43A12T01,A12,0.12,0.05979397055532707,0.13449376059438928,0.06370613756087799,0.001843626574549931,0.08021951950593152,0.10633387253327484
S43A12T01,A12,0.13,0.06585846849972335,0.14483564989620754,0.06656537355895725,0.014774838890988554,0.08693022717514612,0.11288408093491134
S43A12T01,A12,0.14,0.07192296644411963,0.1551775391980258,0.06942460955703653,0.02770605120742718,0.0936409348443607,0.11943428933654784
S43A12T01,A12,0.15,0.0841920633186797,0.15639723909992959,0.07724409970763796,0.03567329282287234,0.10628154935921086,0.12332353544319492
S43A12T01,A12,0.16,0.09894299976530532,0.15396806324186765,0.08704769151924827,0.04165494615792016,0.12129412661231528,0.12614839663184627
S43A12T01,A12,0.17,0.11136496625619975,0.15651781659799643,0.0963355883986235,0.049190112934756364,0.13448212311042487,0.1319410366846434
S43A12T01,A12,0.18,0.11912899283563183,0.1690254283825066,0.10459209541352858,0.05983230659516926,0.1440209580985448,0.14366923446573215
S43A12T01,A12,0.19,0.12689301941506392,0.18153304016701677,0.1128486024284337,0.07047450025558219,0.15355979308666473,0.1553974322468209
S43A12T01,A12,0.2,0.13471545155483702,0.19724488270718052,0.12624687309476845,0.08879578666898721,0.1595158263037167,0.16432217395996668
S43A12T01,A12,0.21,0.1425408039726271,0.2131169367851269,0.13990223194367463,0.10750102772004178,0.16529271943221527,0.17310674286971525
S43A12T01,A12,0.22,0.15104302039196243,0.2265269583802435,0.1527471805819597,0.12492234781828779,0.17539787899179277,0.18469838192148028
S43A12T01,A12,0.23,0.16005288481245666,0.23809045561323777,0.16498432156227896,0.14138072720192735,0.18874923837467944,0.19839532357975756
S43A12T01,A12,0.24,0.1717069549329386,0.2405286907727822,0.1789102151396578,0.15910259306934524,0.20090727375823447,0.21394986409026573
S43A12T01,A12,0.25,0.19459889927836843,0.204184562120165,0.20001330725454014,0.18219427649282138,0.20799368214463024,0.2373991997227552
S43A12T01,A12,0.26,0.21749084362379828,0.16784043346754784,0.2211163993694225,0.20528595991629756,0.215080090531026,0.26084853535524466
S43A12T01,A12,0.27,0.22346992717536793,0.19268352336677422,0.23476785668889352,0.22555435815373734,0.23142604128658867,0.2613351709252604
S43A12T01,A12,0.28,0.22546951406955887,0.2319236058664339,0.2466659881741502,0.24515845399446273,0.24995070789371995,0.2564188182452824
S43A12T01,A12,0.29,0.2347452346885774,0.2535771792686554,0.2663295185402914,0.2565711255959555,0.2691958501488677,0.2451871978051178
S43A12T01,A12,0.3,0.25372246694069944,0.25178207387429313,0.29634691408094566,0.25706189821180503,0.28940162660137103,0.22553522035137086
S43A12T01,A12,0.31,0.2719822188678232,0.25127859460024493,0.3259738588986689,0.25847276209691106,0.30950435377935703,0.20686196852545036
S43A12T01,A12,0.32,0.2758923642949801,0.2766076377324799,0.3477917892577726,0.2782854513671476,0.32754609546699703,0.20776322925605928
S43A12T01,A12,0.33,0.279802509722137,0.3019366808647149,0.36960971961687633,0.2980981406373841,0.34558783715463703,0.20866448998666817
S43A12T01,A12,0.34,0.2851257742095694,0.320781387002538,0.3973663588055939,0.3119695167645781,0.3639612793107071,0.2091559912247694
S43A12T01,A12,0.35000000000000003,0.2911555982271396,0.33638392464315514,0.42809235240911836,0.322870236320251,0.38250057170099216,0.20944261271661682
S43A12T01,A12,0.36,0.3005984032109298,0.35191044910936725,0.463225244663125,0.3260908647803123,0.4049853216148683,0.19544450618518022
S43A12T01,A12,0.37,0.3185736606102701,0.36724694063956687,0.5093753835433374,0.3101112655013451,0.43733371533772214,0.1457345795955342
S43A12T01,A12,0.38,0.3365489180096104,0.3825834321697665,0.5555255224235499,0.2941316662223779,0.469682109060576,0.09602465300588815
S43A12T01,A12,0.39,0.3681169184635939,0.342015087408906,0.5407525758813525,0.45703240101563036,0.49057707173149795,0.12631382466118532
S43A12T01,A12,0.4,0.40111573397596084,0.29556202303846046,0.5195666729789017,0.6387626446585896,0.5102664100811639,0.16502395402647627
S43A12T01,A12,0.41000000000000003,0.4168926908277823,0.3010683988355948,0.5161549391448926,0.7121794566619825,0.5254882069662152,0.1815328822591837
S43A12T01,A12,0.42,0.4170134125336534,0.3538106293305282,0.5289015408276488,0.6871295126294067,0.5366486025197986,0.17785890037136087
S43A12T01,A12,0.43,0.418570178354837,0.4032656324563994,0.5413701195430629,0.6674588353633755,0.5459282477909896,0.17838828685348943
S43A12T01,A12,0.44,0.4287432088678954,0.43299727136789534,0.5521705604544236,0.6800637586966112,0.543923391367826,0.20413788355532592
S43A12T01,A12,0.45,0.43891623938095387,0.4627289102793912,0.5629710013657844,0.692668682029847,0.5419185349446624,0.2298874802571624
S43A12T01,A12,0.46,0.44812020540635433,0.46940150423447907,0.562859559388297,0.7245502429820474,0.5449124086041228,0.2566502211041227
S43A12T01,A12,0.47000000000000003,0.4570213387793617,0.46886814664068965,0.5593381540080449,0.762455753190174,0.5494683854144032,0.28372956949643424
S43A12T01,A12,0.48,0.4558681588370472,0.4794133858878284,0.5513244497653688,0.7917317526218141,0.5508196775250408,0.31475634256410295
S43A12T01,A12,0.49,0.4383767197573347,0.5079613450014753,0.5360107598712537,0.8069847970416639,0.5469633569987589,0.3521976807292273
S43A12T01,A12,0.5,0.4208852806776223,0.5365093041151222,0.5206970699771387,0.8222378414615138,0.543107036472477,0.3896390188943517
S43A12T01,A12,0.51,0.4208852806776223,0.5365093041151222,0.5206970699771387,0.8222378414615138,0.543107036472477,0.3896390188943517
S43A12T01,A12,0.52,0.4208852806776223,0.5365093041151222,0.5206970699771387,0.8222378414615138,0.543107036472477,0.3896390188943517
S43A12T01,A12,0.53,0.42022507913088913,0.5398102781054984,0.5094799815698402,0.8406442729516767,0.5476001588227488,0.3945374073579049
S43A12T01,A12,0.54,0.41915859970924324,0.5451426207053368,0.49136006952728134,0.8703777392050162,0.5548582795424185,0.40245018872210603
S43A12T01,A12,0.55,0.4179229943628755,0.5467707055445158,0.47082824677689045,0.9095902783320672,0.5598048839658778,0.42362536126080047
S43A12T01,A12,0.56,0.416146186057398,0.5365451655495852,0.4425783097614375,0.9791358506549931,0.557354636241464,0.48724018555787085
S43A12T01,A12,0.5700000000000001,0.4143693777519205,0.5263196255546547,0.41432837274598455,1.048681422977919,0.5549043885170503,0.5508550098549413
S43A12T01,A12,0.58,0.4224466212235145,0.5056931495438269,0.40440787493137,1.0829363010444986,0.5612714733672265,0.5641223400664451
S43A12T01,A12,0.59,0.4321662066579537,0.48333318419701615,0.3975422836502282,1.1113093967350212,0.5691081136465012,0.5689984212636885
S43A12T01,A12,0.6,0.43944037594893,0.4734950390348674,0.3928688341090524,1.1298450111338938,0.5788372361373965,0.5658243455123964
S43A12T01,A12,0.61,0.4440245874820971,0.47743089607584693,0.3906067404818393,1.137559396111951,0.5906480890610744,0.5537950971177149
S43A12T01,A12,0.62,0.4481393103506645,0.47954727910066436,0.3888542726851687,1.1474511655379518,0.6015958829174827,0.543840321394045
S43A12T01,A12,0.63,0.4477938909055347,0.46437865897194075,0.3919432502786522,1.1780280872194178,0.6043446156348294,0.5535930360449854
S43A12T01,A12,0.64,0.44744847146040484,0.4492100388432171,0.3950322278721356,1.2086050089008835,0.6070933483521761,0.563345750695926
S43A12T01,A12,0.65,0.44537819320330396,0.45531737167010083,0.39816352157819535,1.2144388200782563,0.6132486562785507,0.5475094106730816
S43A12T01,A12,0.66,0.4426179714214147,0.4699350856792271,0.40131174172928563,1.2103753870539926,0.6207665942885364,0.5214374487807235
S43A12T01,A12,0.67,0.44053177464835563,0.47812125218741797,0.4049776876737913,1.2067754078199704,0.627275755438554,0.501497017645585
S43A12T01,A12,0.68,0.4397936278929572,0.4734443236937383,0.40967908520512775,1.2041023361664314,0.631767362868635,0.4938196480248848
S43A12T01,A12,0.6900000000000001,0.4390554811375587,0.4687673952000586,0.41438048273646416,1.2014292645128923,0.6362589702987161,0.48614227840418467
S43A12T01,A12,0.7000000000000001,0.4380991121475772,0.45305195638585816,0.4134241994391519,1.202921371222599,0.6387674883364357,0.47369763970362294
S43A12T01,A12,0.71,0.43713183204586653,0.4367845920556319,0.4121850321004072,1.2046217368504681,0.6411768519045371,0.4610146375490683
S43A12T01,A12,0.72,0.4416446273583771,0.39907784024900156,0.4120440082022233,1.2297218612143084,0.6413757097808461,0.4665276922027212
S43A12T01,A12,0.73,0.45026747923155347,0.34529154783506855,0.41272659188446004,1.272371804630127,0.6399166883883108,0.48568778946252955
S43A12T01,A12,0.74,0.4577022212603745,0.3006523115924056,0.41385483696930664,1.3081503801821974,0.6390093610782938,0.500441455804856
S43A12T01,A12,0.75,0.4600874964506858,0.29488806407763873,0.416877143015245,1.3147256423133407,0.6404467336189794,0.4964677907478854
S43A12T01,A12,0.76,0.4624727716409971,0.28912381656287195,0.4198994490611833,1.3213009044444841,0.6418841061596651,0.4924941256909147
S43A12T01,A12,0.77,0.46341991368768415,0.28784977086541835,0.4188079952340287,1.3205401912789505,0.6439059452932315,0.49220518601588753
S43A12T01,A12,0.78,0.4640286714652831,0.2876322432426267,0.4167485979073228,1.318053366278905,0.646065305978064,0.4927832405483764
S43A12T01,A12,0.79,0.46345941717140976,0.2846340289878158,0.414267457877164,1.312402478552823,0.6475710401744948,0.49341375990105735
S43A12T01,A12,0.8,0.4613194801155734,0.27792823255697946,0.4112239942424012,1.30253284052536,0.64820527238639,0.49411423234732765
S43A12T01,A12,0.81,0.4589977099900836,0.27213826174789596,0.4080367454858398,1.2930574248834228,0.6490341985630047,0.494058117020036
S43A12T01,A12,0.8200000000000001,0.4530392784715252,0.2846648033738689,0.40197379429330643,1.2914664569519978,0.6537570040340056,0.4788702462215054
S43A12T01,A12,0.8300000000000001,0.44708084695296685,0.2971913449998419,0.39591084310077307,1.289875489020573,0.6584798095050065,0.4636823754229749
S43A12T01,A12,0.84,0.44285099016332335,0.31157911272191696,0.395095957159254,1.2657496075956554,0.6532067495707097,0.4844845718363346
S43A12T01,A12,0.85,0.43948542073813723,0.3268974934920433,0.3969051038432419,1.2303562694239913,0.642935756933764,0.5232818018556389
S43A12T01,A12,0.86,0.43677556713546695,0.3357155573698417,0.39928857922655253,1.2067617824278465,0.6346926832126525,0.5467745240329646
S43A12T01,A12,0.87,0.43570500308908633,0.3282828290168205,0.4031078763581698,1.212664423370499,0.6315194067811257,0.5320059766053443
S43A12T01,A12,0.88,0.4346344390427057,0.3208501006637993,0.40692717348978713,1.2185670643131514,0.6283461303495991,0.517237429177724
S43A12T01,A12,0.89,0.4345844063508094,0.3371704341828407,0.41013523055489537,1.1901320399868056,0.623281121635683,0.532036970024355
S43A12T01,A12,0.9,0.4346417980120168,0.35599109000420437,0.413278946560371,1.1580825245795128,0.6180169832078313,0.5499489412156441
S43A12T01,A12,0.91,0.4323936581619439,0.3606948971756156,0.41590867376517576,1.133249312592857,0.6104159618497541,0.5572163707853011
S43A12T01,A12,0.92,0.4280495805743437,0.35256520557434345,0.4180711384239161,1.1149763764431437,0.6006905014641993,0.5548069443352931
S43A12T01,A12,0.93,0.42370957827764816,0.3466483465881949,0.4203580660754111,1.0954074561625384,0.5917805245402487,0.5513747542765766
S43A12T01,A12,0.9400000000000001,0.41939402772638057,0.3540084832927867,0.42339177168343434,1.0680626310965808,0.5877634483859222,0.5418059825656094
S43A12T01,A12,0.9500000000000001,0.4150784771751129,0.36136861999737857,0.4264254772914576,1.0407178060306235,0.5837463722315958,0.5322372108546423
S43A12T01,A12,0.96,0.4116026608830893,0.36993034642996414,0.432319081859894,1.0403325420954896,0.5784931718467478,0.5274167680381535
S43A12T01,A12,0.97,0.4083892615470792,0.3788675696525478,0.43910640485345953,1.0483721410137377,0.5728536826398616,0.5240801780011893
S43A12T01,A12,0.98,0.4007617650296245,0.37974239491243683,0.4468253352470518,1.057240710308087,0.5686629113334115,0.5238535558646612
S43A12T01,A12,0.99,0.38596136059232217,0.36751582348294703,0.45605812766568754,1.0674563564636002,0.5668263066151702,0.5286806315663418
S43A12T01,A12,1.0,0.37116095615501987,0.3552892520534573,0.46529092008432327,1.0776720026191133,0.5649897018969288,0.5335077072680225
S43A12T02,A12,0.0,0.0,0.0,0.0,0.0,0.0,0.0
S43A12T02,A12,0.01,0.0027619030774305785,0.0042072534192274655,0.002892842858455064,0.00044557235064259795,0.004270830214484596,0.005262423232062697
S43A12T02,A12,0.02,0.005523806154861157,0.008414506838454931,0.005785685716910128,0.0008911447012851959,0.008541660428969191,0.010524846464125394
S43A12T02,A12,0.03,0.008285709232291735,0.012621760257682397,0.008678528575365193,0.0013367170519277937,0.012812490643453786,0.01578726969618809
S43A12T02,A12,0.04,0.011047612309722314,0.016829013676909862,0.011571371433820256,0.0017822894025703918,0.017083320857938383,0.021049692928250787
S43A12T02,A12,0.05,0.013809515387152894,0.02103626709613733,0.014464214292275322,0.0022278617532129896,0.02135415107242298,0.02631211616031348
S43A12T02,A12,0.06,0.016814401367017853,0.02510294384748666,0.01713900322541295,0.004430407034006878,0.025696928014042282,0.03091434744763591
S43A12T02,A12,0.07,0.020123015974925794,0.02899389976398832,0.019541224751903785,0.008829168477489883,0.030129638364579978,0.034691338804033
S43A12T02,A12,0.08,0.023431630582833728,0.03288485568048998,0.021943446278394618,0.013227929920972882,0.034562348715117666,0.038468330160430095
S43A12T02,A12,0.09,0.02674024519074166,0.036775811596991635,0.02434566780488545,0.017626691364455882,0.038995059065655355,0.04224532151682718
S43A12T02,A12,0.1,0.0300488597986496,0.040666767513493296,0.02674788933137629,0.022025452807938887,0.04342776941619304,0.04602231287322427
S43A12T02,A12,0.11,0.033357474406557536,0.04455772342999496,0.029150110857867124,0.026424214251421885,0.04786047976673073,0.04979930422962136
S43A12T02,A12,0.12,0.037524066313158314,0.050216461332689505,0.032748254611629606,0.030974688937801562,0.052359835239327364,0.051760460239327365
S43A12T02,A12,0.13,0.041797905382095706,0.05609617198365817,0.036495888643801044,0.03554412777954333,0.05686752135218137,0.05349463683069698
S43A12T02,A12,0.14,0.0460717444510331,0.061975882634626826,0.04024352267597248,0.040113566621285096,0.06137520746503537,0.0552288134220666
S43A12T02,A12,0.15,0.05034558351997047,0.06785559328559547,0.043991156708143915,0.04468300546302685,0.06588289357788937,0.05696299001343621
S43A12T02,A12,0.16,0.05461942258890786,0.07373530393656413,0.047738790740315354,0.04925244430476862,0.07039057969074337,0.058697166604805825
S43A12T02,A12,0.17,0.05844967540248482,0.07828276988490672,0.05148888644076798,0.05435735384799469,0.07463331623111229,0.062016857490877875
S43A12T02,A12,0.18,0.06139275570534092,0.08016574642799718,0.05524390547778297,0.06053320479418935,0.078346153626511,0.06850757696635473
S43A12T02,A12,0.19,0.06433583600819702,0.08204872297108762,0.05899892451479797,0.06670905574038404,0.08205899102190972,0.0749982964418316
S43A12T02,A12,0.2,0.06727891631105312,0.08393169951417807,0.06275394355181298,0.07288490668657871,0.08577182841730845,0.08148901591730848
S43A12T02,A12,0.21,0.07022199661390921,0.08581467605726853,0.06650896258882796,0.07906075763277337,0.08948466581270716,0.08797973539278534
S43A12T02,A12,0.22,0.07316507691676533,0.08769765260035897,0.07026398162584296,0.08523660857896806,0.09319750320810588,0.0944704548682622
S43A12T02,A12,0.23,0.07646079684030446,0.08969237887155435,0.07605953257052442,0.09274825327364952,0.0963885685797401,0.1004567741461464
S43A12T02,A12,0.24,0.07985727094118159,0.09171903363649397,0.08243809263168198,0.10064155332504146,0.09943055623029873,0.10629897908186126
S43A12T02,A12,0.25,0.08325374504205874,0.0937456884014336,0.08881665269283956,0.10853485337643343,0.10247254388085736,0.11214118401757611
S43A12T02,A12,0.26,0.08665021914293589,0.09577234316637323,0.09519521275399714,0.11642815342782539,0.10551453153141599,0.11798338895329097
S43A12T02,A12,0.27,0.09004669324381302,0.09779899793131286,0.10157377281515471,0.12432145347921736,0.10855651918197463,0.12382559388900584
S43A12T02,A12,0.28,0.09295978324840486,0.10126571830699846,0.10759983760138622,0.13227470088263638,0.11226386768703374,0.12923020557765866
S43A12T02,A12,0.29,0.09418102891599812,0.10977266832029482,0.11239216892537642,0.14043776401814997,0.11829997918284443,0.1331032409015944
S43A12T02,A12,0.3,0.0954022745835914,0.11827961833359123,0.11718450024936664,0.14860082715366363,0.12433609067865516,0.13697627622553013
S43A12T02,A12,0.31,0.09662352025118467,0.12678656834688765,0.12197683157335684,0.15676389028917725,0.13037220217446588,0.14084931154946587
S43A12T02,A12,0.32,0.09784476591877796,0.13529351836018405,0.12676916289734708,0.1649269534246909,0.13640831367027662,0.1447223468734016
S43A12T02,A12,0.33,0.09906601158637124,0.14380046837348046,0.13156149422133728,0.17309001656020456,0.14244442516608735,0.1485953821973373
S43A12T02,A12,0.34,0.10269171778870122,0.14956931788635733,0.13853805204938424,0.18375068022321248,0.14755369490006798,0.15325941267350549
S43A12T02,A12,0.35000000000000003,0.10751965425839954,0.15396911714902442,0.14660672312945955,0.1956601441499675,0.15219954375313355,0.15831894072578984
S43A12T02,A12,0.36,0.11234759072809783,0.15836891641169148,0.1546753942095348,0.20756960807672242,0.1568453926061991,0.16337846877807416
S43A12T02,A12,0.37,0.11717552719779616,0.16276871567435858,0.1627440652896101,0.21947907200347744,0.1614912414592647,0.1684379968303585
S43A12T02,A12,0.38,0.12200346366749448,0.1671685149370257,0.17081273636968541,0.23138853593023245,0.16613709031233026,0.17349752488264286
S43A12T02,A12,0.39,0.12667214767573898,0.1704574211132389,0.17843099821653605,0.24310229948606749,0.1708065726593122,0.1778333304718123
S43A12T02,A12,0.4,0.13006681199235287,0.16485918259782154,0.18244598619758967,0.253250460074543,0.17566512295762504,0.1763793563560626
S43A12T02,A12,0.41000000000000003,0.13346147630896676,0.15926094408240418,0.1864609741786433,0.2633986206630185,0.1805236732559379,0.17492538224031295
S43A12T02,A12,0.42,0.13685614062558063,0.15366270556698686,0.1904759621596969,0.27354678125149395,0.1853822235542507,0.1734714081245633
S43A12T02,A12,0.43,0.14025080494219452,0.14806446705156948,0.19449095014075052,0.2836949418399694,0.19024077385256358,0.1720174340088136
S43A12T02,A12,0.44,0.14364546925880842,0.14246622853615212,0.19850593812180412,0.2938431024284449,0.19509932415087644,0.17056345989306396
S43A12T02,A12,0.45,0.1502346709639548,0.1424239653975485,0.21164280446948908,0.2950520329851142,0.20182566949647981,0.17378251764101108
S43A12T02,A12,0.46,0.1593795025799271,0.14682648256039582,0.23207717351047905,0.2891095795163385,0.21004625087991557,0.18074000087991557
S43A12T02,A12,0.47000000000000003,0.16852433419589943,0.15122899972324316,0.252511542551469,0.28316712604756283,0.21826683226335136,0.1876974841188201
S43A12T02,A12,0.48,0.1776691658118717,0.15563151688609048,0.27294591159245885,0.2772246725787872,0.22648741364678707,0.19465496735772456
S43A12T02,A12,0.49,0.18681399742784402,0.1600340340489378,0.2933802806334488,0.2712822191100115,0.23470799503022285,0.20161245059662908
S43A12T02,A12,0.5,0.19595882904381634,0.16443655121178513,0.31381464967443873,0.26533976564123585,0.24292857641365861,0.20856993383553357
S43A12T02,A12,0.51,0.19587139083317,0.18122127852848258,0.31944708399907873,0.2859570571436102,0.2528412814201316,0.20794982634200662
S43A12T02,A12,0.52,0.19578395262252365,0.19800600584518002,0.32507951832371873,0.30657434864598454,0.2627539864266046,0.20732971884847967
S43A12T02,A12,0.53,0.19569651441187733,0.21479073316187747,0.33071195264835873,0.3271916401483589,0.2726666914330776,0.20670961135495275
S43A12T02,A12,0.54,0.19560907620123097,0.2315754604785749,0.33634438697299873,0.34780893165073323,0.2825793964395506,0.2060895038614258
S43A12T02,A12,0.55,0.19552163799058464,0.24836018779527233,0.34197682129763873,0.3684262231531076,0.29249210144602356,0.20546939636789885
S43A12T02,A12,0.56,0.19748527411343134,0.2647914630782753,0.3550858090992067,0.37314121315194093,0.30967356511505895,0.18051982976349645
S43A12T02,A12,0.5700000000000001,0.20201275315314435,0.28078092331916016,0.3775404887469344,0.35797832627134835,0.33594097711229715,0.12515843927050005
S43A12T02,A12,0.58,0.20654023219285728,0.29677038356004487,0.3999951683946619,0.34281543939075587,0.36220838910953507,0.06979704877750426
S43A12T02,A12,0.59,0.21106771123257026,0.31275984380092975,0.42244984804238966,0.3276525525101633,0.38847580110677327,0.014435658284507852
S43A12T02,A12,0.6,0.21559519027228324,0.32874930404181457,0.4449045276901174,0.31248966562957065,0.41474321310401147,-0.04092573220848855
S43A12T02,A12,0.61,0.22012266931199626,0.34473876428269945,0.46735920733784514,0.29732677874897806,0.44101062510124966,-0.09628712270148498
S43A12T02,A12,0.62,0.23065017957786488,0.3373729920778648,0.4886089913116349,0.29207903037413496,0.43568394329054444,-0.05778904254929886
S43A12T02,A12,0.63,0.24192769374700293,0.32708781581731533,0.5097081633261824,0.28807067431251054,0.4264079997538464,-0.007558528566465536
S43A12T02,A12,0.64,0.253205207916141,0.31680263955676585,0.5308073353407299,0.28406231825088607,0.41713205621714844,0.0426719854163678
S43A12T02,A12,0.65,0.264482722085279,0.3065174632962164,0.5519065073552774,0.28005396218926165,0.40785611268045047,0.09290249939920112
S43A12T02,A12,0.66,0.2757602362544171,0.2962322870356669,0.5730056793698248,0.2760456061276372,0.3985801691437525,0.14313301338203444
S43A12T02,A12,0.67,0.28611507564819727,0.2880702489880409,0.5880471823068224,0.28494823821502585,0.38974258134824763,0.1875893525884826
S43A12T02,A12,0.68,0.2946245654912619,0.28415448736626175,0.5909733470887207,0.3196728466004399,0.3817817050351289,0.22049734224216078
S43A12T02,A12,0.6900000000000001,0.3031340553343265,0.2802387257444826,0.5938995118706192,0.3543974549858539,0.3738208287220103,0.25340533189583897
S43A12T02,A12,0.7000000000000001,0.3116435451773912,0.27632296412270346,0.5968256766525175,0.38912206337126787,0.36585995240889163,0.2863133215495171
S43A12T02,A12,0.71,0.32015303502045567,0.2724072025009244,0.5997518414344158,0.42384667175668156,0.35789907609577304,0.31922131120319497
S43A12T02,A12,0.72,0.3286625248635203,0.26849144087914517,0.6026780062163142,0.4585712801420955,0.3499381997826544,0.3521293008568731
S43A12T02,A12,0.73,0.3313122796223907,0.2764650457356718,0.5941009150919335,0.49482936357826174,0.35642247879531386,0.35389820999648575
S43A12T02,A12,0.74,0.3322878243572056,0.287835612443143,0.5822371794229015,0.5315255827432143,0.36703394504391,0.34677023898922243
S43A12T02,A12,0.75,0.3332633690920205,0.29920617915061415,0.5703734437538696,0.5682218019081668,0.3776454112925061,0.3396422679819591
S43A12T02,A12,0.76,0.33423891382683535,0.3105767458580853,0.5585097080848377,0.6049180210731193,0.3882568775411023,0.3325142969746958
S43A12T02,A12,0.77,0.3352144585616503,0.3219473125655565,0.5466459724158057,0.6416142402380719,0.3988683437896984,0.32538632596743255
S43A12T02,A12,0.78,0.3367334145866361,0.33124012112960466,0.5361471401950889,0.6724244943210658,0.4081604699740072,0.3206707458529134
S43A12T02,A12,0.79,0.3401543101272199,0.33326077619167294,0.5304254700434748,0.6826338706172056,0.41283490593331074,0.3243985338629981
S43A12T02,A12,0.8,0.34357520566780375,0.33528143125374116,0.5247037998918609,0.6928432469133455,0.4175093418926143,0.3281263218730829
S43A12T02,A12,0.81,0.34699610120838764,0.33730208631580944,0.5189821297402468,0.7030526232094854,0.4221837778519178,0.3318541098831676
S43A12T02,A12,0.8200000000000001,0.3504169967489715,0.33932274137787766,0.5132604595886328,0.7132619995056253,0.42685821381122135,0.3355818978932523
S43A12T02,A12,0.8300000000000001,0.3538378922895553,0.34134339643994593,0.5075387894370187,0.7234713758017651,0.4315326497705249,0.3393096859033371
S43A12T02,A12,0.84,0.34707073116072007,0.3745380480552516,0.4925014033802873,0.748225117979897,0.4636806098301833,0.28188431832627614
S43A12T02,A12,0.85,0.33520954169717543,0.4233196979471757,0.47280615937099724,0.7802510430990249,0.5095653319400189,0.19388237295564298
S43A12T02,A12,0.86,0.3233483522336308,0.4721013478390999,0.45311091536170717,0.8122769682181528,0.5554500540498544,0.10588042758500979
S43A12T02,A12,0.87,0.31148716277008615,0.5208829977310241,0.4334156713524171,0.8443028933372807,0.60133477615969,0.0178784822143766
S43A12T02,A12,0.88,0.2996259733065415,0.5696646476229482,0.413720427343127,0.8763288184564086,0.6472194982695256,-0.07012346315625656
S43A12T02,A12,0.89,0.28960031217388965,0.6127336031895148,0.396242105990911,0.9042316402926688,0.6873562711720548,-0.1474943562693515
S43A12T02,A12,0.9,0.2942588776883793,0.610101004153223,0.3964991658952862,0.8991496358659894,0.6815094504161356,-0.13981683132214565
S43A12T02,A12,0.91,0.2989174432028689,0.6074684051169313,0.3967562257996615,0.89406763143931,0.6756626296602164,-0.13213930637493976
S43A12T02,A12,0.92,0.3035760087173585,0.6048358060806397,0.39701328570403677,0.8889856270126306,0.6698158089042973,-0.12446178142773387
S43A12T02,A12,0.93,0.30823457423184814,0.602203207044348,0.39727034560841207,0.8839036225859512,0.6639689881483781,-0.11678425648052798
S43A12T02,A12,0.9400000000000001,0.31289313974633776,0.5995706080080564,0.3975274055127873,0.8788216181592717,0.658122167392459,-0.10910673153332211
S43A12T02,A12,0.9500000000000001,0.31473338668459994,0.5978381962549123,0.3970359835541558,0.8754216662323786,0.6552033101280857,-0.1036626688758204
S43A12T02,A12,0.96,0.31431897876188014,0.5968259343282863,0.395945776105119,0.8733673563053145,0.6546268236569491,-0.100005376050082
S43A12T02,A12,0.97,0.3139045708391604,0.5958136724016604,0.3948555686560821,0.8713130463782502,0.6540503371858125,-0.09634808322434357
S43A12T02,A12,0.98,0.31349016291644066,0.5948014104750343,0.39376536120704525,0.869258736451186,0.653473850714676,-0.09269079039860513
S43A12T02,A12,0.99,0.31307575499372087,0.5937891485484084,0.39267515375800843,0.8672044265241219,0.6528973642435394,-0.08903349757286669
S43A12T02,A12,1.0,0.31266134707100113,0.5927768866217824,0.39158494630897156,0.8651501165970577,0.6523208777724028,-0.08537620474712826
S43A12T03,A12,0.0,0.0,0.0,0.0,0.0,0.0,0.0
S43A12T03,A12,0.01,0.00421319783944682,0.00518836385507182,0.0060472376909276185,0.008218556050302635,0.004851691035882411,0.005123116817132356
S43A12T03,A12,0.02,0.00842639567889364,0.01037672771014364,0.012094475381855237,0.01643711210060527,0.009703382071764821,0.010246233634264712
S43A12T03,A12,0.03,0.012639593518340462,0.015565091565215461,0.018141713072782853,0.024655668150907903,0.014555073107647231,0.015369350451397068
S43A12T03,A12,0.04,0.01685279135778728,0.02075345542028728,0.024188950763710474,0.03287422420121054,0.019406764143529643,0.020492467268529425
S43A12T03,A12,0.05,0.021065989197234104,0.0259418192753591,0.03023618845463809,0.041092780251513174,0.024258455179412053,0.02561558408566178
S43A12T03,A12,0.06,0.025279187036680924,0.031130183130430922,0.036283426145565706,0.049311336301815806,0.029110146215294463,0.030738700902794135
S43A12T03,A12,0.07,0.0341005863584976,0.02980655559677883,0.04622460940359684,0.04909843020437818,0.03763347818487557,0.02712992349737524
S43A12T03,A12,0.08,0.044458052841104226,0.02631226426688544,0.05746377451732913,0.04607503672436047,0.04738069046568956,0.020610514684439262
S43A12T03,A12,0.09,0.05481551932371084,0.022817972936992045,0.06870293963106143,0.043051643244342755,0.057127902746503555,0.014091105871503286
S43A12T03,A12,0.1,0.06517298580631747,0.01932368160709865,0.07994210474479374,0.040028249764325036,0.06687511502731756,0.0075716970585673025
S43A12T03,A12,0.11,0.0755304522889241,0.01582939027720526,0.09118126985852602,0.03700485628430733,0.07662232730813155,0.0010522882456313262
S43A12T03,A12,0.12,0.08588791877153072,0.012335098947311867,0.10242043497225832,0.03398146280428962,0.08636953958894555,-0.005467120567304647
S43A12T03,A12,0.13,0.09093556703326568,0.020153801896546825,0.11052664248388892,0.04072512637060772,0.0912451362226242,-0.0013232280351884928
S43A12T03,A12,0.14,0.09067339707412897,0.03928549912491014,0.11549989239341785,0.05723584698326163,0.0912491172091675,0.013483965841979802
S43A12T03,A12,0.15,0.09041122711499225,0.058417196353273394,0.12047314230294674,0.0737465675959155,0.09125309819571079,0.028291159719148057
S43A12T03,A12,0.16,0.09014905715585554,0.0775488935816367,0.12544639221247567,0.09025728820856943,0.09125707918225409,0.04309835359631635
S43A12T03,A12,0.17,0.08988688719671883,0.09668059081000001,0.13041964212200458,0.10676800882122334,0.09126106016879738,0.05790554747348464
S43A12T03,A12,0.18,0.08962471723758211,0.11581228803836327,0.13539289203153346,0.1232787294338772,0.09126504115534068,0.07271274135065289
S43A12T03,A12,0.19,0.09202115634260272,0.13102226962385266,0.14210820764146664,0.13572345666490415,0.09556793424465343,0.07768213834621564
S43A12T03,A12,0.2,0.1023934226400953,0.13446710428072023,0.15404972035261263,0.13597020375105012,0.1127675636422745,0.053138144696961716
S43A12T03,A12,0.21,0.11276568893758783,0.1379119389375878,0.1659912330637586,0.13621695083719612,0.1299671930398955,0.028594151047707864
S43A12T03,A12,0.22,0.12313795523508039,0.14135677359445536,0.1779327457749046,0.13646369792334212,0.14716682243751658,0.004050157398453935
S43A12T03,A12,0.23,0.13351022153257297,0.14480160825132293,0.18987425848605058,0.13671044500948812,0.16436645183513765,-0.02049383625079998
S43A12T03,A12,0.24,0.1438824878300655,0.1482464429081905,0.20181577119719654,0.1369571920956341,0.18156608123275866,-0.04503782990005384
S43A12T03,A12,0.25,0.15425475412755807,0.15169127756505807,0.21375728390834253,0.1372039391817801,0.19876571063037973,-0.06958182354930775
S43A12T03,A12,0.26,0.1590301493977278,0.15440432908522778,0.2186898476863103,0.16061094631912287,0.19777130826897243,-0.047486264973215064
S43A12T03,A12,0.27,0.16380554466789754,0.1571173806053975,0.22362241146427808,0.18401795345646565,0.19677690590756514,-0.02539070639712237
S43A12T03,A12,0.28,0.16858093993806725,0.15983043212556722,0.22855497524224586,0.20742496059380847,0.19578250354615784,-0.003295147821029687
S43A12T03,A12,0.29,0.17335633520823696,0.16254348364573692,0.23348753902021357,0.2308319677311511,0.19478810118475054,0.01880041075506289
S43A12T03,A12,0.3,0.1781317304784067,0.16525653516590663,0.23842010279818135,0.2542389748684939,0.19379369882334324,0.04089596933115558
S43A12T03,A12,0.31,0.18290712574857643,0.16796958668607634,0.24335266657614912,0.2776459820058367,0.19279929646193594,0.06299152790724827
S43A12T03,A12,0.32,0.17983153755246423,0.19309883491574542,0.2474345761011709,0.29709564665781163,0.19867598218539617,0.06967951245883347
S43A12T03,A12,0.33,0.1741389548675914,0.22570014871524763,0.251232934208544,0.3152261971479972,0.20684303060381226,0.0712316390022495
S43A12T03,A12,0.34,0.16844637218271857,0.25830146251474984,0.25503129231591704,0.3333567476381828,0.21501007902222832,0.07278376554566554
S43A12T03,A12,0.35000000000000003,0.16275378949784575,0.290902776314252,0.25882965042329015,0.35148729812836843,0.22317712744064439,0.07433589208908159
S43A12T03,A12,0.36,0.15706120681297298,0.32350409011375403,0.2626280085306632,0.3696178486185539,0.2313441758590604,0.07588801863249761
S43A12T03,A12,0.37,0.15136862412810015,0.3561054039132562,0.2664263666380363,0.3877483991087395,0.23951122427747645,0.07744014517591365
S43A12T03,A12,0.38,0.15676672776324063,0.3662669694624592,0.27234086788959144,0.40081442379779464,0.24848552614435535,0.07398015993341753
S43A12T03,A12,0.39,0.1732555177183944,0.353988786761363,0.2803715122853287,0.40881592268571937,0.25826708145969707,0.06550806290500923
S43A12T03,A12,0.4,0.1897443076735482,0.34171060406026676,0.28840215668106595,0.4168174215736441,0.26804863677503876,0.05703596587660094
S43A12T03,A12,0.41000000000000003,0.20623309762870196,0.32943242135917056,0.29643280107680314,0.42481892046156877,0.2778301920903805,0.04856386884819265
S43A12T03,A12,0.42,0.22272188758385567,0.3171542386580744,0.30446344547254034,0.43282041934949345,0.28761174740572215,0.0400917718197844
S43A12T03,A12,0.43,0.23921067753900943,0.3048760559569782,0.31249408986827754,0.4408219182374181,0.2973933027210639,0.03161967479137611
S43A12T03,A12,0.44,0.2519897744435424,0.29688104885760486,0.31898660785329574,0.44850083881032693,0.3053940186858791,0.027211416146816332
S43A12T03,A12,0.45,0.2536397921962129,0.3017355685634004,0.32086474660615666,0.45521202443818787,0.3080522165991149,0.0349946726538021
S43A12T03,A12,0.46,0.25528980994888345,0.3065900882691959,0.3227428853590176,0.4619232100660488,0.3107104145123507,0.042777929160787875
S43A12T03,A12,0.47000000000000003,0.256939827701554,0.31144460797499146,0.3246210241118785,0.46863439569390974,0.3133686124255865,0.05056118566777365
S43A12T03,A12,0.48,0.2585898454542245,0.31629912768078694,0.3264991628647394,0.4753455813217707,0.3160268103388223,0.05834444217475938
S43A12T03,A12,0.49,0.260239863206895,0.3211536473865825,0.3283773016176003,0.4820567669496316,0.3186850082520581,0.06612769868174515
S43A12T03,A12,0.5,0.26188988095956556,0.326008167092378,0.33025544037046123,0.48876795257749256,0.3213432061652939,0.07391095518873092
S43A12T03,A12,0.51,0.26495218295613515,0.33387508822957257,0.3309829145987936,0.49520933305582493,0.3232044141773186,0.08045521007575572
S43A12T03,A12,0.52,0.26801448495270475,0.3417420093667672,0.331710388827126,0.5016507135341574,0.3250656221893433,0.08699946496278052
S43A12T03,A12,0.53,0.27107678694927434,0.34960893050396175,0.33243786305545836,0.5080920940124897,0.326926830201368,0.0935437198498053
S43A12T03,A12,0.54,0.27413908894584393,0.35747585164115636,0.3331653372837907,0.5145334744908221,0.3287880382133927,0.10008797473683011
S43A12T03,A12,0.55,0.27720139094241353,0.3653427727783509,0.3338928115121231,0.5209748549691544,0.3306492462254174,0.10663222962385491
S43A12T03,A12,0.56,0.2802636929389831,0.3732096939155455,0.3346202857404555,0.5274162354474868,0.33251045423744213,0.11317648451087971
S43A12T03,A12,0.5700000000000001,0.2783992242604456,0.3952328619557582,0.32392976483195074,0.5537239591678886,0.34976091159258405,0.08939026706133373
S43A12T03,A12,0.58,0.2748924986902058,0.4219747789636431,0.30943324554450063,0.5866537973023129,0.37214111872876465,0.05549389216626483
S43A12T03,A12,0.59,0.271385773119966,0.44871669597152836,0.2949367262570503,0.6195836354367377,0.39452132586494554,0.02159751727119555
S43A12T03,A12,0.6,0.2678790475497262,0.47545861297941355,0.28044020696960004,0.6525134735711624,0.4169015330011264,-0.012298857623873727
S43A12T03,A12,0.61,0.26437232197948635,0.5022005299872988,0.2659436876821497,0.6854433117055871,0.43928174013730725,-0.046195232518943
S43A12T03,A12,0.62,0.2608655964092465,0.528942446995184,0.25144716839469944,0.7183731498400119,0.4616619472734881,-0.08009160741401228
S43A12T03,A12,0.63,0.26028537993357187,0.543158690480447,0.2446411932168836,0.7339737719522351,0.4735414119814186,-0.09505023840920686
S43A12T03,A12,0.64,0.26263167255246245,0.5448492604430875,0.24552576214870228,0.732245178042257,0.4749201342610987,-0.09107112550452676
S43A12T03,A12,0.65,0.264977965171353,0.5465398304057281,0.24641033108052096,0.7305165841322787,0.4762988565407788,-0.08709201259984665
S43A12T03,A12,0.66,0.2673242577902436,0.5482304003683686,0.2472949000123396,0.7287879902223006,0.4776775788204589,-0.08311289969516657
S43A12T03,A12,0.67,0.2696705504091341,0.5499209703310092,0.2481794689441583,0.7270593963123223,0.479056301100139,-0.07913378679048647
S43A12T03,A12,0.68,0.2720168430280247,0.5516115402936497,0.24906403787597697,0.7253308024023442,0.48043502337981914,-0.07515467388580638
S43A12T03,A12,0.6900000000000001,0.27291112807349066,0.5551166114719283,0.25012311945471977,0.7237791070035479,0.4800416868000561,-0.07002058859056931
S43A12T03,A12,0.7000000000000001,0.269449390398683,0.5640651862971205,0.2517057389742348,0.7227581071382974,0.47433217364196384,-0.06142158612366145
S43A12T03,A12,0.71,0.2659876527238753,0.5730137611223127,0.2532883584937499,0.7217371072730469,0.4686226604838717,-0.05282258365675369
S43A12T03,A12,0.72,0.2625259150490676,0.581962335947505,0.254870978013265,0.7207161074077963,0.46291314732577943,-0.04422358118984583
S43A12T03,A12,0.73,0.25906417737425985,0.5909109107726973,0.2564535975327801,0.7196951075425457,0.45720363416768717,-0.03562457872293798
S43A12T03,A12,0.74,0.2556024396994522,0.5998594855978896,0.2580362170522952,0.7186741076772952,0.4514941210095949,-0.027025576256030123
S43A12T03,A12,0.75,0.25214070202464445,0.6088080604230819,0.2596188365718103,0.7176531078120447,0.44578460785150265,-0.01842657378912227
S43A12T03,A12,0.76,0.25590247858323745,0.6082508916691749,0.2570636184225595,0.7113722353659189,0.44428034509459496,-0.004054762327280029
S43A12T03,A12,0.77,0.2596642551418304,0.6076937229152679,0.2545084002733087,0.7050913629197931,0.4427760823376873,0.01031704913456221
S43A12T03,A12,0.78,0.2634260317004234,0.6071365541613609,0.2519531821240579,0.6988104904736673,0.44127181958077955,0.024688860596404454
S43A12T03,A12,0.79,0.2671878082590164,0.6065793854074538,0.2493979639748071,0.6925296180275415,0.43976755682387186,0.03906067205824669
S43A12T03,A12,0.8,0.27094958481760933,0.6060222166535468,0.24684274582555632,0.6862487455814157,0.4382632940669642,0.05343248352008893
S43A12T03,A12,0.81,0.27471136137620233,0.6054650478996398,0.24428752767630552,0.67996787313529,0.4367590313100565,0.06780429498193118
S43A12T03,A12,0.8200000000000001,0.2724848846130907,0.6061574187927783,0.2379038342699817,0.6878089523730092,0.4320726568185592,0.07895217342012141
S43A12T03,A12,0.8300000000000001,0.26826232340941103,0.6072663029015986,0.2302439824446336,0.7003573488386767,0.42632557841553215,0.08902540751709434
S43A12T03,A12,0.84,0.26403976220573133,0.6083751870104188,0.22258413061928556,0.7129057453043441,0.42057850001250513,0.09909864161406717
S43A12T03,A12,0.85,0.2598172010020516,0.6094840711192391,0.21492427879393744,0.7254541417700117,0.41483142160947806,0.1091718757110401
S43A12T03,A12,0.86,0.2555946397983719,0.6105929552280593,0.20726442696858932,0.7380025382356792,0.409084343206451,0.11924510980801303
S43A12T03,A12,0.87,0.2513720785946921,0.6117018393368796,0.1996045751432412,0.7505509347013466,0.4033372648034239,0.12931834390498598
S43A12T03,A12,0.88,0.25063787710934216,0.6065551476171546,0.19361609107036162,0.7631332935239749,0.3991305562593558,0.14840711875935542
S43A12T03,A12,0.89,0.25339203534232185,0.5951528800688842,0.18929897474995055,0.7757496147035639,0.3964642175742467,0.17651143437112138
S43A12T03,A12,0.9,0.25614619357530155,0.5837506125206139,0.18498185842953951,0.7883659358831528,0.39379787888913764,0.2046157499828873
S43A12T03,A12,0.91,0.25890035180828125,0.5723483449723437,0.18066474210912847,0.8009822570627418,0.39113154020402857,0.23272006559465325
S43A12T03,A12,0.92,0.261654510041261,0.5609460774240733,0.1763476257887174,0.8135985782423308,0.38846520151891945,0.2608243812064192
S43A12T03,A12,0.93,0.2644086682742407,0.549543809875803,0.17203050946830636,0.8262148994219198,0.3857988628338104,0.28892869681818517
S43A12T03,A12,0.9400000000000001,0.26736669941792257,0.538477517289016,0.16881125698510666,0.8375994931263115,0.3843545840059007,0.31202284816605663
S43A12T03,A12,0.9500000000000001,0.27093634929371097,0.5284191495866795,0.16888559601354086,0.845288904405112,0.38657648474958917,0.32008650672224515
S43A12T03,A12,0.96,0.2745059991694993,0.518360781884343,0.16895993504197504,0.8529783156839124,0.3887983854932776,0.32815016527843355
S43A12T03,A12,0.97,0.2780756490452877,0.5083024141820064,0.16903427407040925,0.8606677269627128,0.3910202862369661,0.33621382383462206
S43A12T03,A12,0.98,0.28164529892107604,0.49824404647966974,0.16910861309884345,0.8683571382415132,0.39324218698065455,0.3442774823908106
S43A12T03,A12,0.99,0.28521494879686443,0.4881856787773331,0.16918295212727766,0.8760465495203136,0.39546408772434305,0.3523411409469991
S43A12T03,A12,1.0,0.2887845986726528,0.4781273110749965,0.16925729115571186,0.883735960799114,0.3976859884680315,0.3604047995031876
S43A12T05,A12,0.0,0.0,0.0,0.0,0.0,0.0,0.0
S43A12T05,A12,0.01,0.0022003150532564275,0.005511704213412676,0.005513595797658624,0.005037970187307037,0.0028721721109396105,0.004478241446877132
S43A12T05,A12,0.02,0.004400630106512855,0.011023408426825351,0.011027191595317247,0.010075940374614074,0.005744344221879221,0.008956482893754263
S43A12T05,A12,0.03,0.006600945159769282,0.016535112640238027,0.016540787392975872,0.01511391056192111,0.008616516332818831,0.013434724340631393
S43A12T05,A12,0.04,0.00880126021302571,0.022046816853650703,0.022054383190634495,0.02015188074922815,0.011488688443758442,0.017912965787508527
S43A12T05,A12,0.05,0.011001575266282138,0.02755852106706338,0.02756797898829312,0.025189850936535186,0.014360860554698053,0.02239120723438566
S43A12T05,A12,0.06,0.012906403960039397,0.0334883912647269,0.03247301550053155,0.02993077551029705,0.017785882103926856,0.027239002221114462
S43A12T05,A12,0.07,0.014441874704422696,0.039940968942703985,0.03661735290599474,0.034300393067127455,0.021901965451017157,0.032548739132657864
S43A12T05,A12,0.08,0.015977345448805993,0.046393546620681056,0.04076169031145793,0.03867001062395785,0.02601804879810745,0.037858476044201256
S43A12T05,A12,0.09,0.01751281619318929,0.05284612429865813,0.04490602771692112,0.04303962818078824,0.030134132145197744,0.04316821295574465
S43A12T05,A12,0.1,0.01904828693757259,0.05929870197663521,0.04905036512238431,0.04740924573761865,0.034250215492288044,0.04847794986728804
S43A12T05,A12,0.11,0.02058375768195589,0.06575127965461228,0.0531947025278475,0.05177886329444904,0.03836629883937834,0.05378768677883143
S43A12T05,A12,0.12,0.024884510066025323,0.06887728350352545,0.05951406129784758,0.05704810670800382,0.042201444181136714,0.06123364388816791
S43A12T05,A12,0.13,0.029530922655055532,0.07158746562380564,0.06610529773841477,0.06242980335364916,0.0460014722722286,0.06894662852222852
S43A12T05,A12,0.14,0.034177335244085734,0.07429764774408583,0.07269653417898196,0.06781149999929449,0.0498015003633205,0.07665961315628914
S43A12T05,A12,0.15,0.03882374783311593,0.07700782986436601,0.07928777061954914,0.07319319664493981,0.05360152845441237,0.08437259779034974
S43A12T05,A12,0.16,0.04347016042214613,0.07971801198464619,0.08587900706011634,0.07857489329058515,0.05740155654550426,0.09208558242441035
S43A12T05,A12,0.17,0.04796159825704482,0.08341240636251361,0.09189291014307137,0.08547981321924333,0.06165932962462306,0.098348627720326
S43A12T05,A12,0.18,0.05214308658368043,0.08907522525555546,0.09675214651080206,0.09543117971392714,0.06683259267979566,0.10171179433995174
S43A12T05,A12,0.19,0.056324574910316054,0.09473804414859732,0.10161138287853277,0.10538254620861097,0.07200585573496826,0.1050749609595775
S43A12T05,A12,0.2,0.06050606323695168,0.10040086304163919,0.1064706192462635,0.1153339127032948,0.07717911879014086,0.10843812757920324
S43A12T05,A12,0.21,0.0646875515635873,0.10606368193468103,0.1113298556139942,0.1252852791979786,0.08235238184531346,0.11180129419882898
S43A12T05,A12,0.22,0.06886903989022292,0.1117265008277229,0.1161890919817249,0.13523664569266244,0.08752564490048606,0.11516446081845473
S43A12T05,A12,0.23,0.07414681792333865,0.11437974883154173,0.12467757873717863,0.14045540283385832,0.09364688726803261,0.11876619879147003
S43A12T05,A12,0.24,0.07973782158687724,0.11617311943843969,0.13420299417483889,0.14432198587405765,0.10003898086768596,0.12243610000831091
S43A12T05,A12,0.25,0.08532882525041585,0.11796649004533766,0.14372840961249916,0.14818856891425697,0.10643107446733935,0.1261060012251518
S43A12T05,A12,0.26,0.09091982891395446,0.11975986065223562,0.15325382505015944,0.1520551519544563,0.11282316806699272,0.1297759024419927
S43A12T05,A12,0.27,0.09651083257749307,0.12155323125913359,0.16277924048781975,0.15592173499465561,0.1192152616666461,0.1334458036588336
S43A12T05,A12,0.28,0.10049736920559438,0.12927579449856308,0.17363067802899793,0.1550306279801697,0.12799762834604322,0.1283862343030744
S43A12T05,A12,0.29,0.09886827120966518,0.1577505319518525,0.1891231929324887,0.1374876057742856,0.14514595080454323,0.0927735179432152
S43A12T05,A12,0.3,0.09723917321373597,0.1862252694051421,0.20461570783597954,0.1199445835684014,0.16229427326304335,0.05716080158335583
S43A12T05,A12,0.31,0.09561007521780675,0.2147000068584317,0.2201082227394704,0.10240156136251721,0.17944259572154347,0.021548085223496466
S43A12T05,A12,0.32,0.09398097722187754,0.2431747443117213,0.23560073764296124,0.08485853915663302,0.1965909181800436,-0.014064631136362915
S43A12T05,A12,0.33,0.09235187922594833,0.2716494817650109,0.2510932525464521,0.06731551695074882,0.21373924063854371,-0.04967734749622227
S43A12T05,A12,0.34,0.09949786823452891,0.26945115192593505,0.25691788128190224,0.0839013712721367,0.21642347996839467,-0.03804123926988657
S43A12T05,A12,0.35000000000000003,0.11103140074536433,0.2519162884406767,0.2579085669333321,0.11755166385716034,0.2118756777339212,-0.0027807187504537006
S43A12T05,A12,0.36,0.12256493325619969,0.23438142495541842,0.25889925258476193,0.15120195644218382,0.20732787549944776,0.032479801768978966
S43A12T05,A12,0.37,0.1340984657670351,0.21684656147016007,0.2598899382361918,0.18485224902720743,0.2027800732649743,0.06774032228841184
S43A12T05,A12,0.38,0.14563199827787052,0.1993116979849017,0.2608806238876216,0.21850254161223107,0.19823227103050084,0.10300084280784469
S43A12T05,A12,0.39,0.15634951742639558,0.18472706869592692,0.26323490415217915,0.2485329870379212,0.19511897143680235,0.1344361979993023
S43A12T05,A12,0.4,0.160538929676438,0.19374431297721936,0.27649794132175765,0.24960465518894503,0.20348169296930319,0.13527023056695936
S43A12T05,A12,0.41000000000000003,0.16472834192648048,0.2027615572585118,0.2897609784913362,0.25067632333996887,0.211844414501804,0.13610426313461643
S43A12T05,A12,0.42,0.16891775417652288,0.2117788015398042,0.30302401566091464,0.2517479914909927,0.22020713603430475,0.1369382957022735
S43A12T05,A12,0.43,0.17310716642656535,0.22079604582109663,0.31628705283049313,0.2528196596420165,0.2285698575668056,0.13777232826993058
S43A12T05,A12,0.44,0.1772965786766078,0.22981329010238905,0.3295500900000717,0.25389132779304036,0.2369325790993064,0.13860636083758768
S43A12T05,A12,0.45,0.18312224373541866,0.23484652962409053,0.3388915527581028,0.2659464386223606,0.24312939321068414,0.14535922109154356
S43A12T05,A12,0.46,0.19025691104124423,0.23669256533811925,0.345095755986896,0.2867883035943179,0.24759348138516343,0.1568471434945385
S43A12T05,A12,0.47000000000000003,0.1973915783470698,0.23853860105214797,0.3512999592156892,0.3076301685662752,0.25205756955964276,0.1683350658975334
S43A12T05,A12,0.48,0.20452624565289534,0.24038463676617666,0.35750416244448235,0.3284720335382324,0.25652165773412205,0.17982298830052823
S43A12T05,A12,0.49,0.21166091295872091,0.24223067248020538,0.3637083656732756,0.3493138985101897,0.26098574590860135,0.19131091070352313
S43A12T05,A12,0.5,0.21879558026454649,0.2440767081942341,0.3699125689020688,0.37015576348214696,0.26544983408308065,0.20279883310651803
S43A12T05,A12,0.51,0.21747065482804281,0.2680414202089023,0.3788976504514443,0.3788891317746865,0.2787088024216869,0.18827793694317113
S43A12T05,A12,0.52,0.21614572939153914,0.2920061322235705,0.38788273200081985,0.3876225000672261,0.2919677707602931,0.17375704077982423
S43A12T05,A12,0.53,0.21482080395503547,0.3159708442382387,0.39686781355019535,0.3963558683597656,0.30522673909889936,0.15923614461647734
S43A12T05,A12,0.54,0.2134958785185318,0.3399355562529069,0.4058528950995709,0.4050892366523052,0.3184857074375056,0.14471524845313044
S43A12T05,A12,0.55,0.21217095308202813,0.3639002682675751,0.4148379766489464,0.41382260494484474,0.3317446757761118,0.13019435228978354
S43A12T05,A12,0.56,0.21709066883748587,0.36876092518514203,0.42797892352853306,0.4161731959894704,0.339279314162386,0.12870722676004223
S43A12T05,A12,0.5700000000000001,0.22981618608289534,0.3497415132313327,0.44631470207088364,0.4105453154742037,0.33965854010824525,0.14351231452230775
S43A12T05,A12,0.58,0.24254170332830463,0.3307221012775235,0.464650480613234,0.4049174349589371,0.34003776605410446,0.1583174022845731
S43A12T05,A12,0.59,0.2552672205737141,0.31170268932371414,0.4829862591555846,0.3992895544436704,0.34041699199996367,0.17312249004683863
S43A12T05,A12,0.6,0.2679927378191235,0.29268327736990474,0.5013220376979352,0.3936616739284038,0.34079621794582293,0.18792757780910413
S43A12T05,A12,0.61,0.28071825506453296,0.2736638654160954,0.5196578162402857,0.3880337934131371,0.34117544389168214,0.20273266557136965
S43A12T05,A12,0.62,0.2828093765210222,0.2927663760327412,0.5457515188036147,0.3595169863329113,0.3516971171949591,0.19974693897230272
S43A12T05,A12,0.63,0.28357119850389656,0.3166341269706936,0.572814961869566,0.32813906343206567,0.36348659641791325,0.19453736057806936
S43A12T05,A12,0.64,0.2843330204867709,0.34050187790864606,0.5998784049355173,0.2967611405312201,0.3752760756408674,0.18932778218383597
S43A12T05,A12,0.65,0.28509484246964517,0.3643696288465985,0.6269418480014686,0.26538321763037453,0.38706555486382155,0.18411820378960259
S43A12T05,A12,0.66,0.2858566644525195,0.3882373797845509,0.6540052910674199,0.2340052947295289,0.3988550340867757,0.1789086253953692
S43A12T05,A12,0.67,0.2881817455812983,0.40579958249536074,0.6596941952354366,0.23934409941024223,0.4091727058047852,0.17158548412509747
S43A12T05,A12,0.68,0.29363334500188576,0.4107506887518858,0.6226340216075855,0.3181163592540709,0.4165467625129057,0.16003521710274918
S43A12T05,A12,0.6900000000000001,0.29908494442247324,0.4157017950084108,0.5855738479797346,0.3968886190978996,0.42392081922102615,0.1484849500804009
S43A12T05,A12,0.7000000000000001,0.3045365438430608,0.4206529012649359,0.5485136743518835,0.47566087894172826,0.4312948759291466,0.13693468305805262
S43A12T05,A12,0.71,0.3099881432636482,0.4256040075214608,0.5114535007240328,0.5544331387855561,0.43866893263726703,0.12538441603570447
S43A12T05,A12,0.72,0.31543974268423575,0.4305551137779859,0.47439332709618187,0.6332053986293847,0.4460429893453875,0.11383414901335617
S43A12T05,A12,0.73,0.3195860435890293,0.4357300096534826,0.4633529179410311,0.657483328097281,0.45045396394232634,0.12189245027045133
S43A12T05,A12,0.74,0.32335940206073893,0.44096884542011405,0.4597467272066519,0.6661914488863394,0.4540183436503562,0.13555319960738751
S43A12T05,A12,0.75,0.32713276053244855,0.4462076811867455,0.4561405364722727,0.6748995696753977,0.457582723358386,0.1492139489443237
S43A12T05,A12,0.76,0.3309061190041582,0.45144651695337695,0.4525343457378935,0.683607690464456,0.4611471030664159,0.16287469828125986
S43A12T05,A12,0.77,0.3346794774758678,0.45668535272000843,0.4489281550035143,0.6923158112535144,0.4647114827744457,0.17653544761819603
S43A12T05,A12,0.78,0.3377724030546439,0.46234029123823767,0.44508467430099863,0.7025889284513895,0.467818792562302,0.18972077254277114
S43A12T05,A12,0.79,0.33848381350815276,0.46945158938705905,0.4404106787100053,0.7183395330801228,0.4693263576295511,0.2012421120240827
S43A12T05,A12,0.8,0.3391952239616617,0.4765628875358804,0.435736683119012,0.734090137708856,0.47083392269680024,0.21276345150539427
S43A12T05,A12,0.81,0.33990663441517055,0.4836741856847018,0.4310626875280187,0.7498407423375893,0.4723414877640494,0.22428479098670584
S43A12T05,A12,0.8200000000000001,0.3406180448686794,0.49078548383352316,0.4263886919370254,0.7655913469663226,0.47384905283129847,0.2358061304680174
S43A12T05,A12,0.8300000000000001,0.34132945532218834,0.49789678198234455,0.4217146963460321,0.7813419515950558,0.4753566178985476,0.24732746994932897
S43A12T05,A12,0.84,0.3424704428700159,0.4982970493153283,0.41793873217168387,0.7912838279968792,0.4746362490699992,0.2548584194801554
S43A12T05,A12,0.85,0.34382621896500287,0.4953418012403934,0.41461178370565804,0.7983213402852479,0.472801913293552,0.2603941740357396
S43A12T05,A12,0.86,0.3451819950599898,0.4923865531654585,0.4112848352396322,0.8053588525736166,0.47096757751710483,0.26592992859132375
S43A12T05,A12,0.87,0.34653777115497675,0.48943130509052357,0.4079578867736064,0.8123963648619853,0.4691332417406577,0.2714656831469079
S43A12T05,A12,0.88,0.3478935472499637,0.48647605701558866,0.40463093830758057,0.819433877150354,0.46729890596421053,0.277001437702492
S43A12T05,A12,0.89,0.3490986815566187,0.48384916983786874,0.4016736507822243,0.825689443628904,0.4656683852740353,0.2819221084185668
S43A12T05,A12,0.9,0.3490986815566187,0.48384916983786874,0.4016736507822243,0.825689443628904,0.4656683852740353,0.2819221084185668
S43A12T05,A12,0.91,0.3490986815566187,0.48384916983786874,0.4016736507822243,0.825689443628904,0.4656683852740353,0.2819221084185668
S43A12T05,A12,0.92,0.3490986815566187,0.48384916983786874,0.4016736507822243,0.825689443628904,0.4656683852740353,0.2819221084185668
S43A12T05,A12,0.93,0.3490986815566187,0.48384916983786874,0.4016736507822243,0.825689443628904,0.4656683852740353,0.2819221084185668
S43A12T05,A12,0.9400000000000001,0.3490986815566187,0.48384916983786874,0.4016736507822243,0.825689443628904,0.4656683852740353,0.2819221084185668
S43A12T05,A12,0.9500000000000001,0.348539431916888,0.4866850434891537,0.3981589442381227,0.8312151652464236,0.4648873812197148,0.28683607506737135
S43A12T05,A12,0.96,0.34753278256537284,0.49178961606146654,0.39183247245874,0.8411614641579587,0.46348157392193795,0.2956812150352194
S43A12T05,A12,0.97,0.3465261332138576,0.49689418863377943,0.3855060006793572,0.8511077630694939,0.46207576662416106,0.3045263550030675
S43A12T05,A12,0.98,0.3455194838623424,0.5019987612060923,0.3791795288999744,0.8610540619810291,0.46066995932638416,0.3133714949709156
S43A12T05,A12,0.99,0.3445128345108272,0.5071033337784052,0.37285305712059164,0.8710003608925643,0.4592641520286073,0.32221663493876374
S43A12T05,A12,1.0,0.34350618515931197,0.5122079063507181,0.36652658534120885,0.8809466598040995,0.4578583447308304,0.3310617749066118
S43A13T01,A13,0.0,0.0,0.0,0.0,0.0,0.0,0.0
S43A13T01,A13,0.01,-0.002823033509324569,-0.003847825188706892,0.0006989994177339995,0.001474582608651983,-0.0014121969684677406,0.0006532546916884786
S43A13T01,A13,0.02,-0.005646067018649138,-0.007695650377413784,0.001397998835467999,0.002949165217303966,-0.002824393936935481,0.001306509383376957
S43A13T01,A13,0.03,-0.008469100527973707,-0.011543475566120676,0.0020969982532019985,0.004423747825955949,-0.004236590905403221,0.0019597640750654353
S43A13T01,A13,0.04,-0.011292134037298276,-0.015391300754827569,0.002795997670935998,0.005898330434607932,-0.005648787873870962,0.002613018766753914
S43A13T01,A13,0.05,-0.014654427823891912,-0.019915913877358707,0.0042805137156877275,0.007849507856312783,-0.007793566089344162,-0.0004774222905161293
S43A13T01,A13,0.06,-0.018304327091695716,-0.024801480564596103,0.006183971961515578,0.010054869178312493,-0.010329054303220273,-0.005564501080564046
S43A13T01,A13,0.07,-0.021954226359499524,-0.029687047251833507,0.00808743020734343,0.012260230500312205,-0.012864542517096386,-0.01065157987061197
S43A13T01,A13,0.08,-0.025604125627303326,-0.034572613939070906,0.009990888453171282,0.014465591822311916,-0.015400030730972496,-0.015738658660659884
S43A13T01,A13,0.09,-0.02930738882560361,-0.03907750551719296,0.012112687483841676,0.01683466624360731,-0.01769083740855026,-0.01913988648081574
S43A13T01,A13,0.1,-0.03313262672218156,-0.042712282560194256,0.014733551165580746,0.01957794203472141,-0.01942237200316037,-0.018687740655504027
S43A13T01,A13,0.11,-0.03695786461875951,-0.046347059603195545,0.017354414847319814,0.022321217825835505,-0.021153906597770483,-0.01823559483019231
S43A13T01,A13,0.12,-0.040783102515337455,-0.049981836646196834,0.01997527852905888,0.025064493616949603,-0.022885441192380594,-0.0177834490048806
S43A13T01,A13,0.13,-0.0446083404119154,-0.05361661368919812,0.022596142210797948,0.0278077694080637,-0.024616975786990708,-0.017331303179568883
S43A13T01,A13,0.14,-0.04766323168807104,-0.05708489016585424,0.024933470073283653,0.029699489360393138,-0.0263775314628143,-0.01981058322062683
S43A13T01,A13,0.15,-0.050683107208752916,-0.06054559843494921,0.027257909943985106,0.03155250222914145,-0.028139406278693047,-0.02242310989197429
S43A13T01,A13,0.16,-0.05370298272943481,-0.06400630670404417,0.029582349814686566,0.03340551509788976,-0.029901281094571797,-0.02503563656332176
S43A13T01,A13,0.17,-0.05672285825011669,-0.06746701497313914,0.03190678968538803,0.03525852796663808,-0.03166315591045055,-0.027648163234669232
S43A13T01,A13,0.18,-0.060460497453252104,-0.07277738412622572,0.03437902046485565,0.03796353157325415,-0.03359147648561343,-0.03007653752076959
S43A13T01,A13,0.19,-0.06465955616653621,-0.07927682099044979,0.036946259685672965,0.04121624351135662,-0.03562679790603041,-0.03238652813063968
S43A13T01,A13,0.2,-0.06885861487982031,-0.08577625785467384,0.03951349890649028,0.044468955449459106,-0.03766211932644739,-0.03469651874050977
S43A13T01,A13,0.21,-0.07305767359310442,-0.09227569471889788,0.04208073812730759,0.047721667387561575,-0.03969744074686436,-0.03700650935037984
S43A13T01,A13,0.22,-0.0770707341868775,-0.09798629555772713,0.04485680786454939,0.05103852356279166,-0.04177304847332503,-0.039623739391293634
S43A13T01,A13,0.23,-0.08055680010870268,-0.10146186099127105,0.0482245640649939,0.054537121743216614,-0.043962800733576175,-0.043111481153497895
S43A13T01,A13,0.24,-0.08404286603052785,-0.10493742642481498,0.051592320265438404,0.05803571992364156,-0.04615255299382731,-0.04659922291570215
S43A13T01,A13,0.25,-0.08752893195235303,-0.1084129918583589,0.05496007646588291,0.06153431810406651,-0.048342305254078455,-0.05008696467790641
S43A13T01,A13,0.26,-0.09101499787417822,-0.11188855729190283,0.05832783266632743,0.06503291628449147,-0.0505320575143296,-0.05357470644011067
S43A13T01,A13,0.27,-0.09669692668764114,-0.1181117947754097,0.06321727778864607,0.06954582728815777,-0.054234261849451904,-0.0583554154139049
S43A13T01,A13,0.28,-0.10258798530030765,-0.12459671531129399,0.06825164566542892,0.07415533951308516,-0.058080509239323834,-0.06325926412213626
S43A13T01,A13,0.29,-0.10847904391297412,-0.13108163584717825,0.07328601354221173,0.07876485173801251,-0.06192675662919575,-0.06816311283036758
S43A13T01,A13,0.3,-0.11437010252564063,-0.13756655638306253,0.07832038141899457,0.0833743639629399,-0.06577300401906769,-0.07306696153859894
S43A13T01,A13,0.31,-0.12004680554180572,-0.14513760433941317,0.0825341471187843,0.0867137925045265,-0.06859502284590899,-0.0755931026798934
S43A13T01,A13,0.32,-0.12555861963758508,-0.15354413492689173,0.08611668037473316,0.0890762335973894,-0.07062917354734209,-0.07629023800046715
S43A13T01,A13,0.33,-0.13107043373336444,-0.16195066551437032,0.08969921363068203,0.09143867469025231,-0.0726633242487752,-0.0769873733210409
S43A13T01,A13,0.34,-0.1365822478291438,-0.1703571961018489,0.09328174688663089,0.09380111578311522,-0.0746974749502083,-0.07768450864161466
S43A13T01,A13,0.35000000000000003,-0.14195782263605866,-0.17924428503840245,0.09717019884152626,0.0975300544933817,-0.07679840714941319,-0.08002000138769458
S43A13T01,A13,0.36,-0.14684293600306134,-0.18986138403162578,0.10215995811262905,0.10617838462630087,-0.07913975274059644,-0.0882535808655965
S43A13T01,A13,0.37,-0.151728049370064,-0.20047848302484916,0.10714971738373189,0.11482671475922009,-0.08148109833177969,-0.09648716034349847
S43A13T01,A13,0.38,-0.15661316273706669,-0.21109558201807258,0.1121394766548347,0.12347504489213931,-0.08382244392296295,-0.10472073982140044
S43A13T01,A13,0.39,-0.16149827610406936,-0.22171268101129596,0.11712923592593752,0.13212337502505853,-0.08616378951414622,-0.11295431929930241
S43A13T01,A13,0.4,-0.16756228606914028,-0.23191751296733365,0.12267767630103354,0.14398913259986165,-0.08947143035629514,-0.11787645965317
S43A13T01,A13,0.41000000000000003,-0.17380313052392143,-0.2420605048677935,0.12830991884172857,0.15633750429094734,-0.0929240154860889,-0.12230188413843245
S43A13T01,A13,0.42,-0.18004397497870256,-0.2522034967682533,0.13394216138242354,0.16868587598203297,-0.09637660061588264,-0.12672730862369488
S43A13T01,A13,0.43,-0.18628481943348368,-0.26234648866871313,0.13957440392311854,0.18103424767311865,-0.09982918574567641,-0.13115273310895734
S43A13T01,A13,0.44,-0.19317480445127208,-0.2706225670550318,0.1457482169596544,0.19071098551434199,-0.10291255935939043,-0.1353581257656401
S43A13T01,A13,0.45,-0.20065983498515041,-0.2771873080533877,0.15241846961737765,0.19793872565985818,-0.1056574890833647,-0.1393618225794582
S43A13T01,A13,0.46,-0.20814486551902875,-0.28375204905174356,0.15908872227510087,0.20516646580537434,-0.10840241880733897,-0.1433655193932763
S43A13T01,A13,0.47000000000000003,-0.21562989605290708,-0.29031679005009947,0.16575897493282413,0.21239420595089054,-0.11114734853131324,-0.14736921620709437
S43A13T01,A13,0.48,-0.2233249980478027,-0.29499167163178713,0.1729614999497067,0.21896134369970668,-0.11431859069768997,-0.15094360534612744
S43A13T01,A13,0.49,-0.23201793948253077,-0.29068972098430085,0.18269231867259622,0.22239062006419777,-0.11951481696547858,-0.15247878302993165
S43A13T01,A13,0.5,-0.2407108809172588,-0.2863877703368145,0.19242313739548575,0.22581989642868888,-0.1247110432332672,-0.15401396071373585
S43A13T01,A13,0.51,-0.24940382235198688,-0.2820858196893282,0.20215395611837528,0.22924917279318,-0.12990726950105583,-0.15554913839754006
S43A13T01,A13,0.52,-0.2580967637867149,-0.2777838690418419,0.2118847748412648,0.23267844915767108,-0.13510349576884445,-0.15708431608134427
S43A13T01,A13,0.53,-0.26659485934667176,-0.29375968848638134,0.2213599996642694,0.2481061459045039,-0.1392166250405897,-0.15145632718902705
S43A13T01,A13,0.54,-0.27505193472246625,-0.3140045121608208,0.23078141524519297,0.2660598258897244,-0.14310173389211533,-0.14432030322805273
S43A13T01,A13,0.55,-0.2835090100982607,-0.33424933583526034,0.24020283082611654,0.28401350587494484,-0.14698684274364096,-0.13718427926707838
S43A13T01,A13,0.56,-0.29196608547405517,-0.3544941595096998,0.2496242464070401,0.3019671858601653,-0.1508719515951666,-0.13004825530610403
S43A13T01,A13,0.5700000000000001,-0.29942972568008647,-0.36984403377029645,0.2597471628400025,0.3171037228985964,-0.15456642384749605,-0.12618339894515235
S43A13T01,A13,0.58,-0.30580961842819415,-0.3798539632157918,0.27063535292973434,0.3291670130859844,-0.15805292890070238,-0.12588708905695248
S43A13T01,A13,0.59,-0.31218951117630195,-0.3898638926612873,0.2815235430194663,0.3412303032733726,-0.16153943395390877,-0.12559077916875258
S43A13T01,A13,0.6,-0.31856940392440974,-0.3998738221067828,0.29241173310919827,0.3532935934607608,-0.16502593900711512,-0.1252944692805527
S43A13T01,A13,0.61,-0.32493944784836704,-0.40865136908249794,0.3036299737143775,0.3660180712485571,-0.1682101720256023,-0.1285856664103678
S43A13T01,A13,0.62,-0.33124383294465404,-0.40921303292634353,0.31704855108920516,0.38315046637240824,-0.1693792581459612,-0.15579357699361743
S43A13T01,A13,0.63,-0.3375482180409411,-0.4097746967701892,0.33046712846403276,0.40028286149625936,-0.17054834426632007,-0.18300148757686702
S43A13T01,A13,0.64,-0.34385260313722815,-0.41033636061403483,0.3438857058388604,0.4174152566201104,-0.17171743038667897,-0.2102093981601166
S43A13T01,A13,0.65,-0.35015698823351515,-0.4108980244578805,0.357304283213688,0.43454765174396154,-0.17288651650703785,-0.2374173087433662
S43A13T01,A13,0.66,-0.359244629007818,-0.4139233434548395,0.3703191495914957,0.4435448173161051,-0.1768278191391278,-0.2370156243149092
S43A13T01,A13,0.67,-0.3691053963593474,-0.41763301110544115,0.3832218740256867,0.45028219690166327,-0.18153918191336524,-0.22894460793875593
S43A13T01,A13,0.68,-0.3789661637108768,-0.4213426787560428,0.3961245984598777,0.45701957648722147,-0.1862505446876027,-0.2208735915626027
S43A13T01,A13,0.6900000000000001,-0.3888269310624063,-0.42505234640664447,0.4090273228940687,0.4637569560727796,-0.19096190746184014,-0.21280257518644946
S43A13T01,A13,0.7000000000000001,-0.3984196163667952,-0.42875960736410956,0.4231090692191258,0.4753907769827977,-0.1952109457406489,-0.2095271566781489
S43A13T01,A13,0.71,-0.40766379500990124,-0.43246373962049695,0.4387235440023086,0.49338997161461334,-0.1988589621754004,-0.21248601539805656
S43A13T01,A13,0.72,-0.41690797365300747,-0.4361678718768844,0.45433801878549157,0.5113891662464292,-0.20250697861015188,-0.21544487411796426
S43A13T01,A13,0.73,-0.42615215229611364,-0.4398720041332718,0.4699524935686746,0.5293883608782449,-0.2061549950449034,-0.21840373283787196
S43A13T01,A13,0.74,-0.4358728212084767,-0.44403804352903337,0.48505592906651346,0.5469430579727635,-0.2099678160372529,-0.2215780675020964
S43A13T01,A13,0.75,-0.45059663794803656,-0.4530541078882221,0.49479345206823966,0.5598305309256616,-0.21551108488438112,-0.22701489958164658
S43A13T01,A13,0.76,-0.4653204546875965,-0.46207017224741087,0.5045309750699658,0.5727180038785596,-0.22105435373150933,-0.23245173166119676
S43A13T01,A13,0.77,-0.48004427142715633,-0.47108623660659965,0.514268498071692,0.5856054768314577,-0.22659762257863758,-0.23788856374074693
S43A13T01,A13,0.78,-0.4947680881667162,-0.48010230096578843,0.5240060210734182,0.5984929497843557,-0.2321408914257658,-0.2433253958202971
S43A13T01,A13,0.79,-0.5169903403677625,-0.4469525197043096,0.5461364892669718,0.5757216912933384,-0.24258582443620813,-0.2481939054908956
S43A13T01,A13,0.8,-0.5418590992022744,-0.398920675282596,0.5726409381164642,0.5403649981750573,-0.25476075656311414,-0.2528618307818641
S43A13T01,A13,0.81,-0.5667278580367863,-0.35088883086088235,0.5991453869659567,0.5050083050567764,-0.26693568869002016,-0.2575297560728326
S43A13T01,A13,0.8200000000000001,-0.5915966168712982,-0.3028569864391687,0.6256498358154491,0.4696516119384955,-0.27911062081692617,-0.2621976813638011
S43A13T01,A13,0.8300000000000001,-0.6142510731552671,-0.26696152595983225,0.6326787676869188,0.4779206408558647,-0.28475454350312684,-0.2783531311496114
S43A13T01,A13,0.84,-0.6334610588050579,-0.24994488494641542,0.6094124509259098,0.5540519040509095,-0.2802391181704528,-0.31237806348295255
S43A13T01,A13,0.85,-0.6526710444548489,-0.23292824393299838,0.5861461341649006,0.6301831672459551,-0.27572369283777864,-0.3464029958162941
S43A13T01,A13,0.86,-0.6718810301046401,-0.21591160291958136,0.5628798174038913,0.7063144304410007,-0.2712082675051045,-0.38042792814963555
S43A13T01,A13,0.87,-0.6895242909500645,-0.20284444699979307,0.5410919833831621,0.7792239168243241,-0.26664486742195675,-0.41244016283211277
S43A13T01,A13,0.88,-0.6726996060994268,-0.2766659631398324,0.5518307696485925,0.7812543133497643,-0.2610260228283891,-0.4001730491955764
S43A13T01,A13,0.89,-0.655874921248789,-0.35048747927987167,0.5625695559140228,0.7832847098752044,-0.25540717823482145,-0.38790593555904
S43A13T01,A13,0.9,-0.6390502363981513,-0.4243089954199109,0.5733083421794531,0.7853151064006445,-0.24978833364125377,-0.37563882192250364
S43A13T01,A13,0.91,-0.6222255515475136,-0.4981305115599502,0.5840471284448835,0.7873455029260846,-0.24416948904768612,-0.3633717082859673
S43A13T01,A13,0.92,-0.6187518385848114,-0.5203827716216155,0.5860903671380705,0.7880038284417814,-0.24271464794611927,-0.3637882075164318
S43A13T01,A13,0.93,-0.6211191758230808,-0.5200734821489933,0.5843293037684012,0.7880618728907156,-0.2430815583723027,-0.369753787376209
S43A13T01,A13,0.9400000000000001,-0.6234865130613503,-0.519764192676371,0.5825682403987319,0.7881199173396498,-0.2434484687984861,-0.37571936723598615
S43A13T01,A13,0.9500000000000001,-0.6258538502996196,-0.5194549032037487,0.5808071770290625,0.788177961788584,-0.24381537922466953,-0.38168494709576334
S43A13T01,A13,0.96,-0.6290209638562668,-0.5222778306165207,0.5763131628763553,0.8020200830423706,-0.24907046185274498,-0.37997749798555763
S43A13T01,A13,0.97,-0.6336876580098725,-0.5309736646894073,0.5666948660054516,0.8417073483052561,-0.2634908673593683,-0.3638831195566339
S43A13T01,A13,0.98,-0.638354352163478,-0.539669498762294,0.5570765691345478,0.8813946135681415,-0.27791127286599154,-0.3477887411277102
S43A13T01,A13,0.99,-0.6430210463170837,-0.5483653328351805,0.5474582722636442,0.921081878831027,-0.29233167837261487,-0.33169436269878644
S43A13T01,A13,1.0,-0.6476877404706892,-0.5570611669080672,0.5378399753927405,0.9607691440939125,-0.30675208387923814,-0.3155999842698627
S43A13T02,A13,0.0,0.0,0.0,0.0,0.0,0.0,0.0
S43A13T02,A13,0.01,-0.01709527411844094,-0.011008493341463414,0.01138792174116694,0.0105570422245654,-0.010669922554624406,-0.0047297907186868125
S43A13T02,A13,0.02,-0.03349376296268788,-0.02149287165867179,0.0237663716851826,0.02173026450744828,-0.021449795053552184,-0.011460195444177031
S43A13T02,A13,0.03,-0.045885736480319295,-0.02896358858641368,0.04184035879557841,0.03644652212565665,-0.03286187973222436,-0.02969413070878681
S43A13T02,A13,0.04,-0.05930723755266897,-0.04223522016909356,0.05887028000409875,0.05541824509198952,-0.04338924128560363,-0.04532801081685367
S43A13T02,A13,0.05,-0.07517386656747452,-0.06928402405725116,0.07342054469566486,0.08449669826011806,-0.051815385416412243,-0.0547867599281311
S43A13T02,A13,0.06,-0.08895776277352797,-0.11147809593011371,0.09272057248998548,0.11846515867162613,-0.06208905011331756,-0.05334100812113011
S43A13T02,A13,0.07,-0.10013824296864135,-0.17260375278385753,0.11795780416274929,0.15854612813735872,-0.07467211551784379,-0.03826463016628111
S43A13T02,A13,0.08,-0.11587418327979976,-0.21969660498313845,0.1378442478478036,0.21295000102163175,-0.07861497061189514,-0.06391444815095741
S43A13T02,A13,0.09,-0.13474200242073914,-0.2571419039824762,0.15405202479130767,0.2772008700061514,-0.07661768111749503,-0.11756352584405724
S43A13T02,A13,0.1,-0.15017152132131326,-0.2640573652658628,0.17687592338910776,0.3144107439457484,-0.08473590751136736,-0.13713456473792976
S43A13T02,A13,0.11,-0.16439763513775948,-0.26028738334866647,0.2020154645659114,0.3421562696196225,-0.09639456446613501,-0.14477829005207268
S43A13T02,A13,0.12,-0.1823076779706006,-0.27524872912950565,0.23403581118418357,0.37405287905527745,-0.10690290662511791,-0.1413230677579306
S43A13T02,A13,0.13,-0.2014845184246888,-0.28943797196549076,0.2678225307924821,0.40386819546533365,-0.11824968343411997,-0.13597135579740133
S43A13T02,A13,0.14,-0.24162532772791692,-0.22267572321665574,0.3251723304566918,0.3660788709840354,-0.15513428422991998,-0.11738249223773231
S43A13T02,A13,0.15,-0.2754418436848616,-0.17944749559397455,0.3756197200071288,0.347169033361621,-0.18445793587965192,-0.12268282601637044
S43A13T02,A13,0.16,-0.2814314689181596,-0.23976896092636896,0.3956965050569668,0.411328937918295,-0.18051341128668483,-0.23309562808355977
S43A13T02,A13,0.17,-0.2932109558442272,-0.2963481072774567,0.41615865767562205,0.4701650932224971,-0.17984595537836737,-0.3104186213939922
S43A13T02,A13,0.18,-0.3165701661558336,-0.3454426156659311,0.43739154543191155,0.5183537500217553,-0.18573263683934912,-0.3215619971909114
S43A13T02,A13,0.19,-0.3373351949883445,-0.38793961551675643,0.45313198676072164,0.5685550562187296,-0.19109747875672578,-0.33245756176453817
S43A13T02,A13,0.2,-0.35530648992029107,-0.4233316061731903,0.4629574857830153,0.6209238309978592,-0.1959003396271431,-0.3430862527130808
S43A13T02,A13,0.21,-0.37616423480185157,-0.46246833848150853,0.46760487222963365,0.6884036362677196,-0.20320909345170257,-0.3490706266548278
S43A13T02,A13,0.22,-0.39871989141847913,-0.5038078599968178,0.46920631010232533,0.7647722830027162,-0.2119919019551692,-0.35232304941610687
S43A13T02,A13,0.23,-0.4084716675521931,-0.491559886679848,0.47551762782710444,0.7426896041454637,-0.21467430954042235,-0.36160134079042255
S43A13T02,A13,0.24,-0.4145651921193603,-0.464001200553656,0.4831746255096228,0.6924779751189978,-0.2156137454347574,-0.37260130891132
S43A13T02,A13,0.25,-0.43298131989100813,-0.46892719458201765,0.49056852309325416,0.6983432118139574,-0.2260376863018119,-0.39427181716118703
S43A13T02,A13,0.26,-0.45459280464641827,-0.4755111702965951,0.4940877691870282,0.7189049053412035,-0.23727834444496704,-0.4078635934684044
S43A13T02,A13,0.27,-0.5038236484943754,-0.4703352369343168,0.4494369717564741,0.8670954435506029,-0.24924346356666077,-0.30980068036353564
S43A13T02,A13,0.28,-0.542425050407441,-0.4572628698311166,0.41398481499403755,0.9895887117835884,-0.26004633853298825,-0.2325002643142382
S43A13T02,A13,0.29,-0.5438234055483865,-0.41655298463469026,0.4107279005700121,1.0221415350991259,-0.26678135895553384,-0.22786858795943993
S43A13T02,A13,0.3,-0.5459002843185008,-0.39700449575620295,0.4071811943633963,1.04047333494262,-0.27031664054223115,-0.22643604972191841
S43A13T02,A13,0.31,-0.5491306532582022,-0.41343038061821236,0.40314184212637655,1.0346293948836398,-0.26841236610798636,-0.23044204628376738
S43A13T02,A13,0.32,-0.5565077975667274,-0.4149828460753714,0.39758281120112043,1.0515897528820288,-0.26760759733999284,-0.24328012175405525
S43A13T02,A13,0.33,-0.567735519003446,-0.4027242792280267,0.3906126500653591,1.0897255305051174,-0.26782379811923274,-0.2643194133536076
S43A13T02,A13,0.34,-0.5784671932196859,-0.3961710129332785,0.3852613979129288,1.1214324042300676,-0.26851118509119887,-0.27673088235682375
S43A13T02,A13,0.35000000000000003,-0.5889508438256865,-0.3924703969148284,0.380719600252164,1.1499248260059483,-0.2694341651595282,-0.28482844006187186
S43A13T02,A13,0.36,-0.5976643165913118,-0.36690568757443565,0.3761572209818195,1.172100041073067,-0.2713625171029046,-0.2880216626107171
S43A13T02,A13,0.37,-0.6059754762113974,-0.3363718661154194,0.37159016407293416,1.1928395273427401,-0.27351936265424626,-0.2901002635331526
S43A13T02,A13,0.38,-0.6105044381619867,-0.32259278225912413,0.36879158303966175,1.2164024699567761,-0.27487556437325966,-0.28577476359200976
S43A13T02,A13,0.39,-0.614710293869034,-0.31068511158372514,0.3664064721870156,1.2394725684165688,-0.2758789727455942,-0.2819928570229381
S43A13T02,A13,0.4,-0.6174950527568189,-0.3085934424777358,0.36678497635611396,1.2577311578441512,-0.2743063862929066,-0.2845301900038441
S43A13T02,A13,0.41000000000000003,-0.6208789628960535,-0.3057876785447047,0.36818005094346407,1.274504854562849,-0.27362099130923223,-0.2852575269537634
S43A13T02,A13,0.42,-0.6259747337537154,-0.3009416436772689,0.372479612440105,1.287036000684734,-0.27547042909416686,-0.2808134466722919
S43A13T02,A13,0.43,-0.6304401597590419,-0.29842220716428475,0.3755421715573889,1.295024400713883,-0.27730725638684645,-0.27357917533215903
S43A13T02,A13,0.44,-0.6339887205246076,-0.2992869137123213,0.3768054544865169,1.2964051700626888,-0.27912574114533684,-0.26228644427033676
S43A13T02,A13,0.45,-0.6367880887930059,-0.3004782868330144,0.3780500100646329,1.2953048005614591,-0.27851285650566415,-0.25170941412285147
S43A13T02,A13,0.46,-0.6389881030636699,-0.3019309932118327,0.3792795837619392,1.2922195199802011,-0.275954876347461,-0.24170494470683582
S43A13T02,A13,0.47000000000000003,-0.6410557464053739,-0.27591077629352667,0.3799999180539076,1.3389232903988788,-0.2781761125555992,-0.15386564136419184
S43A13T02,A13,0.48,-0.6430676546190947,-0.23832301272380046,0.38050583575415475,1.406590871764897,-0.28240965039167043,-0.03325377636823251
S43A13T02,A13,0.49,-0.643375158122327,-0.25472536936118817,0.38481781293499634,1.3880681212388293,-0.27809153059776925,-0.06875565413292535
S43A13T02,A13,0.5,-0.6433862434150397,-0.2805173121215521,0.3897917135037674,1.3545557477750076,-0.2722861659986555,-0.1314077480299054
S43A13T02,A13,0.51,-0.6423570130881704,-0.26654749875635275,0.3892236071621703,1.3659483167874145,-0.2749353901865543,-0.09409585161233538
S43A13T02,A13,0.52,-0.6412718817538559,-0.2530056353968918,0.3884109179772462,1.373370629738721,-0.2771083644859498,-0.053813056868762074
S43A13T02,A13,0.53,-0.6398653196267319,-0.24192448457042687,0.3861918774431922,1.3579639703387,-0.2765429019264519,0.00355240324932965
S43A13T02,A13,0.54,-0.6388013925157032,-0.23760032239775292,0.384747632684201,1.341090669946164,-0.27602702419480396,0.04740206760207102
S43A13T02,A13,0.55,-0.6385512235679014,-0.24932400827783194,0.3851435278909837,1.3207340971964037,-0.2756289104292994,0.05915171701210672
S43A13T02,A13,0.56,-0.6372331541121409,-0.2613910387671398,0.3877348135887859,1.3036224635826825,-0.2744674676194971,0.0677492853101902
S43A13T02,A13,0.5700000000000001,-0.634580209021432,-0.2738872500179837,0.39307033740036257,1.29056700388901,-0.27235186350432267,0.07240675221833345
S43A13T02,A13,0.58,-0.6319495334305986,-0.28505671549465506,0.3957428673589872,1.2776858794439483,-0.2723636620736073,0.07499279300451757
S43A13T02,A13,0.59,-0.6293341681209296,-0.29531404325158295,0.3965845890437074,1.264924610482306,-0.2738380499884574,0.07615472833185484
S43A13T02,A13,0.6,-0.6270590438944387,-0.31560167041841036,0.39727243723568384,1.2520652450054592,-0.27549774645211356,0.07274102307913627
S43A13T02,A13,0.61,-0.6249030040470602,-0.33939990237870266,0.39790642970519996,1.2391715457482908,-0.27722230090785177,0.06772584362339815
S43A13T02,A13,0.62,-0.6172655148226212,-0.35401479718269824,0.40195814415721703,1.2255347512128811,-0.2790734940182551,0.060624474731744975
S43A13T02,A13,0.63,-0.6088165505714586,-0.36714151889039787,0.40637825501229036,1.2119504962232277,-0.2807963029838641,0.053741660883323716
S43A13T02,A13,0.64,-0.5970839461009332,-0.37142158585236756,0.40926907590369976,1.2021473290775277,-0.27876954855716035,0.059321393825652304
S43A13T02,A13,0.65,-0.5865195178873125,-0.3784097643739763,0.4125440941243815,1.1907436149984048,-0.2774611131120378,0.061354035813743386
S43A13T02,A13,0.66,-0.5810950652040721,-0.3973136337579967,0.41750958059386156,1.1722974944122209,-0.27931328118587245,0.04777947760318978
S43A13T02,A13,0.67,-0.5755701226142079,-0.40939473105460716,0.4218871695961668,1.1551500692238523,-0.2804043401160064,0.05249660470821251
S43A13T02,A13,0.68,-0.5698442002110964,-0.407830284176398,0.4250889636641223,1.1406000348311145,-0.2799731807587388,0.09379710244438672
S43A13T02,A13,0.6900000000000001,-0.5646361565411647,-0.427948619977292,0.42721443671834947,1.1171334471858785,-0.2770868393739707,0.07601260398540347
S43A13T02,A13,0.7000000000000001,-0.5599858284300422,-0.47141764481721904,0.42818079483471544,1.0840644175764145,-0.27155645580574067,-0.005401890376053958
S43A13T02,A13,0.71,-0.5491913717863903,-0.48950423675755117,0.4251305449857618,1.0649558312406446,-0.2771933229702361,-0.016926465060080186
S43A13T02,A13,0.72,-0.5347827218883094,-0.4926599858157691,0.4197175845689731,1.054059270359989,-0.2893991611539818,0.012660677713205622
S43A13T02,A13,0.73,-0.5278030910799459,-0.5051683260939077,0.4183618379734726,1.0388399857090684,-0.2908891827375433,0.016618410035894298
S43A13T02,A13,0.74,-0.522946037154359,-0.5203488352920238,0.41816529532691155,1.0223856371237865,-0.2893175424353378,0.013253453658412306
S43A13T02,A13,0.75,-0.5146584999589854,-0.5340910921125347,0.4506756304066477,0.8977603662770081,-0.29413785830768907,-0.03543424502643917
S43A13T02,A13,0.76,-0.5069162718512703,-0.546179122936933,0.4827418278110704,0.7755192148960316,-0.2985621244902151,-0.08573614792771521
S43A13T02,A13,0.77,-0.5094208906090719,-0.5390275811875326,0.47654942654778387,0.7912504790990538,-0.2916438133753709,-0.11089286122693381
S43A13T02,A13,0.78,-0.5107976047230559,-0.5331530722332795,0.4714636674351369,0.8026538517613088,-0.2868190613059779,-0.1349925036887909
S43A13T02,A13,0.79,-0.5082266525836783,-0.5317481780620413,0.4702511558497278,0.7989096040308802,-0.28932176589566383,-0.15539239821988288
S43A13T02,A13,0.8,-0.5095258557827583,-0.5202127289326299,0.4668992518266119,0.8170629969437998,-0.2912072125765735,-0.16668379949063597
S43A13T02,A13,0.81,-0.5174043230572164,-0.4914553363743242,0.4599103806593945,0.8724423789504108,-0.29204332081256346,-0.16249076221881334
S43A13T02,A13,0.8200000000000001,-0.5134876813942979,-0.5062169948823053,0.45046859420900076,0.8919548344433758,-0.2907551103033456,-0.13501928999084487
S43A13T02,A13,0.8300000000000001,-0.4986184385752447,-0.5613892008089797,0.43874910070994333,0.8781622867450996,-0.2874943181021491,-0.08593212816074192
S43A13T02,A13,0.84,-0.4922167220260483,-0.5863225952674728,0.43394889311233076,0.8820474142304949,-0.2873689651223802,-0.05424944852081748
S43A13T02,A13,0.85,-0.4900487686117801,-0.5961365839918764,0.43260832846544034,0.8947713793077255,-0.288811331753325,-0.03126900997598133
S43A13T02,A13,0.86,-0.48417706100280083,-0.597214764993737,0.43623989477946534,0.8782829209025124,-0.2891442987918751,-0.04096093453406249
S43A13T02,A13,0.87,-0.4774635910768418,-0.596307535149565,0.4410014908573348,0.8551552753421982,-0.28922512955942636,-0.05807839616098864
S43A13T02,A13,0.88,-0.47820345841960366,-0.5918848052938406,0.4460252203903673,0.810698948417711,-0.2886282291458544,-0.07855276039585418
S43A13T02,A13,0.89,-0.4780341402385767,-0.5864122125766809,0.4508788159099308,0.7681504583659854,-0.28825223105736064,-0.09524753867454767
S43A13T02,A13,0.9,-0.46829800332301813,-0.5736224092792864,0.4542906828739996,0.7474273344853276,-0.2898519842406068,-0.08067273619373157
S43A13T02,A13,0.91,-0.4600231938862766,-0.5623456152844394,0.4567701088133195,0.725637699755702,-0.2911301572766904,-0.07120451518684671
S43A13T02,A13,0.92,-0.4559236058175836,-0.5553917050111565,0.45658541753907095,0.7008008911718832,-0.2914895298923094,-0.0763265269626218
S43A13T02,A13,0.93,-0.4522996104002785,-0.5498705364371131,0.45617861051464204,0.6849508413496029,-0.291487654240243,-0.0799861088300865
S43A13T02,A13,0.9400000000000001,-0.4493673861122646,-0.5464333557892361,0.4554487260354052,0.6821724406350146,-0.2909603265624522,-0.08151851992182718
S43A13T02,A13,0.9500000000000001,-0.4450534157100538,-0.5427916438403945,0.45372135713627404,0.6784233987622507,-0.2896550542378189,-0.08135467581985018
S43A13T02,A13,0.96,-0.43963404841648546,-0.5389863068507811,0.4511960007012275,0.6738978439629464,-0.2877274261957117,-0.07983382756289906
S43A13T02,A13,0.97,-0.43584655234269204,-0.5390623215191752,0.4483604144088911,0.6743331793014693,-0.2862497869024805,-0.0839431584845117
S43A13T02,A13,0.98,-0.4327461599403829,-0.5407725895172567,0.44539420501874843,0.6768573104874985,-0.28496161655614455,-0.09042309116551958
S43A13T02,A13,0.99,-0.42674997641228607,-0.5458341269364254,0.444878112975294,0.6872587742912121,-0.28617939709346296,-0.09767431652705662
S43A13T02,A13,1.0,-0.4202501770362262,-0.5514784938201311,0.44478812829648096,0.6990302089849576,-0.28783299517576477,-0.105059679746077
S43A13T03,A13,0.0,0.0,0.0,0.0,0.0,0.0,0.0
S43A13T03,A13,0.01,-0.003308805989936119,-0.001211863393500574,0.003830167150604154,0.0007542040158385266,-0.0035088416844376268,-0.00451268445787516
S43A13T03,A13,0.02,-0.006617611979872238,-0.002423726787001148,0.007660334301208308,0.0015084080316770533,-0.0070176833688752535,-0.00902536891575032
S43A13T03,A13,0.03,-0.009926417969808357,-0.003635590180501722,0.011490501451812461,0.00226261204751558,-0.01052652505331288,-0.01353805337362548
S43A13T03,A13,0.04,-0.013235223959744476,-0.004847453574002296,0.015320668602416616,0.0030168160633541065,-0.014035366737750507,-0.01805073783150064
S43A13T03,A13,0.05,-0.016544029949680596,-0.006059316967502871,0.019150835753020772,0.0037710200791926333,-0.017544208422188134,-0.0225634222893758
S43A13T03,A13,0.06,-0.020024305522982944,-0.00839728342825639,0.022897611957659242,0.004145136371721731,-0.0208713411294066,-0.025805335270031798
S43A13T03,A13,0.07,-0.023718918075493086,-0.012142878723076097,0.026540149479840618,0.004044143010114045,-0.023971337615101125,-0.02745878390416384
S43A13T03,A13,0.08,-0.027413530628003224,-0.015888474017895796,0.030182687002021986,0.003943149648506359,-0.027071334100795638,-0.029112232538295882
S43A13T03,A13,0.09,-0.031108143180513362,-0.019634069312715496,0.033825224524203355,0.0038421562868986726,-0.030171330586490158,-0.030765681172427922
S43A13T03,A13,0.1,-0.03480275573302351,-0.023379664607535204,0.03746776204638473,0.003741162925290986,-0.03327132707218468,-0.03241912980655997
S43A13T03,A13,0.11,-0.03849736828553364,-0.027125259902354905,0.0411102995685661,0.0036401695636832996,-0.0363713235578792,-0.03407257844069201
S43A13T03,A13,0.12,-0.04299628486967674,-0.03239461845732319,0.04328534100361413,0.010607959411817258,-0.039703288085046466,-0.03319871777254677
S43A13T03,A13,0.13,-0.04759573945777396,-0.03785444741981007,0.045276945427770485,0.018459347161168926,-0.04306424861739784,-0.03200894344161688
S43A13T03,A13,0.14,-0.05219519404587118,-0.043314276382296936,0.04726854985192684,0.026310734910520595,-0.04642520914974921,-0.03081916911068699
S43A13T03,A13,0.15,-0.056794648633968395,-0.04877410534478379,0.04926015427608319,0.03416212265987224,-0.04978616968210057,-0.029629394779757103
S43A13T03,A13,0.16,-0.06139410322206562,-0.054233934307270665,0.051251758700239555,0.04201351040922391,-0.053147130214451936,-0.02843962044882721
S43A13T03,A13,0.17,-0.06563811717678467,-0.06219372630764402,0.05414114304307537,0.049456442115340976,-0.05678020537426859,-0.02678657256176882
S43A13T03,A13,0.18,-0.06917124986474733,-0.07515344438379028,0.05882608722327009,0.05608246173498881,-0.060957509789015776,-0.02420697756245346
S43A13T03,A13,0.19,-0.07270438255271001,-0.08811316245993657,0.06351103140346481,0.06270848135463666,-0.06513481420376298,-0.021627382563138092
S43A13T03,A13,0.2,-0.07623751524067271,-0.10107288053608286,0.06819597558365954,0.06933450097428452,-0.06931211861851018,-0.01904778756382272
S43A13T03,A13,0.21,-0.07977064792863538,-0.11403259861222911,0.07288091976385426,0.07596052059393235,-0.07348942303325737,-0.01646819256450736
S43A13T03,A13,0.22,-0.08330378061659806,-0.1269923166883754,0.07756586394404899,0.08258654021358022,-0.07766672744800457,-0.013888597565191991
S43A13T03,A13,0.23,-0.08682129617095127,-0.1357769696939005,0.08070166010066192,0.09335282159968535,-0.0813453272613347,-0.01927664073789712
S43A13T03,A13,0.24,-0.09033434968713032,-0.14336874696496235,0.08339484253625148,0.10530203491906395,-0.08488144004568854,-0.02694115195975092
S43A13T03,A13,0.25,-0.09384740320330939,-0.15096052423602424,0.08608802497184104,0.11725124823844257,-0.08841755283004238,-0.03460566318160474
S43A13T03,A13,0.26,-0.09736045671948845,-0.15855230150708613,0.0887812074074306,0.12920046155782122,-0.09195366561439622,-0.042270174403458566
S43A13T03,A13,0.27,-0.10087351023566753,-0.16614407877814802,0.09147438984302017,0.14114967487719984,-0.09548977839875006,-0.049934685625312385
S43A13T03,A13,0.28,-0.10438021715328694,-0.17292843187496665,0.09485834863822898,0.1514981911675258,-0.0984148877621362,-0.06061901862151105
S43A13T03,A13,0.29,-0.1078647109759475,-0.17688680036193385,0.10066002469210507,0.15624426785616752,-0.09920148515213538,-0.08187272782791646
S43A13T03,A13,0.3,-0.1113492047986081,-0.1808451688489011,0.10646170074598119,0.16099034454480926,-0.09998808254213457,-0.103126437034322
S43A13T03,A13,0.31,-0.11483369862126869,-0.18480353733586832,0.11226337679985732,0.165736421233451,-0.10077467993213374,-0.12438014624072755
S43A13T03,A13,0.32,-0.11831819244392927,-0.18876190582283556,0.11806505285373343,0.17048249792209275,-0.10156127732213292,-0.1456338554471331
S43A13T03,A13,0.33,-0.12180268626658987,-0.1927202743098028,0.12386672890760955,0.1752285746107345,-0.10234787471213211,-0.16688756465353863
S43A13T03,A13,0.34,-0.12848257192468376,-0.19295887533044548,0.13017061578065817,0.1824257671478456,-0.10684731272372772,-0.16671692698154036
S43A13T03,A13,0.35000000000000003,-0.1367601535004943,-0.1913375926179259,0.136725608063293,0.1908485176091914,-0.11320317104612151,-0.1558341158703404
S43A13T03,A13,0.36,-0.1450377350763048,-0.18971630990540633,0.14328060034592782,0.1992712680705371,-0.11955902936851527,-0.14495130475914048
S43A13T03,A13,0.37,-0.1533153166521153,-0.18809502719288676,0.14983559262856266,0.20769401853188288,-0.12591488769090908,-0.13406849364794052
S43A13T03,A13,0.38,-0.16159289822792586,-0.1864737444803672,0.1563905849111975,0.21611676899322865,-0.13227074601330285,-0.12318568253674055
S43A13T03,A13,0.39,-0.16965260716768146,-0.185228098805865,0.16322744457585697,0.22437207958562247,-0.13839171340952378,-0.11358882278452404
S43A13T03,A13,0.4,-0.17596933501899778,-0.1869875494355016,0.17231924329671325,0.23128787122640065,-0.14263355339636175,-0.11427957390417448
S43A13T03,A13,0.41000000000000003,-0.18228606287031407,-0.18874700006513823,0.18141104201756952,0.2382036628671788,-0.14687539338319971,-0.11497032502382491
S43A13T03,A13,0.42,-0.18860279072163036,-0.19050645069477487,0.19050284073842577,0.24511945450795694,-0.15111723337003768,-0.11566107614347536
S43A13T03,A13,0.43,-0.19491951857294668,-0.1922659013244115,0.19959463945928205,0.2520352461487351,-0.15535907335687565,-0.11635182726312579
S43A13T03,A13,0.44,-0.20123624642426297,-0.19402535195404813,0.20868643818013832,0.2589510377895133,-0.15960091334371362,-0.11704257838277624
S43A13T03,A13,0.45,-0.20760548926920683,-0.19716464606852324,0.21712205039909424,0.2679784041588598,-0.16296732283520857,-0.12113469344067743
S43A13T03,A13,0.46,-0.21401674410905272,-0.2014078149708691,0.22503271341652986,0.2786950303110611,-0.16563338793042912,-0.12794789964917916
S43A13T03,A13,0.47000000000000003,-0.22042799894889858,-0.20565098387321498,0.2329433764339655,0.2894116564632623,-0.16829945302564964,-0.13476110585768092
S43A13T03,A13,0.48,-0.22683925378874445,-0.20989415277556084,0.2408540394514011,0.3001282826154635,-0.17096551812087016,-0.14157431206618262
S43A13T03,A13,0.49,-0.23325050862859031,-0.21413732167790672,0.24876470246883672,0.3108449087676647,-0.17363158321609068,-0.14838751827468438
S43A13T03,A13,0.5,-0.2396617634684362,-0.2183804905802526,0.25667536548627234,0.32156153491986594,-0.17629764831131123,-0.15520072448318611
S43A13T03,A13,0.51,-0.24553858467777498,-0.22208644631107574,0.26907445359952464,0.33259125962979796,-0.18208364350255218,-0.15893965912755212
S43A13T03,A13,0.52,-0.25141540588711375,-0.22579240204189888,0.281473541712777,0.34362098433973004,-0.1878696386937931,-0.16267859377191815
S43A13T03,A13,0.53,-0.2572922270964525,-0.229498357772722,0.2938726298260293,0.35465070904966206,-0.19365563388503407,-0.16641752841628416
S43A13T03,A13,0.54,-0.2631690483057913,-0.23320431350354515,0.3062717179392816,0.36568043375959414,-0.19944162907627502,-0.17015646306065016
S43A13T03,A13,0.55,-0.26904586951513004,-0.23691026923436828,0.3186708060525339,0.37671015846952616,-0.20522762426751595,-0.17389539770501616
S43A13T03,A13,0.56,-0.2747682132571895,-0.2385941673892695,0.3297569459776141,0.38474548723737984,-0.20871723155673982,-0.1837434522598651
S43A13T03,A13,0.5700000000000001,-0.2802974601651497,-0.23775049357426833,0.3392019006674793,0.3890378210776355,-0.20933635396844233,-0.2012279067028176
S43A13T03,A13,0.58,-0.2858267070731099,-0.23690681975926717,0.3486468553573443,0.39333015491789125,-0.20995547638014483,-0.21871236114576992
S43A13T03,A13,0.59,-0.2913559539810702,-0.236063145944266,0.3580918100472094,0.39762248875814693,-0.21057459879184737,-0.2361968155887224
S43A13T03,A13,0.6,-0.2968852008890305,-0.23521947212926486,0.3675367647370746,0.40191482259840267,-0.21119372120354987,-0.25368127003167495
S43A13T03,A13,0.61,-0.3024144477969907,-0.2343757983142637,0.3769817194269397,0.4062071564386584,-0.21181284361525238,-0.27116572447462745
S43A13T03,A13,0.62,-0.3097859473647711,-0.241018042930567,0.38714424392440605,0.41600844680526544,-0.21752389364808253,-0.27473105185120755
S43A13T03,A13,0.63,-0.31738772851502894,-0.24859602735078337,0.3973964646478226,0.4264983567376663,-0.2238714346335536,-0.2765564883444912
S43A13T03,A13,0.64,-0.3249895096652868,-0.2561740117709997,0.4076486853712391,0.4369882666700672,-0.23021897561902468,-0.27838192483777485
S43A13T03,A13,0.65,-0.33259129081554467,-0.26375199619121603,0.41790090609465563,0.4474781766024681,-0.23656651660449576,-0.28020736133105845
S43A13T03,A13,0.66,-0.3401930719658025,-0.2713299806114324,0.4281531268180721,0.457968086534869,-0.24291405758996684,-0.2820327978243421
S43A13T03,A13,0.67,-0.3491384176438833,-0.2760954042619252,0.4360894742280612,0.4782711365205419,-0.24759473010751598,-0.29299000354501653
S43A13T03,A13,0.68,-0.3607708923776099,-0.2752357063729711,0.43939407501119554,0.5182004666127583,-0.2489416656892213,-0.32221074772047187
S43A13T03,A13,0.6900000000000001,-0.3724033671113365,-0.274376008484017,0.4426986757943299,0.5581297967049748,-0.2502886012709266,-0.35143149189592715
S43A13T03,A13,0.7000000000000001,-0.38403584184506306,-0.2735163105950629,0.44600327657746425,0.5980591267971911,-0.25163553685263196,-0.38065223607138254
S43A13T03,A13,0.71,-0.3956683165787895,-0.2726566127061088,0.4493078773605986,0.6379884568894071,-0.2529824724343373,-0.4098729802468375
S43A13T03,A13,0.72,-0.40730079131251606,-0.27179691481715473,0.4526124781437329,0.6779177869816235,-0.25432940801604265,-0.4390937244222929
S43A13T03,A13,0.73,-0.41021024564726327,-0.28657534715635746,0.4592293535561683,0.6889481508584144,-0.2532809270324177,-0.444631122344918
S43A13T03,A13,0.74,-0.41062740843944484,-0.30582181670360503,0.466792593148404,0.6917216672450837,-0.2515480413158413,-0.44340184990959153
S43A13T03,A13,0.75,-0.41104457123162647,-0.3250682862508526,0.4743558327406397,0.6944951836317529,-0.24981515559926493,-0.4421725774742651
S43A13T03,A13,0.76,-0.4114617340238081,-0.34431475579810017,0.4819190723328754,0.6972687000184221,-0.24808226988268853,-0.44094330503893864
S43A13T03,A13,0.77,-0.4118788968159897,-0.36356122534534774,0.48948231192511105,0.7000422164050915,-0.2463493841661121,-0.4397140326036122
S43A13T03,A13,0.78,-0.41337882053613967,-0.3788313606667548,0.4945254001355895,0.7070555960584413,-0.24582642532787638,-0.4406112690778765
S43A13T03,A13,0.79,-0.41866840750417866,-0.3801843261977211,0.490747958509918,0.7289084971451721,-0.24953821056383274,-0.44895128673570783
S43A13T03,A13,0.8,-0.42395799447221766,-0.3815372917286873,0.48697051688424653,0.750761398231903,-0.2532499957997891,-0.45729130439353916
S43A13T03,A13,0.81,-0.42924758144025665,-0.38289025725965353,0.483193075258575,0.7726142993186339,-0.25696178103574546,-0.4656313220513705
S43A13T03,A13,0.8200000000000001,-0.43453716840829565,-0.3842432227906198,0.47941563363290357,0.7944672004053648,-0.2606735662717018,-0.4739713397092018
S43A13T03,A13,0.8300000000000001,-0.43982675537633464,-0.38559618832158604,0.4756381920072321,0.8163201014920957,-0.26438535150765813,-0.4823113573670331
S43A13T03,A13,0.84,-0.4519903611807119,-0.36809475662748903,0.4749038715697207,0.8310508964110292,-0.2717961346319733,-0.4810712274054106
S43A13T03,A13,0.85,-0.46759097640325825,-0.3411661263208606,0.4756911117262893,0.8422206382460646,-0.2810564167004678,-0.4750410236340614
S43A13T03,A13,0.86,-0.48319159162580466,-0.3142374960142322,0.4764783518828579,0.8533903800811,-0.2903166987689624,-0.46901081986271226
S43A13T03,A13,0.87,-0.49879220684835107,-0.2873088657076037,0.4772655920394265,0.8645601219161355,-0.29957698083745693,-0.4629806160913631
S43A13T03,A13,0.88,-0.5143928220708974,-0.2603802354009753,0.4780528321959951,0.8757298637511709,-0.3088372629059515,-0.45695041232001393
S43A13T03,A13,0.89,-0.5282530139323282,-0.23947739785871994,0.4784807450235329,0.8885262261331522,-0.31688575363417726,-0.4526115470912086
S43A13T03,A13,0.9,-0.5281898189048347,-0.2667809024314462,0.47603403921882453,0.9143355528906998,-0.3152399136402531,-0.4618033902027532
S43A13T03,A13,0.91,-0.5281266238773412,-0.2940844070041725,0.47358733341411624,0.9401448796482473,-0.3135940736463289,-0.4709952333142978
S43A13T03,A13,0.92,-0.5280634288498477,-0.3213879115768987,0.4711406276094079,0.9659542064057949,-0.31194823365240476,-0.4801870764258424
S43A13T03,A13,0.93,-0.5280002338223543,-0.34869141614962496,0.46869392180469954,0.9917635331633424,-0.3103023936584806,-0.489378919537387
S43A13T03,A13,0.9400000000000001,-0.5279370387948608,-0.37599492072235124,0.4662472159999912,1.01757285992089,-0.3086565536645564,-0.49857076264893163
S43A13T03,A13,0.9500000000000001,-0.5294622846293016,-0.3967483892130419,0.4657280839326459,1.0234216477754192,-0.3104610357627735,-0.4944289800987109
S43A13T03,A13,0.96,-0.5322582831532896,-0.412261828838104,0.466751010855191,1.013302004507535,-0.3150257755347034,-0.4796202970190785
S43A13T03,A13,0.97,-0.5350542816772776,-0.42777526846316627,0.4677739377777361,1.0031823612396502,-0.31959051530663335,-0.46481161393944587
S43A13T03,A13,0.98,-0.5378502802012657,-0.44328870808822857,0.4687968647002812,0.9930627179717657,-0.32415525507856335,-0.4500029308598133
S43A13T03,A13,0.99,-0.5406462787252538,-0.45880214771329086,0.46981979162282633,0.9829430747038811,-0.3287199948504933,-0.4351942477801807
S43A13T03,A13,1.0,-0.5434422772492419,-0.47431558733835316,0.4708427185453714,0.9728234314359965,-0.33328473462242325,-0.4203855647005481
S43A13T05,A13,0.0,0.0,0.0,0.0,0.0,0.0,0.0
S43A13T05,A13,0.01,-0.0026727823373147697,-0.0031809841271707253,0.000506038754248398,0.0036872646453616686,-0.0025420358870097905,-0.006372067625291105
S43A13T05,A13,0.02,-0.005345564674629539,-0.006361968254341451,0.001012077508496796,0.007374529290723337,-0.005084071774019581,-0.01274413525058221
S43A13T05,A13,0.03,-0.008018347011944309,-0.009542952381512175,0.0015181162627451938,0.011061793936085005,-0.007626107661029371,-0.019116202875873314
S43A13T05,A13,0.04,-0.01089301894069236,-0.013541519154315404,0.002122083083524109,0.014414855300320953,-0.010333689497738661,-0.023520603560238895
S43A13T05,A13,0.05,-0.014247178649094455,-0.019481844710495824,0.002958629062313003,0.01697418387188331,-0.013434442964984264,-0.02325179525990635
S43A13T05,A13,0.06,-0.017601338357496544,-0.02542217026667624,0.0037951750411018953,0.019533512443445665,-0.01653519643222986,-0.022982986959573806
S43A13T05,A13,0.07,-0.02095549806589864,-0.03136249582285666,0.004631721019890789,0.022092841015008025,-0.019635949899475466,-0.02271417865924126
S43A13T05,A13,0.08,-0.023957778975759736,-0.034827285964285144,0.005651309531913426,0.022317389854179085,-0.021650799576289206,-0.02742589234972684
S43A13T05,A13,0.09,-0.026718143211623895,-0.03659014550807167,0.006796739785534261,0.02093677762733114,-0.022919090397181048,-0.035561714908899866
S43A13T05,A13,0.1,-0.029478507447488055,-0.03835300505185821,0.007942170039155098,0.019556165400483192,-0.02418738121807289,-0.04369753746807291
S43A13T05,A13,0.11,-0.03223887168335222,-0.04011586459564473,0.009087600292775933,0.01817555317363525,-0.025455672038964733,-0.05183336002724594
S43A13T05,A13,0.12,-0.03691543974011734,-0.048654226666386906,0.010944663104925447,0.02039772096625351,-0.02881387184614427,-0.05743124001020677
S43A13T05,A13,0.13,-0.041831533274495084,-0.05803952655299854,0.012890679986891048,0.023070236261305048,-0.03243331027660978,-0.06271187717114109
S43A13T05,A13,0.14,-0.04674762680887284,-0.06742482643961017,0.01483669686885665,0.02574275155635659,-0.036052748707075276,-0.0679925143320754
S43A13T05,A13,0.15,-0.051509011090155675,-0.07614215966498479,0.016989206186412056,0.028470485178111217,-0.03935089833336227,-0.0722023997982062
S43A13T05,A13,0.16,-0.055589674657820984,-0.0819204395809167,0.02005028222056264,0.03144117943735946,-0.04123537722126388,-0.07170097780720157
S43A13T05,A13,0.17,-0.05967033822548629,-0.08769871949684861,0.02311135825471322,0.03441187369660771,-0.04311985610916549,-0.07119955581619694
S43A13T05,A13,0.18,-0.06375100179315159,-0.09347699941278051,0.026172434288863795,0.03738256795585595,-0.04500433499706709,-0.07069813382519233
S43A13T05,A13,0.19,-0.06850489262536624,-0.09937130932763678,0.02931534842971972,0.04010224906448531,-0.04762956748540965,-0.07303106528814428
S43A13T05,A13,0.2,-0.0739837974347879,-0.10539057462595004,0.03254639591625832,0.04255160831860204,-0.05105253462038092,-0.0784163773938187
S43A13T05,A13,0.21,-0.07946270224420955,-0.11140983992426329,0.0357774434027969,0.04500096757271875,-0.05447550175535217,-0.0838016894994931
S43A13T05,A13,0.22,-0.0849416070536312,-0.11742910522257655,0.0390084908893355,0.047450326826835476,-0.05789846889032344,-0.08918700160516752
S43A13T05,A13,0.23,-0.08996587401258581,-0.1275326386915409,0.04319149808058794,0.051003358737326206,-0.06188211984608168,-0.08904440744373829
S43A13T05,A13,0.24,-0.09486024444283553,-0.13880310592354844,0.04764649375890147,0.05487172569249521,-0.06602596617920761,-0.08732241149170804
S43A13T05,A13,0.25,-0.09975461487308526,-0.15007357315555597,0.052101489437215,0.05874009264766423,-0.07016981251233356,-0.08560041553967779
S43A13T05,A13,0.26,-0.1046757694216752,-0.16126002799711464,0.05646282658435689,0.06268806706287254,-0.0741985543229896,-0.08392804895189634
S43A13T05,A13,0.27,-0.10993172544951745,-0.17139632795806237,0.05965343209185324,0.067631134728572,-0.07678848960277158,-0.08287604941722511
S43A13T05,A13,0.28,-0.11518768147735971,-0.18153262791901012,0.06284403759934959,0.07257420239427147,-0.07937842488255359,-0.08182404988255386
S43A13T05,A13,0.29,-0.12044363750520193,-0.1916689278799578,0.06603464310684591,0.07751727005997092,-0.08196836016233558,-0.08077205034788262
S43A13T05,A13,0.3,-0.12564631231048023,-0.1986041583798162,0.07011171605876795,0.08146069066814293,-0.084305022715135,-0.08209420728544763
S43A13T05,A13,0.31,-0.13075840903739988,-0.20009757079582274,0.07569578366621366,0.0837047112785183,-0.08621112163206407,-0.08745243022581425
S43A13T05,A13,0.32,-0.13587050576431953,-0.2015909832118293,0.08127985127365937,0.08594873188889368,-0.08811722054899314,-0.09281065316618088
S43A13T05,A13,0.33,-0.14098260249123915,-0.20308439562783587,0.08686391888110509,0.08819275249926904,-0.09002331946592221,-0.0981688761065475
S43A13T05,A13,0.34,-0.14622855886141595,-0.20523236470858397,0.09138907405888522,0.09104543697392421,-0.09189064011024074,-0.10332508591102225
S43A13T05,A13,0.35000000000000003,-0.1515414450532213,-0.2077076121217028,0.09538477302183258,0.09420245338071928,-0.09373857161825402,-0.1083802891475511
S43A13T05,A13,0.36,-0.15685433124502668,-0.21018285953482166,0.09938047198477994,0.09735946978751432,-0.09558650312626728,-0.1134354923840799
S43A13T05,A13,0.37,-0.16216721743683205,-0.2126581069479405,0.1033761709477273,0.10051648619430939,-0.09743443463428056,-0.11849069562060874
S43A13T05,A13,0.38,-0.17093196048013465,-0.22252993838540813,0.10930752807484792,0.10569891662465265,-0.10186294460420686,-0.126179829369832
S43A13T05,A13,0.39,-0.17982946724849486,-0.23268625382381228,0.11531333359289828,0.11095924759436315,-0.10639070759189906,-0.13397026813877425
S43A13T05,A13,0.4,-0.18872697401685504,-0.2428425692622164,0.12131913911094863,0.11621957856407365,-0.11091847057959126,-0.1417607069077165
S43A13T05,A13,0.41000000000000003,-0.19674933994967633,-0.25517455387789906,0.12712450105426054,0.12442223909137,-0.11500840559188964,-0.15378800520126504
S43A13T05,A13,0.42,-0.2022713034952437,-0.2737227361429488,0.1323571670697483,0.1410315554974827,-0.11784740353163431,-0.17792061642225956
S43A13T05,A13,0.43,-0.20779326704081108,-0.2922709184079986,0.13758983308523606,0.1576408719035955,-0.120686401471379,-0.20205322764325423
S43A13T05,A13,0.44,-0.21331523058637847,-0.31081910067304847,0.14282249910072384,0.1742501883097083,-0.1235253994111237,-0.22618583886424887
S43A13T05,A13,0.45,-0.22100560328073496,-0.3231065554291725,0.14881834098796906,0.1868379424283988,-0.1278867901973817,-0.22492618839074108
S43A13T05,A13,0.46,-0.23043070329412266,-0.33038542817815586,0.15542472357262024,0.1962084467171515,-0.13346609526085032,-0.2033527285616316
S43A13T05,A13,0.47000000000000003,-0.23985580330751038,-0.3376643009271393,0.16203110615727143,0.20557895100590426,-0.13904540032431895,-0.1817792687325221
S43A13T05,A13,0.48,-0.24928090332089803,-0.3449431736761227,0.16863748874192258,0.21494945529465692,-0.14462470538778754,-0.16020580890341274
S43A13T05,A13,0.49,-0.2582544000047955,-0.35196559705679753,0.17678342575778322,0.22191825821627928,-0.1490624095307783,-0.15626475083937227
S43A13T05,A13,0.5,-0.26714935697921643,-0.3589434205473317,0.18519711137037592,0.22846937394361813,-0.1533015743832511,-0.1553901974301264
S43A13T05,A13,0.51,-0.2760443139536374,-0.3659212440378659,0.19361079698296862,0.23502048967095696,-0.15754073923572393,-0.1545156440208805
S43A13T05,A13,0.52,-0.2851232906141822,-0.37223125249772704,0.2021053686542457,0.24293007690619892,-0.16148437473200758,-0.16131915500544566
S43A13T05,A13,0.53,-0.29526038046993885,-0.3747013245312181,0.21106503516295777,0.25865087531188363,-0.16372871643020342,-0.21227153625442274
S43A13T05,A13,0.54,-0.30539747032569553,-0.3771713965647092,0.22002470167166982,0.2743716737175683,-0.16597305812839927,-0.2632239175033998
S43A13T05,A13,0.55,-0.3155345601814522,-0.3796414685982003,0.2289843681803819,0.29009247212325306,-0.16821739982659512,-0.31417629875237685
S43A13T05,A13,0.56,-0.3260537639562546,-0.37744684028071757,0.23802264305010992,0.30219979514971934,-0.17203995344817852,-0.3318984397763038
S43A13T05,A13,0.5700000000000001,-0.33705061012986426,-0.36942133652451753,0.2471591783711079,0.30979027395216263,-0.17783527197399632,-0.30808278051891846
S43A13T05,A13,0.58,-0.3480474563034738,-0.36139583276831766,0.2562957136921058,0.3173807527546058,-0.18363059049981406,-0.2842671212615334
S43A13T05,A13,0.59,-0.3590443024770834,-0.3533703290121176,0.2654322490131038,0.3249712315570491,-0.1894259090256319,-0.2604514620041481
S43A13T05,A13,0.6,-0.37052033677986423,-0.3521073484986143,0.27854315750254727,0.3326927363599691,-0.19607694293058045,-0.2568575337508935
S43A13T05,A13,0.61,-0.3821640869278551,-0.3532112511200548,0.2930450966009466,0.34046010026305595,-0.20302747721822476,-0.2603412113490846
S43A13T05,A13,0.62,-0.3938078370758459,-0.35431515374149525,0.30754703569934594,0.3482274641661428,-0.20997801150586906,-0.26382488894727574
S43A13T05,A13,0.63,-0.4053503531143109,-0.35591648794860054,0.3220293901572105,0.3560861299643394,-0.2167492812546176,-0.26732338037571174
S43A13T05,A13,0.64,-0.4142607823051061,-0.370451043382987,0.33600254396116985,0.36631864503538863,-0.2188596729920769,-0.2712070313905148
S43A13T05,A13,0.65,-0.42317121149590126,-0.3849855988173735,0.3499756977651292,0.3765511601064378,-0.2209700647295362,-0.2750906824053178
S43A13T05,A13,0.66,-0.4320816406866964,-0.3995201542517599,0.36394885156908857,0.38678367517748696,-0.2230804564669955,-0.27897433342012085
S43A13T05,A13,0.67,-0.44171656833871054,-0.4164811383460348,0.3789693752963614,0.4022425616366935,-0.2267635317399368,-0.28388405420087465
S43A13T05,A13,0.68,-0.45280049291316254,-0.4382949797600864,0.39608463887026096,0.4281541908722142,-0.233591974083842,-0.29084591451352976
S43A13T05,A13,0.6900000000000001,-0.46388441748761455,-0.460108821174138,0.4131999024441606,0.4540658201077349,-0.24042041642774717,-0.2978077748261849
S43A13T05,A13,0.7000000000000001,-0.4749683420620665,-0.4819226625881896,0.43031516601806025,0.4799774493432556,-0.24724885877165237,-0.3047696351388401
S43A13T05,A13,0.71,-0.48643139718045253,-0.48851484049786587,0.44599427624175786,0.5072606126065039,-0.25022861927546514,-0.3160180565313247
S43A13T05,A13,0.72,-0.49811747026585873,-0.4861530986990863,0.4608285903771016,0.5353505605919453,-0.250944449285106,-0.3297879844413562
S43A13T05,A13,0.73,-0.509803543351265,-0.48379135690030667,0.4756629045124454,0.5634405085773868,-0.2516602792947469,-0.3435579123513877
S43A13T05,A13,0.74,-0.5214896164366712,-0.48142961510152704,0.49049721864778917,0.5915304565628282,-0.25237610930438775,-0.3573278402614192
S43A13T05,A13,0.75,-0.5370640254663435,-0.4911197096752133,0.5055494153500217,0.5958813855648654,-0.2568018902133935,-0.3528724468540187
S43A13T05,A13,0.76,-0.5529495013715569,-0.5017739511586967,0.5206190426576054,0.5983331930482303,-0.26152446719434846,-0.3469590277412237
S43A13T05,A13,0.77,-0.5688349772767703,-0.5124281926421802,0.5356886699651889,0.6007850005315951,-0.2662470441753034,-0.3410456086284287
S43A13T05,A13,0.78,-0.5834341232322631,-0.51632575396766,0.550525220928407,0.6031918633844616,-0.27314532507547884,-0.33549967566141653
S43A13T05,A13,0.79,-0.5935311143637331,-0.496574934740129,0.5645460046863456,0.6054414200305839,-0.28765856969292547,-0.3312399442046443
S43A13T05,A13,0.8,-0.6036281054952032,-0.4768241155125979,0.5785667884442843,0.6076909766767061,-0.30217181431037204,-0.3269802127478721
S43A13T05,A13,0.81,-0.6137250966266733,-0.4570732962850669,0.592587572202223,0.6099405333228283,-0.3166850589278187,-0.32272048129109987
S43A13T05,A13,0.8200000000000001,-0.6234544104388076,-0.4566227211191971,0.5985246726146017,0.6335835202708522,-0.32555071413131237,-0.31237381471724973
S43A13T05,A13,0.8300000000000001,-0.6328423095972731,-0.4740938011534408,0.5969554956346752,0.6770918353563553,-0.3291721791647072,-0.29637499410611323
S43A13T05,A13,0.84,-0.6422302087557384,-0.4915648811876842,0.5953863186547487,0.720600150441858,-0.332793644198102,-0.28037617349497695
S43A13T05,A13,0.85,-0.6516181079142038,-0.5090359612219278,0.5938171416748221,0.7641084655273611,-0.33641510923149676,-0.26437735288384046
S43A13T05,A13,0.86,-0.6691250731654532,-0.47600558523134073,0.5875523380967135,0.78457368239603,-0.3423590460147681,-0.3045359063663305
S43A13T05,A13,0.87,-0.6884772807105172,-0.4314976055987464,0.5802203466553817,0.7998018314881454,-0.34883081728664767,-0.3574574994155541
S43A13T05,A13,0.88,-0.7078294882555811,-0.3869896259661521,0.5728883552140499,0.8150299805802609,-0.35530258855852725,-0.41037909246477766
S43A13T05,A13,0.89,-0.7247663912662824,-0.35139938719600067,0.5662606875404125,0.8305880753120191,-0.36162713081229164,-0.45110664008963536
S43A13T05,A13,0.9,-0.7223808580020841,-0.3871510753253876,0.5652676100083301,0.8487857351609182,-0.3667738409211344,-0.3942818243195717
S43A13T05,A13,0.91,-0.7199953247378857,-0.4229027634547746,0.5642745324762477,0.8669833950098172,-0.3719205510299771,-0.33745700854950805
S43A13T05,A13,0.92,-0.7176097914736874,-0.45865445158416157,0.5632814549441654,0.8851810548587163,-0.37706726113881983,-0.2806321927794444
S43A13T05,A13,0.93,-0.7173954965368918,-0.4796054553858451,0.561243299027659,0.8994717656719463,-0.37935092465447223,-0.25756740170525433
S43A13T05,A13,0.9400000000000001,-0.7203393664399547,-0.47902819107450667,0.5576850290974452,0.9080796415242032,-0.37747015676184803,-0.2836081010977862
S43A13T05,A13,0.9500000000000001,-0.7232832363430175,-0.47845092676316825,0.5541267591672313,0.91668751737646,-0.3755893888692239,-0.3096488004903182
S43A13T05,A13,0.96,-0.7262271062460803,-0.47787366245182983,0.5505684892370175,0.9252953932287168,-0.37370862097659974,-0.3356894998828498
S43A13T05,A13,0.97,-0.7248385740681678,-0.49877667899332345,0.5409650664397948,0.9565987302848571,-0.3709656497324161,-0.3451427359140567
S43A13T05,A13,0.98,-0.7216258725930024,-0.5287240243149567,0.528816316119621,0.9974580510057904,-0.3678596454981021,-0.3476117768457584
S43A13T05,A13,0.99,-0.718413171117837,-0.55867136963659,0.5166675657994471,1.0383173717267238,-0.3647536412637881,-0.3500808177774601
S43A13T05,A13,1.0,-0.7152004696426716,-0.5886187149582234,0.5045188154792732,1.0791766924476571,-0.3616476370294741,-0.3525498587091618
S43A14T01,A14,0.0,0.0,0.0,0.0,0.0,0.0,0.0
S43A14T01,A14,0.01,0.011334171874772947,0.005412843139421275,0.008839993114665082,0.005762473888590908,0.009596057323580732,0.005561056713229273
S43A14T01,A14,0.02,0.024274495289111523,0.010541951343798829,0.018758337711818503,0.011587878727443568,0.021445938315902382,0.011104184165511934
S43A14T01,A14,0.03,0.04444250063149541,0.01439425234047963,0.03352926398016944,0.017696472842474116,0.04343802581755815,0.016566629943534826
S43A14T01,A14,0.04,0.06294390935996873,0.02272168035606237,0.0473143526745306,0.028366879529999285,0.06055354307703294,0.026933657823126782
S43A14T01,A14,0.05,0.07852877401409852,0.0388805806547235,0.05937422561440964,0.047020458219390035,0.06913506241269096,0.04588370438046458
S43A14T01,A14,0.06,0.09311403542401073,0.054048831566588795,0.07443889553750092,0.06460046169961027,0.08462225370374625,0.06430279569593396
S43A14T01,A14,0.07,0.1068662941304083,0.06839154132279092,0.09200756294660246,0.08128581917218845,0.10586417162429929,0.08227942430984635
S43A14T01,A14,0.08,0.11912459569106729,0.09113975682387965,0.11284690480197551,0.09668657765353805,0.12067722616605946,0.09594383993559089
S43A14T01,A14,0.09,0.13082266332207432,0.11704003697930086,0.1349127495747004,0.11160561151317695,0.1330794569407723,0.10799117569077249
S43A14T01,A14,0.1,0.1674813812659092,0.07875887760379982,0.16672609449673595,0.11388504530239996,0.17558864468627247,0.04842812222533506
S43A14T01,A14,0.11,0.20434931904974268,0.041694128009703735,0.1990773302044848,0.11630323199891832,0.21806635504058494,-0.010663344666446173
S43A14T01,A14,0.12,0.21834880492073505,0.08097491576057878,0.22705997362005614,0.1327485478388061,0.2301223345122339,0.00657144339895269
S43A14T01,A14,0.13,0.2290851168987362,0.12226407197686116,0.26061185710930296,0.14393014934563092,0.2438028409273398,0.027752059677339853
S43A14T01,A14,0.14,0.2311196318287608,0.1689088774342296,0.3090150474616839,0.14107517929762123,0.2618154191916641,0.05945488452369568
S43A14T01,A14,0.15,0.24073849753107962,0.19791089132990775,0.3440092790233047,0.16753303695787494,0.278438583899563,0.08961506705386013
S43A14T01,A14,0.16,0.2594585841601515,0.20574155535155778,0.3629127600360136,0.22916628786804483,0.2933944523397514,0.11792407880459514
S43A14T01,A14,0.17,0.27684825254336365,0.21130038572207463,0.38845034438911774,0.2761638255292545,0.3124829763809193,0.1461521597305287
S43A14T01,A14,0.18,0.29347768192894175,0.21556102543480107,0.41777884493673345,0.31479809847677254,0.3339330179083611,0.17433399447086134
S43A14T01,A14,0.19,0.37203667754380826,0.10514681700914005,0.4683195402502787,0.2666160566687357,0.42910100228676606,-0.022821989656593267
S43A14T01,A14,0.2,0.46435779898740537,-0.030750691002828998,0.5235740566229193,0.1991415004705758,0.5406507517431627,-0.2700530446435557
S43A14T01,A14,0.21,0.4630021515773245,0.01467805337175803,0.5324087754025136,0.25012394721647857,0.540212408013432,-0.2036244267033646
S43A14T01,A14,0.22,0.46258602104084073,0.06213741264240324,0.5392366061244743,0.29782776518209153,0.5412798809615121,-0.13981516298379992
S43A14T01,A14,0.23,0.46639771643554395,0.11873453894530965,0.5370334405870836,0.3307777536364,0.549123528959742,-0.08779299325705466
S43A14T01,A14,0.24,0.47094259500549096,0.16738093729064726,0.5296503309215451,0.36180016002310766,0.5568888290515318,-0.0465037612804994
S43A14T01,A14,0.25,0.47677054413211484,0.20211356171023986,0.5132023190317483,0.38944929779151405,0.5645170203070514,-0.023997170366776354
S43A14T01,A14,0.26,0.4973582117936907,0.27766921032884717,0.4681042870046747,0.6248766869070201,0.5548452810549572,0.08921172392605214
S43A14T01,A14,0.27,0.5302456449010599,0.38724404577996635,0.3991312381965375,1.0334526188117739,0.5307569330465184,0.27800587103480096
S43A14T01,A14,0.28,0.5392149448394331,0.4171280918120893,0.3803204067034095,1.1448824184221595,0.5241873835896715,0.32949518388264076
S43A14T01,A14,0.29,0.5392149448394331,0.4171280918120893,0.3803204067034095,1.1448824184221595,0.5241873835896715,0.32949518388264076
S43A14T01,A14,0.3,0.5392149448394331,0.4171280918120893,0.3803204067034095,1.1448824184221595,0.5241873835896715,0.32949518388264076
S43A14T01,A14,0.31,0.5392149448394331,0.4171280918120893,0.3803204067034095,1.1448824184221595,0.5241873835896715,0.32949518388264076
S43A14T01,A14,0.32,0.5392149448394331,0.4171280918120893,0.3803204067034095,1.1448824184221595,0.5241873835896715,0.32949518388264076
S43A14T01,A14,0.33,0.5392149448394331,0.4171280918120893,0.3803204067034095,1.1448824184221595,0.5241873835896715,0.32949518388264076
S43A14T01,A14,0.34,0.5392149448394331,0.4171280918120893,0.3803204067034095,1.1448824184221595,0.5241873835896715,0.32949518388264076
S43A14T01,A14,0.35000000000000003,0.5392149448394331,0.4171280918120893,0.3803204067034095,1.1448824184221595,0.5241873835896715,0.32949518388264076
S43A14T01,A14,0.36,0.5392149448394331,0.4171280918120893,0.3803204067034095,1.1448824184221595,0.5241873835896715,0.32949518388264076
S43A14T01,A14,0.37,0.5392149448394331,0.4171280918120893,0.3803204067034095,1.1448824184221595,0.5241873835896715,0.32949518388264076
S43A14T01,A14,0.38,0.5392149448394331,0.4171280918120893,0.3803204067034095,1.1448824184221595,0.5241873835896715,0.32949518388264076
S43A14T01,A14,0.39,0.5438103009320862,0.42586584292427365,0.3817796286561681,1.1434260680177404,0.5244557084151367,0.3455396012374028
S43A14T01,A14,0.4,0.549426847267551,0.4365453165058323,0.38356312215398414,1.1416460841901168,0.524783660979594,0.3651494446710007
S43A14T01,A14,0.41000000000000003,0.5533367236139869,0.4532914019587135,0.3860943513128074,1.1436666104528221,0.5250700688179663,0.37393956955038865
S43A14T01,A14,0.42,0.5584058319548432,0.4783646332243745,0.39079786451626536,1.1308269531087947,0.5251972048035631,0.3846741640320792
S43A14T01,A14,0.43,0.5686914842705918,0.540910020647545,0.4052766559205797,1.0511164695344712,0.5246076174516705,0.4041588717241316
S43A14T01,A14,0.44,0.5734192486227874,0.5922623394431,0.4193933159186607,0.9872130943610433,0.535766533428995,0.39389911399540123
S43A14T01,A14,0.45,0.5684207090387653,0.6240267881403279,0.4328762459558334,0.9509721588891829,0.5674853302324496,0.33158654178030117
S43A14T01,A14,0.46,0.5660163913093342,0.6306803927741779,0.43902196661272197,0.9334538292531028,0.5826737911508393,0.3017392696664645
S43A14T01,A14,0.47000000000000003,0.5657739251253956,0.6164082940218798,0.4390533461193738,0.9315376711468397,0.5840869721650084,0.29894641430368046
S43A14T01,A14,0.48,0.5703360683600482,0.6029953945319232,0.44802631087653194,0.918116937402411,0.5995184917192251,0.3007119853715691
S43A14T01,A14,0.49,0.5766999401266728,0.5899046947653446,0.46035237010262997,0.9003819877936701,0.6202068882259597,0.3041869663509601
S43A14T01,A14,0.5,0.5885751788396547,0.46047064087578693,0.45861938546910436,0.9570144412399786,0.6316348778344971,0.37288188711184134
S43A14T01,A14,0.51,0.5979720734734878,0.33620554362729654,0.45645852255802427,1.0172513746736553,0.6409420793732321,0.44164734060370103
S43A14T01,A14,0.52,0.5770741603694772,0.37997336691244615,0.4640779207310226,1.039165704925969,0.6383018071121408,0.44589818162385964
S43A14T01,A14,0.53,0.561803403880376,0.38219821284033595,0.4686113308922742,1.055298826076219,0.6355029525929192,0.4513775558644038
S43A14T01,A14,0.54,0.5615383983643659,0.2736417858155368,0.464915439688868,1.0560153896209665,0.632281212052017,0.46013301869264256
S43A14T01,A14,0.55,0.5715070400017478,0.21964719197928667,0.4559574980842972,1.050564079533806,0.6238001816553888,0.45215952613781096
S43A14T01,A14,0.56,0.5937560582231999,0.23112679796929333,0.44068509599832917,1.037711321088356,0.6090080034318892,0.42411128712329554
S43A14T01,A14,0.5700000000000001,0.6046510089673625,0.24811852758308517,0.43154097042034634,1.0382522534365513,0.597944239738805,0.40943013451419596
S43A14T01,A14,0.58,0.6090579211530743,0.2682600421247539,0.4258987171326408,1.046446723381115,0.5890109986345297,0.4023873169939051
S43A14T01,A14,0.59,0.6021715542583106,0.27077882049366214,0.42323825269330106,1.0427773758469876,0.581719648350182,0.41109311026424494
S43A14T01,A14,0.6,0.5927755697901078,0.26938143526862346,0.42124040799804263,1.0364716244287067,0.5747931626924849,0.42329859482139165
S43A14T01,A14,0.61,0.5906175434114892,0.27114922523521967,0.42357949995109,1.0219071311385288,0.5655787473919638,0.4235733915570032
S43A14T01,A14,0.62,0.5887515916661211,0.2703895494297929,0.4253237076752379,1.0083072509758666,0.5574033593053553,0.4216937096471524
S43A14T01,A14,0.63,0.5881999757703802,0.2582562776502629,0.42439093636933817,0.9990481298870231,0.5539035936813538,0.41011887383272116
S43A14T01,A14,0.64,0.6009884815711609,0.2156571766395198,0.4187975211697354,1.0095762232380643,0.5448959062980019,0.3962181841300333
S43A14T01,A14,0.65,0.637122200340854,0.11974287447415433,0.40504797915615237,1.0547319418589038,0.5262493558357869,0.37824725012289634
S43A14T01,A14,0.66,0.6474469021000288,0.12525071984905245,0.40142496407088996,1.062884861922834,0.5218341451660794,0.3615181905762357
S43A14T01,A14,0.67,0.6362640896837717,0.21527702150750253,0.40624072142589457,1.0402021165226734,0.5292783843234614,0.34582402641330523
S43A14T01,A14,0.68,0.6332132713412567,0.23992987290375667,0.4075664003660185,1.033940063314627,0.531306201911452,0.3415326789622334
S43A14T01,A14,0.6900000000000001,0.6332119507763949,0.2400676804516878,0.4075832999005622,1.0338357696786231,0.5313028614109206,0.3415173877781084
S43A14T01,A14,0.7000000000000001,0.636206636495468,0.2556718159388274,0.40586139854655584,0.9973572991775066,0.5353986596993514,0.34476712893763306
S43A14T01,A14,0.71,0.6393870584433131,0.2725526391928246,0.4041972474441272,0.9594131567344412,0.5395679815547311,0.3470428900019973
S43A14T01,A14,0.72,0.6414288363949431,0.2867340121761928,0.4048493997460263,0.9431864717369932,0.540373400290638,0.336313817771107
S43A14T01,A14,0.73,0.6382806789607741,0.30063597681233645,0.4079421618658013,0.9278274241643854,0.5418722780687286,0.33146607689685387
S43A14T01,A14,0.74,0.6212926938311415,0.3137928525225477,0.4175432168332457,0.9147820763913511,0.5452203799593097,0.34230188630696634
S43A14T01,A14,0.75,0.6073524341835315,0.33241067698138316,0.4316422177504319,0.8621218510817298,0.5430153441076471,0.34225777574827243
S43A14T01,A14,0.76,0.5970694451143486,0.3575816399385675,0.4511387538073082,0.7619237727282056,0.5341465429652922,0.3291577612270112
S43A14T01,A14,0.77,0.5906059929042723,0.3780345237880615,0.45877862041860523,0.701424052700099,0.5349536204510396,0.3189161021404929
S43A14T01,A14,0.78,0.5863251331851141,0.39579136243316115,0.4596432473467144,0.6636091088579446,0.5412897714385596,0.31030778901668465
S43A14T01,A14,0.79,0.5796850817138054,0.39729764885247726,0.45623840744009186,0.6341973040770545,0.5412891089079872,0.3294352759001753
S43A14T01,A14,0.8,0.5725207654086855,0.3951927014438415,0.45188479712575125,0.6066528635320015,0.5398802655956167,0.35472627389639855
S43A14T01,A14,0.81,0.5742895975380378,0.3794659677772952,0.45197891711277355,0.6358059770492973,0.5391888329804082,0.3739867089569712
S43A14T01,A14,0.8200000000000001,0.5763078291233825,0.3641374494847102,0.45199490727710184,0.666858258717532,0.5385362803044741,0.3917228037419745
S43A14T01,A14,0.8300000000000001,0.5794483582606936,0.350600900374951,0.4516593132393069,0.7064567970649911,0.5380586873552748,0.4025993672869159
S43A14T01,A14,0.84,0.5821538769587187,0.32711766480051535,0.4533143695859616,0.7351999469785397,0.5325811294460372,0.43281975249291277
S43A14T01,A14,0.85,0.5840981273879936,0.28622772791289564,0.45845306410540293,0.7449461671327468,0.5183536328567326,0.49689182560575657
S43A14T01,A14,0.86,0.5921485972148663,0.23927408854787377,0.4587249695024228,0.7727550171098448,0.5077530482384349,0.5523017603966385
S43A14T01,A14,0.87,0.6052875832064039,0.1872673637850168,0.45494121729742487,0.8156160586060188,0.500174890262643,0.6004932465858854
S43A14T01,A14,0.88,0.6094495460636552,0.17016041032146761,0.45434158898574784,0.8219193782923885,0.49803543441295206,0.6163974095106085
S43A14T01,A14,0.89,0.6102451252455492,0.16614087109515854,0.4549360071340661,0.8145135523000818,0.4979354918605491,0.6201938262111354
S43A14T01,A14,0.9,0.6111463144406655,0.16050779515355604,0.4565410685716104,0.813485900419755,0.49856428495363647,0.6231890408130119
S43A14T01,A14,0.91,0.6121268313009757,0.15559769769501863,0.45815823332392597,0.8126864361437501,0.4991706548459058,0.6254148565060624
S43A14T01,A14,0.92,0.6137950148000033,0.1595309217824252,0.4588857879347282,0.8077906737989861,0.49882405708450384,0.6207478852095041
S43A14T01,A14,0.93,0.6149721218249115,0.1625097164294036,0.45945837708356707,0.8036161766135964,0.49858002672071416,0.6172506016718862
S43A14T01,A14,0.9400000000000001,0.6148396915855006,0.16294336590190686,0.45961772500050385,0.8013650531865391,0.49860950941722393,0.6168724854914429
S43A14T01,A14,0.9500000000000001,0.614863279433624,0.16345211610354585,0.4588729637568846,0.7914969757502927,0.49948068879893615,0.6106856753712019
S43A14T01,A14,0.96,0.6150740889867884,0.1640509871801477,0.45704327152059804,0.77248855350302,0.5013619042028912,0.5975284325232041
S43A14T01,A14,0.97,0.615149009389525,0.1642776806541733,0.4563785254543831,0.7655620856350472,0.5020471946429168,0.5927427573870578
S43A14T01,A14,0.98,0.61514627884916,0.16429170121244102,0.4563794629139234,0.7655395916981032,0.5020490993892686,0.5927408352291126
S43A14T01,A14,0.99,0.6123680339198825,0.1687028651576753,0.45836758584722925,0.754134045502991,0.5001301668444932,0.600506396702892
S43A14T01,A14,1.0,0.6089730080152911,0.174091172077791,0.460797305552483,0.7401989321393971,0.49778438156835625,0.6099980656503878
S43A14T03,A14,0.0,0.0,0.0,0.0,0.0,0.0,0.0
S43A14T03,A14,0.01,0.0033918141062992267,0.011514976948096157,0.0011740571543925474,-0.0018362062123067047,0.0022669934828921123,-0.0007770195786313594
S43A14T03,A14,0.02,0.0067836282125984535,0.023029953896192314,0.002348114308785095,-0.0036724124246134094,0.0045339869657842246,-0.0015540391572627188
S43A14T03,A14,0.03,0.011240206310359366,0.03201551331719536,0.004664012657699066,-0.003939773353043205,0.0049158559663419026,-0.003982029775845702
S43A14T03,A14,0.04,0.01585260352882199,0.040630914075696994,0.0071470097180064175,-0.003977547166759306,0.0050218530914360035,-0.006651625912470385
S43A14T03,A14,0.05,0.020234641520850364,0.049983603923194106,0.009239745927375979,-0.001596908735710088,0.0071232863995159615,-0.006233573952046622
S43A14T03,A14,0.06,0.024537699206672703,0.05958907860120395,0.01119867841642401,0.001612899607830092,0.009908869256048211,-0.004756899786920536
S43A14T03,A14,0.07,0.03585137127547977,0.05773234112411259,0.015357979728112812,0.0026136218179563858,0.015319194272648183,-0.018324951235164307
S43A14T03,A14,0.08,0.05151645916820835,0.04876112713695843,0.02088302720557863,0.002243187117687855,0.022358669595497073,-0.04123110823653414
S43A14T03,A14,0.09,0.06435493889528343,0.047037358328877274,0.02794744818457611,-0.004328376400384945,0.026518499414121845,-0.05057459201654217
S43A14T03,A14,0.1,0.07424391444950268,0.05287614101200271,0.03661817194778057,-0.0173706830326883,0.02767348175007798,-0.04576572113078137
S43A14T03,A14,0.11,0.08483302875654171,0.05894680500165887,0.044729657856040765,-0.029193442729896817,0.029372424563907824,-0.04119858984038905
S43A14T03,A14,0.12,0.09665768203914508,0.06542667129695748,0.051854253432046436,-0.038864060776938,0.03203129763280893,-0.03705805783594113
S43A14T03,A14,0.13,0.1083572754662728,0.06909696479732731,0.05689801626327709,-0.04134092172500418,0.03369188358896034,-0.027957779496977208
S43A14T03,A14,0.14,0.11964758209366197,0.06357229278702112,0.0551317810206986,-0.020274577621879543,0.032085348085203635,-0.002625604063233783
S43A14T03,A14,0.15,0.13118538353437617,0.0583056227921885,0.05465449842780369,-0.00029600053459873793,0.03181691866992007,0.02183478366015456
S43A14T03,A14,0.16,0.14480214140702105,0.05520616972733355,0.06500441809225083,0.010545333619594487,0.04278858039781084,0.03897215461656088
S43A14T03,A14,0.17,0.15841889927966593,0.0521067166624786,0.07535433775669795,0.021386667773787713,0.0537602421257016,0.05610952557296721
S43A14T03,A14,0.18,0.17162678557765326,0.05521937102687216,0.08262258514154074,0.03755883514154064,0.06020147650738779,0.07303626898785645
S43A14T03,A14,0.19,0.18482578336314803,0.058467071204945036,0.08982383965073998,0.05384689018784924,0.06654422333806954,0.08995843354314753
S43A14T03,A14,0.2,0.19763719978219274,0.07377701911813032,0.10038967536794141,0.06658670905934758,0.07208686211107995,0.11077824394701732
S43A14T03,A14,0.21,0.2103807894621086,0.09119786038496022,0.11154431279654321,0.07870558660025408,0.07748948197399787,0.13228014237438832
S43A14T03,A14,0.22,0.21491118856445304,0.12491844442382805,0.12429540100729422,0.08399384766256758,0.10048624391879311,0.10022601564730871
S43A14T03,A14,0.23,0.2163012500930201,0.1648712830520045,0.13765689687004343,0.08667040242424257,0.1302101778360709,0.047694585184703736
S43A14T03,A14,0.24,0.22455170122414844,0.18445485307961718,0.14854095703114814,0.09848619750966364,0.14934281216305376,0.03535596645992882
S43A14T03,A14,0.25,0.23745741672844348,0.19021641941399026,0.1577439001089941,0.11650361995762679,0.16128849319662233,0.050291041414395686
S43A14T03,A14,0.26,0.25057307736847584,0.2004795824954289,0.17311315858838977,0.13377213502881932,0.17415938620789106,0.06676050437195342
S43A14T03,A14,0.27,0.2639273120263915,0.21585819642580562,0.19548959366045549,0.15018961899004526,0.18808165646654634,0.08497359006029624
S43A14T03,A14,0.28,0.2788183675088305,0.22798800618070555,0.21857107962977643,0.16298033255946384,0.20270404783411036,0.1012865038887978
S43A14T03,A14,0.29,0.2966870133387832,0.2338232578456193,0.24301860171252915,0.16874417849475565,0.21868292385018495,0.1139178347388569
S43A14T03,A14,0.3,0.31428705468986246,0.23845916772697195,0.2663443572403114,0.17667390130769411,0.23479389200254835,0.12515616006895472
S43A14T03,A14,0.31,0.33089325946910936,0.2386575130091484,0.2855195765147025,0.1926173685679251,0.2513936010591799,0.13124036497519548
S43A14T03,A14,0.32,0.3471487761327115,0.23980030445302383,0.3052160953258076,0.20841105870471388,0.26789804748454915,0.13751065002361146
S43A14T03,A14,0.33,0.35963439555313265,0.25109589213516387,0.3305165841565885,0.22259464476449864,0.2833784206238484,0.14578129660041064
S43A14T03,A14,0.34,0.37212001497355385,0.2623914798173039,0.3558170729873694,0.2367782308242834,0.29885879376314767,0.15405194317720983
S43A14T03,A14,0.35000000000000003,0.3853393050449744,0.28721887657817763,0.37758760259867785,0.2652875659775841,0.3180119858432214,0.17891269385103367
S43A14T03,A14,0.36,0.3985912027008837,0.31264768707588375,0.3992012451335652,0.2944336010905964,0.33732841432066274,0.2045107824847251
S43A14T03,A14,0.37,0.4095085352441948,0.3412605610010308,0.4266066134366436,0.31995664914220995,0.35151383692590865,0.23215608851282266
S43A14T03,A14,0.38,0.4199469826362036,0.3705265761420631,0.4552000280511458,0.344736520360716,0.36464674550608883,0.260221336570542
S43A14T03,A14,0.39,0.4367639002298984,0.3815422736429844,0.47939126572430485,0.3768404838639533,0.38213556861107945,0.2877638809890092
S43A14T03,A14,0.4,0.45628683548491455,0.3848154121450708,0.5017149131799244,0.41205163803344014,0.4014723554538685,0.31508467234839965
S43A14T03,A14,0.41000000000000003,0.47971810402261994,0.37599028725015887,0.5188514289817534,0.44402780471417536,0.42496923535021025,0.33518201794298347
S43A14T03,A14,0.42,0.5060444342512062,0.35820348576487815,0.5321456250400338,0.4736076843662056,0.4515476656565908,0.34992866297104375
S43A14T03,A14,0.43,0.5313148593608988,0.34434306248589897,0.5440370045683199,0.5029299357816988,0.47615533039892116,0.36498296040380374
S43A14T03,A14,0.44,0.5552779733710089,0.3353438693671027,0.5541915636308989,0.5319332189043363,0.49832299968099864,0.3804181608138109
S43A14T03,A14,0.45,0.5697801305724445,0.3329062261534993,0.5628804857447042,0.555066047878493,0.5158168118844847,0.3966053861032346
S43A14T03,A14,0.46,0.5640989132487079,0.34446655607097365,0.5684427157011254,0.5656752413358908,0.5233397289869759,0.4143969311354134
S43A14T03,A14,0.47000000000000003,0.5575268265987358,0.35835875714072807,0.5728693159139261,0.5782468891561134,0.5303662979309713,0.4342127652161279
S43A14T03,A14,0.48,0.5471932916824357,0.38209663640899827,0.5725010349869961,0.5991044553971522,0.5352971746502073,0.4625755975017698
S43A14T03,A14,0.49,0.5366625804048726,0.4031856028658101,0.5722918995110962,0.6190537546746703,0.5397390321303879,0.4872300025893721
S43A14T03,A14,0.5,0.5232399491621177,0.385423848087899,0.5744168973169701,0.6256818051538842,0.5370086074377558,0.45749414210572426
S43A14T03,A14,0.51,0.5098173179193629,0.36766209330998784,0.576541895122844,0.6323098556330979,0.5342781827451237,0.42775828162207646
S43A14T03,A14,0.52,0.5020078493386126,0.3719190773659565,0.5763953868072215,0.6247189189117136,0.5408631907160238,0.4075503342707111
S43A14T03,A14,0.53,0.49458109639390824,0.37767733906968953,0.5760940030742243,0.6161585057902886,0.5480833418230738,0.3879920173601831
S43A14T03,A14,0.54,0.4820833101915829,0.43002624476189566,0.5129049900789296,0.795525915982251,0.5441509973610353,0.4046243713844729
S43A14T03,A14,0.55,0.46838448979666314,0.4934097766618978,0.43482153857414396,1.0194025474852775,0.5375772723694758,0.42982820010385087
S43A14T03,A14,0.56,0.46856714148659534,0.5027106790842515,0.40971439250806696,1.0943034800324811,0.5487931555828601,0.45872396124692266
S43A14T03,A14,0.5700000000000001,0.4752567332163018,0.48666034893895777,0.4094398896163844,1.0993720536941431,0.5683479176423116,0.4893503157136008
S43A14T03,A14,0.58,0.47650875103509555,0.47461148907220485,0.4132362020790951,1.1098069993508235,0.5828132103575505,0.4959158495177066
S43A14T03,A14,0.59,0.4733688822335368,0.4657945859688884,0.4203204807895851,1.1245763223880958,0.5931677778332333,0.48304764355588925
S43A14T03,A14,0.6,0.4713619548752153,0.43632557792209037,0.4249155131438022,1.1320421031096224,0.6010732379355856,0.4858066607871478
S43A14T03,A14,0.61,0.47088449846526403,0.37897622820159216,0.4261500629170509,1.1296481017048927,0.605672403083942,0.5096624293290589
S43A14T03,A14,0.62,0.47054873499573235,0.32412544886291983,0.4264152010010217,1.130072481579635,0.6125242105876947,0.5335610465251944
S43A14T03,A14,0.63,0.4705469620286183,0.2751641568528371,0.4243952972459804,1.1371401887559902,0.6246858179291672,0.5575606641205731
S43A14T03,A14,0.64,0.4707569049512698,0.2332026227247073,0.42295152496802035,1.1461994796799344,0.6357084314102096,0.5756428161758345
S43A14T03,A14,0.65,0.47199896283652837,0.22536490827109865,0.4243163936408313,1.1649677413733752,0.6411784498216554,0.5648773237230224
S43A14T03,A14,0.66,0.4733428278631076,0.21770017161310756,0.4257735751891993,1.1831685356689354,0.6470770997166811,0.5546112964940245
S43A14T03,A14,0.67,0.4769773535694015,0.21392743535651088,0.4293077964376003,1.1886013135121853,0.6626199579922539,0.5555832368008473
S43A14T03,A14,0.68,0.48061187927569543,0.21015469909991416,0.4328420176860014,1.194034091355435,0.6781628162678268,0.5565551771076702
S43A14T03,A14,0.6900000000000001,0.505726744065387,0.25209360502730116,0.40176029332326296,1.2641460536687226,0.6867941304001732,0.41691488906716406
S43A14T03,A14,0.7000000000000001,0.5328397799326037,0.29828475673924437,0.36745848099669787,1.340274684304804,0.6947825101936148,0.2641943937385354
S43A14T03,A14,0.71,0.5265865635998966,0.3060806010754825,0.3745501430681777,1.3470811912706924,0.724772137387403,0.2547437072116215
S43A14T03,A14,0.72,0.5113154412672103,0.303499335310179,0.3928292306526425,1.335151989136529,0.7607080476623663,0.28401459063111606
S43A14T03,A14,0.73,0.5028220356944179,0.30689435380965213,0.40842336881708896,1.2996452833754992,0.7708873058764395,0.31458793942136143
S43A14T03,A14,0.74,0.49782680651382866,0.3133739061232036,0.4226317266357194,1.2519695434844742,0.7677728081881181,0.34583352840296205
S43A14T03,A14,0.75,0.4883366688882157,0.31974452106106727,0.43716468798552693,1.2131049870196455,0.7702590416374014,0.3683379295768547
S43A14T03,A14,0.76,0.47489101183098187,0.3260192711083256,0.45198330044277024,1.1819942719698697,0.777673918487777,0.3831500854799644
S43A14T03,A14,0.77,0.46515857187723003,0.3111958637473471,0.4624751496984329,1.1559135986425244,0.7824797827292244,0.4104827673483649
S43A14T03,A14,0.78,0.46089824133913576,0.26528043494265136,0.46659071634123994,1.137245618379814,0.7834407862838306,0.4562667506392993
S43A14T03,A14,0.79,0.4554782657406756,0.23888446202973823,0.4699001524629552,1.1159657501497227,0.7869028501684393,0.48667100202390795
S43A14T03,A14,0.8,0.44702537229202777,0.2635393737568718,0.47110124722181485,1.0878547903126348,0.7969061487622854,0.4768513391919728
S43A14T03,A14,0.81,0.4345546657099094,0.28826800311225387,0.47294913980126646,1.054669542814495,0.8046911842886479,0.46833034932771056
S43A14T03,A14,0.8200000000000001,0.3991250269365328,0.3134178760576272,0.4784930199269575,0.9924883658246313,0.7998004308579625,0.4672303478501501
S43A14T03,A14,0.8300000000000001,0.36444921026471766,0.33803264532331156,0.4839189451563572,0.9316301926005099,0.7950137360109086,0.4661537506593463
S43A14T03,A14,0.84,0.36444921026471766,0.33803264532331156,0.4839189451563572,0.9316301926005099,0.7950137360109086,0.4661537506593463
S43A14T03,A14,0.85,0.36444921026471766,0.33803264532331156,0.4839189451563572,0.9316301926005099,0.7950137360109086,0.4661537506593463
S43A14T03,A14,0.86,0.36444921026471766,0.33803264532331156,0.4839189451563572,0.9316301926005099,0.7950137360109086,0.4661537506593463
S43A14T03,A14,0.87,0.36444921026471766,0.33803264532331156,0.4839189451563572,0.9316301926005099,0.7950137360109086,0.4661537506593463
S43A14T03,A14,0.88,0.36444921026471766,0.33803264532331156,0.4839189451563572,0.9316301926005099,0.7950137360109086,0.4661537506593463
S43A14T03,A14,0.89,0.36444921026471766,0.33803264532331156,0.4839189451563572,0.9316301926005099,0.7950137360109086,0.4661537506593463
S43A14T03,A14,0.9,0.35421903695696,0.33907373056047585,0.48931401888382575,0.9271670015002501,0.7915733120404349,0.465302511259185
S43A14T03,A14,0.91,0.3381917654414732,0.34070476409869993,0.49776630105685976,0.9201746687765099,0.7861833144866929,0.463968902865599
S43A14T03,A14,0.92,0.32602013965042675,0.3436945439473018,0.5026162552051489,0.9126299740772191,0.7833126379044889,0.4607132677873012
S43A14T03,A14,0.93,0.3175435076786356,0.3479864556766825,0.5040139783297242,0.9045559324846923,0.7828563105866757,0.45561569046948797
S43A14T03,A14,0.9400000000000001,0.3109804098311138,0.3536409701338482,0.5056307645343324,0.8954754881213683,0.7820604484659682,0.448350673075343
S43A14T03,A14,0.9500000000000001,0.3075002280726926,0.36149078898577863,0.5076004857012157,0.88477361707176,0.7807175580517088,0.4375936688915526
S43A14T03,A14,0.96,0.3038932277238324,0.3678199611222699,0.510049413147512,0.8769530584722189,0.7789885736039837,0.42860900329148394
S43A14T03,A14,0.97,0.29991633981952515,0.36971391367206413,0.5138960255754286,0.8775363278520399,0.77613348155865,0.4247936585606033
S43A14T03,A14,0.98,0.2965175926604142,0.371840472299086,0.5162030151416439,0.8797207769824642,0.7740378719723305,0.420815179101237
S43A14T03,A14,0.99,0.2970694739268118,0.37555650578716326,0.5079892484862331,0.8928466210753444,0.7771320591892754,0.4157219456638848
S43A14T03,A14,1.0,0.2976213551932094,0.3792725392752405,0.4997754818308222,0.9059724651682245,0.7802262464062202,0.41062871222653263
S43A14T05,A14,0.0,0.0,0.0,0.0,0.0,0.0,0.0
S43A14T05,A14,0.01,0.008133935237923783,0.008985279232064377,0.008115521237569171,0.006905093381123864,0.008855464432158714,0.020268532669463383
S43A14T05,A14,0.02,0.016267870475847566,0.017970558464128754,0.016231042475138343,0.013810186762247729,0.017710928864317427,0.040537065338926766
S43A14T05,A14,0.03,0.02440180571377135,0.026955837696193127,0.024346563712707516,0.02071528014337159,0.026566393296476136,0.06080559800839015
S43A14T05,A14,0.04,0.032043962783761745,0.03333551063532413,0.03390628447082613,0.029675056443482412,0.03535028046278201,0.08016211395887572
S43A14T05,A14,0.05,0.03928655009230626,0.03759812846144677,0.044639417339391155,0.040304262615270134,0.04407601110058246,0.09877761632519182
S43A14T05,A14,0.06,0.046529137400850774,0.0418607462875694,0.05537255020795619,0.05093346878705784,0.052801741738382896,0.1173931186915079
S43A14T05,A14,0.07,0.05371426532850014,0.0467081489954922,0.06603593676569168,0.06081392230035976,0.06151343180336128,0.13507018534340035
S43A14T05,A14,0.08,0.06040141195505813,0.056623687345683,0.07609485529623777,0.06420518610678473,0.07010343690388167,0.14461414247028795
S43A14T05,A14,0.09,0.06708855858161612,0.06653922569587381,0.08615377382678385,0.0675964499132097,0.07869344200440206,0.15415809959717552
S43A14T05,A14,0.1,0.07377570520817411,0.07645476404606462,0.09621269235732995,0.07098771371963468,0.08728344710492247,0.16370205672406313
S43A14T05,A14,0.11,0.08055239842812267,0.0880943198148413,0.10704371034653785,0.08049037965806134,0.09788898362152587,0.1754915538119556
S43A14T05,A14,0.12,0.08737622143406627,0.10064125317234739,0.11828109647188355,0.09320957303438361,0.10955532614659402,0.18846291403721904
S43A14T05,A14,0.13,0.09420004444000989,0.11318818652985349,0.12951848259722926,0.10592876641070591,0.12122166867166217,0.2014342742624825
S43A14T05,A14,0.14,0.10165064489501795,0.1260073538793928,0.14016342524917774,0.11883221309097469,0.13253463357546433,0.21357242166140183
S43A14T05,A14,0.15,0.11150389223810642,0.1398700848650593,0.14853733458643673,0.13244196410303835,0.1424929842644134,0.22251658655933532
S43A14T05,A14,0.16,0.1213571395811949,0.15373281585072587,0.15691124392369576,0.14605171511510204,0.15245133495336252,0.2314607514572688
S43A14T05,A14,0.17,0.13121038692428338,0.16759554683639244,0.16528515326095478,0.15966146612716572,0.16240968564231162,0.2404049163552023
S43A14T05,A14,0.18,0.1401074917474309,0.1779902090325868,0.17581561059515924,0.17560029809515926,0.175599234907481,0.24672265897974666
S43A14T05,A14,0.19,0.14870036940514267,0.18728139479576736,0.18703224229202822,0.19228020127640327,0.1898168928105387,0.2522047217900309
S43A14T05,A14,0.2,0.15729324706285444,0.1965725805589479,0.19824887398889718,0.20896010445764726,0.20403455071359639,0.2576867846003151
S43A14T05,A14,0.21,0.1673849987267831,0.20417712152951722,0.21132497448707813,0.22317782574440242,0.21905227325436244,0.2571256326293624
S43A14T05,A14,0.22,0.18080758151563833,0.20803356296095052,0.2285332278770636,0.23192403171007142,0.23584791721225828,0.24313511447788322
S43A14T05,A14,0.23,0.19423016430449352,0.21189000439238379,0.24574148126704903,0.24067023767574044,0.25264356117015413,0.22914459632640405
S43A14T05,A14,0.24,0.2076527470933487,0.21574644582381708,0.2629497346570344,0.24941644364140944,0.26943920512805,0.21515407817492493
S43A14T05,A14,0.25,0.2144719276616998,0.2236874122808401,0.27788130878592787,0.276216658822549,0.2831635613333964,0.2252656273734355
S43A14T05,A14,0.26,0.2202345638747703,0.2322819027419575,0.2924486142330466,0.30590551547816386,0.29639651149833496,0.23923350734794435
S43A14T05,A14,0.27,0.22599720008784083,0.2408763932030749,0.3070159196801653,0.3355943721337787,0.3096294616632735,0.25320138732245323
S43A14T05,A14,0.28,0.23331587698638526,0.2439510112637287,0.3198744764161053,0.35931391977548033,0.3229759266948035,0.25561198382370975
S43A14T05,A14,0.29,0.24283894485601767,0.23920581009039246,0.33031230581120874,0.3745769463141384,0.3364832044540048,0.24164976207119235
S43A14T05,A14,0.3,0.2523620127256502,0.23446060891705617,0.3407501352063122,0.3898399728527966,0.3499904822132062,0.22768754031867489
S43A14T05,A14,0.31,0.26188508059528265,0.2297154077437199,0.35118796460141566,0.4051029993914548,0.3634977599724076,0.21372531856615742
S43A14T05,A14,0.32,0.27520397222067283,0.23604445806051638,0.36485955447018215,0.41127248049557286,0.37817259639845724,0.22354899532423825
S43A14T05,A14,0.33,0.2886584289801972,0.2427690173591033,0.37864663578443664,0.4171171921198859,0.3928891313483229,0.2342221684576976
S43A14T05,A14,0.34,0.3021128857397216,0.24949357665769026,0.3924337170986911,0.42296190374419895,0.4076056662981885,0.244895341591157
S43A14T05,A14,0.35000000000000003,0.31082063229635704,0.25620830014303664,0.4021616723690588,0.4304840875301917,0.4180912388224983,0.25509933513597466
S43A14T05,A14,0.36,0.3150981159969628,0.2629138435360251,0.4081011099984655,0.4395719120004186,0.42462791308295594,0.2648654277313934
S43A14T05,A14,0.37,0.3193755996975685,0.2696193869290136,0.4140405476278721,0.44865973647064566,0.4311645873434136,0.27463152032681215
S43A14T05,A14,0.38,0.3244890070574574,0.2737628486101914,0.41953737183384254,0.4591823898392138,0.43834344770549183,0.28575175336955455
S43A14T05,A14,0.39,0.3408873838176685,0.24331820718192593,0.41905891482342306,0.4890752333353861,0.4541918204394469,0.3151528824511658
S43A14T05,A14,0.4,0.3572857605778796,0.21287356575366045,0.4185804578130036,0.5189680768315584,0.47004019317340195,0.344554011532777
S43A14T05,A14,0.41000000000000003,0.37368413733809064,0.18242892432539498,0.41810200080258414,0.5488609203277308,0.485888565907357,0.37395514061438817
S43A14T05,A14,0.42,0.37523822368862414,0.18595310528042078,0.42061316231931367,0.5544773703881614,0.48454153391681165,0.3895021808894677
S43A14T05,A14,0.43,0.36772079923324363,0.2102360110252356,0.4249513129359676,0.5452582466823056,0.47268619903907155,0.39658283356055585
S43A14T05,A14,0.44,0.3602033747778632,0.23451891677005038,0.42928946355262154,0.5360391229764497,0.4608308641613315,0.403663486231644
S43A14T05,A14,0.45,0.3542104098255328,0.2557876681263137,0.4319119181550382,0.5295700159943938,0.45178211382156874,0.41243763139969375
S43A14T05,A14,0.46,0.35553485048784267,0.26258847841752986,0.42629903188911605,0.5363009892865771,0.456204969264097,0.42934054055315946
S43A14T05,A14,0.47000000000000003,0.3568592911501525,0.269389288708746,0.42068614562319395,0.5430319625787605,0.46062782470662517,0.44624344970662516
S43A14T05,A14,0.48,0.3581837318124624,0.2761900989999621,0.41507325935727185,0.5497629358709438,0.46505068014915335,0.4631463588600908
S43A14T05,A14,0.49,0.3609210889439982,0.280542358475248,0.412640004275489,0.5497873295623543,0.46597372292027295,0.45305535927281193
S43A14T05,A14,0.5,0.3641966999685725,0.28396183668732233,0.4114180372638545,0.5472568357868037,0.46556350372133215,0.4326809658795352
S43A14T05,A14,0.51,0.3674723109931468,0.28738131489939667,0.41019607025222005,0.5447263420112533,0.46515328452239135,0.41230657248625846
S43A14T05,A14,0.52,0.3703431546297055,0.28874194857501795,0.40799313650623037,0.5477484386302538,0.4629281424715197,0.40538192420980085
S43A14T05,A14,0.53,0.3721514838727235,0.2846981153424499,0.4032151650825584,0.5653460850349511,0.4559388279343297,0.4337628568649937
S43A14T05,A14,0.54,0.37395981311574145,0.28065428210988186,0.3984371936588864,0.5829437314396483,0.44894951339713973,0.46214378952018664
S43A14T05,A14,0.55,0.3757681423587594,0.2766104488773138,0.39365922223521443,0.6005413778443456,0.44196019885994975,0.49052472217537946
S43A14T05,A14,0.56,0.38234888314428617,0.28814923714819224,0.37946393590888783,0.674739168452834,0.4351745892622042,0.4811224164106416
S43A14T05,A14,0.5700000000000001,0.38992387633450226,0.30293440489895523,0.3633067089778415,0.7607286557704451,0.4284314181935096,0.46384860264175165
S43A14T05,A14,0.58,0.3974988695247183,0.3177195726497181,0.3471494820467954,0.8467181430880553,0.42168824712481506,0.44657478887286195
S43A14T05,A14,0.59,0.40489068300039516,0.32369412721426216,0.33472513920223546,0.9296616851845965,0.41806611522746295,0.4163534608085177
S43A14T05,A14,0.6,0.4119827478522805,0.31525131474681156,0.32840915213556204,1.007620953283023,0.41955113833776225,0.36494529116979363
S43A14T05,A14,0.61,0.4190748127041659,0.306808502279361,0.32209316506888863,1.0855802213814496,0.4210361614480616,0.3135371215310696
S43A14T05,A14,0.62,0.4261668775560513,0.2983656898119105,0.3157771780022153,1.1635394894798763,0.4225211845583609,0.26212895189234553
S43A14T05,A14,0.63,0.42896585998453396,0.2976231079093384,0.31441915640627716,1.16528943560397,0.4185071029408311,0.2645713491566515
S43A14T05,A14,0.64,0.43144683630757935,0.2974509134560166,0.31342839151187507,1.1613942467670022,0.414085680232351,0.27100267730266353
S43A14T05,A14,0.65,0.4339278126306248,0.2972787190026948,0.31243762661747293,1.1574990579300342,0.4096642575238709,0.2774340054486756
S43A14T05,A14,0.66,0.43350144000485685,0.31581217120602867,0.3150451654476394,1.1409904112372269,0.40718422159101997,0.29008282998945745
S43A14T05,A14,0.67,0.4299600506482176,0.35438738768435035,0.3215080296969864,1.1109673454131637,0.4067842429177716,0.3093932578103497
S43A14T05,A14,0.68,0.4264186612915783,0.392962604162672,0.3279708939463334,1.0809442795891002,0.4063842642445233,0.32870368563124197
S43A14T05,A14,0.6900000000000001,0.42259824462424306,0.43066826964865706,0.3345277959899717,1.0493002242285125,0.40670793773424757,0.34791286815416933
S43A14T05,A14,0.7000000000000001,0.41096506325742177,0.4440265073492186,0.34371775627376766,0.9722684618452401,0.4272938717872056,0.3642871823340806
S43A14T05,A14,0.71,0.39933188189060065,0.45738474504978,0.35290771655756353,0.8952366994619685,0.4478798058401634,0.3806614965139916
S43A14T05,A14,0.72,0.38769870052377936,0.4707429827503415,0.3620976768413595,0.818204937078696,0.46846573989312146,0.39703581069390287
S43A14T05,A14,0.73,0.3853628966085947,0.4753451250021491,0.3661369510925751,0.80100726504216,0.479939606455219,0.40624524427260195
S43A14T05,A14,0.74,0.38958994736515357,0.4737664939960127,0.3665404469678515,0.8260454214856738,0.48498142537670896,0.41039711507397475
S43A14T05,A14,0.75,0.39381699812171245,0.4721878629898763,0.3669439428431279,0.8510835779291877,0.490023244298199,0.4145489858753475
S43A14T05,A14,0.76,0.39889668729376293,0.4616339834363406,0.36715374156239156,0.8774612710881486,0.4949021831637499,0.4182488433199999
S43A14T05,A14,0.77,0.4093053665626358,0.39498480046156115,0.36615293305657554,0.9122110687186545,0.49876312167968123,0.4191236172851501
S43A14T05,A14,0.78,0.4197140458315086,0.3283356174867817,0.3651521245507595,0.9469608663491605,0.5026240601956126,0.4199983912503002
S43A14T05,A14,0.79,0.43012272510038146,0.26168643451200224,0.36415131604494344,0.9817106639796664,0.506484998711544,0.4208731652154503
S43A14T05,A14,0.8,0.4495864373589679,0.2244216790581863,0.3627034934776388,1.004552896096047,0.5052590000550332,0.40497549175425196
S43A14T05,A14,0.81,0.4731249144629254,0.20037991598880386,0.3610545145826642,1.0220367237310712,0.5017438796709234,0.3815302169511968
S43A14T05,A14,0.8200000000000001,0.496663391566883,0.17633815291942145,0.3594055356876896,1.0395205513660957,0.49822875928681365,0.35808494214814174
S43A14T05,A14,0.8300000000000001,0.5146090571220925,0.163267576104026,0.359325852775765,1.044742518234444,0.49448326076068433,0.3459185213808018
S43A14T05,A14,0.84,0.5149773149526663,0.18467787037258784,0.36417824295342566,1.0114272084075273,0.49001371664535087,0.3691999275828509
S43A14T05,A14,0.85,0.51534557278324,0.20608816464114993,0.36903063313108636,0.9781118985806103,0.4855441725300174,0.3924813337849003
S43A14T05,A14,0.86,0.5157138306138137,0.22749845890971204,0.37388302330874706,0.9447965887536933,0.4810746284146839,0.4157627399869496
S43A14T05,A14,0.87,0.5184328943779405,0.23554305154346766,0.3757437162661436,0.9032947134280087,0.4836753803069652,0.42246442266536366
S43A14T05,A14,0.88,0.5217652118638637,0.240100939402926,0.3768239664704278,0.8596572123200371,0.48812055724471126,0.42484096007674255
S43A14T05,A14,0.89,0.5250975293497869,0.2446588272623844,0.377904216674712,0.8160197112120654,0.4925657341824573,0.4272174974881214
S43A14T05,A14,0.9,0.5262513074734008,0.2462986402370724,0.37968074878915453,0.7783874519751897,0.4939866517030346,0.4296443360292065
S43A14T05,A14,0.91,0.5232658608086267,0.24239411093069677,0.382780216532898,0.752165152293396,0.48966147633099133,0.4321667467167335
S43A14T05,A14,0.92,0.5202804141438527,0.2384895816243211,0.3858796842766415,0.7259428526116023,0.48533630095894803,0.4346891574042605
S43A14T05,A14,0.93,0.5172949674790787,0.23458505231794546,0.38897915202038497,0.6997205529298086,0.48101112558690473,0.4372115680917875
S43A14T05,A14,0.9400000000000001,0.5141538921763065,0.231349105799353,0.3935442953220365,0.6764606704441065,0.4798055329359104,0.4334991315687228
S43A14T05,A14,0.9500000000000001,0.510994859722996,0.22819030344858166,0.3982785550342158,0.6535426053271842,0.4789598921373448,0.42906728959828216
S43A14T05,A14,0.96,0.5078358272696856,0.22503150109781037,0.40301281474639505,0.6306245402102622,0.47811425133877916,0.4246354476278416
S43A14T05,A14,0.97,0.5075829394667792,0.21408388368064613,0.4036044543331011,0.6255778303401813,0.47704847643780335,0.4263321513645611
S43A14T05,A14,0.98,0.5109068450797546,0.1935500323356138,0.39909748453460936,0.6425266346200587,0.475711767256938,0.43557168058701606
S43A14T05,A14,0.99,0.51423075069273,0.1730161809905815,0.39459051473611756,0.659475438899936,0.4743750580760726,0.444811209809471
S43A14T05,A14,1.0,0.5175546563057055,0.1524823296455492,0.3900835449376258,0.6764242431798134,0.47303834889520724,0.45405073903192594
