held_out_trial,physics_weight,seed,time_s,actual_horizontal_m,actual_vertical_m,model_horizontal_m,model_vertical_m,constant_velocity_horizontal_m,constant_velocity_vertical_m,uncontrolled_horizontal_m,uncontrolled_vertical_m,actual_theta_deg,model_theta_deg,actual_xcom_m,model_xcom_m,actual_mos_m,model_mos_m,effective_torque_nm,physics_residual_nm
S43A11T02,0.0,43013,0.0,0.08568022779987429,0.8882848216530995,0.08568022779987429,0.8882848216530995,0.08568022779987429,0.8882848216530995,0.08568022779987429,0.8882848216530995,5.509466555604807,5.509466555604807,0.20117453120126338,0.18411369649471437,-0.16754802567057575,-0.15048719096402674,-0.0,47.66341500663407
S43A11T02,0.0,43013,0.03333333333333333,0.09875942383659377,0.8852581668460195,0.0975485086106714,0.8851957108320828,0.09655700626787456,0.8853684663358661,0.09727140503853396,0.8870903559260165,6.365597733614579,6.288616645797909,0.21999525839319545,0.21391205629260898,-0.1863687528625078,-0.18028555076192135,-0.0,41.50584960006682
S43A11T02,0.0,43013,0.06666666666666667,0.1124730520768148,0.8824665498779583,0.11139238440763083,0.8816775709449036,0.10743378473587481,0.8824521110186327,0.1100258897989822,0.8855988535386997,7.263361346493766,7.200678331102468,0.23913084929057046,0.2455800534485612,-0.20550434375988283,-0.21195354791787357,-0.0,34.30066491944338
S43A11T02,0.0,43013,0.1,0.12675048866048605,0.8800010131914962,0.12719898558047885,0.8776054150002551,0.11831056320387506,0.8795357557013993,0.12408941448188163,0.8837379945598474,8.196198771502194,8.24694713937651,0.25849221848483594,0.27908399650852445,-0.2248657129541483,-0.2454574909778368,-0.0,26.08137190982106
S43A11T02,0.0,43013,0.13333333333333333,0.1415876536303352,0.8778878744038656,0.14495320984665003,0.872854866624836,0.12918734167187534,0.8766194003841659,0.13961972772233977,0.8814178109420395,9.161891285926536,9.42894162323798,0.2787586249764148,0.3143892115232826,-0.24513211944572716,-0.28076270599259495,-0.0,16.86519818862051
S43A11T02,0.0,43013,0.16666666666666666,0.1570649393723084,0.8760698052752978,0.1646378659069277,0.8673024428805279,0.1400641201398756,0.8737030450669324,0.1567869751058242,0.8785265336074277,10.164209660100871,10.748428357258065,0.30082896508678003,0.35146028344072544,-0.2672024595560924,-0.3178337779100378,-0.0,6.651444797024311
S43A11T02,0.0,43013,0.2,0.1733591533061598,0.8743924300239501,0.18623382719862203,0.8608258386078013,0.15094089860787585,0.8707866897496991,0.1757736382391932,0.8749255133525793,11.21417326972708,12.207419914774654,0.3257702833149695,0.3902612946567781,-0.29214377778428186,-0.3566347891260905,-0.0,-4.580314403825156
S43A11T02,0.0,43013,0.23333333333333334,0.19074742804499112,0.8725985708983577,0.2097201942449885,0.853304209695015,0.16181767707587613,0.8678703344324656,0.19677380934788125,0.870443044529532,12.330720969641334,13.808141945003909,0.3547421581556936,0.430756057967476,-0.32111565262500597,-0.3971295524367884,-0.0,-16.872164187114578
S43A11T02,0.0,43013,0.26666666666666666,0.20960158939999435,0.8703317463686888,0.23507446397443083,0.8446184525757244,0.17269445554387636,0.8649539791152322,0.21999149121816328,0.864866908608906,13.540665083667127,15.552964707442998,0.3889012349687684,0.472908341292511,-0.35527472943808075,-0.4392818357618234,-0.0,-30.289761458793052
S43A11T02,0.0,43013,0.3,0.23037221319379997,0.8671497786052129,0.26227270428764615,0.834651477215636,0.18357123401187664,0.8620376237979988,0.24563749577791963,0.8579354558957624,14.877876290383474,17.444293807703346,0.429292515664665,0.5166820817297368,-0.39566601013397734,-0.4830555761990492,-0.0,-44.92391729080033
S43A11T02,0.0,43013,0.3333333333333333,0.25356249195582636,0.8625484501152269,0.2912897320882613,0.8232884708704792,0.1944480124798769,0.8591212684807654,0.2739243615463136,0.8493270689001744,16.381700444776378,19.484414655747475,0.47673593285690985,0.5620415867445551,-0.4431094273262222,-0.5284150812138675,-0.0,-60.89131996978705
S43A11T02,0.0,43013,0.36666666666666664,0.27969300029615835,0.8559941456969565,0.3220992929646052,0.8104171499767006,0.20532479094787714,0.856204913163532,0.3050585131708067,0.8386479173986745,18.09461684674253,21.675285656700765,0.5317180238934722,0.6089517205895559,-0.4980915183627846,-0.5753252150588684,-0.0,-78.3336116422126
S43A11T02,0.0,43013,0.4,0.30925940859215373,0.8469634222048779,0.3546742407178313,0.7959279976771668,0.21620156941587743,0.8532885578462985,0.33922863965944217,0.825418049142325,20.059111546576272,24.01827675385853,0.5942990093136884,0.65737807437829,-0.5606725037830008,-0.6237515688476024,-0.0,-97.41374994164639
S43A11T02,0.0,43013,0.43333333333333335,0.342686058099838,0.8349865691780282,0.38898671497422804,0.7797144846804296,0.2270783478838777,0.8503722025290651,0.3765889713867072,0.809056099689644,22.313691138930256,26.51385313843833,0.6640451600698044,0.7072871185913655,-0.6304186545391168,-0.6736606130606779,-0.0,-118.30834324243399
S43A11T02,0.0,43013,0.4666666666666667,0.3802789877484871,0.819691560079377,0.425008315195631,0.7616732713989662,0.23795512635187793,0.8474558472118318,0.41723580097825863,0.7888633038728244,24.88797007041982,29.161209165765353,0.7399949685925717,0.7586463371613434,-0.7063684630618842,-0.7250198316306559,-0.0,-141.19455212758498
S43A11T02,0.0,43013,0.5,0.4221824141039139,0.8008444359309274,0.46271026950870364,0.7417043896017607,0.2488319048198782,0.8445394918945983,0.4611752540139148,0.7640081222737873,27.79692327561738,31.95786504868381,0.8206653604173586,0.8114243426531558,-0.787038854886671,-0.7777978371224682,-0.0,-166.2303606396432
S43A11T02,0.0,43013,0.5333333333333333,0.46834274873945947,0.7783821758623529,0.5020635969078557,0.7197114021408025,0.25970868328787844,0.8416231365773649,0.5082800466371186,0.7335137490229381,31.034792570916938,34.89924861563184,0.9041011180057261,0.8655909724175928,-0.8704746124750385,-0.8319644668869052,-0.0,-193.52773009659518
S43A11T02,0.0,43013,0.5666666666666667,0.5184839528169286,0.7524345235962999,0.543039261543323,0.6956015396597189,0.2705854617558787,0.8387067812601314,0.5582329092284668,0.6962521417341849,34.56976244080195,37.97829552602986,0.9879670388682968,0.9211173659363103,-0.9543405333376093,-0.8874908604056228,-0.0,-223.1195137496064
S43A11T02,0.0,43013,0.6,0.5720973677559793,0.7233320442959859,0.5856083179804819,0.6692858135554156,0.281462240223879,0.8357904259428981,0.6104547494299338,0.65095009387322,38.34115713652407,41.18511210681405,1.0696783917616477,0.9779760238888271,-1.03605188623096,-0.9443495183581395,-0.0,-254.9230422854772
S43A11T02,0.0,43013,0.6333333333333333,0.6284481477142699,0.6915988265717319,0.629742046503535,0.6406791048298099,0.2923390186918792,0.8328740706256647,0.6640168539822314,0.5962152660261705,42.26107409502872,44.506752700778804,1.1465613060829485,1.0361408497478513,-1.1129348005522608,-1.0025143442171636,-0.0,-288.70570668230334
S43A11T02,0.0,43013,0.6666666666666666,0.6865991143601292,0.6579296210525212,0.675412077730886,0.6097002288283685,0.3032157971598795,0.8299577153084312,0.7175390321311435,0.5305928412478056,46.2215373585638,47.92716472497604,1.2160312156989979,1.0955871749436845,-1.1824047101683102,-1.0619606694129968,-0.0,-324.0599953965133
S43A11T02,0.0,43013,0.7,0.7454513531577982,0.6231526857912043,0.7225905060055411,0.5762719762058683,0.31409257562787973,0.8270413599911978,0.7690802709382099,0.45266606087570427,50.106396560602995,51.42734633836727,1.2757747868227551,1.156291768828099,-1.2421482812920674,-1.1226652632974112,-0.0,-360.396292340924
S43A11T02,0.0,43013,0.7333333333333333,0.8037993020776903,0.5881810331037024,0.7712499912167881,0.5403211307793508,0.32496935409588,0.8241250046739644,0.8160358918696596,0.36121523915195825,53.805158450511016,54.98574202629728,1.3239192851599708,1.218232834811646,-1.2902927796292831,-1.1846063292809583,-0.0,-396.960318211377
S43A11T02,0.0,43013,0.7666666666666667,0.8603966031378503,0.5539559793499793,0.8213638488947005,0.501778465216745,0.3358461325638803,0.821208649356731,0.855065688216626,0.25544802729664,57.225028427250166,58.57887170613782,1.3591734130965971,1.2813899941462996,-1.3255469075659094,-1.247763488615612,-0.0,-432.87796237756044
S43A11T02,0.0,43013,0.8,0.9140277627594087,0.5213877392343171,0.8729061285928368,0.4605787157617768,0.3467229110318805,0.8182922940394975,0.8820903294046588,0.13530586308766393,60.298320607096706,62.182153895174345,1.380925478035278,1.34574425887974,-1.3472989725045903,-1.3121177533490522,-0.0,-467.224042855512
S43A11T02,0.0,43013,0.8333333333333334,0.9635798615073138,0.49129816403222737,0.9258516807336608,0.4166605374078116,0.3575996894998808,0.8153759387222641,0.8924055473342135,0.0018343669861897536,62.98443826137511,65.77085072810226,1.389288342699898,1.4112779955218473,-1.3556618371692104,-1.3776514899911596,0.0,-499.10505039115304
S43A11T02,0.0,43013,0.8666666666666667,1.0081083006755396,0.4643705366132766,0.9801762122332536,0.369966441103108,0.3684764679678811,0.8124595834050308,0.8809691174059123,-0.14242345309732213,65.26752157062691,69.32104058062886,1.3850857034162585,1.4779748809424393,-1.3514591978855708,-1.4443483754117517,0.0,-527.7415467653925
S43A11T02,0.0,43013,0.9,1.0468909497259868,0.4411106116783008,1.0358563313451477,0.32044271469698876,0.3793532464358813,0.8095432280877973,0.8429047421543104,-0.2930914899291562,67.1517305747292,72.81051891452613,1.3697803124583656,1.545819851967066,-1.336153806927678,-1.5121933464363784,0.0,-552.5354219671631
S43A11T02,0.0,43013,0.9333333333333333,1.079466063734802,0.42182190960379756,1.0928695822666157,0.2680393294214666,0.3902300249038816,0.8066268727705639,0.7742287168909938,-0.44380279376818094,68.65598111069093,76.21954119509907,1.345351040768079,1.6147990500601712,-1.3117245352373914,-1.5811725445294835,0.0,-573.1109712437066
S43A11T02,0.0,43013,0.9666666666666667,1.105650882328299,0.406596789037991,1.1511944701342072,0.2127098337479162,0.4011068033718818,0.8037105174533306,0.6727340036709941,-0.5863616513039644,69.80928998354793,79.53134954091239,1.3141312805228496,1.684899762387654,-1.2805047749921619,-1.6512732568569664,0.0,-589.3253115105495
S43A11T02,0.0,43013,1.0,1.1255397241706142,0.3953232368898559,1.2108104770990857,0.15441123646643296,0.4119835818398821,0.8007941621360971,0.5388718049255112,-0.7113425361043995,70.64719861665903,82.73245959785977,1.2770423295137132,1.7561103604392798,-1.2434158239830255,-1.7224838549085921,0.0,-601.2506126586687
S43A11T02,0.0,43014,0.0,0.08568022779987429,0.8882848216530995,0.08568022779987429,0.8882848216530995,0.08568022779987429,0.8882848216530995,0.08568022779987429,0.8882848216530995,5.509466555604807,5.509466555604807,0.20117453120126338,0.18411369649471437,-0.16754802567057575,-0.15048719096402674,0.0,76.38560030458181
S43A11T02,0.0,43014,0.03333333333333333,0.09875942383659377,0.8852581668460195,0.09783557104785526,0.8850299283512425,0.09655700626787456,0.8853684663358661,0.09727140503853396,0.8870903559260165,6.365597733614579,6.3081455494306855,0.21999525839319545,0.21938028055156833,-0.1863687528625078,-0.1857537750208807,0.0,70.37208166131029
S43A11T02,0.0,43014,0.06666666666666667,0.1124730520768148,0.8824665498779583,0.1125342054056639,0.8810133233567184,0.10743378473587481,0.8824521110186327,0.1100258897989822,0.8855988535386997,7.263361346493766,7.279127190717507,0.23913084929057046,0.2569972235978528,-0.20550434375988283,-0.22337071806716519,0.0,63.1516366362125
S43A11T02,0.0,43014,0.1,0.12675048866048605,0.8800010131914962,0.1297537090757731,0.8761090306942074,0.11831056320387506,0.8795357557013993,0.12408941448188163,0.8837379945598474,8.196198771502194,8.424395097141293,0.25849221848483594,0.2969222884141281,-0.2248657129541483,-0.26329578288344047,0.0,54.7153700529861
S43A11T02,0.0,43014,0.13333333333333333,0.1415876536303352,0.8778878744038656,0.14946952219959211,0.8701925800232719,0.12918734167187534,0.8766194003841659,0.13961972772233977,0.8814178109420395,9.161891285926536,9.746360291308498,0.2787586249764148,0.3391120504845977,-0.24513211944572716,-0.30548554495391006,0.0,45.016219542193795
S43A11T02,0.0,43014,0.16666666666666666,0.1570649393723084,0.8760698052752978,0.17165505776910672,0.8631412503606075,0.1400641201398756,0.8737030450669324,0.1567869751058242,0.8785265336074277,10.164209660100871,11.247802654382992,0.30082896508678003,0.3835221129211468,-0.2672024595560924,-0.34989560739045916,0.0,33.965796250932684
S43A11T02,0.0,43014,0.2,0.1733591533061598,0.8743924300239501,0.19628182336690062,0.8548343015886655,0.15094089860787585,0.8707866897496991,0.1757736382391932,0.8749255133525793,11.21417326972708,12.931751372752586,0.3257702833149695,0.4301073199660132,-0.29214377778428186,-0.39648081443532557,0.0,21.43097393912585
S43A11T02,0.0,43014,0.23333333333333334,0.19074742804499112,0.8725985708983577,0.22331955231430378,0.8451531922164093,0.16181767707587613,0.8678703344324656,0.19677380934788125,0.870443044529532,12.330720969641334,14.80129570645162,0.3547421581556936,0.47882196649129505,-0.32111565262500597,-0.4451954609606074,0.0,7.230956834624266
S43A11T02,0.0,43014,0.26666666666666666,0.20960158939999435,0.8703317463686888,0.25273634269445666,0.8339817820495845,0.17269445554387636,0.8649539791152322,0.21999149121816328,0.864866908608906,13.540665083667127,16.85931685062645,0.3889012349687684,0.5296200010825012,-0.35527472943808075,-0.49599349555181355,0.0,-8.863904645917529
S43A11T02,0.0,43014,0.3,0.23037221319379997,0.8671497786052129,0.28449880263622657,0.8212065186323554,0.18357123401187664,0.8620376237979988,0.24563749577791963,0.8579354558957624,14.877876290383474,19.108132799319982,0.429292515664665,0.5824552205100969,-0.39566601013397734,-0.5488287149794093,0.0,-27.129626554007785
S43A11T02,0.0,43014,0.3333333333333333,0.25356249195582636,0.8625484501152269,0.31857220019736987,0.8067166065351749,0.1944480124798769,0.8591212684807654,0.2739243615463136,0.8493270689001744,16.381700444776378,21.54905194194363,0.47673593285690985,0.6372814536490826,-0.4431094273262222,-0.603654948118395,0.0,-47.879821721836095
S43A11T02,0.0,43014,0.36666666666666664,0.27969300029615835,0.8559941456969565,0.35492061617123183,0.7904041587810293,0.20532479094787714,0.856204913163532,0.3050585131708067,0.8386479173986745,18.09461684674253,24.18183871968108,0.5317180238934722,0.6940527331927,-0.4980915183627846,-0.6604262276620124,0.0,-71.44752136135165
S43A11T02,0.0,43014,0.4,0.30925940859215373,0.8469634222048779,0.3935070981597396,0.7721643299196903,0.21620156941587743,0.8532885578462985,0.33922863965944217,0.825418049142325,20.059111546576272,27.00410697088406,0.5942990093136884,0.7527234538126069,-0.5606725037830008,-0.7190969482819193,0.0,-98.15447930618004
S43A11T02,0.0,43014,0.43333333333333335,0.342686058099838,0.8349865691780282,0.434293814304643,0.751895430473481,0.2270783478838777,0.8503722025290651,0.3765889713867072,0.809056099689644,22.313691138930256,30.010673872313436,0.6640451600698044,0.8132485157344178,-0.6304186545391168,-0.7796220102037302,0.0,-128.2659081715381
S43A11T02,0.0,43014,0.4666666666666667,0.3802789877484871,0.819691560079377,0.47724220514625804,0.7294990226848828,0.23795512635187793,0.8474558472118318,0.41723580097825863,0.7888633038728244,24.88797007041982,33.192928540325724,0.7399949685925717,0.8755834530149282,-0.7063684630618842,-0.8419569474842407,0.0,-161.93121507054843
S43A11T02,0.0,43014,0.5,0.4221824141039139,0.8008444359309274,0.5223131321810298,0.7048799976929923,0.2488319048198782,0.8445394918945983,0.4611752540139148,0.7640081222737873,27.79692327561738,36.53829117459339,0.8206653604173586,0.9396845461168363,-0.787038854886671,-0.9060580405861487,0.0,-199.1157107151945
S43A11T02,0.0,43014,0.5333333333333333,0.46834274873945947,0.7783821758623529,0.5694670218122317,0.6779466344497517,0.25970868328787844,0.8416231365773649,0.5082800466371186,0.7335137490229381,31.034792570916938,40.029855375388884,0.9041011180057261,1.0055089186706336,-0.8704746124750385,-0.971882413139946,0.0,-239.53394111044105
S43A11T02,0.0,43014,0.5666666666666667,0.5184839528169286,0.7524345235962999,0.6186640035278532,0.6486106408558534,0.2705854617558787,0.8387067812601314,0.5582329092284668,0.6962521417341849,34.56976244080195,43.646310279506224,0.9879670388682968,1.073014618584979,-0.9543405333376093,-1.0393881130542912,0.0,-282.6005839349709
S43A11T02,0.0,43014,0.6,0.5720973677559793,0.7233320442959859,0.6698640412918462,0.6167871777485263,0.281462240223879,0.8357904259428981,0.6104547494299338,0.65095009387322,38.34115713652407,47.36222292393865,1.0696783917616477,1.1421606839111507,-1.03605188623096,-1.108534178380463,0.0,-327.41707243908996
S43A11T02,0.0,43014,0.6333333333333333,0.6284481477142699,0.6915988265717319,0.7230270572950309,0.582394866507808,0.2923390186918792,0.8328740706256647,0.6640168539822314,0.5962152660261705,42.26107409502872,51.1487208868245,1.1465613060829485,1.2129071940802942,-1.1129348005522608,-1.1792806885496065,0.0,-372.8085081142291
S43A11T02,0.0,43014,0.6666666666666666,0.6865991143601292,0.6579296210525212,0.7781130473758537,0.5453557811635483,0.3032157971598795,0.8299577153084312,0.7175390321311435,0.5305928412478056,46.2215373585638,54.97455421538437,1.2160312156989979,1.2852153073117414,-1.1824047101683102,-1.2515888017810537,0.0,-417.41495565107704
S43A11T02,0.0,43014,0.7,0.7454513531577982,0.6231526857912043,0.8350821875848912,0.5055954259819018,0.31409257562787973,0.8270413599911978,0.7690802709382099,0.45266606087570427,50.106396560602995,58.80744629313836,1.2757747868227551,1.35904728513564,-1.2421482812920674,-1.3254207796049524,0.0,-459.8261348411162
S43A11T02,0.0,43014,0.7333333333333333,0.8037993020776903,0.5881810331037024,0.8938949315268847,0.4630426995874028,0.32496935409588,0.8241250046739644,0.8160358918696596,0.36121523915195825,53.805158450511016,62.61558436372456,1.3239192851599708,1.4343665050835888,-1.2902927796292831,-1.400739999552901,0.0,-498.73433208765897
S43A11T02,0.0,43014,0.7666666666666667,0.8603966031378503,0.5539559793499793,0.9545120982670274,0.41762984673523423,0.3358461325638803,0.821208649356731,0.855065688216626,0.25544802729664,57.225028427250166,66.36907031238856,1.3591734130965971,1.511137462678116,-1.3255469075659094,-1.4775109571474283,0.0,-533.0733638896245
S43A11T02,0.0,43014,0.8,0.9140277627594087,0.5213877392343171,1.0168949507315304,0.36929239888861554,0.3467229110318805,0.8182922940394975,0.8820903294046588,0.13530586308766393,60.298320607096706,70.04116108392216,1.380925478035278,1.5893257638976674,-1.3472989725045903,-1.5556992583669798,0.0,-562.1151429313176
S43A11T02,0.0,43014,0.8333333333333334,0.9635798615073138,0.49129816403222737,1.0810052646640766,0.3179691047792657,0.3575996894998808,0.8153759387222641,0.8924055473342135,0.0018343669861897536,62.98443826137511,73.60917280113193,1.389288342699898,1.668898109311026,-1.3556618371692104,-1.6352716037803383,0.0,-585.5082666951585
S43A11T02,0.0,43014,0.8666666666666667,1.0081083006755396,0.4643705366132766,1.1468053883179854,0.2636018521357698,0.3684764679678811,0.8124595834050308,0.8809691174059123,-0.14242345309732213,65.26752157062691,77.05498862018891,1.3850857034162585,1.749822271066889,-1.3514591978855708,-1.7161957655362012,0.0,-603.2593580393429
S43A11T02,0.0,43014,0.9,1.0468909497259868,0.4411106116783008,1.214258293167716,0.20613558175668334,0.3793532464358813,0.8095432280877973,0.8429047421543104,-0.2930914899291562,67.1517305747292,80.36517806032377,1.3697803124583656,1.832067063894225,-1.336153806927678,-1.7984405583635372,0.0,-615.6711613499242
S43A11T02,0.0,43014,0.9333333333333333,1.079466063734802,0.42182190960379756,1.2833276160121265,0.14551819508380237,0.3902300249038816,0.8066268727705639,0.7742287168909938,-0.44380279376818094,68.65598111069093,83.53078842623185,1.345351040768079,1.915602311220593,-1.3117245352373914,-1.8819758056899054,0.0,-623.2577254082272
S43A11T02,0.0,43014,0.9666666666666667,1.105650882328299,0.406596789037991,1.3539776929155147,0.08170045639772727,0.4011068033718818,0.8037105174533306,0.6727340036709941,-0.5863616513039644,69.80928998354793,86.54689852989115,1.3141312805228496,2.0003988074524828,-1.2805047749921619,-1.966772301921795,0.0,-626.656223995143
S43A11T02,0.0,43014,1.0,1.1255397241706142,0.3953232368898559,1.426173585491153,0.014635890714238764,0.4119835818398821,0.8007941621360971,0.5388718049255112,-0.7113425361043995,70.64719861665903,89.412031368874,1.2770423295137132,2.086428277387376,-1.2434158239830255,-2.0528017718566884,0.0,-626.5495869416874
S43A11T02,0.01,43013,0.0,0.08568022779987429,0.8882848216530995,0.08568022779987429,0.8882848216530995,0.08568022779987429,0.8882848216530995,0.08568022779987429,0.8882848216530995,5.509466555604807,5.509466555604807,0.20117453120126338,0.18411369649471437,-0.16754802567057575,-0.15048719096402674,92.58478893824649,-41.62841364546469
S43A11T02,0.01,43013,0.03333333333333333,0.09875942383659377,0.8852581668460195,0.09760839292142721,0.8854893649448794,0.09655700626787456,0.8853684663358661,0.09727140503853396,0.8870903559260165,6.365597733614579,6.290376195247231,0.21999525839319545,0.21501928421427302,-0.1863687528625078,-0.1813927786835854,84.14396691435162,-41.53982241259079
S43A11T02,0.01,43013,0.06666666666666667,0.1124730520768148,0.8824665498779583,0.1116155424679,0.8828251433288887,0.10743378473587481,0.8824521110186327,0.1100258897989822,0.8855988535386997,7.263361346493766,7.205671976389863,0.23913084929057046,0.247672452711038,-0.20550434375988283,-0.21404594718035036,75.6459780511365,-42.770309104290064
S43A11T02,0.01,43013,0.1,0.12675048866048605,0.8800010131914962,0.12766318281259825,0.8801232582628764,0.11831056320387506,0.8795357557013993,0.12408941448188163,0.8837379945598474,8.196198771502194,8.253276159702777,0.25849221848483594,0.28200078760954,-0.2248657129541483,-0.24837428207885237,67.09307709193725,-45.18513205761579
S43A11T02,0.01,43013,0.13333333333333333,0.1415876536303352,0.8778878744038656,0.1457090736789558,0.8772107363578315,0.12918734167187534,0.8766194003841659,0.13961972772233977,0.8814178109420395,9.161891285926536,9.431006992880404,0.2787586249764148,0.3179281798024224,-0.24513211944572716,-0.28430167427173475,58.487601603033795,-48.651601235441106
S43A11T02,0.01,43013,0.16666666666666666,0.1570649393723084,0.8760698052752978,0.16570724197749576,0.8739105476897445,0.1400641201398756,0.8737030450669324,0.1567869751058242,0.8785265336074277,10.164209660100871,10.736719178860675,0.30082896508678003,0.3553749876881941,-0.2672024595560924,-0.32174848215750645,49.83196997112549,-53.04015812762054
S43A11T02,0.01,43013,0.2,0.1733591533061598,0.8743924300239501,0.18760801262860918,0.8700416501712306,0.15094089860787585,0.8707866897496991,0.1757736382391932,0.8749255133525793,11.21417326972708,12.168435833115788,0.3257702833149695,0.3942582269700571,-0.29214377778428186,-0.36063172143936945,41.12867913977573,-58.225346795625455
S43A11T02,0.01,43013,0.23333333333333334,0.19074742804499112,0.8725985708983577,0.21135805751506404,0.8654190629005681,0.16181767707587613,0.8678703344324656,0.19677380934788125,0.870443044529532,12.330720969641334,13.72447130118909,0.3547421581556936,0.43449178867642385,-0.32111565262500597,-0.4008652831457362,32.38030208509479,-64.08686219042085
S43A11T02,0.01,43013,0.26666666666666666,0.20960158939999435,0.8703317463686888,0.23690046364195216,0.8598539713223043,0.17269445554387636,0.8649539791152322,0.21999149121816328,0.864866908608906,13.540665083667127,15.403543906544705,0.3889012349687684,0.4759866857620245,-0.35527472943808075,-0.4423601802313369,23.589485032331858,-70.5108266251039
S43A11T02,0.01,43013,0.3,0.23037221319379997,0.8671497786052129,0.2641748214883518,0.8531538668832659,0.18357123401187664,0.8620376237979988,0.24563749577791963,0.8579354558957624,14.877876290383474,17.204877158732796,0.429292515664665,0.5186513282983862,-0.39566601013397734,-0.4850248227676986,14.758944416499075,-77.39141964339406
S43A11T02,0.01,43013,0.3333333333333333,0.25356249195582636,0.8625484501152269,0.29311733441219434,0.8451227236447597,0.1944480124798769,0.8591212684807654,0.2739243615463136,0.8493270689001744,16.381700444776378,19.12828719165784,0.47673593285690985,0.5623918268657978,-0.4431094273262222,-0.5287653213351102,5.8914635916356595,-84.63297261864068
S43A11T02,0.01,43013,0.36666666666666664,0.27969300029615835,0.8559941456969565,0.32366094981606847,0.8355612140114426,0.20532479094787714,0.856204913163532,0.3050585131708067,0.8386479173986745,18.09461684674253,21.174253223571878,0.5317180238934722,0.607112323319424,-0.4980915183627846,-0.5734858177887364,-3.0101107051710554,-92.15263579919538
S43A11T02,0.01,43013,0.4,0.30925940859215373,0.8469634222048779,0.3557355125960166,0.8242669653569907,0.21620156941587743,0.8532885578462985,0.33922863965944217,0.825418049142325,20.059111546576272,23.343966623431033,0.5942990093136884,0.6527153476258223,-0.5606725037830008,-0.6190888420951347,-11.94287212737236,-99.88372650686404
S43A11T02,0.01,43013,0.43333333333333335,0.342686058099838,0.8349865691780282,0.3892679411776714,0.811034858865607,0.2270783478838777,0.8503722025290651,0.3765889713867072,0.809056099689644,22.313691138930256,25.639352718211427,0.6640451600698044,0.6991021989608082,-0.6304186545391168,-0.6654756934301206,-20.903858721002653,-107.77986165671686
S43A11T02,0.01,43013,0.4666666666666667,0.3802789877484871,0.819691560079377,0.42418242619519264,0.7956573713683199,0.23795512635187793,0.8474558472118318,0.41723580097825863,0.7888633038728244,24.88797007041982,28.06305778296176,0.7399949685925717,0.7461733487356383,-0.7063684630618842,-0.7125468432049508,-29.890057144536016,-115.8199473293232
S43A11T02,0.01,43013,0.5,0.4221824141039139,0.8008444359309274,0.4604006515903438,0.7779249603384767,0.2488319048198782,0.8445394918945983,0.4611752540139148,0.7640081222737873,27.79692327561738,30.61839176355024,0.8206653604173586,0.7938288626882344,-0.787038854886671,-0.7602023571575468,-38.89840709444508,-124.01401520690257
S43A11T02,0.01,43013,0.5333333333333333,0.46834274873945947,0.7783821758623529,0.4978420376048557,0.757626491529306,0.25970868328787844,0.8416231365773649,0.5082800466371186,0.7335137490229381,31.034792570916938,33.309215321758415,0.9041011180057261,0.8419688386539481,-0.8704746124750385,-0.8083423331232605,-47.92580592293883,-132.40972224454077
S43A11T02,0.01,43013,0.5666666666666667,0.5184839528169286,0.7524345235962999,0.5364240048133404,0.7345497079985565,0.2705854617558787,0.8387067812601314,0.5582329092284668,0.6962521417341849,34.56976244080195,36.139758040416055,0.9879670388682968,0.8904938561319957,-0.9543405333376093,-0.8568673506013081,-56.96911343300277,-141.099019121866
S43A11T02,0.01,43013,0.6,0.5720973677559793,0.7233320442959859,0.5760622580021219,0.7084817384847104,0.281462240223879,0.8357904259428981,0.6104547494299338,0.65095009387322,38.34115713652407,39.11435357942055,1.0696783917616477,0.9393054333061159,-1.03605188623096,-0.9056789277754284,-66.02515683458955,-150.22399754337437
S43A11T02,0.01,43013,0.6333333333333333,0.6284481477142699,0.6915988265717319,0.6166710883482897,0.6792096422928028,0.2923390186918792,0.8328740706256647,0.6640168539822314,0.5962152660261705,42.26107409502872,42.23707802353333,1.1465613060829485,0.9883064867785563,-1.1129348005522608,-0.9546799812478687,-75.09073584462473,-159.98021988570352
S43A11T02,0.01,43013,0.6666666666666666,0.6865991143601292,0.6579296210525212,0.658163692001028,0.6465209870347497,0.3032157971598795,0.8299577153084312,0.7175390321311435,0.5305928412478056,46.2215373585638,45.511280741596266,1.2160312156989979,1.037401788952295,-1.1824047101683102,-1.0037752834216074,-84.16262791241228,-170.61495231298926
S43A11T02,0.01,43013,0.7,0.7454513531577982,0.6231526857912043,0.7004525028226756,0.6102044547707378,0.31409257562787973,0.8270413599911978,0.7690802709382099,0.45266606087570427,50.106396560602995,48.93900421029247,1.2757747868227551,1.0864984177634276,-1.2421482812920674,-1.05287191223274,-93.2375935510606,-182.4168248804265
S43A11T02,0.01,43013,0.7333333333333333,0.8037993020776903,0.5881810331037024,0.7434495367195579,0.5700504713376101,0.32496935409588,0.8241250046739644,0.8160358918696596,0.36121523915195825,53.805158450511016,52.520301933767,1.3239192851599708,1.1355061933380264,-1.2902927796292831,-1.1018796878073387,-102.31238175471601,-195.69288987739895
S43A11T02,0.01,43013,0.7666666666666667,0.8603966031378503,0.5539559793499793,0.7870667446922419,0.5258518529509568,0.3358461325638803,0.821208649356731,0.855065688216626,0.25544802729664,57.225028427250166,56.25248284300828,1.3591734130965971,1.1843380961368206,-1.3255469075659094,-1.150711590606133,-111.38373548069053,-210.72944648661615
S43A11T02,0.01,43013,0.8,0.9140277627594087,0.5213877392343171,0.8312163714713414,0.47740446355324967,0.3467229110318805,0.8182922940394975,0.8820903294046588,0.13530586308766393,60.298320607096706,60.12933607312348,1.380925478035278,1.2329106612646257,-1.3472989725045903,-1.199284155733938,-120.44839717502042,-227.7351182205178
S43A11T02,0.01,43013,0.8333333333333334,0.9635798615073138,0.49129816403222737,0.8758113163877406,0.42450787587314087,0.3575996894998808,0.8153759387222641,0.8924055473342135,0.0018343669861897536,62.98443826137511,64.14041900129298,1.389288342699898,1.281144343863256,-1.3556618371692104,-1.2475178383325682,-129.50311431959227,-246.7691456605835
S43A11T02,0.01,43013,0.8666666666666667,1.0081083006755396,0.4643705366132766,0.9207654929636824,0.3669660287811191,0.3684764679678811,0.8124595834050308,0.8809691174059123,-0.14242345309732213,65.26752157062691,68.2705176515677,1.3850857034162585,1.3289638508757806,-1.3514591978855708,-1.295337345345093,-138.54464497872988,-267.66460147898204
S43A11T02,0.01,43013,0.9,1.0468909497259868,0.4411106116783008,0.9659941836108957,0.30458787329103365,0.3793532464358813,0.8095432280877973,0.8429047421543104,-0.2930914899291562,67.1517305747292,72.49940239651706,1.3697803124583656,1.376298434960686,-1.336153806927678,-1.3426719294299982,-147.56976332305675,-289.9637291909624
S43A11T02,0.01,43013,0.9333333333333333,1.079466063734802,0.42182190960379756,1.0114143857895201,0.23718799947851044,0.3902300249038816,0.8066268727705639,0.7742287168909938,-0.44380279376818094,68.65598111069093,76.80199227265011,1.345351040768079,1.423082146936155,-1.3117245352373914,-1.3894556414054673,-156.5752651085278,-312.8876140014859
S43A11T02,0.01,43013,0.9666666666666667,1.105650882328299,0.406596789037991,1.0569451460207409,0.16458723667415998,0.4011068033718818,0.8037105174533306,0.6727340036709941,-0.5863616513039644,69.80928998354793,81.14900013718321,1.3141312805228496,1.4692540438321084,-1.2805047749921619,-1.4356275383014208,-165.55797308876754,-335.3608158966336
S43A11T02,0.01,43013,1.0,1.1255397241706142,0.3953232368898559,1.1025078782583424,0.08661321954454326,0.4119835818398821,0.8007941621360971,0.5388718049255112,-0.7113425361043995,70.64719861665903,85.50805894950417,1.2770423295137132,1.5147583504015945,-1.2434158239830255,-1.4811318448709068,-174.5147423392541,-356.10077350802817
S43A11T02,0.01,43014,0.0,0.08568022779987429,0.8882848216530995,0.08568022779987429,0.8882848216530995,0.08568022779987429,0.8882848216530995,0.08568022779987429,0.8882848216530995,5.509466555604807,5.509466555604807,0.20117453120126338,0.18411369649471437,-0.16754802567057575,-0.15048719096402674,-94.87739288576212,179.6598622266639
S43A11T02,0.01,43014,0.03333333333333333,0.09875942383659377,0.8852581668460195,0.09794369786359247,0.885279978430093,0.09655700626787456,0.8853684663358661,0.09727140503853396,0.8870903559260165,6.365597733614579,6.313291645495348,0.21999525839319545,0.221388739688505,-0.1863687528625078,-0.18776223415781737,-104.53895025010685,180.7422955293565
S43A11T02,0.01,43014,0.06666666666666667,0.1124730520768148,0.8824665498779583,0.11294108530648253,0.8819672246134319,0.10743378473587481,0.8824521110186327,0.1100258897989822,0.8855988535386997,7.263361346493766,7.297346122538162,0.23913084929057046,0.26084938288544224,-0.20550434375988283,-0.2272228773547546,-114.19112684055607,180.1770703692452
S43A11T02,0.01,43014,0.1,0.12675048866048605,0.8800010131914962,0.13060902522535497,0.8781477440123767,0.11831056320387506,0.8795357557013993,0.12408941448188163,0.8837379945598474,8.196198771502194,8.459722715784574,0.25849221848483594,0.30238204193294693,-0.2248657129541483,-0.2687555364022593,-123.82942148964196,178.10776450424544
S43A11T02,0.01,43014,0.13333333333333333,0.1415876536303352,0.8778878744038656,0.15087862095006693,0.873619562503483,0.12918734167187534,0.8766194003841659,0.13961972772233977,0.8814178109420395,9.161891285926536,9.79861933448417,0.2787586249764148,0.3458679697301047,-0.24513211944572716,-0.31224146419941706,-133.44932600936528,174.65955566292934
S43A11T02,0.01,43014,0.16666666666666666,0.1570649393723084,0.8760698052752978,0.1736755029679778,0.868177634840147,0.1400641201398756,0.8737030450669324,0.1567869751058242,0.8785265336074277,10.164209660100871,11.3124692153768,0.30082896508678003,0.3911836466902574,-0.2672024595560924,-0.35755714115956977,-143.04633593430648,169.94094022857968
S43A11T02,0.01,43014,0.2,0.1733591533061598,0.8743924300239501,0.19891992531884684,0.8616139469899642,0.15094089860787585,0.8707866897496991,0.1757736382391932,0.8749255133525793,11.21417326972708,13.000042421000385,0.3257702833149695,0.4382012233818767,-0.29214377778428186,-0.4045747178511891,-152.6159613659114,164.04507276624196
S43A11T02,0.01,43014,0.23333333333333334,0.19074742804499112,0.8725985708983577,0.22652690093837646,0.853717637179501,0.16181767707587613,0.8678703344324656,0.19677380934788125,0.870443044529532,12.330720969641334,14.860519567056507,0.3547421581556936,0.4867890140989414,-0.32111565262500597,-0.45316250856825374,-162.15373785779386,157.05030267378322
S43A11T02,0.01,43014,0.26666666666666666,0.20960158939999435,0.8703317463686888,0.2564063771050867,0.8442751390862374,0.17269445554387636,0.8649539791152322,0.21999149121816328,0.864866908608906,13.540665083667127,16.893536971512393,0.3889012349687684,0.5368120393854625,-0.35527472943808075,-0.5031855338547749,-171.65523728063602,149.0196008104868
S43A11T02,0.01,43014,0.3,0.23037221319379997,0.8671497786052129,0.2884634517767779,0.8330703508040928,0.18357123401187664,0.8620376237979988,0.24563749577791963,0.8579354558957624,14.877876290383474,19.0992002931417,0.429292515664665,0.5881326147615338,-0.39566601013397734,-0.5545061092308462,-181.11607860462047,139.99867928665185
S43A11T02,0.01,43014,0.3333333333333333,0.25356249195582636,0.8625484501152269,0.3225986311892093,0.8198848333034143,0.1944480124798769,0.8591212684807654,0.2739243615463136,0.8493270689001744,16.381700444776378,21.47806129376437,0.47673593285690985,0.6406109820766324,-0.4431094273262222,-0.6069844765459448,-190.53193853732174,130.0127360438155
S43A11T02,0.01,43014,0.36666666666666664,0.27969300029615835,0.8559941456969565,0.3587081286313617,0.8044980420905755,0.20532479094787714,0.856204913163532,0.3050585131708067,0.8386479173986745,18.09461684674253,24.031049781722196,0.5317180238934722,0.6941059790596411,-0.4980915183627846,-0.6604794735289535,-199.89856195562515,119.06193514908477
S43A11T02,0.01,43014,0.4,0.30925940859215373,0.8469634222048779,0.3966842038105094,0.7866875956298685,0.21620156941587743,0.8532885578462985,0.33922863965944217,0.825418049142325,20.059111546576272,26.759350325845883,0.5942990093136884,0.7484757417580312,-0.5606725037830008,-0.7148492362273436,-209.2117720715336,107.11600374975637
S43A11T02,0.01,43014,0.43333333333333335,0.342686058099838,0.8349865691780282,0.43641554167955127,0.7662295838070072,0.2270783478838777,0.8503722025290651,0.3765889713867072,0.809056099689644,22.313691138930256,29.664211372038363,0.6640451600698044,0.8035784336790759,-0.6304186545391168,-0.7699519281483883,-218.4674802736508,94.10872965834491
S43A11T02,0.01,43014,0.4666666666666667,0.3802789877484871,0.819691560079377,0.4777876690236846,0.7428989192784605,0.23795512635187793,0.8474558472118318,0.41723580097825863,0.7888633038728244,24.88797007041982,32.746673571867,0.7399949685925717,0.8592729945865236,-0.7063684630618842,-0.825646489055836,-227.66169558867824,79.9337112685092
S43A11T02,0.01,43014,0.5,0.4221824141039139,0.8008444359309274,0.5206834065006769,0.7164697339574659,0.2488319048198782,0.8445394918945983,0.4611752540139148,0.7640081222737873,27.79692327561738,36.0072053435102,0.8206653604173586,0.9154199010937238,-0.787038854886671,-0.8817933955630363,-236.79053371039097,64.44343810407017
S43A11T02,0.01,43014,0.5333333333333333,0.46834274873945947,0.7783821758623529,0.5649833532080799,0.6867158221346822,0.25970868328787844,0.8416231365773649,0.5082800466371186,0.7335137490229381,31.034792570916938,39.44523810655808,0.9041011180057261,0.9718819304591748,-0.8704746124750385,-0.9382554249284872,-245.85022554723307,47.45457694378692
S43A11T02,0.01,43014,0.5666666666666667,0.5184839528169286,0.7524345235962999,0.6105664002234636,0.6534111308239025,0.2705854617558787,0.8387067812601314,0.5582329092284668,0.6962521417341849,34.56976244080195,43.05860259643304,0.9879670388682968,1.0285249183657614,-0.9543405333376093,-0.9948984128350739,-254.83712524383344,28.762972753289034
S43A11T02,0.01,43014,0.6,0.5720973677559793,0.7233320442959859,0.6573102689441409,0.6163302968728592,0.281462240223879,0.8357904259428981,0.6104547494299338,0.65095009387322,38.34115713652407,46.842882327676755,1.0696783917616477,1.085218500984527,-1.03605188623096,-1.0515919954538393,-263.74771763633726,8.171916826880079
S43A11T02,0.01,43014,0.6333333333333333,0.6284481477142699,0.6915988265717319,0.7050920694569823,0.5752492292050853,0.2923390186918792,0.8328740706256647,0.6640168539822314,0.5962152660261705,42.26107409502872,50.79072099183761,1.1465613060829485,1.1418368313209835,-1.1129348005522608,-1.1082103257902958,-272.5786251064047,-14.463928243542341
S43A11T02,0.01,43014,0.6666666666666666,0.6865991143601292,0.6579296210525212,0.7537888736145497,0.5299457332878524,0.3032157971598795,0.8299577153084312,0.7175390321311435,0.5305928412478056,46.2215373585638,54.89114598843593,1.2160312156989979,1.198259259747315,-1.1824047101683102,-1.1646327542166273,-281.3266138039778,-39.17956563655622
S43A11T02,0.01,43014,0.7,0.7454513531577982,0.6231526857912043,0.8032782969997557,0.4802001735876343,0.31409257562787973,0.8270413599911978,0.7690802709382099,0.45266606087570427,50.106396560602995,59.12899636088245,1.2757747868227551,1.2543709687631872,-1.2421482812920674,-1.2207444632324995,-289.98859921438236,-65.83141040332282
S43A11T02,0.01,43014,0.7333333333333333,0.8037993020776903,0.5881810331037024,0.853439083546861,0.4257961684194102,0.32496935409588,0.8241250046739644,0.8160358918696596,0.36121523915195825,53.805158450511016,63.484562945430824,1.3239192851599708,1.3100635524202568,-1.2902927796292831,-1.2764370468895692,-298.5616510509389,-94.03206479522623
S43A11T02,0.01,43014,0.7666666666666667,0.8603966031378503,0.5539559793499793,0.9041516862705717,0.3665213102662331,0.3358461325638803,0.821208649356731,0.855065688216626,0.25544802729664,57.225028427250166,67.93355199626933,1.3591734130965971,1.3652355315009732,-1.3255469075659094,-1.3316090259702855,-307.04299745992165,-123.1063558569515
S43A11T02,0.01,43014,0.8,0.9140277627594087,0.5213877392343171,0.9552988373546751,0.3021679033917296,0.3467229110318805,0.8182922940394975,0.8820903294046588,0.13530586308766393,60.298320607096706,72.44746183433428,1.380925478035278,1.4197927964608559,-1.3472989725045903,-1.3861662909301682,-315.4300285303638,-152.0887688442902
S43A11T02,0.01,43014,0.8333333333333334,0.9635798615073138,0.49129816403222737,1.0067661007819027,0.2325337094435217,0.3575996894998808,0.8153759387222641,0.8924055473342135,0.0018343669861897536,62.98443826137511,76.99441112630659,1.389288342699898,1.4736489713134269,-1.3556618371692104,-1.4400224657827392,-323.7202991067642,-179.77706286992526
S43A11T02,0.01,43014,0.8666666666666667,1.0081083006755396,0.4643705366132766,1.058442400759079,0.15742269080241478,0.3684764679678811,0.8124595834050308,0.8809691174059123,-0.14242345309732213,65.26752157062691,81.54038279175575,1.3850857034162585,1.5267256930350683,-1.3514591978855708,-1.4930991875043806,-331.9115309081653,-204.84346301671877
S43A11T02,0.01,43014,0.9,1.0468909497259868,0.4411106116783008,1.1102205194132884,0.07664574071981423,0.3793532464358813,0.8095432280877973,0.8429047421543104,-0.2930914899291562,67.1517305747292,86.05076593627086,1.3697803124583656,1.5789528026581583,-1.336153806927678,-1.5453262971274706,-340.00161396225303,-225.986887821682
S43A11T02,0.01,43014,0.9333333333333333,1.079466063734802,0.42182190960379756,1.1619975576080306,-0.009978611152720585,0.3902300249038816,0.8066268727705639,0.7742287168909938,-0.44380279376818094,68.65598111069093,90.49201329838405,1.345351040768079,1.6302684459593346,-1.3117245352373914,-1.596641940428647,-347.988607368035,-242.09444253192794
S43A11T02,0.01,43014,0.9666666666666667,1.105650882328299,0.406596789037991,1.2136753532498448,-0.10262352936846775,0.4011068033718818,0.8037105174533306,0.6727340036709941,-0.5863616513039644,69.80928998354793,94.83320495072105,1.3141312805228496,1.680619083481128,-1.2805047749921619,-1.6469925779504404,-355.87073940522566,-252.37529227523657
S43A11T02,0.01,43014,1.0,1.1255397241706142,0.3953232368898559,1.2651608521166722,-0.20145325075175935,0.4119835818398821,0.8007941621360971,0.5388718049255112,-0.7113425361043995,70.64719861665903,99.04732980044687,1.2770423295137132,1.729959411488546,-1.2434158239830255,-1.6963329059578582,-363.6464070126688,-256.437991117467
S43A11T02,0.1,43013,0.0,0.08568022779987429,0.8882848216530995,0.08568022779987429,0.8882848216530995,0.08568022779987429,0.8882848216530995,0.08568022779987429,0.8882848216530995,5.509466555604807,5.509466555604807,0.20117453120126338,0.18411369649471437,-0.16754802567057575,-0.15048719096402674,220.67842645105398,-178.49244685781005
S43A11T02,0.1,43013,0.03333333333333333,0.09875942383659377,0.8852581668460195,0.09755400540721017,0.8858304312296791,0.09655700626787456,0.8853684663358661,0.09727140503853396,0.8870903559260165,6.365597733614579,6.284498026059706,0.21999525839319545,0.2140323545513903,-0.1863687528625078,-0.18040584902070267,208.24708935563538,-174.1522709931965
S43A11T02,0.1,43013,0.06666666666666667,0.1124730520768148,0.8824665498779583,0.1114209874344843,0.8841883582522813,0.10743378473587481,0.8824521110186327,0.1100258897989822,0.8855988535386997,7.263361346493766,7.182269154000024,0.23913084929057046,0.24592588503543739,-0.20550434375988283,-0.21229937950474975,195.67518725431034,-171.29356655975346
S43A11T02,0.1,43013,0.1,0.12675048866048605,0.8800010131914962,0.12727741823888983,0.8831883618830564,0.11831056320387506,0.8795357557013993,0.12408941448188163,0.8837379945598474,8.196198771502194,8.200510408126677,0.25849221848483594,0.2797587556628647,-0.2248657129541483,-0.24613225013217704,182.96716598890418,-169.78606758560596
S43A11T02,0.1,43013,0.13333333333333333,0.1415876536303352,0.8778878744038656,0.14511587226490943,0.8826561398829535,0.12918734167187534,0.8766194003841659,0.13961972772233977,0.8814178109420395,9.161891285926536,9.3363707824089,0.2787586249764148,0.31548884990320164,-0.24513211944572716,-0.281862344372514,170.12779026876908,-169.4907077201866
S43A11T02,0.1,43013,0.16666666666666666,0.1570649393723084,0.8760698052752978,0.16492491724523003,0.8824129049171008,0.1400641201398756,0.8737030450669324,0.1567869751058242,0.8785265336074277,10.164209660100871,10.58656378676226,0.30082896508678003,0.35306685856192166,-0.2672024595560924,-0.319440353031234,157.16214126147713,-170.26211087551258
S43A11T02,0.1,43013,0.2,0.1733591533061598,0.8743924300239501,0.18668874594870555,0.8822748944161073,0.15094089860787585,0.8707866897496991,0.1757736382391932,0.8749255133525793,11.21417326972708,11.947513375758723,0.3257702833149695,0.3924356137770787,-0.29214377778428186,-0.35880910824639106,144.07561264419974,-171.95043668758385
S43A11T02,0.1,43013,0.23333333333333334,0.19074742804499112,0.8725985708983577,0.2103867735761715,0.8820528074337106,0.16181767707587613,0.8678703344324656,0.19677380934788125,0.870443044529532,12.330720969641334,13.415498578262573,0.3547421581556936,0.43352936246519974,-0.32111565262500597,-0.3999028569345121,130.87390506661197,-174.40271403778195
S43A11T02,0.1,43013,0.26666666666666666,0.20960158939999435,0.8703317463686888,0.23599319795092533,0.8815511618571706,0.17269445554387636,0.8649539791152322,0.21999149121816328,0.864866908608906,13.540665083667127,14.986796298713445,0.3889012349687684,0.47627297731646623,-0.35527472943808075,-0.4426464717857786,117.56301898824945,-177.46378513686412
S43A11T02,0.1,43013,0.3,0.23037221319379997,0.8671497786052129,0.2634765198288005,0.8805675654469963,0.18357123401187664,0.8620376237979988,0.24563749577791963,0.8579354558957624,14.877876290383474,16.657822294497993,0.429292515664665,0.5205811050021576,-0.39566601013397734,-0.48695459947146996,104.14924586654364,-180.97695919369042
S43A11T02,0.1,43013,0.3333333333333333,0.25356249195582636,0.8625484501152269,0.2927990210077816,0.8788918945855732,0.1944480124798769,0.8591212684807654,0.2739243615463136,0.8493270689001744,16.381700444776378,18.425270719277766,0.47673593285690985,0.5663572534435382,-0.4431094273262222,-0.5327307479128506,90.6391576861343,-184.78444760032534
S43A11T02,0.1,43013,0.36666666666666664,0.27969300029615835,0.8559941456969565,0.3239161985031294,0.8763053753973189,0.20532479094787714,0.856204913163532,0.3050585131708067,0.8386479173986745,18.09461684674253,20.286252887450043,0.5317180238934722,0.6134928229421426,-0.4980915183627846,-0.579866317411455,77.03959483534929,-188.7276293571372
S43A11T02,0.1,43013,0.4,0.30925940859215373,0.8469634222048779,0.35677615393490836,0.8725795631844137,0.21620156941587743,0.8532885578462985,0.33922863965944217,0.825418049142325,20.059111546576272,22.23843608121455,0.5942990093136884,0.6618660898400276,-0.5606725037830008,-0.62823958430934,63.35765235176087,-192.6471821441951
S43A11T02,0.1,43013,0.43333333333333335,0.342686058099838,0.8349865691780282,0.39131893852422117,0.8674752180424968,0.2270783478838777,0.8503722025290651,0.3765889713867072,0.809056099689644,22.313691138930256,24.280183295319013,0.6640451600698044,0.7113411563229042,-0.6304186545391168,-0.6777146507922166,49.60066457525588,-196.38311607144956
S43A11T02,0.1,43013,0.4666666666666667,0.3802789877484871,0.819691560079377,0.427475855794473,0.8607410772431315,0.23795512635187793,0.8474558472118318,0.41723580097825863,0.7888633038728244,24.88797007041982,26.41069478017699,0.7399949685925717,0.7617668861491631,-0.7063684630618842,-0.7281403806184755,35.77618826385852,-199.77476858382522
S43A11T02,0.1,43013,0.5,0.4221824141039139,0.8008444359309274,0.4651687263126083,0.8521125286778601,0.2488319048198782,0.8445394918945983,0.4611752540139148,0.7640081222737873,27.79692327561738,28.630152057806733,0.8206653604173586,0.8129758536071706,-0.787038854886671,-0.779349348076483,21.89198424435873,-202.66086589802703
S43A11T02,0.1,43013,0.5333333333333333,0.46834274873945947,0.7783821758623529,0.5043091216716523,0.8413101945511271,0.25970868328787844,0.8416231365773649,0.5082800466371186,0.7335137490229381,31.034792570916938,30.93986466595163,0.9041011180057261,0.8647833419420623,-0.8704746124750385,-0.8311568364113747,7.955997686352902,-204.87983613986776
S43A11T02,0.1,43013,0.5666666666666667,0.5184839528169286,0.7524345235962999,0.5447975784928083,0.8280384407904133,0.2705854617558787,0.8387067812601314,0.5582329092284668,0.6962521417341849,34.56976244080195,33.34241910444627,0.9879670388682968,0.9169864378326946,-0.9543405333376093,-0.883359932302007,-6.023662895677729,-206.2706822087066
S43A11T02,0.1,43013,0.6,0.5720973677559793,0.7233320442959859,0.5865228075782217,0.8119838355052169,0.281462240223879,0.8357904259428981,0.6104547494299338,0.65095009387322,38.34115713652407,35.84182812142921,1.0696783917616477,0.9693632800856408,-1.03605188623096,-0.9357367745549532,-20.038747792429323,-206.67490170258833
S43A11T02,0.1,43013,0.6333333333333333,0.6284481477142699,0.6915988265717319,0.6293609185071802,0.7928135894310847,0.2923390186918792,0.8328740706256647,0.6640168539822314,0.5962152660261705,42.26107409502872,38.443676309467754,1.1465613060829485,1.021672533202401,-1.1129348005522608,-0.9880460276717135,-34.08088926805223,-205.94019271015142
S43A11T02,0.1,43013,0.6666666666666666,0.6865991143601292,0.6579296210525212,0.673174685919611,0.7701740227318101,0.3032157971598795,0.8299577153084312,0.7175390321311435,0.5305928412478056,46.2215373585638,41.15525460262938,1.2160312156989979,1.0736531692732312,-1.1824047101683102,-1.0400266637425435,-48.14162559997027,-203.92702195973692
S43A11T02,0.1,43013,0.7,0.7454513531577982,0.6231526857912043,0.7178128903754536,0.7436891157808121,0.31409257562787973,0.8270413599911978,0.7690802709382099,0.45266606087570427,50.106396560602995,43.98567117313852,1.2757747868227551,1.1250246538472255,-1.2421482812920674,-1.0913981483165378,-62.21242583242509,-200.5195575718667
S43A11T02,0.1,43013,0.7333333333333333,0.8037993020776903,0.5881810331037024,0.7631097738168257,0.7129592164123405,0.32496935409588,0.8241250046739644,0.8160358918696596,0.36121523915195825,53.805158450511016,46.9459188015983,1.3239192851599708,1.1754876417476299,-1.2902927796292831,-1.1418611362169422,-76.28471507660012,-195.64294923071796
S43A11T02,0.1,43013,0.7666666666666667,0.8603966031378503,0.5539559793499793,0.80888465695825,0.6775599922018379,0.3358461325638803,0.821208649356731,0.855065688216626,0.25544802729664,57.225028427250166,50.04886836285526,1.3591734130965971,1.2247252955713133,-1.3255469075659094,-1.1910987900406256,-90.34990018285576,-189.28936122245545
S43A11T02,0.1,43013,0.8,0.9140277627594087,0.5213877392343171,0.8549417728941575,0.637041732875168,0.3467229110318805,0.8182922940394975,0.8820903294046588,0.13530586308766393,60.298320607096706,53.30914408307565,1.380925478035278,1.2724053407765807,-1.3472989725045903,-1.238778835245893,-104.39939560543681,-181.5552596262235
S43A11T02,0.1,43013,0.8333333333333334,0.9635798615073138,0.49129816403222737,0.901070377167549,0.5909291238565593,0.3575996894998808,0.8153759387222641,0.8924055473342135,0.0018343669861897536,62.98443826137511,56.74281868060831,1.389288342699898,1.3181829644665588,-1.3556618371692104,-1.2845564589358711,-118.42464927710132,-172.6916854709769
S43A11T02,0.1,43013,0.8666666666666667,1.0081083006755396,0.4643705366132766,0.9470451986292678,0.5387216257126404,0.3684764679678811,0.8124595834050308,0.8809691174059123,-0.14242345309732213,65.26752157062691,60.3668467591986,1.3850857034162585,1.3617046477281132,-1.3514591978855708,-1.3280781421974255,-132.41716831053424,-163.1666770899066
S43A11T02,0.1,43013,0.9,1.0468909497259868,0.4411106116783008,0.9926272966087905,0.4798946038469182,0.3793532464358813,0.8095432280877973,0.8429047421543104,-0.2930914899291562,67.1517305747292,64.19813696103829,1.3697803124583656,1.4026129913530634,-1.336153806927678,-1.3689864858223757,-146.36854434515854,-153.73327725217993
S43A11T02,0.1,43013,0.9333333333333333,1.079466063734802,0.42182190960379756,1.0375653870782013,0.4139013558306691,0.3902300249038816,0.8066268727705639,0.7742287168909938,-0.44380279376818094,68.65598111069093,68.25215615892617,1.345351040768079,1.4405525501684415,-1.3117245352373914,-1.4069260446377538,-160.2704783620223,-145.48622494837116
S43A11T02,0.1,43013,0.9666666666666667,1.105650882328299,0.406596789037991,1.0815976924688806,0.3401761774881683,0.4011068033718818,0.8037105174533306,0.6727340036709941,-0.5863616513039644,69.80928998354793,72.54097774307974,1.3141312805228496,1.4751766313171213,-1.2805047749921619,-1.4415501257864336,-174.1148047957313,-139.87515392398996
S43A11T02,0.1,43013,1.0,1.1255397241706142,0.3953232368898559,1.1244543555704034,0.2581385904446336,0.4119835818398821,0.8007941621360971,0.5388718049255112,-0.7113425361043995,70.64719861665903,77.07075301521196,1.2770423295137132,1.506154937571071,-1.2434158239830255,-1.4725284320403833,-187.89351478080886,-138.6252839347755
S43A11T02,0.1,43014,0.0,0.08568022779987429,0.8882848216530995,0.08568022779987429,0.8882848216530995,0.08568022779987429,0.8882848216530995,0.08568022779987429,0.8882848216530995,5.509466555604807,5.509466555604807,0.20117453120126338,0.18411369649471437,-0.16754802567057575,-0.15048719096402674,-16.303906655376025,96.08396593729854
S43A11T02,0.1,43014,0.03333333333333333,0.09875942383659377,0.8852581668460195,0.0978961481159136,0.8853047568783332,0.09655700626787456,0.8853684663358661,0.09727140503853396,0.8870903559260165,6.365597733614579,6.310076206130096,0.21999525839319545,0.22050965060698957,-0.1863687528625078,-0.18688314507630194,-31.84441804476089,103.84404433757305
S43A11T02,0.1,43014,0.06666666666666667,0.1124730520768148,0.8824665498779583,0.11276373425046068,0.8820696184831992,0.10743378473587481,0.8824521110186327,0.1100258897989822,0.8855988535386997,7.263361346493766,7.2851736527852635,0.23913084929057046,0.25918305530392205,-0.20550434375988283,-0.22555654977323442,-47.38652631179917,109.98501375055953
S43A11T02,0.1,43014,0.1,0.12675048866048605,0.8800010131914962,0.13023870896491505,0.878383774139098,0.11831056320387506,0.8795357557013993,0.12408941448188163,0.8837379945598474,8.196198771502194,8.433848220450331,0.25849221848483594,0.3000360433715642,-0.2248657129541483,-0.26640953784087656,-62.916869885703676,114.61843431888477
S43A11T02,0.1,43014,0.13333333333333333,0.1415876536303352,0.8778878744038656,0.15027066496862182,0.8740456324354303,0.12918734167187534,0.8766194003841659,0.13961972772233977,0.8814178109420395,9.161891285926536,9.755231040265542,0.2787586249764148,0.34296079939721436,-0.24513211944572716,-0.3093342938665267,-78.42203714992922,117.84557291055734
S43A11T02,0.1,43014,0.16666666666666666,0.1570649393723084,0.8760698052752978,0.1728026276890457,0.8688470637921387,0.1400641201398756,0.8737030450669324,0.1567869751058242,0.8785265336074277,10.164209660100871,11.24861720095817,0.30082896508678003,0.3878388436858533,-0.2672024595560924,-0.3542123381551657,-93.88862716049937,119.76076012884324
S43A11T02,0.1,43014,0.2,0.1733591533061598,0.8743924300239501,0.19777058689616955,0.8625727640856605,0.15094089860787585,0.8707866897496991,0.1757736382391932,0.8749255133525793,11.21417326972708,12.913571947169135,0.3257702833149695,0.4345402802831591,-0.29214377778428186,-0.4009137747524715,-109.30331078881595,120.4550468418227
S43A11T02,0.1,43014,0.23333333333333334,0.19074742804499112,0.8725985708983577,0.22510299713449528,0.8549995617712838,0.16181767707587613,0.8678703344324656,0.19677380934788125,0.870443044529532,12.330720969641334,14.750024954477244,0.3547421581556936,0.4829230182313955,-0.32111565262500597,-0.44929651270070786,-124.65289163286943,120.01975426451303
S43A11T02,0.1,43014,0.26666666666666666,0.20960158939999435,0.8703317463686888,0.25472024811520566,0.8458956712395208,0.17269445554387636,0.8649539791152322,0.21999149121816328,0.864866908608906,13.540665083667127,16.75835612681675,0.3889012349687684,0.5328319798598263,-0.35527472943808075,-0.4992054743291387,-139.92436603859545,118.54952411815584
S43A11T02,0.1,43014,0.3,0.23037221319379997,0.8671497786052129,0.2865341078441324,0.8350198976845135,0.18357123401187664,0.8620376237979988,0.24563749577791963,0.8579354558957624,14.877876290383474,18.93947525032373,0.429292515664665,0.5840983157383233,-0.39566601013397734,-0.5504718102076357,-155.10498158368407,116.14444498231973
S43A11T02,0.1,43014,0.3333333333333333,0.25356249195582636,0.8625484501152269,0.320447143390312,0.8221208019907081,0.1944480124798769,0.8591212684807654,0.2739243615463136,0.8493270689001744,16.381700444776378,21.294896131258753,0.47673593285690985,0.6365386530072581,-0.4431094273262222,-0.6029121474765705,-170.1822933993087,112.91075900969273
S43A11T02,0.1,43014,0.36666666666666664,0.27969300029615835,0.8559941456969565,0.35635212691683715,0.8069358381594528,0.20532479094787714,0.856204913163532,0.3050585131708067,0.8386479173986745,18.09461684674253,23.82680341493237,0.5317180238934722,0.6899544121849674,-0.4980915183627846,-0.6563279066542799,-185.14421774048506,108.95954542546596
S43A11T02,0.1,43014,0.4,0.30925940859215373,0.8469634222048779,0.39413143797366135,0.7891904806858939,0.21620156941587743,0.8532885578462985,0.33922863965944217,0.825418049142325,20.059111546576272,26.53810694459751,0.5942990093136884,0.7441312371952158,-0.5606725037830008,-0.7105047316645282,-199.97908226218283,104.40264697068392
S43A11T02,0.1,43014,0.43333333333333335,0.342686058099838,0.8349865691780282,0.43365647714397626,0.768597365116009,0.2270783478838777,0.8503722025290651,0.3765889713867072,0.809056099689644,22.313691138930256,29.43247405954392,0.6640451600698044,0.7988385940554478,-0.6304186545391168,-0.7652120885247602,-214.67567251469308,99.34498085050052
S43A11T02,0.1,43014,0.4666666666666667,0.3802789877484871,0.819691560079377,0.47478711095853854,0.7448554717719177,0.23795512635187793,0.8474558472118318,0.41723580097825863,0.7888633038728244,24.88797007041982,32.51432444994967,0.7399949685925717,0.8538296050250198,-0.7063684630618842,-0.8202030994943322,-229.22327423653797,93.87231304689246
S43A11T02,0.1,43014,0.5,0.4221824141039139,0.8008444359309274,0.5173711735058317,0.7176493902629062,0.2488319048198782,0.8445394918945983,0.4611752540139148,0.7640081222737873,27.79692327561738,35.78876498714606,0.8206653604173586,0.9088411963704707,-0.787038854886671,-0.8752146908397831,-243.61171109466108,88.03367868402972
S43A11T02,0.1,43014,0.5333333333333333,0.46834274873945947,0.7783821758623529,0.561244056248549,0.6866487107240837,0.25970868328787844,0.8416231365773649,0.5082800466371186,0.7335137490229381,31.034792570916938,39.261433507154976,0.9041011180057261,0.9635946482779711,-0.8704746124750385,-0.9299681427472836,-257.83137759782164,81.81808073771779
S43A11T02,0.1,43014,0.5666666666666667,0.5184839528169286,0.7524345235962999,0.6062284239771758,0.6515075964244333,0.2705854617558787,0.8387067812601314,0.5582329092284668,0.6962521417341849,34.56976244080195,42.938211567193946,0.9879670388682968,1.0177966434761816,-0.9543405333376093,-0.984170137945494,-271.87326698801655,75.12617130666004
S43A11T02,0.1,43014,0.6,0.5720973677559793,0.7233320442959859,0.6521341012198125,0.6118646009605841,0.281462240223879,0.8357904259428981,0.6104547494299338,0.65095009387322,38.34115713652407,46.824758414790494,1.0696783917616477,1.0711409150827191,-1.03605188623096,-1.0375144095520314,-285.7289939943577,67.7396796437634
S43A11T02,0.1,43014,0.6333333333333333,0.6284481477142699,0.6915988265717319,0.6987581792510567,0.567342800988445,0.2923390186918792,0.8328740706256647,0.6640168539822314,0.5962152660261705,42.26107409502872,50.9258150193785,1.1465613060829485,1.1233105919582735,-1.1129348005522608,-1.0896840864275859,-299.3908124121687,59.29475696511935
S43A11T02,0.1,43014,0.6666666666666666,0.6865991143601292,0.6579296210525212,0.74588539839136,0.5175503213965678,0.3032157971598795,0.8299577153084312,0.7175390321311435,0.5305928412478056,46.2215373585638,55.24423326168472,1.2160312156989979,1.1739813291087535,-1.1824047101683102,-1.1403548235780658,-312.8516275453277,49.270229295311765
S43A11T02,0.1,43014,0.7,0.7454513531577982,0.6231526857912043,0.7932888626777377,0.4620813328204774,0.31409257562787973,0.8270413599911978,0.7690802709382099,0.45266606087570427,50.106396560602995,59.77970859964672,1.2757747868227551,1.2228252890599127,-1.2421482812920674,-1.189198783529225,-326.10500362042075,37.00721014464028
S43A11T02,0.1,43014,0.7333333333333333,0.8037993020776903,0.5881810331037024,0.8407311431922786,0.400517600078791,0.32496935409588,0.8241250046739644,0.8160358918696596,0.36121523915195825,53.805158450511016,64.52724297514699,1.3239192851599708,1.2695160056001928,-1.2902927796292831,-1.2358895000695052,-339.1451663457221,21.780211128731196
S43A11T02,0.1,43014,0.7666666666666667,0.8603966031378503,0.5539559793499793,0.8879658212624821,0.33243065302893554,0.3358461325638803,0.821208649356731,0.855065688216626,0.25544802729664,57.225028427250166,69.4754439702431,1.3591734130965971,1.3137341125853317,-1.3255469075659094,-1.280107607054644,-351.9670008452415,2.937185855851453
S43A11T02,0.1,43014,0.8,0.9140277627594087,0.5213877392343171,0.9347395123517701,0.2573846371008277,0.3467229110318805,0.8182922940394975,0.8820903294046588,0.13530586308766393,60.298320607096706,74.60487251225865,1.380925478035278,1.3551738577002665,-1.3472989725045903,-1.3215473521695789,-364.5660452472835,-19.889137217480595
S43A11T02,0.1,43014,0.8333333333333334,0.9635798615073138,0.49129816403222737,0.9807943949092204,0.1749398782537409,0.3575996894998808,0.8153759387222641,0.8924055473342135,0.0018343669861897536,62.98443826137511,79.8867632267883,1.389288342699898,1.3935502461804992,-1.3556618371692104,-1.3599237406498115,-376.9384802476041,-46.52731169066175
S43A11T02,0.1,43014,0.8666666666666667,1.0081083006755396,0.4643705366132766,1.0258712453357512,0.08465716574212478,0.3684764679678811,0.8124595834050308,0.8809691174059123,-0.14242345309732213,65.26752157062691,85.2825146426723,1.3850857034162585,1.4286065769253244,-1.3514591978855708,-1.3949800713946368,-389.0811149991083,-76.04058646154931
S43A11T02,0.1,43014,0.9,1.0468909497259868,0.4411106116783008,1.0697129507873313,-0.013897283860828225,0.3793532464358813,0.8095432280877973,0.8429047421543104,-0.2930914899291562,67.1517305747292,90.74432203337729,1.3697803124583656,1.4601220502754069,-1.336153806927678,-1.4264955447447192,-400.9913697031474,-106.6286642400741
S43A11T02,0.1,43014,0.9333333333333333,1.079466063734802,0.42182190960379756,1.1120684368650195,-0.12114626506030013,0.3902300249038816,0.8066268727705639,0.7742287168909938,-0.44380279376818094,68.65598111069093,96.21715837190634,1.345351040768079,1.4879190525565724,-1.3117245352373914,-1.4542925470258847,-412.6672552921137,-135.74942728247532
S43A11T02,0.1,43014,0.9666666666666667,1.105650882328299,0.406596789037991,1.1526969094177835,-0.23749555955707358,0.4011068033718818,0.8037105174533306,0.6727340036709941,-0.5863616513039644,69.80928998354793,101.64200752878327,1.3141312805228496,1.5118696686341755,-1.2805047749921619,-1.4782431631034878,-424.10735059969375,-160.4845978412767
S43A11T02,0.1,43014,1.0,1.1255397241706142,0.3953232368898559,1.1913722717887087,-0.3633276374639488,0.4119835818398821,0.8007941621360971,0.5388718049255112,-0.7113425361043995,70.64719861665903,106.95990606190915,1.2770423295137132,1.5319009518548607,-1.2434158239830255,-1.498274446324173,-435.31077741447376,-178.06773691372763
S43A11T02,1.0,43013,0.0,0.08568022779987429,0.8882848216530995,0.08568022779987429,0.8882848216530995,0.08568022779987429,0.8882848216530995,0.08568022779987429,0.8882848216530995,5.509466555604807,5.509466555604807,0.20117453120126338,0.18411369649471437,-0.16754802567057575,-0.15048719096402674,233.46564648335416,-187.3730027872058
S43A11T02,1.0,43013,0.03333333333333333,0.09875942383659377,0.8852581668460195,0.09760968461580939,0.8860116906821034,0.09655700626787456,0.8853684663358661,0.09727140503853396,0.8870903559260165,6.365597733614579,6.286780092630343,0.21999525839319545,0.2150567607972375,-0.1863687528625078,-0.18143025526654988,219.8881169180307,-183.5771777266012
S43A11T02,1.0,43013,0.06666666666666667,0.1124730520768148,0.8824665498779583,0.11162608085351926,0.884872195723807,0.10743378473587481,0.8824521110186327,0.1100258897989822,0.8855988535386997,7.263361346493766,7.189848751358969,0.23913084929057046,0.2478242643310284,-0.20550434375988283,-0.21419775880034075,206.07603088984246,-181.34164909947967
S43A11T02,1.0,43013,0.1,0.12675048866048605,0.8800010131914962,0.12769758170878662,0.8846337488005186,0.11831056320387506,0.8795357557013993,0.12408941448188163,0.8837379945598474,8.196198771502194,8.213952920766774,0.25849221848483594,0.28233264995068896,-0.2248657129541483,-0.24870614442000133,192.03611766299522,-180.41182664473178
S43A11T02,1.0,43013,0.13333333333333333,0.1415876536303352,0.8778878744038656,0.14578646358622632,0.8850593089958108,0.12918734167187534,0.8766194003841659,0.13961972772233977,0.8814178109420395,9.161891285926536,9.353734887785986,0.2787586249764148,0.31848932319470796,-0.24513211944572716,-0.28486281766402033,177.7760270323353,-180.52888705382037
S43A11T02,1.0,43013,0.16666666666666666,0.1570649393723084,0.8760698052752978,0.1658487639290905,0.88590742822875,0.1400641201398756,0.8737030450669324,0.1567869751058242,0.8785265336074277,10.164209660100871,10.60348013978618,0.30082896508678003,0.3561922635239787,-0.2672024595560924,-0.32256575799329107,163.3043381763942,-181.43853434348682
S43A11T02,1.0,43013,0.2,0.1733591533061598,0.8743924300239501,0.18783392761557668,0.8869322932302035,0.15094089860787585,0.8707866897496991,0.1757736382391932,0.8749255133525793,11.21417326972708,11.957386228113544,0.3257702833149695,0.39532964764534906,-0.29214377778428186,-0.3617031421146614,148.63056062756675,-182.89783172468225
S43A11T02,1.0,43013,0.23333333333333334,0.19074742804499112,0.8725985708983577,0.21168445180458878,0.8878837636929547,0.16181767707587613,0.8678703344324656,0.19677380934788125,0.870443044529532,12.330720969641334,13.40981290500424,0.3547421581556936,0.43577948992674664,-0.32111565262500597,-0.402152984396059,133.76512672509523,-184.68014843838992
S43A11T02,1.0,43013,0.26666666666666666,0.20960158939999435,0.8703317463686888,0.23733553148656383,0.8885074068797881,0.17269445554387636,0.8649539791152322,0.21999149121816328,0.864866908608906,13.540665083667127,14.95550959428705,0.3889012349687684,0.4774093057907501,-0.35527472943808075,-0.44378280026006245,118.71937502603555,-186.57833349772517
S43A11T02,1.0,43013,0.3,0.23037221319379997,0.8671497786052129,0.2647147084269455,0.8885445293502746,0.18357123401187664,0.8620376237979988,0.24563749577791963,0.8579354558957624,14.877876290383474,16.58981837810326,0.429292515664665,0.5200758049708625,-0.39566601013397734,-0.48644929944017484,103.50552428353603,-188.40627515233095
S43A11T02,1.0,43013,0.3333333333333333,0.25356249195582636,0.8625484501152269,0.2937415266873584,0.8877322069125098,0.1944480124798769,0.8591212684807654,0.2739243615463136,0.8493270689001744,16.381700444776378,18.308852525805165,0.47673593285690985,0.563624622631423,-0.4431094273262222,-0.5299981171007354,88.13663775862736,-189.99904038744296
S43A11T02,1.0,43013,0.36666666666666664,0.27969300029615835,0.8559941456969565,0.3243271984780256,0.8858033144241866,0.20532479094787714,0.856204913163532,0.3050585131708067,0.8386479173986745,18.09461684674253,20.109652121140957,0.5317180238934722,0.6078900975847028,-0.4980915183627846,-0.5742635920540152,72.62657780813923,-191.21181772391085
S43A11T02,1.0,43013,0.4,0.30925940859215373,0.8469634222048779,0.35637428473864935,0.8824865576601884,0.21620156941587743,0.8532885578462985,0.33922863965944217,0.825418049142325,20.059111546576272,21.990319531613196,0.5942990093136884,0.6526951081760819,-0.5606725037830008,-0.6190686026453943,56.989950883006706,-191.91791096837983
S43A11T02,1.0,43013,0.43333333333333335,0.342686058099838,0.8349865691780282,0.38977639556589316,0.8775065101310309,0.2270783478838777,0.8503722025290651,0.3765889713867072,0.809056099689644,22.313691138930256,23.95013828501472,0.6640451600698044,0.6978509778286746,-0.6304186545391168,-0.664224472297987,41.24204327269305,-192.00605326634133
S43A11T02,1.0,43013,0.4666666666666667,0.3802789877484871,0.819691560079377,0.4244179164026388,0.8705836584745479,0.23795512635187793,0.8474558472118318,0.41723580097825863,0.7888633038728244,24.88797007041982,25.989679347357605,0.7399949685925717,0.7431574637073841,-0.7063684630618842,-0.7095309581766965,25.398748136445445,-191.3773338597439
S43A11T02,1.0,43013,0.5,0.4221824141039139,0.8008444359309274,0.460173766771829,0.8614344608446596,0.2488319048198782,0.8445394918945983,0.4611752540139148,0.7640081222737873,27.79692327561738,28.110898800377107,0.8206653604173586,0.7884028434275754,-0.787038854886671,-0.7547763378968878,9.476484563685108,-189.9420618694407
S43A11T02,1.0,43013,0.5333333333333333,0.46834274873945947,0.7783821758623529,0.4969091992646039,0.8497714235732493,0.25970868328787844,0.8416231365773649,0.5082800466371186,0.7335137490229381,31.034792570916938,30.317230442094814,0.9041011180057261,0.8333641161241507,-0.8704746124750385,-0.7997376105934632,-6.507890403235384,-187.6169438549384
S43A11T02,1.0,43013,0.5666666666666667,0.5184839528169286,0.7524345235962999,0.534479647459791,0.8353032022652195,0.2705854617558787,0.8387067812601314,0.5582329092284668,0.6962521417341849,34.56976244080195,32.61367578971974,0.9879670388682968,0.8778073354189577,-0.9543405333376093,-0.8441808298882701,-22.537175677562804,-184.32304067755607
S43A11T02,1.0,43013,0.6,0.5720973677559793,0.7233320442959859,0.5727306324316725,0.8177347343764158,0.281462240223879,0.8357904259428981,0.6104547494299338,0.65095009387322,38.34115713652407,35.00689219948324,1.0696783917616477,0.9214880927596889,-1.03605188623096,-0.8878615872290013,-38.59392471308531,-179.9851137746033
S43A11T02,1.0,43013,0.6333333333333333,0.6284481477142699,0.6915988265717319,0.6114977384565712,0.796767411184576,0.2923390186918792,0.8328740706256647,0.6640168539822314,0.5962152660261705,42.26107409502872,37.50527709470393,1.1465613060829485,0.9641521701078162,-1.1129348005522608,-0.9305256645771286,-54.66054739255494,-174.53319261665578
S43A11T02,1.0,43013,0.6666666666666666,0.6865991143601292,0.6579296210525212,0.6506066694050663,0.7720992978507246,0.3032157971598795,0.8299577153084312,0.7175390321311435,0.5305928412478056,46.2215373585638,40.11904225788133,1.2160312156989979,1.0055363808586113,-1.1824047101683102,-0.9719098753279237,-70.71941376384639,-167.90751202188034
S43A11T02,1.0,43013,0.7,0.7454513531577982,0.6231526857912043,0.6898733980411647,0.7434254109286305,0.31409257562787973,0.8270413599911978,0.7690802709382099,0.45266606087570427,50.106396560602995,42.86026630449412,1.2757747868227551,1.0453696169949596,-1.2421482812920674,-1.0117431114642719,-86.75295812383543,-160.06838344666733
S43A11T02,1.0,43013,0.7333333333333333,0.8037993020776903,0.5881810331037024,0.7291044209644297,0.7104380631495281,0.32496935409588,0.8241250046739644,0.8160358918696596,0.36121523915195825,53.805158450511016,45.74290519212328,1.3239192851599708,1.083374118608571,-1.2902927796292831,-1.0497476130778833,-102.74378194592224,-151.01304176535598
S43A11T02,1.0,43013,0.7666666666666667,0.8603966031378503,0.5539559793499793,0.768097132134973,0.6728272855159573,0.3358461325638803,0.821208649356731,0.855065688216626,0.25544802729664,57.225028427250166,48.78272924018479,1.3591734130965971,1.1192669788678247,-1.3255469075659094,-1.085640473337137,-118.67475418322783,-140.80192356846067
S43A11T02,1.0,43013,0.8,0.9140277627594087,0.5213877392343171,0.8066403277128478,0.6302813366033231,0.3467229110318805,0.8182922940394975,0.8820903294046588,0.13530586308766393,60.298320607096706,51.99714009361753,1.380925478035278,1.1527618930893784,-1.3472989725045903,-1.1191353875586907,-134.5291075539949,-129.59688831539125
S43A11T02,1.0,43013,0.8333333333333334,0.9635798615073138,0.49129816403222737,0.84451485421483,0.5824873084084199,0.3575996894998808,0.8153759387222641,0.8924055473342135,0.0018343669861897536,62.98443826137511,55.404802409921395,1.389288342699898,1.1835711546398717,-1.3556618371692104,-1.149944649109184,-150.2905295252791,-117.71299939404548
S43A11T02,1.0,43013,0.8666666666666667,1.0081083006755396,0.4643705366132766,0.88149441063476,0.5291318370203053,0.3684764679678811,0.8124595834050308,0.8809691174059123,-0.14242345309732213,65.26752157062691,59.025004328192196,1.3850857034162585,1.211407892881113,-1.3514591978855708,-1.1777813873504253,-165.94324685091826,-105.68262190893248
S43A11T02,1.0,43013,0.9,1.0468909497259868,0.4411106116783008,0.9173465130891066,0.4699019247486628,0.3793532464358813,0.8095432280877973,0.8429047421543104,-0.2930914899291562,67.1517305747292,62.87664252719783,1.3697803124583656,1.2359885393012413,-1.336153806927678,-1.2023620337705536,-181.4721026842188,-94.32430733726883
S43A11T02,1.0,43013,0.9333333333333333,1.079466063734802,0.42182190960379756,0.9518336276571497,0.4044858780731033,0.3902300249038816,0.8066268727705639,0.7742287168909938,-0.44380279376818094,68.65598111069093,66.97672151099184,1.345351040768079,1.25703549749709,-1.3117245352373914,-1.2234089919664024,-196.86262546829178,-84.79772254666054
S43A11T02,1.0,43013,0.9666666666666667,1.105650882328299,0.406596789037991,0.9847144733374005,0.33257436284497166,0.4011068033718818,0.8037105174533306,0.6727340036709941,-0.5863616513039644,69.80928998354793,71.3382793927529,1.3141312805228496,1.2742799810949113,-1.2805047749921619,-1.2406534755642236,-212.10108900060575,-78.60958405822342
S43A11T02,1.0,43013,1.0,1.1255397241706142,0.3953232368898559,1.0157454924367872,0.25386157458887026,0.4119835818398821,0.8007941621360971,0.5388718049255112,-0.7113425361043995,70.64719861665903,75.9677276183338,1.2770423295137132,1.2874649714947282,-1.2434158239830255,-1.2538384659640405,-227.17456326621522,-77.51826555117242
S43A11T02,1.0,43014,0.0,0.08568022779987429,0.8882848216530995,0.08568022779987429,0.8882848216530995,0.08568022779987429,0.8882848216530995,0.08568022779987429,0.8882848216530995,5.509466555604807,5.509466555604807,0.20117453120126338,0.18411369649471437,-0.16754802567057575,-0.15048719096402674,3.3104909256795705,47.08167163158973
S43A11T02,1.0,43014,0.03333333333333333,0.09875942383659377,0.8852581668460195,0.09762577291378373,0.8856470825875112,0.09655700626787456,0.8853684663358661,0.09727140503853396,0.8870903559260165,6.365597733614579,6.290375851134946,0.21999525839319545,0.21540911727441503,-0.1863687528625078,-0.1817826117437274,-10.982940063683237,54.69943240688078
S43A11T02,1.0,43014,0.06666666666666667,0.1124730520768148,0.8824665498779583,0.1117101948284555,0.8833874615411709,0.10743378473587481,0.8824521110186327,0.1100258897989822,0.8855988535386997,7.263361346493766,7.20717591601166,0.23913084929057046,0.24884681544576454,-0.20550434375988283,-0.2152203099150769,-25.281000216655993,60.902695098254995
S43A11T02,1.0,43014,0.1,0.12675048866048605,0.8800010131914962,0.12793041803767222,0.8812346239590809,0.11831056320387506,0.8795357557013993,0.12408941448188163,0.8837379945598474,8.196198771502194,8.260027805074545,0.25849221848483594,0.28435992958140166,-0.2248657129541483,-0.250733424050714,-39.56814247840071,65.84511426498636
S43A11T02,1.0,43014,0.13333333333333333,0.1415876536303352,0.8778878744038656,0.14627587272622186,0.878913641901779,0.12918734167187534,0.8766194003841659,0.13961972772233977,0.8814178109420395,9.161891285926536,9.449018785808805,0.2787586249764148,0.3218659498812016,-0.24513211944572716,-0.28823944435051396,-53.828781564360696,69.67459023402824
S43A11T02,1.0,43014,0.16666666666666666,0.1570649393723084,0.8760698052752978,0.16672756650571066,0.8761457726113033,0.1400641201398756,0.8737030450669324,0.1567869751058242,0.8785265336074277,10.164209660100871,10.774368325861685,0.30082896508678003,0.36126529221533465,-0.2672024595560924,-0.327638786684647,-68.0473872164135,72.53265363212215
S43A11T02,1.0,43014,0.2,0.1733591533061598,0.8743924300239501,0.18925709950997419,0.8726479959835024,0.15094089860787585,0.8707866897496991,0.1757736382391932,0.8749255133525793,11.21417326972708,12.23662173466472,0.3257702833149695,0.40243978426826055,-0.29214377778428186,-0.3688132787375729,-82.20857707047692,74.55655008491743
S43A11T02,1.0,43014,0.23333333333333334,0.19074742804499112,0.8725985708983577,0.21382561892491408,0.8681322610630978,0.16181767707587613,0.8678703344324656,0.19677380934788125,0.870443044529532,12.330720969641334,13.836835203513258,0.3547421581556936,0.44525105154129485,-0.32111565262500597,-0.4116245460106072,-96.2972078280703,75.88377695325656
S43A11T02,1.0,43014,0.26666666666666666,0.20960158939999435,0.8703317463686888,0.2403827082240816,0.8623043885699733,0.17269445554387636,0.8649539791152322,0.21999149121816328,0.864866908608906,13.540665083667127,15.576758976639704,0.3889012349687684,0.48953879271326584,-0.35527472943808075,-0.4559122871825782,-110.29846346612126,76.65884988932015
S43A11T02,1.0,43014,0.3,0.23037221319379997,0.8671497786052129,0.2688652060332413,0.8548625750292689,0.18357123401187664,0.8620376237979988,0.24563749577791963,0.8579354558957624,14.877876290383474,17.459028086401794,0.429292515664665,0.5351189394340554,-0.39566601013397734,-0.5014924339033678,-124.19793929165893,77.04210238343431
S43A11T02,1.0,43014,0.3333333333333333,0.25356249195582636,0.8625484501152269,0.29919595010982203,0.845495445497261,0.1944480124798769,0.8591212684807654,0.2739243615463136,0.8493270689001744,16.381700444776378,19.487372530159167,0.47673593285690985,0.5817817070426508,-0.4431094273262222,-0.5481552015119632,-137.98172074816864,77.22029862025354
S43A11T02,1.0,43014,0.36666666666666664,0.27969300029615835,0.8559941456969565,0.33128244404649676,0.8338796078992351,0.20532479094787714,0.856204913163532,0.3050585131708067,0.8386479173986745,18.09461684674253,21.666860904181014,0.5317180238934722,0.6292895625827033,-0.4980915183627846,-0.5956630570520157,-151.63645600457272,77.41870726994263
S43A11T02,1.0,43014,0.4,0.30925940859215373,0.8469634222048779,0.3650154488831565,0.8196766751144713,0.21620156941587743,0.8532885578462985,0.33922863965944217,0.825418049142325,20.059111546576272,24.004193116984393,0.5942990093136884,0.6773751681068099,-0.5606725037830008,-0.6437486625761223,-165.14942150154025,77.91395095152922
S43A11T02,1.0,43014,0.43333333333333335,0.342686058099838,0.8349865691780282,0.4002675100092986,0.8025297445498482,0.2270783478838777,0.8503722025290651,0.3765889713867072,0.809056099689644,22.313691138930256,26.50805834783466,0.6640451600698044,0.7257394044335104,-0.6304186545391168,-0.6921128989028228,-178.50857978809046,79.04627002561122
S43A11T02,1.0,43014,0.4666666666666667,0.3802789877484871,0.819691560079377,0.43689144302107724,0.7820593634219937,0.23795512635187793,0.8474558472118318,0.41723580097825863,0.7888633038728244,24.88797007041982,29.189572839959265,0.7399949685925717,0.774049647231081,-0.7063684630618842,-0.7404231417003935,-191.70262914889324,81.2285884754209
S43A11T02,1.0,43014,0.5,0.4221824141039139,0.8008444359309274,0.4747188222625597,0.7578590665966849,0.2488319048198782,0.8445394918945983,0.4611752540139148,0.7640081222737873,27.79692327561738,32.06280650129268,0.8206653604173586,0.821938556832938,-0.787038854886671,-0.7883120513022505,-204.72104469390558,84.94757502774613
S43A11T02,1.0,43014,0.5333333333333333,0.46834274873945947,0.7783821758623529,0.5135585443879853,0.7294906583175191,0.25970868328787844,0.8416231365773649,0.5082800466371186,0.7335137490229381,31.034792570916938,35.14539430539299,0.9041011180057261,0.8690037564995226,-0.8704746124750385,-0.835377250968835,-217.55411075179373,90.74819962148493
S43A11T02,1.0,43014,0.5666666666666667,0.5184839528169286,0.7524345235962999,0.5531955778682169,0.6964795245213968,0.2705854617558787,0.8387067812601314,0.5582329092284668,0.6962521417341849,34.56976244080195,38.45920262820165,0.9879670388682968,0.9148089068834437,-0.9543405333376093,-0.8811824013527562,-230.1929445721484,99.18736029053602
S43A11T02,1.0,43014,0.6,0.5720973677559793,0.7233320442959859,0.5933900583578289,0.6583104109738677,0.281462240223879,0.8357904259428981,0.6104547494299338,0.65095009387322,38.34115713652407,42.03097321593708,1.0696783917616477,0.9588868242641495,-1.03605188623096,-0.9252603187334619,-242.62951149454196,110.73331867855535
S43A11T02,1.0,43014,0.6333333333333333,0.6284481477142699,0.6915988265717319,0.6338769475754071,0.6144242803854432,0.2923390186918792,0.8328740706256647,0.6640168539822314,0.5962152660261705,42.26107409502872,45.89278573072997,1.1465613060829485,1.0007454099252202,-1.1129348005522608,-0.9671189043945326,-254.8566318814066,125.57619901392763
S43A11T02,1.0,43014,0.6666666666666666,0.6865991143601292,0.6579296210525212,0.67436653458651,0.5642170544961507,0.3032157971598795,0.8299577153084312,0.7175390321311435,0.5305928412478056,46.2215373585638,50.08204775608754,1.2160312156989979,1.0398772125745555,-1.1824047101683102,-1.0062507070438678,-266.8679802337437,143.3043598746297
S43A11T02,1.0,43014,0.7,0.7454513531577982,0.6231526857912043,0.7145461125955112,0.5070412242017444,0.31409257562787973,0.8270413599911978,0.7690802709382099,0.45266606087570427,50.106396560602995,54.64052544698257,1.2757747868227551,1.0757733693576066,-1.2421482812920674,-1.042146863826919,-278.65807701181956,162.40467292863417
S43A11T02,1.0,43014,0.7333333333333333,0.8037993020776903,0.5881810331037024,0.7540831943885714,0.44221142085033815,0.32496935409588,0.8241250046739644,0.8160358918696596,0.36121523915195825,53.805158450511016,59.61167714657418,1.3239192851599708,1.107942383556397,-1.2902927796292831,-1.0743158780257094,-290.22227376610334,179.59251677481245
S43A11T02,1.0,43014,0.7666666666666667,0.8603966031378503,0.5539559793499793,0.7926306116639927,0.36901501263056596,0.3358461325638803,0.821208649356731,0.855065688216626,0.25544802729664,57.225028427250166,65.03532111878249,1.3591734130965971,1.1359336227414865,-1.3255469075659094,-1.1023071172107988,-301.55673224638696,189.12570368732582
S43A11T02,1.0,43014,0.8,0.9140277627594087,0.5213877392343171,0.8298337502417557,0.28672853706519064,0.3467229110318805,0.8182922940394975,0.8820903294046588,0.13530586308766393,60.298320607096706,70.93867498175304,1.380925478035278,1.1593645256096845,-1.3472989725045903,-1.1257380200789968,-312.65839819962633,182.5632202310128
S43A11T02,1.0,43014,0.8333333333333334,0.9635798615073138,0.49129816403222737,0.865339980931821,0.19464022996204122,0.3575996894998808,0.8153759387222641,0.8924055473342135,0.0018343669861897536,62.98443826137511,77.32347762066281,1.389288342699898,1.1779493481570635,-1.3556618371692104,-1.1443228426263758,-323.52497059050796,149.83561500985405
S43A11T02,1.0,43014,0.8666666666666667,1.0081083006755396,0.4643705366132766,0.8988100469976126,0.09207803678949467,0.3684764679678811,0.8124595834050308,0.8809691174059123,-0.14242345309732213,65.26752157062691,84.15077476352702,1.3850857034162585,1.1915260629611486,-1.3514591978855708,-1.157899557430461,-334.15486698453697,82.58053389488265
S43A11T02,1.0,43014,0.9,1.0468909497259868,0.4411106116783008,0.9299307865532023,-0.021558638151552567,0.3793532464358813,0.8095432280877973,0.8429047421543104,-0.2930914899291562,67.1517305747292,91.32805341660823,1.3697803124583656,1.2000771088735427,-1.336153806927678,-1.166450603342855,-344.5471858234069,-20.385714786433766
S43A11T02,1.0,43014,0.9333333333333333,1.079466063734802,0.42182190960379756,0.9584281658594017,-0.14676638203503478,0.3902300249038816,0.8066268727705639,0.7742287168909938,-0.44380279376818094,68.65598111069093,98.7062070943371,1.345351040768079,1.2037395231725927,-1.3117245352373914,-1.170113017641905,-354.7016662986396,-148.1837110570819
S43A11T02,1.0,43014,0.9666666666666667,1.105650882328299,0.406596789037991,0.9840792796511639,-0.2839083027499958,0.4011068033718818,0.8037105174533306,0.6727340036709941,-0.5863616513039644,69.80928998354793,106.09292762101192,1.3141312805228496,1.2028009506358461,-1.2805047749921619,-1.1691744451051584,-364.6186464942639,-278.2903362246582
S43A11T02,1.0,43014,1.0,1.1255397241706142,0.3953232368898559,1.0067218543360072,-0.4331918508274605,0.4119835818398821,0.8007941621360971,0.5388718049255112,-0.7113425361043995,70.64719861665903,113.28218267474912,1.2770423295137132,1.197680191219951,-1.2434158239830255,-1.1640536856892634,-374.2990204249154,-384.44613103982306
S43A11T02,10.0,43013,0.0,0.08568022779987429,0.8882848216530995,0.08568022779987429,0.8882848216530995,0.08568022779987429,0.8882848216530995,0.08568022779987429,0.8882848216530995,5.509466555604807,5.509466555604807,0.20117453120126338,0.18411369649471437,-0.16754802567057575,-0.15048719096402674,4.414885986723095,-75.08963124780523
S43A11T02,10.0,43013,0.03333333333333333,0.09875942383659377,0.8852581668460195,0.09640822703514473,0.8862320207540373,0.09655700626787456,0.8853684663358661,0.09727140503853396,0.8870903559260165,6.365597733614579,6.208473891133917,0.21999525839319545,0.19225654512273366,-0.1863687528625078,-0.15863003959204602,2.437120023366044,-78.0660248733843
S43A11T02,10.0,43013,0.06666666666666667,0.1124730520768148,0.8824665498779583,0.10688644725561053,0.8857635153140748,0.10743378473587481,0.8824521110186327,0.1100258897989822,0.8855988535386997,7.263361346493766,6.880700593243454,0.23913084929057046,0.20080043623402094,-0.20550434375988283,-0.1671739307033333,0.4522060268185276,-80.01006950199701
S43A11T02,10.0,43013,0.1,0.12675048866048605,0.8800010131914962,0.11718724310146146,0.8866616163523192,0.11831056320387506,0.8795357557013993,0.12408941448188163,0.8837379945598474,8.196198771502194,7.528964315879637,0.25849221848483594,0.20982528535403888,-0.2248657129541483,-0.17619877982335125,-1.5395496362074395,-81.03919204713999
S43A11T02,10.0,43013,0.13333333333333333,0.1415876536303352,0.8778878744038656,0.12738367108391527,0.8887041913327595,0.12918734167187534,0.8766194003841659,0.13961972772233977,0.8814178109420395,9.161891285926536,8.15701150500328,0.2787586249764148,0.21940927381989486,-0.24513211944572716,-0.18578276828920723,-3.537836320293929,-81.28487595653064
S43A11T02,10.0,43013,0.16666666666666666,0.1570649393723084,0.8760698052752978,0.13754921483443983,0.8916649088310261,0.1400641201398756,0.8737030450669324,0.1567869751058242,0.8785265336074277,10.164209660100871,8.769386097448647,0.30082896508678003,0.22962847682781362,-0.2672024595560924,-0.196001971297126,-5.542339307071086,-80.88254430269568
S43A11T02,10.0,43013,0.2,0.1733591533061598,0.8743924300239501,0.14775750084281417,0.8953135035426198,0.15094089860787585,0.8707866897496991,0.1757736382391932,0.8749255133525793,11.21417326972708,9.371302201685873,0.3257702833149695,0.2405565045427212,-0.29214377778428186,-0.20692999901203357,-7.552740017120305,-79.96314846594306
S43A11T02,10.0,43013,0.23333333333333334,0.19074742804499112,0.8725985708983577,0.15808200727813213,0.8994160605850352,0.16181767707587613,0.8678703344324656,0.19677380934788125,0.870443044529532,12.330720969641334,9.96853048458756,0.3547421581556936,0.2522641606132799,-0.32111565262500597,-0.21863765508259225,-9.568716227727325,-78.6467027187279
S43A11T02,10.0,43013,0.26666666666666666,0.20960158939999435,0.8703317463686888,0.1685957686603851,0.903735317878539,0.17269445554387636,0.8649539791152322,0.21999149121816328,0.864866908608906,13.540665083667127,10.56730555410894,0.3889012349687684,0.2648191222436798,-0.35527472943808075,-0.23119261671299218,-11.589942296168307,-77.03770829523268
S43A11T02,10.0,43013,0.3,0.23037221319379997,0.8671497786052129,0.17937107928090149,0.9080309852423194,0.18357123401187664,0.8620376237979988,0.24563749577791963,0.8579354558957624,14.877876290383474,11.17425934149488,0.429292515664665,0.27828564569479425,-0.39566601013397734,-0.24465914016410661,-13.616089388198015,-75.22220762089874
S43A11T02,10.0,43013,0.3333333333333333,0.25356249195582636,0.8625484501152269,0.1904791983533426,0.9120600787174256,0.1944480124798769,0.8591212684807654,0.2739243615463136,0.8493270689001744,16.381700444776378,11.796383593399636,0.47673593285690985,0.2927243007272162,-0.4431094273262222,-0.2590977951965286,-15.646825711394282,-73.26609658055033
S43A11T02,10.0,43013,0.36666666666666664,0.27969300029615835,0.8559941456969565,0.2019900599099903,0.9155772685277256,0.20532479094787714,0.856204913163532,0.3050585131708067,0.8386479173986745,18.09461684674253,12.441023213729661,0.5317180238934722,0.30819173706512093,-0.4980915183627846,-0.2745652315344333,-17.681816752998973,-71.21428258929326
S43A11T02,10.0,43013,0.4,0.30925940859215373,0.8469634222048779,0.21397199043881285,0.9183352390165255,0.21620156941587743,0.8532885578462985,0.33922863965944217,0.825418049142325,20.059111546576272,13.115901384778804,0.5942990093136884,0.32474048546310597,-0.5606725037830008,-0.29111397993241833,-19.72072552188359,-69.09028655760456
S43A11T02,10.0,43013,0.43333333333333335,0.342686058099838,0.8349865691780282,0.22649143718476583,0.9200850588500669,0.2270783478838777,0.8503722025290651,0.3765889713867072,0.809056099689644,22.313691138930256,13.829177122407573,0.6640451600698044,0.3424187954104463,-0.6304186545391168,-0.30879228987975865,-21.763212794255814,-66.89592691597218
S43A11T02,10.0,43013,0.4666666666666667,0.3802789877484871,0.819691560079377,0.23961270991488928,0.9205765597594305,0.23795512635187793,0.8474558472118318,0.41723580097825863,0.7888633038728244,24.88797007041982,14.589536119762561,0.7399949685925717,0.36127051092240076,-0.7063684630618842,-0.3276440053917131,-23.808937362712424,-64.61077828916568
S43A11T02,10.0,43013,0.5,0.4221824141039139,0.8008444359309274,0.2533977387733349,0.9195587220980179,0.2488319048198782,0.8445394918945983,0.4611752540139148,0.7640081222737873,27.79692327561738,15.40631633060598,0.8206653604173586,0.38133498526119514,-0.787038854886671,-0.3477084797305075,-25.857556288234996,-62.19115804617403
S43A11T02,10.0,43013,0.5333333333333333,0.46834274873945947,0.7783821758623529,0.26790585063317,0.9167800655204555,0.25970868328787844,0.8416231365773649,0.5082800466371186,0.7335137490229381,31.034792570916938,16.289670650963817,0.9041011180057261,0.4026470348154132,-0.8704746124750385,-0.36902052928472556,-27.90872515471609,-59.56846122799094
S43A11T02,10.0,43013,0.5666666666666667,0.5184839528169286,0.7524345235962999,0.2831935660915534,0.9119890431373655,0.2705854617558787,0.8387067812601314,0.5582329092284668,0.6962521417341849,34.56976244080195,17.25077017932256,0.9879670388682968,0.4252369317609751,-0.9543405333376093,-0.39161042623028747,-29.96209832559656,-56.64674921442594
S43A11T02,10.0,43013,0.6,0.5720973677559793,0.7233320442959859,0.2993144189595955,0.9049344375652295,0.281462240223879,0.8357904259428981,0.6104547494299338,0.65095009387322,38.34115713652407,18.30205274371518,1.0696783917616477,0.4491304345442133,-1.03605188623096,-0.4155039290135257,-32.01732920218865,-53.29962539704145
S43A11T02,10.0,43013,0.6333333333333333,0.6284481477142699,0.6915988265717319,0.31631879977469624,0.8953657573673353,0.2923390186918792,0.8328740706256647,0.6640168539822314,0.5962152660261705,42.26107409502872,19.457522481129185,1.1465613060829485,0.4743488546811371,-1.1129348005522608,-0.44072234915044944,-34.07407048325494,-49.36664991686645
S43A11T02,10.0,43013,0.6666666666666666,0.6865991143601292,0.6579296210525212,0.3342538245187716,0.8830336324661184,0.3032157971598795,0.8299577153084312,0.7175390321311435,0.5305928412478056,46.2215373585638,20.733106899236592,1.2160312156989979,0.5009091578685612,-1.1824047101683102,-0.4672826523378735,-36.131974425409645,-44.64993951574974
S43A11T02,10.0,43013,0.7,0.7454513531577982,0.6231526857912043,0.35316322936829475,0.8676902071946021,0.31409257562787973,0.8270413599911978,0.7690802709382099,0.45266606087570427,50.106396560602995,22.14707742918719,1.2757747868227551,0.528824096962182,-1.2421482812920674,-0.4951975914314944,-38.190693103906334,-38.91231195328985
S43A11T02,10.0,43013,0.7333333333333333,0.8037993020776903,0.5881810331037024,0.3730872919393229,0.8490895297409,0.32496935409588,0.8241250046739644,0.8160358918696596,0.36121523915195825,53.805158450511016,23.72053688951628,1.3239192851599708,0.5581023740015174,-1.2902927796292831,-0.5244758684708298,-40.249878673376045,-31.879606989640806
S43A11T02,10.0,43013,0.7666666666666667,0.8603966031378503,0.5539559793499793,0.394062779130361,0.8269879368209992,0.3358461325638803,0.821208649356731,0.855065688216626,0.25544802729664,57.225028427250166,25.477970578857754,1.3591734130965971,0.5887488281572127,-1.3255469075659094,-0.5551223226265252,-42.30918362807896,-23.252029391013018
S43A11T02,10.0,43013,0.8,0.9140277627594087,0.5213877392343171,0.41612292131535755,0.8011444324880646,0.3467229110318805,0.8182922940394975,0.8820903294046588,0.13530586308766393,60.298320607096706,27.44784354721672,1.380925478035278,0.6207646462455497,-1.3472989725045903,-0.5871381407148621,-44.36826106123595,-12.733077215890042
S43A11T02,10.0,43013,0.8333333333333334,0.9635798615073138,0.49129816403222737,0.4392974123050795,0.7713210600488007,0.3575996894998808,0.8153759387222641,0.8924055473342135,0.0018343669861897536,62.98443826137511,29.66319938916857,1.389288342699898,0.65414759229879,-1.3556618371692104,-0.6205210867681025,-46.42676492300781,-0.09055152416176782
S43A11T02,10.0,43013,0.8666666666666667,1.0081083006755396,0.4643705366132766,0.4636124341835872,0.7372832661073108,0.3684764679678811,0.8124595834050308,0.8809691174059123,-0.14242345309732213,65.26752157062691,32.162166863501085,1.3850857034162585,0.6888922525969241,-1.3514591978855708,-0.6552657470662365,-48.484350276695274,14.727152636072539
S43A11T02,10.0,43013,0.9,1.0468909497259868,0.4411106116783008,0.4890907058426684,0.6988002557936316,0.3793532464358813,0.8095432280877973,0.8429047421543104,-0.2930914899291562,67.1517305747292,34.98819705173722,1.3697803124583656,0.7249902925532657,-1.336153806927678,-0.6913637870225782,-50.540673552738355,31.385443062850385
S43A11T02,10.0,43013,0.9333333333333333,1.079466063734802,0.42182190960379756,0.515751553785063,0.6556453382578546,0.3902300249038816,0.8066268727705639,0.7742287168909938,-0.44380279376818094,68.65598111069093,38.189720146079964,1.345351040768079,0.7624307218983546,-1.3117245352373914,-0.728804216367667,-52.59539280009911,48.82621959338379
S43A11T02,10.0,43013,0.9666666666666667,1.105650882328299,0.406596789037991,0.5436110035503001,0.6075962615224343,0.4011068033718818,0.8037105174533306,0.6727340036709941,-0.5863616513039644,69.80928998354793,41.818716162691125,1.3141312805228496,0.8012001647177618,-1.2805047749921619,-0.7675736591870742,-54.64816793462206,64.76496335905784
S43A11T02,10.0,43013,1.0,1.1255397241706142,0.3953232368898559,0.5726818899371305,0.5544355357867112,0.4119835818398821,0.8007941621360971,0.5388718049255112,-0.7113425361043995,70.64719861665903,45.92745241043121,1.2770423295137132,0.8412831310626445,-1.2434158239830255,-0.8076566255319569,-56.698660983972815,75.04701071158817
S43A11T02,10.0,43014,0.0,0.08568022779987429,0.8882848216530995,0.08568022779987429,0.8882848216530995,0.08568022779987429,0.8882848216530995,0.08568022779987429,0.8882848216530995,5.509466555604807,5.509466555604807,0.20117453120126338,0.18411369649471437,-0.16754802567057575,-0.15048719096402674,-58.818445209714035,23.09234973504288
S43A11T02,10.0,43014,0.03333333333333333,0.09875942383659377,0.8852581668460195,0.09674150055280753,0.8858622537845088,0.09655700626787456,0.8853684663358661,0.09727140503853396,0.8870903559260165,6.365597733614579,6.232347395866208,0.21999525839319545,0.1985997398025923,-0.1863687528625078,-0.16497323427190466,-61.40007954256822,21.240728202913857
S43A11T02,10.0,43014,0.06666666666666667,0.1124730520768148,0.8824665498779583,0.10820951571472884,0.8842570067970283,0.10743378473587481,0.8824521110186327,0.1100258897989822,0.8855988535386997,7.263361346493766,6.976789625729636,0.23913084929057046,0.21400463778709886,-0.20550434375988283,-0.18037813225641122,-63.977680022258276,19.698565619922043
S43A11T02,10.0,43014,0.1,0.12675048866048605,0.8800010131914962,0.12014073140681163,0.8832113180286733,0.11831056320387506,0.8795357557013993,0.12408941448188163,0.8837379945598474,8.196198771502194,7.746238697741273,0.25849221848483594,0.23038217251543125,-0.2248657129541483,-0.19675566698474362,-66.55060717266556,18.446689267464613
S43A11T02,10.0,43014,0.13333333333333333,0.1415876536303352,0.8778878744038656,0.1325912012264022,0.8824648126829043,0.12918734167187534,0.8766194003841659,0.13961972772233977,0.8814178109420395,9.161891285926536,8.544828646616335,0.2787586249764148,0.2477837553997989,-0.24513211944572716,-0.21415724986911128,-69.11822390818074,17.464788347890014
S43A11T02,10.0,43014,0.16666666666666666,0.1570649393723084,0.8760698052752978,0.1456163585544045,0.881755227552544,0.1400641201398756,0.8737030450669324,0.1567869751058242,0.8785265336074277,10.164209660100871,9.377402491271377,0.30082896508678003,0.266258243291996,-0.2672024595560924,-0.23263173776130835,-71.6798963243627,16.73506970736406
S43A11T02,10.0,43014,0.2,0.1733591533061598,0.8743924300239501,0.1592708055273086,0.8808191529243615,0.15094089860787585,0.8707866897496991,0.1757736382391932,0.8749255133525793,11.21417326972708,10.24954370884822,0.3257702833149695,0.2858517799907784,-0.29214377778428186,-0.25222527446009074,-74.23499448323871,16.24554952474528
S43A11T02,10.0,43014,0.23333333333333334,0.19074742804499112,0.8725985708983577,0.1736081089237735,0.8793927863538286,0.16181767707587613,0.8678703344324656,0.19677380934788125,0.870443044529532,12.330720969641334,11.167623328446197,0.3547421581556936,0.30660766457142274,-0.32111565262500597,-0.2729811590407351,-76.78289319102383,15.992941085591703
S43A11T02,10.0,43014,0.26666666666666666,0.20960158939999435,0.8703317463686888,0.18868060510104356,0.8772126918285997,0.17269445554387636,0.8649539791152322,0.21999149121816328,0.864866908608906,13.540665083667127,12.138866750266736,0.3889012349687684,0.32856624744309937,-0.35527472943808075,-0.29493974191241173,-79.3229727660589,15.985155033328859
S43A11T02,10.0,43014,0.3,0.23037221319379997,0.8671497786052129,0.20453921596060282,0.8740165577703752,0.18357123401187664,0.8620376237979988,0.24563749577791963,0.8579354558957624,14.877876290383474,13.1714439899122,0.429292515664665,0.35176485452836254,-0.39566601013397734,-0.3181383489976749,-81.85461979480804,16.243442852635255
S43A11T02,10.0,43014,0.3333333333333333,0.25356249195582636,0.8625484501152269,0.22123327772967358,0.8695439473584748,0.1944480124798769,0.8591212684807654,0.2739243615463136,0.8493270689001744,16.381700444776378,14.274586679022956,0.47673593285690985,0.37623773945506167,-0.4431094273262222,-0.34261123392437404,-84.37722787379938,16.804178358343336
S43A11T02,10.0,43014,0.36666666666666664,0.27969300029615835,0.8559941456969565,0.23881038412084277,0.8635370347927257,0.20532479094787714,0.856204913163532,0.3050585131708067,0.8386479173986745,18.09461684674253,15.458734750644485,0.5317180238934722,0.4020160631684971,-0.4980915183627846,-0.36838955763780945,-86.89019833545653,17.720173026215747
S43A11T02,10.0,43014,0.4,0.30925940859215373,0.8469634222048779,0.2573162451824934,0.855741321343895,0.21620156941587743,0.8532885578462985,0.33922863965944217,0.825418049142325,20.059111546576272,16.735715135556823,0.5942990093136884,0.4291278999235666,-0.5606725037830008,-0.39550139439287896,-89.39294095583243,19.061236452646625
S43A11T02,10.0,43014,0.43333333333333335,0.342686058099838,0.8349865691780282,0.2767945628846905,0.8459063253604878,0.2270783478838777,0.8503722025290651,0.3765889713867072,0.809056099689644,22.313691138930256,18.118953699629948,0.6640451600698044,0.4575982682141114,-0.6304186545391168,-0.4239717626834238,-91.88487464233954,20.913383713756815
S43A11T02,10.0,43014,0.4666666666666667,0.3802789877484871,0.819691560079377,0.29728692420590686,0.8337862408030666,0.23795512635187793,0.8474558472118318,0.41723580097825863,0.7888633038728244,24.88797007041982,19.623719576851784,0.7399949685925717,0.48744918484865485,-0.7063684630618842,-0.4538226793179672,-94.36542809965682,23.375593604276688
S43A11T02,10.0,43014,0.5,0.4221824141039139,0.8008444359309274,0.3188327122027257,0.8191405593515421,0.2488319048198782,0.8445394918945983,0.4611752540139148,0.7640081222737873,27.79692327561738,21.26739722564833,0.8206653604173586,0.5186997400948156,-0.787038854886671,-0.48507323456412793,-96.83404047209065,26.55224219844432
S43A11T02,10.0,43014,0.5333333333333333,0.46834274873945947,0.7783821758623529,0.3414690352644738,0.8017346516661422,0.25970868328787844,0.8416231365773649,0.5082800466371186,0.7335137490229381,31.034792570916938,23.069774757478058,0.9041011180057261,0.5513661915929676,-0.8704746124750385,-0.51773968606228,-99.29016196077275,30.538151892222217
S43A11T02,10.0,43014,0.5666666666666667,0.5184839528169286,0.7524345235962999,0.36523067448423074,0.781340303967119,0.2705854617558787,0.8387067812601314,0.5582329092284668,0.6962521417341849,34.56976244080195,25.053325546568704,0.9879670388682968,0.5854620745847899,-0.9543405333376093,-0.5518355690541024,-101.73325441418831,35.391477744923264
S43A11T02,10.0,43014,0.6,0.5720973677559793,0.7233320442959859,0.39015004882276505,0.7577362067192953,0.281462240223879,0.8357904259428981,0.6104547494299338,0.65095009387322,38.34115713652407,27.243441221115464,1.0696783917616477,0.6209983259133832,-1.03605188623096,-0.5873718203826956,-104.16279189064842,41.08734709548746
S43A11T02,10.0,43014,0.6333333333333333,0.6284481477142699,0.6915988265717319,0.41625719750781703,0.7307083928526943,0.2923390186918792,0.8328740706256647,0.6640168539822314,0.5962152660261705,42.26107409502872,29.668544388105726,1.1465613060829485,0.6579834192257334,-1.1129348005522608,-0.6243569136950459,-106.57826119144264,47.44251327234571
S43A11T02,10.0,43014,0.6666666666666666,0.6865991143601292,0.6579296210525212,0.4435797789019388,0.7000506236072508,0.3032157971598795,0.8299577153084312,0.7175390321311435,0.5305928412478056,46.2215373585638,32.35996489563063,1.2160312156989979,0.6964235088406238,-1.1824047101683102,-0.6627970033099362,-108.97916236353704,53.99928911451319
S43A11T02,10.0,43014,0.7,0.7454513531577982,0.6231526857912043,0.4721430848909999,0.6655647207459012,0.31409257562787973,0.8270413599911978,0.7690802709382099,0.45266606087570427,50.106396560602995,35.35140115761724,1.2757747868227551,0.7363225798294266,-1.2421482812920674,-0.702696074298739,-111.36500917081639,59.85838095154
S43A11T02,10.0,43014,0.7333333333333333,0.8037993020776903,0.5881810331037024,0.5019700696945719,0.6270608445247894,0.32496935409588,0.8241250046739644,0.8160358918696596,0.36121523915195825,53.805158450511016,38.6777101234853,1.3239192851599708,0.7776826019861485,-1.2902927796292831,-0.7440560964554609,-113.7353295330029,63.460682684782086
S43A11T02,10.0,43014,0.7666666666666667,0.8603966031378503,0.5539559793499793,0.5330813918798063,0.5843577174313617,0.3358461325638803,0.821208649356731,0.855065688216626,0.25544802729664,57.225028427250166,42.37269123170541,1.3591734130965971,0.8205036855286281,-1.3255469075659094,-0.7868771799979405,-116.08966593152245,62.347477709513825
S43A11T02,10.0,43014,0.8,0.9140277627594087,0.5213877392343171,0.5654954682722246,0.5372827942913125,0.3467229110318805,0.8182922940394975,0.8820903294046588,0.13530586308766393,60.298320607096706,46.46549372610088,1.380925478035278,0.8647842365665447,-1.3472989725045903,-0.8311577310358571,-118.42757578172686,52.988764911214076
S43A11T02,10.0,43014,0.8333333333333334,0.9635798615073138,0.49129816403222737,0.5992285383992809,0.4856723798954179,0.3575996894998808,0.8153759387222641,0.8924055473342135,0.0018343669861897536,62.98443826137511,50.97536891203582,1.389288342699898,0.910521110585593,-1.3556618371692104,-0.8768946050549055,-120.7486317710192,30.862708401971958
S43A11T02,10.0,43014,0.8666666666666667,1.0081083006755396,0.4643705366132766,0.6342947380740636,0.4293716958003154,0.3684764679678811,0.8124595834050308,0.8809691174059123,-0.14242345309732213,65.26752157062691,55.90483930587566,1.3850857034162585,0.957709762422863,-1.3514591978855708,-0.9240832568921754,-123.05242216256698,-8.94167887812955
S43A11T02,10.0,43014,0.9,1.0468909497259868,0.4411106116783008,0.6707061807249324,0.36823489840772405,0.3793532464358813,0.8095432280877973,0.8429047421543104,-0.2930914899291562,67.1517305747292,61.232084549386244,1.3697803124583656,1.0063443914388297,-1.336153806927678,-0.9727178859081421,-125.3385510644239,-70.35625946268475
S43A11T02,10.0,43014,0.9333333333333333,1.079466063734802,0.42182190960379756,0.7084730450995143,0.30212505082026186,0.3902300249038816,0.8066268727705639,0.7742287168909938,-0.44380279376818094,68.65598111069093,66.90440057210772,1.345351040768079,1.0564180808198589,-1.3117245352373914,-1.0227915752891712,-127.60663866401356,-154.28124598597336
S43A11T02,10.0,43014,0.9666666666666667,1.105650882328299,0.406596789037991,0.7476036680153002,0.23091405130620923,0.4011068033718818,0.8037105174533306,0.6727340036709941,-0.5863616513039644,69.80928998354793,72.83553110011222,1.3141312805228496,1.1079229301661737,-1.2805047749921619,-1.074296424635486,-129.8563214280608,-256.595391660219
S43A11T02,10.0,43014,1.0,1.1255397241706142,0.3953232368898559,0.7881046408908434,0.15448252147888675,0.4119835818398821,0.8007941621360971,0.5388718049255112,-0.7113425361043995,70.64719861665903,78.90962348041556,1.2770423295137132,1.160850180729248,-1.2434158239830255,-1.1272236751985603,-132.0872522681799,-367.58005749321245
S43A11T03,0.0,43013,0.0,0.136704023595582,0.8933747431176353,0.136704023595582,0.8933747431176353,0.136704023595582,0.8933747431176353,0.13670402359558198,0.8933747431176353,8.699904601070884,8.699904601070884,0.275790699729797,0.2639630143837822,-0.25170902894967606,-0.23988134360366134,0.0,-57.79997278748985
S43A11T03,0.0,43013,0.03333333333333333,0.1522406716158446,0.890913096450981,0.15096434059097277,0.8903146246418787,0.15067728462373284,0.8897851629734045,0.15171782239373172,0.890947879550665,9.697132335172864,9.62370369942693,0.29614851527294184,0.2834758009401256,-0.2720668444928209,-0.2593941301600047,0.0,-67.57714768941992
S43A11T03,0.0,43013,0.06666666666666667,0.16830669231021392,0.8888521621247429,0.16580928138824808,0.8882508305503538,0.1646505456518837,0.8861955828291737,0.1684878421564996,0.8879292025568079,10.722175930232153,10.573676735911013,0.3174661357437013,0.30371732935798773,-0.2933844649635804,-0.2796356585778668,0.0,-77.45865487659046
S43A11T03,0.0,43013,0.1,0.1849966101157604,0.8869995716162746,0.18125478104665674,0.8870876977189814,0.17862380668003452,0.8826060026849427,0.1871876518691851,0.8841760032343239,11.780981523567887,11.548042810294675,0.3407519376046111,0.3247055295628189,-0.3166702668244902,-0.300623858782698,0.0,-87.3846949265284
S43A11T03,0.0,43013,0.13333333333333333,0.20251111015207898,0.8850548976688746,0.19731698656773974,0.8867272914677254,0.19259706770818538,0.8790164225407119,0.2080030424573849,0.8795118851022956,12.888095854640646,12.545214789557098,0.3671809365575374,0.34645841084932094,-0.3430992657774165,-0.32237674006920003,0.0,-97.30311366736075
S43A11T03,0.0,43013,0.16666666666666666,0.22115868327966468,0.8826149521637955,0.21401224124731819,0.8870695213572031,0.2065703287363362,0.875426842396481,0.23113006946056971,0.8737192413463689,14.067090131392513,13.563843272984885,0.39800117884727104,0.36899402631100986,-0.37391950806715013,-0.34491235553088895,0.0,-107.17049004537654
S43A11T03,0.0,43013,0.2,0.24134634428572727,0.8791885881955993,0.2313570668309401,0.8880122740047259,0.22054358976448707,0.8718372622522502,0.2567716650792154,0.8665302843641239,15.350164207634721,14.602851578858203,0.4344222231629123,0.3923304349644891,-0.4103405523827914,-0.3682487641843682,0.0,-116.95271326560348
S43A11T03,0.0,43013,0.23333333333333334,0.2635588254948535,0.8742209036954764,0.24936814347979983,0.8894515628821412,0.2345168507926379,0.8682476821080194,0.28513223185669895,0.8576164830879476,16.77693095920711,15.661461379857236,0.4774913046763647,0.4164856619262539,-0.4534096338962438,-0.392403991146133,0.0,-126.62508833426939
S43A11T03,0.0,43013,0.26666666666666666,0.28832666929832956,0.8671259123554637,0.26806228759435624,0.8912816948408168,0.24849011182078873,0.8646581019637885,0.3164094343528858,0.8465763353414795,18.392400787229565,16.739209102528786,0.5279672707937825,0.4414776570695903,-0.5038856000136616,-0.4173959862894694,0.0,-136.1720388757256
S43A11T03,0.0,43013,0.3,0.3161847446051522,0.8573259144598421,0.28745642758587947,0.8933954528786032,0.2624633728489396,0.8610685218195576,0.35078216147164026,0.8329215430645351,20.24414769696811,17.835953604708507,0.5862037816190244,0.4673242526532459,-0.5621221108389035,-0.443242581873125,0.0,-145.5864941819331
S43A11T03,0.0,43013,0.3333333333333333,0.34762379971553237,0.8442950371561952,0.307567577730937,0.8956842944235458,0.2764366338770904,0.8574789416753268,0.3883933414525767,0.8160619057541066,22.378562696710436,18.951875935375142,0.6520537412954612,0.49404312046927906,-0.6279720705153403,-0.46996144968915815,0.0,-154.8690541924428
S43A11T03,0.0,43013,0.36666666666666664,0.38303863071777866,0.8276037944570183,0.32841281028918934,0.8980385641640805,0.2904098949052413,0.853889361531096,0.42932596700678993,0.7952896552586403,24.8360448860397,20.08747215907975,0.7248062871269181,0.521651729102169,-0.7007246163467972,-0.49757005832204804,0.0,-164.0270231908372
S43A11T03,0.0,43013,0.4,0.42267717935347754,0.8069611133704606,0.35000922610945073,0.9003477202105457,0.30438315593339216,0.8502997813868651,0.4735703659669472,0.7697645940062806,27.645042843791558,21.24354029803114,0.8031658157111663,0.5501673019224405,-0.7790841449310454,-0.5260856311423195,0.0,-173.07339292525853
S43A11T03,0.0,43013,0.43333333333333335,0.4665952737673812,0.7822501468411681,0.37237392399136265,0.9025005721336485,0.31835641696154293,0.8467102012426343,0.5209805099291909,0.7385023561110977,30.81516135734704,22.42116242330106,0.885279490237342,0.5796067764536488,-0.8611978194572211,-0.5555251056735279,0.0,-182.02584132340058
S43A11T03,0.0,43013,0.4666666666666667,0.5146217061624083,0.7535543923210216,0.3955239691087253,0.9043855291978525,0.3323296779896938,0.8431206210984034,0.5712171321786331,0.700369480783779,34.33017542070298,23.62168283128047,0.9688156105626741,0.6099867657499891,-0.9447339397825532,-0.5859050949698682,0.0,-190.9057964576521
S43A11T03,0.0,43013,0.5,0.5663378529638897,0.7211711762729691,0.41947636083409356,0.905890856897437,0.34630293901784465,0.8395310409541725,0.623675867903822,0.6540908449918379,38.14265182443583,24.846683093019447,1.0510904451103082,0.6413235224021188,-1.0270087743301874,-0.6172418516219979,0.0,-199.7375988977297
S43A11T03,0.0,43013,0.5333333333333333,0.6210750806891332,0.6856104352779819,0.44424800033129835,0.9069049397160281,0.3602762000459955,0.8359414608099417,0.6773999098518672,0.5982773469223153,42.172539715135194,26.097954582399833,1.1292360651321198,0.6736329057507668,-1.105154394351999,-0.6495512349706459,0.0,-208.5477804140576
S43A11T03,0.0,43013,0.5666666666666667,0.6779317927863693,0.6475778705666648,0.46985565830188447,0.9073165478722028,0.37424946107414636,0.8323518806657109,0.7309793229741418,0.53148438461726,46.31183330762099,27.37746889217303,1.2003969330987019,0.7069303528319086,-1.176315262318581,-0.6828486820517877,0.0,-217.36446389945124
S43A11T03,0.0,43013,0.6,0.7358102634605277,0.607942883043341,0.496315943282102,0.9070151056892859,0.38822272210229714,0.82876230052148,0.7824438417335168,0.4523141123611086,50.435721525877995,28.68734634998291,1.2619390650730336,0.7412308535050831,-1.2378573942929127,-0.7171491827249622,0.0,-226.2168785767002
S43A11T03,0.0,43013,0.6333333333333333,0.7934715284675266,0.5676930860347533,0.5236452708883298,0.9058909591409052,0.402195983130448,0.8251727203772492,0.8291633236454684,0.359575589311792,54.41798921757555,30.029822662066195,1.3116530632504548,0.7765489301299151,-1.287571392470334,-0.7524672593497942,0.0,-235.13497589504604
S43A11T03,0.0,43013,0.6666666666666666,0.8496047513885437,0.5278784986842944,0.5518598344002934,0.903835640078543,0.4161692441585988,0.8215831402330183,0.867780306750433,0.25251487267851486,58.146388056010906,31.407213550522556,1.3479316339846192,0.8128986220578991,-1.3238499632044984,-0.7888169512777782,0.0,-244.14912459982858
S43A11T03,0.0,43013,0.7,0.9029058649294387,0.48954959631185063,0.580975577053161,0.9007421246454361,0.4301425051867497,0.8179935600887874,0.8942114971509089,0.13111910642943078,61.53374325535818,32.82187711936644,1.3699036157936326,0.8502934751003863,-1.3458219450135118,-0.8262118043202654,0.0,-253.28985780691468
S43A11T03,0.0,43013,0.7333333333333333,0.9521591003106602,0.45369410259206766,0.6110081663819165,0.8965050834237674,0.44411576621490056,0.8144039799445566,0.9037665861604616,-0.0035184439155833283,64.52267646266007,34.27617359263023,1.3775100508796831,0.8887465360232428,-1.3534283800995623,-0.8646648652431219,0.0,-262.58764007801454
S43A11T03,0.0,43013,0.7666666666666667,0.9963144299991555,0.421177652892216,0.6419729709250669,0.8910211209489307,0.45808902724305145,0.8108143998003258,0.8914375319416777,-0.14881380431079785,67.0844852938792,35.77242202204469,1.3715131908546858,0.9282703520078237,-1.347431520074565,-0.9041886812277028,0.0,-272.07261816080126
S43A11T03,0.0,43013,0.8,1.0345540680909515,0.3926931887629121,0.6738850395508118,0.8841890023542468,0.4720622882712022,0.8072248196560949,0.8524000231559139,-0.30036747865160035,69.21437742132687,37.312853570084556,1.353436022554281,0.9688769749107198,-1.3293543517741602,-0.9447953041305989,0.0,-281.7743151411868
S43A11T03,0.0,43013,0.8333333333333334,1.0663420289811234,0.36872317176943414,0.706759083618656,0.8759098650791334,0.4860355492993531,0.803635239511864,0.7827309577371064,-0.45181707527236536,70.92547369362188,38.89956104476882,1.3254371963533782,1.0105779700549933,-1.3013555255732574,-0.9864962992748724,0.0,-291.7212244739375
S43A11T03,0.0,43013,0.8666666666666667,1.0914522783062197,0.3495175074591141,0.7406094621346888,0.8660874137795309,0.5000088103275039,0.8000456593676332,0.6802763524690285,-0.5950046268552508,72.24329217380303,40.534444504121026,1.2901332407275476,1.0533844291967087,-1.2660515699474268,-1.029302758416588,0.0,-301.9402583086636
S43A11T03,0.0,43013,0.9,1.1099730672605006,0.335088583046741,0.7754501700011529,0.8546280968164757,0.5139820713556548,0.7964560792234023,0.5455129876860247,-0.7205706085968184,73.20151590742641,42.21915296859272,1.2503857093547408,1.0973069872353747,-1.22630403857462,-1.0732253164552539,0.0,-312.4560047312897
S43A11T03,0.0,43013,0.9333333333333333,1.1222873884620213,0.3252232214568678,0.8112948294023123,0.8414412629614243,0.5279553323838057,0.7928664990791715,0.3821667206367377,-0.818996348798628,73.83914947261422,43.95502258485876,1.2090745990211977,1.142355842177564,-1.184992928241077,-1.1182741713974431,0.0,-323.28975244109756
S43A11T03,0.0,43013,0.9666666666666667,1.129031844004484,0.319509828687287,0.8481566843108532,0.8264392972389485,0.5419285934119564,0.7892769189349407,0.19733123670212616,-0.8819675757811801,74.19877744803006,45.743011975674165,1.1650924932284386,1.1885407778208783,-1.1410108224483178,-1.1644591070407575,0.0,-334.45825076949467
S43A11T03,0.0,43014,0.0,0.136704023595582,0.8933747431176353,0.136704023595582,0.8933747431176353,0.136704023595582,0.8933747431176353,0.13670402359558198,0.8933747431176353,8.699904601070884,8.699904601070884,0.275790699729797,0.2639630143837822,-0.25170902894967606,-0.23988134360366134,0.0,-45.037572553507125
S43A11T03,0.0,43014,0.03333333333333333,0.1522406716158446,0.890913096450981,0.1510295280080648,0.8898384475944958,0.15067728462373284,0.8897851629734045,0.15171782239373172,0.890947879550665,9.697132335172864,9.632837088460983,0.29614851527294184,0.2847539041850903,-0.2720668444928209,-0.26067223340496937,0.0,-51.705029474106695
S43A11T03,0.0,43014,0.06666666666666667,0.16830669231021392,0.8888521621247429,0.16608111057762637,0.8863310949155909,0.1646505456518837,0.8861955828291737,0.1684878421564996,0.8879292025568079,10.722175930232153,10.61303750226974,0.3174661357437013,0.3065644044384308,-0.2933844649635804,-0.2824827336583099,0.0,-58.607872687982294
S43A11T03,0.0,43014,0.1,0.1849966101157604,0.8869995716162746,0.18189068659866695,0.8827371535583296,0.17862380668003452,0.8826060026849427,0.1871876518691851,0.8841760032343239,11.780981523567887,11.643016435740932,0.3407519376046111,0.3294206799880164,-0.3166702668244902,-0.3053390092078955,0.0,-65.75413160767219
S43A11T03,0.0,43014,0.13333333333333333,0.20251111015207898,0.8850548976688746,0.1984895364564121,0.8789424525771158,0.19259706770818538,0.8790164225407119,0.2080030424573849,0.8795118851022956,12.888095854640646,12.725513064019298,0.3671809365575374,0.3533481999148223,-0.3430992657774165,-0.3292665291347014,0.0,-73.15528405565084
S43A11T03,0.0,43014,0.16666666666666666,0.22115868327966468,0.8826149521637955,0.2159082998754896,0.8748343601762325,0.2065703287363362,0.875426842396481,0.23113006946056971,0.8737192413463689,14.067090131392513,13.863501923335964,0.39800117884727104,0.37837174853492594,-0.37391950806715013,-0.35429007775480503,0.0,-80.8266589083949
S43A11T03,0.0,43014,0.2,0.24134634428572727,0.8791885881955993,0.2341769719419333,0.8703019512608676,0.22054358976448707,0.8718372622522502,0.2567716650792154,0.8665302843641239,15.350164207634721,15.060195239735771,0.4344222231629123,0.4045154369706351,-0.4103405523827914,-0.38043376619051417,0.0,-88.78791841524693
S43A11T03,0.0,43014,0.23333333333333334,0.2635588254948535,0.8742209036954764,0.2533249007658773,0.865236163387487,0.2345168507926379,0.8682476821080194,0.28513223185669895,0.8576164830879476,16.77693095920711,16.319039778659477,0.4774913046763647,0.4318027151472852,-0.4534096338962438,-0.4077210443671643,0.0,-97.06364418492055
S43A11T03,0.0,43014,0.26666666666666666,0.28832666929832956,0.8671259123554637,0.2733807866512895,0.8595299406619284,0.24849011182078873,0.8646581019637885,0.3164094343528858,0.8465763353414795,18.392400787229565,17.64370691106606,0.5279672707937825,0.4602563840795746,-0.5038856000136616,-0.4361747132994537,0.0,-105.6840452095388
S43A11T03,0.0,43014,0.3,0.3161847446051522,0.8573259144598421,0.2943726826394278,0.8530783652576037,0.2624633728489396,0.8610685218195576,0.35078216147164026,0.8329215430645351,20.24414769696811,19.038074268118365,0.5862037816190244,0.48989860832255294,-0.5621221108389035,-0.46581693754243203,0.0,-114.685796276785
S43A11T03,0.0,43014,0.3333333333333333,0.34762379971553237,0.8442950371561952,0.31632799629418273,0.8457787763454735,0.2764366338770904,0.8574789416753268,0.3883933414525767,0.8160619057541066,22.378562696710436,20.506196995525908,0.6520537412954612,0.5207509284738023,-0.6279720705153403,-0.4966692576936814,0.0,-124.11299872860104
S43A11T03,0.0,43014,0.36666666666666664,0.38303863071777866,0.8276037944570183,0.3392734925999928,0.8375308763406617,0.2904098949052413,0.853889361531096,0.42932596700678993,0.7952896552586403,24.8360448860397,22.052266240639682,0.7248062871269181,0.5528342736248725,-0.7007246163467972,-0.5287526028447516,0.0,-134.0182301399909
S43A11T03,0.0,43014,0.4,0.42267717935347754,0.8069611133704606,0.3632352978464727,0.8282368244765991,0.30438315593339216,0.8502997813868651,0.4735703659669472,0.7697645940062806,27.645042843791558,23.68055214426777,0.8031658157111663,0.5861689736715776,-0.7790841449310454,-0.5620873028914567,0.0,-144.46361198157058
S43A11T03,0.0,43014,0.43333333333333335,0.4665952737673812,0.7822501468411681,0.38823890437819725,0.8178013178156079,0.31835641696154293,0.8467102012426343,0.5209805099291909,0.7385023561110977,30.81516135734704,25.395328317913933,0.885279490237342,0.6207747714042645,-0.8611978194572211,-0.5966931006241436,0.0,-155.52177146620576
S43A11T03,0.0,43014,0.4666666666666667,0.5146217061624083,0.7535543923210216,0.41430917609312123,0.8061316598942366,0.3323296779896938,0.8431206210984034,0.5712171321786331,0.700369480783779,34.33017542070298,27.20077464349545,0.9688156105626741,0.6566708343105304,-0.9447339397825532,-0.6325891635304095,0.0,-167.27650312840132
S43A11T03,0.0,43014,0.5,0.5663378529638897,0.7211711762729691,0.44147035457880324,0.7931378172820505,0.34630293901784465,0.8395310409541725,0.623675867903822,0.6540908449918379,38.14265182443583,29.10085534408736,1.0510904451103082,0.6938757660340329,-1.0270087743301874,-0.669794095253912,0.0,-179.82284719128626
S43A11T03,0.0,43014,0.5333333333333333,0.6210750806891332,0.6856104352779819,0.46974606578184863,0.7787324644037957,0.3602762000459955,0.8359414608099417,0.6773999098518672,0.5982773469223153,42.172539715135194,31.099169780120285,1.1292360651321198,0.7324076174439053,-1.105154394351999,-0.7083259466637843,0.0,-193.26620024680548
S43A11T03,0.0,43014,0.5666666666666667,0.6779317927863693,0.6475778705666648,0.49915932711268524,0.7628310170368752,0.37424946107414636,0.8323518806657109,0.7309793229741418,0.53148438461726,46.31183330762099,33.19877449215447,1.2003969330987019,0.7722838972797665,-1.176315262318581,-0.7482022264996456,0.0,-207.7199722489868
S43A11T03,0.0,43014,0.6,0.7358102634605277,0.607942883043341,0.529732554894863,0.7453516549490337,0.38822272210229714,0.82876230052148,0.7824438417335168,0.4523141123611086,50.435721525877995,35.40197681642507,1.2619390650730336,0.8135215823473281,-1.2378573942929127,-0.7894399115672072,0.0,-223.30122736221782
S43A11T03,0.0,43014,0.6333333333333333,0.7934715284675266,0.5676930860347533,0.5614875720754167,0.7262153341853455,0.402195983130448,0.8251727203772492,0.8291633236454684,0.359575589311792,54.41798921757555,37.710103098252866,1.3116530632504548,0.8561371272490444,-1.287571392470334,-0.8320554564689235,0.0,-240.12373479211868
S43A11T03,0.0,43014,0.6666666666666666,0.8496047513885437,0.5278784986842944,0.5944456161203588,0.7053457895493821,0.4161692441585988,0.8215831402330183,0.867780306750433,0.25251487267851486,58.146388056010906,40.123248199318205,1.3479316339846192,0.90014647364304,-1.3238499632044984,-0.8760648028629191,0.0,-258.28796368388356
S43A11T03,0.0,43014,0.7,0.9029058649294387,0.48954959631185063,0.6286273470270063,0.6826695278512749,0.4301425051867497,0.8179935600887874,0.8942114971509089,0.13111910642943078,61.53374325535818,42.64001756127117,1.3699036157936326,0.9455650590316306,-1.3458219450135118,-0.9214833882515097,0.0,-277.8678444669756
S43A11T03,0.0,43014,0.7333333333333333,0.9521591003106602,0.45369410259206766,0.6640528553924654,0.6581158125157934,0.44411576621490056,0.8144039799445566,0.9037665861604616,-0.0035184439155833283,64.52267646266007,45.25727822900314,1.3775100508796831,0.9924078250880328,-1.3534283800995623,-0.9683261543079119,0.0,-298.8946365228894
S43A11T03,0.0,43014,0.7666666666666667,0.9963144299991555,0.421177652892216,0.7007416704851602,0.63161664015709,0.45808902724305145,0.8108143998003258,0.8914375319416777,-0.14881380431079785,67.0844852938792,47.969940307675614,1.3715131908546858,1.0406892255363007,-1.347431520074565,-1.01660755475618,0.0,-321.3389943618364
S43A11T03,0.0,43014,0.8,1.0345540680909515,0.3926931887629121,0.7387127682736722,0.6031067097339902,0.4720622882712022,0.8072248196560949,0.8524000231559139,-0.30036747865160035,69.21437742132687,50.77079433555752,1.353436022554281,1.0904232336050899,-1.3293543517741602,-1.066341562824969,0.0,-345.0932355670968
S43A11T03,0.0,43014,0.8333333333333334,1.0663420289811234,0.36872317176943414,0.7779845793743179,0.5725233849012241,0.4860355492993531,0.803635239511864,0.7827309577371064,-0.45181707527236536,70.92547369362188,53.650431740227226,1.3254371963533782,1.1416233490805245,-1.3013555255732574,-1.1175416783004037,0.0,-369.956695958988
S43A11T03,0.0,43014,0.8666666666666667,1.0914522783062197,0.3495175074591141,0.8185749968857304,0.5398066501684002,0.5000088103275039,0.8000456593676332,0.6802763524690285,-0.5950046268552508,72.24329217380303,56.5972736135675,1.2901332407275476,1.1943026049871892,-1.2660515699474268,-1.1702209342070684,0.0,-395.62761570274307
S43A11T03,0.0,43014,0.9,1.1099730672605006,0.335088583046741,0.8605013840851982,0.5048990614703653,0.5139820713556548,0.7964560792234023,0.5455129876860247,-0.7205706085968184,73.20151590742641,59.59772654242327,1.2503857093547408,1.248473573929153,-1.22630403857462,-1.2243919031490322,0.0,-421.70489607083397
S43A11T03,0.0,43014,0.9333333333333333,1.1222873884620213,0.3252232214568678,0.9037805819675584,0.4677456917404711,0.5279553323838057,0.7928664990791715,0.3821667206367377,-0.818996348798628,73.83914947261422,62.63647301993229,1.2090745990211977,1.3041483741249307,-1.184992928241077,-1.2800667033448099,0.0,-447.7020479101986
S43A11T03,0.0,43014,0.9666666666666667,1.129031844004484,0.319509828687287,0.9484289166130487,0.4282940720626712,0.5419285934119564,0.7892769189349407,0.19733123670212616,-0.8819675757811801,74.19877744803006,65.69688905813305,1.1650924932284386,1.3613386751714784,-1.1410108224483178,-1.3372570043913576,0.0,-473.07371136809024
S43A11T03,0.01,43013,0.0,0.136704023595582,0.8933747431176353,0.136704023595582,0.8933747431176353,0.136704023595582,0.8933747431176353,0.13670402359558198,0.8933747431176353,8.699904601070884,8.699904601070884,0.275790699729797,0.2639630143837822,-0.25170902894967606,-0.23988134360366134,-20.053291570079114,-21.066761273110647
S43A11T03,0.01,43013,0.03333333333333333,0.1522406716158446,0.890913096450981,0.15113999349408042,0.8903352483492899,0.15067728462373284,0.8897851629734045,0.15171782239373172,0.890947879550665,9.697132335172864,9.6344724813456,0.29614851527294184,0.2868231539028588,-0.2720668444928209,-0.2627414831227379,-25.781521806151602,-26.434814147007977
S43A11T03,0.01,43013,0.06666666666666667,0.16830669231021392,0.8888521621247429,0.16649963943691937,0.8883436947496541,0.1646505456518837,0.8861955828291737,0.1684878421564996,0.8879292025568079,10.722175930232153,10.615617532424361,0.3174661357437013,0.31058282629221534,-0.2933844649635804,-0.28650115551209443,-31.523173742960566,-32.330407988182415
S43A11T03,0.01,43013,0.1,0.1849966101157604,0.8869995716162746,0.18278023075162114,0.887321104245408,0.17862380668003452,0.8826060026849427,0.1871876518691851,0.8841760032343239,11.780981523567887,11.639610039618205,0.3407519376046111,0.33523782665260804,-0.3166702668244902,-0.31115615587248713,-37.27668663201172,-38.65040702977407
S43A11T03,0.01,43013,0.13333333333333333,0.20251111015207898,0.8850548976688746,0.1999788672875741,0.8871876126979316,0.19259706770818538,0.8790164225407119,0.2080030424573849,0.8795118851022956,12.888095854640646,12.702612254447523,0.3671809365575374,0.36078363982418404,-0.3430992657774165,-0.33670196904406313,-43.040496074851355,-45.29104949437738
S43A11T03,0.01,43013,0.16666666666666666,0.22115868327966468,0.8826149521637955,0.21809246320129644,0.8878624162524843,0.2065703287363362,0.875426842396481,0.23113006946056971,0.8737192413463689,14.067090131392513,13.800763011347433,0.39800117884727104,0.3872154102558897,-0.37391950806715013,-0.36313373947576877,-48.81303740873093,-52.150960352687044
S43A11T03,0.01,43013,0.2,0.24134634428572727,0.8791885881955993,0.2371177291686734,0.8892637149625022,0.22054358976448707,0.8718372622522502,0.2567716650792154,0.8665302843641239,15.350164207634721,14.930258534950687,0.4344222231629123,0.4145279094767236,-0.4103405523827914,-0.39044623869660267,-54.592749026639865,-59.133855209227306
S43A11T03,0.01,43013,0.23333333333333334,0.2635588254948535,0.8742209036954764,0.25705115293203207,0.8913086536339899,0.2345168507926379,0.8682476821080194,0.28513223185669895,0.8576164830879476,16.77693095920711,16.087426965396478,0.4774913046763647,0.4427155010489222,-0.4534096338962438,-0.4186338302688013,-60.37807561316706,-66.15081201721736
S43A11T03,0.01,43013,0.26666666666666666,0.28832666929832956,0.8671259123554637,0.27788897808693613,0.8939132598311771,0.24849011182078873,0.8646581019637885,0.3164094343528858,0.8465763353414795,18.392400787229565,17.26879461679188,0.5279672707937825,0.47177210288148447,-0.5038856000136616,-0.44769043210136356,-66.1674712785862,-73.12202707727597
S43A11T03,0.01,43013,0.3,0.3161847446051522,0.8573259144598421,0.29962718101076774,0.8969923789807259,0.2624633728489396,0.8610685218195576,0.35078216147164026,0.8329215430645351,20.24414769696811,18.47114254869033,0.5862037816190244,0.5016911467814004,-0.5621221108389035,-0.47760947600127945,-71.95940257467021,-79.97801550471667
S43A11T03,0.01,43013,0.3333333333333333,0.34762379971553237,0.8442950371561952,0.32226144583257477,0.9004596065079029,0.2764366338770904,0.8574789416753268,0.3883933414525767,0.8160619057541066,22.378562696710436,19.691552622991324,0.6520537412954612,0.5324655351196983,-0.6279720705153403,-0.5083838643395774,-77.75235137701168,-86.66025890203525
S43A11T03,0.01,43013,0.36666666666666664,0.38303863071777866,0.8276037944570183,0.3457871373413648,0.9042272169343908,0.2904098949052413,0.853889361531096,0.42932596700678993,0.7952896552586403,24.8360448860397,20.927442792134556,0.7248062871269181,0.5640875944901307,-0.7007246163467972,-0.5400059237100098,-83.54481762003846,-93.12133991673761
S43A11T03,0.01,43013,0.4,0.42267717935347754,0.8069611133704606,0.3701992717280994,0.9082060898639048,0.30438315593339216,0.8502997813868651,0.4735703659669472,0.7697645940062806,27.645042843791558,22.17659187933796,0.8031658157111663,0.5965490262401861,-0.7790841449310454,-0.5724673554600652,-89.33532187244731,-99.32463159359165
S43A11T03,0.01,43013,0.43333333333333335,0.4665952737673812,0.7822501468411681,0.39549248505518725,0.912305632778692,0.31835641696154293,0.8467102012426343,0.5209805099291909,0.7385023561110977,30.81516135734704,23.437154539074328,0.885279490237342,0.6298408537573983,-0.8611978194572211,-0.6057591829772774,-95.12240774241278,-105.24362743128802
S43A11T03,0.01,43013,0.4666666666666667,0.5146217061624083,0.7535543923210216,0.42166099934639334,0.9164337005674856,0.3323296779896938,0.8431206210984034,0.5712171321786331,0.700369480783779,34.33017542070298,24.707667409270883,0.9688156105626741,0.6639533663988707,-0.9447339397825532,-0.6398716956187498,-100.90464410364316,-110.86100584765151
S43A11T03,0.01,43013,0.5,0.5663378529638897,0.7211711762729691,0.4486985861899093,0.9204965117038018,0.34630293901784465,0.8395310409541725,0.623675867903822,0.6540908449918379,38.14265182443583,25.987047680874714,1.0510904451103082,0.6988760599589028,-1.0270087743301874,-0.6747943891787819,-106.68062713512157,-116.16752159230722
S43A11T03,0.01,43013,0.5333333333333333,0.6210750806891332,0.6856104352779819,0.47659852774802985,0.9243985609928624,0.3602762000459955,0.8359414608099417,0.6773999098518672,0.5982773469223153,42.172539715135194,27.27458542047102,1.1292360651321198,0.7345975735789426,-1.105154394351999,-0.7105159027988217,-112.44898216916846,-121.16080855079173
S43A11T03,0.01,43013,0.5666666666666667,0.6779317927863693,0.6475778705666648,0.5053535750686136,0.9280425288062217,0.37424946107414636,0.8323518806657109,0.7309793229741418,0.53148438461726,46.31183330762099,28.569930999977373,1.2003969330987019,0.7711056230162439,-1.176315262318581,-0.747023952236123,-118.20836534427175,-125.84416570923457
S43A11T03,0.01,43013,0.6,0.7358102634605277,0.607942883043341,0.5349559035964987,0.9313291867257317,0.38822272210229714,0.82876230052148,0.7824438417335168,0.4523141123611086,50.435721525877995,29.873078930984928,1.2619390650730336,0.8083869302030446,-1.2378573942929127,-0.7843052594229237,-123.95746506091827,-130.22538307163774
S43A11T03,0.01,43013,0.6333333333333333,0.7934715284675266,0.5676930860347533,0.5653970657875338,0.9341572995232387,0.402195983130448,0.8251727203772492,0.8291633236454684,0.359575589311792,54.41798921757555,31.184349288797065,1.3116530632504548,0.8464271490474103,-1.287571392470334,-0.8223454782672894,-129.69500324041906,-134.3156489755297
S43A11T03,0.01,43013,0.6666666666666666,0.8496047513885437,0.5278784986842944,0.5966679407341346,0.9364235234098541,0.4161692441585988,0.8215831402330183,0.867780306750433,0.25251487267851486,58.146388056010906,32.50436776093027,1.3479316339846192,0.8852107874506623,-1.3238499632044984,-0.8611291166705414,-135.41973638841458,-138.12856598249792
S43A11T03,0.01,43013,0.7,0.9029058649294387,0.48954959631185063,0.6287586807196412,0.9380223004993727,0.4301425051867497,0.8179935600887874,0.8942114971509089,0.13111910642943078,61.53374325535818,33.83404518309015,1.3699036157936326,0.9247211255453347,-1.3458219450135118,-0.9006394547652138,-141.13045646636783,-141.67929025723873
S43A11T03,0.01,43013,0.7333333333333333,0.9521591003106602,0.45369410259206766,0.6616586546295454,0.9388457494450752,0.44411576621490056,0.8144039799445566,0.9037665861604616,-0.0035184439155833283,64.52267646266007,35.17455724576338,1.3775100508796831,0.9649401301925782,-1.3534283800995623,-0.9408584594124573,-146.8259915758778,-144.98379955566097
S43A11T03,0.01,43013,0.7666666666666667,0.9963144299991555,0.421177652892216,0.695356388161353,0.9387835522285148,0.45808902724305145,0.8108143998003258,0.8914375319416777,-0.14881380431079785,67.0844852938792,36.52732487659379,1.3715131908546858,1.0058483658198065,-1.347431520074565,-0.9817666950396856,-152.50520646206,-148.05828771216497
S43A11T03,0.01,43013,0.8,1.0345540680909515,0.3926931887629121,0.7298395007918494,0.9377228371038082,0.4720622882712022,0.8072248196560949,0.8524000231559139,-0.30036747865160035,69.21437742132687,37.893995634373695,1.353436022554281,1.0474249017290624,-1.3293543517741602,-1.0233432309489416,-158.1670028435336,-150.91867868114164
S43A11T03,0.01,43013,0.8333333333333334,1.0663420289811234,0.36872317176943414,0.7650946394814193,0.9355480577323811,0.4860355492993531,0.803635239511864,0.7827309577371064,-0.45181707527236536,70.92547369362188,39.27642629358415,1.3254371963533782,1.0896472160651451,-1.3013555255732574,-1.0655655452850243,-163.81031957771052,-153.5802504236583
S43A11T03,0.01,43013,0.8666666666666667,1.0914522783062197,0.3495175074591141,0.8011074091203787,0.9321408685821679,0.5000088103275039,0.8000456593676332,0.6802763524690285,-0.5950046268552508,72.24329217380303,40.67666665532639,1.2901332407275476,1.132491096701084,-1.2660515699474268,-1.1084094259209631,-169.43413267109582,-156.0573578395655
S43A11T03,0.01,43013,0.9,1.1099730672605006,0.335088583046741,0.8378622997526691,0.9273799967130901,0.5139820713556548,0.7964560792234023,0.5455129876860247,-0.7205706085968184,73.20151590742641,42.09694449070828,1.2503857093547408,1.1759305393782358,-1.22630403857462,-1.151848868598115,-175.03745514517377,-158.36324411654064
S43A11T03,0.01,43013,0.9333333333333333,1.1222873884620213,0.3252232214568678,0.8753426106484187,0.9211411101286017,0.5279553323838057,0.7928664990791715,0.3821667206367377,-0.818996348798628,73.83914947261422,43.53965140448304,1.2090745990211977,1.2199376435303684,-1.184992928241077,-1.1958559727502476,-180.6193367691614,-160.50993091148945
S43A11T03,0.01,43013,0.9666666666666667,1.129031844004484,0.319509828687287,0.9135303713395632,0.9132966829425644,0.5419285934119564,0.7892769189349407,0.19733123670212616,-0.8819675757811801,74.19877744803006,45.00732929740929,1.1650924932284386,1.264482506326756,-1.1410108224483178,-1.2404008355466352,-186.17886367147017,-162.5081793442479
S43A11T03,0.01,43014,0.0,0.136704023595582,0.8933747431176353,0.136704023595582,0.8933747431176353,0.136704023595582,0.8933747431176353,0.13670402359558198,0.8933747431176353,8.699904601070884,8.699904601070884,0.275790699729797,0.2639630143837822,-0.25170902894967606,-0.23988134360366134,33.52361930665314,-67.79488927747553
S43A11T03,0.01,43014,0.03333333333333333,0.1522406716158446,0.890913096450981,0.15111395438545266,0.8896846917616139,0.15067728462373284,0.8897851629734045,0.15171782239373172,0.890947879550665,9.697132335172864,9.639755331234024,0.29614851527294184,0.28632254579578914,-0.2720668444928209,-0.26224087501566823,27.414900421995863,-69.28942320771591
S43A11T03,0.01,43014,0.06666666666666667,0.16830669231021392,0.8888521621247429,0.1663952315523048,0.8857081840273401,0.1646505456518837,0.8861955828291737,0.1684878421564996,0.8879292025568079,10.722175930232153,10.639960593599245,0.3174661357437013,0.3095240664030072,-0.2933844649635804,-0.2854423956228863,21.25531678541611,-70.98708327507235
S43A11T03,0.01,43014,0.1,0.1849966101157604,0.8869995716162746,0.1825441619197216,0.8813167414571125,0.17862380668003452,0.8826060026849427,0.1871876518691851,0.8841760032343239,11.780981523567887,11.702009689897395,0.3407519376046111,0.33355531155890783,-0.3166702668244902,-0.3094736407787869,15.04560573837124,-72.85527743500131
S43A11T03,0.01,43014,0.13333333333333333,0.20251111015207898,0.8850548976688746,0.19955610625670225,0.876381638717493,0.19259706770818538,0.8790164225407119,0.2080030424573849,0.8795118851022956,12.888095854640646,12.827791498428738,0.3671809365575374,0.3584029847561966,-0.3430992657774165,-0.3343213139760757,8.786563328047109,-74.86430505933241
S43A11T03,0.01,43014,0.16666666666666666,0.22115868327966468,0.8826149521637955,0.21742547096575476,0.8707739410204621,0.2065703287363362,0.875426842396481,0.23113006946056971,0.8737192413463689,14.067090131392513,14.019644630925326,0.39800117884727104,0.38405276973149777,-0.37391950806715013,-0.35997109895137686,2.47904595628152,-76.98736723929865
S43A11T03,0.01,43014,0.2,0.24134634428572727,0.8791885881955993,0.236145702079546,0.8643645419383973,0.22054358976448707,0.8718372622522502,0.2567716650792154,0.8665302843641239,15.350164207634721,15.280406575882687,0.4344222231629123,0.41048934609479865,-0.4103405523827914,-0.38640767531467773,-3.876028023804974,-79.2006106441145
S43A11T03,0.01,43014,0.23333333333333334,0.2635588254948535,0.8742209036954764,0.25570928169939144,0.857024201890114,0.2345168507926379,0.8682476821080194,0.28513223185669895,0.8576164830879476,16.77693095920711,16.613461802449702,0.4774913046763647,0.4376964086103138,-0.4534096338962438,-0.41361473783019287,-10.277676777507647,-81.48328487311844
S43A11T03,0.01,43014,0.26666666666666666,0.28832666929832956,0.8671259123554637,0.27610772700748404,0.8486235875874104,0.24849011182078873,0.8646581019637885,0.3164094343528858,0.8465763353414795,18.392400787229565,18.02278850354241,0.5279672707937825,0.46565669024184375,-0.5038856000136616,-0.44157501946172284,-16.724853539503524,-83.81811238479361
S43A11T03,0.01,43014,0.3,0.3161847446051522,0.8573259144598421,0.2973315919819588,0.8390333127400171,0.2624633728489396,0.8610685218195576,0.35078216147164026,0.8329215430645351,20.24414769696811,19.513003194902048,0.5862037816190244,0.49435198905930683,-0.5621221108389035,-0.4702703182791859,-23.2164452618524,-86.19199592084105
S43A11T03,0.01,43014,0.3333333333333333,0.34762379971553237,0.8442950371561952,0.31937047193952656,0.8281239803212661,0.2764366338770904,0.8574789416753268,0.3883933414525767,0.8160619057541066,22.378562696710436,21.089401712535015,0.6520537412954612,0.5237631990838858,-0.6279720705153403,-0.4996815283037649,-29.751271375538888,-88.5972219895442
S43A11T03,0.01,43014,0.36666666666666664,0.38303863071777866,0.8276037944570183,0.34221301102434637,0.8157662266968658,0.2904098949052413,0.853889361531096,0.42932596700678993,0.7952896552586403,24.8360448860397,22.757994205309227,0.7248062871269181,0.553870345127116,-0.7007246163467972,-0.5297886743469951,-36.328082682686464,-91.03336044274278
S43A11T03,0.01,43014,0.4,0.42267717935347754,0.8069611133704606,0.365846912753921,0.8018307679146516,0.30438315593339216,0.8502997813868651,0.4735703659669472,0.7697645940062806,27.645042843791558,24.525530430127887,0.8031658157111663,0.5846526216542987,-0.7790841449310454,-0.5605709508741777,-42.945560397066956,-93.51010713461825
S43A11T03,0.01,43014,0.43333333333333335,0.4665952737673812,0.7822501468411681,0.39025895372299896,0.7861884484438784,0.31835641696154293,0.8467102012426343,0.5209805099291909,0.7385023561110977,30.81516135734704,26.39950994201815,0.885279490237342,0.6160884356749411,-0.8611978194572211,-0.5920067648948202,-49.602315350866576,-96.05136225000865
S43A11T03,0.01,43014,0.4666666666666667,0.5146217061624083,0.7535543923210216,0.41543500055466487,0.7687102926383914,0.3323296779896938,0.8431206210984034,0.5712171321786331,0.700369480783779,34.33017542070298,28.388169549245397,0.9688156105626741,0.6481554536326664,-0.9447339397825532,-0.6240737828525454,-56.296887385834744,-98.70086635214585
S43A11T03,0.01,43014,0.5,0.5663378529638897,0.7211711762729691,0.44136003017395087,0.7492675591787731,0.34630293901784465,0.8395310409541725,0.623675867903822,0.6540908449918379,38.14265182443583,30.500437615749778,1.0510904451103082,0.6808306522344006,-1.0270087743301874,-0.6567489814542797,-63.027744946912236,-101.52970170520493
S43A11T03,0.01,43014,0.5333333333333333,0.6210750806891332,0.6856104352779819,0.46801815346338993,0.7277317987242987,0.3602762000459955,0.8359414608099417,0.6773999098518672,0.5982773469223153,42.172539715135194,32.74584144623265,1.1292360651321198,0.714090373123942,-1.105154394351999,-0.6900087023438211,-69.79328489619422,-104.64586046371554
S43A11T03,0.01,43014,0.5666666666666667,0.6779317927863693,0.6475778705666648,0.4953926423419683,0.703974914976329,0.37424946107414636,0.8323518806657109,0.7309793229741418,0.53148438461726,46.31183330762099,35.13435022572725,1.2003969330987019,0.7479103812685639,-1.176315262318581,-0.723828710488443,-76.59183256461318,-108.20580977519467
S43A11T03,0.01,43014,0.6,0.7358102634605277,0.607942883043341,0.5234659602889703,0.6778692293207272,0.38822272210229714,0.82876230052148,0.7824438417335168,0.4523141123611086,50.435721525877995,37.67613219519575,1.2619390650730336,0.7822659268895333,-1.2378573942929127,-0.7581842561094124,-83.4216420580182,-112.4274428968283
S43A11T03,0.01,43014,0.6333333333333333,0.7934715284675266,0.5676930860347533,0.5522197963123546,0.649287549178283,0.402195983130448,0.8251727203772492,0.8291633236454684,0.359575589311792,54.41798921757555,40.38120171943769,1.3116530632504548,0.817131810728794,-1.287571392470334,-0.7930501399486731,-90.28089683336056,-117.60287135748295
S43A11T03,0.01,43014,0.6666666666666666,0.8496047513885437,0.5278784986842944,0.5816351023376638,0.61810324014923,0.4161692441585988,0.8215831402330183,0.867780306750433,0.25251487267851486,58.146388056010906,43.25893102232147,1.3479316339846192,0.8524824524051007,-1.3238499632044984,-0.8284007816249798,-97.16771055947187,-124.1080815219383
S43A11T03,0.01,43014,0.7,0.9029058649294387,0.48954959631185063,0.6116921339682633,0.5841903019911789,0.4301425051867497,0.8179935600887874,0.8942114971509089,0.13111910642943078,61.53374325535818,46.317404752001394,1.3699036157936326,0.888291961574165,-1.3458219450135118,-0.8642102907940441,-104.08012827543354,-132.4045561514362
S43A11T03,0.01,43014,0.7333333333333333,0.9521591003106602,0.45369410259206766,0.6423704945411137,0.5474234484196274,0.44411576621490056,0.8144039799445566,0.9037665861604616,-0.0035184439155833283,64.52267646266007,49.56260606861115,1.3775100508796831,0.9245342115694889,-1.3534283800995623,-0.900452540789368,-111.01612785778596,-143.0258293314667
S43A11T03,0.01,43014,0.7666666666666667,0.9963144299991555,0.421177652892216,0.6736491823746119,0.5076781906672218,0.45808902724305145,0.8108143998003258,0.8914375319416777,-0.14881380431079785,67.0844852938792,52.99744385534903,1.3715131908546858,0.9611829151641866,-1.347431520074565,-0.9371012443840657,-117.97362180581906,-156.54038014696943
S43A11T03,0.01,43014,0.8,1.0345540680909515,0.3926931887629121,0.7055066410765407,0.46483092468277504,0.4720622882712022,0.8072248196560949,0.8524000231559139,-0.30036747865160035,69.21437742132687,56.62066445930018,1.353436022554281,0.9982117020598267,-1.3293543517741602,-0.9741300312797058,-124.95045935193441,-173.48272580688553
S43A11T03,0.01,43014,0.8333333333333334,1.0663420289811234,0.36872317176943414,0.7379208127512431,0.4187590217944035,0.4860355492993531,0.803635239511864,0.7827309577371064,-0.45181707527236536,70.92547369362188,60.42573785787338,1.3254371963533782,1.0355941976768919,-1.3013555255732574,-1.011512526896771,-131.9444289015908,-194.2490336721092
S43A11T03,0.01,43014,0.8666666666666667,1.0914522783062197,0.3495175074591141,0.7708691939161023,0.3693409226038234,0.5000088103275039,0.8000456593676332,0.6802763524690285,-0.5950046268552508,72.24329217380303,64.39986162018316,1.2901332407275476,1.0733041027934362,-1.2660515699474268,-1.0492224320133154,-138.95326080465782,-218.9637326495788
S43A11T03,0.01,43014,0.9,1.1099730672605006,0.335088583046741,0.8043288939087152,0.31645623382164284,0.5139820713556548,0.7964560792234023,0.5455129876860247,-0.7205706085968184,73.20151590742641,68.52327292132277,1.2503857093547408,1.1113152735545857,-1.22630403857462,-1.087233602774465,-145.97463045714105,-247.33915736298948
S43A11T03,0.01,43014,0.9333333333333333,1.1222873884620213,0.3252232214568678,0.838276695538162,0.25998582769730005,0.5279553323838057,0.7928664990791715,0.3821667206367377,-0.818996348798628,73.83914947261422,72.76907802713625,1.2090745990211977,1.149601801356208,-1.184992928241077,-1.1255201305760871,-153.00616172923262,-278.56682812494466
S43A11T03,0.01,43014,0.9666666666666667,1.129031844004484,0.319509828687287,0.8726891177069853,0.19981194364298716,0.5419285934119564,0.7892769189349407,0.19733123670212616,-0.8819675757811801,74.19877744803006,77.10377704475108,1.1650924932284386,1.1881380920919278,-1.1410108224483178,-1.164056421311807,-160.04543071252533,-311.2875761925411
S43A11T03,0.1,43013,0.0,0.136704023595582,0.8933747431176353,0.136704023595582,0.8933747431176353,0.136704023595582,0.8933747431176353,0.13670402359558198,0.8933747431176353,8.699904601070884,8.699904601070884,0.275790699729797,0.2639630143837822,-0.25170902894967606,-0.23988134360366134,94.13117029113718,-130.51616113134412
S43A11T03,0.1,43013,0.03333333333333333,0.1522406716158446,0.890913096450981,0.1511958322538421,0.8903764412157258,0.15067728462373284,0.8897851629734045,0.15171782239373172,0.890947879550665,9.697132335172864,9.637527655291576,0.29614851527294184,0.28790350319463837,-0.2720668444928209,-0.26382183241451745,85.07650157363732,-132.97042709592904
S43A11T03,0.1,43013,0.06666666666666667,0.16830669231021392,0.8888521621247429,0.1667263516497712,0.8885393473179358,0.1646505456518837,0.8861955828291737,0.1684878421564996,0.8879292025568079,10.722175930232153,10.627455671931976,0.3174661357437013,0.31290572478806733,-0.2933844649635804,-0.2888240540079464,75.9741323968909,-136.16566921080334
S43A11T03,0.1,43013,0.1,0.1849966101157604,0.8869995716162746,0.18329831923017392,0.8878301011893028,0.17862380668003452,0.8826060026849427,0.1871876518691851,0.8841760032343239,11.780981523567887,11.665190414820927,0.3407519376046111,0.3389762354564878,-0.3166702668244902,-0.3148945646763669,66.82800320053312,-139.99044694859998
S43A11T03,0.1,43013,0.13333333333333333,0.20251111015207898,0.8850548976688746,0.2009148917592486,0.8882133992013104,0.19259706770818538,0.8790164225407119,0.2080030424573849,0.8795118851022956,12.888095854640646,12.745871234067446,0.3671809365575374,0.3661220067794395,-0.3430992657774165,-0.3420403359993186,57.64215105452716,-144.32045037219922
S43A11T03,0.1,43013,0.16666666666666666,0.22115868327966468,0.8826149521637955,0.21957964346881115,0.8896517829029714,0.2065703287363362,0.875426842396481,0.23113006946056971,0.8737192413463689,14.067090131392513,13.86437713713761,0.39800117884727104,0.3943503974746603,-0.37391950806715013,-0.37026872669453936,48.42069787678754,-149.02249403306848
S43A11T03,0.1,43013,0.2,0.24134634428572727,0.8791885881955993,0.23929656109017292,0.8921054129684725,0.22054358976448707,0.8718372622522502,0.2567716650792154,0.8665302843641239,15.350164207634721,15.01543723097794,0.4344222231629123,0.4236691178261609,-0.4103405523827914,-0.39958744704604,39.16783822371937,-153.95903129909863
S43A11T03,0.1,43013,0.23333333333333334,0.2635588254948535,0.8742209036954764,0.26007003525937705,0.895531827299288,0.2345168507926379,0.8682476821080194,0.28513223185669895,0.8576164830879476,16.77693095920711,16.193745148045636,0.4774913046763647,0.454086185517154,-0.4534096338962438,-0.4300045147370331,29.887826745335815,-158.99288769076503
S43A11T03,0.1,43013,0.26666666666666666,0.28832666929832956,0.8671259123554637,0.2819048477095543,0.8998856819489062,0.24849011182078873,0.8646581019637885,0.3164094343528858,0.8465763353414795,18.392400787229565,17.39407283809308,0.5279672707937825,0.4856098715239151,-0.5038856000136616,-0.4615282007437942,20.584965399660515,-163.99188599606904
S43A11T03,0.1,43013,0.3,0.3161847446051522,0.8573259144598421,0.3048061535753071,0.9051184734195991,0.2624633728489396,0.8610685218195576,0.35078216147164026,0.8329215430645351,20.24414769696811,18.611379230693952,0.5862037816190244,0.5182486345328692,-0.5621221108389035,-0.49416696375274827,11.263590522832128,-168.83304826901445
S43A11T03,0.1,43013,0.3333333333333333,0.34762379971553237,0.8442950371561952,0.32877945803301367,0.9111782407522493,0.2764366338770904,0.8574789416753268,0.3883933414525767,0.8160619057541066,22.378562696710436,19.840909736535266,0.6520537412954612,0.5520110421253693,-0.6279720705153403,-0.5279293713452484,1.9280598516751826,-173.4061082317184
S43A11T03,0.1,43013,0.36666666666666664,0.38303863071777866,0.8276037944570183,0.3538305863864199,0.9180092456913478,0.2904098949052413,0.853889361531096,0.42932596700678993,0.7952896552586403,24.8360448860397,21.078283303227046,0.7248062871269181,0.5869056767308001,-0.7007246163467972,-0.5628240059506792,-7.41726040549201,-177.61614387330923
S43A11T03,0.1,43013,0.4,0.42267717935347754,0.8069611133704606,0.3799656465774516,0.9255516290570827,0.30438315593339216,0.8502997813868651,0.4735703659669472,0.7697645940062806,27.645042843791558,22.3195646872708,0.8031658157111663,0.6229410240769432,-0.7790841449310454,-0.5988593532968223,-16.768008356344705,-181.38523170958885
S43A11T03,0.1,43013,0.43333333333333335,0.4665952737673812,0.7822501468411681,0.4071909829564151,0.9337410412942178,0.31835641696154293,0.8467102012426343,0.5209805099291909,0.7385023561110977,30.81516135734704,23.56132064454646,0.885279490237342,0.6601253415654558,-0.8611978194572211,-0.6360436707853349,-26.119838980399166,-184.65311731600735
S43A11T03,0.1,43013,0.4666666666666667,0.5146217061624083,0.7535543923210216,0.4355131199822198,0.942508244992508,0.3323296779896938,0.8431206210984034,0.5712171321786331,0.700369480783779,34.33017542070298,24.800659773223334,0.9688156105626741,0.6984665036686927,-0.9447339397825532,-0.6743848328885718,-35.468436367965886,-187.37697882172728
S43A11T03,0.1,43013,0.5,0.5663378529638897,0.7211711762729691,0.4649386943406091,0.9517786869852292,0.34630293901784465,0.8395310409541725,0.623675867903822,0.6540908449918379,38.14265182443583,26.035256675118966,1.0510904451103082,0.7379718210815602,-1.0270087743301874,-0.7138901503014393,-44.809525562649895,-189.53042202853018
S43A11T03,0.1,43013,0.5333333333333333,0.6210750806891332,0.6856104352779819,0.4954743737654181,0.9614720374307597,0.3602762000459955,0.8359414608099417,0.6773999098518672,0.5982773469223153,42.172539715135194,27.263361867890776,1.1292360651321198,0.7786478299691891,-1.105154394351999,-0.7545661591890682,-54.13888393443705,-191.1018832491696
S43A11T03,0.1,43013,0.5666666666666667,0.6779317927863693,0.6475778705666648,0.5271267606236218,0.9715016930672509,0.37424946107414636,0.8323518806657109,0.7309793229741418,0.53148438461726,46.31183330762099,28.483799443387262,1.2003969330987019,0.8205000472299069,-1.176315262318581,-0.796418376449786,-63.45235201773136,-192.09262888544848
S43A11T03,0.1,43013,0.6,0.7358102634605277,0.607942883043341,0.5599022780788554,0.9817742416030719,0.38822272210229714,0.82876230052148,0.7824438417335168,0.4523141123611086,50.435721525877995,29.695954817499278,1.2619390650730336,0.8635326872471734,-1.2378573942929127,-0.8394510164670524,-72.74584375662776,-192.5145327375609
S43A11T03,0.1,43013,0.6333333333333333,0.7934715284675266,0.5676930860347533,0.5938070363802096,0.9921888839676825,0.402195983130448,0.8251727203772492,0.8291633236454684,0.359575589311792,54.41798921757555,30.899755068001394,1.3116530632504548,0.9077483351402018,-1.287571392470334,-0.8836666643600809,-82.01535610803674,-192.38778869157775
S43A11T03,0.1,43013,0.6666666666666666,0.8496047513885437,0.5278784986842944,0.6288466765342848,1.0026368109018626,0.4161692441585988,0.8215831402330183,0.867780306750433,0.25251487267851486,58.146388056010906,32.095644339894974,1.3479316339846192,0.9531475710506931,-1.3238499632044984,-0.9290659002705722,-91.25697796186488,-191.73868405567669
S43A11T03,0.1,43013,0.7,0.9029058649294387,0.48954959631185063,0.665026188310764,1.013000530117654,0.4301425051867497,0.8179935600887874,0.8942114971509089,0.13111910642943078,61.53374325535818,33.284556652546726,1.3699036157936326,0.9997285395365982,-1.3458219450135118,-0.9756468687564773,-100.46689834614283,-190.5975231875144
S43A11T03,0.1,43013,0.7333333333333333,0.9521591003106602,0.45369410259206766,0.7023496992086615,1.0231531400140608,0.44411576621490056,0.8144039799445566,0.9037665861604616,-0.0035184439155833283,64.52267646266007,34.46788821172792,1.3775100508796831,1.0474864577027794,-1.3534283800995623,-1.0234047869226586,-109.64141389361237,-188.99675673667025
S43A11T03,0.1,43013,0.7666666666666667,0.9963144299991555,0.421177652892216,0.740820230677556,1.0329575457049438,0.45808902724305145,0.8108143998003258,0.8914375319416777,-0.14881380431079785,67.0844852938792,35.64747105192847,1.3715131908546858,1.0964130553096907,-1.347431520074565,-1.0723313845295699,-118.77693555471082,-186.96934188418658
S43A11T03,0.1,43013,0.8,1.0345540680909515,0.3926931887629121,0.7804394175537408,1.0422656129150978,0.4720622882712022,0.8072248196560949,0.8524000231559139,-0.30036747865160035,69.21437742132687,36.82554954325262,1.353436022554281,1.146495939800394,-1.3293543517741602,-1.1224142690202732,-127.86999454998373,-184.54733503309183
S43A11T03,0.1,43013,0.8333333333333334,1.0663420289811234,0.36872317176943414,0.8212071863470235,1.0509172551492896,0.4860355492993531,0.803635239511864,0.7827309577371064,-0.45181707527236536,70.92547369362188,38.00476101811354,1.3254371963533782,1.1977178790200464,-1.3013555255732574,-1.1736362082399256,-136.91724756260797,-181.76070097351126
S43A11T03,0.1,43013,0.8666666666666667,1.0914522783062197,0.3495175074591141,0.86312138771585,1.0587394494639386,0.5000088103275039,0.8000456593676332,0.6802763524690285,-0.5950046268552508,72.24329217380303,39.18812152293257,1.2901332407275476,1.2500559944305047,-1.2660515699474268,-1.225974323650384,-145.91548117882127,-178.63631131000346
S43A11T03,0.1,43013,0.9,1.1099730672605006,0.335088583046741,0.9061773782179391,1.0655451762080022,0.5139820713556548,0.7964560792234023,0.5455129876860247,-0.7205706085968184,73.20151590742641,40.37901748854419,1.2503857093547408,1.3034808579221115,-1.22630403857462,-1.2793991871419907,-154.86161559055023,-175.197099170301
S43A11T03,0.1,43013,0.9333333333333333,1.1222873884620213,0.3252232214568678,0.9503675462487826,1.0711322782953032,0.5279553323838057,0.7928664990791715,0.3821667206367377,-0.818996348798628,73.83914947261422,41.58120394274445,1.2090745990211977,1.3579554859903915,-1.184992928241077,-1.3338738152102707,-163.7527075803563,-171.4613360764019
S43A11T03,0.1,43013,0.9666666666666667,1.129031844004484,0.319509828687287,0.9956807770174293,1.075282235985468,0.5419285934119564,0.7892769189349407,0.19733123670212616,-0.8819675757811801,74.19877744803006,42.79880975643764,1.1650924932284386,1.4134342261948427,-1.1410108224483178,-1.389352555414722,-172.58595281392752,-167.44199964725226
S43A11T03,0.1,43014,0.0,0.136704023595582,0.8933747431176353,0.136704023595582,0.8933747431176353,0.136704023595582,0.8933747431176353,0.13670402359558198,0.8933747431176353,8.699904601070884,8.699904601070884,0.275790699729797,0.2639630143837822,-0.25170902894967606,-0.23988134360366134,131.3516211784444,-163.1088491399268
S43A11T03,0.1,43014,0.03333333333333333,0.1522406716158446,0.890913096450981,0.1511095533468139,0.8895230785692245,0.15067728462373284,0.8897851629734045,0.15171782239373172,0.890947879550665,9.697132335172864,9.641198332031202,0.29614851527294184,0.28616989708465945,-0.2720668444928209,-0.26208822630453854,121.43985492612993,-161.75581169854863
S43A11T03,0.1,43014,0.06666666666666667,0.16830669231021392,0.8888521621247429,0.1663473815306151,0.8850288582422452,0.1646505456518837,0.8861955828291737,0.1684878421564996,0.8879292025568079,10.722175930232153,10.64494885508228,0.3174661357437013,0.3087618615825913,-0.2933844649635804,-0.28468019080247037,111.44295802442716,-160.36251623124895
S43A11T03,0.1,43014,0.1,0.1849966101157604,0.8869995716162746,0.1823669156141337,0.8797112303146252,0.17862380668003452,0.8826060026849427,0.1871876518691851,0.8841760032343239,11.780981523567887,11.711707848844473,0.3407519376046111,0.33166127542624885,-0.3166702668244902,-0.30757960464612794,101.36251415262967,-158.8255849859538
S43A11T03,0.1,43014,0.13333333333333333,0.20251111015207898,0.8850548976688746,0.1991146141036077,0.8733850127004865,0.19259706770818538,0.8790164225407119,0.2080030424573849,0.8795118851022956,12.888095854640646,12.84281219236208,0.3671809365575374,0.3547879504773043,-0.3430992657774165,-0.3307062796971834,91.20022995648725,-157.03799771885437
S43A11T03,0.1,43014,0.16666666666666666,0.22115868327966468,0.8826149521637955,0.2165340390439706,0.8658607649257718,0.2065703287363362,0.875426842396481,0.23113006946056971,0.8737192413463689,14.067090131392513,14.040531200130596,0.39800117884727104,0.3780593668042696,-0.37391950806715013,-0.3539776960241487,80.95793870999543,-154.88611249629585
S43A11T03,0.1,43014,0.2,0.24134634428572727,0.8791885881955993,0.2345659278663948,0.8569449014613438,0.22054358976448707,0.8718372622522502,0.2567716650792154,0.8665302843641239,15.350164207634721,15.308231350241012,0.4344222231629123,0.4013909253127492,-0.4103405523827914,-0.3773092545326283,70.63760389964584,-152.24569306933068
S43A11T03,0.1,43014,0.23333333333333334,0.2635588254948535,0.8742209036954764,0.2531482855297263,0.8464398491533933,0.2345168507926379,0.8682476821080194,0.28513223185669895,0.8576164830879476,16.77693095920711,16.65056503799102,0.4774913046763647,0.42469622845448796,-0.4534096338962438,-0.40061455767436704,60.24132269624935,-148.97677931300203
S43A11T03,0.1,43014,0.26666666666666666,0.28832666929832956,0.8671259123554637,0.27221649770699846,0.8341442509295129,0.24849011182078873,0.8646581019637885,0.3164094343528858,0.8465763353414795,18.392400787229565,18.073691448579257,0.5279672707937825,0.447887387823011,-0.5038856000136616,-0.4238057170428901,49.771329276068265,-144.91720979814596
S43A11T03,0.1,43014,0.3,0.3161847446051522,0.8573259144598421,0.2917034655365554,0.8198532174017474,0.2624633728489396,0.8610685218195576,0.35078216147164026,0.8329215430645351,20.24414769696811,19.585539451416768,0.5862037816190244,0.47087535688185034,-0.5621221108389035,-0.4467936861017294,39.22999794976115,-139.87460237972527
S43A11T03,0.1,43014,0.3333333333333333,0.34762379971553237,0.8442950371561952,0.3115397621904927,0.8033586273392846,0.2764366338770904,0.8574789416753268,0.3883933414525767,0.8160619057541066,22.378562696710436,21.19612445643582,0.6520537412954612,0.49357028649616874,-0.6279720705153403,-0.46948861571604783,28.619846054617504,-133.61665702021716
S43A11T03,0.1,43014,0.36666666666666664,0.38303863071777866,0.8276037944570183,0.3316538112142238,0.7844494772507552,0.2904098949052413,0.853889361531096,0.42932596700678993,0.7952896552586403,24.8360448860397,22.917933319411333,0.7248062871269181,0.5158819003660645,-0.7007246163467972,-0.4918002295859436,17.94353656282206,-125.85983882719312
S43A11T03,0.1,43014,0.4,0.42267717935347754,0.8069611133704606,0.35197208626454884,0.7629122795106389,0.30438315593339216,0.8502997813868651,0.4735703659669472,0.7697645940062806,27.645042843791558,24.766393305477557,0.8031658157111663,0.5377198869076845,-0.7790841449310454,-0.5136382161275636,7.203880356112972,-116.2569712034862
S43A11T03,0.1,43014,0.43333333333333335,0.4665952737673812,0.7822501468411681,0.3724193315256081,0.7385315076010761,0.31835641696154293,0.8467102012426343,0.5209805099291909,0.7385023561110977,30.81516135734704,26.760442059176945,0.885279490237342,0.5589943036153495,-0.8611978194572211,-0.5349126328352286,-3.596161884730814,-104.38528837337024
S43A11T03,0.1,43014,0.4666666666666667,0.5146217061624083,0.7535543923210216,0.3929188017198879,0.7110900861380454,0.3323296779896938,0.8431206210984034,0.5712171321786331,0.700369480783779,34.33017542070298,28.92321390700914,0.9688156105626741,0.5796159894834152,-0.9447339397825532,-0.5555343187032943,-14.453478228534191,-89.73855832893956
S43A11T03,0.1,43014,0.5,0.5663378529638897,0.7211711762729691,0.4133925202635581,0.6803699224312227,0.34630293901784465,0.8395310409541725,0.623675867903822,0.6540908449918379,38.14265182443583,31.28285052018746,1.0510904451103082,0.5994969806892576,-1.0270087743301874,-0.5754153099091367,-25.364804534257217,-71.73086931993251
S43A11T03,0.1,43014,0.5333333333333333,0.6210750806891332,0.6856104352779819,0.43376155375142256,0.6461524754143002,0.3602762000459955,0.8359414608099417,0.6773999098518672,0.5982773469223153,42.172539715135194,33.873425088899864,1.1292360651321198,0.6185509244559433,-1.105154394351999,-0.5944692536758224,-36.326724037275476,-49.727045948114245
S43A11T03,0.1,43014,0.5666666666666667,0.6779317927863693,0.6475778705666648,0.453946300606872,0.6082193569034211,0.37424946107414636,0.8323518806657109,0.7309793229741418,0.53148438461726,46.31183330762099,36.735927953732705,1.2003969330987019,0.6366934858397397,-1.176315262318581,-0.6126118150596188,-47.33566753461422,-23.12764044249569
S43A11T03,0.1,43014,0.6,0.7358102634605277,0.607942883043341,0.47386679140702925,0.5663529593228749,0.38822272210229714,0.82876230052148,0.7824438417335168,0.4523141123611086,50.435721525877995,39.91917948438377,1.2619390650730336,0.6538427421353952,-1.2378573942929127,-0.6297610713552743,-58.38791422087626,8.442367630303174
S43A11T03,0.1,43014,0.6333333333333333,0.7934715284675266,0.5676930860347533,0.49344299810323167,0.5203371033063298,0.402195983130448,0.8251727203772492,0.8291633236454684,0.359575589311792,54.41798921757555,43.48038308149098,1.3116530632504548,0.6699195596687588,-1.287571392470334,-0.6458378888886379,-69.4795932242522,44.761912967637784
S43A11T03,0.1,43014,0.6666666666666666,0.8496047513885437,0.5278784986842944,0.5125951491120669,0.4699576979643952,0.4161692441585988,0.8215831402330183,0.867780306750433,0.25251487267851486,58.146388056010906,47.484766402081306,1.3479316339846192,0.6848479479548415,-1.3238499632044984,-0.6607662771747206,-80.60668588874346,84.34973718507932
S43A11T03,0.1,43014,0.7,0.9029058649294387,0.48954959631185063,0.531244047061313,0.4150034061283729,0.4301425051867497,0.8179935600887874,0.8942114971509089,0.13111910642943078,61.53374325535818,52.00334419565394,1.3699036157936326,0.6985553865378337,-1.3458219450135118,-0.6744737157577128,-91.7650288445275,123.40577787333811
S43A11T03,0.1,43014,0.7333333333333333,0.9521591003106602,0.45369410259206766,0.5493113858458952,0.35526630655528907,0.44411576621490056,0.8144039799445566,0.9037665861604616,-0.0035184439155833283,64.52267646266007,57.10729235218152,1.3775100508796831,0.7109731202906913,-1.3534283800995623,-0.6868914495105704,-102.9503179032464,154.4035115794324
S43A11T03,0.1,43014,0.7666666666666667,0.9963144299991555,0.421177652892216,0.5667200635870884,0.2905425449255704,0.45808902724305145,0.8108143998003258,0.8914375319416777,-0.14881380431079785,67.0844852938792,62.85697306828445,1.3715131908546858,0.7220364195233898,-1.347431520074565,-0.6979547487432689,-114.15811280891164,164.8569174197384
S43A11T03,0.1,43014,0.8,1.0345540680909515,0.3926931887629121,0.5833944880972912,0.22063296549146738,0.4720622882712022,0.8072248196560949,0.8524000231559139,-0.30036747865160035,69.21437742132687,69.2839688370513,1.353436022554281,0.7316848019140101,-1.3293543517741602,-0.7076031311338892,-125.383842868127,137.74216859861664
S43A11T03,0.1,43014,0.8333333333333334,1.0663420289811234,0.36872317176943414,0.5992608715340657,0.14534371544487334,0.4860355492993531,0.803635239511864,0.7827309577371064,-0.45181707527236536,70.92547369362188,76.36683280796481,1.3254371963533782,0.7398622140146749,-1.3013555255732574,-0.715780543234554,-136.62281347548523,56.01147695953691
S43A11T03,0.1,43014,0.8666666666666667,1.0914522783062197,0.3495175074591141,0.6142475110795695,0.06448681446446258,0.5000088103275039,0.8000456593676332,0.6802763524690285,-0.5950046268552508,72.24329217380303,84.00675347136007,1.2901332407275476,0.7465171708713082,-1.2660515699474268,-0.7224355000911873,-147.87021354136652,-87.40181241428138
S43A11T03,0.1,43014,0.9,1.1099730672605006,0.335088583046741,0.6282850527014143,-0.022119317535340688,0.5139820713556548,0.7964560792234023,0.5455129876860247,-0.7205706085968184,73.20151590742641,92.01631460102176,1.2503857093547408,0.7516028531067088,-1.22630403857462,-0.7275211823265879,-159.1211238200675,-278.1751537027918
S43A11T03,0.1,43014,0.9333333333333333,1.1222873884620213,0.3252232214568678,0.6413067353323847,-0.11464938071264841,0.5279553323838057,0.7928664990791715,0.3821667206367377,-0.818996348798628,73.83914947261422,100.13595461252588,1.2090745990211977,0.7550771616243908,-1.184992928241077,-0.7309954908442698,-170.37052612632036,-478.6898182189983
S43A11T03,0.1,43014,0.9666666666666667,1.129031844004484,0.319509828687287,0.6532486131413457,-0.21327076906941356,0.5419285934119564,0.7892769189349407,0.19733123670212616,-0.8819675757811801,74.19877744803006,108.08067918301587,1.1650924932284386,0.7569027308705217,-1.1410108224483178,-0.7328210600904008,-181.61331341797296,-643.0248936962205
S43A11T03,1.0,43013,0.0,0.136704023595582,0.8933747431176353,0.136704023595582,0.8933747431176353,0.136704023595582,0.8933747431176353,0.13670402359558198,0.8933747431176353,8.699904601070884,8.699904601070884,0.275790699729797,0.2639630143837822,-0.25170902894967606,-0.23988134360366134,139.28535156063498,-166.25965073818477
S43A11T03,1.0,43013,0.03333333333333333,0.1522406716158446,0.890913096450981,0.15136530315138208,0.8908056759860372,0.15067728462373284,0.8897851629734045,0.15171782239373172,0.890947879550665,9.697132335172864,9.643565504299254,0.29614851527294184,0.29117509518239804,-0.2720668444928209,-0.2670934244022771,128.8560502320296,-168.24439372323866
S43A11T03,1.0,43013,0.06666666666666667,0.16830669231021392,0.8888521621247429,0.16741078144019553,0.8901824145944129,0.1646505456518837,0.8861955828291737,0.1684878421564996,0.8879292025568079,10.722175930232153,10.650839320345577,0.3174661357437013,0.31988160967514984,-0.2933844649635804,-0.2957999388950289,118.40193158944976,-171.14999266761936
S43A11T03,1.0,43013,0.1,0.1849966101157604,0.8869995716162746,0.18485226690632017,0.8913611498014296,0.17862380668003452,0.8826060026849427,0.1871876518691851,0.8841760032343239,11.780981523567887,11.716039549661634,0.3407519376046111,0.35008884142278196,-0.3166702668244902,-0.32600717064266105,107.92895582649732,-174.76233290965095
S43A11T03,1.0,43013,0.13333333333333333,0.20251111015207898,0.8850548976688746,0.2037009142061034,0.8941968267800989,0.19259706770818538,0.8790164225407119,0.2080030424573849,0.8795118851022956,12.888095854640646,12.833164729213562,0.3671809365575374,0.3818015568178931,-0.3430992657774165,-0.35771988603777216,97.44303766253299,-178.86693577953628
S43A11T03,1.0,43013,0.16666666666666666,0.22115868327966468,0.8826149521637955,0.22396712788892012,0.8985432158574074,0.2065703287363362,0.875426842396481,0.23113006946056971,0.8737192413463689,14.067090131392513,13.996106321772963,0.39800117884727104,0.4150228811760459,-0.37391950806715013,-0.390941210395925,86.95002527563453,-183.25951217813446
S43A11T03,1.0,43013,0.2,0.24134634428572727,0.8791885881955993,0.24566046306944,0.9042529789590716,0.22054358976448707,0.8718372622522502,0.2567716650792154,0.8665302843641239,15.350164207634721,15.198841466024534,0.4344222231629123,0.4497541721839904,-0.4103405523827914,-0.4256725014038695,76.45568030745213,-187.7545475241537
S43A11T03,1.0,43013,0.23333333333333334,0.2635588254948535,0.8742209036954764,0.26878952312738996,0.9111777310616407,0.2345168507926379,0.8682476821080194,0.28513223185669895,0.8576164830879476,16.77693095920711,16.435601797217952,0.4774913046763647,0.4859948906669108,-0.4534096338962438,-0.4619132198867899,65.9656590968523,-192.1914549622137
S43A11T03,1.0,43013,0.26666666666666666,0.28832666929832956,0.8671259123554637,0.2933618544621551,0.9191680960425651,0.24849011182078873,0.8646581019637885,0.3164094343528858,0.8465763353414795,18.392400787229565,17.70101242893773,0.5279672707937825,0.5237424686148665,-0.5038856000136616,-0.4996607978347456,55.485495276698295,-196.4381612372626
S43A11T03,1.0,43013,0.3,0.3161847446051522,0.8573259144598421,0.3193838383192935,0.9280737563064718,0.2624633728489396,0.8610685218195576,0.35078216147164026,0.8329215430645351,20.24414769696811,18.990198160310992,0.5862037816190244,0.562992174385786,-0.5621221108389035,-0.5389105036056651,45.02058384428841,-200.3922795312093
S43A11T03,1.0,43013,0.3333333333333333,0.34762379971553237,0.8442950371561952,0.34686057969442996,0.937743495552526,0.2764366338770904,0.8574789416753268,0.3883933414525767,0.8160619057541066,22.378562696710436,20.29885670103818,0.6520537412954612,0.6037369749788334,-0.6279720705153403,-0.5796553041987125,34.57616679145143,-203.98023859684935
S43A11T03,1.0,43013,0.36666666666666664,0.38303863071777866,0.8276037944570183,0.375795793307122,0.9480252340332802,0.2904098949052413,0.853889361531096,0.42932596700678993,0.7952896552586403,24.8360448860397,21.62330094538839,0.7248062871269181,0.6459673952480465,-0.7007246163467972,-0.6218857244679256,24.15732035562235,-207.1548613442187
S43A11T03,1.0,43013,0.4,0.42267717935347754,0.8069611133704606,0.4061916866232614,0.9587660556396187,0.30438315593339216,0.8502997813868651,0.4735703659669472,0.7697645940062806,27.645042843791558,22.960473944773216,0.8031658157111663,0.689671373902305,-0.7790841449310454,-0.6655897031221841,13.768943928933275,-209.89192188190856
S43A11T03,1.0,43013,0.43333333333333335,0.4665952737673812,0.7822501468411681,0.438048839889565,0.9698122261291381,0.31835641696154293,0.8467102012426343,0.5209805099291909,0.7385023561110977,30.81516135734704,24.3079412021861,0.885279490237342,0.7348341161144586,-0.8611978194572211,-0.7107524453343377,3.4157506389146493,-212.1861752080764
S43A11T03,1.0,43013,0.4666666666666667,0.5146217061624083,0.7535543923210216,0.47136608312789186,0.9810092017963927,0.3323296779896938,0.8431206210984034,0.5712171321786331,0.700369480783779,34.33017542070298,25.663865299631475,0.9688156105626741,0.7814379425404335,-0.9447339397825532,-0.7573562717603126,-6.897740407749295,-214.0472724332934
S43A11T03,1.0,43013,0.5,0.5663378529638897,0.7211711762729691,0.5061403700207597,0.9922016278627004,0.34630293901784465,0.8395310409541725,0.623675867903822,0.6540908449918379,38.14265182443583,27.026967783412438,1.0510904451103082,0.8294621345290479,-1.0270087743301874,-0.805380463748927,-17.167210247490424,-215.49587099847548
S43A11T03,1.0,43013,0.5333333333333333,0.6210750806891332,0.6856104352779819,0.5423666486028339,1.0032333258404957,0.3602762000459955,0.8359414608099417,0.6773999098518672,0.5982773469223153,42.172539715135194,28.396482805999327,1.1292360651321198,0.8788827752859336,-1.105154394351999,-0.8548011045058127,-27.388544595822122,-216.56014395365298
S43A11T03,1.0,43013,0.5666666666666667,0.6779317927863693,0.6475778705666648,0.5800377286566429,1.0139472691023976,0.37424946107414636,0.8323518806657109,0.7309793229741418,0.53148438461726,46.31183330762099,29.772106389360165,1.2003969330987019,0.9296725867412277,-1.176315262318581,-0.9055909159611067,-37.557836861128585,-217.27279875093367
S43A11T03,1.0,43013,0.6,0.7358102634605277,0.607942883043341,0.6191441456948139,1.0241855458580797,0.38822272210229714,0.82876230052148,0.7824438417335168,0.4523141123611086,50.435721525877995,31.15394444708386,1.2619390650730336,0.9818007618616627,-1.2378573942929127,-0.9577190910815417,-47.671389714566956,-217.66864150009104
S43A11T03,1.0,43013,0.6333333333333333,0.7934715284675266,0.5676930860347533,0.6596740213961498,1.0337893087126335,0.402195983130448,0.8251727203772492,0.8291633236454684,0.359575589311792,54.41798921757555,32.542461969082744,1.3116530632504548,1.035232792144395,-1.287571392470334,-1.011151121364274,-57.725715306174635,-217.78266929810152
S43A11T03,1.0,43013,0.6666666666666666,0.8496047513885437,0.5278784986842944,0.7016129203494936,1.0425987099483416,0.4161692441585988,0.8215831402330183,0.867780306750433,0.25251487267851486,58.146388056010906,33.93843509304347,1.3479316339846192,1.0899302900336842,-1.3238499632044984,-1.0658486192535634,-67.71753422668311,-217.64863955530402
S43A11T03,1.0,43013,0.7,0.9029058649294387,0.48954959631185063,0.7449437029481514,1.0504528216376487,0.4301425051867497,0.8179935600887874,0.8942114971509089,0.13111910642943078,61.53374325535818,35.34290719601178,1.3699036157936326,1.1458508060137254,-1.3458219450135118,-1.1217691352336046,-77.64377332161737,-217.2980477352609
S43A11T03,1.0,43013,0.7333333333333333,0.9521591003106602,0.45369410259206766,0.7896463742694277,1.0571895396587523,0.44411576621490056,0.8144039799445566,0.9037665861604616,-0.0035184439155833283,64.52267646266007,36.75714965244911,1.3775100508796831,1.20294764015306,-1.3534283800995623,-1.1788659693729393,-87.50156246907024,-216.75943947780536
S43A11T03,1.0,43013,0.7666666666666667,0.9963144299991555,0.421177652892216,0.8356979287693501,1.0626454706468607,0.45808902724305145,0.8108143998003258,0.8914375319416777,-0.14881380431079785,67.0844852938792,38.18262752228925,1.3715131908546858,1.261169647909752,-1.347431520074565,-1.2370879771296313,-97.28823043523514,-216.0579857491796
S43A11T03,1.0,43013,0.8,1.0345540680909515,0.3926931887629121,0.8830721906228618,1.0666558008741103,0.4720622882712022,0.8072248196560949,0.8524000231559139,-0.30036747865160035,69.21437742132687,39.620970145233045,1.353436022554281,1.3204610400536774,-1.3293543517741602,-1.2963793692735566,-107.00129992251092,-215.21525716605058
S43A11T03,1.0,43013,0.8333333333333334,1.0663420289811234,0.36872317176943414,0.9317396495456539,1.0690541460100031,0.4860355492993531,0.803635239511864,0.7827309577371064,-0.45181707527236536,70.92547369362188,41.07394641200856,1.3254371963533782,1.3807611766249202,-1.3013555255732574,-1.3566795058447993,-116.6384819239465,-214.24914347841494
S43A11T03,1.0,43013,0.8666666666666667,1.0914522783062197,0.3495175074591141,0.9816672919464868,1.0696723806727326,0.5000088103275039,0.8000456593676332,0.6802763524690285,-0.5950046268552508,72.24329217380303,42.543444343938646,1.2901332407275476,1.442004354927441,-1.2660515699474268,-1.4179226841473203,-126.1976694951804,-213.17387464952648
S43A11T03,1.0,43013,0.9,1.1099730672605006,0.335088583046741,1.0328184272796213,1.0683404466410003,0.5139820713556548,0.7964560792234023,0.5455129876860247,-0.7205706085968184,73.20151590742641,44.031454523376816,1.2503857093547408,1.5041195916573726,-1.22630403857462,-1.4800379208772518,-135.67693105106497,-212.0001099678522
S43A11T03,1.0,43013,0.9333333333333333,1.1222873884620213,0.3252232214568678,1.0851525094971408,1.064886138557286,0.5279553323838057,0.7928664990791715,0.3821667206367377,-0.818996348798628,73.83914947261422,45.54005686521846,1.2090745990211977,1.5670303993879293,-1.184992928241077,-1.5429487286078085,-145.07450328906,-210.73507058942246
S43A11T03,1.0,43013,0.9666666666666667,1.129031844004484,0.319509828687287,1.1386249535420632,1.0591348659188178,0.5419285934119564,0.7892769189349407,0.19733123670212616,-0.8819675757811801,74.19877744803006,47.07141019152228,1.1650924932284386,1.6306545577808338,-1.1410108224483178,-1.606572887000713,-154.38878383546262,-209.38269860553726
S43A11T03,1.0,43014,0.0,0.136704023595582,0.8933747431176353,0.136704023595582,0.8933747431176353,0.136704023595582,0.8933747431176353,0.13670402359558198,0.8933747431176353,8.699904601070884,8.699904601070884,0.275790699729797,0.2639630143837822,-0.25170902894967606,-0.23988134360366134,169.15703185681303,-211.92150710457585
S43A11T03,1.0,43014,0.03333333333333333,0.1522406716158446,0.890913096450981,0.1509883688947941,0.8895160796335,0.15067728462373284,0.8897851629734045,0.15171782239373172,0.890947879550665,9.697132335172864,9.633685772811818,0.29614851527294184,0.28379912956977166,-0.2720668444928209,-0.25971745878965075,156.70142100054989,-209.04085459465006
S43A11T03,1.0,43014,0.06666666666666667,0.16830669231021392,0.8888521621247429,0.16584380671887852,0.8849876351375676,0.1646505456518837,0.8861955828291737,0.1684878421564996,0.8879292025568079,10.722175930232153,10.613940300154315,0.3174661357437013,0.30349796685473773,-0.2933844649635804,-0.2794162960746168,144.11068905743636,-205.94552634302806
S43A11T03,1.0,43014,0.1,0.1849966101157604,0.8869995716162746,0.18119023240128115,0.8795905722534234,0.17862380668003452,0.8826060026849427,0.1871876518691851,0.8841760032343239,11.780981523567887,11.639761401361111,0.3407519376046111,0.3229371608196675,-0.3166702668244902,-0.2988554900395466,131.390368964133,-202.53893963533864
S43A11T03,1.0,43014,0.13333333333333333,0.20251111015207898,0.8850548976688746,0.19694293243718344,0.8731242079561512,0.19259706770818538,0.8790164225407119,0.2080030424573849,0.8795118851022956,12.888095854640646,12.71098409575851,0.3671809365575374,0.3419903686844536,-0.3430992657774165,-0.3179086979043327,118.54643081557744,-198.7233918021239
S43A11T03,1.0,43014,0.16666666666666666,0.22115868327966468,0.8826149521637955,0.21301267356203368,0.8653860931236316,0.2065703287363362,0.875426842396481,0.23113006946056971,0.8737192413463689,14.067090131392513,13.828311270989198,0.39800117884727104,0.3605277236768242,-0.37391950806715013,-0.33644605289670326,105.5852808542097,-194.39577162024545
S43A11T03,1.0,43014,0.2,0.24134634428572727,0.8791885881955993,0.2293058333144638,0.8561721270199031,0.22054358976448707,0.8718372622522502,0.2567716650792154,0.8665302843641239,15.350164207634721,14.993456501471314,0.4344222231629123,0.37841635627836995,-0.4103405523827914,-0.35433468549824904,92.51375769249624,-189.4418585476933
S43A11T03,1.0,43014,0.23333333333333334,0.2635588254948535,0.8742209036954764,0.24572457474645498,0.8452767095679404,0.2345168507926379,0.8682476821080194,0.28513223185669895,0.8576164830879476,16.77693095920711,16.209312500077182,0.4774913046763647,0.395520981536383,-0.4534096338962438,-0.3714393107562621,79.33912561188062,-183.728777741383
S43A11T03,1.0,43014,0.26666666666666666,0.28832666929832956,0.8671259123554637,0.26216706738931117,0.8324929337535851,0.24849011182078873,0.8646581019637885,0.3164094343528858,0.8465763353414795,18.392400787229565,17.48015668298529,0.5279672707937825,0.41170454893068376,-0.5038856000136616,-0.38762287815056284,66.06906480784323,-177.0949521148756
S43A11T03,1.0,43014,0.3,0.3161847446051522,0.8573259144598421,0.2785277559057703,0.817612819866142,0.2624633728489396,0.8610685218195576,0.35078216147164026,0.8329215430645351,20.24414769696811,18.811908878960985,0.5862037816190244,0.4268289495023755,-0.5621221108389035,-0.4027472787222546,52.71165848176271,-169.33656935743187
S43A11T03,1.0,43014,0.3333333333333333,0.34762379971553237,0.8442950371561952,0.2946976770636571,0.8004275925303781,0.2764366338770904,0.8574789416753268,0.3883933414525767,0.8160619057541066,22.378562696710436,20.212461164184273,0.6520537412954612,0.4407557731434719,-0.6279720705153403,-0.416674102363351,39.275376715419625,-160.18911815303716
S43A11T03,1.0,43014,0.36666666666666664,0.38303863071777866,0.8276037944570183,0.3105648247677001,0.7807280006308827,0.2904098949052413,0.853889361531096,0.42932596700678993,0.7952896552586403,24.8360448860397,21.692106785081265,0.7248062871269181,0.45334710717779114,-0.7007246163467972,-0.42926543639767023,25.769057102831663,-149.30188279491313
S43A11T03,1.0,43014,0.4,0.42267717935347754,0.8069611133704606,0.3260145619021232,0.7583046792901728,0.30438315593339216,0.8502997813868651,0.4735703659669472,0.7697645940062806,27.645042843791558,23.264105043336897,0.8031658157111663,0.4644663657054795,-0.7790841449310454,-0.4403846949253586,12.20188215608087,-136.20234076891956
S43A11T03,1.0,43014,0.43333333333333335,0.4665952737673812,0.7822501468411681,0.34093007669164777,0.7329485520594288,0.31835641696154293,0.8467102012426343,0.5209805099291909,0.7385023561110977,30.81516135734704,24.94543312024625,0.885279490237342,0.47397913770982447,-0.8611978194572211,-0.44989746692970356,-1.41664645382766,-120.24610233942033
S43A11T03,1.0,43014,0.4666666666666667,0.5146217061624083,0.7535543923210216,0.3551928802119666,0.7044512704432995,0.3323296779896938,0.8431206210984034,0.5712171321786331,0.700369480783779,34.33017542070298,26.75779582271746,0.9688156105626741,0.48175404070834266,-0.9447339397825532,-0.45767236992822175,-15.076736714077951,-100.54633734833442
S43A11T03,1.0,43014,0.5,0.5663378529638897,0.7211711762729691,0.36868334060624974,0.6726056868402297,0.34630293901784465,0.8395310409541725,0.623675867903822,0.6540908449918379,38.14265182443583,28.728992289903257,1.0510904451103082,0.4876635658380492,-1.0270087743301874,-0.4635818950579283,-28.76833799152015,-75.87475706892045
S43A11T03,1.0,43014,0.5333333333333333,0.6210750806891332,0.6856104352779819,0.38128124852851797,0.6372063559728085,0.3602762000459955,0.8359414608099417,0.6773999098518672,0.5982773469223153,42.172539715135194,30.894777010240187,1.1292360651321198,0.4915848997553228,-1.105154394351999,-0.4675032289752019,-42.4811754586517,-44.525098908186784
S43A11T03,1.0,43014,0.5666666666666667,0.6779317927863693,0.6475778705666648,0.39286640737600653,0.5980500589460453,0.37424946107414636,0.8323518806657109,0.7309793229741418,0.53148438461726,46.31183330762099,33.301401804411334,1.2003969330987019,0.4934007086482951,-1.176315262318581,-0.4693190378681742,-56.20478697940141,-4.132733018057159
S43A11T03,1.0,43014,0.6,0.7358102634605277,0.607942883043341,0.4033192410289408,0.5549363432425053,0.38822272210229714,0.82876230052148,0.7824438417335168,0.4523141123611086,50.435721525877995,36.009080359812465,1.2619390650730336,0.49299987003136647,-1.2378573942929127,-0.46891819925124556,-69.92856216764551,48.54087365859493
S43A11T03,1.0,43014,0.6333333333333333,0.7934715284675266,0.5676930860347533,0.4125214111232909,0.5076680712772685,0.402195983130448,0.8251727203772492,0.8291633236454684,0.359575589311792,54.41798921757555,39.09665305319469,1.3116530632504548,0.4902781388244851,-1.287571392470334,-0.4661964680443642,-83.6417832925504,117.79946549951885
S43A11T03,1.0,43014,0.6666666666666666,0.8496047513885437,0.5278784986842944,0.42035643537176326,0.45605196962412337,0.4161692441585988,0.8215831402330183,0.867780306750433,0.25251487267851486,58.146388056010906,42.667669938171066,1.3479316339846192,0.4851387354997504,-1.3238499632044984,-0.4610570647196295,-97.33366767052371,208.9756403220287
S43A11T03,1.0,43014,0.7,0.9029058649294387,0.48954959631185063,0.4267102981463055,0.3998991707130174,0.4301425051867497,0.8179935600887874,0.8942114971509089,0.13111910642943078,61.53374325535818,46.85774074086499,1.3699036157936326,0.47749284576842305,-1.3458219450135118,-0.45341117498830213,-110.99341115468067,327.5931533368554
S43A11T03,1.0,43014,0.7333333333333333,0.9521591003106602,0.45369410259206766,0.431472044459888,0.3390257387058354,0.44411576621490056,0.8144039799445566,0.9037665861604616,-0.0035184439155833283,64.52267646266007,51.841789035466896,1.3775100508796831,0.46726002332541405,-1.3534283800995623,-0.44317835254529314,-124.61023231008186,476.30940040037353
S43A11T03,1.0,43014,0.7666666666666667,0.9963144299991555,0.421177652892216,0.434534348645694,0.2732531713927602,0.45808902724305145,0.8108143998003258,0.8914375319416777,-0.14881380431079785,67.0844852938792,57.8366202695901,1.3715131908546858,0.45436848949063163,-1.347431520074565,-0.4302868187105107,-138.17341684721023,646.6972715293792
S43A11T03,1.0,43014,0.8,1.0345540680909515,0.3926931887629121,0.43579404942783906,0.20240887031496368,0.4720622882712022,0.8072248196560949,0.8524000231559139,-0.30036747865160035,69.21437742132687,65.08702040266107,1.353436022554281,0.4387553260977238,-1.3293543517741602,-0.41467365531760286,-151.6723618777036,801.8688885091342
S43A11T03,1.0,43014,0.8333333333333334,1.0663420289811234,0.36872317176943414,0.4351526436993482,0.12632657190168328,0.4860355492993531,0.803635239511864,0.7827309577371064,-0.45181707527236536,70.92547369362188,73.81177329815,1.3254371963533782,0.42036656058205624,-1.3013555255732574,-0.3962848898019353,-165.09661955550922,852.438346123995
S43A11T03,1.0,43014,0.8666666666666667,1.0914522783062197,0.3495175074591141,0.43251673215082087,0.04484673319199839,0.5000088103275039,0.8000456593676332,0.6802763524690285,-0.5950046268552508,72.24329217380303,84.0802775604988,1.2901332407275476,0.39915714480877085,-1.2660515699474268,-0.37507547402864994,-178.43593967346675,659.1022099389756
S43A11T03,1.0,43014,0.9,1.1099730672605006,0.335088583046741,0.42779841089895754,-0.042183133333586365,0.5139820713556548,0.7964560792234023,0.5455129876860247,-0.7205706085968184,73.20151590742641,95.63145542735953,1.2503857093547408,0.3750908316581677,-1.22630403857462,-0.3510091608780468,-191.68031079971254,135.49396812752903
S43A11T03,1.0,43014,0.9333333333333333,1.1222873884620213,0.3252232214568678,0.4209156044126808,-0.1349081801937011,0.5279553323838057,0.7928664990791715,0.3821667206367377,-0.818996348798628,73.83914947261422,107.77123844157748,1.2090745990211977,0.3481399556568621,-1.184992928241077,-0.3240582848767412,-204.81999955991105,-576.1200874510349
S43A11T03,1.0,43014,0.9666666666666667,1.129031844004484,0.319509828687287,0.4117923362854229,-0.2334660038093892,0.5419285934119564,0.7892769189349407,0.19733123670212616,-0.8819675757811801,74.19877744803006,119.55110442750276,1.1650924932284386,0.31828512592933456,-1.1410108224483178,-0.29420345514921364,-217.8455876996274,-1143.5578677900924
S43A11T03,10.0,43013,0.0,0.136704023595582,0.8933747431176353,0.136704023595582,0.8933747431176353,0.136704023595582,0.8933747431176353,0.13670402359558198,0.8933747431176353,8.699904601070884,8.699904601070884,0.275790699729797,0.2639630143837822,-0.25170902894967606,-0.23988134360366134,-24.56549297810793,-79.76116277599778
S43A11T03,10.0,43013,0.03333333333333333,0.1522406716158446,0.890913096450981,0.1505791281971075,0.8909830081479753,0.15067728462373284,0.8897851629734045,0.15171782239373172,0.890947879550665,9.697132335172864,9.592537240427996,0.29614851527294184,0.27609791394109917,-0.2720668444928209,-0.25201624316097826,-25.811601324631543,-89.71437210292663
S43A11T03,10.0,43013,0.06666666666666667,0.16830669231021392,0.8888521621247429,0.1642789554390853,0.8909091909213973,0.1646505456518837,0.8861955828291737,0.1684878421564996,0.8879292025568079,10.722175930232153,10.447682460262662,0.3174661357437013,0.28834618124522116,-0.2933844649635804,-0.26426451046510024,-27.060247760635367,-98.42253427227243
S43A11T03,10.0,43013,0.1,0.1849966101157604,0.8869995716162746,0.17783547354784557,0.893034591467725,0.17862380668003452,0.8826060026849427,0.1871876518691851,0.8841760032343239,11.780981523567887,11.26233346731414,0.3407519376046111,0.3007447340336694,-0.3166702668244902,-0.2766630632535485,-28.31146887149022,-105.84981274452359
S43A11T03,10.0,43013,0.13333333333333333,0.20251111015207898,0.8850548976688746,0.19128117738457256,0.897237811276282,0.19259706770818538,0.8790164225407119,0.2080030424573849,0.8795118851022956,12.888095854640646,12.034661878250834,0.3671809365575374,0.3133307073333111,-0.3430992657774165,-0.2892490365531902,-29.565297489501862,-112.01241244829683
S43A11T03,10.0,43013,0.16666666666666666,0.22115868327966468,0.8826149521637955,0.2046490535767483,0.9033947860600862,0.2065703287363362,0.875426842396481,0.23113006946056971,0.8737192413463689,14.067090131392513,12.763977525369965,0.39800117884727104,0.3261414023239523,-0.37391950806715013,-0.30205973154383137,-30.821762570765138,-116.97026421357177
S43A11T03,10.0,43013,0.2,0.24134634428572727,0.8791885881955993,0.2179725439180046,0.9113788234933738,0.22054358976448707,0.8718372622522502,0.2567716650792154,0.8665302843641239,15.350164207634721,13.450644607287106,0.4344222231629123,0.33921423448474897,-0.4103405523827914,-0.31513256370462805,-32.080889075418575,-120.81691376068414
S43A11T03,10.0,43013,0.23333333333333334,0.2635588254948535,0.8742209036954764,0.23128550715393226,0.9210606458653436,0.2345168507926379,0.8682476821080194,0.28513223185669895,0.8576164830879476,16.77693095920711,14.095966170987417,0.4774913046763647,0.3525866812522753,-0.4534096338962438,-0.3285050104721544,-33.34269785166675,-123.66895507927794
S43A11T03,10.0,43013,0.26666666666666666,0.28832666929832956,0.8671259123554637,0.2446221792832541,0.932308437571782,0.24849011182078873,0.8646581019637885,0.3164094343528858,0.8465763353414795,18.392400787229565,14.702049189754968,0.5279672707937825,0.36629622942404716,-0.5038856000136616,-0.34221455864392625,-34.60720552394603,-125.65608316535472
S43A11T03,10.0,43013,0.3,0.3161847446051522,0.8573259144598421,0.2580171325147827,0.9449878973464715,0.2624633728489396,0.8610685218195576,0.35078216147164026,0.8329215430645351,20.24414769696811,15.271661527577965,0.5862037816190244,0.3803803225439808,-0.5621221108389035,-0.3562986517638599,-35.874424385618596,-126.91249539724922
S43A11T03,10.0,43013,0.3333333333333333,0.34762379971553237,0.8442950371561952,0.27150523303061336,0.9589622951163168,0.2764366338770904,0.8574789416753268,0.3883933414525767,0.8160619057541066,22.378562696710436,15.808090283287871,0.6520537412954612,0.3948763085066004,-0.6279720705153403,-0.37079463772647947,-37.144362296583566,-127.57002592019516
S43A11T03,10.0,43013,0.36666666666666664,0.38303863071777866,0.8276037944570183,0.2851215977148953,0.9740925333482925,0.2904098949052413,0.853889361531096,0.42932596700678993,0.7952896552586403,24.8360448860397,16.31500880891066,0.7248062871269181,0.4098213876147506,-0.7007246163467972,-0.3857397168346297,-38.4170225861998,-127.75310750221965
S43A11T03,10.0,43013,0.4,0.42267717935347754,0.8069611133704606,0.2989015500151485,0.9902372127429044,0.30438315593339216,0.8502997813868651,0.4735703659669472,0.7697645940062806,27.645042843791558,16.796357446011044,0.8031658157111663,0.4252525613211212,-0.7790841449310454,-0.4011708905410003,-39.692403961919744,-127.57544566611955
S43A11T03,10.0,43013,0.43333333333333335,0.4665952737673812,0.7822501468411681,0.3128805751093454,1.007252702118132,0.31835641696154293,0.8467102012426343,0.5209805099291909,0.7385023561110977,30.81516135734704,17.25624096852458,0.885279490237342,0.44120658187710715,-0.8611978194572211,-0.41712491109698624,-40.97050042403057,-127.13816267295252
S43A11T03,10.0,43013,0.4666666666666667,0.5146217061624083,0.7535543923210216,0.327094274556744,1.0249932123199863,0.3323296779896938,0.8431206210984034,0.5712171321786331,0.700369480783779,34.33017542070298,17.698844004695772,0.9688156105626741,0.4577199031034784,-0.9447339397825532,-0.43363823232335746,-42.25130118690428,-126.52911195772032
S43A11T03,10.0,43013,0.5,0.5663378529638897,0.7211711762729691,0.3415783206136806,1.0433108739910453,0.34630293901784465,0.8395310409541725,0.623675867903822,0.6540908449918379,38.14265182443583,18.12836439140946,1.0510904451103082,0.4748286324861727,-1.0270087743301874,-0.4507469617060518,-43.534790607151436,-125.82305847512741
S43A11T03,10.0,43013,0.5333333333333333,0.6210750806891332,0.6856104352779819,0.3563684103971525,1.0620558190267124,0.3602762000459955,0.8359414608099417,0.6773999098518672,0.5982773469223153,42.172539715135194,18.548963485601732,1.1292360651321198,0.49256848478739773,-1.105154394351999,-0.4684868140072768,-44.82094811907197,-125.08244828213881
S43A11T03,10.0,43013,0.5666666666666667,0.6779317927863693,0.6475778705666648,0.3715002200790103,1.0810762655505304,0.37424946107414636,0.8323518806657109,0.7309793229741418,0.53148438461726,46.31183330762099,18.964731874810955,1.2003969330987019,0.510974737347361,-1.176315262318581,-0.4868930665672401,-46.10974817778828,-124.35853566760252
S43A11T03,10.0,43013,0.6,0.7358102634605277,0.607942883043341,0.3870093592919438,1.1002186062446349,0.38822272210229714,0.82876230052148,0.7824438417335168,0.4523141123611086,50.435721525877995,19.379668628607586,1.2619390650730336,0.5300821872355584,-1.2378573942929127,-0.5060005164554375,-47.401160210438995,-123.6926865371149
S43A11T03,10.0,43013,0.6333333333333333,0.7934715284675266,0.5676930860347533,0.402931325925211,1.1193274998792573,0.402195983130448,0.8251727203772492,0.8291633236454684,0.359575589311792,54.41798921757555,19.797672146537764,1.3116530632504548,0.5499251103929234,-1.287571392470334,-0.5258434396128024,-48.695148575799635,-123.11772501690248
S43A11T03,10.0,43013,0.6666666666666666,0.8496047513885437,0.5278784986842944,0.4193014614832652,1.1382459658959203,0.4161692441585988,0.8215831402330183,0.867780306750433,0.25251487267851486,58.146388056010906,20.222540722973875,1.3479316339846192,0.570537222887535,-1.3238499632044984,-0.546455552107414,-49.991672532684404,-122.65923221485268
S43A11T03,10.0,43013,0.7,0.9029058649294387,0.48954959631185063,0.43615490717417954,1.1568154819123595,0.4301425051867497,0.8179935600887874,0.8942114971509089,0.13111910642943078,61.53374325535818,20.65798111104072,1.3699036157936326,0.5919516443873218,-1.3458219450135118,-0.5678699736072009,-51.290686217468064,-122.33674011352959
S43A11T03,10.0,43013,0.7333333333333333,0.9521591003106602,0.45369410259206766,0.45352656088712556,1.1748760840329553,0.44411576621490056,0.8144039799445566,0.9037665861604616,-0.0035184439155833283,64.52267646266007,21.10762358388796,1.3775100508796831,0.6142008639335653,-1.3534283800995623,-0.5901191931534444,-52.59213863104805,-122.16478961896783
S43A11T03,10.0,43013,0.7666666666666667,0.9963144299991555,0.421177652892216,0.4714510352092756,1.1922664698662147,0.45808902724305145,0.8108143998003258,0.8914375319416777,-0.14881380431079785,67.0844852938792,21.5750422301379,1.3715131908546858,0.6373167080793127,-1.347431520074565,-0.6132350372991918,-53.89597363554906,-122.15384070870394
S43A11T03,10.0,43013,0.8,1.0345540680909515,0.3926931887629121,0.48996261662249707,1.208824104170128,0.4720622882712022,0.8072248196560949,0.8524000231559139,-0.30036747865160035,69.21437742132687,22.063779458874972,1.353436022554281,0.6613303114373639,-1.3293543517741602,-0.637248640657243,-55.20212996104813,-122.31103568579623
S43A11T03,10.0,43013,0.8333333333333334,1.0663420289811234,0.36872317176943414,0.509095226009242,1.224385327066632,0.4860355492993531,0.803635239511864,0.7827309577371064,-0.45181707527236536,70.92547369362188,22.577373913086284,1.3254371963533782,0.6862720896635514,-1.3013555255732574,-0.6621904188834304,-56.510541222574055,-122.6408251265776
S43A11T03,10.0,43013,0.8666666666666667,1.0914522783062197,0.3495175074591141,0.5288823805852877,1.238785464787354,0.5000088103275039,0.8000456593676332,0.6802763524690285,-0.5950046268552508,72.24329217380303,23.11939118959225,1.2901332407275476,0.7121717148828824,-1.2660515699474268,-0.6880900441027615,-57.821135947609164,-123.14547151046342
S43A11T03,10.0,43013,0.9,1.1099730672605006,0.335088583046741,0.5493571573646198,1.2518589429337714,0.5139820713556548,0.7964560792234023,0.5455129876860247,-0.7205706085968184,73.20151590742641,23.693456932535753,1.2503857093547408,0.7390580935489713,-1.22630403857462,-0.7149764227688504,-59.133837614290606,-123.82544889472118
S43A11T03,10.0,43013,0.9333333333333333,1.1222873884620213,0.3252232214568678,0.5705521582489465,1.2634394022553255,0.5279553323838057,0.7928664990791715,0.3821667206367377,-0.818996348798628,73.83914947261422,24.30329200287524,1.2090745990211977,0.7669593467112714,-1.184992928241077,-0.7428776759311505,-60.44856470047792,-124.67975934074055
S43A11T03,10.0,43013,0.9666666666666667,1.129031844004484,0.319509828687287,0.5924994768212855,1.2733598169682487,0.5419285934119564,0.7892769189349407,0.19733123670212616,-0.8819675757811801,74.19877744803006,24.9527495252566,1.1650924932284386,0.7959027926500848,-1.1410108224483178,-0.7718211218699639,-61.765230743820304,-125.70618897202658
S43A11T03,10.0,43014,0.0,0.136704023595582,0.8933747431176353,0.136704023595582,0.8933747431176353,0.136704023595582,0.8933747431176353,0.13670402359558198,0.8933747431176353,8.699904601070884,8.699904601070884,0.275790699729797,0.2639630143837822,-0.25170902894967606,-0.23988134360366134,51.877411115248016,-106.4054175797209
S43A11T03,10.0,43014,0.03333333333333333,0.1522406716158446,0.890913096450981,0.15091003581666673,0.8897223984881604,0.15067728462373284,0.8897851629734045,0.15171782239373172,0.890947879550665,9.697132335172864,9.626590351037756,0.29614851527294184,0.2824158417243823,-0.2720668444928209,-0.25833417094426137,46.26564745778396,-107.24410899561418
S43A11T03,10.0,43014,0.06666666666666667,0.16830669231021392,0.8888521621247429,0.1655837868909021,0.8857949958226502,0.1646505456518837,0.8861955828291737,0.1684878421564996,0.8879292025568079,10.722175930232153,10.588235605082609,0.3174661357437013,0.30135355434807165,-0.2933844649635804,-0.27727188356795074,40.643075998198285,-107.98742125925321
S43A11T03,10.0,43014,0.1,0.1849966101157604,0.8869995716162746,0.18072425203752465,0.8813689563408293,0.17862380668003452,0.8826060026849427,0.1871876518691851,0.8841760032343239,11.780981523567887,11.58784722288254,0.3407519376046111,0.32072246664864,-0.3166702668244902,-0.2966407958685191,35.011545709406946,-108.59445032959016
S43A11T03,10.0,43014,0.13333333333333333,0.20251111015207898,0.8850548976688746,0.19632473128055386,0.8762218774486495,0.19259706770818538,0.8790164225407119,0.2080030424573849,0.8795118851022956,12.888095854640646,12.629014285952344,0.3671809365575374,0.34046524664011324,-0.3430992657774165,-0.3163835758599923,29.37291874222347,-109.01708467692711
S43A11T03,10.0,43014,0.16666666666666666,0.22115868327966468,0.8826149521637955,0.21237309706817128,0.8701328199298082,0.2065703287363362,0.875426842396481,0.23113006946056971,0.8737192413463689,14.067090131392513,13.7160084479488,0.39800117884727104,0.3605216060435156,-0.37391950806715013,-0.33643993526339466,23.72906762847792,-109.19798965318381
S43A11T03,10.0,43014,0.2,0.24134634428572727,0.8791885881955993,0.22885208709499855,0.8628826054065083,0.22054358976448707,0.8718372622522502,0.2567716650792154,0.8665302843641239,15.350164207634721,14.853902794378323,0.4344222231629123,0.3808289738534729,-0.4103405523827914,-0.356747303073352,18.08187247166923,-109.06798999492612
S43A11T03,10.0,43014,0.23333333333333334,0.2635588254948535,0.8742209036954764,0.2457396355262084,0.8542541238946094,0.2345168507926379,0.8682476821080194,0.28513223185669895,0.8576164830879476,16.77693095920711,16.04871355918337,0.4774913046763647,0.4013231463551762,-0.4534096338962438,-0.3772414755750553,12.433218133989405,-108.54272285601806
S43A11T03,10.0,43014,0.26666666666666666,0.28832666929832956,0.8671259123554637,0.2630092358602958,0.8440326506895985,0.24849011182078873,0.8646581019637885,0.3164094343528858,0.8465763353414795,18.392400787229565,17.307570104226418,0.5279672707937825,0.4219389077079907,-0.5038856000136616,-0.3978572369278698,6.784991428393562,-107.51842164339382
S43A11T03,10.0,43014,0.3,0.3161847446051522,0.8573259144598421,0.2806303288144188,0.8320061712382457,0.2624633728489396,0.8610685218195576,0.35078216147164026,0.8329215430645351,20.24414769696811,18.638919808119972,0.5862037816190244,0.44261061624432974,-0.5621221108389035,-0.4185289454642088,1.1390783241768518,-105.86669421500032
S43A11T03,10.0,43014,0.3333333333333333,0.34762379971553237,0.8442950371561952,0.29856870884955344,0.8179657120984425,0.2764366338770904,0.8574789416753268,0.3883933414525767,0.8160619057541066,22.378562696710436,20.052775914565718,0.6520537412954612,0.4632727525566165,-0.6279720705153403,-0.4391910817764956,-4.5026388257285435,-103.42819946622404
S43A11T03,10.0,43014,0.36666666666666664,0.38303863071777866,0.8276037944570183,0.31678694325266527,0.801705675586904,0.2904098949052413,0.853889361531096,0.42932596700678993,0.7952896552586403,24.8360448860397,21.56101787756955,0.7248062871269181,0.4838604262730628,-0.7007246163467972,-0.4597787554929419,-10.13828402780834,-100.005245726427
S43A11T03,10.0,43014,0.4,0.42267717935347754,0.8069611133704606,0.3352447980435123,0.7830241752790553,0.30438315593339216,0.8502997813868651,0.4735703659669472,0.7697645940062806,27.645042843791558,23.177755107223096,0.8031658157111663,0.5043098391695682,-0.7790841449310454,-0.48022816838944726,-15.76599035376313,-95.35361087277559
S43A11T03,10.0,43014,0.43333333333333335,0.4665952737673812,0.7822501468411681,0.35389966536169365,0.7617233691724367,0.31835641696154293,0.8467102012426343,0.5209805099291909,0.7385023561110977,30.81516135734704,24.919765819441338,0.885279490237342,0.5245587029457137,-0.8611978194572211,-0.5004770321655928,-21.383902601780058,-89.17446097290076
S43A11T03,10.0,43014,0.4666666666666667,0.5146217061624083,0.7535543923210216,0.37270698740511143,0.7376097870657855,0.3323296779896938,0.8431206210984034,0.5712171321786331,0.700369480783779,34.33017542070298,26.807022027679693,0.9688156105626741,0.5445466106213624,-0.9447339397825532,-0.5204649398412415,-26.990179906376788,-81.10837846117673
S43A11T03,10.0,43014,0.5,0.5663378529638897,0.7211711762729691,0.39162067242646104,0.7104946485482535,0.34630293901784465,0.8395310409541725,0.623675867903822,0.6540908449918379,38.14265182443583,28.86330785905866,1.0510904451103082,0.564215361097639,-1.0270087743301874,-0.5401336903175181,-32.582998290305596,-70.73564888928587
S43A11T03,10.0,43014,0.5333333333333333,0.6210750806891332,0.6856104352779819,0.4105934987437435,0.680194167940729,0.3602762000459955,0.8359414608099417,0.6773999098518672,0.5982773469223153,42.172539715135194,31.11692813755235,1.1292360651321198,0.5835092369792496,-1.105154394351999,-0.5594275661991287,-38.160553152397505,-57.59083810048947
S43A11T03,10.0,43014,0.5666666666666667,0.6779317927863693,0.6475778705666648,0.42957750317933313,0.6465298425837748,0.37424946107414636,0.8323518806657109,0.7309793229741418,0.53148438461726,46.31183330762099,33.60148184043095,1.2003969330987019,0.6023752362776733,-1.176315262318581,-0.5782935654975524,-43.721061685645054,-41.20645270913286
S43A11T03,10.0,43014,0.6,0.7358102634605277,0.607942883043341,0.448524350805727,0.6093287210203184,0.38822272210229714,0.82876230052148,0.7824438417335168,0.4523141123611086,50.435721525877995,36.356630796702945,1.2619390650730336,0.6207632591067498,-1.2378573942929127,-0.5966815883266289,-49.26276522023194,-21.211580200368232
S43A11T03,10.0,43014,0.6333333333333333,0.7934715284675266,0.5676930860347533,0.467385683340913,0.5684236478685654,0.402195983130448,0.8251727203772492,0.8291633236454684,0.359575589311792,54.41798921757555,39.42871200828896,1.3116530632504548,0.6386262509407677,-1.287571392470334,-0.6145445801606468,-54.783931486643695,2.4720534320645413
S43A11T03,10.0,43014,0.6666666666666666,0.8496047513885437,0.5278784986842944,0.4861134439984843,0.5236534825112618,0.4161692441585988,0.8215831402330183,0.867780306750433,0.25251487267851486,58.146388056010906,42.87089911201117,1.3479316339846192,0.6559203044255636,-1.3238499632044984,-0.6318386336454427,-60.28285679441104,29.274025284667637
S43A11T03,10.0,43014,0.7,0.9029058649294387,0.48954959631185063,0.504660177053188,0.4748632891285996,0.4301425051867497,0.8179935600887874,0.8942114971509089,0.13111910642943078,61.53374325535818,46.74238766859917,1.3699036157936326,0.6726047221093974,-1.3458219450135118,-0.6485230513292765,-65.75786812245786,57.38455133501856
S43A11T03,10.0,43014,0.7333333333333333,0.9521591003106602,0.45369410259206766,0.5229793008273009,0.42190449605905017,0.44411576621490056,0.8144039799445566,0.9037665861604616,-0.0035184439155833283,64.52267646266007,51.10574687848612,1.3775100508796831,0.6886420427863278,-1.3534283800995623,-0.6645603720062069,-71.20732511743621,82.88707871227736
S43A11T03,10.0,43014,0.7666666666666667,0.9963144299991555,0.421177652892216,0.54102535323266,0.3646350229694603,0.45808902724305145,0.8108143998003258,0.8914375319416777,-0.14881380431079785,67.0844852938792,56.02119979742981,1.3715131908546858,0.7039980344147847,-1.347431520074565,-0.6799163636346638,-76.62962199683834,98.73027617261003
S43A11T03,10.0,43014,0.8,1.0345540680909515,0.3926931887629121,0.5587542094128606,0.3029193748365452,0.4720622882712022,0.8072248196560949,0.8524000231559139,-0.30036747865160035,69.21437742132687,61.536395438763684,1.353436022554281,0.7186416567835432,-1.3293543517741602,-0.6945599860034223,-82.02318935407028,94.05992192010252
S43A11T03,10.0,43014,0.8333333333333334,1.0663420289811234,0.36872317176943414,0.5761232714156717,0.23662870227035804,0.4860355492993531,0.803635239511864,0.7827309577371064,-0.45181707527236536,70.92547369362188,67.67077821498998,1.3254371963533782,0.7325449972434699,-1.3013555255732574,-0.708463326463349,-87.38649586305834,55.10271328321332
S43A11T03,10.0,43014,0.8666666666666667,1.0914522783062197,0.3495175074591141,0.593091630182942,0.16564082823111725,0.5000088103275039,0.8000456593676332,0.6802763524690285,-0.5950046268552508,72.24329217380303,74.39581759586935,1.2901332407275476,0.7456831829052407,-1.2660515699474268,-0.7216015121251198,-92.71804988033166,-30.756776331969363
S43A11T03,10.0,43014,0.9,1.1099730672605006,0.335088583046741,0.6096202004705138,0.08984024168986826,0.5139820713556548,0.7964560792234023,0.5455129876860247,-0.7205706085968184,73.20151590742641,81.61661580838094,1.2503857093547408,0.7580342727218279,-1.22630403857462,-0.733952601941707,-98.0164009428864,-167.23727682297957
S43A11T03,10.0,43014,0.9333333333333333,1.1222873884620213,0.3252232214568678,0.6256718296007657,0.009118059248620858,0.5279553323838057,0.7928664990791715,0.3821667206367377,-0.818996348798628,73.83914947261422,89.16507455160344,1.2090745990211977,0.7695791328328326,-1.184992928241077,-0.7454974620527117,-103.28014116048398,-341.26630173035926
S43A11T03,10.0,43014,0.9666666666666667,1.129031844004484,0.319509828687287,0.6412113812030363,-0.07662804384346888,0.5419285934119564,0.7892769189349407,0.19733123670212616,-0.8819675757811801,74.19877744803006,96.81481982155172,1.1650924932284386,0.7803012984505322,-1.1410108224483178,-0.7562196276704113,-108.50790650136928,-522.4583057701767
S43A11T04,0.0,43013,0.0,0.07206093053947751,0.9053179871130516,0.07206093053947751,0.9053179871130516,0.07206093053947751,0.9053179871130516,0.07206093053947753,0.9053179871130516,4.55099821483214,4.55099821483214,0.19168283049676604,0.17100891263864793,-0.17946302944540451,-0.1587891115872864,0.0,60.20593848381484
S43A11T04,0.0,43013,0.03333333333333333,0.08553418112561394,0.9024727832908892,0.08387623638958011,0.9015593274404686,0.08289919455301858,0.9021435615878943,0.0835292816132717,0.9043319604071358,5.414182157558015,5.315191641279483,0.2119204898905077,0.20057993020494583,-0.19970068883914618,-0.1883601291535843,0.0,53.4204461005244
S43A11T04,0.0,43013,0.06666666666666667,0.09974837101133982,0.9001469781439974,0.09760856688757472,0.8966004963780648,0.09373745856655966,0.898969136062737,0.09598181498032002,0.9030951924873294,6.323343125541624,6.213047060313,0.23213983332556465,0.23155764152930247,-0.21992003227420312,-0.21933784047794094,0.0,45.948487510552695
S43A11T04,0.0,43013,0.1,0.11453717019642132,0.8984976709119937,0.11320142472004908,0.8903946468904591,0.10457572258010073,0.8957947105375796,0.10956050110604576,0.9015486299130153,7.264672979208377,7.245498813341964,0.25154392141336845,0.2638747999705425,-0.23932412036200693,-0.2516549989191809,0.0,37.7619502488232
S43A11T04,0.0,43013,0.13333333333333333,0.12976243112301666,0.8976218791970819,0.1305971922928669,0.8828958887526779,0.1154139865936418,0.8926202850124224,0.12441787668679162,0.8996186011090439,8.225832992856057,8.414128666772204,0.2703510242517835,0.29746408205131436,-0.2581312232004219,-0.2852442809999528,0.0,28.819187970629343
S43A11T04,0.0,43013,0.16666666666666666,0.1453359041836333,0.8975350431258964,0.1497372459660994,0.8740593040392832,0.12625225060718287,0.8894458594872652,0.1407177327425457,0.8972134390391399,9.197943973536866,9.721115428985096,0.2890197029831027,0.3322582000721551,-0.27679990193174114,-0.32003839902079356,0.0,19.063484819615553
S43A11T04,0.0,43013,0.2,0.16123923161595408,0.89815351482764,0.17056206993319875,0.8638409611615192,0.13709051462072394,0.8862714339621078,0.1586355022040189,0.8942193315630799,10.17750026332908,11.169166543397937,0.3082437647981077,0.3681900111345349,-0.29602396374674617,-0.35597021008317337,0.0,8.420943608697002
S43A11T04,0.0,43013,0.23333333333333334,0.17754017774261677,0.8992829372821619,0.19301136939645708,0.8521979274135502,0.147928778634265,0.8830970084369506,0.17835818854221677,0.8904952510151763,11.167953964997652,12.761426621275126,0.3289251308625937,0.40519262234427206,-0.3167053298112321,-0.3929728212929105,0.0,-3.2020659357734473
S43A11T04,0.0,43013,0.26666666666666666,0.194403123486885,0.9006140916119619,0.21702418270454926,0.839088279994793,0.15876704264780608,0.8799225829117933,0.20008361284222967,0.8858667977594845,12.180760375806576,14.50135676344522,0.3521240832777855,0.44319949199266095,-0.33990428222642394,-0.4309796909412994,0.0,-15.921657346275836
S43A11T04,0.0,43013,0.3,0.21209209818440222,0.9017273252345833,0.2425389921329688,0.8244711154816986,0.16960530666134715,0.876748157386636,0.22401867047632082,0.8801187821985533,13.235761248954098,16.392577640706065,0.3789882134768599,0.48214452653843376,-0.36676841242549835,-0.4699247254870722,0.0,-29.878967827010257
S43A11T04,0.0,43013,0.3333333333333333,0.2309650446498879,0.902106097322929,0.26949383300427643,0.8083065577290045,0.18044357067488823,0.8735737318614787,0.2503761739745167,0.8729863727496124,14.360879384072406,18.438668889344125,0.4106633943554825,0.5219621732390672,-0.39844359330412094,-0.5097423721877057,0.0,-45.24184190051032
S43A11T04,0.0,43013,0.36666666666666664,0.251458604010764,0.9011595295877596,0.29782640086212564,0.7905557641873908,0.1912818346884293,0.8703993063363215,0.2793697088810715,0.8641446645442812,15.591172504934404,20.64291777572373,0.4481921004064153,0.5625875083047824,-0.4359722993550537,-0.5503677072534209,0.0,-62.20470119060364
S43A11T04,0.0,43013,0.4,0.27406343895783974,0.898253167662246,0.32747415643084654,0.7711809306314972,0.20212009870197037,0.8672248808111641,0.3112057374639772,0.8531965919236579,16.967321004453826,23.008011757140462,0.49240622555888897,0.6039563204726907,-0.4801864245075274,-0.5917365194213291,0.0,-80.98528825662068
S43A11T04,0.0,43013,0.43333333333333335,0.2992909441238277,0.8927464799620665,0.35837442811079123,0.7501452942993303,0.21295836271551144,0.8640504552860069,0.34607194613436,0.8396592425498689,18.53359368267653,25.535673072466388,0.5438229941521138,0.6460051899217896,-0.5316031931007522,-0.633785388870428,0.0,-101.81664324677634
S43A11T04,0.0,43013,0.4666666666666667,0.32763305931296205,0.8840349871725856,0.39046451177852387,0.7274131354511055,0.2237966267290525,0.8608760297608495,0.3841205467217399,0.8229488690598186,20.33525806137551,28.22623939796145,0.6025534208338696,0.6886715624717925,-0.5903336197825081,-0.676451761420431,0.0,-124.93250375355002
S43A11T04,0.0,43013,0.5,0.35951772990861297,0.8715943704498761,0.42368176768010324,0.70294977736245,0.23463489074259358,0.8577016042356923,0.4254449213426978,0.802365287387452,22.41530773473229,31.0782032917537,0.6682328676740679,0.7318938190299894,-0.6560130666227063,-0.7196740179786278,0.0,-150.5445187905559
S43A11T04,0.0,43013,0.5333333333333333,0.3952632645398912,0.855023498097745,0.45796371422503956,0.6767215847735608,0.24547315475613465,0.854527178710535,0.47004767961618465,0.7770769681235465,24.810322309921382,34.08773456238936,0.7399824376065404,0.7756113402704252,-0.7277626365551788,-0.7633915392190637,0.0,-178.81049597546786
S43A11T04,0.0,43013,0.5666666666666667,0.4350353368160756,0.8340830887999403,0.493248118507843,0.648695960822312,0.2563114187696757,0.8513527531853777,0.5177979482388728,0.7461090538924297,27.545335526749952,37.24822295555269,0.816408171620442,0.8197645665485991,-0.8041883705690804,-0.8075447654972375,0.0,-209.79458513932127
S43A11T04,0.0,43013,0.6,0.4788105867492435,0.8087267409573585,0.5294730834033217,0.6188413424953477,0.2671496827832168,0.8481783276602204,0.5683756722513316,0.708337864788753,30.627859634951545,40.54989162876323,0.8956423168639487,0.864295053072601,-0.8834225158125871,-0.8520752520212395,0.0,-243.4228849376458
S43A11T04,0.0,43013,0.6333333333333333,0.5263506369234873,0.7791213381341402,0.5665771311007968,0.5871271946368835,0.27798794679675787,0.8450039021350632,0.6212011055672334,0.6624972618378809,34.04176173723924,43.97954147945124,0.9754274488630398,0.9091455203681138,-0.9632076478116782,-0.8969257193167522,0.0,-279.44109772800243
S43A11T04,0.0,43013,0.6666666666666666,0.5771898148426886,0.7456544070084805,0.6044992829610969,0.5535240025601611,0.2888262108102989,0.8418294766099058,0.6753488666365599,0.6072045321251784,37.742432383738674,47.520488319678485,1.0532402251065756,0.9542599000900132,-1.041020424055214,-0.9420400990386516,0.0,-317.38367275298356
S43A11T04,0.0,43013,0.7,0.6306389694540767,0.7089268468634785,0.6431791355984662,0.5180032633113052,0.29966447482383995,0.8386550510847486,0.7294484481745126,0.5410160782790454,41.65528303682395,51.15274514648752,1.1264473888086275,0.9995833762474314,-1.114227587757266,-0.9873635751960699,0.0,-356.56502999633426
S43A11T04,0.0,43013,0.7333333333333333,0.6858065331445398,0.6697305264382982,0.6825569331073111,0.4805374756396141,0.31050273883738105,0.8354806255595912,0.7815775428978027,0.46252565327609263,45.67946807488082,54.85347821627256,1.1924827802420812,1.0450624219221258,-1.1802629791907198,-1.0328426208707644,0.0,-396.1015983060293
S43A11T04,0.0,43013,0.7666666666666667,0.7416365020753988,0.6290114783641252,0.7225736353709353,0.44110012873213644,0.32134100285092215,0.8323062000344339,0.8291616221534396,0.37051914909828815,49.69739440071161,58.597729827285285,1.2490310312165998,1.090644831571863,-1.2368112301652383,-1.0784250305205016,0.0,-434.9679484958073
S43A11T04,0.0,43013,0.8,0.7969614197666249,0.5878207056904733,0.7631709824060274,0.39966568977368444,0.3321792668644632,0.8291317745092767,0.8689031788209488,0.264198223566119,53.58835437329627,62.35935872742968,1.2942017702029878,1.136279749021324,-1.2819819691516263,-1.1240599479699624,0.0,-472.0821665406041
S43A11T04,0.0,43013,0.8333333333333334,0.8505669134265599,0.5472558192475706,0.804291554712623,0.3562095903962366,0.34301753087800435,0.8259573489841194,0.8967762210965533,0.14347768041207123,57.24272012437309,66.11211059941316,1.3266779095790056,1.1819176912528175,-1.314458108527644,-1.169697890201456,0.0,-506.40729652029313
S43A11T04,0.0,43013,0.8666666666666667,0.9012630248438953,0.5083977109952353,0.8458788296145328,0.31070821208399513,0.3538557948915454,0.8227829234589621,0.9081333048456275,0.009345380184963354,60.57288466795631,69.83070653673893,1.3458231209528213,1.2275105681179035,-1.3336033199014599,-1.215290767066542,0.0,-537.0503846241322
S43A11T04,0.0,43013,0.9,0.9479566648756524,0.4722471092776273,0.8878772335897582,0.26313887060218744,0.36469405890508644,0.8196084979338049,0.8979779294703113,-0.1357537243866827,63.51871992910195,73.49183402058782,1.3517369165703457,1.2730116980988815,-1.3395171155189842,-1.26079189704752,0.0,-563.3406874927573
S43A11T04,0.0,43013,0.9333333333333333,0.9897191384195119,0.4396660582305844,0.9302321906042472,0.21347979951905904,0.3755323229186275,0.8164340724086475,0.8614455189022379,-0.2875848630646211,66.04762081093362,77.07494367086451,1.3452505906893173,1.3183758202561564,-1.3330307896379558,-1.306156019204795,0.0,-584.8740960588067
S43A11T04,0.0,43013,0.9666666666666667,1.0258429170875636,0.4113290628874464,0.9728901664753722,0.16171013289142677,0.38637058693216864,0.8132596468834903,0.7945011871786382,-0.4399560194751033,68.15084802391121,80.56279038741538,1.3278631434899173,1.3635591025036085,-1.3156433424385559,-1.351339301452247,0.0,-601.5195932593767
S43A11T04,0.0,43013,1.0,1.0558826898479265,0.387687849769364,1.0157987093038379,0.10780988718464513,0.3972088509457097,0.8100852213583329,0.6947962678513252,-0.5848517604320879,69.83830813310942,83.9416995618996,1.3016225276969682,1.4085191463595257,-1.2894027266456067,-1.3962993453081642,0.0,-613.3923073389584
S43A11T04,0.0,43013,1.0333333333333334,1.0796771274423196,0.3689524791104205,1.0589064860242545,0.05175994249795024,0.4080471149592507,0.8069107958331756,0.5625362325168366,-0.7129841671498789,71.13342851934932,87.2015775333701,1.26840014862832,1.4532149883252634,-1.2561803475769586,-1.440995187273902,0.0,-620.8036661976827
S43A11T04,0.0,43014,0.0,0.07206093053947751,0.9053179871130516,0.07206093053947751,0.9053179871130516,0.07206093053947751,0.9053179871130516,0.07206093053947753,0.9053179871130516,4.55099821483214,4.55099821483214,0.19168283049676604,0.17100891263864793,-0.17946302944540451,-0.1587891115872864,0.0,114.19229879395945
S43A11T04,0.0,43014,0.03333333333333333,0.08553418112561394,0.9024727832908892,0.08445932521588193,0.9017142302072898,0.08289919455301858,0.9021435615878943,0.0835292816132717,0.9043319604071358,5.414182157558015,5.351013787608312,0.2119204898905077,0.21189238387882306,-0.19970068883914618,-0.19967258282746153,0.0,109.2601982106756
S43A11T04,0.0,43014,0.06666666666666667,0.09974837101133982,0.9001469781439974,0.09997705108505109,0.8972275737617638,0.09373745856655966,0.898969136062737,0.09598181498032002,0.9030951924873294,6.323343125541624,6.358175107432409,0.23213983332556465,0.25587787409009455,-0.21992003227420312,-0.24365807303873302,0.0,102.63927952810909
S43A11T04,0.0,43014,0.1,0.11453717019642132,0.8984976709119937,0.11861119630610027,0.8918214059212696,0.10457572258010073,0.8957947105375796,0.10956050110604576,0.9015486299130153,7.264672979208377,7.5758112279117045,0.25154392141336845,0.3029438265218194,-0.23932412036200693,-0.29072402547045784,0.0,94.08213291479916
S43A11T04,0.0,43014,0.13333333333333333,0.12976243112301666,0.8976218791970819,0.1403567730799773,0.8854587806225717,0.1154139865936418,0.8926202850124224,0.12441787668679162,0.8996186011090439,8.225832992856057,9.007188391894383,0.2703510242517835,0.35306599189683124,-0.2581312232004219,-0.3408461908454697,0.0,83.2696085394246
S43A11T04,0.0,43014,0.16666666666666666,0.1453359041836333,0.8975350431258964,0.16520664966253182,0.8781024288764164,0.12625225060718287,0.8894458594872652,0.1407177327425457,0.8972134390391399,9.197943973536866,10.655103998453283,0.2890197029831027,0.4062173524223414,-0.27679990193174114,-0.39399755137097986,0.0,69.81152526985797
S43A11T04,0.0,43014,0.2,0.16123923161595408,0.89815351482764,0.1931514815834261,0.8697147716137308,0.13709051462072394,0.8862714339621078,0.1586355022040189,0.8942193315630799,10.17750026332908,12.521370256233242,0.3082437647981077,0.46236804655780306,-0.29602396374674617,-0.4501482455064415,0.0,53.255086041503134
S43A11T04,0.0,43014,0.23333333333333334,0.17754017774261677,0.8992829372821619,0.22417964225679238,0.8602579342003094,0.147928778634265,0.8830970084369506,0.17835818854221677,0.8904952510151763,11.167953964997652,14.606189201742785,0.3289251308625937,0.5214852950219632,-0.3167053298112321,-0.5092654939706016,0.0,33.105556823349986
S43A11T04,0.0,43014,0.26666666666666666,0.194403123486885,0.9006140916119619,0.2582771532033548,0.8496937627248466,0.15876704264780608,0.8799225829117933,0.20008361284222967,0.8858667977594845,12.180760375806576,16.907435386121982,0.3521240832777855,0.5835333285798758,-0.33990428222642394,-0.5713135275285143,0.0,8.86401872342833
S43A11T04,0.0,43014,0.3,0.21209209818440222,0.9017273252345833,0.2954276141402491,0.837983842164828,0.16960530666134715,0.876748157386636,0.22401867047632082,0.8801187821985533,13.235761248954098,19.41988397610831,0.3789882134768599,0.6484733182117693,-0.36676841242549835,-0.6362535171604078,0.0,-19.914173660587522
S43A11T04,0.0,43014,0.3333333333333333,0.2309650446498879,0.902106097322929,0.3356121332339621,0.8250895165334097,0.18044357067488823,0.8735737318614787,0.2503761739745167,0.8729863727496124,14.360879384072406,22.134449135818286,0.4106633943554825,0.7162633083289304,-0.39844359330412094,-0.7040435072775688,0.0,-53.540059720592495
S43A11T04,0.0,43014,0.36666666666666664,0.251458604010764,0.9011595295877596,0.3788092578535883,0.8109719111078991,0.1912818346884293,0.8703993063363215,0.2793697088810715,0.8641446645442812,15.591172504934404,25.037526309140265,0.4481921004064153,0.7868581537666353,-0.4359722993550537,-0.7746383527152737,0.0,-92.09694045308689
S43A11T04,0.0,43014,0.4,0.27406343895783974,0.898253167662246,0.42499490620582747,0.795591956836643,0.20212009870197037,0.8672248808111641,0.3112057374639772,0.8531965919236579,16.967321004453826,28.110554754432588,0.49240622555888897,0.8602094613499371,-0.4801864245075274,-0.8479896602985756,0.0,-135.34591673750168
S43A11T04,0.0,43014,0.43333333333333335,0.2992909441238277,0.8927464799620665,0.47414230027962,0.7789104170159404,0.21295836271551144,0.8640504552860069,0.34607194613436,0.8396592425498689,18.53359368267653,31.32992281395017,0.5438229941521138,0.9362655368939938,-0.5316031931007522,-0.9240457358426323,0.0,-182.65369183339084
S43A11T04,0.0,43014,0.4666666666666667,0.32763305931296205,0.8840349871725856,0.5262219005767717,0.7608879163218993,0.2237966267290525,0.8608760297608495,0.3841205467217399,0.8229488690598186,20.33525806137551,34.66731736178986,0.6025534208338696,1.0149713385656376,-0.5903336197825081,-1.0027515375142761,0.0,-232.96891320028527
S43A11T04,0.0,43014,0.5,0.35951772990861297,0.8715943704498761,0.5812013431549905,0.7414849722738448,0.23463489074259358,0.8577016042356923,0.4254449213426978,0.802365287387452,22.41530773473229,38.09056524351787,0.6682328676740679,1.0962684375959133,-0.6560130666227063,-1.0840486365445519,0.0,-284.8682093491688
S43A11T04,0.0,43014,0.5333333333333333,0.3952632645398912,0.855023498097745,0.6390453795610198,0.7206620291958746,0.24547315475613465,0.854527178710535,0.47004767961618465,0.7770769681235465,24.810322309921382,41.56493346425468,0.7399824376065404,1.1800949873930653,-0.7277626365551788,-1.1678751863417038,0.0,-336.6775277023451
S43A11T04,0.0,43014,0.5666666666666667,0.4350353368160756,0.8340830887999403,0.6997158202834526,0.6983794947313687,0.2563114187696757,0.8513527531853777,0.5177979482388728,0.7461090538924297,27.545335526749952,45.0547643569441,0.816408171620442,1.2663857021605014,-0.8041883705690804,-1.25416590110914,0.0,-386.65211220654703
S43A11T04,0.0,43014,0.6,0.4788105867492435,0.8087267409573585,0.7631714824067257,0.6745977789516219,0.2671496827832168,0.8481783276602204,0.5683756722513316,0.708337864788753,30.627859634951545,48.525248497470685,0.8956423168639487,1.3550718461729958,-0.8834225158125871,-1.3428520451216344,0.0,-433.1782596761651
S43A11T04,0.0,43014,0.6333333333333333,0.5263506369234873,0.7791213381341402,0.8293681421989595,0.6492773360842639,0.27798794679675787,0.8450039021350632,0.6212011055672334,0.6624972618378809,34.04176173723924,51.94410644296905,0.9754274488630398,1.4460812349050451,-0.9632076478116782,-1.4338614338536837,0.0,-474.95145945313544
S43A11T04,0.0,43014,0.6666666666666666,0.5771898148426886,0.7456544070084805,0.8982584934158833,0.6223787088697265,0.2888262108102989,0.8418294766099058,0.6753488666365599,0.6072045321251784,37.742432383738674,55.28297180124635,1.0532402251065756,1.539338249235986,-1.041020424055214,-1.5271184481846245,0.0,-511.09314770092953
S43A11T04,0.0,43014,0.7,0.6306389694540767,0.7089268468634785,0.9697921121500758,0.5938625755347374,0.29966447482383995,0.8386550510847486,0.7294484481745126,0.5410160782790454,41.65528303682395,58.518334967640925,1.1264473888086275,1.6347638639751807,-1.114227587757266,-1.6225440629238193,0.0,-541.1884293003968
S43A11T04,0.0,43014,0.7333333333333333,0.6858065331445398,0.6697305264382982,1.0439154290980956,0.5636897993506946,0.31050273883738105,0.8354806255595912,0.7815775428978027,0.46252565327609263,45.67946807488082,61.6319961991656,1.1924827802420812,1.7322756919551927,-1.1802629791907198,-1.7200558909038313,0.0,-565.2502896715132
S43A11T04,0.0,43014,0.7666666666666667,0.7416365020753988,0.6290114783641252,1.1205717101565378,0.5318214807218953,0.32134100285092215,0.8323062000344339,0.8291616221534396,0.37051914909828815,49.69739440071161,64.61106139956598,1.2490310312165998,1.8317880449291861,-1.2368112301652383,-1.8195682438778247,0.0,-583.6326674928733
S43A11T04,0.0,43014,0.8,0.7969614197666249,0.5878207056904733,1.1997010462903805,0.49821901172403027,0.3321792668644632,0.8291317745092767,0.8689031788209488,0.264198223566119,53.58835437329627,67.44757383036567,1.2942017702029878,1.9332120124786756,-1.2819819691516263,-1.9209922114273141,0.0,-596.9207901026493
S43A11T04,0.0,43014,0.8333333333333334,0.8505669134265599,0.5472558192475706,1.2812403536417556,0.46284413298729493,0.34301753087800435,0.8259573489841194,0.8967762210965533,0.14347768041207123,57.24272012437309,70.13790223092415,1.3266779095790056,2.036455560087027,-1.314458108527644,-2.0242357590356654,0.0,-605.8235944566347
S43A11T04,0.0,43014,0.8666666666666667,0.9012630248438953,0.5083977109952353,1.365123384863021,0.4256589927910337,0.3538557948915454,0.8227829234589621,0.9081333048456275,0.009345380184963354,60.57288466795631,72.68200422259929,1.3458231209528213,2.1414236474606967,-1.3336033199014599,-2.129203846409335,0.0,-611.0843274000043
S43A11T04,0.0,43014,0.9,0.9479566648756524,0.4722471092776273,1.4512807526632545,0.3866262082082856,0.36469405890508644,0.8196084979338049,0.8979779294703113,-0.1357537243866827,63.51871992910195,75.08266338298026,1.3517369165703457,2.2480183680822887,-1.3395171155189842,-2.235798567030927,0.0,-613.4161087900242
S43A11T04,0.0,43014,0.9333333333333333,0.9897191384195119,0.4396660582305844,1.5396399665504275,0.34570892810913734,0.3755323229186275,0.8164340724086475,0.8614455189022379,-0.2875848630646211,66.04762081093362,77.34476988584092,1.3452505906893173,2.356139110855395,-1.3330307896379558,-2.343919309804033,0.0,-613.462170765667
S43A11T04,0.0,43014,0.9666666666666667,1.0258429170875636,0.4113290628874464,1.6301254837310815,0.30287089780173937,0.38637058693216864,0.8132596468834903,0.7945011871786382,-0.4399560194751033,68.15084802391121,79.47468644846676,1.3278631434899173,2.4656827445496052,-1.3156433424385559,-2.4534629434982436,0.0,-611.7764930462823
S43A11T04,0.0,43014,1.0,1.0558826898479265,0.387687849769364,1.7226587750937614,0.25807652505947787,0.3972088509457097,0.8100852213583329,0.6947962678513252,-0.5848517604320879,69.83830813310942,81.47971823099928,1.3016225276969682,2.576543825574131,-1.2894027266456067,-2.564324024522769,0.0,-608.8191751439124
S43A11T04,0.0,43014,1.0333333333333334,1.0796771274423196,0.3689524791104205,1.8171584071504272,0.21129094725251418,0.4080471149592507,0.8069107958331756,0.5625362325168366,-0.7129841671498789,71.13342851934932,83.36768890371022,1.26840014862832,2.6886148293998433,-1.2561803475769586,-2.6763950283484816,0.0,-604.961177497508
S43A11T04,0.01,43013,0.0,0.07206093053947751,0.9053179871130516,0.07206093053947751,0.9053179871130516,0.07206093053947751,0.9053179871130516,0.07206093053947753,0.9053179871130516,4.55099821483214,4.55099821483214,0.19168283049676604,0.17100891263864793,-0.17946302944540451,-0.1587891115872864,-71.94146141776456,137.0243358728091
S43A11T04,0.01,43013,0.03333333333333333,0.08553418112561394,0.9024727832908892,0.08394312181180831,0.9017873756302881,0.08289919455301858,0.9021435615878943,0.0835292816132717,0.9043319604071358,5.414182157558015,5.318068347647453,0.2119204898905077,0.20184000827786544,-0.19970068883914618,-0.1896202072265039,-81.7627589440469,138.54773220107285
S43A11T04,0.01,43013,0.06666666666666667,0.09974837101133982,0.9001469781439974,0.09786362438701121,0.8974614961858903,0.09373745856655966,0.898969136062737,0.09598181498032002,0.9030951924873294,6.323343125541624,6.223225522961958,0.23213983332556465,0.23402558384629973,-0.21992003227420312,-0.2218057827949382,-91.59173500587447,139.22977937853744
S43A11T04,0.01,43013,0.1,0.11453717019642132,0.8984976709119937,0.11374638698421777,0.8922155027095786,0.10457572258010073,0.8957947105375796,0.10956050110604576,0.9015486299130153,7.264672979208377,7.265307691298885,0.25154392141336845,0.26746885608601867,-0.23932412036200693,-0.2552490550346571,-101.42369379635493,139.1400830017202
S43A11T04,0.01,43013,0.13333333333333333,0.12976243112301666,0.8976218791970819,0.13151316289295167,0.8859239790439742,0.1154139865936418,0.8926202850124224,0.12441787668679162,0.8996186011090439,8.225832992856057,8.443749193498164,0.2703510242517835,0.30207223354388435,-0.2581312232004219,-0.2898524324925228,-111.25387706492236,138.33849002948637
S43A11T04,0.01,43013,0.16666666666666666,0.1453359041836333,0.8975350431258964,0.151083665002313,0.8784610688752026,0.12625225060718287,0.8894458594872652,0.1407177327425457,0.8972134390391399,9.197943973536866,9.758643959332657,0.2890197029831027,0.33773752695279474,-0.27679990193174114,-0.3255177259014332,-121.077475087302,136.8761316834554
S43A11T04,0.01,43013,0.2,0.16123923161595408,0.89815351482764,0.17237572660376954,0.8697006123463247,0.13709051462072394,0.8862714339621078,0.1586355022040189,0.8942193315630799,10.17750026332908,11.210799987465565,0.3082437647981077,0.3743661600371581,-0.29602396374674617,-0.36214635898579656,-130.8896381371159,134.7957578949418
S43A11T04,0.01,43013,0.23333333333333334,0.17754017774261677,0.8992829372821619,0.1953054673605657,0.8595162888716158,0.147928778634265,0.8830970084369506,0.17835818854221677,0.8904952510151763,11.167953964997652,12.801784859611656,0.3289251308625937,0.4118593797561888,-0.3167053298112321,-0.39963957870482725,-140.6854883983051,132.13123324363485
S43A11T04,0.01,43013,0.26666666666666666,0.194403123486885,0.9006140916119619,0.21978746379689168,0.8477817656050408,0.15876704264780608,0.8799225829117933,0.20008361284222967,0.8858667977594845,12.180760375806576,14.533960576379942,0.3521240832777855,0.4501184649905171,-0.33990428222642394,-0.43789866393915555,-150.4601322515127,128.90603738331177
S43A11T04,0.01,43013,0.3,0.21209209818440222,0.9017273252345833,0.24573492362385507,0.8343708509544235,0.16960530666134715,0.876748157386636,0.22401867047632082,0.8801187821985533,13.235761248954098,16.410504255814995,0.3789882134768599,0.4890449326785091,-0.36676841242549835,-0.47682513162714757,-160.20867286217472,125.13057964012553
S43A11T04,0.01,43013,0.3333333333333333,0.2309650446498879,0.902106097322929,0.27305986318752523,0.8191576524746089,0.18044357067488823,0.8735737318614787,0.2503761739745167,0.8729863727496124,14.360879384072406,18.435409136947825,0.4106633943554825,0.5285407404188899,-0.39844359330412094,-0.5163209393675283,-169.92622299342,120.79811050752721
S43A11T04,0.01,43013,0.36666666666666664,0.251458604010764,0.9011595295877596,0.30167328729740217,0.8020167384192198,0.1912818346884293,0.8703993063363215,0.2793697088810715,0.8641446645442812,15.591172504934404,20.61345781786918,0.4481921004064153,0.5685084845759005,-0.4359722993550537,-0.556288683524539,-179.60791796306793,115.87901326182634
S43A11T04,0.01,43013,0.4,0.27406343895783974,0.898253167662246,0.33148537067206874,0.7828233021822099,0.20212009870197037,0.8672248808111641,0.3112057374639772,0.8531965919236579,16.967321004453826,22.950156709761806,0.49240622555888897,0.6088515929522726,-0.4801864245075274,-0.5966317919009111,-189.24892866112594,110.31332150961521
S43A11T04,0.01,43013,0.43333333333333335,0.2992909441238277,0.8927464799620665,0.36240564022294064,0.7614533288181042,0.21295836271551144,0.8640504552860069,0.34607194613436,0.8396592425498689,18.53359368267653,25.451617376241447,0.5438229941521138,0.6494745111336164,-0.5316031931007522,-0.6372547100822549,-198.84447454228317,104.00148693922844
S43A11T04,0.01,43013,0.4666666666666667,0.32763305931296205,0.8840349871725856,0.3943431573872772,0.7377837627942885,0.2237966267290525,0.8608760297608495,0.3841205467217399,0.8229488690598186,20.33525806137551,28.12436699571104,0.6025534208338696,0.690282881655033,-0.5903336197825081,-0.6780630806036715,-208.3898365070252,96.79379263922769
S43A11T04,0.01,43013,0.5,0.35951772990861297,0.8715943704498761,0.42720669971821823,0.711692676100633,0.23463489074259358,0.8577016042356923,0.4254449213426978,0.802365287387452,22.41530773473229,30.975067166392083,0.6682328676740679,0.7311837151963854,-0.6560130666227063,-0.7189639141450238,-217.88036958517705,88.47946717048399
S43A11T04,0.01,43013,0.5333333333333333,0.3952632645398912,0.855023498097745,0.4609049409427643,0.6830594358216272,0.24547315475613465,0.854527178710535,0.47004767961618465,0.7770769681235465,24.810322309921382,34.01011863667789,0.7399824376065404,0.7720855530760531,-0.7277626365551788,-0.7598657520246915,-227.31151533693117,78.77759689350137
S43A11T04,0.01,43013,0.5666666666666667,0.4350353368160756,0.8340830887999403,0.495346628708383,0.651764870264543,0.2563114187696757,0.8513527531853777,0.5177979482388728,0.7461090538924297,27.545335526749952,37.23513083415477,0.816408171620442,0.81289862038333,-0.8041883705690804,-0.8006788193319685,-236.67881388871263,67.33339420610406
S43A11T04,0.01,43013,0.6,0.4788105867492435,0.8087267409573585,0.5304407592553111,0.6176914327342384,0.2671496827832168,0.8481783276602204,0.5683756722513316,0.708337864788753,30.627859634951545,40.654241476417845,0.8956423168639487,0.8535349691660188,-0.8834225158125871,-0.8413151681146572,-245.9779155245435,53.72512629852682
S43A11T04,0.01,43013,0.6333333333333333,0.5263506369234873,0.7791213381341402,0.5660967482745007,0.5807233620512793,0.27798794679675787,0.8450039021350632,0.6212011055672334,0.6624972618378809,34.04176173723924,44.269285745458085,0.9754274488630398,0.8939086111711636,-0.9632076478116782,-0.881688810119802,-255.20459175783802,37.48858325322857
S43A11T04,0.01,43013,0.6666666666666666,0.5771898148426886,0.7456544070084805,0.6022245972403291,0.5407468389251413,0.2888262108102989,0.8418294766099058,0.6753488666365599,0.6072045321251784,37.742432383738674,48.07883901851661,1.0532402251065756,0.9339356397221732,-1.041020424055214,-0.9217158386708116,-264.354745813714,18.166410330582124
S43A11T04,0.01,43013,0.7,0.6306389694540767,0.7089268468634785,0.6387350545423365,0.49765013731831775,0.29966447482383995,0.8386550510847486,0.7294484481745126,0.5410160782790454,41.65528303682395,52.07719303295228,1.1264473888086275,0.9735343404036085,-1.114227587757266,-0.961314539352247,-273.42442245785895,-4.612528385592384
S43A11T04,0.01,43013,0.7333333333333333,0.6858065331445398,0.6697305264382982,0.6755397707809858,0.4513237699699357,0.31050273883738105,0.8354806255595912,0.7815775428978027,0.46252565327609263,45.67946807488082,56.25337017492218,1.1924827802420812,1.012625290314483,-1.1802629791907198,-1.0004054892631216,-282.409817114636,-31.024959553412657
S43A11T04,0.01,43013,0.7666666666666667,0.7416365020753988,0.6290114783641252,0.7125514476382513,0.40166062728867913,0.32134100285092215,0.8323062000344339,0.8291616221534396,0.37051914909828815,49.69739440071161,60.59032611136464,1.2490310312165998,1.0511314457407956,-1.2368112301652383,-1.0389116446894342,-291.30728422433896,-60.92866163983507
S43A11T04,0.01,43013,0.8,0.7969614197666249,0.5878207056904733,0.749683979784203,0.3485561088738895,0.3321792668644632,0.8291317745092767,0.8689031788209488,0.264198223566119,53.58835437329627,65.0645221944865,1.2942017702029878,1.0889782181870393,-1.2819819691516263,-1.0767584171356779,-300.11334479719545,-93.74836870044567
S43A11T04,0.01,43013,0.8333333333333334,0.8505669134265599,0.5472558192475706,0.7868525893350253,0.2919082469800931,0.34301753087800435,0.8259573489841194,0.8967762210965533,0.14347768041207123,57.24272012437309,69.64604637120092,1.3266779095790056,1.1260935387934248,-1.314458108527644,-1.1138737377420633,-308.82469312972864,-128.41060491446507
S43A11T04,0.01,43013,0.8666666666666667,0.9012630248438953,0.5083977109952353,0.8239739524354089,0.23161782130313346,0.3538557948915454,0.8227829234589621,0.9081333048456275,0.009345380184963354,60.57288466795631,74.29940784311478,1.3458231209528213,1.162407911249461,-1.3336033199014599,-1.1501881101980995,-317.43820265730585,-163.3665359667557
S43A11T04,0.01,43013,0.9,0.9479566648756524,0.4722471092776273,0.8609663175983094,0.16758846453476273,0.36469405890508644,0.8196084979338049,0.8979779294703113,-0.1357537243866827,63.51871992910195,78.98502329217494,1.3517369165703457,1.1978544533943731,-1.3395171155189842,-1.1856346523430117,-325.95093092499394,-196.72463324400894
S43A11T04,0.01,43013,0.9333333333333333,0.9897191384195119,0.4396660582305844,0.8977496154968969,0.09972675820603771,0.3755323229186275,0.8164340724086475,0.8614455189022379,-0.2875848630646211,66.04762081093362,83.66127080301936,1.3452505906893173,1.2323689277696908,-1.3330307896379558,-1.2201491267183293,-334.3601236670719,-226.48119117410602
S43A11T04,0.01,43013,0.9666666666666667,1.0258429170875636,0.4113290628874464,0.9342455599664186,0.02794231841721939,0.38637058693216864,0.8132596468834903,0.7945011871786382,-0.4399560194751033,68.15084802391121,88.28685320311865,1.3278631434899173,1.2658897614584825,-1.3156433424385559,-1.253669960407121,-342.6632179936223,-250.79935850779452
S43A11T04,0.01,43013,1.0,1.0558826898479265,0.387687849769364,0.9703777400369062,-0.04785212886794188,0.3972088509457097,0.8100852213583329,0.6947962678513252,-0.5848517604320879,69.83830813310942,92.82313344815884,1.3016225276969682,1.2983580556084844,-1.2894027266456067,-1.286138254557123,-350.85784469039595,-268.26531978623166
S43A11T04,0.01,43013,1.0333333333333334,1.0796771274423196,0.3689524791104205,1.0060717028804698,-0.12774068320368415,0.4080471149592507,0.8069107958331756,0.5625362325168366,-0.7129841671498789,71.13342851934932,97.23611195048093,1.26840014862832,1.3297175850922827,-1.2561803475769586,-1.3174977840409212,-358.94182964555336,-278.0565144016711
S43A11T04,0.01,43014,0.0,0.07206093053947751,0.9053179871130516,0.07206093053947751,0.9053179871130516,0.07206093053947751,0.9053179871130516,0.07206093053947753,0.9053179871130516,4.55099821483214,4.55099821483214,0.19168283049676604,0.17100891263864793,-0.17946302944540451,-0.1587891115872864,129.16932244076636,-20.58438073356797
S43A11T04,0.01,43014,0.03333333333333333,0.08553418112561394,0.9024727832908892,0.08444071168317635,0.9022058056460986,0.08289919455301858,0.9021435615878943,0.0835292816132717,0.9043319604071358,5.414182157558015,5.3469433366989705,0.2119204898905077,0.21153688068433635,-0.19970068883914618,-0.19931707963297482,122.38674287876727,-20.762636691958406
S43A11T04,0.01,43014,0.06666666666666667,0.09974837101133982,0.9001469781439974,0.09990395897718249,0.8991784437291469,0.09373745856655966,0.898969136062737,0.09598181498032002,0.9030951924873294,6.323343125541624,6.339892326016633,0.23213983332556465,0.255150454991085,-0.21992003227420312,-0.2429306539397235,115.59280596368146,-23.422486880976805
S43A11T04,0.01,43014,0.1,0.11453717019642132,0.8984976709119937,0.11845006562052711,0.8961755222252658,0.10457572258010073,0.8957947105375796,0.10956050110604576,0.9015486299130153,7.264672979208377,7.5293036218935825,0.25154392141336845,0.30183355841949244,-0.23932412036200693,-0.2896137573681309,108.78825526439182,-28.713866340364447
S43A11T04,0.01,43014,0.13333333333333333,0.12976243112301666,0.8976218791970819,0.14007669345287815,0.8931354510850578,0.1154139865936418,0.8926202850124224,0.12441787668679162,0.8996186011090439,8.225832992856057,8.913487835613306,0.2703510242517835,0.3515677056923151,-0.2581312232004219,-0.33934790464095355,101.97379117012966,-36.80594916245114
S43A11T04,0.01,43014,0.16666666666666666,0.1453359041836333,0.8975350431258964,0.16477969731261488,0.8899953741413943,0.12625225060718287,0.8894458594872652,0.1407177327425457,0.8972134390391399,9.197943973536866,10.489344496123667,0.2890197029831027,0.40433190001604447,-0.27679990193174114,-0.3921120989646829,95.15007092539547,-47.87058293404162
S43A11T04,0.01,43014,0.2,0.16123923161595408,0.89815351482764,0.1925530463100154,0.8866911114537839,0.13709051462072394,0.8862714339621078,0.1586355022040189,0.8942193315630799,10.17750026332908,12.252069320980896,0.3082437647981077,0.46010252577782007,-0.29602396374674617,-0.4478827247264585,88.31770887094129,-62.059582464182455
S43A11T04,0.01,43014,0.23333333333333334,0.17754017774261677,0.8992829372821619,0.2233887419286476,0.8831570992188159,0.147928778634265,0.8830970084369506,0.17835818854221677,0.8904952510151763,11.167953964997652,14.19485628486928,0.3289251308625937,0.5188532373272461,-0.3167053298112321,-0.5066334362758845,81.47727688352838,-79.4762017392503
S43A11T04,0.01,43014,0.26666666666666666,0.194403123486885,0.9006140916119619,0.25727673287992636,0.8793263272816827,0.15876704264780608,0.8799225829117933,0.20008361284222967,0.8858667977594845,12.180760375806576,16.308626555449994,0.3521240832777855,0.5805548438888746,-0.33990428222642394,-0.568335042837513,74.62930500635707,-100.14239785533957
S43A11T04,0.01,43014,0.3,0.21209209818440222,0.9017273252345833,0.2942048266505055,0.8751302743051615,0.16960530666134715,0.876748157386636,0.22401867047632082,0.8801187821985533,13.235761248954098,18.58182274271835,0.3789882134768599,0.6451751906932948,-0.36676841242549835,-0.6329553896419332,67.77428226136752,-123.96518891614852
S43A11T04,0.01,43014,0.3333333333333333,0.2309650446498879,0.902106097322929,0.33415859770007367,0.870498840676907,0.18044357067488823,0.8735737318614787,0.2503761739745167,0.8729863727496124,14.360879384072406,21.000309791001612,0.4106633943554825,0.71267903646352,-0.39844359330412094,-0.7004592354121585,60.91265763405278,-150.70714860568876
S43A11T04,0.01,43014,0.36666666666666664,0.251458604010764,0.9011595295877596,0.3771212922885931,0.8653602792637607,0.1912818346884293,0.8703993063363215,0.2793697088810715,0.8641446645442812,15.591172504934404,23.547421011522605,0.4481921004064153,0.7830279274492965,-0.4359722993550537,-0.770808126397935,54.0448412209783,-179.96728895399173
S43A11T04,0.01,43014,0.4,0.27406343895783974,0.898253167662246,0.42307372993748243,0.8596411241533264,0.20212009870197037,0.8672248808111641,0.3112057374639772,0.8531965919236579,16.967321004453826,26.204177541828845,0.49240622555888897,0.8561800682657206,-0.4801864245075274,-0.843960267214359,47.17120552988438,-211.17855580891
S43A11T04,0.01,43014,0.43333333333333335,0.2992909441238277,0.8927464799620665,0.47199420155910843,0.8532661175585899,0.21295836271551144,0.8640504552860069,0.34607194613436,0.8396592425498689,18.53359368267653,28.949691680482072,0.5438229941521138,0.9320901898647226,-0.5316031931007522,-0.919870388813361,40.29208692202903,-243.62635527700198
S43A11T04,0.01,43014,0.4666666666666667,0.32763305931296205,0.8840349871725856,0.5238583643236893,0.846158135101184,0.2237966267290525,0.8608760297608495,0.3841205467217399,0.8229488690598186,20.33525806137551,31.76174094880716,0.6025534208338696,1.0107094150491938,-0.5903336197825081,-0.9984896139978322,33.40778718631884,-276.4889156298764
S43A11T04,0.01,43014,0.5,0.35951772990861297,0.8715943704498761,0.5786391333727615,0.8382381097333221,0.23463489074259358,0.8577016042356923,0.4254449213426978,0.802365287387452,22.41530773473229,34.61747444656198,0.6682328676740679,1.0919851220303245,-0.6560130666227063,-1.079765320978963,26.51857523475397,-308.89558959782664
S43A11T04,0.01,43014,0.5333333333333333,0.3952632645398912,0.855023498097745,0.6363065705342174,0.8294249546077073,0.24547315475613465,0.854527178710535,0.47004767961618465,0.7770769681235465,24.810322309921382,37.49419156152087,0.7399824376065404,1.1758608066296081,-0.7277626365551788,-1.1636410055782467,19.624688908773525,-339.9947887151346
S43A11T04,0.01,43014,0.5666666666666667,0.4350353368160756,0.8340830887999403,0.696827770246023,0.8196354852591665,0.2563114187696757,0.8513527531853777,0.5177979482388728,0.7461090538924297,27.545335526749952,40.37012062754323,0.816408171620442,1.2622759438383386,-0.8041883705690804,-1.2500561427869772,12.72633688622105,-369.02063962964206
S43A11T04,0.01,43014,0.6,0.4788105867492435,0.8087267409573585,0.7601667429545599,0.8087843415215508,0.2671496827832168,0.8481783276602204,0.5683756722513316,0.708337864788753,30.627859634951545,43.22512494930697,0.8956423168639487,1.351165849569597,-0.8834225158125871,-1.3389460485182356,5.823700678845564,-395.34764921443036
S43A11T04,0.01,43014,0.6333333333333333,0.5263506369234873,0.7791213381341402,0.8262842963195005,0.7967839096688023,0.27798794679675787,0.8450039021350632,0.6212011055672334,0.6624972618378809,34.04176173723924,46.041275746798064,0.9754274488630398,1.442461543570804,-0.9632076478116782,-1.4302417425194425,-1.083063289502745,-418.525615800361
S43A11T04,0.01,43014,0.6666666666666666,0.5771898148426886,0.7456544070084805,0.8951379146306473,0.7835442453401081,0.2888262108102989,0.8418294766099058,0.6753488666365599,0.6072045321251784,37.742432383738674,48.803252806441094,1.0532402251065756,1.5360896146088487,-1.041020424055214,-1.5238698135574873,-7.993821533535527,-438.2916650561917
S43A11T04,0.01,43014,0.7,0.6306389694540767,0.7089268468634785,0.966681636923535,0.7689729978858074,0.29966447482383995,0.8386550510847486,0.7294484481745126,0.5410160782790454,41.65528303682395,51.49855870688604,1.1264473888086275,1.631972089194298,-1.114227587757266,-1.6197522881429365,-14.908461295282219,-454.56105764540047
S43A11T04,0.01,43014,0.7333333333333333,0.6858065331445398,0.6697305264382982,1.040865934370099,0.7529753368531182,0.31050273883738105,0.8354806255595912,0.7815775428978027,0.46252565327609263,45.67946807488082,54.11755593570308,1.1924827802420812,1.7300263052755867,-1.1802629791907198,-1.7178065042242252,-21.82688827983545,-467.4019465341268
S43A11T04,0.01,43014,0.7666666666666667,0.7416365020753988,0.6290114783641252,1.1176375876184572,0.7354538814186449,0.32134100285092215,0.8323062000344339,0.8291616221534396,0.37051914909828815,49.69739440071161,56.653353927722975,1.2490310312165998,1.8301647925075142,-1.2368112301652383,-1.8179449914561527,-28.749024346626758,-477.0008756442335
S43A11T04,0.01,43014,0.8,0.7969614197666249,0.5878207056904733,1.1969395648618755,0.716308633667675,0.3321792668644632,0.8291317745092767,0.8689031788209488,0.264198223566119,53.58835437329627,59.10158313623378,1.2942017702029878,1.9322951608793244,-1.2819819691516263,-1.920075359827963,-35.67480516441667,-483.62559543537026
S43A11T04,0.01,43014,0.8333333333333334,0.8505669134265599,0.5472558192475706,1.2787109015310965,0.6954369167180056,0.34301753087800435,0.8259573489841194,0.8967762210965533,0.14347768041207123,57.24272012437309,61.4600959187944,1.3266779095790056,2.036319999674415,-1.314458108527644,-2.0241001986230533,-42.60417783782587,-487.5903227209162
S43A11T04,0.01,43014,0.8666666666666667,0.9012630248438953,0.5083977109952353,1.3628865826260594,0.6727333187877242,0.3538557948915454,0.8227829234589621,0.9081333048456275,0.009345380184963354,60.57288466795631,63.72863094313758,1.3458231209528213,2.1421367889237573,-1.3336033199014599,-2.1299169878723956,-49.53709851288746,-489.2266318009354
S43A11T04,0.01,43014,0.9,0.9479566648756524,0.4722471092776273,1.4493974288320175,0.6480896444111091,0.36469405890508644,0.8196084979338049,0.8979779294703113,-0.1357537243866827,63.51871992910195,65.90847123384705,1.3517369165703457,2.24963782570555,-1.3395171155189842,-2.2374180246541884,-56.47352996876523,-488.8613305391003
S43A11T04,0.01,43014,0.9333333333333333,0.9897191384195119,0.4396660582305844,1.538169987700262,0.6213948741133637,0.3755323229186275,0.8164340724086475,0.8614455189022379,-0.2875848630646211,66.04762081093362,68.002117997091,1.3452505906893173,2.3587101678307,-1.3330307896379558,-2.346490366779338,-63.413439202471714,-486.8012853631172
S43A11T04,0.01,43014,0.9666666666666667,1.0258429170875636,0.4113290628874464,1.629126431313884,0.5925351339618034,0.38637058693216864,0.8132596468834903,0.7945011871786382,-0.4399560194751033,68.15084802391121,70.01299456336304,1.3278631434899173,2.4692355976331024,-1.3156433424385559,-2.4570157965817407,-70.35679501312656,-483.3243061565355
S43A11T04,0.01,43014,1.0,1.0558826898479265,0.387687849769364,1.722184462002663,0.5613936765164678,0.3972088509457097,0.8100852213583329,0.6947962678513252,-0.5848517604320879,69.83830813310942,71.9451881290409,1.3016225276969682,2.5810906087502357,-1.2894027266456067,-2.568870807698874,-77.30356559203393,-478.6748190675835
S43A11T04,0.01,43014,1.0333333333333334,1.0796771274423196,0.3689524791104205,1.817257227816265,0.5278508748047999,0.4080471149592507,0.8069107958331756,0.5625362325168366,-0.7129841671498789,71.13342851934932,73.80323185832451,1.26840014862832,2.694146418927387,-1.2561803475769586,-2.6819266178760253,-84.25371612462355,-473.0630071336084
S43A11T04,0.1,43013,0.0,0.07206093053947751,0.9053179871130516,0.07206093053947751,0.9053179871130516,0.07206093053947751,0.9053179871130516,0.07206093053947753,0.9053179871130516,4.55099821483214,4.55099821483214,0.19168283049676604,0.17100891263864793,-0.17946302944540451,-0.1587891115872864,49.93007938785438,22.028530314230423
S43A11T04,0.1,43013,0.03333333333333333,0.08553418112561394,0.9024727832908892,0.08403373768732732,0.9020383790743195,0.08289919455301858,0.9021435615878943,0.0835292816132717,0.9043319604071358,5.414182157558015,5.32230328959707,0.2119204898905077,0.20356856349117697,-0.19970068883914618,-0.19134876243981544,33.54616588489818,28.78334608846528
S43A11T04,0.1,43013,0.06666666666666667,0.09974837101133982,0.9001469781439974,0.09821846270676808,0.898423882137922,0.09373745856655966,0.898969136062737,0.09598181498032002,0.9030951924873294,6.323343125541624,6.238974496711118,0.23213983332556465,0.23754713989775944,-0.21992003227420312,-0.2253273388463979,17.106645912418806,34.41186276283869
S43A11T04,0.1,43013,0.1,0.11453717019642132,0.8984976709119937,0.11452604681849093,0.8942859435054117,0.10457572258010073,0.8957947105375796,0.10956050110604576,0.9015486299130153,7.264672979208377,7.297817446446776,0.25154392141336845,0.2728155791432134,-0.23932412036200693,-0.26059577809185186,0.6242334527790825,39.07369704833012
S43A11T04,0.1,43013,0.13333333333333333,0.12976243112301666,0.8976218791970819,0.13286309679614622,0.8894337344002172,0.1154139865936418,0.8926202850124224,0.12441787668679162,0.8996186011090439,8.225832992856057,8.495988342349994,0.2703510242517835,0.30924137237031324,-0.2581312232004219,-0.2970215713189517,-15.888092476188119,42.91894029811037
S43A11T04,0.1,43013,0.16666666666666666,0.1453359041836333,0.8975350431258964,0.15313198992718657,0.8836742618352947,0.12625225060718287,0.8894458594872652,0.1407177327425457,0.8972134390391399,9.197943973536866,9.831158401474012,0.2890197029831027,0.34668880990368367,-0.27679990193174114,-0.3344690088523221,-32.417136586291825,46.09002478289636
S43A11T04,0.1,43013,0.2,0.16123923161595408,0.89815351482764,0.17523099450068175,0.8768124949660989,0.13709051462072394,0.8862714339621078,0.1586355022040189,0.8942193315630799,10.17750026332908,11.301669513533149,0.3082437647981077,0.3850192447933872,-0.29602396374674617,-0.37279944374202567,-48.949538659026324,48.72338664201245
S43A11T04,0.1,43013,0.23333333333333334,0.17754017774261677,0.8992829372821619,0.19905440608650685,0.8686515065467877,0.147928778634265,0.8830970084369506,0.17835818854221677,0.8904952510151763,11.167953964997652,12.906683962890567,0.3289251308625937,0.42409137427068394,-0.3167053298112321,-0.4118715732193224,-65.47182700959884,50.95071965949502
S43A11T04,0.1,43013,0.26666666666666666,0.194403123486885,0.9006140916119619,0.22449269980287573,0.8589926299462505,0.15876704264780608,0.8799225829117933,0.20008361284222967,0.8858667977594845,12.180760375806576,14.646330239430382,0.3521240832777855,0.46376153865257747,-0.33990428222642394,-0.4515417376012159,-81.97047358115765,52.89963142543266
S43A11T04,0.1,43013,0.3,0.21209209818440222,0.9017273252345833,0.2514326986917411,0.847635632106442,0.16960530666134715,0.876748157386636,0.22401867047632082,0.8801187821985533,13.235761248954098,16.521845874028084,0.3789882134768599,0.5038840370599822,-0.36676841242549835,-0.49166423600862064,-98.43195014055387,54.69348086822407
S43A11T04,0.1,43013,0.3333333333333333,0.2309650446498879,0.902106097322929,0.27975775823353666,0.8343789027371684,0.18044357067488823,0.8735737318614787,0.2503761739745167,0.8729863727496124,14.360879384072406,18.535716771947886,0.4106633943554825,0.5443114591274338,-0.39844359330412094,-0.5320916580760723,-114.84278502114636,56.45008806629248
S43A11T04,0.1,43013,0.36666666666666664,0.251458604010764,0.9011595295877596,0.3093479669336966,0.8190196599376743,0.1912818346884293,0.8703993063363215,0.2793697088810715,0.8641446645442812,15.591172504934404,20.69181052413072,0.4481921004064153,0.5848950316816384,-0.4359722993550537,-0.5726752306302768,-131.18961984223657,58.27885709479098
S43A11T04,0.1,43013,0.4,0.27406343895783974,0.898253167662246,0.34008036280316944,0.8013541723150964,0.20212009870197037,0.8672248808111641,0.3112057374639772,0.8531965919236579,16.967321004453826,22.995498404127726,0.49240622555888897,0.6254849791539716,-0.4801864245075274,-0.61326517810261,-147.45926562928403,60.27563506367589
S43A11T04,0.1,43013,0.43333333333333335,0.2992909441238277,0.8927464799620665,0.37182916543387134,0.7811779975324977,0.21295836271551144,0.8640504552860069,0.34607194613436,0.8396592425498689,18.53359368267653,25.453756863222655,0.5438229941521138,0.6659308962712639,-0.5316031931007522,-0.6537110952199023,-163.6387577643759,62.514347651160136
S43A11T04,0.1,43013,0.4666666666666667,0.32763305931296205,0.8840349871725856,0.4044660232381271,0.7582862370645849,0.2237966267290525,0.8608760297608495,0.3841205467217399,0.8229488690598186,20.33525806137551,28.07523388224319,0.6025534208338696,0.7060821313435368,-0.5903336197825081,-0.6938623302921753,-179.71540921245818,65.03412675971614
S43A11T04,0.1,43013,0.5,0.35951772990861297,0.8715943704498761,0.43786027527946425,0.7324738067677942,0.23463489074259358,0.8577016042356923,0.4254449213426978,0.802365287387452,22.41530773473229,30.87025803521903,0.6682328676740679,0.7457881782413094,-0.6560130666227063,-0.7335683771899478,-195.67686149522348,67.82035010738525
S43A11T04,0.1,43013,0.5333333333333333,0.3952632645398912,0.855023498097745,0.47187922697189405,0.7035357226842223,0.24547315475613465,0.854527178710535,0.47004767961618465,0.7770769681235465,24.810322309921382,33.85075812987765,0.7399824376065404,0.7848990749338352,-0.7277626365551788,-0.7726792738824736,-211.5111329206041,70.77790817400376
S43A11T04,0.1,43013,0.5666666666666667,0.4350353368160756,0.8340830887999403,0.5063884387677177,0.6712674012976845,0.2563114187696757,0.8513527531853777,0.5177979482388728,0.7461090538924297,27.545335526749952,37.030048670768345,0.816408171620442,0.8232658062489397,-0.8041883705690804,-0.8110460051975782,-227.20666362059606,73.69542233322272
S43A11T04,0.1,43013,0.6,0.4788105867492435,0.8087267409573585,0.5412520267920714,0.6354649732474542,0.2671496827832168,0.8481783276602204,0.5683756722513316,0.708337864788753,30.627859634951545,40.422421767385536,0.8956423168639487,0.8607407083211804,-0.8834225158125871,-0.8485209072698189,-242.75235700242754,76.20061880425615
S43A11T04,0.1,43013,0.6333333333333333,0.5263506369234873,0.7791213381341402,0.5763329742184362,0.5959256092842747,0.27798794679675787,0.8450039021350632,0.6212011055672334,0.6624972618378809,34.04176173723924,44.042471683279736,0.9754274488630398,0.8971778720242984,-0.9632076478116782,-0.8849580709729369,-258.1376172764818,77.71045685340334
S43A11T04,0.1,43013,0.6666666666666666,0.5771898148426886,0.7456544070084805,0.6114934520161528,0.552447857027935,0.2888262108102989,0.8418294766099058,0.6753488666365599,0.6072045321251784,37.742432383738674,47.90406896743614,1.0532402251065756,0.9324335425427672,-1.041020424055214,-0.9202137414914057,-273.3523827873588,77.38591221005194
S43A11T04,0.1,43013,0.7,0.6306389694540767,0.7089268468634785,0.6465951475419262,0.5048319868607454,0.29966447482383995,0.8386550510847486,0.7294484481745126,0.5410160782790454,41.65528303682395,52.01890616191789,1.1264473888086275,0.9663665121318694,-1.114227587757266,-0.9541467110805079,-288.3871549403735,74.11112438452517
S43A11T04,0.1,43013,0.7333333333333333,0.6858065331445398,0.6697305264382982,0.6814995992959545,0.45288034507172276,0.31050273883738105,0.8354806255595912,0.7815775428978027,0.46252565327609263,45.67946807488082,56.39457051596105,1.1924827802420812,0.9988385030517901,-1.1802629791907198,-0.9866187020004286,-303.233022583005,66.52879791991825
S43A11T04,0.1,43013,0.7666666666666667,0.7416365020753988,0.6290114783641252,0.716068536023448,0.39639771215781217,0.32134100285092215,0.8323062000344339,0.8291616221534396,0.37051914909828815,49.69739440071161,61.03217829443573,1.2490310312165998,1.0297145376435397,-1.2368112301652383,-1.0174947365921783,-317.8816817677128,53.173249721415175
S43A11T04,0.1,43013,0.8,0.7969614197666249,0.5878207056904733,0.7501642182177228,0.3351916639968017,0.3321792668644632,0.8291317745092767,0.8689031788209488,0.264198223566119,53.58835437329627,65.92374366843391,1.2942017702029878,1.0588632925469308,-1.2819819691516263,-1.0466434914955693,-332.3254508876152,32.73834881948045
S43A11T04,0.1,43013,0.8333333333333334,0.8505669134265599,0.5472558192475706,0.7836497799755306,0.2690729334375548,0.34301753087800435,0.8259573489841194,0.8967762210965533,0.14347768041207123,57.24272012437309,71.04964755563044,1.3266779095790056,1.0861574341458105,-1.314458108527644,-1.073937633094449,-346.5572812383947,4.484518948916332
S43A11T04,0.1,43013,0.8666666666666667,0.9012630248438953,0.5083977109952353,0.8163895690723488,0.19785576971246777,0.3538557948915454,0.8227829234589621,0.9081333048456275,0.009345380184963354,60.57288466795631,76.3767737811939,1.3458231209528213,1.1114739324643295,-1.3336033199014599,-1.099254131412968,-360.57076311725484,-31.282260413518543
S43A11T04,0.1,43013,0.9,0.9479566648756524,0.4722471092776273,0.8482494830682159,0.12135829296986378,0.36469405890508644,0.8196084979338049,0.8979779294703113,-0.1357537243866827,63.51871992910195,81.85799644567133,1.3517369165703457,1.1346943509296141,-1.3395171155189842,-1.1224745498782527,-374.36012762181963,-72.81917423478717
S43A11T04,0.1,43013,0.9333333333333333,0.9897191384195119,0.4396660582305844,0.8790972992260719,0.03940284115499837,0.3755323229186275,0.8164340724086475,0.8614455189022379,-0.2875848630646211,66.04762081093362,87.43361006123216,1.3452505906893173,1.155705109658549,-1.3330307896379558,-1.1434853086071874,-387.9202443577499,-116.85964469061378
S43A11T04,0.1,43013,0.9666666666666667,1.0258429170875636,0.4113290628874464,0.908802996026558,-0.0481836935587453,0.38637058693216864,0.8132596468834903,0.7945011871786382,-0.4399560194751033,68.15084802391121,93.03491499555503,1.3278631434899173,1.1743977202155,-1.3156433424385559,-1.1621779191641386,-401.24661530302023,-158.99306291854646
S43A11T04,0.1,43013,1.0,1.0558826898479265,0.387687849769364,0.9372390640972568,-0.14156954156931845,0.3972088509457097,0.8100852213583329,0.6947962678513252,-0.5848517604320879,69.83830813310942,98.58956822272036,1.3016225276969682,1.1906689901182597,-1.2894027266456067,-1.1784491890668982,-414.33536510894794,-194.48456353704944
S43A11T04,0.1,43013,1.0333333333333334,1.0796771274423196,0.3689524791104205,0.9642808044410096,-0.24091774859310577,0.4080471149592507,0.8069107958331756,0.5625362325168366,-0.7129841671498789,71.13342851934932,104.02771755438303,1.26840014862832,1.2044211957342468,-1.2561803475769586,-1.1922013946828853,-427.1832281430742,-219.27530511803627
S43A11T04,0.1,43014,0.0,0.07206093053947751,0.9053179871130516,0.07206093053947751,0.9053179871130516,0.07206093053947751,0.9053179871130516,0.07206093053947753,0.9053179871130516,4.55099821483214,4.55099821483214,0.19168283049676604,0.17100891263864793,-0.17946302944540451,-0.1587891115872864,335.8318384433106,-241.11746492952562
S43A11T04,0.1,43014,0.03333333333333333,0.08553418112561394,0.9024727832908892,0.08431910995071762,0.902479506214015,0.08289919455301858,0.9021435615878943,0.0835292816132717,0.9043319604071358,5.414182157558015,5.33767789605593,0.2119204898905077,0.20919967246585397,-0.19970068883914618,-0.19697987141449244,325.61326956093524,-238.7101044682005
S43A11T04,0.1,43014,0.06666666666666667,0.09974837101133982,0.9001469781439974,0.09941965323489393,0.9002504375315761,0.09373745856655966,0.898969136062737,0.09598181498032002,0.9030951924873294,6.323343125541624,6.301954214727614,0.23213983332556465,0.2502641544510102,-0.21992003227420312,-0.23804435339964866,315.3409848461211,-238.81573631967873
S43A11T04,0.1,43014,0.1,0.11453717019642132,0.8984976709119937,0.11736524710376094,0.8985359747409216,0.10457572258010073,0.8957947105375796,0.10956050110604576,0.9015486299130153,7.264672979208377,7.44174695277808,0.25154392141336845,0.2941912421364529,-0.23932412036200693,-0.28197144108509137,305.0181456659339,-241.45766550456813
S43A11T04,0.1,43014,0.13333333333333333,0.12976243112301666,0.8976218791970819,0.13815701825171467,0.8972397822606734,0.1154139865936418,0.8926202850124224,0.12441787668679162,0.8996186011090439,8.225832992856057,8.753655899556806,0.2703510242517835,0.3409673717548134,-0.2581312232004219,-0.32874757070345184,294.6478728053473,-246.6519234592366
S43A11T04,0.1,43014,0.16666666666666666,0.1453359041836333,0.8975350431258964,0.1617944330528185,0.8962638942590605,0.12625225060718287,0.8894458594872652,0.1407177327425457,0.8972134390391399,9.197943973536866,10.232884046497002,0.2890197029831027,0.3905763744246884,-0.27679990193174114,-0.37835657337332684,284.2332362540311,-254.39628856938145
S43A11T04,0.1,43014,0.2,0.16123923161595408,0.89815351482764,0.18827519074046484,0.895508604182861,0.13709051462072394,0.8862714339621078,0.1586355022040189,0.8942193315630799,10.17750026332908,11.873160781429885,0.3082437647981077,0.44299930779102914,-0.29602396374674617,-0.4307795067396676,273.77724563323613,-264.65714828303203
S43A11T04,0.1,43014,0.23333333333333334,0.17754017774261677,0.8992829372821619,0.21759510961402365,0.8948723440114192,0.147928778634265,0.8830970084369506,0.17835818854221677,0.8904952510151763,11.167953964997652,13.666680092345885,0.3289251308625937,0.49821427640885196,-0.3167053298112321,-0.4859944753574904,263.2828413371988,-277.35535907685903
S43A11T04,0.1,43014,0.26666666666666666,0.194403123486885,0.9006140916119619,0.2497480057892998,0.8942515523549605,0.15876704264780608,0.8799225829117933,0.20008361284222967,0.8858667977594845,12.180760375806576,15.604070577704345,0.3521240832777855,0.5561962401302589,-0.33990428222642394,-0.5439764390788974,252.75288645340274,-292.3527062143426
S43A11T04,0.1,43014,0.3,0.21209209818440222,0.9017273252345833,0.284725563980898,0.8935405304247631,0.16960530666134715,0.876748157386636,0.22401867047632082,0.8801187821985533,13.235761248954098,17.674414143933035,0.3789882134768599,0.6169168097153102,-0.36676841242549835,-0.6046970086639486,242.19015951540476,-309.4409307449004
S43A11T04,0.1,43014,0.3333333333333333,0.2309650446498879,0.902106097322929,0.32251719977472904,0.8926312848018977,0.18044357067488823,0.8735737318614787,0.2503761739745167,0.8729863727496124,14.360879384072406,19.86532816977364,0.4106633943554825,0.6803440288473768,-0.39844359330412094,-0.6681242277960152,231.59734813093584,-328.335435345418
S43A11T04,0.1,43014,0.36666666666666664,0.251458604010764,0.9011595295877596,0.36310991281798255,0.8914133558206783,0.1912818346884293,0.8703993063363215,0.2793697088810715,0.8641446645442812,15.591172504934404,22.16312138348971,0.4481921004064153,0.7464421416937903,-0.4359722993550537,-0.7342223406424288,220.9770435168934,-348.67556356280363
S43A11T04,0.1,43014,0.4,0.27406343895783974,0.898253167662246,0.40648813032209624,0.8897736302622132,0.20212009870197037,0.8672248808111641,0.3112057374639772,0.8531965919236579,16.967321004453826,24.553026890231465,0.49240622555888897,0.8151713451136169,-0.4801864245075274,-0.8029515440622553,210.33173596181652,-370.0326860845431
S43A11T04,0.1,43014,0.43333333333333335,0.2992909441238277,0.8927464799620665,0.45263354024179725,0.8875961369221493,0.21295836271551144,0.8640504552860069,0.34607194613436,0.8396592425498689,18.53359368267653,27.019507376998785,0.5438229941521138,0.8864875245772476,-0.5316031931007522,-0.874267723525886,199.66381122569703,-391.92625380747745
S43A11T04,0.1,43014,0.4666666666666667,0.32763305931296205,0.8840349871725856,0.5015249134605078,0.8847618234746959,0.2237966267290525,0.8608760297608495,0.3841205467217399,0.8229488690598186,20.33525806137551,29.54661868160873,0.6025534208338696,0.9603419728285649,-0.5903336197825081,-0.9481221717772034,188.97554787669102,-413.8466643354762
S43A11T04,0.1,43014,0.5,0.35951772990861297,0.8715943704498761,0.553137914279749,0.8811483129024208,0.23463489074259358,0.8577016042356923,0.4254449213426978,0.802365287387452,22.41530773473229,32.118410117016,0.6682328676740679,1.0366810902915233,-0.6560130666227063,-1.0244612892401619,178.26911555459975,-435.28252835238567
S43A11T04,0.1,43014,0.5333333333333333,0.3952632645398912,0.855023498097745,0.6074448984782772,0.8766296375985452,0.24547315475613465,0.854527178710535,0.47004767961618465,0.7770769681235465,24.810322309921382,34.71933464529601,0.7399824376065404,1.1154460662014414,-0.7277626365551788,-1.10322626515008,167.54657414202092,-455.7490436612762
S43A11T04,0.1,43014,0.5666666666666667,0.4350353368160756,0.8340830887999403,0.6644146981763804,0.8710759490765199,0.2563114187696757,0.8513527531853777,0.5177979482388728,0.7461090538924297,27.545335526749952,37.334640241648906,0.816408171620442,1.1965725394302833,-0.8041883705690804,-1.1843527383789219,156.80987381591729,-474.81393823102695
S43A11T04,0.1,43014,0.6,0.4788105867492435,0.8087267409573585,0.724012392713195,0.8643532010421303,0.2671496827832168,0.8481783276602204,0.5683756722513316,0.708337864788753,30.627859634951545,39.950715917847965,0.8956423168639487,1.2799902379787313,-0.8834225158125871,-1.26777043692737,146.0608559450835,-492.11790558497285
S43A11T04,0.1,43014,0.6333333333333333,0.5263506369234873,0.7791213381341402,0.7861990647215428,0.8563228033987432,0.27798794679675787,0.8450039021350632,0.6212011055672334,0.6624972618378809,34.04176173723924,42.5553714215159,0.9754274488630398,1.365622596131201,-0.9632076478116782,-1.3534027950798395,135.30125479266238,-507.38749646825045
S43A11T04,0.1,43014,0.6666666666666666,0.5771898148426886,0.7456544070084805,0.8509315405676323,0.8468412445702009,0.2888262108102989,0.8418294766099058,0.6753488666365599,0.6072045321251784,37.742432383738674,45.13803746074808,1.0532402251065756,1.4533863483198772,-1.041020424055214,-1.4411665472685158,124.53269997747313,-520.4397637518794
S43A11T04,0.1,43014,0.7,0.6306389694540767,0.7089268468634785,0.9181621143145235,0.8357596793433886,0.29966447482383995,0.8386550510847486,0.7294484481745126,0.5410160782790454,41.65528303682395,47.68988194673637,1.1264473888086275,1.543191098828978,-1.114227587757266,-1.5309712977776166,113.75671964348841,-531.1792467300504
S43A11T04,0.1,43014,0.7333333333333333,0.6858065331445398,0.6697305264382982,0.9878382543718729,0.8229234792606279,0.31050273883738105,0.8354806255595912,0.7815775428978027,0.46252565327609263,45.67946807488082,50.20384576356929,1.1924827802420812,1.634938866601835,-1.1802629791907198,-1.6227190655504735,102.97474428327881,-539.5888522514831
S43A11T04,0.1,43014,0.7666666666666667,0.7416365020753988,0.6290114783641252,1.0599022920143923,0.8081717424402098,0.32134100285092215,0.8323062000344339,0.8291616221534396,0.37051914909828815,49.69739440071161,52.67460788276311,1.2490310312165998,1.728523604604947,-1.2368112301652383,-1.7163038035535856,92.18811115863059,-545.7167028268997
S43A11T04,0.1,43014,0.8,0.7969614197666249,0.5878207056904733,1.134291090993095,0.79133675958398,0.3321792668644632,0.8291317745092767,0.8689031788209488,0.264198223566119,53.58835437329627,55.09849367691191,1.2942017702029878,1.8238306934724051,-1.2819819691516263,-1.8116108924210437,81.39806925974253,-549.6610793737219
S43A11T04,0.1,43014,0.8333333333333334,0.8505669134265599,0.5472558192475706,1.2109356975337375,0.772243432860234,0.34301753087800435,0.8259573489841194,0.8967762210965533,0.14347768041207123,57.24272012437309,57.47334200366335,1.3266779095790056,1.9207364095230077,-1.314458108527644,-1.9085166084716463,70.60578474338747,-551.5552971987111
S43A11T04,0.1,43014,0.8666666666666667,0.9012630248438953,0.5083977109952353,1.2897609701245933,0.7507086443492199,0.3538557948915454,0.8227829234589621,0.9081333048456275,0.009345380184963354,60.57288466795631,59.79834636941314,1.3458231209528213,2.0191073677381133,-1.3336033199014599,-2.0068875666867516,59.812346790094324,-551.5538719647212
S43A11T04,0.1,43014,0.9,0.9479566648756524,0.4722471092776273,1.3706851886518419,0.7265405708341566,0.36469405890508644,0.8196084979338049,0.8979779294703113,-0.1357537243866827,63.51871992910195,62.07388379555502,1.3517369165703457,2.1187999409443443,-1.3395171155189842,-2.1065801398929827,49.01877382068983,-549.8208030551352
S43A11T04,0.1,43014,0.9333333333333333,0.9897191384195119,0.4396660582305844,1.4536196426590928,0.6995379419468203,0.3755323229186275,0.8164340724086475,0.8614455189022379,-0.2875848630646211,66.04762081093362,64.30134249822042,1.3452505906893173,2.219659657302486,-1.3330307896379558,-2.207439856251124,38.22602001336332,-546.5203297530036
S43A11T04,0.1,43014,0.9666666666666667,1.0258429170875636,0.4113290628874464,1.538468198804888,0.6694892390759902,0.38637058693216864,0.8132596468834903,0.7945011871786382,-0.4399560194751033,68.15084802391121,66.48295668083193,1.3278631434899173,2.3215205793116396,-1.3156433424385559,-2.309300778260278,27.43498206369418,-541.8101564645581
S43A11T04,0.1,43014,1.0,1.0558826898479265,0.387687849769364,1.6251268479891576,0.6361718330722165,0.3972088509457097,0.8100852213583329,0.6947962678513252,-0.5848517604320879,69.83830813310942,68.62165401795063,1.3016225276969682,2.4242046689545638,-1.2894027266456067,-2.411984867903202,16.646506131741223,-535.8369103573336
S43A11T04,0.1,43014,1.0333333333333334,1.0796771274423196,0.3689524791104205,1.7134832331419365,0.5993510596982632,0.4080471149592507,0.8069107958331756,0.5625362325168366,-0.7129841671498789,71.13342851934932,70.72091902158533,1.26840014862832,2.527521145405159,-1.2561803475769586,-2.5153013443537975,5.861394922246481,-528.7334742879252
S43A11T04,1.0,43013,0.0,0.07206093053947751,0.9053179871130516,0.07206093053947751,0.9053179871130516,0.07206093053947751,0.9053179871130516,0.07206093053947753,0.9053179871130516,4.55099821483214,4.55099821483214,0.19168283049676604,0.17100891263864793,-0.17946302944540451,-0.1587891115872864,98.62858056388909,-45.22773873653397
S43A11T04,1.0,43013,0.03333333333333333,0.08553418112561394,0.9024727832908892,0.0838263928250374,0.9018601454938053,0.08289919455301858,0.9021435615878943,0.0835292816132717,0.9043319604071358,5.414182157558015,5.310289436792519,0.2119204898905077,0.19956789349767712,-0.19970068883914618,-0.1873480924463156,83.30335729464052,-38.74936391143761
S43A11T04,1.0,43013,0.06666666666666667,0.09974837101133982,0.9001469781439974,0.09738535748753577,0.8976778898228325,0.09373745856655966,0.898969136062737,0.09598181498032002,0.9030951924873294,6.323343125541624,6.191567760574006,0.23213983332556465,0.22906978104662795,-0.21992003227420312,-0.21684997999526642,67.81401754718033,-32.783142342855584
S43A11T04,1.0,43013,0.1,0.11453717019642132,0.8984976709119937,0.11264098915306268,0.892533777198401,0.10457572258010073,0.8957947105375796,0.10956050110604576,0.9015486299130153,7.264672979208377,7.192907362367669,0.25154392141336845,0.25935076809211155,-0.23932412036200693,-0.24713096704075002,52.175116274972545,-27.141138145153512
S43A11T04,1.0,43013,0.13333333333333333,0.12976243112301666,0.8976218791970819,0.12948910887429174,0.8861890210005962,0.1154139865936418,0.8926202850124224,0.12441787668679162,0.8996186011090439,8.225832992856057,8.313174467045572,0.2703510242517835,0.29023962692540806,-0.2581312232004219,-0.2780198258740465,36.40250088543709,-21.63768154807873
S43A11T04,1.0,43013,0.16666666666666666,0.1453359041836333,0.8975350431258964,0.1478182081978175,0.878403609721386,0.12625225060718287,0.8894458594872652,0.1407177327425457,0.8972134390391399,9.197943973536866,9.552265963769406,0.2890197029831027,0.3215581421557969,-0.27679990193174114,-0.30933834110443537,20.513245464510124,-16.083319675660807
S43A11T04,1.0,43013,0.2,0.16123923161595408,0.89815351482764,0.16750951175493217,0.8689364473211717,0.13709051462072394,0.8862714339621078,0.1586355022040189,0.8942193315630799,10.17750026332908,10.911363014202418,0.3082437647981077,0.35312164063336715,-0.29602396374674617,-0.3409018395820056,4.52556122734331,-10.277434170187313
S43A11T04,1.0,43013,0.23333333333333334,0.17754017774261677,0.8992829372821619,0.18843709370683542,0.8575455193339521,0.147928778634265,0.8830970084369506,0.17835818854221677,0.8904952510151763,11.167953964997652,12.393211205532536,0.3289251308625937,0.3847396237683376,-0.3167053298112321,-0.37251982271697603,-11.54131631349811,-3.999339369551981
S43A11T04,1.0,43013,0.26666666666666666,0.194403123486885,0.9006140916119619,0.210468053291688,0.8439880889105362,0.15876704264780608,0.8799225829117933,0.20008361284222967,0.8858667977594845,12.180760375806576,14.002440755972899,0.3521240832777855,0.4162165059449965,-0.33990428222642394,-0.40399670489363493,-27.667262143220558,3.0024210649426983
S43A11T04,1.0,43013,0.3,0.21209209818440222,0.9017273252345833,0.2334627544550647,0.8280209268222936,0.16960530666134715,0.876748157386636,0.22401867047632082,0.8801187821985533,13.235761248954098,15.745942607218314,0.3789882134768599,0.4473524606630464,-0.36676841242549835,-0.43513265961168485,-43.83141635411425,11.022883421321154
S43A11T04,1.0,43013,0.3333333333333333,0.2309650446498879,0.902106097322929,0.2572751340686653,0.8094005791283676,0.18044357067488823,0.8735737318614787,0.2503761739745167,0.8729863727496124,14.360879384072406,17.63331891642685,0.4106633943554825,0.4779443735189161,-0.39844359330412094,-0.46572457246755455,-60.01235563525204,20.41575730159945
S43A11T04,1.0,43013,0.36666666666666664,0.251458604010764,0.9011595295877596,0.2817530825305149,0.7878836757220034,0.1912818346884293,0.8703993063363215,0.2793697088810715,0.8641446645442812,15.591172504934404,19.677429238136316,0.4481921004064153,0.5077868981926239,-0.4359722993550537,-0.49556709714126235,-76.18827801842332,31.610549676407004
S43A11T04,1.0,43013,0.4,0.27406343895783974,0.898253167662246,0.3067388995762766,0.7632272823062289,0.20212009870197037,0.8672248808111641,0.3112057374639772,0.8531965919236579,16.967321004453826,21.895055847221336,0.49240622555888897,0.5366736082913062,-0.4801864245075274,-0.5244538072399446,-92.33719670438913,45.130413854307136
S43A11T04,1.0,43013,0.43333333333333335,0.2992909441238277,0.8927464799620665,0.33206982690834624,0.7351892975017913,0.21295836271551144,0.8640504552860069,0.34607194613436,0.8396592425498689,18.53359368267653,24.307711553731917,0.5438229941521138,0.5643982343118297,-0.5316031931007522,-0.5521784332604681,-108.4371384170632,61.60713313822568
S43A11T04,1.0,43013,0.4666666666666667,0.32763305931296205,0.8840349871725856,0.3575786577720305,0.7035288957651639,0.2237966267290525,0.8608760297608495,0.3841205467217399,0.8229488690598186,20.33525806137551,26.942607547029116,0.6025534208338696,0.5907559712501392,-0.5903336197825081,-0.5785361701987777,-124.46634155714702,81.78498994031062
S43A11T04,1.0,43013,0.5,0.35951772990861297,0.8715943704498761,0.3830944218958048,0.6680070156054725,0.23463489074259358,0.8577016042356923,0.4254449213426978,0.802365287387452,22.41530773473229,29.83378039574836,0.6682328676740679,0.6155448386651738,-0.6560130666227063,-0.6033250376138123,-140.40344946226068,106.49620739571554
S43A11T04,1.0,43013,0.5333333333333333,0.3952632645398912,0.855023498097745,0.40844314230108925,0.6283868912606425,0.24547315475613465,0.854527178710535,0.47004767961618465,0.7770769681235465,24.810322309921382,33.02333316787963,0.7399824376065404,0.6385670714889369,-0.7277626365551788,-0.6263472704375753,-156.22769432385928,136.5738736125262
S43A11T04,1.0,43013,0.5666666666666667,0.4350353368160756,0.8340830887999403,0.4334486584288022,0.5844346245603578,0.2563114187696757,0.8513527531853777,0.5177979482388728,0.7461090538924297,27.545335526749952,36.56265178466409,0.816408171620442,0.6596305167690183,-0.8041883705690804,-0.6474107157176567,-171.91906774378748,172.63928793079663
S43A11T04,1.0,43013,0.6,0.4788105867492435,0.8087267409573585,0.4579335078943047,0.5359197922126304,0.2671496827832168,0.8481783276602204,0.5683756722513316,0.708337864788753,30.627859634951545,40.513273645914374,0.8956423168639487,0.6785500090494628,-0.8834225158125871,-0.6663302079981013,-187.45847450414493,214.65635710435095
S43A11T04,1.0,43013,0.6333333333333333,0.5263506369234873,0.7791213381341402,0.4817198570530913,0.4826160822575993,0.27798794679675787,0.8450039021350632,0.6212011055672334,0.6624972618378809,34.04176173723924,44.94675101815232,0.9754274488630398,0.6951486954456231,-0.9632076478116782,-0.6829288943942615,-202.82786683263473,261.0944561349701
S43A11T04,1.0,43013,0.6666666666666666,0.5771898148426886,0.7456544070084805,0.5046304685319762,0.42430195199973963,0.2888262108102989,0.8418294766099058,0.6753488666365599,0.6072045321251784,37.742432383738674,49.9423014879842,1.0532402251065756,0.7092592808282151,-1.041020424055214,-0.6970394797768535,-218.01035722559837,307.5324831274289
S43A11T04,1.0,43013,0.7,0.6306389694540767,0.7089268468634785,0.5264896920564293,0.36076129842562465,0.29966447482383995,0.8386550510847486,0.7294484481745126,0.5410160782790454,41.65528303682395,55.580275751598904,1.1264473888086275,0.7207251640377843,-1.114227587757266,-0.7085053629864227,-232.99030869493455,344.72178710459775
S43A11T04,1.0,43013,0.7333333333333333,0.6858065331445398,0.6697305264382982,0.5471244633866608,0.29178413100700384,0.31050273883738105,0.8354806255595912,0.7815775428978027,0.46252565327609263,45.67946807488082,61.92878355570865,1.1924827802420812,0.729401437780809,-1.1802629791907198,-0.7171816367294475,-247.7534020881009,356.81318312181475
S43A11T04,1.0,43013,0.7666666666666667,0.7416365020753988,0.6290114783641252,0.5663652950592206,0.2171672359428879,0.32134100285092215,0.8323062000344339,0.8291616221534396,0.37051914909828815,49.69739440071161,69.02116700042605,1.2490310312165998,0.7351557278184649,-1.2368112301652383,-0.7229359267671034,-262.2866808533438,321.9218336046697
S43A11T04,1.0,43013,0.8,0.7969614197666249,0.5878207056904733,0.5840472419999482,0.1367148203658708,0.3321792668644632,0.8291317745092767,0.8689031788209488,0.264198223566119,53.58835437329627,76.82531556292764,1.2942017702029878,0.7378688511751178,-1.2819819691516263,-0.7256490501237562,-276.57857425448213,218.70643753909155
S43A11T04,1.0,43013,0.8333333333333334,0.8505669134265599,0.5472558192475706,0.6000108249902927,0.050239124870673724,0.34301753087800435,0.8259573489841194,0.8967762210965533,0.14347768041207123,57.24272012437309,85.21376774662923,1.3266779095790056,0.7374352782119113,-1.314458108527644,-0.7252154771605498,-290.61890055987226,40.79612177013206
S43A11T04,1.0,43013,0.8666666666666667,0.9012630248438953,0.5083977109952353,0.6141028954680712,-0.04243900705609338,0.3538557948915454,0.8227829234589621,0.9081333048456275,0.009345380184963354,60.57288466795631,93.953272551888,1.3458231209528213,0.7337633893033644,-1.3336033199014599,-0.7215435882520028,-304.398852127415,-188.1829650080166
S43A11T04,1.0,43013,0.9,0.9479566648756524,0.4722471092776273,0.6261774262307144,-0.1414896135091267,0.36469405890508644,0.8196084979338049,0.8979779294703113,-0.1357537243866827,63.51871992910195,102.73260110352805,1.3517369165703457,0.7267755232331866,-1.3395171155189842,-0.7145557221818251,-317.91096457963,-415.8611225271668
S43A11T04,1.0,43013,0.9333333333333333,0.9897191384195119,0.4396660582305844,0.6360962142562503,-0.2470731623454271,0.3755323229186275,0.8164340724086475,0.8614455189022379,-0.2875848630646211,66.04762081093362,111.227218187238,1.3452505906893173,0.7164078209606963,-1.3330307896379558,-0.7041880199093348,-331.1490724157618,-586.0726712996217
S43A11T04,1.0,43013,0.9666666666666667,1.0258429170875636,0.4113290628874464,0.6437294840046346,-0.35934017153039743,0.38637058693216864,0.8132596468834903,0.7945011871786382,-0.4399560194751033,68.15084802391121,119.17095878241219,1.3278631434899173,0.7026098747565234,-1.3156433424385559,-0.6903900737051618,-344.108253453511,-668.1639877880814
S43A11T04,1.0,43013,1.0,1.0558826898479265,0.387687849769364,0.6489563821203643,-0.4784309084639733,0.3972088509457097,0.8100852213583329,0.6947962678513252,-0.5848517604320879,69.83830813310942,126.39879879426492,1.3016225276969682,0.6853441985318763,-1.2894027266456067,-0.6731243974805148,-356.7847644472517,-665.3336801019684
S43A11T04,1.0,43013,1.0333333333333334,1.0796771274423196,0.3689524791104205,0.6516653573136891,-0.6044751732340086,0.4080471149592507,0.8069107958331756,0.5625362325168366,-0.7129841671498789,71.13342851934932,132.84854686754426,1.26840014862832,0.6645855401925014,-1.2561803475769586,-0.6523657391411398,-369.1759701106829,-601.507452271938
S43A11T04,1.0,43014,0.0,0.07206093053947751,0.9053179871130516,0.07206093053947751,0.9053179871130516,0.07206093053947751,0.9053179871130516,0.07206093053947753,0.9053179871130516,4.55099821483214,4.55099821483214,0.19168283049676604,0.17100891263864793,-0.17946302944540451,-0.1587891115872864,381.90086454338854,-287.51482626663017
S43A11T04,1.0,43014,0.03333333333333333,0.08553418112561394,0.9024727832908892,0.08434943786048996,0.9028785196242576,0.08289919455301858,0.9021435615878943,0.0835292816132717,0.9043319604071358,5.414182157558015,5.3372405393785005,0.2119204898905077,0.20979786916654386,-0.19970068883914618,-0.19757806811518233,371.8144969589417,-286.4188842824036
S43A11T04,1.0,43014,0.06666666666666667,0.09974837101133982,0.9001469781439974,0.09954704594004513,0.9018251879267468,0.09373745856655966,0.898969136062737,0.09598181498032002,0.9030951924873294,6.323343125541624,6.299034517173389,0.23213983332556465,0.2516091460699844,-0.21992003227420312,-0.23938934501862288,361.62297017315063,-288.3731443092282
S43A11T04,1.0,43014,0.1,0.11453717019642132,0.8984976709119937,0.11766508313476542,0.9020301859446694,0.10457572258010073,0.8957947105375796,0.10956050110604576,0.9015486299130153,7.264672979208377,7.431968322000807,0.25154392141336845,0.29643421667051073,-0.23932412036200693,-0.2842144156191492,351.3287635248359,-293.26879946588855
S43A11T04,1.0,43014,0.13333333333333333,0.12976243112301666,0.8976218791970819,0.13871261575714466,0.9033628106414064,0.1154139865936418,0.8926202850124224,0.12441787668679162,0.8996186011090439,8.225832992856057,8.729663330039786,0.2703510242517835,0.34426068426640677,-0.2581312232004219,-0.3320408832150452,340.9344507091449,-300.9514610101197
S43A11T04,1.0,43014,0.16666666666666666,0.1453359041836333,0.8975350431258964,0.1626962668033768,0.9056893973137758,0.12625225060718287,0.8894458594872652,0.1407177327425457,0.8972134390391399,9.197943973536866,10.183884438885698,0.2890197029831027,0.3950720061118354,-0.27679990193174114,-0.38285220506047385,330.4426913989146,-311.21680709955507
S43A11T04,1.0,43014,0.2,0.16123923161595408,0.89815351482764,0.18962002401957212,0.9088732511903255,0.13709051462072394,0.8862714339621078,0.1586355022040189,0.8942193315630799,10.17750026332908,11.784687249684692,0.3082437647981077,0.4488472015461639,-0.29602396374674617,-0.43662740049480236,319.85622256709615,-323.8072405294525
S43A11T04,1.0,43014,0.23333333333333334,0.17754017774261677,0.8992829372821619,0.21948503673394482,0.9127745751185903,0.147928778634265,0.8830970084369506,0.17835818854221677,0.8904952510151763,11.167953964997652,13.520607539298455,0.3289251308625937,0.505560543633691,-0.3167053298112321,-0.4933407425823294,309.1778495955818,-338.41116054212256
S43A11T04,1.0,43014,0.26666666666666666,0.194403123486885,0.9006140916119619,0.2522894008780067,0.9172503931263354,0.15876704264780608,0.8799225829117933,0.20008361284222967,0.8858667977594845,12.180760375806576,15.378896017852322,0.3521240832777855,0.5651812337230667,-0.33990428222642394,-0.5529614326717052,298.4104372590597,-354.66619892412916
S43A11T04,1.0,43014,0.3,0.21209209818440222,0.9017273252345833,0.28802793162179846,0.9221544696453079,0.16960530666134715,0.876748157386636,0.22401867047632082,0.8801187821985533,13.235761248954098,17.34579732992573,0.3789882134768599,0.6276730584038889,-0.36676841242549835,-0.6154532573525273,287.556900674602,-372.16721886450375
S43A11T04,1.0,43014,0.3333333333333333,0.2309650446498879,0.902106097322929,0.32669192305821576,0.9273372241938413,0.18044357067488823,0.8735737318614787,0.2503761739745167,0.8729863727496124,14.360879384072406,19.406867217904868,0.4106633943554825,0.6929940284287424,-0.39844359330412094,-0.6807742273773808,276.6201963084812,-390.4790988970804
S43A11T04,1.0,43014,0.36666666666666664,0.251458604010764,0.9011595295877596,0.3682688943912541,0.9326456413279469,0.1912818346884293,0.8703993063363215,0.2793697088810715,0.8641446645442812,15.591172504934404,21.547316588197766,0.4481921004064153,0.7610959992862113,-0.4359722993550537,-0.7488761982348497,265.60331313125306,-409.153464362013
S43A11T04,1.0,43014,0.4,0.27406343895783974,0.898253167662246,0.41274232211447204,0.9379231756906365,0.20212009870197037,0.8672248808111641,0.3112057374639772,0.8531965919236579,16.967321004453826,23.752366872661927,0.49240622555888897,0.8319242732585592,-0.4801864245075274,-0.8197044722071977,254.50926401039095,-427.74776887974656
S43A11T04,1.0,43014,0.43333333333333335,0.2992909441238277,0.8927464799620665,0.46009135771139575,0.9430096520177566,0.21295836271551144,0.8640504552860069,0.34607194613436,0.8396592425498689,18.53359368267653,26.007598419817093,0.5438229941521138,0.9054171829817355,-0.5316031931007522,-0.8931973819303739,243.34107742679905,-445.8446461520059
S43A11T04,1.0,43014,0.4666666666666667,0.32763305931296205,0.8840349871725856,0.5102905304715257,0.947741159997386,0.2237966267290525,0.8608760297608495,0.3841205467217399,0.8229488690598186,20.33525806137551,28.299273233937768,0.6025534208338696,0.9815056567506104,-0.5903336197825081,-0.9692858556992489,232.1017895973772,-463.0693640332696
S43A11T04,1.0,43014,0.5,0.35951772990861297,0.8715943704498761,0.5633094350969123,0.9519499439310316,0.23463489074259358,0.8577016042356923,0.4254449213426978,0.802365287387452,22.41530773473229,30.614615311601007,0.6682328676740679,1.0601127660848209,-0.6560130666227063,-1.0478929650334594,220.7944370805702,-479.1035330936635
S43A11T04,1.0,43014,0.5333333333333333,0.3952632645398912,0.855023498097745,0.6191124038782104,0.9554642872108128,0.24547315475613465,0.854527178710535,0.47004767961618465,0.7770769681235465,24.810322309921382,32.94203574973975,0.7399824376065404,1.1411532563969131,-0.7277626365551788,-1.1289334553455517,209.4220499355798,-493.6938596753382
S43A11T04,1.0,43014,0.5666666666666667,0.4350353368160756,0.8340830887999403,0.6776581633492658,0.9581083917103469,0.2563114187696757,0.8513527531853777,0.5177979482388728,0.7461090538924297,27.545335526749952,35.27129500443014,0.816408171620442,1.2245330619915855,-0.8041883705690804,-1.212313260940224,197.98764549876438,-506.65552404561595
S43A11T04,1.0,43014,0.6,0.4788105867492435,0.8087267409573585,0.7388994754896518,0.9597022522911436,0.2671496827832168,0.8481783276602204,0.5683756722513316,0.708337864788753,30.627859634951545,37.59360028463301,0.8956423168639487,1.3101488070802878,-0.8834225158125871,-1.2979290060289264,186.4942228328119,-517.870524568844
S43A11T04,1.0,43014,0.6333333333333333,0.5263506369234873,0.7791213381341402,0.8027827637394932,0.9600615267543868,0.27798794679675787,0.8450039021350632,0.6212011055672334,0.6624972618378809,34.04176173723924,39.90164122970193,0.9754274488630398,1.3978872950270156,-0.9632076478116782,-1.3856674939756541,174.94475789567267,-527.2819116630002
S43A11T04,1.0,43014,0.6666666666666666,0.5771898148426886,0.7456544070084805,0.8692477243251421,0.9589974017236831,0.2888262108102989,0.8418294766099058,0.6753488666365599,0.6072045321251784,37.742432383738674,42.189571111109956,1.0532402251065756,1.4876249886568624,-1.041020424055214,-1.475405187605501,163.3421994671068,-534.8851629491985
S43A11T04,1.0,43014,0.7,0.6306389694540767,0.7089268468634785,0.9382269236728815,0.9563164551316405,0.29966447482383995,0.8386550510847486,0.7294484481745126,0.5410160782790454,41.65528303682395,44.45294347867205,1.1264473888086275,1.5792274851667278,-1.114227587757266,-1.5670076841153664,151.6894658611651,-540.7180201817221
S43A11T04,1.0,43014,0.7333333333333333,0.6858065331445398,0.6697305264382982,1.009645383016168,0.9518205162061335,0.31050273883738105,0.8354806255595912,0.7815775428978027,0.46252565327609263,45.67946807488082,46.688615394192425,1.1924827802420812,1.672548989985141,-1.1802629791907198,-1.6603291889337795,139.98944244311537,-544.8499721702742
S43A11T04,1.0,43014,0.7666666666666667,0.7416365020753988,0.6290114783641252,1.0834201516855604,0.9453065241150872,0.32134100285092215,0.8323062000344339,0.8291616221534396,0.37051914909828815,49.69739440071161,48.894628344553674,1.2490310312165998,1.7674317948423133,-1.2368112301652383,-1.7552119937909518,128.24497995936434,-547.3723060380515
S43A11T04,1.0,43014,0.8,0.7969614197666249,0.5878207056904733,1.1594598710150557,0.9365663867358319,0.3321792668644632,0.8291317745092767,0.8689031788209488,0.264198223566119,53.58835437329627,51.07007691970493,1.2942017702029878,1.8637057663379597,-1.2819819691516263,-1.8514859652865983,116.458893678944,-548.3893418182798
S43A11T04,1.0,43014,0.8333333333333334,0.8505669134265599,0.5472558192475706,1.2376643313095745,0.9253868413705962,0.34301753087800435,0.8259573489841194,0.8967762210965533,0.14347768041207123,57.24272012437309,53.21497373808047,1.3266779095790056,1.961187852436716,-1.314458108527644,-1.9489680513853544,104.63396333522813,-548.0111747338459
S43A11T04,1.0,43014,0.8666666666666667,0.9012630248438953,0.5083977109952353,1.3179240249010507,0.9115493196372221,0.3538557948915454,0.8227829234589621,0.9081333048456275,0.009345380184963354,60.57288466795631,55.33011723266084,1.3458231209528213,2.0596816155802005,-1.3336033199014599,-2.047461814528839,92.772933846841,-546.3480130164411
S43A11T04,1.0,43014,0.9,0.9479566648756524,0.4722471092776273,1.4001196989795412,0.8948298192266904,0.36469405890508644,0.8196084979338049,0.8979779294703113,-0.1357537243866827,63.51871992910195,57.41696703488024,1.3517369165703457,2.1589768024780547,-1.3395171155189842,-2.146757001426693,80.878516787314,-543.5060313346531
S43A11T04,1.0,43014,0.9333333333333333,0.9897191384195119,0.4396660582305844,1.4841219126245608,0.8749987857384803,0.3755323229186275,0.8164340724086475,0.8614455189022379,-0.2875848630646211,66.04762081093362,59.47752998647812,1.3452505906893173,2.258848962119978,-1.3330307896379558,-2.246629161068616,68.95339256402268,-539.5845586224311
S43A11T04,1.0,43014,0.9666666666666667,1.0258429170875636,0.4113290628874464,1.5697906032825197,0.851821008381693,0.38637058693216864,0.8132596468834903,0.7945011871786382,-0.4399560194751033,68.15084802391121,61.51425836811291,1.3278631434899173,2.359059125122758,-1.3156433424385559,-2.3468393240713965,57.00021325840255,-534.6743726387792
S43A11T04,1.0,43014,1.0,1.0558826898479265,0.387687849769364,1.6569746688387308,0.8250555339627234,0.3972088509457097,0.8100852213583329,0.6947962678513252,-0.5848517604320879,69.83830813310942,63.52996079230176,1.3016225276969682,2.4593535591686444,-1.2894027266456067,-2.4471337581172827,45.02160607145997,-528.8568667970048
S43A11T04,1.0,43014,1.0333333333333334,1.0796771274423196,0.3689524791104205,1.7455115724141175,0.794455604265091,0.4080471149592507,0.8069107958331756,0.5625362325168366,-0.7129841671498789,71.13342851934932,65.52772535771685,1.26840014862832,2.55946361697233,-1.2561803475769586,-2.5472438159209685,33.02017731125822,-522.2038730938215
S43A11T04,10.0,43013,0.0,0.07206093053947751,0.9053179871130516,0.07206093053947751,0.9053179871130516,0.07206093053947751,0.9053179871130516,0.07206093053947753,0.9053179871130516,4.55099821483214,4.55099821483214,0.19168283049676604,0.17100891263864793,-0.17946302944540451,-0.1587891115872864,-22.096181812240875,6.978113356792932
S43A11T04,10.0,43013,0.03333333333333333,0.08553418112561394,0.9024727832908892,0.08319256570754571,0.9025366525154185,0.08289919455301858,0.9021435615878943,0.0835292816132717,0.9043319604071358,5.414182157558015,5.266436060091741,0.2119204898905077,0.18759225078729294,-0.19970068883914618,-0.1753724497359314,-28.047462461851904,8.972703072959384
S43A11T04,10.0,43013,0.06666666666666667,0.09974837101133982,0.9001469781439974,0.09495158277986958,0.9003779752209246,0.09373745856655966,0.898969136062737,0.09598181498032002,0.9030951924873294,6.323343125541624,6.0200169563840715,0.23213983332556465,0.20534559749085218,-0.21992003227420312,-0.19312579643949065,-33.990050995612116,10.745870148485505
S43A11T04,10.0,43013,0.1,0.11453717019642132,0.8984976709119937,0.10739423763588334,0.8985964638364813,0.10457572258010073,0.8957947105375796,0.10956050110604576,0.9015486299130153,7.264672979208377,6.815282389903739,0.25154392141336845,0.22426614443931336,-0.23932412036200693,-0.21204634338795184,-39.92151278215039,12.279972949289245
S43A11T04,10.0,43013,0.13333333333333333,0.12976243112301666,0.8976218791970819,0.12057001022443727,0.8969467159760403,0.1154139865936418,0.8926202850124224,0.12441787668679162,0.8996186011090439,8.225832992856057,7.655961153424818,0.2703510242517835,0.24433888202944892,-0.2581312232004219,-0.2321190809780874,-45.839426455072065,13.570324696797698
S43A11T04,10.0,43013,0.16666666666666666,0.1453359041836333,0.8975350431258964,0.13452106653284412,0.8951838326995591,0.12625225060718287,0.8894458594872652,0.1407177327425457,0.8972134390391399,9.197943973536866,8.546006621054717,0.2890197029831027,0.26553709635522194,-0.27679990193174114,-0.2533172953038604,-51.741388964225045,14.625616630366558
S43A11T04,10.0,43013,0.2,0.16123923161595408,0.89815351482764,0.1492818360393517,0.8930637879677616,0.13709051462072394,0.8862714339621078,0.1586355022040189,0.8942193315630799,10.17750026332908,9.489653044613732,0.3082437647981077,0.2878230149709783,-0.29602396374674617,-0.27560321391961673,-57.62502057415057,15.468118723222439
S43A11T04,10.0,43013,0.23333333333333334,0.17754017774261677,0.8992829372821619,0.16487870659953463,0.8903437548825492,0.147928778634265,0.8830970084369506,0.17835818854221677,0.8904952510151763,11.167953964997652,10.491491538731495,0.3289251308625937,0.3111485728150488,-0.3167053298112321,-0.29892877176368726,-63.48796978306127,16.133867719455523
S43A11T04,10.0,43013,0.26666666666666666,0.194403123486885,0.9006140916119619,0.18132983552235568,0.8867823918527755,0.15876704264780608,0.8799225829117933,0.20008361284222967,0.8858667977594845,12.180760375806576,11.556566560927351,0.3521240832777855,0.33545626945959023,-0.33990428222642394,-0.32323646840822867,-69.32791813625934,16.67303041207463
S43A11T04,10.0,43013,0.3,0.21209209818440222,0.9017273252345833,0.19864507277550625,0.8821400929222781,0.16960530666134715,0.876748157386636,0.22401867047632082,0.8801187821985533,13.235761248954098,12.690494060908577,0.3789882134768599,0.36068008991905715,-0.36676841242549835,-0.3484602888676956,-75.14258490873864,17.150597045465084
S43A11T04,10.0,43013,0.3333333333333333,0.2309650446498879,0.902106097322929,0.21682598990278582,0.8761792073014262,0.18044357067488823,0.8735737318614787,0.2503761739745167,0.8729863727496124,14.360879384072406,13.899603021890254,0.4106633943554825,0.38674646333876384,-0.39844359330412094,-0.3745266622874023,-80.92973163279916,17.647517492919434
S43A11T04,10.0,43013,0.36666666666666664,0.251458604010764,0.9011595295877596,0.2358660063818832,0.8686642336520081,0.1912818346884293,0.8703993063363215,0.2793697088810715,0.8641446645442812,15.591172504934404,15.191102783547313,0.4481921004064153,0.4135752367058394,-0.4359722993550537,-0.40135543565447784,-86.68716644782107,18.262337313779597
S43A11T04,10.0,43013,0.4,0.27406343895783974,0.898253167662246,0.2557506038074483,0.8593619948998611,0.20212009870197037,0.8672248808111641,0.3112057374639772,0.8531965919236579,16.967321004453826,16.573279236861445,0.49240622555888897,0.4410806439899212,-0.4801864245075274,-0.42886084293855964,-92.41274825088063,19.11330946380899
S43A11T04,10.0,43013,0.43333333333333335,0.2992909441238277,0.8927464799620665,0.2764576174307182,0.8480417993139485,0.21295836271551144,0.8640504552860069,0.34607194613436,0.8396592425498689,18.53359368267653,18.05572358941197,0.5438229941521138,0.4691722545679655,-0.5316031931007522,-0.45695245351660396,-98.10439062861236,20.340825842746582
S43A11T04,10.0,43013,0.4666666666666667,0.32763305931296205,0.8840349871725856,0.2979575941791567,0.8344755933269401,0.2237966267290525,0.8608760297608495,0.3841205467217399,0.8229488690598186,20.33525806137551,19.649597710452646,0.6025534208338696,0.49775588819522043,-0.5903336197825081,-0.4855360871438589,-103.76006555261728,22.10978835246759
S43A11T04,10.0,43013,0.5,0.35951772990861297,0.8715943704498761,0.3202142062577023,0.8184381111186807,0.23463489074259358,0.8577016042356923,0.4254449213426978,0.802365287387452,22.41530773473229,21.367939731063263,0.6682328676740679,0.5267344869805649,-0.6560130666227063,-0.5145146859292034,-109.37780682274466,24.61115088356766
S43A11T04,10.0,43013,0.5333333333333333,0.3952632645398912,0.855023498097745,0.3431847097285066,0.7997070253807366,0.24547315475613465,0.854527178710535,0.47004767961618465,0.7770769681235465,24.810322309921382,23.22601200254632,0.7399824376065404,0.5560089376884131,-0.7277626365551788,-0.5437891366370515,-114.95571324471454,28.061197925284205
S43A11T04,10.0,43013,0.5666666666666667,0.4350353368160756,0.8340830887999403,0.36682043800690584,0.778063102968306,0.2563114187696757,0.8513527531853777,0.5177979482388728,0.7461090538924297,27.545335526749952,25.241689702558897,0.816408171620442,0.5854788401492322,-0.8041883705690804,-0.5732590390978707,-120.49195153076792,32.69600694129326
S43A11T04,10.0,43013,0.6,0.4788105867492435,0.8087267409573585,0.39106732092851376,0.7532903683642035,0.2671496827832168,0.8481783276602204,0.5683756722513316,0.708337864788753,30.627859634951545,27.435880659156542,0.8956423168639487,0.6150432195869294,-0.8834225158125871,-0.6028234185355679,-125.98475891429857,38.75671716793602
S43A11T04,10.0,43013,0.6333333333333333,0.5263506369234873,0.7791213381341402,0.4158664208724625,0.7251762770643372,0.27798794679675787,0.8450039021350632,0.6212011055672334,0.6624972618378809,34.04176173723924,29.83295265782624,0.9754274488630398,0.6446011822686855,-0.9632076478116782,-0.6323813812173239,-131.43244547170977,46.458375715881914
S43A11T04,10.0,43013,0.6666666666666666,0.5771898148426886,0.7456544070084805,0.44115447831414345,0.6935119001769479,0.2888262108102989,0.8418294766099058,0.6753488666365599,0.6072045321251784,37.742432383738674,32.461119469597705,1.0532402251065756,0.674052515081377,-1.041020424055214,-0.6618327140300154,-136.83339614701686,55.93096081670481
S43A11T04,10.0,43013,0.7,0.6306389694540767,0.7089268468634785,0.46686446008226234,0.6580921207361679,0.29966447482383995,0.8386550510847486,0.7294484481745126,0.5410160782790454,41.65528303682395,35.35269512524862,1.1264473888086275,0.7032982304853796,-1.114227587757266,-0.6910784294340181,-142.18607247695908,67.11576226752527
S43A11T04,10.0,43013,0.7333333333333333,0.6858065331445398,0.6697305264382982,0.49292610447467855,0.6187158414866816,0.31050273883738105,0.8354806255595912,0.7815775428978027,0.46252565327609263,45.67946807488082,38.54405995746093,1.1924827802420812,0.7322410588473564,-1.1802629791907198,-0.7200212577959948,-147.48901401656525,79.59493120809236
S43A11T04,10.0,43013,0.7666666666666667,0.7416365020753988,0.6290114783641252,0.519266458219994,0.5751862032182393,0.32134100285092215,0.8323062000344339,0.8291616221534396,0.37051914909828815,49.69739440071161,42.07508439043823,1.2490310312165998,0.7607858904674275,-1.2368112301652383,-0.748566089416066,-152.74083946721197,92.33110777774897
S43A11T04,10.0,43013,0.8,0.7969614197666249,0.5878207056904733,0.5458104010405744,0.5273108121298283,0.3321792668644632,0.8291317745092767,0.8689031788209488,0.264198223566119,53.58835437329627,45.98762690816488,1.2942017702029878,0.7888401697500338,-1.2819819691516263,-0.7766203686986722,-157.94024751119997,103.30839664741961
S43A11T04,10.0,43013,0.8333333333333334,0.8505669134265599,0.5472558192475706,0.5724811542683549,0.47490197419269115,0.34301753087800435,0.8259573489841194,0.8967762210965533,0.14347768041207123,57.24272012437309,50.322582641121464,1.3266779095790056,0.8163142439736842,-1.314458108527644,-0.8040944429223227,-163.08601735874174,109.11636182345603
S43A11T04,10.0,43013,0.8666666666666667,0.9012630248438953,0.5083977109952353,0.5992007705841308,0.4177769340646719,0.3538557948915454,0.8227829234589621,0.9081333048456275,0.009345380184963354,60.57288466795631,55.11488052375205,1.3458231209528213,0.8431216690374325,-1.3336033199014599,-0.8309018679860709,-168.1770090149737,104.63345025642843
S43A11T04,10.0,43013,0.9,0.9479566648756524,0.4722471092776273,0.6258906024953804,0.35575811578788363,0.36469405890508644,0.8196084979338049,0.8979779294703113,-0.1357537243866827,63.51871992910195,60.38596875281158,1.3517369165703457,0.8691794744380773,-1.3395171155189842,-0.8569596733867157,-173.2121632761803,83.15528146122782
S43A11T04,10.0,43013,0.9333333333333333,0.9897191384195119,0.4396660582305844,0.6524717476415015,0.28867336227700346,0.3755323229186275,0.8164340724086475,0.8614455189022379,-0.2875848630646211,66.04762081093362,66.13394292295813,1.3452505906893173,0.8944083895902477,-1.3330307896379558,-0.8821885885388862,-178.1905014658294,37.49497521069293
S43A11T04,10.0,43013,0.9666666666666667,1.0258429170875636,0.4113290628874464,0.6788654694253362,0.21635617047378053,0.38637058693216864,0.8132596468834903,0.7945011871786382,-0.4399560194751033,68.15084802391121,72.32278590215371,1.3278631434899173,0.9187330334626254,-1.3156433424385559,-0.9065132324112638,-183.11112492225584,-37.514310428958424
S43A11T04,10.0,43013,1.0,1.0558826898479265,0.387687849769364,0.7049935918236736,0.13864591899980927,0.3972088509457097,0.8100852213583329,0.6947962678513252,-0.5848517604320879,69.83830813310942,78.87404571639988,1.3016225276969682,0.9420820693815127,-1.2894027266456067,-0.9298622683301512,-187.97321425090712,-141.4570763880858
S43A11T04,10.0,43013,1.0333333333333334,1.0796771274423196,0.3689524791104205,0.7307788675351655,0.05538808517792393,0.4080471149592507,0.8069107958331756,0.5625362325168366,-0.7129841671498789,71.13342851934932,85.66565527922596,1.26840014862832,0.9643883267560545,-1.2561803475769586,-0.9521685257046929,-192.77602835495955,-265.480732773461
S43A11T04,10.0,43014,0.0,0.07206093053947751,0.9053179871130516,0.07206093053947751,0.9053179871130516,0.07206093053947751,0.9053179871130516,0.07206093053947753,0.9053179871130516,4.55099821483214,4.55099821483214,0.19168283049676604,0.17100891263864793,-0.17946302944540451,-0.1587891115872864,41.286413094376854,-94.79839945569944
S43A11T04,10.0,43014,0.03333333333333333,0.08553418112561394,0.9024727832908892,0.08281052890270912,0.9028337376986557,0.08289919455301858,0.9021435615878943,0.0835292816132717,0.9043319604071358,5.414182157558015,5.240671152115492,0.2119204898905077,0.1801981531198772,-0.19970068883914618,-0.16797835206851566,39.743265865571246,-99.83272810777356
S43A11T04,10.0,43014,0.06666666666666667,0.09974837101133982,0.9001469781439974,0.09340850018797733,0.9016605722986512,0.09373745856655966,0.898969136062737,0.09598181498032002,0.9030951924873294,6.323343125541624,5.914519835954142,0.23213983332556465,0.18958822425772892,-0.21992003227420312,-0.1773684232063674,38.197843980882695,-104.33915684690506
S43A11T04,10.0,43014,0.1,0.11453717019642132,0.8984976709119937,0.10389354550857646,0.9016928505201207,0.10457572258010073,0.8957947105375796,0.10956050110604576,0.9015486299130153,7.264672979208377,6.5726676934819945,0.25154392141336845,0.19921951301848845,-0.23932412036200693,-0.18699971196712692,36.65014900489224,-108.3312266988017
S43A11T04,10.0,43014,0.13333333333333333,0.12976243112301666,0.8976218791970819,0.11430453645082599,0.9028226160565355,0.1154139865936418,0.8926202850124224,0.12441787668679162,0.8996186011090439,8.225832992856057,7.215710696125528,0.2703510242517835,0.20913231629513418,-0.2581312232004219,-0.19691251524377265,35.10017990152582,-111.83438832691623
S43A11T04,10.0,43014,0.16666666666666666,0.1453359041836333,0.8975350431258964,0.12468048604240145,0.9049396020256639,0.12625225060718287,0.8894458594872652,0.1407177327425457,0.8972134390391399,9.197943973536866,7.84469104498484,0.2890197029831027,0.21936680290852084,-0.27679990193174114,-0.2071470018571593,33.547933035495525,-114.88355632499642
S43A11T04,10.0,43014,0.2,0.16123923161595408,0.89815351482764,0.1350605187489863,0.9079312406589424,0.13709051462072394,0.8862714339621078,0.1586355022040189,0.8942193315630799,10.17750026332908,8.461063857723756,0.3082437647981077,0.22996297483644462,-0.29602396374674617,-0.2177431737850831,31.99340217883145,-117.52057824213506
S43A11T04,10.0,43014,0.23333333333333334,0.17754017774261677,0.8992829372821619,0.14548383952350252,0.9116826776254049,0.147928778634265,0.8830970084369506,0.17835818854221677,0.8904952510151763,11.167953964997652,9.066659703163754,0.3289251308625937,0.2409606277390628,-0.3167053298112321,-0.22874082668770127,30.436578522528716,-119.79179267296065
S43A11T04,10.0,43014,0.26666666666666666,0.194403123486885,0.9006140916119619,0.15598970193715497,0.9160767912753925,0.15876704264780608,0.8799225829117933,0.20008361284222967,0.8858667977594845,12.180760375806576,9.663645667268566,0.3521240832777855,0.2523993108565464,-0.33990428222642394,-0.24017950980518485,28.877450693319997,-121.74580643652529
S43A11T04,10.0,43014,0.3,0.21209209818440222,0.9017273252345833,0.1666173754267607,0.9209942170895877,0.16960530666134715,0.876748157386636,0.22401867047632082,0.8801187821985533,13.235761248954098,10.254487334995522,0.3789882134768599,0.26431828636238425,-0.36676841242549835,-0.2520984853110227,27.316004775574836,-123.4315742686876
S43A11T04,10.0,43014,0.3333333333333333,0.2309650446498879,0.902106097322929,0.17740611169831608,0.9263133776172251,0.18044357067488823,0.8735737318614787,0.2503761739745167,0.8729863727496124,14.360879384072406,10.841913692507003,0.4106633943554825,0.2767564882634003,-0.39844359330412094,-0.26453668721203877,25.75222433831017,-124.89682140915525
S43A11T04,10.0,43014,0.36666666666666664,0.251458604010764,0.9011595295877596,0.18839511033246215,0.93191051818343,0.1912818346884293,0.8703993063363215,0.2793697088810715,0.8641446645442812,15.591172504934404,11.428886544064625,0.4481921004064153,0.2897524809452243,-0.4359722993550537,-0.27753267989386277,24.186090467290413,-126.18681369092606
S43A11T04,10.0,43014,0.4,0.27406343895783974,0.898253167662246,0.19962348364342192,0.9376597486392816,0.20212009870197037,0.8672248808111641,0.3112057374639772,0.8531965919236579,16.967321004453826,12.018575638573045,0.49240622555888897,0.30334441746963214,-0.4801864245075274,-0.2911246164182706,22.617581802177263,-127.34345293899185
S43A11T04,10.0,43014,0.43333333333333335,0.2992909441238277,0.8927464799620665,0.21113022084907496,0.943433091419221,0.21295836271551144,0.8640504552860069,0.34607194613436,0.8396592425498689,18.53359368267653,12.614340341840213,0.5438229941521138,0.3175699977377723,-0.5316031931007522,-0.3053501966864107,21.046674578684314,-128.4046577613581
S43A11T04,10.0,43014,0.4666666666666667,0.32763305931296205,0.8840349871725856,0.22295415161607735,0.9491005361585823,0.2237966267290525,0.8608760297608495,0.3841205467217399,0.8229488690598186,20.33525806137551,13.219718390593064,0.6025534208338696,0.3324664266407642,-0.5903336197825081,-0.32024662558940264,19.473342675675845,-129.40398020580295
S43A11T04,10.0,43014,0.5,0.35951772990861297,0.8715943704498761,0.23513390905029452,0.954530101109174,0.23463489074259358,0.8577016042356923,0.4254449213426978,0.802365287387452,22.41530773473229,13.83842203170332,0.6682328676740679,0.34807037232641547,-0.6560130666227063,-0.3358505712750539,17.897557667141005,-130.37040574184354
S43A11T04,10.0,43014,0.5333333333333333,0.3952632645398912,0.855023498097745,0.24770789220925282,0.9595879015727731,0.24547315475613465,0.854527178710535,0.47004767961618465,0.7770769681235465,24.810322309921382,14.47434168565351,0.7399824376065404,0.3644179247177895,-0.7277626365551788,-0.35219812366642794,16.31928887896502,-131.32828595157468
S43A11T04,10.0,43014,0.5666666666666667,0.4350353368160756,0.8340830887999403,0.26071422821979334,0.9641382255509868,0.2563114187696757,0.8513527531853777,0.5177979482388728,0.7461090538924297,27.545335526749952,15.131557171945897,0.816408171620442,0.3815445544259825,-0.8041883705690804,-0.36932475337462095,14.738503450406151,-132.2973586746374
S43A11T04,10.0,43014,0.6,0.4788105867492435,0.8087267409573585,0.27419073409058226,0.9680436167850753,0.2671496827832168,0.8481783276602204,0.5683756722513316,0.708337864788753,30.627859634951545,15.814356486895926,0.8956423168639487,0.39948507220565205,-0.8834225158125871,-0.3872652711542905,13.155166400182445,-133.29281799161137
S43A11T04,10.0,43014,0.6333333333333333,0.5263506369234873,0.7791213381341402,0.2881748783155438,0.971164965330908,0.27798794679675787,0.8450039021350632,0.6212011055672334,0.6624972618378809,34.04176173723924,16.52726211936782,0.9754274488630398,0.41827358910749685,-0.9632076478116782,-0.4060537880561353,11.569240697059888,-134.32540562767034
S43A11T04,10.0,43014,0.6666666666666666,0.5771898148426886,0.7456544070084805,0.3027037423705873,0.9733616057822239,0.2888262108102989,0.8418294766099058,0.6753488666365599,0.6072045321251784,37.742432383738674,17.275064913853953,1.0532402251065756,0.43794347748692747,-1.041020424055214,-0.4257236764355659,9.980687334827067,-135.40150588781876
S43A11T04,10.0,43014,0.7,0.6306389694540767,0.7089268468634785,0.317813982212133,0.9744914232197813,0.29966447482383995,0.8386550510847486,0.7294484481745126,0.5410160782790454,41.65528303682395,18.062865527267775,1.1264473888086275,0.45852733303248994,-1.114227587757266,-0.4463075319811284,8.389465411534378,-136.52323839815048
S43A11T04,10.0,43014,0.7333333333333333,0.6858065331445398,0.6697305264382982,0.3335417898918474,0.9744109669248555,0.31050273883738105,0.8354806255595912,0.7815775428978027,0.46252565327609263,45.67946807488082,18.896123557621838,1.1924827802420812,0.480056937981123,-1.1802629791907198,-0.4678371369297614,6.79553221286685,-137.68855760391094
S43A11T04,10.0,43014,0.7666666666666667,0.7416365020753988,0.6290114783641252,0.34992285540760937,0.9729755718530041,0.32134100285092215,0.8323062000344339,0.8291616221534396,0.37051914909828815,49.69739440071161,19.780714426857084,1.2490310312165998,0.5025632256899398,-1.2368112301652383,-0.4903434246385783,5.198843299514893,-138.89138670748028
S43A11T04,10.0,43014,0.8,0.7969614197666249,0.5878207056904733,0.36699232891597594,0.9700394878182266,0.3321792668644632,0.8291317745092767,0.8689031788209488,0.264198223566119,53.58835437329627,20.722994047156625,1.2942017702029878,0.5260762467358345,-1.2819819691516263,-0.513856445684473,3.5993525984009676,-140.12183885840312
S43A11T04,10.0,43014,0.8333333333333334,0.8505669134265599,0.5472558192475706,0.3847847834362289,0.9654560162888361,0.34301753087800435,0.8259573489841194,0.8967762210965533,0.14347768041207123,57.24272012437309,21.72987115031141,1.3266779095790056,0.5506251367147185,-1.314458108527644,-0.5384053356633569,1.9970124976126415,-141.36661325559155
S43A11T04,10.0,43014,0.8666666666666667,0.9012630248438953,0.5083977109952353,0.40333417818038486,0.9590776546448432,0.3538557948915454,0.8227829234589621,0.9081333048456275,0.009345380184963354,60.57288466795631,22.808886857649068,1.3458231209528213,0.5762380859115059,-1.3336033199014599,-0.5640182848601444,0.3917739448914327,-142.60970289840947
S43A11T04,10.0,43014,0.9,0.9479566648756524,0.4722471092776273,0.42267382264727466,0.950756247692781,0.36469405890508644,0.8196084979338049,0.8979779294703113,-0.1357537243866827,63.51871992910195,23.968300535656315,1.3517369165703457,0.6029423110100012,-1.3395171155189842,-0.5907225099586396,-1.2164134504817405,-143.83361987149442
S43A11T04,10.0,43014,0.9333333333333333,0.9897191384195119,0.4396660582305844,0.4428363416218491,0.9403431461781295,0.3755323229186275,0.8164340724086475,0.8614455189022379,-0.2875848630646211,66.04762081093362,25.217180110207494,1.3452505906893173,0.6307640290084933,-1.3330307896379558,-0.6185442279571317,-2.827601312564446,-145.02144034150126
S43A11T04,10.0,43014,0.9666666666666667,1.0258429170875636,0.4113290628874464,0.46385364122319006,0.9276893719783205,0.38637058693216864,0.8132596468834903,0.7945011871786382,-0.4399560194751033,68.15084802391121,26.565493648576517,1.3278631434899173,0.6597284335020885,-1.3156433424385559,-0.647508632450727,-4.44184239055883,-146.16010244047246
S43A11T04,10.0,43014,1.0,1.0558826898479265,0.387687849769364,0.48575687614620605,0.9126457896012665,0.3972088509457097,0.8100852213583329,0.6947962678513252,-0.5848517604320879,69.83830813310942,28.024196957946344,1.3016225276969682,0.6898596734865137,-1.2894027266456067,-0.6776398724351521,-6.059190447714008,-147.2455618004068
S43A11T04,10.0,43014,1.0333333333333334,1.0796771274423196,0.3689524791104205,0.5085764182426007,0.8950632835561247,0.4080471149592507,0.8069107958331756,0.5625362325168366,-0.7129841671498789,71.13342851934932,29.605308924374143,1.26840014862832,0.7211808348302603,-1.2561803475769586,-0.7089610337788987,-7.679700147494047,-148.29062097515632
S43A11T05,0.0,43013,0.0,0.010960802925529037,0.8521797239364326,0.010960802925529037,0.8521797239364326,0.010960802925529037,0.8521797239364326,0.010960802925529037,0.8521797239364327,0.736902207857368,0.736902207857368,0.09757371146931526,0.07716879231437196,-0.07286887347862976,-0.05246395432368646,-0.0,37.18142348453324
S43A11T05,0.0,43013,0.03333333333333333,0.021397124688803917,0.8519793701999451,0.01892942057635527,0.8521536530907147,0.018447080468102176,0.8518795780731967,0.018535273090787775,0.8520486281548706,1.4386584022452709,1.2725376035611948,0.1193800654525117,0.09366401801124806,-0.0946752274618262,-0.06895918002056256,-0.0,31.65389504172686
S43A11T05,0.0,43013,0.06666666666666667,0.03311908006898902,0.8516845342832344,0.027860624252163894,0.8526575631014683,0.02593335801067531,0.8515794322099608,0.02634539638504059,0.8518429087446007,2.2269136209145697,1.8714763313937424,0.14302490958613046,0.11109591163050928,-0.11832007159544496,-0.08639107363982378,-0.0,25.457344537936287
S43A11T05,0.0,43013,0.1,0.046251694383702406,0.851130240871592,0.03775190700873137,0.8536638142306863,0.03341963555324845,0.851279286346725,0.034490222372479944,0.8515520216932396,3.1104792895239632,2.5321636862475247,0.1694458123186555,0.12946947610677434,-0.14474097432797,-0.10476463811608884,-0.0,18.615651364773626
S43A11T05,0.0,43013,0.13333333333333333,0.060978719577358134,0.850085378713126,0.04860161603114702,0.8551442654693708,0.04090591309582159,0.8509791404834891,0.043072769916685155,0.8511610644178053,4.102939832940951,3.2528721625729022,0.1993615291540835,0.14879065222436613,-0.174656691163398,-0.12408581423368063,-0.0,11.154870903058885
S43A11T05,0.0,43013,0.16666666666666666,0.07754616893806762,0.8482538218564193,0.06040896068583512,0.8570702914627907,0.04839219063839473,0.8506789946202532,0.05220119571829501,0.8506500198405494,5.223380481934052,4.031715944011493,0.23355206755375907,0.16906630178482035,-0.20884722956307356,-0.14436146379413484,-0.0,3.1031611844560345
S43A11T05,0.0,43013,0.2,0.09625855411383487,0.8452822089031266,0.07317401780590102,0.8594127996630013,0.055878468180967866,0.8503788487570173,0.06198997455045812,0.8499927435833675,6.49670855746955,4.8666657714905135,0.27278641143452653,0.19030418885559475,-0.24808157344384102,-0.16559935086490923,-0.0,-5.50930681660703
S43A11T05,0.0,43013,0.23333333333333334,0.11746692611850389,0.8407748930170175,0.08689773431062636,0.8621422476556015,0.063364745723541,0.8500787028937814,0.07256108275596768,0.8491556455435179,7.9534648294853865,5.75556415739656,0.3177374402120982,0.21251295928624264,-0.2930326022214127,-0.18780812129555713,-0.0,-14.650461703429755
S43A11T05,0.0,43013,0.26666666666666666,0.14154857623769365,0.834315896455995,0.10158192726886284,0.8652286606128068,0.07085102326611414,0.8497785570305456,0.08404516779985177,0.8480960033266527,9.629013487445413,6.69614089802554,0.368891014922194,0.23570211867425964,-0.3441861769315085,-0.21099728068357415,-0.0,-24.286471635825173
S43A11T05,0.0,43013,0.3,0.1688791079082862,0.8254969396186176,0.11722928152354822,0.8686416488300785,0.07833730080868727,0.8494784111673097,0.09658267408326252,0.8467598290873707,11.561960253676643,7.686028816825839,0.4264576014388139,0.259882008957635,-0.4017527634481284,-0.2351771709669495,-0.0,-34.38191438655933
S43A11T05,0.0,43013,0.3333333333333333,0.1997984675081378,0.8139498437150855,0.1338433450006365,0.8723504253086661,0.08582357835126041,0.8491782653040738,0.11032487733868171,0.8450791930519599,13.791582510698632,8.7227796491311,0.4902954776373912,0.2850637838050159,-0.46559063964670566,-0.2603589458143304,-0.0,-44.8999779696575
S43A11T05,0.0,43013,0.36666666666666664,0.23457333191931615,0.7993809157022418,0.1514285218304551,0.8763238233514173,0.09330985589383355,0.8488781194408379,0.12543475471672735,0.8429688863761825,16.353996448127297,9.803879957258536,0.5598543928691823,0.311259382967479,-0.5351495548784968,-0.2865545449767935,-0.0,-55.802690243861925
S43A11T05,0.0,43013,0.4,0.2733589040684937,0.7816044018986413,0.16999006341294273,0.8805303141440356,0.1007961334364067,0.848577973577602,0.14208758240335198,0.8403222834222103,19.27681187977772,10.92676694505826,0.6341474572921356,0.33848150574835323,-0.6094426193014502,-0.3137766677576677,-0.0,-67.05117396524544
S43A11T05,0.0,43013,0.43333333333333335,0.31616358314270576,0.7605718205989397,0.18953405756045816,0.884938024298529,0.10828241097897982,0.8482778277143662,0.16047110362745867,0.8370062401139745,22.572262742820815,12.088844025031337,0.71175707032281,0.36674358373949595,-0.6870522323321245,-0.34203874574881044,-0.0,-78.605922109501
S43A11T05,0.0,43013,0.4666666666666667,0.3628200904419821,0.7363940120403271,0.21006741585297023,0.8895147533398657,0.11576868852155296,0.8479776818511303,0.1807850424689496,0.8328548430000554,26.229390158220852,13.287495980436335,0.7908779829956144,0.3960597529640266,-0.766173145004929,-0.3713549149733411,-0.0,-90.4270869998579
S43A11T05,0.0,43013,0.5,0.4129664076213316,0.7093531060229245,0.23159785934052357,0.8942279911207757,0.1232549660641261,0.8476775359878944,0.2032396468872585,0.8276618071545221,30.20681978022776,14.520103560395336,0.8693973458237366,0.42644482555688595,-0.8446925078330512,-0.40173998756620044,-0.0,-102.47477592633145
S43A11T05,0.0,43013,0.5333333333333333,0.4660393156122926,0.6799022991254661,0.25413390272702285,0.8990449351531646,0.13074124360669925,0.8473773901246585,0.2280528204109091,0.8211713171998742,34.42870479999909,15.784057348431988,0.9450080992128684,0.4579142611058318,-0.920303261222183,-0.43320942311514626,-0.0,-114.70934555922732
S43A11T05,0.0,43013,0.5666666666666667,0.5212824365888812,0.6486523137738005,0.2776848371676774,0.9039325078477398,0.13822752114927236,0.8470772442614227,0.25544523733012636,0.8130671262660312,38.78672401638941,17.076770754173936,1.015348622074681,0.4904841377666963,-0.9906437840839956,-0.4657792997760108,-0.0,-127.0916875434677
S43A11T05,0.0,43013,0.6,0.5777695349737163,0.616344602998399,0.3022607118099911,0.9088573736561198,0.1457137986918455,0.8467770983981868,0.28563262199290196,0.8029597912365269,43.14974115626907,18.39569199370728,1.07815847676983,0.5241711232580053,-1.0534536387791444,-0.4994662852673198,-0.0,-139.58349817645563
S43A11T05,0.0,43013,0.6333333333333333,0.6344425108367016,0.5838126575173659,0.3278723142050645,0.9137859561119449,0.15320007623441864,0.8464769525349509,0.3188141014049955,0.7903720578528014,47.379804007665186,19.73831494544358,1.1314376906968748,0.5589924458314697,-1.1067328527061893,-0.5342876078407842,-0.0,-152.14752595826909
S43A11T05,0.0,43013,0.6666666666666666,0.6901621295260982,0.551934030834776,0.35453114971228117,0.9186844547692797,0.16068635377699178,0.846176806671715,0.3551552096760537,0.7747226588457996,51.35009819817699,21.102188794181014,1.1735956181004827,0.5949658653064631,-1.1488907801097972,-0.5702610273157777,-0.0,-164.74779197448038
S43A11T05,0.0,43013,0.7,0.7437682070932949,0.5215767757859083,0.38224942001626805,0.9235188620379339,0.16817263131956492,0.8458766608084791,0.3947637435422555,0.7553092134176911,54.95945978072557,22.4849264049138,1.203575328794203,0.6321096442484623,-1.1788704908035175,-0.6074048062577768,-0.0,-177.34977943083578
S43A11T05,0.0,43013,0.7333333333333333,0.7941448591295673,0.49354473942708244,0.41104000087042686,0.9282549799162069,0.17565890886213806,0.8455765149452433,0.43765627621089725,0.7312916005140204,58.13989663592797,23.884211398355756,1.2209408832973507,0.6704425193635573,-1.1962360453066652,-0.6457376813728718,-0.0,-189.92059010299855
S43A11T05,0.0,43013,0.7666666666666667,0.8402856673116296,0.4685264749149003,0.44091641917641095,0.9328584366220251,0.18314518640471122,0.8452763690820074,0.48371281407399835,0.7016782272450531,60.85683698080685,25.297803930579594,1.2259178160127582,0.709983673173614,-1.2012129780220726,-0.6852788351829285,-0.0,-202.42906689538194
S43A11T05,0.0,43013,0.8,0.881353346237076,0.4470523287993133,0.4718928295037367,0.9372947031234854,0.19063146394728436,0.8449762232187715,0.5326169864279403,0.6653191466187984,63.10432986934455,26.723545208217473,1.2221191797261204,0.7507527060294705,-1.1974143417354348,-0.7260478680387851,-0.0,-214.84588303432164
S43A11T05,0.0,43014,0.0,0.010960802925529037,0.8521797239364326,0.010960802925529037,0.8521797239364326,0.010960802925529037,0.8521797239364326,0.010960802925529037,0.8521797239364327,0.736902207857368,0.736902207857368,0.09757371146931526,0.07716879231437196,-0.07286887347862976,-0.05246395432368646,0.0,45.73503465138871
S43A11T05,0.0,43014,0.03333333333333333,0.021397124688803917,0.8519793701999451,0.019019984446239577,0.8520004231970857,0.018447080468102176,0.8518795780731967,0.018535273090787775,0.8520486281548706,1.4386584022452709,1.2788536588955954,0.1193800654525117,0.09533822319012254,-0.0946752274618262,-0.07063338519943704,0.0,39.993527835151276
S43A11T05,0.0,43014,0.06666666666666667,0.03311908006898902,0.8516845342832344,0.02821448900954502,0.8520464435596583,0.02593335801067531,0.8515794322099608,0.02634539638504059,0.8518429087446007,2.2269136209145697,1.896587530808103,0.14302490958613046,0.11450385707152771,-0.11832007159544496,-0.08979901908084222,0.0,33.49419872998041
S43A11T05,0.0,43014,0.1,0.046251694383702406,0.851130240871592,0.038528580829315144,0.8522933330293994,0.03341963555324845,0.851279286346725,0.034490222372479944,0.8515520216932396,3.1104792895239632,2.588337946056169,0.1694458123186555,0.13464987562984004,-0.14474097432797,-0.10994503763915454,0.0,26.252690506367724
S43A11T05,0.0,43014,0.13333333333333333,0.060978719577358134,0.850085378713126,0.049946517885140276,0.8527167756858571,0.04090591309582159,0.8509791404834891,0.043072769916685155,0.8511610644178053,4.102939832940951,3.352178318718828,0.1993615291540835,0.1557605088058106,-0.174656691163398,-0.1310556708151251,0.0,18.28579151713419
S43A11T05,0.0,43014,0.16666666666666666,0.07754616893806762,0.8482538218564193,0.06245255798009526,0.8532925920902792,0.04839219063839473,0.8506789946202532,0.05220119571829501,0.8506500198405494,5.223380481934052,4.186019122793066,0.23355206755375907,0.17782003901105992,-0.20884722956307356,-0.1531152010203744,0.0,9.612007646114023
S43A11T05,0.0,43014,0.2,0.09625855411383487,0.8452822089031266,0.07603096458950245,0.8539967395325292,0.055878468180967866,0.8503788487570173,0.06198997455045812,0.8499927435833675,6.49670855746955,5.0876051455043045,0.27278641143452653,0.20081280513700062,-0.24808157344384102,-0.1761079671463151,0.0,0.2521426782773304
S43A11T05,0.0,43014,0.23333333333333334,0.11746692611850389,0.8407748930170175,0.09066601250274067,0.8548053121336346,0.063364745723541,0.8500787028937814,0.07256108275596768,0.8491556455435179,7.9534648294853865,6.05451290121633,0.3177374402120982,0.22472320637639018,-0.2930326022214127,-0.2000183683857047,0.0,-9.77013664247174
S43A11T05,0.0,43014,0.26666666666666666,0.14154857623769365,0.834315896455995,0.10634199326046703,0.8556945408197686,0.07085102326611414,0.8497785570305456,0.08404516779985177,0.8480960033266527,9.629013487445413,7.084148877969417,0.368891014922194,0.24953570586251614,-0.3441861769315085,-0.22483086787183065,0.0,-20.42777557610389
S43A11T05,0.0,43014,0.3,0.1688791079082862,0.8254969396186176,0.12304322038989546,0.8566407931831118,0.07833730080868727,0.8494784111673097,0.09658267408326252,0.8467598290873707,11.561960253676643,8.173749264301696,0.4264576014388139,0.27523483413092015,-0.4017527634481284,-0.25052999614023463,0.0,-31.689872075364825
S43A11T05,0.0,43014,0.3333333333333333,0.1997984675081378,0.8139498437150855,0.14075403444101162,0.8576205732446583,0.08582357835126041,0.8491782653040738,0.11032487733868171,0.8450791930519599,13.791582510698632,9.32038175680467,0.4902954776373912,0.30180519240845416,-0.46559063964670566,-0.27710035441776865,0.0,-43.521309126737144
S43A11T05,0.0,43014,0.36666666666666664,0.23457333191931615,0.7993809157022418,0.1594588078268012,0.8586105211335948,0.09330985589383355,0.8488781194408379,0.12543475471672735,0.8429688863761825,16.353996448127297,10.520949977340829,0.5598543928691823,0.329231455734329,-0.5351495548784968,-0.3045266177436435,0.0,-55.88250371996986
S43A11T05,0.0,43014,0.4,0.2733589040684937,0.7816044018986413,0.17914194947073034,0.8595874126974371,0.1007961334364067,0.848577973577602,0.14208758240335198,0.8403222834222103,19.27681187977772,11.772200932564953,0.6341474572921356,0.35749837591767386,-0.6094426193014502,-0.33279353792698835,0.0,-68.72929496771394
S43A11T05,0.0,43014,0.43333333333333335,0.31616358314270576,0.7605718205989397,0.19978790926484566,0.8605281590566191,0.10828241097897982,0.8482778277143662,0.16047110362745867,0.8370062401139745,22.572262742820815,13.070735828407267,0.71175707032281,0.3865907843359731,-0.6870522323321245,-0.3618859463452876,0.0,-82.01298971419205
S43A11T05,0.0,43014,0.4666666666666667,0.3628200904419821,0.7363940120403271,0.22138118234195947,0.8614098061167206,0.11576868852155296,0.8479776818511303,0.1807850424689496,0.8328548430000554,26.229390158220852,14.413024411423441,0.7908779829956144,0.4164935945785845,-0.766173145004929,-0.39178875658789897,0.0,-95.68057800563354
S43A11T05,0.0,43014,0.5,0.4129664076213316,0.7093531060229245,0.243906313165455,0.8622095340509943,0.1232549660641261,0.8476775359878944,0.2032396468872585,0.8276618071545221,30.20681978022776,15.795422852352939,0.8693973458237366,0.4471918049393792,-0.8446925078330512,-0.4224869669486937,0.0,-109.67512319607022
S43A11T05,0.0,43014,0.5333333333333333,0.4660393156122926,0.6799022991254661,0.2673478994402927,0.8629046567652944,0.13074124360669925,0.8473773901246585,0.2280528204109091,0.8211713171998742,34.42870479999909,17.214195021776913,0.9450080992128684,0.478670500762376,-0.920303261222183,-0.4539656627716905,0.0,-123.93632260535674
S43A11T05,0.0,43014,0.5666666666666667,0.5212824365888812,0.6486523137738005,0.2916905958488195,0.8634726213569476,0.13822752114927236,0.8470772442614227,0.25544523733012636,0.8130671262660312,38.78672401638941,18.665536841983595,1.015348622074681,0.5109148566440729,-0.9906437840839956,-0.48621001865338737,0.0,-138.4012251194721
S43A11T05,0.0,43014,0.6,0.5777695349737163,0.616344602998399,0.3169191176149858,0.8638910075785207,0.1457137986918455,0.8467770983981868,0.28563262199290196,0.8029597912365269,43.14974115626907,20.145603242624208,1.07815847676983,0.5439101384960129,-1.0534536387791444,-0.5192053005053274,0.0,-153.00508267890717
S43A11T05,0.0,43014,0.6333333333333333,0.6344425108367016,0.5838126575173659,0.34301824390055646,0.8641375273168446,0.15320007623441864,0.8464769525349509,0.3188141014049955,0.7903720578528014,47.379804007665186,21.650537110295474,1.1314376906968748,0.5776417054709547,-1.1067328527061893,-0.5529368674802693,0.0,-167.68230407748086
S43A11T05,0.0,43014,0.6666666666666666,0.6901621295260982,0.551934030834776,0.3699728210368729,0.8641900240970458,0.16068635377699178,0.846176806671715,0.3551552096760537,0.7747226588457996,51.35009819817699,23.176499512933738,1.1735956181004827,0.6120950117558581,-1.1488907801097972,-0.5873901737651727,0.0,-182.36747271247532
S43A11T05,0.0,43014,0.7,0.7437682070932949,0.5215767757859083,0.397767765595677,0.8640264726207257,0.16817263131956492,0.8458766608084791,0.3947637435422555,0.7553092134176911,54.95945978072557,24.71970040632549,1.203575328794203,0.6472556082347427,-1.1788704908035175,-0.6225507702440572,0.0,-196.99638558126486
S43A11T05,0.0,43014,0.7333333333333333,0.7941448591295673,0.49354473942708244,0.42638806730244927,0.8636249783468012,0.17565890886213806,0.8455765149452433,0.43765627621089725,0.7312916005140204,58.13989663592797,26.27642899715041,1.2209408832973507,0.6831091440243241,-1.1962360453066652,-0.6584043060336386,0.0,-211.5070693764309
S43A11T05,0.0,43014,0.7666666666666667,0.8402856673116296,0.4685264749149003,0.4558187917956495,0.8629637771228944,0.18314518640471122,0.8452763690820074,0.48371281407399835,0.7016782272450531,60.85683698080685,27.84308294677146,1.2259178160127582,0.7196413678851971,-1.2012129780220726,-0.6949365298945116,0.0,-225.8407311603181
S43A11T05,0.0,43014,0.8,0.881353346237076,0.4470523287993133,0.4860450832351733,0.8620212348745319,0.19063146394728436,0.8449762232187715,0.5326169864279403,0.6653191466187984,63.10432986934455,29.416195651205747,1.2221191797261204,0.7568381295111954,-1.1974143417354348,-0.73213329152051,0.0,-239.942605646085
S43A11T05,0.01,43013,0.0,0.010960802925529037,0.8521797239364326,0.010960802925529037,0.8521797239364326,0.010960802925529037,0.8521797239364326,0.010960802925529037,0.8521797239364327,0.736902207857368,0.736902207857368,0.09757371146931526,0.07716879231437196,-0.07286887347862976,-0.05246395432368646,-246.79145990849537,299.9840554189874
S43A11T05,0.01,43013,0.03333333333333333,0.021397124688803917,0.8519793701999451,0.01910368746242182,0.8521593360388707,0.018447080468102176,0.8518795780731967,0.018535273090787775,0.8520486281548706,1.4386584022452709,1.2842402950490601,0.1193800654525117,0.09689544479040893,-0.0946752274618262,-0.07219060679972343,-251.6908840889276,298.43452895391573
S43A11T05,0.01,43013,0.06666666666666667,0.03311908006898902,0.8516845342832344,0.028546181255268872,0.8526776418656276,0.02593335801067531,0.8515794322099608,0.02634539638504059,0.8518429087446007,2.2269136209145697,1.917448035403417,0.14302490958613046,0.11774185965571965,-0.11832007159544496,-0.09303702166503415,-256.55407155118263,295.8830726169773
S43A11T05,0.01,43013,0.1,0.046251694383702406,0.851130240871592,0.03926810104866463,0.8537032967152506,0.03341963555324845,0.851279286346725,0.034490222372479944,0.8515520216932396,3.1104792895239632,2.633598504789845,0.1694458123186555,0.13969061923261145,-0.14474097432797,-0.11498578124192595,-261.3801994490845,292.36895332576046
S43A11T05,0.01,43013,0.13333333333333333,0.060978719577358134,0.850085378713126,0.051249599691864406,0.8552048205390586,0.04090591309582159,0.8509791404834891,0.043072769916685155,0.8511610644178053,4.102939832940951,3.4294454263757816,0.1993615291540835,0.16272505331168996,-0.174656691163398,-0.13802021532100445,-266.1685022681702,287.9356879348587
S43A11T05,0.01,43013,0.16666666666666666,0.07754616893806762,0.8482538218564193,0.06447121179762683,0.8571506139167828,0.04839219063839473,0.8506789946202532,0.05220119571829501,0.8506500198405494,5.223380481934052,4.301444587209692,0.23355206755375907,0.18682926945827436,-0.20884722956307356,-0.16212443146758887,-270.91827138313744,282.63147621185067
S43A11T05,0.01,43013,0.2,0.09625855411383487,0.8452822089031266,0.07891389758928781,0.8595089733713206,0.055878468180967866,0.8503788487570173,0.06198997455045812,0.8499927435833675,6.49670855746955,5.2457771679379475,0.27278641143452653,0.21198818018767618,-0.24808157344384102,-0.18728334219699067,-275.62885446684953,276.50952628512334
S43A11T05,0.01,43013,0.23333333333333334,0.11746692611850389,0.8407748930170175,0.09455908479446085,0.8622481059439956,0.063364745723541,0.8500787028937814,0.07256108275596768,0.8491556455435179,7.9534648294853865,6.258375618414234,0.3177374402120982,0.23818752700268614,-0.2930326022214127,-0.21348268901200063,-280.2996547602257,269.62822041490085
S43A11T05,0.01,43013,0.26666666666666666,0.14154857623769365,0.834315896455995,0.11138870845929379,0.8653361429565491,0.07085102326611414,0.8497785570305456,0.08404516779985177,0.8480960033266527,9.629013487445413,7.33495254978291,0.368891014922194,0.2654139013067703,-0.3441861769315085,-0.24070906331608477,-284.93013021263596,262.0510792987192
S43A11T05,0.01,43013,0.3,0.1688791079082862,0.8254969396186176,0.12938524857318237,0.8687411528913516,0.07833730080868727,0.8494784111673097,0.09658267408326252,0.8467598290873707,11.561960253676643,8.471032904783325,0.4264576014388139,0.29365476222554343,-0.4017527634481284,-0.2689499242348579,-289.51979250261013,253.84649650101125
S43A11T05,0.01,43013,0.3333333333333333,0.1997984675081378,0.8139498437150855,0.14853176541007768,0.8724311533269568,0.08582357835126041,0.8491782653040738,0.11032487733868171,0.8450791930519599,13.791582510698632,9.66198942701072,0.4902954776373912,0.3228984513869231,-0.46559063964670566,-0.29819361339623757,-294.0682059487874,245.08723045072603
S43A11T05,0.01,43013,0.36666666666666664,0.23457333191931615,0.7993809157022418,0.16881193250885781,0.8763741218720709,0.09330985589383355,0.8488781194408379,0.12543475471672735,0.8429688863761825,16.353996448127297,10.903081193870559,0.5598543928691823,0.3531342047268387,-0.5351495548784968,-0.3284293667361532,-298.5749863210637,235.84965884922738
S43A11T05,0.01,43013,0.4,0.2733589040684937,0.7816044018986413,0.19021006723150502,0.8805380060472,0.1007961334364067,0.848577973577602,0.14208758240335198,0.8403222834222103,19.27681187977772,12.189494725901154,0.6341474572921356,0.38435216140239303,-0.6094426193014502,-0.3596473234117075,-303.03979956185674,226.21281799324782
S43A11T05,0.01,43013,0.43333333333333335,0.31616358314270576,0.7605718205989397,0.21271115885388175,0.8848907320696286,0.10828241097897982,0.8482778277143662,0.16047110362745867,0.8370062401139745,22.572262742820815,13.516386956268281,0.71175707032281,0.4165433699078574,-0.6870522323321245,-0.3918385319171719,-307.4623604272974,216.25726593913973
S43A11T05,0.01,43013,0.4666666666666667,0.3628200904419821,0.7363940120403271,0.23630089415959615,0.8894002125038869,0.11576868852155296,0.8479776818511303,0.1807850424689496,0.8328548430000554,26.229390158220852,14.87892915644142,0.7908779829956144,0.44969979150080175,-0.766173145004929,-0.42499495351011624,-311.8424310579914,206.06382207347593
S43A11T05,0.01,43013,0.5,0.4129664076213316,0.7093531060229245,0.2609656805226454,0.8940343527464428,0.1232549660641261,0.8476775359878944,0.2032396468872585,0.8276618071545221,30.20681978022776,16.272350782102507,0.8693973458237366,0.48381430105595247,-0.8446925078330512,-0.45910946306526695,-316.17981948876314,195.71224515622077
S43A11T05,0.01,43013,0.5333333333333333,0.4660393156122926,0.6799022991254661,0.28669266647911973,0.8987610563199354,0.13074124360669925,0.8473773901246585,0.2280528204109091,0.8211713171998742,34.42870479999909,17.69198213729457,0.9450080992128684,0.518880685473074,-0.920303261222183,-0.49417584748238846,-320.4743781065294,185.2799163113998
S43A11T05,0.01,43013,0.5666666666666667,0.5212824365888812,0.6486523137738005,0.31346975980212044,0.9035482289588039,0.13822752114927236,0.8470772442614227,0.25544523733012636,0.8130671262660312,38.78672401638941,19.13329475900177,1.015348622074681,0.5548936397722591,-0.9906437840839956,-0.5301888017815737,-324.7260020651196,174.84059236104008
S43A11T05,0.01,43013,0.6,0.5777695349737163,0.616344602998399,0.3412856431071083,0.9083637814746056,0.1457137986918455,0.8467770983981868,0.28563262199290196,0.8029597912365269,43.14974115626907,20.59193849689032,1.07815847676983,0.5918487610155447,-1.0534536387791444,-0.5671439230248593,-328.9346276655206,164.46328856561195
S43A11T05,0.01,43013,0.6333333333333333,0.6344425108367016,0.5838126575173659,0.3701297870270739,0.9131756313956059,0.15320007623441864,0.8464769525349509,0.3188141014049955,0.7903720578528014,47.379804007665186,22.063774396090402,1.1314376906968748,0.6297425401977844,-1.1067328527061893,-0.605037702207099,-333.100230709624,154.21133907801567
S43A11T05,0.01,43013,0.6666666666666666,0.6901621295260982,0.551934030834776,0.39999246100814145,0.917951703381327,0.16068635377699178,0.846176806671715,0.3551552096760537,0.7747226588457996,51.35009819817699,23.544902672076557,1.1735956181004827,0.6685723522522737,-1.1488907801097972,-0.6438675142615883,-337.22282483515613,144.14166953170445
S43A11T05,0.01,43013,0.7,0.7437682070932949,0.5215767757859083,0.4308647417864405,0.9226599284186195,0.16817263131956492,0.8458766608084791,0.3947637435422555,0.7553092134176911,54.95945978072557,25.031685280037554,1.203575328794203,0.7083364443178091,-1.1788704908035175,-0.6836316063271236,-341.3024598390335,134.3043007227723
S43A11T05,0.01,43013,0.7333333333333333,0.7941448591295673,0.49354473942708244,0.462738519616265,0.927268241811434,0.17565890886213806,0.8455765149452433,0.43765627621089725,0.7312916005140204,58.13989663592797,26.520762809300873,1.2209408832973507,0.7490339224137637,-1.1962360453066652,-0.7243290844230782,-345.3392199959472,124.74208690124516
S43A11T05,0.01,43013,0.7666666666666667,0.8402856673116296,0.4685264749149003,0.4956065023276566,0.9317445799817946,0.18314518640471122,0.8452763690820074,0.48371281407399835,0.7016782272450531,60.85683698080685,28.00906565948915,1.2259178160127582,0.7906647366684528,-1.2012129780220726,-0.7659598986777674,-349.33322237852263,115.49067817141719
S43A11T05,0.01,43013,0.8,0.881353346237076,0.4470523287993133,0.5294622172986183,0.9360568761044958,0.19063146394728436,0.8449762232187715,0.5326169864279403,0.6653191466187984,63.10432986934455,29.493819664251127,1.2221191797261204,0.8332296652436857,-1.1974143417354348,-0.8085248272530002,-353.2846151849486,106.57868499093004
S43A11T05,0.01,43014,0.0,0.010960802925529037,0.8521797239364326,0.010960802925529037,0.8521797239364326,0.010960802925529037,0.8521797239364326,0.010960802925529037,0.8521797239364327,0.736902207857368,0.736902207857368,0.09757371146931526,0.07716879231437196,-0.07286887347862976,-0.05246395432368646,64.39864406488748,-11.848662462660442
S43A11T05,0.01,43014,0.03333333333333333,0.021397124688803917,0.8519793701999451,0.019096547128093274,0.8520710465279876,0.018447080468102176,0.8518795780731967,0.018535273090787775,0.8520486281548706,1.4386584022452709,1.2838934242268902,0.1193800654525117,0.096771594783226,-0.0946752274618262,-0.0720667567925405,58.1728895088005,-11.529764258986816
S43A11T05,0.01,43014,0.06666666666666667,0.03311908006898902,0.8516845342832344,0.028521867019806146,0.85232622245094,0.02593335801067531,0.8515794322099608,0.02634539638504059,0.8518429087446007,2.2269136209145697,1.9166053787995088,0.14302490958613046,0.11753927010642004,-0.11832007159544496,-0.09283443211573454,51.92373439952239,-12.112122633341215
S43A11T05,0.01,43014,0.1,0.046251694383702406,0.851130240871592,0.039222533673185664,0.852916448513913,0.03341963555324845,0.851279286346725,0.034490222372479944,0.8515520216932396,3.1104792895239632,2.6329700942507346,0.1694458123186555,0.1394553119549154,-0.14474097432797,-0.1147504739642299,45.652924882416485,-13.576772760343808
S43A11T05,0.01,43014,0.13333333333333333,0.060978719577358134,0.850085378713126,0.05118405920243168,0.8538126781087394,0.04090591309582159,0.8509791404834891,0.043072769916685155,0.8511610644178053,4.102939832940951,3.43064138470545,0.1993615291540835,0.1625029294446468,-0.174656691163398,-0.13779809145396132,39.3622359153356,-15.901907543243723
S43A11T05,0.01,43014,0.16666666666666666,0.07754616893806762,0.8482538218564193,0.06439169387497554,0.8549856136378143,0.04839219063839473,0.8506789946202532,0.05220119571829501,0.8506500198405494,5.223380481934052,4.306996997475755,0.23355206755375907,0.18666504437267756,-0.20884722956307356,-0.16196020638199204,33.05346883302227,-19.062074563995388
S43A11T05,0.01,43014,0.2,0.09625855411383487,0.8452822089031266,0.07883042324449188,0.8564056993484103,0.055878468180967866,0.8503788487570173,0.06198997455045812,0.8499927435833675,6.49670855746955,5.25914147613507,0.27278641143452653,0.2119242886056316,-0.24808157344384102,-0.1872194506149461,26.72844882066725,-23.02738213246401
S43A11T05,0.01,43014,0.23333333333333334,0.11746692611850389,0.8407748930170175,0.09448496532029922,0.8580431145936914,0.063364745723541,0.8500787028937814,0.07256108275596768,0.8491556455435179,7.9534648294853865,6.28391076212905,0.3177374402120982,0.23826300163769065,-0.2930326022214127,-0.21355816364700514,20.38902230364521,-27.762766840658305
S43A11T05,0.01,43014,0.26666666666666666,0.14154857623769365,0.834315896455995,0.11133976778833296,0.859867767539828,0.07085102326611414,0.8497785570305456,0.08404516779985177,0.8480960033266527,9.629013487445413,7.377879512052203,0.368891014922194,0.2656632283355252,-0.3441861769315085,-0.24095839034483968,14.03705426092192,-33.22737610717262
S43A11T05,0.01,43014,0.3,0.1688791079082862,0.8254969396186176,0.12937900529911095,0.8618492893382301,0.07833730080868727,0.8494784111673097,0.09658267408326252,0.8467598290873707,11.561960253676643,8.537372012598107,0.4264576014388139,0.2941067168875689,-0.4017527634481284,-0.2694018788968834,7.674425470075709,-39.374117837321116
S43A11T05,0.01,43014,0.3333333333333333,0.1997984675081378,0.8139498437150855,0.14858657683832488,0.8639570287815166,0.08582357835126041,0.8491782653040738,0.11032487733868171,0.8450791930519599,13.791582510698632,9.758477424815245,0.4902954776373912,0.32357491697504703,-0.46559063964670566,-0.2988700789843615,1.3030296922848723,-46.14942476384953
S43A11T05,0.01,43014,0.36666666666666664,0.23457333191931615,0.7993809157022418,0.16894610319587805,0.8661600474613713,0.09330985589383355,0.8488781194408379,0.12543475471672735,0.8429688863761825,16.353996448127297,11.037069886751807,0.5598543928691823,0.35404897818211767,-0.5351495548784968,-0.32934414019143216,-5.0752291940001975,-53.49327273410563
S43A11T05,0.01,43014,0.4,0.2733589040684937,0.7816044018986413,0.19044092454935008,0.868427115445955,0.1007961334364067,0.848577973577602,0.14208758240335198,0.8403222834222103,19.27681187977772,12.368833756036263,0.6341474572921356,0.38550974866238885,-0.6094426193014502,-0.36080491067170334,-11.458440101655514,-61.33948001652122
S43A11T05,0.01,43014,0.43333333333333335,0.31616358314270576,0.7605718205989397,0.21305409817799842,0.8707267074939922,0.10828241097897982,0.8482778277143662,0.16047110362745867,0.8370062401139745,22.572262742820815,13.749293993084823,0.71175707032281,0.4179377740789213,-0.6870522323321245,-0.3932329360882358,-17.844687676436504,-69.61629896165579
S43A11T05,0.01,43014,0.4666666666666667,0.3628200904419821,0.7363940120403271,0.23676839632350266,0.8730269998220642,0.11576868852155296,0.8479776818511303,0.1807850424689496,0.8328548430000554,26.229390158220852,15.173851387385163,0.7908779829956144,0.45131329683461796,-0.766173145004929,-0.42660845884393245,-24.232055261939692,-78.24729298206886
S43A11T05,0.01,43014,0.5,0.4129664076213316,0.7093531060229245,0.26156630421371746,0.8752958674410033,0.1232549660641261,0.8476775359878944,0.2032396468872585,0.8276618071545221,30.20681978022776,16.637822032969506,0.8693973458237366,0.4856162556096309,-0.8446925078330512,-0.4609114176189454,-30.618627878258074,-87.15247224767037
S43A11T05,0.01,43014,0.5333333333333333,0.4660393156122926,0.6799022991254661,0.28743001826572034,0.8775008820765773,0.13074124360669925,0.8473773901246585,0.2280528204109091,0.8211713171998742,34.42870479999909,18.136480185844647,0.9450080992128684,0.5208262852220811,-0.920303261222183,-0.49612144723139556,-37.00249520449242,-96.24964255134779
S43A11T05,0.01,43014,0.5666666666666667,0.5212824365888812,0.6486523137738005,0.31434144448442447,0.8796093106889125,0.13822752114927236,0.8470772442614227,0.25544523733012636,0.8130671262660312,38.78672401638941,19.66510340660111,1.015348622074681,0.5569227168279931,-0.9906437840839956,-0.5322178788373076,-43.38175455521817,-105.45590545873947
S43A11T05,0.01,43014,0.6,0.5777695349737163,0.616344602998399,0.34228219707295615,0.8815881146042861,0.1457137986918455,0.8467770983981868,0.28563262199290196,0.8029597912365269,43.14974115626907,21.21901872391373,1.07815847676983,0.5938845784758668,-1.0534536387791444,-0.5691797404851814,-49.75451384100238,-114.68923595322671
S43A11T05,0.01,43014,0.6333333333333333,0.6344425108367016,0.5838126575173659,0.37123359727088956,0.8834039492720481,0.15320007623441864,0.8464769525349509,0.3188141014049955,0.7903720578528014,47.379804007665186,22.793648462661725,1.1314376906968748,0.6316905960307744,-1.1067328527061893,-0.6069857580400889,-56.118894503108926,-123.87005772670017
S43A11T05,0.01,43014,0.6666666666666666,0.6901621295260982,0.551934030834776,0.401176672436268,0.885023164658497,0.16068635377699178,0.846176806671715,0.3551552096760537,0.7747226588457996,51.35009819817699,24.38455437098923,1.1735956181004827,0.670319194482253,-1.1488907801097972,-0.6456143564915675,-62.47303441264078,-132.92273678069307
S43A11T05,0.01,43014,0.7,0.7437682070932949,0.5215767757859083,0.432092155387126,0.8864118062885363,0.16817263131956492,0.8458766608084791,0.3947637435422555,0.7553092134176911,54.95945978072557,25.98747875350916,1.203575328794203,0.7097484996495681,-1.1788704908035175,-0.6850436616588826,-68.81509072452478,-141.77692102116134
S43A11T05,0.01,43014,0.7333333333333333,0.7941448591295673,0.49354473942708244,0.46396048401795775,0.8875356169448682,0.17565890886213806,0.8455765149452433,0.43765627621089725,0.7312916005140204,58.13989663592797,27.59838146543492,1.2209408832973507,0.7499563402971573,-1.1962360453066652,-0.7252515023064718,-75.14324267696128,-150.36866618904966
S43A11T05,0.01,43014,0.7666666666666667,0.8402856673116296,0.4685264749149003,0.4967618012062492,0.8883600390333505,0.18314518640471122,0.8452763690820074,0.48371281407399835,0.7016782272450531,60.85683698080685,29.213471830803897,1.2259178160127582,0.7909202506722106,-1.2012129780220726,-0.7662154126815252,-81.4556943272301,-158.64130525282647
S43A11T05,0.01,43014,0.8,0.881353346237076,0.4470523287993133,0.5304759550238025,0.8888502176219396,0.19063146394728436,0.8449762232187715,0.5326169864279403,0.6653191466187984,63.10432986934455,30.82923479867913,1.2221191797261204,0.8326174734754193,-1.1974143417354348,-0.8079126354847338,-87.75067721506196,-166.54603738107141
S43A11T05,0.1,43013,0.0,0.010960802925529037,0.8521797239364326,0.010960802925529037,0.8521797239364326,0.010960802925529037,0.8521797239364326,0.010960802925529037,0.8521797239364327,0.736902207857368,0.736902207857368,0.09757371146931526,0.07716879231437196,-0.07286887347862976,-0.05246395432368646,-234.05649411393932,301.5382653506304
S43A11T05,0.1,43013,0.03333333333333333,0.021397124688803917,0.8519793701999451,0.019263882502184592,0.8521841933637347,0.018447080468102176,0.8518795780731967,0.018535273090787775,0.8520486281548706,1.4386584022452709,1.2949679507606395,0.1193800654525117,0.09990554240819804,-0.0946752274618262,-0.07520070441751255,-242.13903493084493,303.48898185302386
S43A11T05,0.1,43013,0.06666666666666667,0.03311908006898902,0.8516845342832344,0.02919430034909788,0.8527692909282785,0.02593335801067531,0.8515794322099608,0.02634539638504059,0.8518429087446007,2.2269136209145697,1.9607380243341956,0.14302490958613046,0.12418608104257144,-0.11832007159544496,-0.09948124305188594,-250.18747053502855,304.1447314306964
S43A11T05,0.1,43013,0.1,0.046251694383702406,0.851130240871592,0.04074251215520859,0.8538918559494866,0.03341963555324845,0.851279286346725,0.034490222372479944,0.8515520216932396,3.1104792895239632,2.731733417395025,0.1694458123186555,0.1499991432587719,-0.14474097432797,-0.12529430526808638,-258.19857048040734,303.5327494090782
S43A11T05,0.1,43013,0.13333333333333333,0.060978719577358134,0.850085378713126,0.05389877837931616,0.8555083831722575,0.04090591309582159,0.8509791404834891,0.043072769916685155,0.8511610644178053,4.102939832940951,3.6049866587375425,0.1993615291540835,0.17733325698107458,-0.174656691163398,-0.1526284189903891,-266.1691927709877,301.684924285488
S43A11T05,0.1,43013,0.16666666666666666,0.07754616893806762,0.8482538218564193,0.06865316291116261,0.8575750204005433,0.04839219063839473,0.8506789946202532,0.05220119571829501,0.8506500198405494,5.223380481934052,4.5770521192561535,0.23355206755375907,0.20617674177061623,-0.20884722956307356,-0.18147190377993072,-274.0962910210736,298.63920004022225
S43A11T05,0.1,43013,0.2,0.09625855411383487,0.8452822089031266,0.08499553174355824,0.8600475661235152,0.055878468180967866,0.8503788487570173,0.06198997455045812,0.8499927435833675,6.49670855746955,5.644017245124337,0.27278641143452653,0.23651770760017354,-0.24808157344384102,-0.21181286960948803,-281.97692107155666,294.44103327034867
S43A11T05,0.1,43013,0.23333333333333334,0.11746692611850389,0.8407748930170175,0.10291555165670457,0.8628814671344271,0.063364745723541,0.8500787028937814,0.07256108275596768,0.8491556455435179,7.9534648294853865,6.801516672135848,0.3177374402120982,0.268344053651694,-0.2930326022214127,-0.2436392156610085,-289.8082470347058,289.14476978413046
S43A11T05,0.1,43013,0.26666666666666666,0.14154857623769365,0.834315896455995,0.12240268891594869,0.8660318161422023,0.07085102326611414,0.8497785570305456,0.08404516779985177,0.8480960033266527,9.629013487445413,8.044751143261506,0.368891014922194,0.3016434671385373,-0.3441861769315085,-0.2769386291478518,-297.5875467454211,282.8148017897553
S43A11T05,0.1,43013,0.3,0.1688791079082862,0.8254969396186176,0.14344620798428676,0.8694533493756955,0.07833730080868727,0.8494784111673097,0.09658267408326252,0.8467598290873707,11.561960253676643,9.368512968357543,0.4264576014388139,0.3364034221545018,-0.4017527634481284,-0.3116985841638163,-305.31221660251816,275.5263712804928
S43A11T05,0.1,43013,0.3333333333333333,0.1997984675081378,0.8139498437150855,0.16603517025102238,0.8731004441805301,0.08582357835126041,0.8491782653040738,0.11032487733868171,0.8450791930519599,13.791582510698632,10.767219428577134,0.4902954776373912,0.37261117855183973,-0.46559063964670566,-0.3479063405611542,-312.97977578917573,267.365899937233
S43A11T05,0.1,43013,0.36666666666666664,0.23457333191931615,0.7993809157022418,0.19015843277807729,0.8769271166083545,0.09330985589383355,0.8488781194408379,0.12543475471672735,0.8429688863761825,16.353996448127297,12.234955051338938,0.5598543928691823,0.4102537808505881,-0.5351495548784968,-0.3855489428599026,-320.5878698671392,258.43075228572593
S43A11T05,0.1,43013,0.4,0.2733589040684937,0.7816044018986413,0.21580464706554892,0.8808870189983395,0.1007961334364067,0.848577973577602,0.14208758240335198,0.8403222834222103,19.27681187977772,13.765523091092119,0.6341474572921356,0.44931805718168144,-0.6094426193014502,-0.4246132191909959,-328.1342737445578,248.82837691737382
S43A11T05,0.1,43013,0.43333333333333335,0.31616358314270576,0.7605718205989397,0.24296225783820802,0.8849334375507176,0.10828241097897982,0.8482778277143662,0.16047110362745867,0.8370062401139745,22.572262742820815,15.352505886948972,0.71175707032281,0.4897906182664416,-0.6870522323321245,-0.4650857802757561,-335.6168940223794,238.67481831440318
S43A11T05,0.1,43013,0.4666666666666667,0.3628200904419821,0.7363940120403271,0.27161950185473605,0.8890192898921635,0.11576868852155296,0.8479776818511303,0.1807850424689496,0.8328548430000554,26.229390158220852,16.989333082982405,0.7908779829956144,0.531657856435187,-0.766173145004929,-0.5069530184445016,-343.03377072898354,228.09264516200528
S43A11T05,0.1,43013,0.5,0.4129664076213316,0.7093531060229245,0.3017644067416074,0.8930971226328364,0.1232549660641261,0.8476775359878944,0.2032396468872585,0.8276618071545221,30.20681978022776,18.669356050655885,0.8693973458237366,0.5749059446878386,-0.8446925078330512,-0.5502011066971532,-350.38307845714405,217.2083942381925
S43A11T05,0.1,43013,0.5333333333333333,0.4660393156122926,0.6799022991254661,0.3333847898536373,0.8971191089149304,0.13074124360669925,0.8473773901246585,0.2280528204109091,0.8211713171998742,34.42870479999909,20.38592630643623,0.9450080992128684,0.6195208357995526,-0.920303261222183,-0.5948159978088672,-357.6631269214556,206.14967543968066
S43A11T05,0.1,43013,0.5666666666666667,0.5212824365888812,0.6486523137738005,0.3664682571633274,0.9010370459526359,0.13822752114927236,0.8470772442614227,0.25544523733012636,0.8130671262660312,38.78672401638941,22.13247532512354,1.015348622074681,0.6654882614745494,-0.9906437840839956,-0.640783423483864,-364.87236095798096,195.04211691718146
S43A11T05,0.1,43013,0.6,0.5777695349737163,0.616344602998399,0.4010022021812657,0.9048023525634797,0.1457137986918455,0.8467770983981868,0.28563262199290196,0.8029597912365269,43.14974115626907,23.90259295016346,1.07815847676983,0.7127937315514632,-1.0534536387791444,-0.6880888935607777,-372.0093599910822,184.00634487277839
S43A11T05,0.1,43013,0.6333333333333333,0.6344425108367016,0.5838126575173659,0.4369738049099531,0.9083660666911061,0.15320007623441864,0.8464769525349509,0.3188141014049955,0.7903720578528014,47.379804007665186,25.69010161498794,1.1314376906968748,0.7614225332636839,-1.1067328527061893,-0.7367176952729985,-379.0728369951547,173.15518806023022
S43A11T05,0.1,43013,0.6666666666666666,0.6901621295260982,0.551934030834776,0.47437003083356133,0.9116788429196564,0.16068635377699178,0.846176806671715,0.3551552096760537,0.7747226588457996,51.35009819817699,27.48912380967364,1.1735956181004827,0.8113597305583103,-1.1488907801097972,-0.7866548925676249,-386.0616369812928,162.5912731959388
S43A11T05,0.1,43013,0.7,0.7437682070932949,0.5215767757859083,0.5131776299462502,0.9146909499800434,0.16817263131956492,0.8458766608084791,0.3947637435422555,0.7553092134176911,54.95945978072557,29.294140627760008,1.203575328794203,0.8625901634774924,-1.1788704908035175,-0.8378853254868069,-392.9747350407872,152.4051379849986
S43A11T05,0.1,43013,0.7333333333333333,0.7941448591295673,0.49354473942708244,0.553383135821802,0.9173522682485536,0.17565890886213806,0.8455765149452433,0.43765627621089725,0.7312916005140204,58.13989663592797,31.100039763581073,1.2209408832973507,0.9150984476060774,-1.1962360453066652,-0.8903936096153919,-399.8112339787812,142.6739390795259
S43A11T05,0.1,43013,0.7666666666666667,0.8402856673116296,0.4685264749149003,0.5949728647274692,0.9196122872383791,0.18314518640471122,0.8452763690820074,0.48371281407399835,0.7016782272450531,60.85683698080685,32.902151944343,1.2259178160127582,0.9688689735896381,-1.2012129780220726,-0.9441641355989526,-406.570361572426,133.46077979187436
S43A11T05,0.1,43013,0.8,0.881353346237076,0.4470523287993133,0.6379329147850565,0.9214201030848678,0.19063146394728436,0.8449762232187715,0.5326169864279403,0.6653191466187984,63.10432986934455,34.69627541373662,1.2221191797261204,1.023885906727092,-1.1974143417354348,-0.9991810687364066,-413.2514674884833,124.81463330314017
S43A11T05,0.1,43014,0.0,0.010960802925529037,0.8521797239364326,0.010960802925529037,0.8521797239364326,0.010960802925529037,0.8521797239364326,0.010960802925529037,0.8521797239364327,0.736902207857368,0.736902207857368,0.09757371146931526,0.07716879231437196,-0.07286887347862976,-0.05246395432368646,283.8938139445539,-241.73981203284632
S43A11T05,0.1,43014,0.03333333333333333,0.021397124688803917,0.8519793701999451,0.018983130148146624,0.8522421704756407,0.018447080468102176,0.8518795780731967,0.018535273090787775,0.8520486281548706,1.4386584022452709,1.2760145558649312,0.1193800654525117,0.09464535986304559,-0.0946752274618262,-0.06994052187236009,275.00913956308074,-239.32753510281606
S43A11T05,0.1,43014,0.06666666666666667,0.03311908006898902,0.8516845342832344,0.02806502294421952,0.8529969559188846,0.02593335801067531,0.8515794322099608,0.02634539638504059,0.8518429087446007,2.2269136209145697,1.8844469476763703,0.14302490958613046,0.11301281642018104,-0.11832007159544496,-0.08830797842949555,266.03323891217286,-237.661973804531
S43A11T05,0.1,43014,0.1,0.046251694383702406,0.851130240871592,0.03818685520031677,0.854393755704042,0.03341963555324845,0.851279286346725,0.034490222372479944,0.8515520216932396,3.1104792895239632,2.559113376464427,0.1694458123186555,0.1322416741683199,-0.14474097432797,-0.10753683617763439,256.9680649967103,-236.6842657848527
S43A11T05,0.1,43014,0.13333333333333333,0.060978719577358134,0.850085378713126,0.049327861180213366,0.8563807683215586,0.04090591309582159,0.8509791404834891,0.043072769916685155,0.8511610644178053,4.102939832940951,3.296616284083709,0.1993615291540835,0.15230086927330425,-0.174656691163398,-0.12759603128261876,247.8156950854779,-236.33021109414565
S43A11T05,0.1,43014,0.16666666666666666,0.07754616893806762,0.8482538218564193,0.061466085407126295,0.8589046269660968,0.04839219063839473,0.8506789946202532,0.05220119571829501,0.8506500198405494,5.223380481934052,4.093299283941349,0.23355206755375907,0.17315769830340277,-0.20884722956307356,-0.14845286031271726,238.57832985838854,-236.53110212023884
S43A11T05,0.1,43014,0.2,0.09625855411383487,0.8452822089031266,0.07457833110632517,0.8619103094101607,0.055878468180967866,0.8503788487570173,0.06198997455045812,0.8499927435833675,6.49670855746955,4.9453027058966885,0.27278641143452653,0.1947777547336898,-0.24808157344384102,-0.1700729167430043,229.2582921582784,-237.21467769234343
S43A11T05,0.1,43014,0.23333333333333334,0.11746692611850389,0.8407748930170175,0.08864010740260181,0.8653410464348609,0.063364745723541,0.8500787028937814,0.07256108275596768,0.8491556455435179,7.9534648294853865,5.848621206913599,0.3177374402120982,0.2171248661280913,-0.2930326022214127,-0.19242002813740577,219.8580253403987,-238.30619341193318
S43A11T05,0.1,43014,0.26666666666666666,0.14154857623769365,0.834315896455995,0.10362557551471648,0.8691382292218288,0.07085102326611414,0.8497785570305456,0.08404516779985177,0.8480960033266527,9.629013487445413,6.799162577560364,0.368891014922194,0.2401610326860844,-0.3441861769315085,-0.2154561946953989,210.38009121515128,-239.7295863073318
S43A11T05,0.1,43014,0.3,0.1688791079082862,0.8254969396186176,0.11950749424195616,0.8732413161866951,0.07833730080868727,0.8494784111673097,0.09658267408326252,0.8467598290873707,11.561960253676643,7.792806782902272,0.4264576014388139,0.2638463679422252,-0.4017527634481284,-0.2391415299515397,200.8271675821361,-241.40869939648428
S43A11T05,0.1,43014,0.3333333333333333,0.1997984675081378,0.8139498437150855,0.1362571650964328,0.8775877398186214,0.08582357835126041,0.8491782653040738,0.11032487733868171,0.8450791930519599,13.791582510698632,8.825464221505973,0.4902954776373912,0.28813904251365424,-0.46559063964670566,-0.26343420452296873,191.2020453562258,-243.26852217939222
S43A11T05,0.1,43014,0.36666666666666664,0.23457333191931615,0.7993809157022418,0.15384437749868762,0.88211281418205,0.09330985589383355,0.8488781194408379,0.12543475471672735,0.8429688863761825,16.353996448127297,9.893132179140142,0.5598543928691823,0.31299523190231227,-0.5351495548784968,-0.28829039391162675,181.50762528910442,-245.23639757174357
S43A11T05,0.1,43014,0.4,0.2733589040684937,0.7816044018986413,0.1722373545233809,0.8867496438358549,0.1007961334364067,0.848577973577602,0.14208758240335198,0.8403222834222103,19.27681187977772,10.991948500320026,0.6341474572921356,0.33836906947319084,-0.6094426193014502,-0.31366423148250533,171.7469142924712,-247.24314490078234
S43A11T05,0.1,43014,0.43333333333333335,0.31616358314270576,0.7605718205989397,0.19140269975598273,0.891429035030906,0.10828241097897982,0.8482778277143662,0.16047110362745867,0.8370062401139745,22.572262742820815,12.118241601541571,0.71175707032281,0.3642126058454863,-0.6870522323321245,-0.3395077678548008,161.92302137189657,-249.224052282628
S43A11T05,0.1,43014,0.4666666666666667,0.3628200904419821,0.7363940120403271,0.2113053458998819,0.89607941015887,0.11576868852155296,0.8479776818511303,0.1807850424689496,0.8328548430000554,26.229390158220852,13.268576099888284,0.7908779829956144,0.39047577604744277,-0.766173145004929,-0.36577093805675726,152.03915318307514,-251.1196993911635
S43A11T05,0.1,43014,0.5,0.4129664076213316,0.7093531060229245,0.23190850585538736,0.9006267265416863,0.1232549660641261,0.8476775359878944,0.2032396468872585,0.8276618071545221,30.20681978022776,14.43979352006478,0.8693973458237366,0.4171063758948369,-0.8446925078330512,-0.3924015379041514,142.09860922493263,-252.87658226868382
S43A11T05,0.1,43014,0.5333333333333333,0.4660393156122926,0.6799022991254661,0.2531736270766296,0.9049944007709796,0.13074124360669925,0.8473773901246585,0.2280528204109091,0.8211713171998742,34.42870479999909,15.629047758955041,0.9450080992128684,0.44405004915375856,-0.920303261222183,-0.41934521116307305,132.1047766866546,-254.44752410463997
S43A11T05,0.1,43014,0.5666666666666667,0.5212824365888812,0.6486523137738005,0.2750603500979756,0.9091032399276776,0.13822752114927236,0.8470772442614227,0.25544523733012636,0.8130671262660312,38.78672401638941,16.833835215056357,1.015348622074681,0.4712502871362921,-0.9906437840839956,-0.44654544914560657,122.06112496820194,-255.79186844208286
S43A11T05,0.1,43014,0.6,0.5777695349737163,0.616344602998399,0.2975264722065135,0.9128713811317443,0.1457137986918455,0.8467770983981868,0.28563262199290196,0.8029597912365269,43.14974115626907,18.052019716226635,1.07815847676983,0.4986484424480158,-1.0534536387791444,-0.4739436044573303,111.97119989620958,-256.8754628081708
S43A11T05,0.1,43014,0.6333333333333333,0.6344425108367016,0.5838126575173659,0.32052791731933844,0.9162142409871767,0.15320007623441864,0.8464769525349509,0.3188141014049955,0.7903720578528014,47.379804007665186,19.281852590306254,1.1314376906968748,0.5261837586535205,-1.1067328527061893,-0.5014789206628351,101.83861765930885,-257.6704503246667
S43A11T05,0.1,43014,0.6666666666666666,0.6901621295260982,0.551934030834776,0.3440187132012937,0.9190444765946283,0.16068635377699178,0.846176806671715,0.3551552096760537,0.7747226588457996,51.35009819817699,20.521988409231824,1.1735956181004827,0.5537934176445412,-1.1488907801097972,-0.5290885796538557,91.66705848884895,-258.1548938144798
S43A11T05,0.1,43014,0.7,0.7437682070932949,0.5215767757859083,0.36795097722763787,0.9212719598990786,0.16817263131956492,0.8458766608084791,0.3947637435422555,0.7553092134176911,54.95945978072557,21.771497091475293,1.203575328794203,0.5814126064786234,-1.1788704908035175,-0.5567077684879379,81.4602601126744,-258.31226103699646
S43A11T05,0.1,43014,0.7333333333333333,0.7941448591295673,0.49354473942708244,0.3922749119535789,0.9228037672181796,0.17565890886213806,0.8455765149452433,0.43765627621089725,0.7312916005140204,58.13989663592797,23.029873166733328,1.2209408832973507,0.6089746053981551,-1.1962360453066652,-0.5842697674074696,71.22201101104558,-258.1308010560938
S43A11T05,0.1,43014,0.7666666666666667,0.8402856673116296,0.4685264749149003,0.41693881179519543,0.9235441858531274,0.18314518640471122,0.8452763690820074,0.48371281407399835,0.7016782272450531,60.85683698080685,24.29704309069017,1.2259178160127582,0.6364108986338266,-1.2012129780220726,-0.6117060606431411,60.95614350493661,-257.6028407356607
S43A11T05,0.1,43014,0.8,0.881353346237076,0.4470523287993133,0.4418890821501113,0.923394739712585,0.19063146394728436,0.8449762232187715,0.5326169864279403,0.6653191466187984,63.10432986934455,25.57337154893963,1.2221191797261204,0.6636513094371812,-1.1974143417354348,-0.6389464714464957,50.666526707806334,-256.7240275097912
S43A11T05,1.0,43013,0.0,0.010960802925529037,0.8521797239364326,0.010960802925529037,0.8521797239364326,0.010960802925529037,0.8521797239364326,0.010960802925529037,0.8521797239364327,0.736902207857368,0.736902207857368,0.09757371146931526,0.07716879231437196,-0.07286887347862976,-0.05246395432368646,-80.86177092804787,135.3833660426715
S43A11T05,1.0,43013,0.03333333333333333,0.021397124688803917,0.8519793701999451,0.019118719976021877,0.8521871934423967,0.018447080468102176,0.8518795780731967,0.018535273090787775,0.8520486281548706,1.4386584022452709,1.2852085130853694,0.1193800654525117,0.09717552133821926,-0.0946752274618262,-0.07247068334753376,-90.04313116562622,138.02737211058945
S43A11T05,1.0,43013,0.06666666666666667,0.03311908006898902,0.8516845342832344,0.028605841613622156,0.852771361899953,0.02593335801067531,0.8515794322099608,0.02634539638504059,0.8518429087446007,2.2269136209145697,1.9212414126729989,0.14302490958613046,0.11832422281722134,-0.11832007159544496,-0.09361938482653584,-99.15543143943631,139.62498501372158
S43A11T05,1.0,43013,0.1,0.046251694383702406,0.851130240871592,0.039400878941619685,0.8538739379721865,0.03341963555324845,0.851279286346725,0.034490222372479944,0.8515520216932396,3.1104792895239632,2.641963598072029,0.1694458123186555,0.14059151799474726,-0.14474097432797,-0.11588668000406176,-108.19623795142701,140.23277117843023
S43A11T05,1.0,43013,0.13333333333333333,0.060978719577358134,0.850085378713126,0.05148230684878281,0.8554359647597709,0.04090591309582159,0.8509791404834891,0.043072769916685155,0.8511610644178053,4.102939832940951,3.44405134899944,0.1993615291540835,0.16395379373231445,-0.174656691163398,-0.13924895574162893,-117.16345266401184,139.91048401313992
S43A11T05,1.0,43013,0.16666666666666666,0.07754616893806762,0.8482538218564193,0.06482836429711991,0.8573978109909678,0.04839219063839473,0.8506789946202532,0.05220119571829501,0.8506500198405494,5.223380481934052,4.32394094555438,0.23355206755375907,0.18838720423121538,-0.20884722956307356,-0.1636823662405299,-126.0553047804652,138.72084067403554
S43A11T05,1.0,43013,0.2,0.09625855411383487,0.8452822089031266,0.0794170547749396,0.8596991626857289,0.055878468180967866,0.8503788487570173,0.06198997455045812,0.8499927435833675,6.49670855746955,5.277874736697701,0.27278641143452653,0.21386767297551207,-0.24808157344384102,-0.18916283498482656,-134.8703404023639,136.72925177723133
S43A11T05,1.0,43013,0.23333333333333334,0.11746692611850389,0.8407748930170175,0.09522614692155207,0.8622790153126886,0.063364745723541,0.8500787028937814,0.07256108275596768,0.8491556455435179,7.9534648294853865,6.301946903506936,0.3177374402120982,0.24037089490273755,-0.2930326022214127,-0.21566605691205204,-143.60741058047319,134.00346982998983
S43A11T05,1.0,43013,0.26666666666666666,0.14154857623769365,0.834315896455995,0.11223317532993744,0.8650756664580834,0.07085102326611414,0.8497785570305456,0.08404516779985177,0.8480960033266527,9.629013487445413,7.392148870123675,0.368891014922194,0.267872338808336,-0.3441861769315085,-0.24316750081765048,-152.26565797692973,130.61313625086643
S43A11T05,1.0,43013,0.3,0.1688791079082862,0.8254969396186176,0.1304154415336552,0.8680267090258487,0.07833730080868727,0.8494784111673097,0.09658267408326252,0.8467598290873707,11.561960253676643,8.54441420503889,0.4264576014388139,0.2963472499894976,-0.4017527634481284,-0.27164241199881206,-160.84450235453428,126.62922119549977
S43A11T05,1.0,43013,0.3333333333333333,0.1997984675081378,0.8139498437150855,0.1497500151841805,0.8710690249883171,0.08582357835126041,0.8491782653040738,0.11032487733868171,0.8450791930519599,13.791582510698632,9.75466273724309,0.4902954776373912,0.32577065313361225,-0.46559063964670566,-0.30106581514292674,-169.34362510390739,122.12336389985914
S43A11T05,1.0,43013,0.36666666666666664,0.23457333191931615,0.7993809157022418,0.1702137354247225,0.8741387797070692,0.09330985589383355,0.8488781194408379,0.12543475471672735,0.8429688863761825,16.353996448127297,11.018843501293807,0.5598543928691823,0.35611735545606304,-0.5351495548784968,-0.33141251746537753,-177.76295301157455,117.1671329168303
S43A11T05,1.0,43013,0.4,0.2733589040684937,0.7816044018986413,0.19178321246640886,0.8771714168435709,0.1007961334364067,0.848577973577602,0.14208758240335198,0.8403222834222103,19.27681187977772,12.33297603552328,0.6341474572921356,0.3873619500915181,-0.6094426193014502,-0.36265711210083257,-186.10264146224677,111.83123465850814
S43A11T05,1.0,43013,0.43333333333333335,0.31616358314270576,0.7605718205989397,0.21443482937249922,0.8801016538792636,0.10828241097897982,0.8482778277143662,0.16047110362745867,0.8370062401139745,22.572262742820815,13.693189498108657,0.71175707032281,0.4194788197422508,-0.6870522323321245,-0.3947739817515653,-194.36305725702312,106.18470451629473
S43A11T05,1.0,43013,0.4666666666666667,0.3628200904419821,0.7363940120403271,0.23814474405603064,0.8828634782647595,0.11576868852155296,0.8479776818511303,0.1807850424689496,0.8328548430000554,26.229390158220852,15.095759042402632,0.7908779829956144,0.45244214058633225,-0.766173145004929,-0.42773730259564674,-202.54476121645098,100.29411726411195
S43A11T05,1.0,43013,0.5,0.4129664076213316,0.7093531060229245,0.26288889149597755,0.8853901442177157,0.1232549660641261,0.8476775359878944,0.2032396468872585,0.8276618071545221,30.20681978022776,16.53713890760869,0.8693973458237366,0.4862258864477829,-0.8446925078330512,-0.4615210484570974,-210.6484907236646,94.22285252914085
S43A11T05,1.0,43013,0.5333333333333333,0.4660393156122926,0.6799022991254661,0.2886429861766511,0.8876141701888421,0.13074124360669925,0.8473773901246585,0.2280528204109091,0.8211713171998742,34.42870479999909,18.013991731611917,0.9450080992128684,0.5208038332299723,-0.920303261222183,-0.49609899523928674,-218.67514234859988,88.03044721897044
S43A11T05,1.0,43013,0.5666666666666667,0.5212824365888812,0.6486523137738005,0.31538252475464434,0.8894673370153131,0.13822752114927236,0.8470772442614227,0.25544523733012636,0.8130671262660312,38.78672401638941,19.523213674313283,1.015348622074681,0.5561495636126816,-0.9906437840839956,-0.5314447256219962,-226.62575467980992,81.7720605557119
S43A11T05,1.0,43013,0.6,0.5777695349737163,0.616344602998399,0.3430827889571678,0.8908806867806113,0.1457137986918455,0.8467770983981868,0.28563262199290196,0.8029597912365269,43.14974115626907,21.061955044500763,1.07815847676983,0.592236472012342,-1.0534536387791444,-0.5675316340216565,-234.5014914760205,75.49806958510283
S43A11T05,1.0,43013,0.6333333333333333,0.6344425108367016,0.5838126575173659,0.37171884871510186,0.8917845223995405,0.15320007623441864,0.8464769525349509,0.3188141014049955,0.7903720578528014,47.379804007665186,22.627636242019662,1.1314376906968748,0.6290377698039868,-1.1067328527061893,-0.6043329318133014,-242.30362523543667,69.25380456418671
S43A11T05,1.0,43013,0.6666666666666666,0.6901621295260982,0.551934030834776,0.40126556553352744,0.892108407946785,0.16068635377699178,0.846176806671715,0.3551552096760537,0.7747226588457996,51.35009819817699,24.21795895026301,1.1735956181004827,0.6665264908024626,-1.1488907801097972,-0.6418216528117772,-250.03352126719653,63.07942530839628
S43A11T05,1.0,43013,0.7,0.7437682070932949,0.5215767757859083,0.4316975961018842,0.8917811697469809,0.16817263131956492,0.8458766608084791,0.3947637435422555,0.7553092134176911,54.95945978072557,25.830912632818876,1.203575328794203,0.7046754969993971,-1.1788704908035175,-0.6799706590087117,-257.6926223363682,57.00993209580821
S43A11T05,1.0,43013,0.7333333333333333,0.7941448591295673,0.49354473942708244,0.4629893961452388,0.8907308982437945,0.17565890886213806,0.8455765149452433,0.43765627621089725,0.7312916005140204,58.13989663592797,27.464776494823855,1.2209408832973507,0.7434574845513476,-1.1962360453066652,-0.7187526465606622,-265.28243394165594,51.075298596459476
S43A11T05,1.0,43013,0.7666666666666667,0.8402856673116296,0.4685264749149003,0.49511522451744305,0.8888849506649735,0.18314518640471122,0.8452763690820074,0.48371281407399835,0.7016782272450531,60.85683698080685,29.118117158364722,1.2259178160127582,0.7828449900134594,-1.2012129780220726,-0.758140152022774,-272.8045102735801,45.30070982004335
S43A11T05,1.0,43013,0.8,0.881353346237076,0.4470523287993133,0.5280491475362059,0.8861699544997519,0.19063146394728436,0.8449762232187715,0.5326169864279403,0.6653191466187984,63.10432986934455,30.789782368430153,1.2221191797261204,0.822810396811841,-1.1974143417354348,-0.7981055588211555,-280.26044089040175,39.70688535147491
S43A11T05,1.0,43014,0.0,0.010960802925529037,0.8521797239364326,0.010960802925529037,0.8521797239364326,0.010960802925529037,0.8521797239364326,0.010960802925529037,0.8521797239364327,0.736902207857368,0.736902207857368,0.09757371146931526,0.07716879231437196,-0.07286887347862976,-0.05246395432368646,264.485165980446,-216.0653547718623
S43A11T05,1.0,43014,0.03333333333333333,0.021397124688803917,0.8519793701999451,0.019056118608781248,0.8525976538655324,0.018447080468102176,0.8518795780731967,0.018535273090787775,0.8520486281548706,1.4386584022452709,1.2803851972369569,0.1193800654525117,0.09600071609652244,-0.0946752274618262,-0.07129587810583694,258.04577510081714,-217.3522951391644
S43A11T05,1.0,43014,0.06666666666666667,0.03311908006898902,0.8516845342832344,0.028352968859700553,0.8543889432155983,0.02593335801067531,0.8515794322099608,0.02634539638504059,0.8518429087446007,2.2269136209145697,1.9006677581298634,0.14302490958613046,0.11581098529741651,-0.11832007159544496,-0.09110614730673101,251.52903683649603,-219.6738694154149
S43A11T05,1.0,43014,0.1,0.046251694383702406,0.851130240871592,0.03882525116149384,0.8574578324063009,0.03341963555324845,0.851279286346725,0.034490222372479944,0.8515520216932396,3.1104792895239632,2.592552718885319,0.1694458123186555,0.1365580404773315,-0.14474097432797,-0.111853202486646,244.9356151062663,-222.88234057849797
S43A11T05,1.0,43014,0.13333333333333333,0.060978719577358134,0.850085378713126,0.050445066434975414,0.8617063871083724,0.04090591309582159,0.8509791404834891,0.043072769916685155,0.8511610644178053,4.102939832940951,3.3503226971818156,0.1993615291540835,0.15819764536517025,-0.174656691163398,-0.13349280737448477,238.2662424855439,-226.82217545370452
S43A11T05,1.0,43014,0.16666666666666666,0.07754616893806762,0.8482538218564193,0.06318261356061855,0.8670343944748273,0.04839219063839473,0.8506789946202532,0.05220119571829501,0.8506500198405494,5.223380481934052,4.167896306881314,0.23355206755375907,0.18068267413017397,-0.20884722956307356,-0.15597783613948846,231.52172090937006,-231.33526411841046
S43A11T05,1.0,43014,0.2,0.09625855411383487,0.8452822089031266,0.07700607103649502,0.8733392535428322,0.055878468180967866,0.8503788487570173,0.06198997455045812,0.8499927435833675,6.49670855746955,5.0389829322732895,0.27278641143452653,0.20396287257189488,-0.24808157344384102,-0.17925803458120937,224.70292230301297,-236.265827143316
S43A11T05,1.0,43014,0.23333333333333334,0.11746692611850389,0.8407748930170175,0.09188146421709466,0.8805158588006676,0.063364745723541,0.8500787028937814,0.07256108275596768,0.8491556455435179,7.9534648294853865,5.957230792376288,0.3177374402120982,0.22798459061115572,-0.2930326022214127,-0.2032797526204702,217.8107891372664,-241.46479679232107
S43A11T05,1.0,43014,0.26666666666666666,0.14154857623769365,0.834315896455995,0.10777251646130927,0.8884564757774301,0.07085102326611414,0.8497785570305456,0.08404516779985177,0.8480960033266527,9.629013487445413,6.916363760423671,0.368891014922194,0.25269048341734623,-0.3441861769315085,-0.22798564542666072,210.84633490528714,-246.79349503118118
S43A11T05,1.0,43014,0.3,0.1688791079082862,0.8254969396186176,0.12464048241242585,0.8970506073790355,0.07833730080868727,0.8494784111673097,0.09658267408326252,0.8467598290873707,11.561960253676643,7.910303341982559,0.4264576014388139,0.2780191785350959,-0.4017527634481284,-0.2533143405444104,203.81064451756785,-252.12648305067455
S43A11T05,1.0,43014,0.3333333333333333,0.1997984675081378,0.8139498437150855,0.14244396154717534,0.9061848495698164,0.08582357835126041,0.8491782653040738,0.11032487733868171,0.8450791930519599,13.791582510698632,8.933273280565585,0.4902954776373912,0.3039049065058207,-0.46559063964670566,-0.2792000685151352,196.7048746113864,-257.3535185872566
S43A11T05,1.0,43014,0.36666666666666664,0.23457333191931615,0.7993809157022418,0.16113869007579903,0.9157427348939847,0.09330985589383355,0.8488781194408379,0.12543475471672735,0.8429688863761825,16.353996448127297,9.979885372665919,0.5598543928691823,0.3302770927544488,-0.5351495548784968,-0.30557225476376326,189.5302537708163,-262.380621157718
S43A11T05,1.0,43014,0.4,0.2733589040684937,0.7816044018986413,0.18067730926512032,0.9256045622578791,0.1007961334364067,0.848577973577602,0.14208758240335198,0.8403222834222103,19.27681187977772,11.04520615471129,0.6341474572921356,0.35705990897555817,-0.6094426193014502,-0.33235507098487266,182.2880826531367,-267.13030363481636
S43A11T05,1.0,43014,0.43333333333333335,0.31616358314270576,0.7605718205989397,0.20100910831015628,0.9356472113680384,0.10828241097897982,0.8482778277143662,0.16047110362745867,0.8370062401139745,22.572262742820815,12.12480510166628,0.71175707032281,0.38417178296345234,-0.6870522323321245,-0.3594669449727668,174.97973401724917,-271.54107492454546
S43A11T05,1.0,43014,0.4666666666666667,0.3628200904419821,0.7363940120403271,0.2220797400200699,0.9457439402617336,0.11576868852155296,0.8479776818511303,0.1807850424689496,0.8328548430000554,26.229390158220852,13.214785797505085,0.7908779829956144,0.41152486685615475,-0.766173145004929,-0.38682002886546923,167.60665264949526,-275.5663488423157
S43A11T05,1.0,43014,0.5,0.4129664076213316,0.7093531060229245,0.24383090783995387,0.9557641645002584,0.1232549660641261,0.8476775359878944,0.2032396468872585,0.8276618071545221,30.20681978022776,14.311802170219634,0.8693973458237366,0.43902446518471505,-0.8446925078330512,-0.41431962719402954,160.17035518209246,-279.1729074216816
S43A11T05,1.0,43014,0.5333333333333333,0.4660393156122926,0.6799022991254661,0.26620002313599844,0.9655732168509359,0.13074124360669925,0.8473773901246585,0.2280528204109091,0.8211713171998742,34.42870479999909,15.413062320086494,0.9450080992128684,0.46656842602912785,-0.920303261222183,-0.44186358803844233,152.67242979925567,-282.3390641487341
S43A11T05,1.0,43014,0.5666666666666667,0.5212824365888812,0.6486523137738005,0.2891198322696671,0.9750320866969205,0.13822752114927236,0.8470772442614227,0.25544523733012636,0.8130671262660312,38.78672401638941,16.516322721796595,1.015348622074681,0.49404650108295434,-0.9906437840839956,-0.4693416630922688,145.11453582597449,-285.05265710017966
S43A11T05,1.0,43014,0.6,0.5777695349737163,0.616344602998399,0.312518013825121,0.9839971390256961,0.1457137986918455,0.8467770983981868,0.28563262199290196,0.8029597912365269,43.14974115626907,17.619875676844917,1.07815847676983,0.5213396836289116,-1.0534536387791444,-0.4966348456382261,137.4984031943626,-287.3089776276307
S43A11T05,1.0,43014,0.6333333333333333,0.6344425108367016,0.5838126575173659,0.33631674748825807,0.9923198137041397,0.15320007623441864,0.8464769525349509,0.3188141014049955,0.7903720578528014,47.379804007665186,18.722532870673728,1.1314376906968748,0.5483195374349572,-1.1067328527061893,-0.5236146994442717,129.82583178250445,-289.1087110174838
S43A11T05,1.0,43014,0.6666666666666666,0.6901621295260982,0.551934030834776,0.3604322575654745,0.999846306900863,0.16068635377699178,0.846176806671715,0.3551552096760537,0.7747226588457996,51.35009819817699,19.823607792809003,1.1735956181004827,0.574847534491083,-1.1488907801097972,-0.5501426965003975,122.09869062078657,-290.455934749446
S43A11T05,1.0,43014,0.7,0.7437682070932949,0.5215767757859083,0.38477433603827405,1.0064172380178553,0.16817263131956492,0.8458766608084791,0.3947637435422555,0.7553092134176911,54.95945978072557,20.92289965168365,1.203575328794203,0.6007744253903116,-1.1788704908035175,-0.5760695873996261,114.31891696083741,-291.35618982391736
S43A11T05,1.0,43014,0.7333333333333333,0.7941448591295673,0.49354473942708244,0.4092458524370795,1.0118673073944087,0.17565890886213806,0.8455765149452433,0.43765627621089725,0.7312916005140204,58.13989663592797,22.020681301084377,1.2209408832973507,0.6259396730337059,-1.1962360453066652,-0.6012348350430204,106.48851520240642,-291.8146121947003
S43A11T05,1.0,43014,0.7666666666666667,0.8402856673116296,0.4685264749149003,0.43374226073670075,1.0160249523910216,0.18314518640471122,0.8452763690820074,0.48371281407399835,0.7016782272450531,60.85683698080685,23.117693631324958,1.2259178160127582,0.6501709881516755,-1.2012129780220726,-0.62546615016099,98.60955567378522,-291.8340845276605
S43A11T05,1.0,43014,0.8,0.881353346237076,0.4470523287993133,0.4581511169620751,1.0187120122791498,0.19063146394728436,0.8449762232187715,0.5326169864279403,0.6653191466187984,63.10432986934455,24.215148902202674,1.2221191797261204,0.6732840137129981,-1.1974143417354348,-0.6485791757223126,90.68417326173389,-291.41334211566425
S43A11T05,10.0,43013,0.0,0.010960802925529037,0.8521797239364326,0.010960802925529037,0.8521797239364326,0.010960802925529037,0.8521797239364326,0.010960802925529037,0.8521797239364327,0.736902207857368,0.736902207857368,0.09757371146931526,0.07716879231437196,-0.07286887347862976,-0.05246395432368646,-107.86779967822936,110.91391803351964
S43A11T05,10.0,43013,0.03333333333333333,0.021397124688803917,0.8519793701999451,0.018554107051220257,0.8522199123943331,0.018447080468102176,0.8518795780731967,0.018535273090787775,0.8520486281548706,1.4386584022452709,1.247218111422052,0.1193800654525117,0.08666046015324402,-0.0946752274618262,-0.061955622162558524,-110.95141416019712,108.92835225674722
S43A11T05,10.0,43013,0.06666666666666667,0.03311908006898902,0.8516845342832344,0.02636387886824752,0.8529110287204285,0.02593335801067531,0.8515794322099608,0.02634539638504059,0.8518429087446007,2.2269136209145697,1.7704756187631148,0.14302490958613046,0.09640088151554074,-0.11832007159544496,-0.07169604352485524,-114.02695367130637,106.85563359628634
S43A11T05,10.0,43013,0.1,0.046251694383702406,0.851130240871592,0.03439382716776579,0.8542081076174414,0.03341963555324845,0.851279286346725,0.034490222372479944,0.8515520216932396,3.1104792895239632,2.3057112648753626,0.1694458123186555,0.1063947975197084,-0.14474097432797,-0.0816899595290229,-117.09455133050743,104.71481365923616
S43A11T05,10.0,43013,0.13333333333333333,0.060978719577358134,0.850085378713126,0.042647778653348796,0.8560657045253138,0.04090591309582159,0.8509791404834891,0.043072769916685155,0.8511610644178053,4.102939832940951,2.8520231589816922,0.1993615291540835,0.11664708802541957,-0.174656691163398,-0.09194225003473407,-120.1543390940149,102.52334944066482
S43A11T05,10.0,43013,0.16666666666666666,0.07754616893806762,0.8482538218564193,0.05112968025132452,0.8584378870441307,0.04839219063839473,0.8506789946202532,0.05220119571829501,0.8506500198405494,5.223380481934052,3.4085844605119173,0.23355206755375907,0.1271627731477432,-0.20884722956307356,-0.10245793515705771,-123.2064472661008,100.29690666362704
S43A11T05,10.0,43013,0.2,0.09625855411383487,0.8452822089031266,0.05984360132992737,0.8612782267040913,0.055878468180967866,0.8503788487570173,0.06198997455045812,0.8499927435833675,6.49670855746955,3.974655097963256,0.27278641143452653,0.13794701465946152,-0.24808157344384102,-0.11324217666877602,-126.25100403561169,98.0492284285395
S43A11T05,10.0,43013,0.23333333333333334,0.11746692611850389,0.8407748930170175,0.06879373582487092,0.8645397911030875,0.063364745723541,0.8500787028937814,0.07256108275596768,0.8491556455435179,7.9534648294853865,4.5495916898954984,0.3177374402120982,0.14900511727807464,-0.2930326022214127,-0.12430027928738914,-129.28813503789306,95.79206548178924
S43A11T05,10.0,43013,0.26666666666666666,0.14154857623769365,0.834315896455995,0.07798440426881824,0.8681751364322742,0.07085102326611414,0.8497785570305456,0.08404516779985177,0.8480960033266527,9.629013487445413,5.1328556945528225,0.368891014922194,0.1603425298337881,-0.3441861769315085,-0.1356376918431026,-132.317962941744,93.53516221398601
S43A11T05,10.0,43013,0.3,0.1688791079082862,0.8254969396186176,0.08742005572208617,0.8721363004097611,0.07833730080868727,0.8494784111673097,0.09658267408326252,0.8467598290873707,11.561960253676643,5.724019873081505,0.4264576014388139,0.17196484631451747,-0.4017527634481284,-0.14726000832383196,-135.34060706097802,91.28629096278627
S43A11T05,10.0,43013,0.3333333333333333,0.1997984675081378,0.8139498437150855,0.0971052696017666,0.8763747956422218,0.08582357835126041,0.8491782653040738,0.11032487733868171,0.8450791930519599,13.791582510698632,6.322773199549467,0.4902954776373912,0.18387780678368126,-0.46559063964670566,-0.15917296879299575,-138.35618299012063,89.05132631346062
S43A11T05,10.0,43013,0.36666666666666664,0.23457333191931615,0.7993809157022418,0.10704475740628197,0.8808416034337785,0.09330985589383355,0.8488781194408379,0.12543475471672735,0.8429688863761825,16.353996448127297,6.928924388325891,0.5598543928691823,0.19608729816628595,-0.5351495548784968,-0.17138246017560044,-141.36480226374243,86.83435080305958
S43A11T05,10.0,43013,0.4,0.2733589040684937,0.7816044018986413,0.11724336433221627,0.8854871680610319,0.1007961334364067,0.848577973577602,0.14208758240335198,0.8403222834222103,19.27681187977772,7.542404235937452,0.6341474572921356,0.208599354898536,-0.6094426193014502,-0.18389451690785052,-144.36657203889013,84.63778364786872
S43A11T05,10.0,43013,0.43333333333333335,0.31616358314270576,0.7605718205989397,0.1277060707800752,0.8902613915325077,0.10828241097897982,0.8482778277143662,0.16047110362745867,0.8370062401139745,22.572262742820815,8.16326699096607,0.71175707032281,0.22142015943593324,-0.6870522323321245,-0.19671532144524773,-147.36159480005907,82.46252471693734
S43A11T05,10.0,43013,0.4666666666666667,0.3628200904419821,0.7363940120403271,0.13843799374543603,0.8951136288501425,0.11576868852155296,0.8479776818511303,0.1807850424689496,0.8328548430000554,26.229390158220852,8.791690973008697,0.7908779829956144,0.23455604261456672,-0.766173145004929,-0.20985120462388124,-150.34996808612502,80.30810684996011
S43A11T05,10.0,43013,0.5,0.4129664076213316,0.7093531060229245,0.1494443880917421,0.8999926837896949,0.1232549660641261,0.8476775359878944,0.2032396468872585,0.8276618071545221,30.20681978022776,9.427978661572352,0.8693973458237366,0.24801348386003008,-0.8446925078330512,-0.22330864586934457,-153.33178423864356,78.17285065489838
S43A11T05,10.0,43013,0.5333333333333333,0.4660393156122926,0.6799022991254661,0.16073064770079268,0.90484680521617,0.13074124360669925,0.8473773901246585,0.2280528204109091,0.8211713171998742,34.42870479999909,10.072556469542828,0.9450080992128684,0.26179911123816035,-0.920303261222183,-0.23709427324747484,-156.3071301709086,76.05401702221245
S43A11T05,10.0,43013,0.5666666666666667,0.5212824365888812,0.6486523137738005,0.17230230649676456,0.9096236839494863,0.13822752114927236,0.8470772442614227,0.25544523733012636,0.8130671262660312,38.78672401638941,10.725974405056798,1.015348622074681,0.2759197013415501,-0.9906437840839956,-0.25121486335086457,-159.27608715715928,73.94795367917996
S43A11T05,10.0,43013,0.6,0.5777695349737163,0.616344602998399,0.18416503933938927,0.91427045019469,0.1457137986918455,0.8467770983981868,0.28563262199290196,0.8029597912365269,43.14974115626907,11.388905811639853,1.07815847676983,0.2903821790055642,-1.0534536387791444,-0.26567734101487867,-162.23873064131715,71.85023311950087
S43A11T05,10.0,43013,0.6333333333333333,0.6344425108367016,0.5838126575173659,0.19632466278169533,0.9187336715500539,0.15320007623441864,0.8464769525349509,0.3188141014049955,0.7903720578528014,47.379804007665186,12.062147360590773,1.1314376906968748,0.3051936168473901,-1.1067328527061893,-0.2804887788567046,-165.19513006463737,69.75578013876712
S43A11T05,10.0,43013,0.6666666666666666,0.6901621295260982,0.551934030834776,0.20878713568751586,0.9229593516053752,0.16068635377699178,0.846176806671715,0.3551552096760537,0.7747226588457996,51.35009819817699,12.74661945282146,1.1735956181004827,0.32036123462147004,-1.1488907801097972,-0.2956563966307845,-168.1453487116582,67.65898795996473
S43A11T05,10.0,43013,0.7,0.7437682070932949,0.5215767757859083,0.22155855970375177,0.9268929291417307,0.16817263131956492,0.8458766608084791,0.3947637435422555,0.7553092134176911,54.95945978072557,13.443367170484397,1.203575328794203,0.33589239838450385,-1.1788704908035175,-0.31118756039381834,-171.08944357383874,65.55382253232555
S43A11T05,10.0,43013,0.7333333333333333,0.7941448591295673,0.49354473942708244,0.23464517958218464,0.9304792779428517,0.17565890886213806,0.8455765149452433,0.43765627621089725,0.7312916005140204,58.13989663592797,14.153561902263263,1.2209408832973507,0.3517946194630896,-1.1962360453066652,-0.3270897814724041,-174.02746523028063,63.43391502792673
S43A11T05,10.0,43013,0.7666666666666667,0.8402856673116296,0.4685264749149003,0.2480533833454404,0.9336627072271653,0.18314518640471122,0.8452763690820074,0.48371281407399835,0.7016782272450531,60.85683698080685,14.8785037504378,1.2259178160127582,0.3680755532169688,-1.2012129780220726,-0.34337071522628326,-176.95945774493876,61.29264284521025
S43A11T05,10.0,43013,0.8,0.881353346237076,0.4470523287993133,0.261789702291528,0.9363869627084046,0.19063146394728436,0.8449762232187715,0.5326169864279403,0.6653191466187984,63.10432986934455,15.619624812778326,1.2221191797261204,0.384742997590785,-1.1974143417354348,-0.3600381596000995,-179.88545857973597,59.12319956071376
S43A11T05,10.0,43014,0.0,0.010960802925529037,0.8521797239364326,0.010960802925529037,0.8521797239364326,0.010960802925529037,0.8521797239364326,0.010960802925529037,0.8521797239364327,0.736902207857368,0.736902207857368,0.09757371146931526,0.07716879231437196,-0.07286887347862976,-0.05246395432368646,-64.5814865424119,46.369994291875614
S43A11T05,10.0,43014,0.03333333333333333,0.021397124688803917,0.8519793701999451,0.018325636721776735,0.8526676136269283,0.018447080468102176,0.8518795780731967,0.018535273090787775,0.8520486281548706,1.4386584022452709,1.2312183586234007,0.1193800654525117,0.08239723755968151,-0.0946752274618262,-0.05769239956899601,-65.71323315603404,41.81703783867083
S43A11T05,10.0,43014,0.06666666666666667,0.03311908006898902,0.8516845342832344,0.02545285204278571,0.8546840561919841,0.02593335801067531,0.8515794322099608,0.02634539638504059,0.8518429087446007,2.2269136209145697,1.7057883506472604,0.14302490958613046,0.08745773741662324,-0.11832007159544496,-0.06275289942593774,-66.84337649876406,37.698526417430074
S43A11T05,10.0,43014,0.1,0.046251694383702406,0.851130240871592,0.03235027684428415,0.8581578891793096,0.03341963555324845,0.851279286346725,0.034490222372479944,0.8515520216932396,3.1104792895239632,2.158876690903034,0.1694458123186555,0.09235723878096838,-0.14474097432797,-0.06765240079028288,-67.97193866309549,34.034587315815735
S43A11T05,10.0,43014,0.13333333333333333,0.060978719577358134,0.850085378713126,0.03902564135787884,0.8630180970928574,0.04090591309582159,0.8509791404834891,0.043072769916685155,0.8511610644178053,4.102939832940951,2.5891488526576376,0.1993615291540835,0.09710262443986031,-0.174656691163398,-0.07239778644917481,-69.09894394261049,30.83285558647247
S43A11T05,10.0,43014,0.16666666666666666,0.07754616893806762,0.8482538218564193,0.04548658189876027,0.869193803276276,0.04839219063839473,0.8506789946202532,0.05220119571829501,0.8506500198405494,5.223380481934052,2.995665557984863,0.23355206755375907,0.10170071698948763,-0.20884722956307356,-0.07699587899880213,-70.2244186860513,28.08980066892657
S43A11T05,10.0,43014,0.2,0.09625855411383487,0.8452822089031266,0.05174064468280816,0.8766142614399722,0.055878468180967866,0.8503788487570173,0.06198997455045812,0.8499927435833675,6.49670855746955,3.3778656488193652,0.27278641143452653,0.10615828270887898,-0.24808157344384102,-0.08145344471819348,-71.34839114890514,25.792407809129102
S43A11T05,10.0,43014,0.23333333333333334,0.11746692611850389,0.8407748930170175,0.05779528964720279,0.8852088468591298,0.063364745723541,0.8500787028937814,0.07256108275596768,0.8491556455435179,7.9534648294853865,3.7355397919949036,0.3177374402120982,0.1104820353862149,-0.2930326022214127,-0.0857771973955294,-72.47089134276874,23.92004144603412
S43A11T05,10.0,43014,0.26666666666666666,0.14154857623769365,0.834315896455995,0.06365789426890461,0.8949070472696652,0.07085102326611414,0.8497785570305456,0.08404516779985177,0.8480960033266527,9.629013487445413,4.0687974167473335,0.368891014922194,0.11467864009427194,-0.3441861769315085,-0.08997380210358644,-73.59195088275547,22.446337422103447
S43A11T05,10.0,43014,0.3,0.1688791079082862,0.8254969396186176,0.06933575737561665,0.9056384534887185,0.07833730080868727,0.8494784111673097,0.09658267408326252,0.8467598290873707,11.561960253676643,4.378029242375584,0.4264576014388139,0.1187547169118238,-0.4017527634481284,-0.0940498789211383,-74.71160283321007,21.341001401683762
S43A11T05,10.0,43014,0.3333333333333333,0.1997984675081378,0.8139498437150855,0.07483610294409189,0.9173327497858974,0.08582357835126041,0.8491782653040738,0.11032487733868171,0.8450791930519599,13.791582510698632,4.663867562904009,0.4902954776373912,0.12271684458802347,-0.46559063964670566,-0.09801200659733797,-75.82988155199236,20.571425932097
S43A11T05,10.0,43014,0.36666666666666664,0.23457333191931615,0.7993809157022418,0.08016608388088856,0.9299197040310895,0.09330985589383355,0.8488781194408379,0.12543475471672735,0.8429688863761825,16.353996448127297,4.927146163299983,0.5598543928691823,0.1265715641469753,-0.5351495548784968,-0.10186672615628979,-76.94682253359223,20.10407296564385
S43A11T05,10.0,43014,0.4,0.2733589040684937,0.7816044018986413,0.08533278578091194,0.9433291576442756,0.1007961334364067,0.848577973577602,0.14208758240335198,0.8403222834222103,19.27681187977772,5.168861394588902,0.6341474572921356,0.13032538242988423,-0.6094426193014502,-0.10562054443919873,-78.06246225133393,19.90559877880805
S43A11T05,10.0,43014,0.43333333333333335,0.31616358314270576,0.7605718205989397,0.09034323065930851,0.9574910153723808,0.10828241097897982,0.8482778277143662,0.16047110362745867,0.8370062401139745,22.572262742820815,5.390135572789641,0.71175707032281,0.13398477557233146,-0.6870522323321245,-0.10927993758164596,-79.17683799892858,19.94372211150447
S43A11T05,10.0,43014,0.4666666666666667,0.3628200904419821,0.7363940120403271,0.09520438065249953,0.9723352349178164,0.11576868852155296,0.8479776818511303,0.1807850424689496,0.8328548430000554,26.229390158220852,5.592183519465097,0.7908779829956144,0.13755619241438083,-0.766173145004929,-0.11285135442369533,-80.28998773162967,20.187853419451216
S43A11T05,10.0,43014,0.5,0.4129664076213316,0.7093531060229245,0.0999231416843532,0.9877918164429953,0.1232549660641261,0.8476775359878944,0.2032396468872585,0.8276618071545221,30.20681978022776,5.776282750610764,0.8693973458237366,0.14104605784136062,-0.8446925078330512,-0.11634121985067512,-81.40194990724505,20.609513797141595
S43A11T05,10.0,43014,0.5333333333333333,0.4660393156122926,0.6799022991254661,0.10450636709369984,1.003790791974736,0.13074124360669925,0.8473773901246585,0.2280528204109091,0.8211713171998742,34.42870479999909,5.943747557449769,0.9450080992128684,0.1444607760532985,-0.920303261222183,-0.11975593806261299,-82.51276332725617,21.18257739143872
S43A11T05,10.0,43014,0.5666666666666667,0.5212824365888812,0.6486523137738005,0.10896086121959042,1.0202622147321276,0.13822752114927236,0.8470772442614227,0.25544523733012636,0.8130671262660312,38.78672401638941,6.095907012008981,1.015348622074681,0.1478067337611067,-0.9906437840839956,-0.1231018957704212,-83.62246697829256,21.883372242501032
S43A11T05,10.0,43014,0.6,0.5777695349737163,0.616344602998399,0.11329338294088609,1.0371361484010968,0.1457137986918455,0.8467770983981868,0.28563262199290196,0.8029597912365269,43.14974115626907,6.234086771226362,1.07815847676983,0.15109030330772433,-1.0534536387791444,-0.12638546531703881,-84.73109987420798,22.690672719382377
S43A11T05,10.0,43014,0.6333333333333333,0.6344425108367016,0.5838126575173659,0.11751064916694506,1.054342656378609,0.15320007623441864,0.8464769525349509,0.3188141014049955,0.7903720578528014,47.379804007665186,6.359594441282034,1.1314376906968748,0.15431784571252372,-1.1067328527061893,-0.1296130077218382,-85.83870089899993,23.585613173309383
S43A11T05,10.0,43014,0.6666666666666666,0.6901621295260982,0.551934030834776,0.12161933827634358,1.0718117910091454,0.16068635377699178,0.846176806671715,0.3551552096760537,0.7747226588457996,51.35009819817699,6.473708192312502,1.1735956181004827,0.1574957136373784,-1.1488907801097972,-0.1327908756466929,-86.94530865081265,24.55154800206781
S43A11T05,10.0,43014,0.7,0.7437682070932949,0.5215767757859083,0.1256260935007273,1.0894735828358397,0.16817263131956492,0.8458766608084791,0.3947637435422555,0.7553092134176911,54.95945978072557,6.57766827530131,1.203575328794203,0.16063025427286914,-1.1788704908035175,-0.13592541628218363,-88.05096128726073,25.573878657504338
S43A11T05,10.0,43014,0.7333333333333333,0.7941448591295673,0.49354473942708244,0.12953752625104126,1.1072580298884085,0.17565890886213806,0.8455765149452433,0.43765627621089725,0.7312916005140204,58.13989663592797,6.672671080438007,1.2209408832973507,0.16372781214317528,-1.1962360453066652,-0.13902297415248976,-89.15569637230604,26.63986367234608
S43A11T05,10.0,43014,0.7666666666666667,0.8402856673116296,0.4685264749149003,0.13336021938352952,1.125095087029807,0.18314518640471122,0.8452763690820074,0.48371281407399835,0.7016782272450531,60.85683698080685,6.759865382908769,1.2259178160127582,0.1667947318282618,-1.2012129780220726,-0.1420898938375763,-90.25955072491875,27.738423792056565
S43A11T05,10.0,43014,0.8,0.881353346237076,0.4470523287993133,0.1371007304030283,1.1429146553833545,0.19063146394728436,0.8449762232187715,0.5326169864279403,0.6653191466187984,63.10432986934455,6.840350442147636,1.2221191797261204,0.16983736060202567,-1.1974143417354348,-0.1451325226113402,-91.36256026974925,28.859950897330485
