trial,from_frame0,to_frame0,max_joint,max_joint_step_m,com_step_m,limb_scale_step_fraction,reason
S43A10T01,179,180,thumb_right,0.22250158528856304,0.014898569327461243,0.011696149028948,joint step >0.2m and/or scale change >3.0%; review only
S43A10T01,180,181,foot_right,0.08398975635340913,0.029288785925858412,0.07272621448061496,joint step >0.2m and/or scale change >3.0%; review only
S43A10T02,113,114,ear_left,0.10400625170410498,0.05823026517589497,0.04692512847606465,joint step >0.2m and/or scale change >3.0%; review only
S43A10T02,114,115,eye_right,1.1364309563944346,0.49411247980672507,0.09159196084032564,joint step >0.2m and/or scale change >3.0%; review only
S43A10T02,128,129,handtip_left,0.23236548332390142,0.07059629046913547,0.015827066087514722,joint step >0.2m and/or scale change >3.0%; review only
S43A10T02,135,136,knee_left,0.1881975956461391,0.08672265559861689,0.031034828484852072,joint step >0.2m and/or scale change >3.0%; review only
S43A10T02,137,138,hand_left,0.29123074744120386,0.10138913723716785,0.07608330643513796,joint step >0.2m and/or scale change >3.0%; review only
S43A10T02,142,143,foot_right,0.48375465385284055,0.09072827538567568,0.04095996195314664,joint step >0.2m and/or scale change >3.0%; review only
S43A10T02,147,148,foot_right,0.24443669037657886,0.03177785161079891,0.011690534577116917,joint step >0.2m and/or scale change >3.0%; review only
S43A10T02,148,149,handtip_left,0.2952048930822073,0.08498674986916699,0.0429191810470321,joint step >0.2m and/or scale change >3.0%; review only
S43A10T03,100,101,wrist_right,0.15084265275186978,0.0398371581899801,0.040898724993220316,joint step >0.2m and/or scale change >3.0%; review only
S43A10T03,104,105,handtip_right,0.20246267619045646,0.04146481919702743,0.001995918911139661,joint step >0.2m and/or scale change >3.0%; review only
S43A10T03,108,109,ear_left,1.174255496944228,0.5655009724593212,0.018290360994024528,joint step >0.2m and/or scale change >3.0%; review only
S43A10T03,124,125,wrist_right,0.24293561617185055,0.022392300003422613,0.015007628520086441,joint step >0.2m and/or scale change >3.0%; review only
S43A10T03,125,126,handtip_right,0.2432822125969921,0.02033967099677406,0.01275226731966104,joint step >0.2m and/or scale change >3.0%; review only
S43A10T03,129,130,elbow_right,0.1358593143342359,0.04189334984165649,0.047313925917271765,joint step >0.2m and/or scale change >3.0%; review only
S43A10T03,133,134,thumb_left,0.20891599231078006,0.02683046068811816,0.0007313671233923888,joint step >0.2m and/or scale change >3.0%; review only
S43A10T03,135,136,foot_left,0.3057368321704343,0.03618597198946432,0.07926390798612185,joint step >0.2m and/or scale change >3.0%; review only
S43A10T03,137,138,foot_left,0.19456048656917302,0.05104646764614318,0.06867905149198869,joint step >0.2m and/or scale change >3.0%; review only
S43A10T03,141,142,foot_left,0.10547639281606651,0.025775216403503023,0.061244810349446115,joint step >0.2m and/or scale change >3.0%; review only
S43A10T03,143,144,foot_right,0.32240756742508675,0.033727230395729633,0.033489341414822044,joint step >0.2m and/or scale change >3.0%; review only
S43A10T03,151,152,foot_right,0.31857883147468585,0.08249658530856255,0.22651203978638768,joint step >0.2m and/or scale change >3.0%; review only
S43A10T03,152,153,foot_right,0.09308051482221026,0.027112990496917882,0.06953197656454564,joint step >0.2m and/or scale change >3.0%; review only
S43A10T03,153,154,ankle_left,0.09187981184497317,0.021646758844732543,0.06764669916357254,joint step >0.2m and/or scale change >3.0%; review only
S43A10T03,154,155,foot_right,0.1550070633119592,0.04218035916883351,0.06840710720289782,joint step >0.2m and/or scale change >3.0%; review only
S43A10T03,158,159,foot_left,0.21770503698140156,0.028972129246483073,0.050905468444870566,joint step >0.2m and/or scale change >3.0%; review only
S43A10T03,163,164,ankle_right,0.09729357525392675,0.011285864178612508,0.03409166874086297,joint step >0.2m and/or scale change >3.0%; review only
S43A10T03,164,165,foot_right,0.26573748305296363,0.03180758541638526,0.0022386907293916593,joint step >0.2m and/or scale change >3.0%; review only
S43A10T03,165,166,hand_right,0.25776799402114237,0.006316300131478385,0.004899704491204152,joint step >0.2m and/or scale change >3.0%; review only
S43A10T03,168,169,thumb_right,0.20453731252616297,0.006999844768052686,0.0032549740782511923,joint step >0.2m and/or scale change >3.0%; review only
S43A10T03,171,172,wrist_right,0.35206285005397403,0.011528202701376855,0.05195449439153778,joint step >0.2m and/or scale change >3.0%; review only
S43A10T03,202,203,foot_right,0.05910634757884309,0.011980854007446168,0.04197058954693794,joint step >0.2m and/or scale change >3.0%; review only
S43A10T03,212,213,thumb_right,0.579156749816249,0.01823174802033504,0.006508719034411703,joint step >0.2m and/or scale change >3.0%; review only
S43A10T03,215,216,hand_right,0.21315690913918647,0.011116991764525016,0.0035218058685126817,joint step >0.2m and/or scale change >3.0%; review only
S43A10T03,219,220,wrist_right,0.2885663424199546,0.012951871666609728,0.014743393412669864,joint step >0.2m and/or scale change >3.0%; review only
S43A10T03,223,224,foot_right,0.20086642647903732,0.00865671231779569,0.004102172897740249,joint step >0.2m and/or scale change >3.0%; review only
S43A10T03,224,225,wrist_right,0.18713110023362833,0.01674148051487643,0.03374905955568132,joint step >0.2m and/or scale change >3.0%; review only
S43A10T03,232,233,foot_right,0.5672281649661024,0.0430825906651284,0.03388423916945033,joint step >0.2m and/or scale change >3.0%; review only
S43A10T03,239,240,foot_right,0.2846013349894132,0.027110502114528905,0.028856323038235664,joint step >0.2m and/or scale change >3.0%; review only
S43A10T04,98,99,elbow_right,0.237937047189268,0.13933998052749597,0.005137659235492317,joint step >0.2m and/or scale change >3.0%; review only
S43A10T04,100,101,thumb_left,0.3522250415111587,0.08279853629921809,0.04264938531518114,joint step >0.2m and/or scale change >3.0%; review only
S43A10T04,101,102,handtip_left,0.37063365261090264,0.10450771689836774,0.06378632709286111,joint step >0.2m and/or scale change >3.0%; review only
S43A10T04,102,103,foot_right,0.43436702506855934,0.14848526254211727,0.07678521362894579,joint step >0.2m and/or scale change >3.0%; review only
S43A10T04,104,105,foot_right,0.4961265279221032,0.062282316523573286,0.1074686928030517,joint step >0.2m and/or scale change >3.0%; review only
S43A10T04,107,108,thumb_right,0.3102625478128739,0.03284601078518347,0.013321407986779901,joint step >0.2m and/or scale change >3.0%; review only
S43A10T04,108,109,wrist_left,0.23711484283224976,0.05033289936597416,0.02006491286984669,joint step >0.2m and/or scale change >3.0%; review only
S43A10T04,109,110,handtip_left,0.31594430341208524,0.07566726437497098,0.023700043597283227,joint step >0.2m and/or scale change >3.0%; review only
S43A10T04,123,124,knee_right,0.144519055308758,0.0369500199943377,0.040218277827224126,joint step >0.2m and/or scale change >3.0%; review only
S43A10T04,125,126,foot_left,0.1633347140971753,0.06338022488063368,0.09748466651028645,joint step >0.2m and/or scale change >3.0%; review only
S43A10T04,127,128,foot_right,0.258736474289296,0.0371861938321054,0.07708622823460255,joint step >0.2m and/or scale change >3.0%; review only
S43A10T04,128,129,elbow_left,0.17446013141079186,0.024988315891213694,0.037175137471839474,joint step >0.2m and/or scale change >3.0%; review only
S43A10T04,129,130,handtip_left,0.22551979051175722,0.01824941490398638,0.00694471510519901,joint step >0.2m and/or scale change >3.0%; review only
S43A10T04,130,131,foot_right,0.2094999922155479,0.01504591872169734,0.005366412070615313,joint step >0.2m and/or scale change >3.0%; review only
S43A10T04,132,133,handtip_right,0.40779220825666745,0.015667709847107112,0.00737365847308509,joint step >0.2m and/or scale change >3.0%; review only
S43A10T04,133,134,elbow_right,0.2513121409100936,0.014777846339228953,0.00763011248062768,joint step >0.2m and/or scale change >3.0%; review only
S43A10T04,137,138,foot_left,0.15299986278392286,0.0519143056999804,0.09055455262900974,joint step >0.2m and/or scale change >3.0%; review only
S43A10T04,139,140,handtip_right,0.34000339153290304,0.014965197669092137,0.04519843778668787,joint step >0.2m and/or scale change >3.0%; review only
S43A10T04,140,141,elbow_right,0.1291538375469655,0.019733578139287826,0.031336475479477884,joint step >0.2m and/or scale change >3.0%; review only
S43A10T04,171,172,foot_right,0.15925194759702058,0.040096731331976485,0.07246917702666537,joint step >0.2m and/or scale change >3.0%; review only
S43A10T04,172,173,foot_right,0.23946761030690336,0.016182242547449228,0.01127671360531114,joint step >0.2m and/or scale change >3.0%; review only
S43A10T04,204,205,thumb_right,0.2561678933597303,0.005895022137377781,0.011375654021637916,joint step >0.2m and/or scale change >3.0%; review only
S43A10T04,215,216,ankle_right,0.20208554058078218,0.02869118397623375,0.008588438012274845,joint step >0.2m and/or scale change >3.0%; review only
S43A10T04,221,222,elbow_right,0.14465057815230578,0.029326170333847067,0.053888823741804086,joint step >0.2m and/or scale change >3.0%; review only
S43A10T04,222,223,elbow_right,0.11731043869729314,0.01864623970559021,0.03390833122487044,joint step >0.2m and/or scale change >3.0%; review only
S43A10T04,223,224,nose,0.058736443915606486,0.026874561522844315,0.030617989714069354,joint step >0.2m and/or scale change >3.0%; review only
S43A10T05,90,91,ear_left,0.11137309036582192,0.05619922027796062,0.040828042110536436,joint step >0.2m and/or scale change >3.0%; review only
S43A10T05,92,93,eye_left,1.1289263370809581,0.5196143131917049,0.026627815460839074,joint step >0.2m and/or scale change >3.0%; review only
S43A10T05,103,104,handtip_right,0.3082869844205718,0.048482472278593314,0.014385861492625962,joint step >0.2m and/or scale change >3.0%; review only
S43A10T05,110,111,thumb_right,0.157958600961424,0.05526624570484273,0.04407989743820507,joint step >0.2m and/or scale change >3.0%; review only
S43A10T05,114,115,hand_right,0.22980966096417252,0.03960540427590358,0.0022951663187787685,joint step >0.2m and/or scale change >3.0%; review only
S43A10T05,115,116,ear_left,0.22082130311204623,0.09740911644679322,0.13413797652567508,joint step >0.2m and/or scale change >3.0%; review only
S43A10T05,116,117,thumb_left,0.291911367907263,0.11571900054911988,0.16091701126683916,joint step >0.2m and/or scale change >3.0%; review only
S43A10T05,118,119,foot_right,0.2129261534661786,0.012182437973606726,0.013680221150661762,joint step >0.2m and/or scale change >3.0%; review only
S43A10T05,120,121,handtip_right,0.9084969007914274,0.034685721940495934,0.0597887925254422,joint step >0.2m and/or scale change >3.0%; review only
S43A10T05,121,122,handtip_left,0.9412838981687565,0.08591905593839169,0.0054798295097863905,joint step >0.2m and/or scale change >3.0%; review only
S43A10T05,122,123,foot_right,0.44364617997775346,0.06542712450271745,0.09762648162932396,joint step >0.2m and/or scale change >3.0%; review only
S43A10T05,123,124,handtip_left,0.09434141718982782,0.03473661479318104,0.041506745444484336,joint step >0.2m and/or scale change >3.0%; review only
S43A10T05,127,128,foot_right,0.20436813639873133,0.038349992501370375,0.13435988132584595,joint step >0.2m and/or scale change >3.0%; review only
S43A10T05,128,129,ankle_right,0.08276496015753461,0.016272661140925463,0.04258700657679094,joint step >0.2m and/or scale change >3.0%; review only
S43A10T05,129,130,foot_right,0.3217463778136848,0.05708095689309073,0.11907525521200278,joint step >0.2m and/or scale change >3.0%; review only
S43A10T05,133,134,foot_left,0.24773338809015463,0.03975764111568149,0.026811911440073628,joint step >0.2m and/or scale change >3.0%; review only
S43A10T05,138,139,foot_right,0.3630608990893894,0.05576526763446042,0.06256488278377342,joint step >0.2m and/or scale change >3.0%; review only
S43A10T05,149,150,shoulder_left,0.08699015126772883,0.025570996798802585,0.04079603365557923,joint step >0.2m and/or scale change >3.0%; review only
S43A10T05,153,154,foot_right,0.08428542892978408,0.021720552153733096,0.03228299389275569,joint step >0.2m and/or scale change >3.0%; review only
S43A10T05,155,156,foot_left,0.1395008949444205,0.011640463285391927,0.05241170155352998,joint step >0.2m and/or scale change >3.0%; review only
S43A10T05,183,184,foot_right,0.22083880753929816,0.01830123112703104,0.0057868242979318306,joint step >0.2m and/or scale change >3.0%; review only
S43A10T05,188,189,foot_right,0.2557606160361522,0.018643796678869833,0.010251112542579481,joint step >0.2m and/or scale change >3.0%; review only
S43A10T05,194,195,foot_right,0.22153152050121916,0.01868875840019732,0.04264823036878554,joint step >0.2m and/or scale change >3.0%; review only
S43A10T05,199,200,elbow_right,0.06932785798241804,0.02480424126564691,0.04153577530287344,joint step >0.2m and/or scale change >3.0%; review only
S43A10T05,202,203,elbow_right,0.08432196161977865,0.015405652389477241,0.04584517193740996,joint step >0.2m and/or scale change >3.0%; review only
S43A10T05,231,232,thumb_right,0.21117682208774455,0.036866736568778244,0.0045484674445211955,joint step >0.2m and/or scale change >3.0%; review only
S43A11T01,86,87,foot_left,0.2218718512111021,0.03570370266609816,0.01500118762727686,joint step >0.2m and/or scale change >3.0%; review only
S43A11T01,138,139,foot_left,0.20673619944988797,0.019638301541727722,0.01116938878575165,joint step >0.2m and/or scale change >3.0%; review only
S43A11T01,146,147,ankle_left,0.22631334940044562,0.025583981371844054,0.014702225214045486,joint step >0.2m and/or scale change >3.0%; review only
S43A11T02,8,9,nose,0.1239435798180071,0.038452399226046464,0.038490045585366936,joint step >0.2m and/or scale change >3.0%; review only
S43A11T02,9,10,handtip_right,0.21274219500647723,0.016049349158932417,0.004284429044228489,joint step >0.2m and/or scale change >3.0%; review only
S43A11T02,13,14,handtip_left,0.24277413851743904,0.03198853775924868,0.022830937706398918,joint step >0.2m and/or scale change >3.0%; review only
S43A11T02,14,15,handtip_left,0.07949839500666196,0.014415614604849464,0.043178134246964095,joint step >0.2m and/or scale change >3.0%; review only
S43A11T02,15,16,ankle_left,0.25837160034468704,0.020117973527237248,0.017274732617383454,joint step >0.2m and/or scale change >3.0%; review only
S43A11T02,55,56,foot_left,0.2018816923344698,0.02711058404492944,0.020594077709409856,joint step >0.2m and/or scale change >3.0%; review only
S43A11T02,77,78,ankle_left,0.2354585387327237,0.03329113121460422,0.00010158162460031123,joint step >0.2m and/or scale change >3.0%; review only
S43A11T02,161,162,handtip_left,0.5214926533940614,0.053049322854043596,0.016228833319949423,joint step >0.2m and/or scale change >3.0%; review only
S43A11T02,162,163,wrist_left,0.2680235818533664,0.0626522936744768,0.011915902131717707,joint step >0.2m and/or scale change >3.0%; review only
S43A11T02,163,164,thumb_left,0.26951175956608286,0.08852497802789827,7.506902738307039e-05,joint step >0.2m and/or scale change >3.0%; review only
S43A11T02,165,166,thumb_left,0.22983629031631042,0.11867605400371743,0.02576658349616977,joint step >0.2m and/or scale change >3.0%; review only
S43A11T02,166,167,eye_left,0.1476617924642496,0.08898928630286815,0.03300298995025957,joint step >0.2m and/or scale change >3.0%; review only
S43A11T02,167,168,foot_right,0.17569782499102898,0.10437622897856406,0.05363684397576566,joint step >0.2m and/or scale change >3.0%; review only
S43A11T02,168,169,ankle_right,0.18407732715446712,0.0630985069993088,0.03205386366798474,joint step >0.2m and/or scale change >3.0%; review only
S43A11T02,170,171,foot_left,0.23087352301222633,0.05918974848958767,0.0921572629603038,joint step >0.2m and/or scale change >3.0%; review only
S43A11T02,173,174,handtip_right,0.708978978365939,0.05716601896348652,0.029952602394521872,joint step >0.2m and/or scale change >3.0%; review only
S43A11T02,189,190,ear_right,0.06585214099870075,0.02450349208639897,0.03322409944434172,joint step >0.2m and/or scale change >3.0%; review only
S43A11T02,191,192,foot_right,0.11321956641052956,0.02117659655311799,0.050659197006285635,joint step >0.2m and/or scale change >3.0%; review only
S43A11T02,194,195,ear_left,0.07725208057887076,0.024952871364219822,0.03279451596869145,joint step >0.2m and/or scale change >3.0%; review only
S43A11T02,196,197,ankle_left,0.312455019020758,0.03263160433701173,0.054319606276172216,joint step >0.2m and/or scale change >3.0%; review only
S43A11T02,203,204,foot_left,0.2977878195826354,0.032335794740647406,0.01184066361455417,joint step >0.2m and/or scale change >3.0%; review only
S43A11T02,205,206,foot_left,0.22337590241246771,0.025294694545616343,0.03591729620594163,joint step >0.2m and/or scale change >3.0%; review only
S43A11T02,206,207,foot_left,0.12644793376827707,0.015857152837990236,0.03494212748720098,joint step >0.2m and/or scale change >3.0%; review only
S43A11T02,219,220,foot_left,0.2894488286487167,0.031360727832390425,0.044661288749606454,joint step >0.2m and/or scale change >3.0%; review only
S43A11T02,223,224,foot_left,0.0915755234217032,0.02964372860020121,0.034309504054454085,joint step >0.2m and/or scale change >3.0%; review only
S43A11T02,235,236,wrist_right,0.27227740523403593,0.015523974607715022,0.009310901737976747,joint step >0.2m and/or scale change >3.0%; review only
S43A11T02,237,238,foot_left,0.29599623006313647,0.038265215519811976,0.017132626155513565,joint step >0.2m and/or scale change >3.0%; review only
S43A11T02,241,242,thumb_right,0.202922111908578,0.013307346187827567,0.0343349764711602,joint step >0.2m and/or scale change >3.0%; review only
S43A11T02,245,246,ear_right,0.08348657498691883,0.015696547120965024,0.03621039428487578,joint step >0.2m and/or scale change >3.0%; review only
S43A11T02,247,248,elbow_right,0.3622062422964932,0.0173388991832429,0.017921760461794087,joint step >0.2m and/or scale change >3.0%; review only
S43A11T02,248,249,handtip_right,0.2803787108059819,0.013662118246624484,0.008107038490375643,joint step >0.2m and/or scale change >3.0%; review only
S43A11T02,249,250,wrist_right,0.2535774642195221,0.016436409454828525,0.006155857709812033,joint step >0.2m and/or scale change >3.0%; review only
S43A11T02,250,251,hand_right,0.3054961744099728,0.018108086471051017,0.018535339445640474,joint step >0.2m and/or scale change >3.0%; review only
S43A11T02,251,252,foot_left,0.22716917760596597,0.012646256438297207,0.013568651488500704,joint step >0.2m and/or scale change >3.0%; review only
S43A11T02,252,253,handtip_right,0.22530793880435707,0.030400147679086238,0.006669037543279142,joint step >0.2m and/or scale change >3.0%; review only
S43A11T02,268,269,foot_left,0.28290375824926617,0.05430764611987972,0.018982087251205,joint step >0.2m and/or scale change >3.0%; review only
S43A11T02,272,273,wrist_left,0.2235887540042513,0.01794051114490457,0.017460260514645304,joint step >0.2m and/or scale change >3.0%; review only
S43A11T02,274,275,wrist_left,0.27658873281046914,0.019200257727282656,0.013891497288432895,joint step >0.2m and/or scale change >3.0%; review only
S43A11T02,277,278,wrist_right,0.08832934015874104,0.034107213665421895,0.04374096393248438,joint step >0.2m and/or scale change >3.0%; review only
S43A11T02,278,279,thumb_left,0.21997631539584178,0.02025274509946194,0.007433290690764496,joint step >0.2m and/or scale change >3.0%; review only
S43A11T02,286,287,wrist_left,0.08679197249175438,0.02500801748790293,0.035065671113585745,joint step >0.2m and/or scale change >3.0%; review only
S43A11T02,291,292,thumb_left,0.11378651593285889,0.048753821373758166,0.04017361681519443,joint step >0.2m and/or scale change >3.0%; review only
S43A11T02,292,293,thumb_left,0.1915776409604083,0.07041142147959417,0.0649502315000717,joint step >0.2m and/or scale change >3.0%; review only
S43A11T02,293,294,wrist_left,0.3337505325631486,0.029868765237460015,0.02217678841631123,joint step >0.2m and/or scale change >3.0%; review only
S43A11T02,294,295,handtip_left,0.6151998921978767,0.018378483280281042,0.02988223168153512,joint step >0.2m and/or scale change >3.0%; review only
S43A11T02,295,296,handtip_left,0.5897096613150868,0.03837339802893105,0.07476201780701755,joint step >0.2m and/or scale change >3.0%; review only
S43A11T02,297,298,handtip_left,0.165328783815842,0.019869724371029993,0.03122732476710145,joint step >0.2m and/or scale change >3.0%; review only
S43A11T02,300,301,handtip_left,0.17513104120972586,0.03552117129367839,0.035403995122141776,joint step >0.2m and/or scale change >3.0%; review only
S43A11T03,21,22,handtip_left,0.22001561056512164,0.0035020633453796217,0.005433266885478945,joint step >0.2m and/or scale change >3.0%; review only
S43A11T03,23,24,hand_left,0.07524364359132649,0.0121445282349683,0.03720256703292527,joint step >0.2m and/or scale change >3.0%; review only
S43A11T03,31,32,knee_left,0.12303082016946834,0.03786098930094551,0.0837064101418626,joint step >0.2m and/or scale change >3.0%; review only
S43A11T03,33,34,foot_left,0.05506282323216466,0.018640841040687983,0.04093317827989329,joint step >0.2m and/or scale change >3.0%; review only
S43A11T03,38,39,handtip_left,0.08869166257599086,0.015287119041744613,0.03491500242339426,joint step >0.2m and/or scale change >3.0%; review only
S43A11T03,43,44,hand_left,0.05320615442487161,0.011797778482492376,0.03784485944602217,joint step >0.2m and/or scale change >3.0%; review only
S43A11T03,49,50,foot_left,0.042529111280769784,0.008244957831079371,0.034509083183612344,joint step >0.2m and/or scale change >3.0%; review only
S43A11T03,60,61,nose,0.056407763546195415,0.01609871828542834,0.06996478270131026,joint step >0.2m and/or scale change >3.0%; review only
S43A11T03,62,63,hand_left,0.066870143021993,0.005534437912024441,0.03137699412440455,joint step >0.2m and/or scale change >3.0%; review only
S43A11T03,139,140,foot_left,0.266801937532224,0.03704808765132907,0.010673421391622721,joint step >0.2m and/or scale change >3.0%; review only
S43A11T03,143,144,elbow_left,0.20337279767405292,0.07050791873362168,0.03071726698817273,joint step >0.2m and/or scale change >3.0%; review only
S43A11T03,144,145,handtip_left,0.5093538067006464,0.08793087569390316,0.001496514504661778,joint step >0.2m and/or scale change >3.0%; review only
S43A11T03,147,148,ankle_right,0.1580998346011338,0.09299943868056551,0.06345766007926604,joint step >0.2m and/or scale change >3.0%; review only
S43A11T03,148,149,ankle_right,0.1317986411126848,0.09060403572583797,0.07159464255219677,joint step >0.2m and/or scale change >3.0%; review only
S43A11T03,150,151,foot_right,0.15542468437661933,0.05356915472350063,0.12655377367129042,joint step >0.2m and/or scale change >3.0%; review only
S43A11T03,153,154,hand_left,0.5984519672075044,0.05416889413759793,0.051727807843742306,joint step >0.2m and/or scale change >3.0%; review only
S43A11T03,171,172,hand_left,0.21469399867511868,0.04200953710082094,0.046938495324440825,joint step >0.2m and/or scale change >3.0%; review only
S43A11T03,172,173,foot_right,0.1405169572036522,0.022504061808146385,0.044611444211152235,joint step >0.2m and/or scale change >3.0%; review only
S43A11T03,175,176,foot_left,0.3066024764078398,0.06332619025490727,0.07013264319275223,joint step >0.2m and/or scale change >3.0%; review only
S43A11T03,202,203,shoulder_left,0.051557588093019135,0.02011659800051502,0.03622646029328387,joint step >0.2m and/or scale change >3.0%; review only
S43A11T03,211,212,foot_left,0.21625397481101097,0.03445998442545098,0.026865218111371866,joint step >0.2m and/or scale change >3.0%; review only
S43A11T03,212,213,hand_right,0.21912509372139893,0.014165231794984868,0.006053518005777913,joint step >0.2m and/or scale change >3.0%; review only
S43A11T03,213,214,elbow_left,0.09101485679142629,0.013832101611241248,0.03294925254506768,joint step >0.2m and/or scale change >3.0%; review only
S43A11T03,220,221,nose,0.14031590800337784,0.029774459015350387,0.04144474192355069,joint step >0.2m and/or scale change >3.0%; review only
S43A11T03,222,223,ankle_left,0.11777061782175482,0.0400721494226321,0.04406567950370363,joint step >0.2m and/or scale change >3.0%; review only
S43A11T03,223,224,eye_left,0.13202532552902388,0.02523047545480095,0.07001563062129774,joint step >0.2m and/or scale change >3.0%; review only
S43A11T03,224,225,wrist_right,0.31515892361619813,0.01157842379912365,0.03257156876115989,joint step >0.2m and/or scale change >3.0%; review only
S43A11T03,225,226,handtip_right,0.26529784630631226,0.01590883480518954,0.05317058039945078,joint step >0.2m and/or scale change >3.0%; review only
S43A11T03,227,228,wrist_right,0.2731354115482377,0.021618934417725576,0.01165626341969605,joint step >0.2m and/or scale change >3.0%; review only
S43A11T03,228,229,hand_right,0.30904654077684773,0.008753550602289018,0.013509050301532067,joint step >0.2m and/or scale change >3.0%; review only
S43A11T03,229,230,foot_left,0.21978268359122288,0.01563152846893829,0.003245954537585932,joint step >0.2m and/or scale change >3.0%; review only
S43A11T03,231,232,ankle_left,0.2670821563563131,0.04794097783927873,0.03395934657943174,joint step >0.2m and/or scale change >3.0%; review only
S43A11T03,232,233,foot_left,0.30671525894808804,0.03247247809612836,0.011945653293325765,joint step >0.2m and/or scale change >3.0%; review only
S43A11T03,234,235,foot_left,0.21920089146067528,0.04214519672479768,0.024176810337134987,joint step >0.2m and/or scale change >3.0%; review only
S43A11T03,235,236,wrist_left,0.26394409581379324,0.014034572137723758,0.0074020892308939,joint step >0.2m and/or scale change >3.0%; review only
S43A11T04,104,105,handtip_left,0.5101733180268015,0.07522769170140912,0.04258790759808095,joint step >0.2m and/or scale change >3.0%; review only
S43A11T04,105,106,hand_left,0.39043900219573396,0.056353609249555466,0.014510643447718241,joint step >0.2m and/or scale change >3.0%; review only
S43A11T04,106,107,eye_right,0.21049521419602168,0.07464295004589594,0.023596700913131183,joint step >0.2m and/or scale change >3.0%; review only
S43A11T04,107,108,handtip_left,0.3857176824785102,0.09112096872030903,0.01205308758787494,joint step >0.2m and/or scale change >3.0%; review only
S43A11T04,109,110,ear_right,0.14828355168226073,0.0804800451861838,0.043513486066899226,joint step >0.2m and/or scale change >3.0%; review only
S43A11T04,110,111,foot_left,0.23485660299385225,0.07050479870238849,0.12945136997037893,joint step >0.2m and/or scale change >3.0%; review only
S43A11T04,112,113,ear_left,0.15649237563634733,0.06737404370262343,0.04246491389104361,joint step >0.2m and/or scale change >3.0%; review only
S43A11T04,113,114,foot_right,0.2427521793503396,0.056997035740288714,0.19920723036047164,joint step >0.2m and/or scale change >3.0%; review only
S43A11T04,114,115,handtip_right,0.7601685654025413,0.06978473899874804,0.3438883925723344,joint step >0.2m and/or scale change >3.0%; review only
S43A11T04,152,153,foot_right,0.13190441374914777,0.017562269304111817,0.03827286561878403,joint step >0.2m and/or scale change >3.0%; review only
S43A11T04,153,154,wrist_left,0.27174663840316593,0.008587511738361808,0.004032914603345891,joint step >0.2m and/or scale change >3.0%; review only
S43A11T04,155,156,wrist_left,0.24744148029123206,0.020404514429046224,0.004578997376449895,joint step >0.2m and/or scale change >3.0%; review only
S43A11T04,157,158,wrist_left,0.20533106642598703,0.03392864867396408,0.017584961383397258,joint step >0.2m and/or scale change >3.0%; review only
S43A11T04,160,161,wrist_right,0.12509643873746343,0.01687308612163029,0.05676119863064586,joint step >0.2m and/or scale change >3.0%; review only
S43A11T04,167,168,wrist_left,0.2969997276158521,0.013596045777435643,0.0037333451271822273,joint step >0.2m and/or scale change >3.0%; review only
S43A11T04,170,171,eye_right,0.06254536169955767,0.032719670148559386,0.042270499870515704,joint step >0.2m and/or scale change >3.0%; review only
S43A11T04,172,173,ankle_left,0.12764296582411064,0.025423789508492806,0.030778261821269956,joint step >0.2m and/or scale change >3.0%; review only
S43A11T04,174,175,handtip_left,0.36463235731519344,0.005660909042004369,0.010074319688776324,joint step >0.2m and/or scale change >3.0%; review only
S43A11T04,175,176,thumb_left,0.21521312484765825,0.013673325634941579,0.012291675484583355,joint step >0.2m and/or scale change >3.0%; review only
S43A11T04,180,181,elbow_right,0.1442184281587741,0.03629465405250147,0.03427123137634664,joint step >0.2m and/or scale change >3.0%; review only
S43A11T04,182,183,hand_right,0.22522375544703904,0.009937844354671472,0.009033696794582444,joint step >0.2m and/or scale change >3.0%; review only
S43A11T04,183,184,handtip_left,0.7215576757518639,0.10926608973567908,0.003041258537405105,joint step >0.2m and/or scale change >3.0%; review only
S43A11T04,184,185,foot_left,0.20960979467460844,0.03342791718622051,0.022879310421188435,joint step >0.2m and/or scale change >3.0%; review only
S43A11T04,188,189,hand_left,0.2786623086214013,0.012534362032917294,0.000233485320063467,joint step >0.2m and/or scale change >3.0%; review only
S43A11T04,240,241,foot_left,0.29299591913922074,0.020578873947767033,0.02658457669741926,joint step >0.2m and/or scale change >3.0%; review only
S43A11T05,67,68,wrist_right,0.11404629042656077,0.03340240495447481,0.05987518367226323,joint step >0.2m and/or scale change >3.0%; review only
S43A11T05,68,69,handtip_left,0.24604608541783685,0.027293846564749636,0.018901592066019317,joint step >0.2m and/or scale change >3.0%; review only
S43A11T05,70,71,thumb_left,0.09019725503951717,0.030552981182710066,0.04408208891829193,joint step >0.2m and/or scale change >3.0%; review only
S43A11T05,85,86,foot_right,0.40934494057305,0.12672479868387015,0.0011658350159120903,joint step >0.2m and/or scale change >3.0%; review only
S43A11T05,89,90,nose,0.1303688187500733,0.07361120596408685,0.04877426193367966,joint step >0.2m and/or scale change >3.0%; review only
S43A11T05,90,91,wrist_left,0.35983594898493315,0.07592728034049509,0.0228202833025358,joint step >0.2m and/or scale change >3.0%; review only
S43A11T05,91,92,handtip_left,0.3342842616194841,0.07328440744839665,0.0023742307985179134,joint step >0.2m and/or scale change >3.0%; review only
S43A11T05,92,93,handtip_left,0.13888709471442406,0.0791629005289607,0.05510815126941496,joint step >0.2m and/or scale change >3.0%; review only
S43A11T05,93,94,nose,0.14169729934750475,0.08216494287126436,0.04603632257792178,joint step >0.2m and/or scale change >3.0%; review only
S43A11T05,94,95,ankle_left,0.3644121068273552,0.1394792730559112,0.06607661786438887,joint step >0.2m and/or scale change >3.0%; review only
S43A11T05,96,97,handtip_right,0.8912431623009164,0.08328823680173537,0.038122137565766205,joint step >0.2m and/or scale change >3.0%; review only
S43A11T05,145,146,foot_right,0.08599277686246988,0.015159727083378087,0.03386969520946473,joint step >0.2m and/or scale change >3.0%; review only
S43A11T05,146,147,wrist_right,0.1362703251537474,0.016606789733501236,0.04296082865805048,joint step >0.2m and/or scale change >3.0%; review only
S43A11T05,149,150,foot_right,0.1429547376851864,0.0254436980237328,0.03275162642047226,joint step >0.2m and/or scale change >3.0%; review only
S43A11T05,150,151,elbow_right,0.14390127834404653,0.02211779748047394,0.06622515292581413,joint step >0.2m and/or scale change >3.0%; review only
S43A11T05,153,154,thumb_right,0.23606508516331495,0.021187915445640998,0.042540633770584035,joint step >0.2m and/or scale change >3.0%; review only
S43A11T05,162,163,foot_right,0.19010079729843704,0.008660971480500922,0.05073818465268457,joint step >0.2m and/or scale change >3.0%; review only
S43A11T05,164,165,foot_right,0.11898281322094224,0.009704319652403723,0.043700952221527804,joint step >0.2m and/or scale change >3.0%; review only
S43A11T05,166,167,eye_left,0.07789780895460727,0.031200825881615983,0.08639697168021725,joint step >0.2m and/or scale change >3.0%; review only
S43A11T05,168,169,foot_left,0.10368026173194282,0.016076562541260005,0.05085308118423377,joint step >0.2m and/or scale change >3.0%; review only
S43A11T05,172,173,foot_left,0.20720632445048262,0.018135804374284845,0.008357137772469148,joint step >0.2m and/or scale change >3.0%; review only
S43A11T05,174,175,thumb_left,0.47050665701756655,0.010181034896295061,0.0028943194324523016,joint step >0.2m and/or scale change >3.0%; review only
S43A11T05,181,182,handtip_right,0.4071780312975808,0.014744123086760392,0.002797189788499647,joint step >0.2m and/or scale change >3.0%; review only
S43A11T05,182,183,wrist_right,0.22117467587530118,0.022658459393662796,0.005074242323492718,joint step >0.2m and/or scale change >3.0%; review only
S43A11T05,186,187,foot_left,0.2194775514549172,0.03292639462132631,0.013842869523343794,joint step >0.2m and/or scale change >3.0%; review only
S43A11T05,188,189,wrist_left,0.20682938308003612,0.01090904009730999,0.03511387566687273,joint step >0.2m and/or scale change >3.0%; review only
S43A11T05,189,190,handtip_left,0.44778023465060757,0.0223274986255168,0.019272408352208448,joint step >0.2m and/or scale change >3.0%; review only
S43A11T05,190,191,elbow_right,0.1881192715411586,0.017892338814129417,0.05569255587518387,joint step >0.2m and/or scale change >3.0%; review only
S43A11T05,191,192,wrist_left,0.24073266393977336,0.012843968134857166,0.0025430916043881467,joint step >0.2m and/or scale change >3.0%; review only
S43A11T05,198,199,thumb_left,0.20990741056371928,0.04914236524037788,0.010988692824668737,joint step >0.2m and/or scale change >3.0%; review only
S43A11T05,221,222,foot_left,0.07926831323948494,0.03679652690296265,0.03137983666269974,joint step >0.2m and/or scale change >3.0%; review only
S43A11T05,228,229,handtip_right,0.13097763883669006,0.022668235880495734,0.04037626540758314,joint step >0.2m and/or scale change >3.0%; review only
S43A11T05,229,230,thumb_left,0.18273352587080818,0.024356785101013884,0.03947775251400175,joint step >0.2m and/or scale change >3.0%; review only
S43A11T05,231,232,handtip_right,0.10701175487336292,0.02751210843447499,0.0696881479451711,joint step >0.2m and/or scale change >3.0%; review only
S43A11T05,232,233,handtip_right,0.10689649897084692,0.022718545034402647,0.04349062457456738,joint step >0.2m and/or scale change >3.0%; review only
S43A12T01,67,68,ear_right,0.08829883314583373,0.01090084209455872,0.060063903487723516,joint step >0.2m and/or scale change >3.0%; review only
S43A12T01,68,69,knee_left,0.17155949592001965,0.04686885300438192,0.06915174655672542,joint step >0.2m and/or scale change >3.0%; review only
S43A12T01,69,70,knee_right,0.07691033287812643,0.03448343887791022,0.04282821231673773,joint step >0.2m and/or scale change >3.0%; review only
S43A12T01,70,71,foot_right,0.27493737948811453,0.04125797691210396,0.06714878408062297,joint step >0.2m and/or scale change >3.0%; review only
S43A12T01,73,74,handtip_right,0.3128045285756069,0.01978784552188181,0.030726103308824502,joint step >0.2m and/or scale change >3.0%; review only
S43A12T01,94,95,foot_right,0.29934366013041885,0.1408462392686565,0.05406715694746111,joint step >0.2m and/or scale change >3.0%; review only
S43A12T01,95,96,foot_right,0.5792209805017947,0.10447564655789456,0.20487342542572284,joint step >0.2m and/or scale change >3.0%; review only
S43A12T01,96,97,foot_right,0.20665654109357795,0.04033904335681588,0.02608126877021188,joint step >0.2m and/or scale change >3.0%; review only
S43A12T01,97,98,hand_right,0.12551764473466304,0.03564751877911291,0.08908524367956026,joint step >0.2m and/or scale change >3.0%; review only
S43A12T01,98,99,thumb_right,0.3203940326932195,0.025241171855595195,0.0074246099771642215,joint step >0.2m and/or scale change >3.0%; review only
S43A12T01,99,100,foot_right,0.17094900456573475,0.0561082301256556,0.15612653222796286,joint step >0.2m and/or scale change >3.0%; review only
S43A12T01,101,102,handtip_right,0.3275204170876777,0.0465443554554452,0.022599585852443718,joint step >0.2m and/or scale change >3.0%; review only
S43A12T01,102,103,handtip_left,0.5631210454988416,0.0676466955148065,0.14614596234664837,joint step >0.2m and/or scale change >3.0%; review only
S43A12T01,106,107,foot_right,0.20817643310090955,0.020488576863675254,0.005069758851456268,joint step >0.2m and/or scale change >3.0%; review only
S43A12T01,109,110,foot_right,0.33295913015546047,0.02088574880214949,0.01090692281062092,joint step >0.2m and/or scale change >3.0%; review only
S43A12T01,118,119,foot_left,0.11666430763317344,0.01578703346968629,0.03462075672440615,joint step >0.2m and/or scale change >3.0%; review only
S43A12T01,174,175,knee_left,0.220366124920324,0.027505316786650368,0.0023136684522443622,joint step >0.2m and/or scale change >3.0%; review only
S43A12T01,176,177,knee_right,0.11959355371749182,0.020719255516448074,0.03828179345375065,joint step >0.2m and/or scale change >3.0%; review only
S43A12T01,178,179,foot_right,0.13036208502356625,0.02846794057719655,0.053367876409967166,joint step >0.2m and/or scale change >3.0%; review only
S43A12T01,180,181,foot_left,0.1356387114582254,0.030946181375864787,0.04665808352672051,joint step >0.2m and/or scale change >3.0%; review only
S43A12T01,184,185,knee_left,0.37228467181655384,0.04746031136557761,0.006610537658779349,joint step >0.2m and/or scale change >3.0%; review only
S43A12T01,187,188,foot_left,0.08433368027940846,0.028083824850410465,0.043255836801055575,joint step >0.2m and/or scale change >3.0%; review only
S43A12T01,190,191,foot_left,0.10492287646220108,0.013675481704638295,0.044398347561987704,joint step >0.2m and/or scale change >3.0%; review only
S43A12T01,192,193,foot_right,0.7514565295376952,0.4223417246122967,0.08484257462118965,joint step >0.2m and/or scale change >3.0%; review only
S43A12T01,214,215,knee_left,0.11451185683839649,0.03099990975719285,0.06937032631586641,joint step >0.2m and/or scale change >3.0%; review only
S43A12T01,215,216,foot_right,0.527401543476496,0.07339878392756555,0.20864424121417247,joint step >0.2m and/or scale change >3.0%; review only
S43A12T01,221,222,foot_right,0.09793629451608435,0.011875631651439025,0.04214348671364181,joint step >0.2m and/or scale change >3.0%; review only
S43A12T01,223,224,elbow_right,0.13809816420217866,0.0327296356041393,0.05430998149773796,joint step >0.2m and/or scale change >3.0%; review only
S43A12T01,225,226,ear_left,0.0699041174811461,0.011321389312538023,0.03752735509509579,joint step >0.2m and/or scale change >3.0%; review only
S43A12T02,53,54,thumb_left,0.07545261877557254,0.004845025112340184,0.030122812210923854,joint step >0.2m and/or scale change >3.0%; review only
S43A12T02,165,166,ankle_left,0.11099361187881886,0.0188392278400911,0.032369518612095874,joint step >0.2m and/or scale change >3.0%; review only
S43A12T02,166,167,eye_left,0.11810945850925549,0.017690633457357833,0.036369479434146285,joint step >0.2m and/or scale change >3.0%; review only
S43A12T02,167,168,foot_right,0.2448873217829127,0.04504919544310316,0.08889340927409825,joint step >0.2m and/or scale change >3.0%; review only
S43A12T02,168,169,nose,0.0687476646137224,0.019641082959980367,0.04105449166216475,joint step >0.2m and/or scale change >3.0%; review only
S43A12T02,187,188,handtip_left,0.2545362308556166,0.039771486665658884,0.062796025496392,joint step >0.2m and/or scale change >3.0%; review only
S43A12T02,188,189,thumb_left,0.20828571181956448,0.13249380857530083,0.05173404096047015,joint step >0.2m and/or scale change >3.0%; review only
S43A12T02,189,190,foot_right,0.18644627717210321,0.0633415400159089,0.036675880135825796,joint step >0.2m and/or scale change >3.0%; review only
S43A12T02,190,191,foot_left,0.7002740883836288,0.19362427323104944,0.0773099563843594,joint step >0.2m and/or scale change >3.0%; review only
S43A12T02,191,192,foot_left,0.4843044896579759,0.14255175733558098,0.12498943555177883,joint step >0.2m and/or scale change >3.0%; review only
S43A12T02,192,193,foot_left,0.3469278990929959,0.0667474994659984,0.00023107847617486382,joint step >0.2m and/or scale change >3.0%; review only
S43A12T02,193,194,handtip_left,0.33367687121006606,0.0885938031684913,0.07456006532199398,joint step >0.2m and/or scale change >3.0%; review only
S43A12T02,195,196,foot_left,0.9990322673278345,0.28512495501877266,0.07287616997409155,joint step >0.2m and/or scale change >3.0%; review only
S43A12T02,198,199,thumb_right,0.2896660203983166,0.019719773535144917,0.06275769928968934,joint step >0.2m and/or scale change >3.0%; review only
S43A12T02,199,200,handtip_left,0.9918978461505092,0.22665613714813027,0.23205052490647285,joint step >0.2m and/or scale change >3.0%; review only
S43A12T02,209,210,foot_left,0.10870734635490362,0.05126774135760977,0.09828957613302512,joint step >0.2m and/or scale change >3.0%; review only
S43A12T02,213,214,handtip_left,0.4941471515191377,0.023690929277906943,0.014065421484999193,joint step >0.2m and/or scale change >3.0%; review only
S43A12T02,216,217,wrist_left,0.2289242925867195,0.012170322600315567,0.004848886049084075,joint step >0.2m and/or scale change >3.0%; review only
S43A12T02,220,221,wrist_right,0.05782029888511088,0.030457964680966215,0.031472160526417554,joint step >0.2m and/or scale change >3.0%; review only
S43A12T02,221,222,foot_right,0.0973380834768755,0.012508788052758874,0.0776525814827042,joint step >0.2m and/or scale change >3.0%; review only
S43A12T02,223,224,thumb_left,0.25072589493598657,0.00808571735278673,0.002382588524307613,joint step >0.2m and/or scale change >3.0%; review only
S43A12T03,89,90,wrist_right,0.21788179267384689,0.021800419719638718,0.007192748521423244,joint step >0.2m and/or scale change >3.0%; review only
S43A12T03,100,101,handtip_right,0.2003488226091774,0.11329650184211544,0.0014985539560408484,joint step >0.2m and/or scale change >3.0%; review only
S43A12T03,101,102,foot_left,0.20440557158565079,0.031125981158203128,0.009150420773538892,joint step >0.2m and/or scale change >3.0%; review only
S43A12T03,102,103,foot_left,0.3690000467848175,0.14604297384889076,0.09160630811415514,joint step >0.2m and/or scale change >3.0%; review only
S43A12T03,103,104,foot_left,0.28956405728489343,0.04335690430638768,0.02736451959334306,joint step >0.2m and/or scale change >3.0%; review only
S43A12T03,104,105,handtip_right,0.3278601968058387,0.06659512164375554,0.01744605606528133,joint step >0.2m and/or scale change >3.0%; review only
S43A12T03,105,106,handtip_right,0.25990642249237544,0.1299113682211379,0.14133149417222993,joint step >0.2m and/or scale change >3.0%; review only
S43A12T03,106,107,handtip_right,0.15532477578315884,0.022806917043767423,0.04931143469428121,joint step >0.2m and/or scale change >3.0%; review only
S43A12T03,107,108,handtip_right,0.12979795486990214,0.022853992689246008,0.047325831395534194,joint step >0.2m and/or scale change >3.0%; review only
S43A12T03,108,109,foot_left,0.5043956302830301,0.16809129159463093,0.05217947285361581,joint step >0.2m and/or scale change >3.0%; review only
S43A12T03,110,111,foot_left,0.12813264542180644,0.042887412914860666,0.10081048573062777,joint step >0.2m and/or scale change >3.0%; review only
S43A12T03,112,113,handtip_right,0.2733067175898763,0.06541103908519635,0.1061468872785778,joint step >0.2m and/or scale change >3.0%; review only
S43A12T03,113,114,foot_left,0.3552906809532271,0.03608380159432179,0.0561407783520157,joint step >0.2m and/or scale change >3.0%; review only
S43A12T03,119,120,handtip_left,0.20040404644558898,0.023283737947380565,0.022831472496475512,joint step >0.2m and/or scale change >3.0%; review only
S43A12T03,124,125,wrist_right,0.0839362463971684,0.019246479518056837,0.042656584361217165,joint step >0.2m and/or scale change >3.0%; review only
S43A12T03,136,137,knee_left,0.20791498844554365,0.028257748852268234,0.004425409692074076,joint step >0.2m and/or scale change >3.0%; review only
S43A12T03,141,142,foot_left,0.3518655326599138,0.027448093572969106,0.010964176187473262,joint step >0.2m and/or scale change >3.0%; review only
S43A12T03,147,148,ankle_left,0.09868079955343291,0.045537571758967534,0.05856682345104974,joint step >0.2m and/or scale change >3.0%; review only
S43A12T03,150,151,thumb_left,0.12033571641959097,0.022354263662566765,0.058247176424974685,joint step >0.2m and/or scale change >3.0%; review only
S43A12T03,151,152,hand_left,0.11135667394009102,0.020836875683811835,0.044678930859170615,joint step >0.2m and/or scale change >3.0%; review only
S43A12T03,161,162,thumb_left,0.1497276591285963,0.010449417988397968,0.03793876520205612,joint step >0.2m and/or scale change >3.0%; review only
S43A12T03,186,187,wrist_right,0.09021875779050557,0.006101640523603905,0.033263706477322616,joint step >0.2m and/or scale change >3.0%; review only
S43A12T03,192,193,wrist_right,0.14991730156289376,0.025035598243237596,0.045699032469059195,joint step >0.2m and/or scale change >3.0%; review only
S43A12T03,199,200,ear_right,0.11869167716396911,0.03852462114827693,0.06300512418696678,joint step >0.2m and/or scale change >3.0%; review only
S43A12T03,203,204,handtip_left,0.1698005575049665,0.023362572082581926,0.08189087165698365,joint step >0.2m and/or scale change >3.0%; review only
S43A12T03,204,205,knee_right,0.1231170522807205,0.01624271958826218,0.03697068171845714,joint step >0.2m and/or scale change >3.0%; review only
S43A12T03,205,206,knee_left,0.1995696537782733,0.036792199621024584,0.046140334809633615,joint step >0.2m and/or scale change >3.0%; review only
S43A12T03,206,207,knee_left,0.14952665363237366,0.05992134544362447,0.05040272692411574,joint step >0.2m and/or scale change >3.0%; review only
S43A12T03,213,214,foot_right,0.957069951373975,0.32629947963934514,0.15766388567620673,joint step >0.2m and/or scale change >3.0%; review only
S43A12T03,239,240,foot_right,0.07782050482009353,0.022263478344108557,0.040354543067379886,joint step >0.2m and/or scale change >3.0%; review only
S43A12T04,58,59,head,0.05854931938209498,0.024571706305058255,0.04749702895342637,joint step >0.2m and/or scale change >3.0%; review only
S43A12T04,67,68,foot_right,0.0807072530194776,0.011378244852967935,0.06428212218987889,joint step >0.2m and/or scale change >3.0%; review only
S43A12T04,81,82,wrist_right,0.22057136528031449,0.015413088046214125,0.019887731596812265,joint step >0.2m and/or scale change >3.0%; review only
S43A12T04,95,96,foot_right,0.25844861942810166,0.09328793942957435,0.02401504553737052,joint step >0.2m and/or scale change >3.0%; review only
S43A12T04,96,97,foot_right,0.22105721847914883,0.055672145930952266,0.03887817489750328,joint step >0.2m and/or scale change >3.0%; review only
S43A12T04,98,99,foot_right,0.29079709757362493,0.12098484425598212,0.15634591315523347,joint step >0.2m and/or scale change >3.0%; review only
S43A12T04,99,100,handtip_left,0.19326036714476616,0.05573470737938919,0.07194627258943719,joint step >0.2m and/or scale change >3.0%; review only
S43A12T04,100,101,handtip_right,0.1449267355383472,0.03204615548276768,0.11339894304596182,joint step >0.2m and/or scale change >3.0%; review only
S43A12T04,101,102,foot_left,0.3840490937218751,0.08419958281326287,0.04658793805912551,joint step >0.2m and/or scale change >3.0%; review only
S43A12T04,102,103,foot_left,0.31392019891018846,0.09168546385762377,0.03737919298003377,joint step >0.2m and/or scale change >3.0%; review only
S43A12T04,104,105,foot_left,0.28979614700756584,0.043480061314483745,0.022515426406014,joint step >0.2m and/or scale change >3.0%; review only
S43A12T04,105,106,thumb_left,0.17305519895279287,0.027266076677519277,0.09597627773511566,joint step >0.2m and/or scale change >3.0%; review only
S43A12T04,106,107,foot_right,0.11387878991670158,0.0191878386389425,0.05110186628151492,joint step >0.2m and/or scale change >3.0%; review only
S43A12T04,107,108,foot_right,0.17784028350472456,0.028438471292289824,0.033641422494462565,joint step >0.2m and/or scale change >3.0%; review only
S43A12T04,109,110,handtip_left,0.21236532322473656,0.005297753531513366,0.0022714636025436383,joint step >0.2m and/or scale change >3.0%; review only
S43A12T04,111,112,wrist_left,0.10562295989212146,0.03715508102298904,0.041022720009415446,joint step >0.2m and/or scale change >3.0%; review only
S43A12T04,114,115,handtip_right,0.23232573837224746,0.00488482012587343,0.002072285040190577,joint step >0.2m and/or scale change >3.0%; review only
S43A12T04,116,117,foot_left,0.174363742328714,0.011671488081254223,0.03037687346701682,joint step >0.2m and/or scale change >3.0%; review only
S43A12T04,118,119,foot_left,0.13210189724422433,0.017950804841435616,0.06682391065754292,joint step >0.2m and/or scale change >3.0%; review only
S43A12T04,125,126,ankle_right,0.0909410781133483,0.006644230872818794,0.03181442371383889,joint step >0.2m and/or scale change >3.0%; review only
S43A12T04,127,128,foot_left,0.1501610018424354,0.0242373387877246,0.03132624541519383,joint step >0.2m and/or scale change >3.0%; review only
S43A12T04,129,130,foot_right,0.11607929103603411,0.02833866645423434,0.03813735118974458,joint step >0.2m and/or scale change >3.0%; review only
S43A12T04,132,133,handtip_left,0.3335034414694132,0.006548090344613872,0.004393368904504011,joint step >0.2m and/or scale change >3.0%; review only
S43A12T04,134,135,knee_right,0.1974321755032439,0.04822448265099844,0.03256458023609032,joint step >0.2m and/or scale change >3.0%; review only
S43A12T04,149,150,foot_left,0.36269961666781614,0.02453931546485489,0.025165973372216387,joint step >0.2m and/or scale change >3.0%; review only
S43A12T04,156,157,foot_left,0.2095627628083244,0.010460832999828256,0.008127224566775209,joint step >0.2m and/or scale change >3.0%; review only
S43A12T04,170,171,handtip_left,0.22653983645270453,0.012735147119781463,0.002366056380100564,joint step >0.2m and/or scale change >3.0%; review only
S43A12T04,177,178,foot_right,0.185166993477984,0.04245367656567865,0.03460759793685469,joint step >0.2m and/or scale change >3.0%; review only
S43A12T04,180,181,knee_right,0.18176951536391214,0.04554767735684373,0.03374936520019383,joint step >0.2m and/or scale change >3.0%; review only
S43A12T04,186,187,knee_left,0.15622996283191867,0.018817526995790257,0.04480461034936837,joint step >0.2m and/or scale change >3.0%; review only
S43A12T04,187,188,foot_left,0.14242456398538633,0.01110871429393353,0.036195182576877954,joint step >0.2m and/or scale change >3.0%; review only
S43A12T04,188,189,knee_left,0.11740717677842925,0.036768409765220125,0.04797544488463752,joint step >0.2m and/or scale change >3.0%; review only
S43A12T04,190,191,knee_left,0.325147790748961,0.04053317464047646,0.047805673511255614,joint step >0.2m and/or scale change >3.0%; review only
S43A12T04,191,192,foot_left,0.08253623108547838,0.019628521916896444,0.051813794587830926,joint step >0.2m and/or scale change >3.0%; review only
S43A12T04,192,193,ear_right,0.08134109500312713,0.030737609717505273,0.031497315198436876,joint step >0.2m and/or scale change >3.0%; review only
S43A12T04,193,194,knee_left,0.20106356297264275,0.0411932402037537,0.008826916129814363,joint step >0.2m and/or scale change >3.0%; review only
S43A12T04,194,195,knee_left,0.13022003886609398,0.05056755521526799,0.032881395607634596,joint step >0.2m and/or scale change >3.0%; review only
S43A12T04,196,197,knee_left,0.16256468926565137,0.015016703707375094,0.03970958282830355,joint step >0.2m and/or scale change >3.0%; review only
S43A12T04,197,198,thumb_left,0.9893329183050272,0.5820364382085801,0.06452175829993365,joint step >0.2m and/or scale change >3.0%; review only
S43A12T04,232,233,ear_right,0.14019899253964355,0.028071643602593514,0.03550338781941549,joint step >0.2m and/or scale change >3.0%; review only
S43A12T04,233,234,elbow_left,0.1438124438014997,0.0348607520971606,0.03390087133507292,joint step >0.2m and/or scale change >3.0%; review only
S43A12T04,234,235,knee_left,0.09985833466520666,0.012313340561248044,0.08507088543507156,joint step >0.2m and/or scale change >3.0%; review only
S43A12T04,236,237,wrist_left,0.05451282979655763,0.02064266568823682,0.03655563857403124,joint step >0.2m and/or scale change >3.0%; review only
S43A12T04,239,240,foot_right,0.10232873559300135,0.02492973035363042,0.09245502921558539,joint step >0.2m and/or scale change >3.0%; review only
S43A12T05,64,65,foot_right,0.10504366819279291,0.0257316022775001,0.049291733652659375,joint step >0.2m and/or scale change >3.0%; review only
S43A12T05,68,69,wrist_right,0.22134703792293348,0.012660829672602748,0.000185251451797049,joint step >0.2m and/or scale change >3.0%; review only
S43A12T05,69,70,handtip_right,0.18906436500675552,0.028342096872498078,0.03645159407566762,joint step >0.2m and/or scale change >3.0%; review only
S43A12T05,78,79,handtip_right,0.17008955664054315,0.045764990575604826,0.03968655642075116,joint step >0.2m and/or scale change >3.0%; review only
S43A12T05,80,81,foot_left,0.40607762977564565,0.12870879916776298,0.029988656824058785,joint step >0.2m and/or scale change >3.0%; review only
S43A12T05,81,82,foot_left,0.335239026918969,0.06909608969531461,0.00036656841928420176,joint step >0.2m and/or scale change >3.0%; review only
S43A12T05,84,85,foot_left,0.23246982562632054,0.08928511676697372,0.0579923243200986,joint step >0.2m and/or scale change >3.0%; review only
S43A12T05,85,86,foot_right,0.3452984538124044,0.12401256609905988,0.049891642737790995,joint step >0.2m and/or scale change >3.0%; review only
S43A12T05,86,87,foot_right,0.5021753849677499,0.16405379120717012,0.06873225963866272,joint step >0.2m and/or scale change >3.0%; review only
S43A12T05,87,88,foot_right,0.6706483746810216,0.2120995222594888,0.17248456909430032,joint step >0.2m and/or scale change >3.0%; review only
S43A12T05,89,90,foot_right,0.1426735885217183,0.02756870880629309,0.06889905854564471,joint step >0.2m and/or scale change >3.0%; review only
S43A12T05,92,93,wrist_left,0.17192759269669952,0.03643609416986697,0.07614620982119977,joint step >0.2m and/or scale change >3.0%; review only
S43A12T05,93,94,handtip_right,0.41953273741058844,0.015195729535660406,0.027375997507412493,joint step >0.2m and/or scale change >3.0%; review only
S43A12T05,94,95,knee_right,0.11496901700878974,0.013613345693503602,0.05763189193194285,joint step >0.2m and/or scale change >3.0%; review only
S43A12T05,95,96,hand_right,0.10078796867079845,0.014667222155243425,0.05283317491276217,joint step >0.2m and/or scale change >3.0%; review only
S43A12T05,99,100,handtip_right,0.4150420114350345,0.11570391683141269,0.15255250388845365,joint step >0.2m and/or scale change >3.0%; review only
S43A12T05,111,112,foot_right,0.165735357828624,0.048091010400482574,0.04784242228964579,joint step >0.2m and/or scale change >3.0%; review only
S43A12T05,116,117,thumb_left,0.35853818914737184,0.019157956993840326,0.06312243896684258,joint step >0.2m and/or scale change >3.0%; review only
S43A12T05,120,121,handtip_left,0.21829144118828156,0.021799143050314808,0.0079176798100999,joint step >0.2m and/or scale change >3.0%; review only
S43A12T05,128,129,elbow_right,0.07251696855706159,0.004073501038824928,0.056685885640535394,joint step >0.2m and/or scale change >3.0%; review only
S43A12T05,132,133,elbow_right,0.17528029623471786,0.025577939575752422,0.04099884097637695,joint step >0.2m and/or scale change >3.0%; review only
S43A12T05,139,140,handtip_right,0.24141949680270963,0.006398508323732518,0.004927762390934392,joint step >0.2m and/or scale change >3.0%; review only
S43A12T05,140,141,handtip_right,0.22381158211515062,0.011425534918934945,0.008150746679394064,joint step >0.2m and/or scale change >3.0%; review only
S43A12T05,154,155,handtip_right,0.05041907144258429,0.007613678690089556,0.03360120676928029,joint step >0.2m and/or scale change >3.0%; review only
S43A12T05,172,173,foot_left,0.06825390528251701,0.012512114883284816,0.033850749812356994,joint step >0.2m and/or scale change >3.0%; review only
S43A12T05,180,181,handtip_right,0.2645619296220797,0.007108802726074988,0.016228003429267716,joint step >0.2m and/or scale change >3.0%; review only
S43A12T05,181,182,wrist_right,0.12461858790266223,0.012269971786266693,0.05107936661343086,joint step >0.2m and/or scale change >3.0%; review only
S43A12T05,187,188,elbow_left,0.057476631836584566,0.025204270759964262,0.04935839433519195,joint step >0.2m and/or scale change >3.0%; review only
S43A12T05,189,190,ear_right,0.07058105496257407,0.02134268774087922,0.0330217701009553,joint step >0.2m and/or scale change >3.0%; review only
S43A12T05,191,192,elbow_right,0.07320987599631486,0.02517861209482953,0.03871290189634264,joint step >0.2m and/or scale change >3.0%; review only
S43A12T05,194,195,wrist_left,0.08124895276848773,0.02555241301809484,0.036525522470814725,joint step >0.2m and/or scale change >3.0%; review only
S43A13T01,78,79,foot_right,0.21437362228181922,0.06465997329689338,0.010005607731204524,joint step >0.2m and/or scale change >3.0%; review only
S43A13T01,82,83,knee_right,0.45350404143167566,0.1666510989812793,0.14279566708647523,joint step >0.2m and/or scale change >3.0%; review only
S43A13T01,83,84,foot_right,0.5077473580578642,0.13264319652575463,0.12384186260160122,joint step >0.2m and/or scale change >3.0%; review only
S43A13T01,84,85,foot_left,0.5741306476682575,0.09015455804026493,0.33486879426696364,joint step >0.2m and/or scale change >3.0%; review only
S43A13T01,86,87,foot_right,0.4531263713273089,0.0780477489440176,0.012141596176341363,joint step >0.2m and/or scale change >3.0%; review only
S43A13T01,87,88,knee_left,0.11756534475610242,0.055568291249083704,0.060728097954823756,joint step >0.2m and/or scale change >3.0%; review only
S43A13T01,88,89,thumb_right,0.2805187048346767,0.022011706557076495,0.0017232458898848756,joint step >0.2m and/or scale change >3.0%; review only
S43A13T01,90,91,foot_left,0.2062153317389191,0.03246918232574383,0.014009550641060967,joint step >0.2m and/or scale change >3.0%; review only
S43A13T01,91,92,foot_right,0.24813693099628034,0.028405179664316608,0.006591134885188325,joint step >0.2m and/or scale change >3.0%; review only
S43A13T01,92,93,foot_right,0.1462290722413822,0.0017003174688543436,0.03548810603220436,joint step >0.2m and/or scale change >3.0%; review only
S43A13T01,95,96,foot_left,0.2444258430552551,0.04412099440331291,0.019841776370757697,joint step >0.2m and/or scale change >3.0%; review only
S43A13T01,101,102,knee_left,0.37777414977045043,0.06453024415070434,0.031063537422776025,joint step >0.2m and/or scale change >3.0%; review only
S43A13T01,105,106,foot_right,0.6302651634132718,0.09329559302019233,0.0317410427245297,joint step >0.2m and/or scale change >3.0%; review only
S43A13T01,106,107,foot_right,0.7440444609547394,0.09026675649693056,0.013141686655644611,joint step >0.2m and/or scale change >3.0%; review only
S43A13T01,108,109,foot_left,0.4683895055272614,0.09155164605078557,0.019533479643797407,joint step >0.2m and/or scale change >3.0%; review only
S43A13T01,109,110,foot_right,0.6214480660187165,0.07012860585163362,0.0011770602493707948,joint step >0.2m and/or scale change >3.0%; review only
S43A13T01,119,120,ankle_left,0.132790895023815,0.03852391284213649,0.05846405372891363,joint step >0.2m and/or scale change >3.0%; review only
S43A13T01,122,123,handtip_left,0.2663298000713919,0.011119119054344784,0.0007411563317962995,joint step >0.2m and/or scale change >3.0%; review only
S43A13T01,126,127,foot_left,0.17277700444930133,0.04043319536350599,0.09175292322678609,joint step >0.2m and/or scale change >3.0%; review only
S43A13T01,131,132,foot_left,0.28856613265348086,0.048496603775190814,0.0997995222855165,joint step >0.2m and/or scale change >3.0%; review only
S43A13T01,132,133,foot_right,0.4392604525005149,0.03101696938295748,0.006249704017444168,joint step >0.2m and/or scale change >3.0%; review only
S43A13T01,137,138,eye_left,0.1376239422044451,0.016976895950455616,0.04392090265217803,joint step >0.2m and/or scale change >3.0%; review only
S43A13T01,140,141,knee_right,0.15141238108580585,0.04072425367916357,0.03382794324014619,joint step >0.2m and/or scale change >3.0%; review only
S43A13T01,143,144,ankle_right,0.2178192803248534,0.024428525013955496,0.009759013866132813,joint step >0.2m and/or scale change >3.0%; review only
S43A13T01,146,147,ear_right,0.051163292558966934,0.013509377443238253,0.035527729045733224,joint step >0.2m and/or scale change >3.0%; review only
S43A13T01,149,150,foot_left,0.21767335158356757,0.017217265876486306,0.05184401333209798,joint step >0.2m and/or scale change >3.0%; review only
S43A13T01,150,151,foot_right,0.1940529647245095,0.0317782154949741,0.08465559947601414,joint step >0.2m and/or scale change >3.0%; review only
S43A13T01,154,155,foot_right,0.15785869234705352,0.017798477241442196,0.04853475094609479,joint step >0.2m and/or scale change >3.0%; review only
S43A13T01,157,158,ankle_right,0.24266364112152802,0.013240710903636458,0.02085794087662523,joint step >0.2m and/or scale change >3.0%; review only
S43A13T01,158,159,foot_left,0.23532260693009166,0.021155702707946273,0.02912378813500262,joint step >0.2m and/or scale change >3.0%; review only
S43A13T01,159,160,foot_left,0.1152666695224264,0.026291790318524133,0.044969985892206216,joint step >0.2m and/or scale change >3.0%; review only
S43A13T01,169,170,foot_right,0.07370857658275215,0.023285242064346113,0.04791194526926446,joint step >0.2m and/or scale change >3.0%; review only
S43A13T01,176,177,foot_right,0.15124274731978113,0.019300524961162673,0.04199911807038063,joint step >0.2m and/or scale change >3.0%; review only
S43A13T01,177,178,foot_left,0.24111507761655726,0.015280029349400915,0.023644197823558314,joint step >0.2m and/or scale change >3.0%; review only
S43A13T01,186,187,thumb_right,0.2053032619385346,0.008558220381835001,0.01206555799948299,joint step >0.2m and/or scale change >3.0%; review only
S43A13T01,187,188,foot_left,0.2780374604458583,0.016922678699563876,0.02474968036722591,joint step >0.2m and/or scale change >3.0%; review only
S43A13T01,191,192,foot_right,0.2453276773653411,0.009366942242472663,0.006910612957094874,joint step >0.2m and/or scale change >3.0%; review only
S43A13T01,200,201,wrist_left,0.15019628514991692,0.021046148730314188,0.034621712979043026,joint step >0.2m and/or scale change >3.0%; review only
S43A13T01,206,207,foot_left,0.11476599174328353,0.025286792791898646,0.03132259070909193,joint step >0.2m and/or scale change >3.0%; review only
S43A13T01,208,209,foot_right,0.2713631425963406,0.049893529479551495,0.016627044079864563,joint step >0.2m and/or scale change >3.0%; review only
S43A13T01,211,212,foot_right,0.08530215192976981,0.02975582894362078,0.032339771877107765,joint step >0.2m and/or scale change >3.0%; review only
S43A13T01,217,218,hand_left,0.05440588310158075,0.026622876999467724,0.04370256833798833,joint step >0.2m and/or scale change >3.0%; review only
S43A13T01,220,221,hand_left,0.04429800984357191,0.02170499702308946,0.039628718694144215,joint step >0.2m and/or scale change >3.0%; review only
S43A13T01,221,222,knee_left,0.319814417635443,0.06650461189038967,0.014291344920064335,joint step >0.2m and/or scale change >3.0%; review only
S43A13T01,230,231,foot_left,0.2115407260997346,0.026948928408380094,0.008928418943659044,joint step >0.2m and/or scale change >3.0%; review only
S43A13T02,82,83,foot_right,0.2543742051989424,0.046210134559884174,0.011744014883060956,joint step >0.2m and/or scale change >3.0%; review only
S43A13T02,85,86,foot_right,0.342364274544687,0.1465276870154611,0.0155421043687236,joint step >0.2m and/or scale change >3.0%; review only
S43A13T02,86,87,foot_left,0.2791772211687953,0.03948016912198,0.008382385813315766,joint step >0.2m and/or scale change >3.0%; review only
S43A13T02,87,88,nose,0.13628438008305188,0.05946553356947825,0.03565060556503876,joint step >0.2m and/or scale change >3.0%; review only
S43A13T02,88,89,handtip_left,0.2567553813108126,0.03895828662916968,0.012512547230515625,joint step >0.2m and/or scale change >3.0%; review only
S43A13T02,91,92,wrist_left,0.19134634512619247,0.043660007977233295,0.031719468642931826,joint step >0.2m and/or scale change >3.0%; review only
S43A13T02,92,93,foot_right,0.5711856567715253,0.1250587485094389,0.07154642567748466,joint step >0.2m and/or scale change >3.0%; review only
S43A13T02,93,94,foot_left,0.22663660986603915,0.014093966054371151,0.037149365049433926,joint step >0.2m and/or scale change >3.0%; review only
S43A13T02,95,96,ankle_left,0.13297591149041507,0.024476103074801445,0.03036938659967814,joint step >0.2m and/or scale change >3.0%; review only
S43A13T02,103,104,foot_left,0.5193291629398296,0.008730567288323998,0.0058755557333340135,joint step >0.2m and/or scale change >3.0%; review only
S43A13T02,104,105,foot_left,0.3088472612410376,0.014156928131845697,0.0025141374485920104,joint step >0.2m and/or scale change >3.0%; review only
S43A13T02,106,107,foot_left,0.2050477452932657,0.004976731114962039,0.02027282046430852,joint step >0.2m and/or scale change >3.0%; review only
S43A13T02,115,116,foot_right,0.21363522638127294,0.013500056134861771,0.011582983612716355,joint step >0.2m and/or scale change >3.0%; review only
S43A13T02,118,119,foot_left,0.7054962177953633,0.06767833809224909,0.040535308540428035,joint step >0.2m and/or scale change >3.0%; review only
S43A13T02,121,122,foot_left,0.18344484565185692,0.019564325664684946,0.05320197049798302,joint step >0.2m and/or scale change >3.0%; review only
S43A13T02,122,123,ankle_left,0.18434895439780516,0.035576463551047814,0.03571733240709836,joint step >0.2m and/or scale change >3.0%; review only
S43A13T02,151,152,foot_right,0.11502883758568609,0.0041548162747907244,0.030077046525230303,joint step >0.2m and/or scale change >3.0%; review only
S43A13T02,156,157,foot_left,0.0822340062940143,0.012100463315658125,0.05606332016012945,joint step >0.2m and/or scale change >3.0%; review only
S43A13T02,157,158,foot_left,0.24603118654615755,0.019253400261419206,0.04491744167717911,joint step >0.2m and/or scale change >3.0%; review only
S43A13T02,158,159,ankle_right,0.2502163202165601,0.04573467434430111,0.06152773752619019,joint step >0.2m and/or scale change >3.0%; review only
S43A13T02,161,162,foot_right,0.5182599074985174,0.08663381722060647,0.05002154559590849,joint step >0.2m and/or scale change >3.0%; review only
S43A13T02,162,163,foot_left,0.5120314208204603,0.03541829987738286,0.038047688430396465,joint step >0.2m and/or scale change >3.0%; review only
S43A13T02,163,164,foot_left,0.257570294393599,0.01866641289143531,0.02753589087093414,joint step >0.2m and/or scale change >3.0%; review only
S43A13T02,166,167,foot_left,0.5296757580544849,0.04150660187893639,0.01129267612136168,joint step >0.2m and/or scale change >3.0%; review only
S43A13T02,174,175,foot_left,0.29127969360637246,0.028244960831299733,0.018719284453969958,joint step >0.2m and/or scale change >3.0%; review only
S43A13T02,176,177,foot_right,0.4183430651725726,0.036452715791657306,0.01423364513615133,joint step >0.2m and/or scale change >3.0%; review only
S43A13T02,186,187,foot_left,0.4335411859250004,0.02392010089580827,0.038727249779346926,joint step >0.2m and/or scale change >3.0%; review only
S43A13T02,192,193,thumb_right,0.07053341620623439,0.015831491576751962,0.047706846720416675,joint step >0.2m and/or scale change >3.0%; review only
S43A13T02,193,194,handtip_left,0.3496889883886703,0.034276747126458805,0.028936023588648836,joint step >0.2m and/or scale change >3.0%; review only
S43A13T02,200,201,foot_right,0.26278925728261227,0.02463226701329097,0.009276773584109345,joint step >0.2m and/or scale change >3.0%; review only
S43A13T02,201,202,foot_right,0.4021694626912132,0.020677477295085882,0.006227028215286355,joint step >0.2m and/or scale change >3.0%; review only
S43A13T02,202,203,ankle_right,0.20372178563302532,0.023289220159022878,0.013720324908953087,joint step >0.2m and/or scale change >3.0%; review only
S43A13T02,208,209,foot_left,0.4886522641770355,0.03031354197378844,0.025090948527555224,joint step >0.2m and/or scale change >3.0%; review only
S43A13T02,211,212,foot_right,0.17928866986297423,0.015774790672491174,0.04067225076915496,joint step >0.2m and/or scale change >3.0%; review only
S43A13T02,215,216,foot_left,0.2430517341858122,0.009324261285189905,0.0040437482930560315,joint step >0.2m and/or scale change >3.0%; review only
S43A13T02,216,217,foot_left,0.20311085908824944,0.02087709630053029,0.06797685094035336,joint step >0.2m and/or scale change >3.0%; review only
S43A13T02,218,219,wrist_left,0.14963382018111543,0.031990444533191095,0.07912188853119687,joint step >0.2m and/or scale change >3.0%; review only
S43A13T02,219,220,wrist_left,0.1310574372733955,0.028742886215963343,0.03142662626277832,joint step >0.2m and/or scale change >3.0%; review only
S43A13T02,224,225,foot_right,0.883781896044004,0.06849258258428476,0.09165778354826692,joint step >0.2m and/or scale change >3.0%; review only
S43A13T02,226,227,wrist_left,0.05848570442635478,0.020156694538945724,0.05032243758262046,joint step >0.2m and/or scale change >3.0%; review only
S43A13T02,227,228,handtip_left,0.5959192906259797,0.11669628717904319,0.1912157845148812,joint step >0.2m and/or scale change >3.0%; review only
S43A13T02,229,230,foot_right,0.2448806442505897,0.013723195562323301,0.008134868002484714,joint step >0.2m and/or scale change >3.0%; review only
S43A13T02,232,233,nose,0.09751142553440066,0.023639141195875665,0.03594296149987031,joint step >0.2m and/or scale change >3.0%; review only
S43A13T02,234,235,foot_left,0.10862284949488031,0.03666831361134898,0.04592704524956255,joint step >0.2m and/or scale change >3.0%; review only
S43A13T03,108,109,foot_right,0.475964031013112,0.06759745827366567,0.0289812198164044,joint step >0.2m and/or scale change >3.0%; review only
S43A13T03,109,110,foot_right,0.23484531668309283,0.04316902997658193,0.0044640446705190295,joint step >0.2m and/or scale change >3.0%; review only
S43A13T03,110,111,handtip_left,0.4465205683266961,0.041583674817000225,0.003032810305965643,joint step >0.2m and/or scale change >3.0%; review only
S43A13T03,111,112,foot_left,0.28548933219521366,0.1008837135196901,0.1891455652502518,joint step >0.2m and/or scale change >3.0%; review only
S43A13T03,112,113,foot_right,0.27976269383291746,0.01638573622397407,0.22165137987008057,joint step >0.2m and/or scale change >3.0%; review only
S43A13T03,113,114,foot_left,0.2896562446139009,0.030276929866032705,0.025927438074235365,joint step >0.2m and/or scale change >3.0%; review only
S43A13T03,119,120,foot_left,0.24195322484060133,0.036412999580114444,0.04878332717021012,joint step >0.2m and/or scale change >3.0%; review only
S43A13T03,132,133,foot_left,0.297643609932553,0.009657659133688183,0.0033721342347069177,joint step >0.2m and/or scale change >3.0%; review only
S43A13T03,140,141,foot_left,0.6961230674826171,0.03534842842270494,0.01836599736485309,joint step >0.2m and/or scale change >3.0%; review only
S43A13T03,141,142,foot_left,0.38066035282297517,0.0355612863314923,0.005102760686030163,joint step >0.2m and/or scale change >3.0%; review only
S43A13T03,142,143,knee_right,0.228489691333889,0.02207113687281636,0.0399853847949847,joint step >0.2m and/or scale change >3.0%; review only
S43A13T03,143,144,foot_left,0.2503590998272625,0.02813825533130747,0.031807013113328154,joint step >0.2m and/or scale change >3.0%; review only
S43A13T03,144,145,foot_left,0.2820298200551683,0.01575666137707435,0.06095125624380444,joint step >0.2m and/or scale change >3.0%; review only
S43A13T03,145,146,handtip_right,0.08094385229530257,0.01818173364760573,0.055804375988729366,joint step >0.2m and/or scale change >3.0%; review only
S43A13T03,147,148,handtip_right,0.04755354960159976,0.008109004648388358,0.030843730886032126,joint step >0.2m and/or scale change >3.0%; review only
S43A13T03,148,149,foot_right,0.2982290957611008,0.049541406705781416,0.08696609902810548,joint step >0.2m and/or scale change >3.0%; review only
S43A13T03,150,151,wrist_left,0.12298490862217999,0.023398190059188848,0.03239626038306568,joint step >0.2m and/or scale change >3.0%; review only
S43A13T03,154,155,foot_left,0.18472052279733522,0.013800341291912696,0.036458161842060514,joint step >0.2m and/or scale change >3.0%; review only
S43A13T03,160,161,foot_right,0.033397969126136004,0.00665182575674787,0.04221287143927826,joint step >0.2m and/or scale change >3.0%; review only
S43A13T03,163,164,foot_right,0.7288744242725698,0.2339990490107227,0.0439563167883025,joint step >0.2m and/or scale change >3.0%; review only
S43A13T03,164,165,hip_right,0.12272269920684745,0.06321797661117982,0.04908766729418406,joint step >0.2m and/or scale change >3.0%; review only
S43A13T03,165,166,foot_right,0.6959496398239388,0.13637893157370923,0.2780628118815767,joint step >0.2m and/or scale change >3.0%; review only
S43A13T03,166,167,handtip_right,0.6187328476985308,0.1161499744948314,0.18346950211182156,joint step >0.2m and/or scale change >3.0%; review only
S43A13T03,174,175,handtip_left,0.19295422891079558,0.011836279779900531,0.03465703456804461,joint step >0.2m and/or scale change >3.0%; review only
S43A13T03,175,176,foot_right,0.08729506103597694,0.01927090726078628,0.08338973586665366,joint step >0.2m and/or scale change >3.0%; review only
S43A13T03,176,177,foot_left,0.15683369407617856,0.04441173793214427,0.06785941579432073,joint step >0.2m and/or scale change >3.0%; review only
S43A13T03,179,180,foot_right,0.6384950503702145,0.06483838048834799,0.014014279580983138,joint step >0.2m and/or scale change >3.0%; review only
S43A13T03,183,184,foot_right,0.3410809949187079,0.06769888789286391,0.014379091061104734,joint step >0.2m and/or scale change >3.0%; review only
S43A13T03,186,187,foot_left,0.3123370854603644,0.02072219446250515,0.000702059802161032,joint step >0.2m and/or scale change >3.0%; review only
S43A13T03,190,191,foot_right,0.16009647374946573,0.017657539228978593,0.05222189799096222,joint step >0.2m and/or scale change >3.0%; review only
S43A13T03,191,192,ankle_right,0.13880628078902482,0.03470622274468306,0.0692018299991265,joint step >0.2m and/or scale change >3.0%; review only
S43A13T03,194,195,knee_left,0.2265849649575811,0.04979030283008397,0.005111028999611678,joint step >0.2m and/or scale change >3.0%; review only
S43A13T03,197,198,foot_right,0.2752111682320418,0.024694253257123662,0.039887479633314536,joint step >0.2m and/or scale change >3.0%; review only
S43A13T03,200,201,knee_right,0.2119950873965487,0.050347237065711474,0.0009442750165243941,joint step >0.2m and/or scale change >3.0%; review only
S43A13T03,202,203,knee_right,0.342395094981991,0.04472874190650948,0.006661974579262713,joint step >0.2m and/or scale change >3.0%; review only
S43A13T03,220,221,foot_right,0.25106831623679965,0.03651431762051832,0.03419522447922483,joint step >0.2m and/or scale change >3.0%; review only
S43A13T03,222,223,foot_right,0.25143141606778036,0.011514492698002546,0.010613550361321531,joint step >0.2m and/or scale change >3.0%; review only
S43A13T03,224,225,foot_right,0.37015360560286914,0.025023072015018993,0.05670113804649726,joint step >0.2m and/or scale change >3.0%; review only
S43A13T03,225,226,foot_left,0.6967539490155978,0.10880636270968899,0.05318757586865587,joint step >0.2m and/or scale change >3.0%; review only
S43A13T03,226,227,foot_right,0.7437385562487971,0.07351957042422105,0.05843217535976163,joint step >0.2m and/or scale change >3.0%; review only
S43A13T03,227,228,wrist_left,0.29229295241457387,0.028178314321468743,0.03796697209285197,joint step >0.2m and/or scale change >3.0%; review only
S43A13T03,228,229,handtip_left,0.30148746006597177,0.01961787480990761,0.04858547253724063,joint step >0.2m and/or scale change >3.0%; review only
S43A13T03,229,230,handtip_left,0.35456177297259406,0.017934101268477613,0.10037087420630625,joint step >0.2m and/or scale change >3.0%; review only
S43A13T03,230,231,hand_left,0.32161214781198,0.017175060836121386,0.03438492834272953,joint step >0.2m and/or scale change >3.0%; review only
S43A13T03,231,232,thumb_left,0.24638531197782568,0.032147500369566796,0.05608541121001951,joint step >0.2m and/or scale change >3.0%; review only
S43A13T03,234,235,foot_right,0.36472546218110136,0.03316740298311776,0.06635467021765781,joint step >0.2m and/or scale change >3.0%; review only
S43A13T03,235,236,foot_left,0.37277979811554784,0.04865957794621582,0.026822562905730003,joint step >0.2m and/or scale change >3.0%; review only
S43A13T03,236,237,foot_left,0.26472174907393853,0.042724681549158504,0.06665066905159177,joint step >0.2m and/or scale change >3.0%; review only
S43A13T03,237,238,foot_right,0.33073704588287167,0.041104847364388825,0.05936627193113009,joint step >0.2m and/or scale change >3.0%; review only
S43A13T03,238,239,handtip_right,0.1382354244292033,0.01712206912084229,0.0656648176907566,joint step >0.2m and/or scale change >3.0%; review only
S43A13T04,126,127,foot_right,0.08421269132358715,0.015363503728061242,0.032504785679165184,joint step >0.2m and/or scale change >3.0%; review only
S43A13T05,211,212,foot_right,0.20015976937909125,0.047373460952143044,0.012206555990915385,joint step >0.2m and/or scale change >3.0%; review only
S43A13T05,213,214,foot_right,0.24287312117991042,0.050792523502467664,0.005995050927879975,joint step >0.2m and/or scale change >3.0%; review only
S43A13T05,219,220,ear_left,0.1258528999305232,0.08296170181462337,0.044641590400548284,joint step >0.2m and/or scale change >3.0%; review only
S43A13T05,220,221,knee_right,0.1863704589104174,0.08357297858320553,0.11658308235011476,joint step >0.2m and/or scale change >3.0%; review only
S43A13T05,221,222,foot_right,0.3604608627132699,0.03771781297381146,0.0353885423239285,joint step >0.2m and/or scale change >3.0%; review only
S43A13T05,222,223,foot_right,0.32545529655206096,0.08030718276947105,0.061054656962569016,joint step >0.2m and/or scale change >3.0%; review only
S43A13T05,223,224,foot_left,0.4960662558566759,0.021329473957676738,0.021997340678906435,joint step >0.2m and/or scale change >3.0%; review only
S43A13T05,224,225,foot_left,0.2339072806324388,0.01846842958126666,0.03612187091735676,joint step >0.2m and/or scale change >3.0%; review only
S43A13T05,225,226,foot_right,0.42607084089767044,0.04794270234364548,0.125833168424612,joint step >0.2m and/or scale change >3.0%; review only
S43A13T05,227,228,foot_left,0.4439647106556991,0.029244808488410236,0.014757817899321707,joint step >0.2m and/or scale change >3.0%; review only
S43A13T05,228,229,foot_right,0.31833261111710504,0.01275178011199532,0.009286908920878936,joint step >0.2m and/or scale change >3.0%; review only
S43A13T05,231,232,foot_right,0.21899709121326746,0.031679897134334035,0.0005717963312103276,joint step >0.2m and/or scale change >3.0%; review only
S43A13T05,232,233,foot_right,0.30753812116501644,0.015800625775194612,0.008616284794451423,joint step >0.2m and/or scale change >3.0%; review only
S43A13T05,233,234,ankle_left,0.26490440693230893,0.03296225003637094,0.019402871320297263,joint step >0.2m and/or scale change >3.0%; review only
S43A13T05,237,238,foot_left,0.21389837734625294,0.01568380702892309,0.026103260830130474,joint step >0.2m and/or scale change >3.0%; review only
S43A14T01,64,65,head,0.11349859652584957,0.05139784140307507,0.10759014944827444,joint step >0.2m and/or scale change >3.0%; review only
S43A14T01,68,69,nose,0.2038586809718919,0.016407829790864942,0.021783554983674493,joint step >0.2m and/or scale change >3.0%; review only
S43A14T01,70,71,wrist_right,0.21963183704490305,0.021923203590753854,0.06380425573879639,joint step >0.2m and/or scale change >3.0%; review only
S43A14T01,83,84,foot_right,0.3625743215895542,0.12438564382696311,0.04215332962267833,joint step >0.2m and/or scale change >3.0%; review only
S43A14T01,84,85,thumb_left,0.21437007836661984,0.0609663388549375,0.03246015606728014,joint step >0.2m and/or scale change >3.0%; review only
S43A14T01,85,86,foot_right,0.2948346858256987,0.09397487026530503,0.061696960836016834,joint step >0.2m and/or scale change >3.0%; review only
S43A14T01,86,87,thumb_right,0.1441329109406313,0.05549063620205813,0.06374368230627123,joint step >0.2m and/or scale change >3.0%; review only
S43A14T01,88,89,foot_right,0.8200325426781183,0.2817864946875674,0.09994451594093139,joint step >0.2m and/or scale change >3.0%; review only
S43A14T01,89,90,ear_right,0.2189533502359115,0.01627066325562914,0.017956490448888557,joint step >0.2m and/or scale change >3.0%; review only
S43A14T01,91,92,wrist_right,0.12063275884730028,0.03462628762913905,0.043800168767683736,joint step >0.2m and/or scale change >3.0%; review only
S43A14T01,92,93,foot_right,1.1969363670625754,0.1456715793089725,0.366394482115843,joint step >0.2m and/or scale change >3.0%; review only
S43A14T01,99,100,hand_left,0.36065531588757466,0.010730969267523219,0.0018734363890113696,joint step >0.2m and/or scale change >3.0%; review only
S43A14T01,101,102,foot_right,0.4122339991498492,0.03230933428749698,0.020627455317618622,joint step >0.2m and/or scale change >3.0%; review only
S43A14T01,102,103,foot_right,0.430084455270465,0.06332017215482175,0.02178332109625335,joint step >0.2m and/or scale change >3.0%; review only
S43A14T01,104,105,wrist_right,0.3316141660553966,0.04528843648325839,0.017428637504735636,joint step >0.2m and/or scale change >3.0%; review only
S43A14T01,105,106,foot_left,0.6142391629018734,0.0301269139792687,0.027329074728242798,joint step >0.2m and/or scale change >3.0%; review only
S43A14T01,106,107,ankle_left,0.21252187630009753,0.040726827847982365,0.02509481825730017,joint step >0.2m and/or scale change >3.0%; review only
S43A14T01,107,108,foot_left,0.42702982415260793,0.008927523015158947,0.04412804163138667,joint step >0.2m and/or scale change >3.0%; review only
S43A14T01,108,109,knee_left,0.1091194159975054,0.055953747542933904,0.0571619386956126,joint step >0.2m and/or scale change >3.0%; review only
S43A14T01,112,113,handtip_right,0.12719885927874153,0.006661273754174656,0.052249807754691145,joint step >0.2m and/or scale change >3.0%; review only
S43A14T01,113,114,foot_right,0.582928792723929,0.07804193367079003,0.11833572822900969,joint step >0.2m and/or scale change >3.0%; review only
S43A14T01,114,115,foot_right,0.3112821964822826,0.025947404467198166,0.023737874307622163,joint step >0.2m and/or scale change >3.0%; review only
S43A14T01,116,117,foot_right,0.1157786020353265,0.01071767705697095,0.03555168763633184,joint step >0.2m and/or scale change >3.0%; review only
S43A14T01,118,119,handtip_right,0.17246969071138438,0.035997322284354503,0.04428932172552808,joint step >0.2m and/or scale change >3.0%; review only
S43A14T01,119,120,foot_left,0.36669366827296124,0.04319895989399291,0.040268859973905044,joint step >0.2m and/or scale change >3.0%; review only
S43A14T01,121,122,thumb_left,0.07798306619329215,0.01545627694768303,0.05417399428395696,joint step >0.2m and/or scale change >3.0%; review only
S43A14T01,123,124,foot_right,0.09119606583448417,0.005807843555262707,0.03991174401519832,joint step >0.2m and/or scale change >3.0%; review only
S43A14T01,124,125,foot_left,0.16928969670369984,0.027729982001439363,0.10253479579093913,joint step >0.2m and/or scale change >3.0%; review only
S43A14T01,125,126,foot_left,0.2862592785891036,0.028422910787870247,0.04489102263494586,joint step >0.2m and/or scale change >3.0%; review only
S43A14T01,151,152,foot_left,0.09760630319982029,0.008889834123196473,0.031481727889271414,joint step >0.2m and/or scale change >3.0%; review only
S43A14T01,159,160,thumb_left,0.22290097552590862,0.019379675395310523,0.02585593578791539,joint step >0.2m and/or scale change >3.0%; review only
S43A14T01,170,171,wrist_left,0.2594970612180322,0.011047730205588876,0.014930692774789485,joint step >0.2m and/or scale change >3.0%; review only
S43A14T01,177,178,foot_left,0.1656038084628326,0.012764865030152358,0.08071657381579067,joint step >0.2m and/or scale change >3.0%; review only
S43A14T01,178,179,elbow_left,0.13393144105320579,0.015839455075967904,0.06578314820244288,joint step >0.2m and/or scale change >3.0%; review only
S43A14T01,179,180,handtip_left,0.17612149386677034,0.020698863438538044,0.04454383296170417,joint step >0.2m and/or scale change >3.0%; review only
S43A14T01,180,181,nose,0.1110307916290897,0.00636535147861449,0.0703108874018166,joint step >0.2m and/or scale change >3.0%; review only
S43A14T01,181,182,hand_left,0.1236048921121078,0.016842991976233894,0.06361221276876053,joint step >0.2m and/or scale change >3.0%; review only
S43A14T01,183,184,elbow_right,0.08747465400374115,0.01778455691355739,0.0399095054992919,joint step >0.2m and/or scale change >3.0%; review only
S43A14T01,184,185,knee_left,0.11915550990041542,0.0300739219993335,0.034565761981402876,joint step >0.2m and/or scale change >3.0%; review only
S43A14T01,185,186,thumb_right,0.27450819630992596,0.011482997691438094,0.0076713711360162015,joint step >0.2m and/or scale change >3.0%; review only
S43A14T01,186,187,handtip_right,0.20387445341590635,0.010469026385690491,0.0034260704905548127,joint step >0.2m and/or scale change >3.0%; review only
S43A14T01,195,196,handtip_left,0.3003889407304717,0.007060992290275086,0.008088142807342692,joint step >0.2m and/or scale change >3.0%; review only
S43A14T01,199,200,handtip_right,0.24800478940464665,0.00981452154698566,0.008583059682914245,joint step >0.2m and/or scale change >3.0%; review only
S43A14T01,201,202,thumb_right,0.22891715384589909,0.004670105168524948,0.03446469401486149,joint step >0.2m and/or scale change >3.0%; review only
S43A14T01,212,213,thumb_right,0.2200257559264318,0.01282216821012832,0.016515038028552708,joint step >0.2m and/or scale change >3.0%; review only
S43A14T01,226,227,hand_right,0.10220786070871175,0.020396680459428926,0.031427875479765534,joint step >0.2m and/or scale change >3.0%; review only
S43A14T01,231,232,hand_right,0.0980249543961739,0.02490511022636549,0.03931062183425735,joint step >0.2m and/or scale change >3.0%; review only
S43A14T01,232,233,foot_left,0.08492900819140954,0.03130056677089732,0.03508238226831461,joint step >0.2m and/or scale change >3.0%; review only
S43A14T01,235,236,knee_left,0.1501409558088784,0.022482906351531568,0.040174754898590855,joint step >0.2m and/or scale change >3.0%; review only
S43A14T01,236,237,foot_left,0.08960235604766635,0.026788675037510166,0.05470361086296568,joint step >0.2m and/or scale change >3.0%; review only
S43A14T01,241,242,ear_right,0.04640041637909685,0.015220035005526152,0.032751801054247666,joint step >0.2m and/or scale change >3.0%; review only
S43A14T01,245,246,wrist_right,0.16490695393995847,0.02628833838373608,0.03088806566684412,joint step >0.2m and/or scale change >3.0%; review only
S43A14T01,247,248,ear_right,0.06667205804584975,0.007010275124115765,0.047387647185633285,joint step >0.2m and/or scale change >3.0%; review only
S43A14T01,250,251,thumb_left,0.08583444045601436,0.011230414929271562,0.03039387556723671,joint step >0.2m and/or scale change >3.0%; review only
S43A14T01,251,252,wrist_right,0.13318961689357342,0.008273084335848162,0.03345521740964851,joint step >0.2m and/or scale change >3.0%; review only
S43A14T01,254,255,thumb_left,0.05477216446378296,0.006604345957579849,0.031065494262624088,joint step >0.2m and/or scale change >3.0%; review only
S43A14T01,255,256,ear_right,0.07490469772570028,0.029671110836742242,0.04868986759196109,joint step >0.2m and/or scale change >3.0%; review only
S43A14T01,257,258,foot_left,0.06939519033508229,0.01907329523439721,0.03085871441134461,joint step >0.2m and/or scale change >3.0%; review only
S43A14T01,258,259,wrist_right,0.20268177514350547,0.00737674495979182,0.009498981496005603,joint step >0.2m and/or scale change >3.0%; review only
S43A14T02,111,112,handtip_left,0.07653482823509107,0.017894203824630032,0.03569299760353467,joint step >0.2m and/or scale change >3.0%; review only
S43A14T02,116,117,hand_right,0.25573681181217534,0.020460118196269472,0.004256601230112393,joint step >0.2m and/or scale change >3.0%; review only
S43A14T02,125,126,handtip_right,0.12681995917386676,0.038192212734122266,0.03328205171805013,joint step >0.2m and/or scale change >3.0%; review only
S43A14T02,126,127,thumb_right,0.282769582073874,0.05269533786818212,0.010107045460004772,joint step >0.2m and/or scale change >3.0%; review only
S43A14T02,127,128,handtip_right,0.2535188944453315,0.06306513493182356,0.0034599614007230235,joint step >0.2m and/or scale change >3.0%; review only
S43A14T02,131,132,ear_left,0.14312516698601818,0.05908025234513474,0.04600583731720882,joint step >0.2m and/or scale change >3.0%; review only
S43A14T02,133,134,thumb_right,0.2099090117394458,0.08079741010180219,0.008947643081935863,joint step >0.2m and/or scale change >3.0%; review only
S43A14T02,134,135,foot_right,0.1927742786994463,0.11158922197447912,0.14265290696209879,joint step >0.2m and/or scale change >3.0%; review only
S43A14T02,135,136,eye_left,0.13896079660185684,0.10277699361883977,0.03525777972553989,joint step >0.2m and/or scale change >3.0%; review only
S43A14T02,137,138,thumb_left,0.2829404808491398,0.038577975187139346,0.08910164900686557,joint step >0.2m and/or scale change >3.0%; review only
S43A14T02,139,140,handtip_left,0.542104996376234,0.09973465414584479,0.06902116287058932,joint step >0.2m and/or scale change >3.0%; review only
S43A14T02,151,152,foot_left,0.1927200078931397,0.05676137150285165,0.07456252523000301,joint step >0.2m and/or scale change >3.0%; review only
S43A14T02,152,153,ankle_right,0.1767123291051168,0.03791236219627361,0.07026291886465953,joint step >0.2m and/or scale change >3.0%; review only
S43A14T02,155,156,foot_right,0.27876563840257923,0.05006096329074581,0.018623221695563744,joint step >0.2m and/or scale change >3.0%; review only
S43A14T02,156,157,foot_left,0.3034387309869548,0.07538576722306325,0.016182403660082948,joint step >0.2m and/or scale change >3.0%; review only
S43A14T02,157,158,foot_right,0.3481334564817975,0.041949975760611866,0.2341765044192586,joint step >0.2m and/or scale change >3.0%; review only
S43A14T02,166,167,foot_right,0.18667344129638846,0.005271880798370039,0.03941061642507266,joint step >0.2m and/or scale change >3.0%; review only
S43A14T02,167,168,handtip_left,0.2772822324199323,0.060337845618856016,0.15419401189175788,joint step >0.2m and/or scale change >3.0%; review only
S43A14T02,190,191,foot_left,0.38641352111323196,0.024456697915652532,0.03578279123535589,joint step >0.2m and/or scale change >3.0%; review only
S43A14T02,196,197,foot_left,0.2291298824404632,0.011754974213567368,0.061538171111919754,joint step >0.2m and/or scale change >3.0%; review only
S43A14T02,199,200,foot_left,0.33025351647925855,0.04287779020820722,0.019657669661560618,joint step >0.2m and/or scale change >3.0%; review only
S43A14T02,209,210,foot_left,0.2605610245252338,0.0245116765262512,0.010218866667187231,joint step >0.2m and/or scale change >3.0%; review only
S43A14T02,210,211,wrist_right,0.1811195472575535,0.023503554573266763,0.053598559049867926,joint step >0.2m and/or scale change >3.0%; review only
S43A14T02,212,213,foot_right,0.07202547001458669,0.014497554612091634,0.034606076743464574,joint step >0.2m and/or scale change >3.0%; review only
S43A14T02,213,214,elbow_right,0.2225272830688876,0.02715645283494347,0.006323094307567643,joint step >0.2m and/or scale change >3.0%; review only
S43A14T02,221,222,knee_left,0.10392903159750912,0.01802894568311535,0.060285232992975626,joint step >0.2m and/or scale change >3.0%; review only
S43A14T02,222,223,elbow_right,0.2556025681324635,0.027626511844023132,0.013043671836248626,joint step >0.2m and/or scale change >3.0%; review only
S43A14T02,224,225,thumb_right,0.32265495603132927,0.03756112525064185,0.014889871317256035,joint step >0.2m and/or scale change >3.0%; review only
S43A14T02,226,227,foot_left,0.15521946912603343,0.017016109781389312,0.030391734235528964,joint step >0.2m and/or scale change >3.0%; review only
S43A14T02,234,235,elbow_right,0.2095142398030756,0.02470897730441615,0.03080984295559556,joint step >0.2m and/or scale change >3.0%; review only
S43A14T02,235,236,handtip_right,0.24092285384617684,0.028050002357418048,0.009531229938158383,joint step >0.2m and/or scale change >3.0%; review only
S43A14T02,236,237,handtip_left,0.4903520444531612,0.02060974033178823,0.02094670763856088,joint step >0.2m and/or scale change >3.0%; review only
S43A14T02,243,244,ear_right,0.09730047683632528,0.01797741126421678,0.052337321514302114,joint step >0.2m and/or scale change >3.0%; review only
S43A14T02,249,250,foot_left,0.32722804230540625,0.03699317475710408,0.020547092468851388,joint step >0.2m and/or scale change >3.0%; review only
S43A14T02,255,256,thumb_right,0.17411813084751007,0.014784196576844034,0.032600636991944515,joint step >0.2m and/or scale change >3.0%; review only
S43A14T02,268,269,handtip_right,0.22501693782262217,0.007281250692444905,0.006212473698099503,joint step >0.2m and/or scale change >3.0%; review only
S43A14T02,288,289,wrist_right,0.0764453809201076,0.013144901346874979,0.03914397167066595,joint step >0.2m and/or scale change >3.0%; review only
S43A14T02,298,299,knee_left,0.20096807987011997,0.04612993714220603,0.023711724390338015,joint step >0.2m and/or scale change >3.0%; review only
S43A14T03,91,92,handtip_left,0.682681849458987,0.10918708482558347,0.07626516490052052,joint step >0.2m and/or scale change >3.0%; review only
S43A14T03,94,95,hand_left,0.6997872665096002,0.07892164377740056,0.007924052756496696,joint step >0.2m and/or scale change >3.0%; review only
S43A14T03,95,96,nose,0.12460728167751695,0.024788319289513167,0.0538912159322129,joint step >0.2m and/or scale change >3.0%; review only
S43A14T03,96,97,ear_left,0.06864200117970712,0.02921024158553797,0.05163840830795073,joint step >0.2m and/or scale change >3.0%; review only
S43A14T03,97,98,hand_right,0.2904706142065035,0.051830686124956976,0.029619645458744886,joint step >0.2m and/or scale change >3.0%; review only
S43A14T03,103,104,wrist_right,0.11377347475508769,0.02809052754626709,0.03145217333568543,joint step >0.2m and/or scale change >3.0%; review only
S43A14T03,109,110,foot_left,0.4148517120028347,0.06940131000253982,0.024603997595022697,joint step >0.2m and/or scale change >3.0%; review only
S43A14T03,115,116,thumb_left,0.22958520487542153,0.06781484739742467,0.021821019850162184,joint step >0.2m and/or scale change >3.0%; review only
S43A14T03,118,119,foot_left,0.11957083280899411,0.08447168301710097,0.03807748992868687,joint step >0.2m and/or scale change >3.0%; review only
S43A14T03,120,121,ear_left,0.08896950679117904,0.023288778376578174,0.04343034658479167,joint step >0.2m and/or scale change >3.0%; review only
S43A14T03,121,122,foot_right,0.12968368685357423,0.024373649391174357,0.09456686433390599,joint step >0.2m and/or scale change >3.0%; review only
S43A14T03,122,123,ear_left,0.16333320456013184,0.029492298536337544,0.10071493759454361,joint step >0.2m and/or scale change >3.0%; review only
S43A14T03,123,124,handtip_left,0.2798278068278124,0.022047530189047766,0.049578220914649446,joint step >0.2m and/or scale change >3.0%; review only
S43A14T03,124,125,foot_right,0.6985004334077869,0.16925123280806287,0.15423644882519497,joint step >0.2m and/or scale change >3.0%; review only
S43A14T03,125,126,foot_left,0.14590364220472862,0.04397696362625316,0.05112061475562266,joint step >0.2m and/or scale change >3.0%; review only
S43A14T03,128,129,wrist_left,0.22035539110239394,0.026230229352315226,0.02226718586754934,joint step >0.2m and/or scale change >3.0%; review only
S43A14T03,131,132,foot_left,0.7664062142739813,0.09456831118336131,0.139245756090632,joint step >0.2m and/or scale change >3.0%; review only
S43A14T03,132,133,foot_left,0.2252645942476075,0.09172956758611937,0.058247959831984844,joint step >0.2m and/or scale change >3.0%; review only
S43A14T03,133,134,foot_left,0.300546388328333,0.03272239728961479,0.011069861549393172,joint step >0.2m and/or scale change >3.0%; review only
S43A14T03,134,135,knee_left,0.2351901872004217,0.04540234933709868,0.008507078797215375,joint step >0.2m and/or scale change >3.0%; review only
S43A14T03,135,136,foot_left,0.2517707719291034,0.012768055309394243,0.006975742035667481,joint step >0.2m and/or scale change >3.0%; review only
S43A14T03,137,138,handtip_right,0.30651413402466754,0.07700579894973232,0.024936761031151587,joint step >0.2m and/or scale change >3.0%; review only
S43A14T03,146,147,handtip_left,0.29467307262905884,0.027508047966831966,0.08042784809376703,joint step >0.2m and/or scale change >3.0%; review only
S43A14T03,211,212,handtip_left,0.05632638805018787,0.0066566608833205825,0.03726322046327745,joint step >0.2m and/or scale change >3.0%; review only
S43A14T03,212,213,handtip_left,0.07894287186117226,0.012295035612998308,0.04665384990620722,joint step >0.2m and/or scale change >3.0%; review only
S43A14T03,213,214,handtip_left,0.12929784242039405,0.015827953609522976,0.03158004634293812,joint step >0.2m and/or scale change >3.0%; review only
S43A14T03,217,218,foot_left,0.10077648283382844,0.03877255165930746,0.042878328244481366,joint step >0.2m and/or scale change >3.0%; review only
S43A14T03,222,223,foot_left,0.18183469745804204,0.04854528640273788,0.08191692559913734,joint step >0.2m and/or scale change >3.0%; review only
S43A14T03,223,224,handtip_right,0.3573750034958601,0.009996489921281021,0.026374144632677114,joint step >0.2m and/or scale change >3.0%; review only
S43A14T03,224,225,foot_right,0.15103994540350774,0.04997717523447081,0.03981613056381577,joint step >0.2m and/or scale change >3.0%; review only
S43A14T03,226,227,knee_left,0.149716596278185,0.043593688447634685,0.03916194198829643,joint step >0.2m and/or scale change >3.0%; review only
S43A14T03,227,228,knee_right,0.16551747171287542,0.06733546726383503,0.07403780506852548,joint step >0.2m and/or scale change >3.0%; review only
S43A14T03,237,238,handtip_right,0.35882867483852054,0.006524951627812317,0.016709690483603188,joint step >0.2m and/or scale change >3.0%; review only
S43A14T03,242,243,thumb_left,0.13315847109346288,0.02756232328703215,0.09389311838523977,joint step >0.2m and/or scale change >3.0%; review only
S43A14T03,245,246,handtip_right,0.15661914409081198,0.00807494186896434,0.03761429843832169,joint step >0.2m and/or scale change >3.0%; review only
S43A14T03,257,258,wrist_right,0.09434624049175622,0.024044705700758187,0.08647814329189621,joint step >0.2m and/or scale change >3.0%; review only
S43A14T03,258,259,knee_right,0.1913223789098061,0.016191219185546522,0.0445504049650474,joint step >0.2m and/or scale change >3.0%; review only
S43A14T03,260,261,knee_right,0.07284685069763468,0.011428723996071527,0.06280446702279519,joint step >0.2m and/or scale change >3.0%; review only
S43A14T03,264,265,foot_right,0.07967558502587901,0.019042624198184317,0.05004439903134563,joint step >0.2m and/or scale change >3.0%; review only
S43A14T03,265,266,ear_left,0.08298724047450083,0.015867951975627743,0.05235966059686446,joint step >0.2m and/or scale change >3.0%; review only
S43A14T03,266,267,ear_left,0.08901344082965358,0.01823275021706239,0.03936924268044675,joint step >0.2m and/or scale change >3.0%; review only
S43A14T03,267,268,wrist_left,0.1083952597644108,0.01918854561991031,0.051008205452706276,joint step >0.2m and/or scale change >3.0%; review only
S43A14T03,268,269,foot_left,0.11735701791713558,0.04997578546407014,0.04364537130840836,joint step >0.2m and/or scale change >3.0%; review only
S43A14T03,269,270,handtip_left,0.09910876919962243,0.017315008762534615,0.032592432107105745,joint step >0.2m and/or scale change >3.0%; review only
S43A14T03,275,276,ear_right,0.11673600629224405,0.027744179358105674,0.06300857401336617,joint step >0.2m and/or scale change >3.0%; review only
S43A14T04,82,83,nose,0.3107338470671831,0.0928169390634637,0.06928063129221294,joint step >0.2m and/or scale change >3.0%; review only
S43A14T04,85,86,knee_left,0.21539945054270032,0.04380604828792514,0.030436019157424075,joint step >0.2m and/or scale change >3.0%; review only
S43A14T04,86,87,foot_left,0.06373732887450077,0.023546510969344868,0.03413428878586528,joint step >0.2m and/or scale change >3.0%; review only
S43A14T04,88,89,thumb_right,0.25846119775216003,0.02224410280544069,0.004344132625092771,joint step >0.2m and/or scale change >3.0%; review only
S43A14T04,99,100,handtip_left,0.2548964881853718,0.04640415894341921,0.010754083488370243,joint step >0.2m and/or scale change >3.0%; review only
S43A14T04,108,109,foot_right,0.7491687284044766,0.2408858107979115,0.36109363939658384,joint step >0.2m and/or scale change >3.0%; review only
S43A14T04,110,111,foot_left,0.29054446802327627,0.08626653596231611,0.02452579221786595,joint step >0.2m and/or scale change >3.0%; review only
S43A14T04,111,112,hip_right,0.27974295824319745,0.17906239845279648,0.19861363447449717,joint step >0.2m and/or scale change >3.0%; review only
S43A14T04,113,114,foot_right,0.38658319691107085,0.09802846633363231,0.15590421504135396,joint step >0.2m and/or scale change >3.0%; review only
S43A14T04,114,115,foot_left,0.3232694238859161,0.09510858989955699,0.025762934485372934,joint step >0.2m and/or scale change >3.0%; review only
S43A14T04,118,119,knee_right,0.2788292948685009,0.05518049703306068,0.0492610359846121,joint step >0.2m and/or scale change >3.0%; review only
S43A14T04,122,123,thumb_left,0.4013851490275881,0.05967436534380713,0.09362719424626582,joint step >0.2m and/or scale change >3.0%; review only
S43A14T04,132,133,handtip_left,0.05382035160538289,0.011741599503233929,0.03416301284565706,joint step >0.2m and/or scale change >3.0%; review only
S43A14T04,133,134,handtip_right,0.240526031035149,0.043664020424144946,0.036390599692933685,joint step >0.2m and/or scale change >3.0%; review only
S43A14T04,136,137,foot_left,0.053843291115652774,0.02554010968941665,0.07436239117629839,joint step >0.2m and/or scale change >3.0%; review only
S43A14T04,137,138,foot_left,0.11387940959565976,0.031773113871443895,0.09470398459534835,joint step >0.2m and/or scale change >3.0%; review only
S43A14T04,138,139,thumb_left,0.1341106547187598,0.013592301780316215,0.04493122856418128,joint step >0.2m and/or scale change >3.0%; review only
S43A14T04,141,142,thumb_left,0.13328292008083262,0.012592320496953196,0.05205140261927822,joint step >0.2m and/or scale change >3.0%; review only
S43A14T04,145,146,foot_right,0.07636465275618891,0.007827823276999745,0.04750959586331352,joint step >0.2m and/or scale change >3.0%; review only
S43A14T04,147,148,thumb_right,0.044299434284548384,0.011291806982294721,0.03174634799037248,joint step >0.2m and/or scale change >3.0%; review only
S43A14T04,150,151,handtip_left,0.0810900827391553,0.008794349786001509,0.03052969333564576,joint step >0.2m and/or scale change >3.0%; review only
S43A14T04,165,166,handtip_right,0.3631908568585593,0.015613802826230153,0.0004004576550873459,joint step >0.2m and/or scale change >3.0%; review only
S43A14T04,166,167,handtip_right,0.4756348610130836,0.022195766463170587,0.05267592231480644,joint step >0.2m and/or scale change >3.0%; review only
S43A14T04,168,169,handtip_right,0.37744473062484496,0.013480478371720834,0.00039166811226795623,joint step >0.2m and/or scale change >3.0%; review only
S43A14T04,169,170,wrist_right,0.25328963106989383,0.0223903267925462,0.012679867218306355,joint step >0.2m and/or scale change >3.0%; review only
S43A14T04,171,172,hand_right,0.20625428994576922,0.007658296004395503,0.0034313091367555604,joint step >0.2m and/or scale change >3.0%; review only
S43A14T04,172,173,knee_left,0.24709420775343516,0.03532327848965644,0.004190491518935664,joint step >0.2m and/or scale change >3.0%; review only
S43A14T04,175,176,foot_right,0.13385973837447152,0.03161338316622197,0.03829420048290155,joint step >0.2m and/or scale change >3.0%; review only
S43A14T04,178,179,nose,0.0513545318635063,0.010197470509637617,0.031501455834445774,joint step >0.2m and/or scale change >3.0%; review only
S43A14T04,181,182,handtip_left,0.37281958606472104,0.02593465821201036,0.021948961372628768,joint step >0.2m and/or scale change >3.0%; review only
S43A14T04,185,186,knee_right,0.10433397071156898,0.030545616167240885,0.060352748542136216,joint step >0.2m and/or scale change >3.0%; review only
S43A14T04,187,188,foot_left,0.1299563699995314,0.03076039357811314,0.06935620631382008,joint step >0.2m and/or scale change >3.0%; review only
S43A14T04,190,191,elbow_left,0.08998325389547802,0.03758160895981004,0.04215255769340342,joint step >0.2m and/or scale change >3.0%; review only
S43A14T04,191,192,foot_left,0.254942489003126,0.026199847344360854,0.006924197024128058,joint step >0.2m and/or scale change >3.0%; review only
S43A14T04,193,194,foot_right,0.4024112803422813,0.04426675653524328,0.017021049461585485,joint step >0.2m and/or scale change >3.0%; review only
S43A14T04,196,197,ankle_right,0.2065321769616269,0.025163157284257102,0.0067407855825906,joint step >0.2m and/or scale change >3.0%; review only
S43A14T04,197,198,ankle_right,0.21118715735315255,0.026749525131420548,0.0022579179233919115,joint step >0.2m and/or scale change >3.0%; review only
S43A14T04,200,201,foot_left,0.2004735656101742,0.01571138913290859,0.011689354724791708,joint step >0.2m and/or scale change >3.0%; review only
S43A14T04,203,204,handtip_right,0.06589664172468623,0.011064362343692985,0.03438425413006955,joint step >0.2m and/or scale change >3.0%; review only
S43A14T04,212,213,hand_left,0.33956491261052285,0.017235523799605693,0.02807291897742797,joint step >0.2m and/or scale change >3.0%; review only
S43A14T04,219,220,foot_right,0.05218557623298427,0.011074756892738317,0.0302607936405238,joint step >0.2m and/or scale change >3.0%; review only
S43A14T04,228,229,ear_right,0.03889048654136733,0.009569849010528299,0.03445660852220607,joint step >0.2m and/or scale change >3.0%; review only
S43A14T04,237,238,handtip_left,0.21960163817462408,0.03227599031719643,0.0325088400633294,joint step >0.2m and/or scale change >3.0%; review only
S43A14T04,238,239,wrist_left,0.14694410420479853,0.01751121813456943,0.06059718104517588,joint step >0.2m and/or scale change >3.0%; review only
S43A14T04,242,243,handtip_left,0.15702436031069003,0.009238101932471246,0.03521991411595867,joint step >0.2m and/or scale change >3.0%; review only
S43A14T04,243,244,wrist_right,0.06828151025663164,0.010989459237778035,0.03288005363288964,joint step >0.2m and/or scale change >3.0%; review only
S43A14T04,244,245,foot_left,0.12439667049424633,0.035172735287447694,0.03536614462172685,joint step >0.2m and/or scale change >3.0%; review only
S43A14T04,245,246,handtip_right,0.12365798228225193,0.017844171843683698,0.03383747146458387,joint step >0.2m and/or scale change >3.0%; review only
S43A14T04,256,257,elbow_right,0.07380521724548063,0.01947427716772189,0.045759306446995766,joint step >0.2m and/or scale change >3.0%; review only
S43A14T04,257,258,elbow_right,0.09814037758345531,0.015233782566704495,0.034098913690592036,joint step >0.2m and/or scale change >3.0%; review only
S43A14T04,266,267,handtip_right,0.05696765927511511,0.0027730756783499373,0.033141465214862754,joint step >0.2m and/or scale change >3.0%; review only
S43A14T04,271,272,nose,0.06959117787903936,0.012222234997373288,0.048113519142298285,joint step >0.2m and/or scale change >3.0%; review only
S43A14T04,276,277,foot_left,0.0729926222644644,0.015107034121232833,0.03202251871746981,joint step >0.2m and/or scale change >3.0%; review only
S43A14T04,278,279,foot_left,0.055110026270536135,0.015486496079064058,0.0409374535674569,joint step >0.2m and/or scale change >3.0%; review only
S43A14T04,281,282,foot_left,0.06046038395132487,0.024486865722085513,0.035137321304312547,joint step >0.2m and/or scale change >3.0%; review only
S43A14T04,288,289,elbow_right,0.07060675340705856,0.03663586560518238,0.06337374665638168,joint step >0.2m and/or scale change >3.0%; review only
S43A14T04,291,292,ear_left,0.0906656770448396,0.05177635760022208,0.034086708994498935,joint step >0.2m and/or scale change >3.0%; review only
S43A14T05,70,71,wrist_right,0.2140421920764712,0.014995599276152875,0.036394921372517854,joint step >0.2m and/or scale change >3.0%; review only
S43A14T05,71,72,foot_right,0.26124230156540823,0.0479727302474965,0.003425476274319329,joint step >0.2m and/or scale change >3.0%; review only
S43A14T05,74,75,handtip_right,0.22801174570338453,0.03663197675355241,0.02697951186043237,joint step >0.2m and/or scale change >3.0%; review only
S43A14T05,82,83,wrist_left,0.2168943905280958,0.05627957953796701,0.01960482249752159,joint step >0.2m and/or scale change >3.0%; review only
S43A14T05,84,85,wrist_left,0.19238695069752743,0.0949612455790598,0.047830985554553986,joint step >0.2m and/or scale change >3.0%; review only
S43A14T05,86,87,handtip_right,0.16664135697339982,0.06740331134626458,0.08071328176016608,joint step >0.2m and/or scale change >3.0%; review only
S43A14T05,87,88,handtip_right,0.14847320804071545,0.08359366209429536,0.05758959478803033,joint step >0.2m and/or scale change >3.0%; review only
S43A14T05,88,89,ear_right,0.08546925280501015,0.03383914817875308,0.031518085007047336,joint step >0.2m and/or scale change >3.0%; review only
S43A14T05,89,90,foot_right,0.3505395299725223,0.07865596605708683,0.04907729455816427,joint step >0.2m and/or scale change >3.0%; review only
S43A14T05,90,91,foot_right,0.20628421444309616,0.050665040502441056,0.0903833451371835,joint step >0.2m and/or scale change >3.0%; review only
S43A14T05,91,92,ankle_right,0.13682402697979723,0.02506122955335631,0.030136067156099053,joint step >0.2m and/or scale change >3.0%; review only
S43A14T05,92,93,ankle_right,0.1269382097923745,0.012138279164783867,0.06502067883779669,joint step >0.2m and/or scale change >3.0%; review only
S43A14T05,93,94,foot_left,0.14906112504897043,0.02985290599173995,0.06442127031757645,joint step >0.2m and/or scale change >3.0%; review only
S43A14T05,94,95,foot_right,0.48823565419197923,0.0657804928992937,0.023592545005290445,joint step >0.2m and/or scale change >3.0%; review only
S43A14T05,95,96,foot_left,0.5951600601862933,0.03314551388498668,0.055116671396358265,joint step >0.2m and/or scale change >3.0%; review only
S43A14T05,97,98,foot_left,0.26636937288838114,0.025449592485298576,0.022008349120435984,joint step >0.2m and/or scale change >3.0%; review only
S43A14T05,98,99,foot_right,0.3816219914148124,0.0874780053595563,0.044853828828993324,joint step >0.2m and/or scale change >3.0%; review only
S43A14T05,99,100,handtip_right,0.21364772344752067,0.022730051309761846,0.04085883114523021,joint step >0.2m and/or scale change >3.0%; review only
S43A14T05,100,101,foot_left,0.5361508060444193,0.03843691930800862,0.0201169882978068,joint step >0.2m and/or scale change >3.0%; review only
S43A14T05,101,102,ankle_left,0.27346037610251106,0.08226397485335148,0.09089813887536953,joint step >0.2m and/or scale change >3.0%; review only
S43A14T05,102,103,foot_left,0.37237107948644266,0.02278424076872528,0.0318015802114093,joint step >0.2m and/or scale change >3.0%; review only
S43A14T05,103,104,foot_left,0.25145531686260164,0.019515803023249376,0.0417703834375818,joint step >0.2m and/or scale change >3.0%; review only
S43A14T05,106,107,foot_left,0.23007494568343587,0.01985318189669509,0.001480974876676631,joint step >0.2m and/or scale change >3.0%; review only
S43A14T05,109,110,handtip_right,0.5722314137666104,0.13996457599310752,0.31867571106434106,joint step >0.2m and/or scale change >3.0%; review only
S43A14T05,121,122,wrist_left,0.1409180068110146,0.04216220917313025,0.1042998495697432,joint step >0.2m and/or scale change >3.0%; review only
S43A14T05,124,125,handtip_right,0.35097840947881576,0.005996761785736352,0.0021578005986963786,joint step >0.2m and/or scale change >3.0%; review only
S43A14T05,125,126,handtip_left,0.10176635213195714,0.011090171014699172,0.032217952881202425,joint step >0.2m and/or scale change >3.0%; review only
S43A14T05,126,127,thumb_right,0.23999087128070817,0.00469651224108092,0.024573388625767394,joint step >0.2m and/or scale change >3.0%; review only
S43A14T05,129,130,foot_left,0.23996325285704623,0.018032132466595997,0.08907462556730457,joint step >0.2m and/or scale change >3.0%; review only
S43A14T05,132,133,foot_left,0.12763451872725293,0.013060274705845833,0.038590760535024624,joint step >0.2m and/or scale change >3.0%; review only
S43A14T05,134,135,wrist_left,0.1297292227361486,0.014709770077449003,0.030537614419060544,joint step >0.2m and/or scale change >3.0%; review only
S43A14T05,142,143,foot_right,0.3247423768602319,0.06858988925781305,0.08425388060325939,joint step >0.2m and/or scale change >3.0%; review only
S43A14T05,144,145,thumb_left,0.22732579062135164,0.00902153826753889,0.00854326603193531,joint step >0.2m and/or scale change >3.0%; review only
S43A14T05,161,162,foot_left,0.19463229839656265,0.044260914289660135,0.033002103876576074,joint step >0.2m and/or scale change >3.0%; review only
S43A14T05,162,163,knee_left,0.10843260980946953,0.030389241949836814,0.037410313818829574,joint step >0.2m and/or scale change >3.0%; review only
S43A14T05,170,171,foot_right,0.20018379860298852,0.030570405286127082,0.0678906508281482,joint step >0.2m and/or scale change >3.0%; review only
S43A14T05,172,173,wrist_left,0.09309328578716462,0.013419683785023303,0.03331820886464804,joint step >0.2m and/or scale change >3.0%; review only
S43A14T05,175,176,elbow_right,0.18128033738332433,0.027353353718396888,0.031194036876248516,joint step >0.2m and/or scale change >3.0%; review only
S43A14T05,176,177,elbow_right,0.23644824724830021,0.028373444104705648,0.021433487728737433,joint step >0.2m and/or scale change >3.0%; review only
S43A14T05,188,189,wrist_right,0.15486970759766452,0.026297117731947647,0.03064741830363611,joint step >0.2m and/or scale change >3.0%; review only
S43A14T05,213,214,wrist_left,0.11467892403772456,0.04265507998531405,0.04743300362345041,joint step >0.2m and/or scale change >3.0%; review only
S43A14T05,216,217,foot_right,0.07741400659054619,0.027369615343281545,0.036298680066991315,joint step >0.2m and/or scale change >3.0%; review only
S43A14T05,217,218,wrist_left,0.13239750992239982,0.0240418584695075,0.08733914189576318,joint step >0.2m and/or scale change >3.0%; review only
S43A14T05,218,219,wrist_left,0.12646742323914298,0.05546484668657216,0.058332835677094866,joint step >0.2m and/or scale change >3.0%; review only
S43A14T05,219,220,foot_left,0.20368371081555098,0.04982902345122752,0.08500903192609488,joint step >0.2m and/or scale change >3.0%; review only
S43A14T05,220,221,foot_left,0.12634015135013613,0.022114654007446447,0.04745002013328951,joint step >0.2m and/or scale change >3.0%; review only
S43A14T05,223,224,wrist_left,0.3090547598329663,0.009288858211611533,0.025597901254176637,joint step >0.2m and/or scale change >3.0%; review only
S43A14T05,225,226,handtip_left,0.24094750546335778,0.04252814189018364,0.10799315456675282,joint step >0.2m and/or scale change >3.0%; review only
S43A14T05,226,227,foot_left,0.08085014402507879,0.027001547536841287,0.0314959103018117,joint step >0.2m and/or scale change >3.0%; review only
S43A14T05,227,228,hip_left,0.06902670001925712,0.03989466085175658,0.06953002962688917,joint step >0.2m and/or scale change >3.0%; review only
S43A14T05,228,229,handtip_left,0.23947133833303094,0.018368698042625756,0.05697020797269202,joint step >0.2m and/or scale change >3.0%; review only
S43A14T05,229,230,handtip_left,0.19615856059422762,0.011627940688374446,0.07865996415917448,joint step >0.2m and/or scale change >3.0%; review only
S43A14T05,230,231,handtip_left,0.13644017294471286,0.014781251741001296,0.037634432038757264,joint step >0.2m and/or scale change >3.0%; review only
S43A14T05,234,235,handtip_right,0.1386910702836052,0.04851695509815926,0.049515714911546896,joint step >0.2m and/or scale change >3.0%; review only
S43A14T05,240,241,handtip_left,0.10598393633448012,0.02053319632267894,0.041084439440752435,joint step >0.2m and/or scale change >3.0%; review only
S43A14T05,242,243,handtip_right,0.3930955814751544,0.09192206039394442,0.022986529201052746,joint step >0.2m and/or scale change >3.0%; review only
