trial,mode,frame0,nominal_time_s,raw_review_flag,raw_repeated_previous,foot_separation_camera_xz_m,foot_separation_camera_x_m,com_camera_x_m,foot_midpoint_camera_x_m,com_relative_to_foot_midpoint_camera_x_m,com_camera_y_m,foot_midpoint_camera_y_m,com_relative_to_foot_midpoint_camera_y_m,com_camera_z_m,foot_midpoint_camera_z_m,com_relative_to_foot_midpoint_camera_z_m
S43A11T04,raw,0,0.0,False,False,0.3198433208773212,0.20023962402343742,-1.459368161660566,-1.4045392456054686,-0.05482891605509743,-0.1750470176027883,0.7333251037597657,-0.908372121362554,2.2062727594874842,2.2269085693359374,-0.020635809848453146
S43A11T04,raw,1,0.03333333333333333,False,False,0.3221549857381717,0.19968103027343753,-1.4592096034104465,-1.4052678833007812,-0.05394172010966525,-0.17529795297296838,0.7337134094238281,-0.9090113623967965,2.2057047755624613,2.226788696289063,-0.02108392072660159
S43A11T04,raw,2,0.06666666666666667,False,False,0.3214943620711764,0.19292321777343746,-1.4564772866487625,-1.4070151977539063,-0.04946208889485626,-0.1765664570755271,0.7345544433593749,-0.911120900434902,2.2035793414135996,2.2291138916015627,-0.025534550187963134
S43A11T04,raw,3,0.1,False,False,0.3258827290587108,0.1875294189453125,-1.4560951689621526,-1.407817321777344,-0.04827784718480865,-0.17669459864975684,0.7355904235839844,-0.9122850222337413,2.201916611564672,2.2261729736328126,-0.024256362068140636
S43A11T04,raw,4,0.13333333333333333,False,False,0.32753449245062577,0.1771256103515626,-1.4519493987767187,-1.4112411499023438,-0.04070824887437485,-0.1763896829257281,0.736908905029297,-0.913298587955025,2.2016720000355745,2.23280078125,-0.031128781214425416
S43A11T04,raw,5,0.16666666666666666,False,False,0.33913138347181737,0.18263220214843745,-1.453964081841646,-1.4196389770507813,-0.03432510479086459,-0.18476285650735594,0.7367898254394531,-0.9215526819468091,2.198491379631386,2.2479045410156253,-0.049413161384239235
S43A11T04,raw,6,0.2,False,False,0.3447430700552594,0.18281066894531262,-1.4540890996179257,-1.4207051391601562,-0.03338396045776948,-0.18472585718786078,0.7365155639648437,-0.9212414211527045,2.1994990978672915,2.252043212890625,-0.05254411502333367
S43A11T04,raw,7,0.23333333333333334,False,False,0.31959880180558764,0.16468383789062502,-1.4509124700507723,-1.4091124267578126,-0.04180004329295972,-0.18001622460881056,0.7233425903320313,-0.9033588149408418,2.19542618577286,2.2385787353515623,-0.04315254957870218
S43A11T04,raw,8,0.26666666666666666,False,False,0.32106890557742446,0.1714129638671873,-1.450143623543321,-1.411945495605469,-0.038198127937852044,-0.18237465000954894,0.7323378295898437,-0.9147124795993926,2.1922397174468378,2.2374063720703123,-0.04516665462347458
S43A11T04,raw,9,0.3,False,False,0.32109086365267964,0.1714150390625,-1.4501421867635202,-1.4119466552734374,-0.03819553149008281,-0.18237415825425699,0.7323362121582031,-0.9147103704124601,2.1922384165291215,2.237413330078125,-0.04517491354900338
S43A11T04,raw,10,0.3333333333333333,False,True,0.32109086365267964,0.1714150390625,-1.4501421867635202,-1.4119466552734374,-0.03819553149008281,-0.18237415825425699,0.7323362121582031,-0.9147103704124601,2.1922384165291215,2.237413330078125,-0.04517491354900338
S43A11T04,raw,11,0.36666666666666664,False,False,0.3279060497817969,0.1726917724609376,-1.4498563699649798,-1.4130199584960939,-0.03683641146888594,-0.18214278930630906,0.7324639892578125,-0.9146067785641216,2.1917974352044634,2.2391022949218753,-0.04730485971741194
S43A11T04,raw,12,0.4,False,False,0.326793465733921,0.1664672851562501,-1.4453044377837392,-1.4152320556640625,-0.030072382119676666,-0.18053837583986423,0.7386463012695312,-0.9191846771093954,2.1831731495825997,2.24370849609375,-0.06053534651115022
S43A11T04,raw,13,0.43333333333333335,False,False,0.34079370410563903,0.16788891601562494,-1.4445267814054747,-1.4174973144531249,-0.027029466952349868,-0.1801021578084764,0.7390590515136719,-0.9191612093221483,2.1838672848129,2.25250048828125,-0.06863320346834989
S43A11T04,raw,14,0.4666666666666667,False,False,0.33923761023905796,0.16647998046875,-1.443716918984032,-1.4140925292968751,-0.02962438968715686,-0.1800482588254559,0.7421471557617187,-0.9221954145871747,2.18394546349593,2.254703735351563,-0.07075827185563277
S43A11T04,raw,15,0.5,False,False,0.3412330486650525,0.16607128906250002,-1.4435201897885614,-1.4139661865234374,-0.02955400326512403,-0.17995137427459354,0.7423829345703126,-0.9223343088449061,2.1836175117147705,2.255409545898438,-0.07179203418366731
S43A11T04,raw,16,0.5333333333333333,False,False,0.35102591017178003,0.1681065673828126,-1.4402986971144771,-1.4124700317382812,-0.027828665376195882,-0.18012529510949638,0.7389483947753906,-0.919073689884887,2.1822401346529237,2.2682072753906253,-0.08596714073770162
S43A11T04,raw,17,0.5666666666666667,False,False,0.3505321889443085,0.16352868652343733,-1.4394573918443871,-1.4093187866210939,-0.030138605223293258,-0.17741934283284128,0.7484545593261719,-0.9258739021590132,2.181996930708882,2.27178564453125,-0.0897887138223683
S43A11T04,raw,18,0.6,False,False,0.3505342895288969,0.16344335937499999,-1.4394523179672434,-1.4092871093750001,-0.030165208592243253,-0.1774088172706375,0.7484296264648438,-0.9258384437354813,2.1819791124793344,2.271925537109375,-0.08994642463004077
S43A11T04,raw,19,0.6333333333333333,False,False,0.3459591375227933,0.1613688964843749,-1.437756134827101,-1.4069603271484374,-0.030795807678663634,-0.17766657667041794,0.7475162963867188,-0.9251828730571368,2.1786396104332675,2.269657348632813,-0.0910177381995454
S43A11T04,raw,20,0.6666666666666666,False,False,0.3585315388300587,0.16983483886718753,-1.4368523319681337,-1.4093793334960938,-0.027472998472039878,-0.17764714659106054,0.7475575866699219,-0.9252047332609824,2.1789286180638374,2.2707379150390627,-0.09180929697522533
S43A11T04,raw,21,0.7,False,False,0.3609385420068546,0.1753109130859376,-1.4356268943788764,-1.4123700561523438,-0.023256838226532572,-0.17723889233873327,0.7475650329589844,-0.9248039252977176,2.1790921096775966,2.272794189453125,-0.09370207977552836
S43A11T04,raw,22,0.7333333333333333,False,False,0.36286552160259555,0.1772917480468752,-1.4356572681610933,-1.4115869140625001,-0.02407035409859315,-0.1774985149613832,0.7435888671875001,-0.9210873821488832,2.176808127782134,2.271595947265625,-0.09478781948349102
S43A11T04,raw,23,0.7666666666666667,False,False,0.3634387330264132,0.1785992431640624,-1.4357132267724821,-1.4122041625976562,-0.0235090641748259,-0.17747103584604826,0.7429338073730469,-0.9204048432190952,2.1758932527927017,2.272590942382813,-0.09669768959011105
S43A11T04,raw,24,0.8,False,False,0.3642173040710094,0.1789703369140625,-1.4354208278651865,-1.4117025756835937,-0.023718252181592847,-0.17760846961545218,0.7430455932617188,-0.920654062877171,2.1759714222036215,2.2713565673828127,-0.09538514517919117
S43A11T04,raw,25,0.8333333333333334,False,False,0.3645155555686482,0.1786990966796873,-1.4347085596723612,-1.4109988403320313,-0.02370971934032995,-0.17787856919519565,0.740157928466797,-0.9180364976619926,2.173626310600506,2.2708880615234373,-0.09726175092293143
S43A11T04,raw,26,0.8666666666666667,False,False,0.355579769588928,0.18200170898437507,-1.4334134269496093,-1.4098560791015626,-0.02355734784804664,-0.17795064193847,0.7403118591308593,-0.9182625010693293,2.173770020733941,2.2653520507812503,-0.09158203004730936
S43A11T04,raw,27,0.9,False,False,0.3607902116939764,0.18472985839843759,-1.4348161665664882,-1.4119198608398438,-0.022896305726644473,-0.17750000720206846,0.7419483642578125,-0.919448371459881,2.1746252628885765,2.2682322998046875,-0.09360703691611105
S43A11T04,raw,28,0.9333333333333333,False,False,0.3625595744228189,0.1863125000000001,-1.4338474311526004,-1.4119091796875,-0.02193825146510031,-0.1773125297767511,0.7392641906738282,-0.9165767204505793,2.1733156765692265,2.2705090332031252,-0.09719335663389872
S43A11T04,raw,29,0.9666666666666667,False,False,0.3612076675952047,0.17877160644531243,-1.4341959326343723,-1.4137957153320313,-0.020400217302340984,-0.17786436363292385,0.7355612182617188,-0.9134255818946426,2.172090516373747,2.2719296875,-0.09983917112625296
S43A11T04,raw,30,1.0,False,False,0.3619455051545525,0.17536181640625004,-1.4347929006275777,-1.4144732666015627,-0.020319634026015,-0.17801913945027092,0.7366490783691406,-0.9146682178194115,2.172868447075203,2.2748699951171876,-0.10200154804198469
S43A11T04,raw,31,1.0333333333333334,False,False,0.3599857798452742,0.1743109130859375,-1.435408466675203,-1.4150881958007813,-0.020320270874421675,-0.1781924701814864,0.7387191467285157,-0.9169116169100021,2.173934777115832,2.2746768798828123,-0.10074210276698015
S43A11T04,raw,32,1.0666666666666667,False,False,0.3645188780874953,0.17043701171875014,-1.434744349438706,-1.4155341796875,-0.01921016975120593,-0.17855393814990114,0.7387234497070313,-0.9172773878569325,2.174449211148608,2.2728151855468752,-0.09836597439826722
S43A11T04,raw,33,1.1,False,False,0.36447491136442695,0.17040344238281246,-1.4347420521247585,-1.4155348510742187,-0.019207201050539746,-0.17855441514930576,0.7387241821289063,-0.917278597278212,2.1744449114942754,2.2728533935546875,-0.09840848206041208
S43A11T04,raw,34,1.1333333333333333,False,False,0.3606915825733765,0.16666760253906254,-1.4343405051231612,-1.4132565307617189,-0.02108397436144238,-0.1776605088971835,0.7348086242675782,-0.9124691331647616,2.175313310224771,2.272558837890625,-0.09724552766585415
S43A11T04,raw,35,1.1666666666666667,False,False,0.3563283401309834,0.16562731933593744,-1.4345637870293766,-1.4124880981445314,-0.022075688884845235,-0.17820924076422218,0.7363392944335938,-0.914548535197816,2.1749985930585174,2.270388427734375,-0.09538983467585771
S43A11T04,raw,36,1.2,False,False,0.3602699315068958,0.1694160156250002,-1.4346740167929344,-1.4116218261718751,-0.023052190621059232,-0.17867256650305435,0.7368878479003906,-0.915560414403445,2.1741895508342806,2.270867431640625,-0.09667788080634443
S43A11T04,raw,37,1.2333333333333334,False,False,0.3430558663684584,0.17089440917968757,-1.4358596060771949,-1.4052887573242188,-0.03057084875297611,-0.17698848058815894,0.738526123046875,-0.915514603635034,2.1727753466603494,2.2613173828125,-0.0885420361521505
S43A11T04,raw,38,1.2666666666666666,False,False,0.3512113629015781,0.1778820800781249,-1.4358957862199944,-1.4069598388671876,-0.0289359473528068,-0.1793557730935304,0.7337613830566406,-0.913117156150171,2.1742323336224274,2.2628546142578125,-0.08862228063538513
S43A11T04,raw,39,1.3,False,False,0.3522381418174422,0.17891003417968743,-1.4358091328436577,-1.4076773071289064,-0.02813182571475137,-0.17965736746404112,0.732289794921875,-0.9119471623859161,2.1742711133068897,2.2658375244140627,-0.091566411107173
S43A11T04,raw,40,1.3333333333333333,False,False,0.35425332148764604,0.1747796630859375,-1.4362698223352879,-1.408571838378906,-0.02769798395638179,-0.17997598957123398,0.7389887390136719,-0.9189647285849059,2.1768261412819894,2.2623709716796876,-0.08554483039769822
S43A11T04,raw,41,1.3666666666666667,False,False,0.35386524667726654,0.17342846679687507,-1.4372339022451053,-1.4082376708984374,-0.028996231346667845,-0.1800027260302555,0.7379519958496095,-0.9179547218798649,2.177390532695694,2.2634788818359377,-0.08608834914024355
S43A11T04,raw,42,1.4,False,False,0.3538240950231305,0.1735012207031248,-1.437262475632292,-1.4080130615234374,-0.02924941410885462,-0.17978243865117083,0.7374581298828125,-0.9172405685339833,2.1775601741633395,2.2631254882812497,-0.08556531411791024
S43A11T04,raw,43,1.4333333333333333,False,False,0.3588927307291548,0.17225524902343747,-1.4380634380124462,-1.4095424194335937,-0.028521018578852475,-0.18030489531086002,0.7337564697265625,-0.9140613650374225,2.178636984073388,2.2626066894531247,-0.08396970537973658
S43A11T04,raw,44,1.4666666666666666,False,False,0.344410224396069,0.1717479248046876,-1.4379666714543595,-1.4070569458007811,-0.030909725653578413,-0.17953896122426005,0.7349153137207032,-0.9144542749449632,2.1775086077664194,2.2542276611328127,-0.07671905336639329
S43A11T04,raw,45,1.5,False,True,0.344410224396069,0.1717479248046876,-1.4379666714543595,-1.4070569458007811,-0.030909725653578413,-0.17953896122426005,0.7349153137207032,-0.9144542749449632,2.1775086077664194,2.2542276611328127,-0.07671905336639329
S43A11T04,raw,46,1.5333333333333334,False,False,0.3484957415644552,0.1754395751953126,-1.4387644397569592,-1.4103168334960938,-0.0284476062608654,-0.17990862830599993,0.7335251159667969,-0.9134337442727969,2.1803952333494454,2.258932739257813,-0.0785375059083675
S43A11T04,raw,47,1.5666666666666667,False,False,0.35534947254337484,0.175933837890625,-1.439871879368242,-1.41121435546875,-0.028657523899491943,-0.18072721183165338,0.7335157470703125,-0.9142429589019659,2.1818565684257956,2.25788330078125,-0.07602673235545465
S43A11T04,raw,48,1.6,False,False,0.34328324768360224,0.17206298828124988,-1.4411272571673874,-1.4063748779296876,-0.034752379237699804,-0.17962414663001727,0.7374903564453126,-0.9171145030753298,2.18097823947154,2.2503203125,-0.06934207302845996
S43A11T04,raw,49,1.6333333333333333,False,False,0.3514425798704008,0.18113134765625016,-1.4411155819178232,-1.410734130859375,-0.03038145105844814,-0.18123714839831875,0.7335140686035155,-0.9147512170018343,2.1819015045286316,2.25594091796875,-0.07403941344011855
S43A11T04,raw,50,1.6666666666666667,False,True,0.3514425798704008,0.18113134765625016,-1.4411155819178232,-1.410734130859375,-0.03038145105844814,-0.18123714839831875,0.7335140686035155,-0.9147512170018343,2.1819015045286316,2.25594091796875,-0.07403941344011855
S43A11T04,raw,51,1.7,False,False,0.3514351534456642,0.18113195800781257,-1.4411171205598445,-1.4107389526367187,-0.030378167923125865,-0.18123523813544887,0.7335099487304688,-0.9147451868659177,2.1819066448104385,2.2559425048828126,-0.07403586007237406
S43A11T04,raw,52,1.7333333333333334,False,False,0.35212854175704306,0.18190185546874993,-1.4420001484849365,-1.4138414306640625,-0.02815871782087398,-0.181259107451985,0.7368753662109375,-0.9181344736629226,2.1851706980538803,2.2604503173828125,-0.07527961932893223
S43A11T04,raw,53,1.7666666666666666,False,False,0.3491910287582696,0.1714674072265625,-1.4420321289941396,-1.4138789672851564,-0.028153161708983188,-0.17985634343853008,0.7394917907714844,-0.9193481342100145,2.1876377936184683,2.2604663085937498,-0.07282851497528142
S43A11T04,raw,54,1.8,False,False,0.35361988900033425,0.17016894531250015,-1.4438230570287356,-1.4119251708984375,-0.03189788613029809,-0.18022187464556855,0.7393148498535156,-0.9195367244990842,2.1868664949048764,2.2618541259765625,-0.07498763107168616
S43A11T04,raw,55,1.8333333333333333,False,False,0.35166724141213135,0.1695889892578124,-1.4439205315468997,-1.411609802246094,-0.03231072930080581,-0.18101685389457672,0.7396159362792969,-0.9206327901738736,2.1874524377623628,2.26512353515625,-0.07767109739388722
S43A11T04,raw,56,1.8666666666666667,False,False,0.3438839083715275,0.1722210693359374,-1.443027940714865,-1.4100169067382813,-0.03301103397658367,-0.18059171638110194,0.7376300048828126,-0.9182217212639145,2.187168037574561,2.25837841796875,-0.07121038039418881
S43A11T04,raw,57,1.9,False,False,0.3414465594804072,0.16477612304687494,-1.4449229582649916,-1.4126744384765626,-0.03224851978842902,-0.17986963086381716,0.7383047180175781,-0.9181743488813953,2.1877603200132807,2.250532470703125,-0.06277215068984443
S43A11T04,raw,58,1.9333333333333333,False,False,0.3386055632030759,0.16579052734374988,-1.4449345708064187,-1.4148583984375,-0.030076172368918686,-0.18032719656344637,0.7387835693359375,-0.9191107658993838,2.1870694909276183,2.2502481689453124,-0.06317867801769417
S43A11T04,raw,59,1.9666666666666666,False,False,0.3388047794902724,0.18088708496093764,-1.4464580460148626,-1.4156942749023438,-0.030763771112518823,-0.18008838562331034,0.7373197021484375,-0.9174080877717478,2.18556155033918,2.25085205078125,-0.06529050044207008
S43A11T04,raw,60,2.0,False,False,0.3371087566210932,0.17928295898437496,-1.446160968434673,-1.4204730224609374,-0.025687945973735582,-0.18192931696158743,0.740452392578125,-0.9223817095397124,2.190039839170363,2.25625146484375,-0.0662116256733869
S43A11T04,raw,61,2.033333333333333,False,False,0.3377579521564014,0.1780030517578124,-1.44534174805253,-1.4206854858398437,-0.024656262212686242,-0.18095049245046757,0.7415699462890626,-0.9225204387395302,2.189652410427485,2.2548359375,-0.06518352707251518
S43A11T04,raw,62,2.066666666666667,False,False,0.34224070645320853,0.1819991455078125,-1.4460887399563127,-1.418577209472656,-0.02751153048365662,-0.18007858280857392,0.7408819274902343,-0.9209605102988082,2.1907096285148415,2.2515247802734377,-0.0608151517585962
S43A11T04,raw,63,2.1,False,False,0.340784282362126,0.18178637695312516,-1.4459291546010948,-1.4193831787109374,-0.02654597589015739,-0.17996400680805175,0.7409381408691407,-0.9209021476771924,2.190473161731515,2.2541400146484376,-0.06366685291692242
S43A11T04,raw,64,2.1333333333333333,False,False,0.3548422501028822,0.17122949218749994,-1.4442079375209322,-1.4190950927734376,-0.025112844747494645,-0.17741172504832964,0.7398317565917969,-0.9172434816401265,2.1904168879166557,2.263870361328125,-0.07345347341146935
S43A11T04,raw,65,2.1666666666666665,False,False,0.3432377140532266,0.15788024902343745,-1.4470595887732791,-1.4171702270507813,-0.029889361722497787,-0.17236327423307207,0.7527012023925781,-0.9250644766256502,2.1906124248153866,2.268028076171875,-0.07741565135648854
S43A11T04,raw,66,2.2,False,False,0.34129902924083655,0.167661376953125,-1.446747330430914,-1.4204302978515626,-0.026317032579351363,-0.1775131586029004,0.7474247436523438,-0.9249379022552442,2.1901568140317327,2.2718476562500003,-0.08169084221826761
S43A11T04,raw,67,2.2333333333333334,False,False,0.34545732224549414,0.18122485351562512,-1.4466208570409138,-1.4237498779296875,-0.022870979111226264,-0.1784127761055493,0.7540264587402344,-0.9324392348457837,2.1909912681445736,2.268668212890625,-0.07767694474605147
S43A11T04,raw,68,2.2666666666666666,False,False,0.3439770779333441,0.18800866699218743,-1.4464376099646004,-1.4247410278320314,-0.021696582132568976,-0.1781066295862135,0.7510223083496095,-0.929128937935823,2.1888968544696663,2.265279296875,-0.07638244240533387
S43A11T04,raw,69,2.3,False,False,0.3346985026920736,0.18121032714843754,-1.445554629879006,-1.4213294067382813,-0.024225223140724728,-0.17439828490861983,0.7565167236328125,-0.9309150085414324,2.190101531603917,2.263051025390625,-0.0729494937867079
S43A11T04,raw,70,2.3333333333333335,False,False,0.3264724566394703,0.16434509277343756,-1.4451728598271527,-1.4181701049804687,-0.02700275484668402,-0.17255282289656698,0.7566353454589845,-0.9291881683555514,2.188911008411315,2.265018310546875,-0.07610730213556005
S43A11T04,raw,71,2.3666666666666667,False,False,0.33357379048175545,0.14753967285156255,-1.440417073707476,-1.4208906860351562,-0.019526387672319734,-0.16840754855344717,0.7467647094726563,-0.9151722580261035,2.190809987024797,2.261194580078125,-0.070384593053328
S43A11T04,raw,72,2.4,False,False,0.35147675399473605,0.13574133300781255,-1.4390135822617345,-1.431182800292969,-0.007830781968765521,-0.1690014088787024,0.7415121459960937,-0.9105135548747961,2.1922721785256507,2.2736000976562503,-0.08132791913059956
S43A11T04,raw,73,2.433333333333333,False,False,0.3616623602996965,0.12917687988281257,-1.436746215774744,-1.4326126098632812,-0.004133605911462723,-0.16893201583371337,0.7389215698242187,-0.9078535856579322,2.193213906688164,2.2806625976562502,-0.08744869096808605
S43A11T04,raw,74,2.466666666666667,False,False,0.3603939410932414,0.12593981933593756,-1.433656031033411,-1.4316550903320313,-0.002000940701379683,-0.17153321403681265,0.7356250915527344,-0.907158305589547,2.196680734161795,2.2882287597656252,-0.09154802560383013
S43A11T04,raw,75,2.5,False,False,0.3507550066206263,0.1405274658203126,-1.4339530547474573,-1.4368546752929687,0.002901620545511463,-0.17165422686451806,0.7381854248046875,-0.9098396516692056,2.192185386195622,2.2837850341796875,-0.0915996479840655
S43A11T04,raw,76,2.533333333333333,False,False,0.3488198292223162,0.16162158203124988,-1.4342336262897555,-1.4448977050781249,0.010664078788369391,-0.17270318911534768,0.7413992004394532,-0.9141023895548008,2.1931031586488676,2.2822016601562503,-0.08909850150738263
S43A11T04,raw,77,2.566666666666667,False,False,0.34694969146247606,0.2053161621093751,-1.427283726478124,-1.459780029296875,0.032496302818751044,-0.1745034381699889,0.7322845458984375,-0.9067879840684264,2.1983240767363847,2.267373046875,-0.06904897013861522
S43A11T04,raw,78,2.6,False,False,0.3536862852312178,0.23676184082031249,-1.4255446587453962,-1.4742156372070312,0.04867097846163504,-0.17586018957351104,0.7357559509277344,-0.9116161405012454,2.202019747220538,2.2518723144531254,-0.049852567232587575
S43A11T04,raw,79,2.6333333333333333,False,False,0.349259650201019,0.22646850585937495,-1.4226478348510165,-1.473408447265625,0.0507606124146085,-0.17475675514485284,0.7236492614746093,-0.8984060166194621,2.2005399913899004,2.2428092041015626,-0.042269212711662174
S43A11T04,raw,80,2.6666666666666665,False,False,0.34051416723895245,0.2318555908203126,-1.4062529569598414,-1.4625733032226562,0.05632034626281479,-0.1657056372853149,0.7506378784179688,-0.9163435157032838,2.2093238276511733,2.218426635742188,-0.009102808091014492
S43A11T04,raw,81,2.7,False,False,0.3449960678045808,0.24283642578124986,-1.3999876536549236,-1.4558509521484375,0.0558632984935139,-0.16444359952824306,0.7525183715820313,-0.9169619711102743,2.2118647519360968,2.2016318359375,0.01023291599859677
S43A11T04,raw,82,2.7333333333333334,False,False,0.36014761901418546,0.25804833984374986,-1.3895442789706511,-1.464998046875,0.07545376790434877,-0.16831853537538108,0.7354988403320313,-0.9038173757074124,2.2181545846754656,2.2138956298828125,0.004258954792653036
S43A11T04,raw,83,2.7666666666666666,False,False,0.33257761578772915,0.2346405029296874,-1.3812553397100769,-1.4425222778320312,0.061266938121954384,-0.161574253252382,0.7356227416992187,-0.8971969949516008,2.217689561454549,2.2081658935546873,0.00952366789986181
S43A11T04,raw,84,2.8,False,False,0.3115476860956501,0.19476965332031249,-1.3650290647492311,-1.4094723510742189,0.04444328632498773,-0.15568625601187544,0.75576025390625,-0.9114465099181255,2.2312723661633056,2.2043748779296877,0.026897488233617928
S43A11T04,raw,85,2.8333333333333335,False,False,0.318286792661851,0.1839429931640626,-1.3505573238246775,-1.4024421997070313,0.0518848758823538,-0.1515502133395379,0.7455523681640626,-0.8971025815036004,2.2434233471135636,2.2032479248046877,0.04017542230887594
S43A11T04,raw,86,2.8666666666666667,False,False,0.3010732424072755,0.1780216064453124,-1.34029130659221,-1.3797349243164063,0.039443617724196356,-0.14050940746697815,0.7810614013671875,-0.9215708088341656,2.2489399181156986,2.1877021484375003,0.06123776967819827
S43A11T04,raw,87,2.9,False,False,0.29619087052304066,0.18445019531250018,-1.3264042071328492,-1.3801090087890624,0.053704801656213164,-0.14274594187135117,0.7730896301269532,-0.9158355719983043,2.2600085982001916,2.18610546875,0.07390312945019151
S43A11T04,raw,88,2.933333333333333,False,False,0.2815204428684878,0.16513793945312494,-1.3193778014790687,-1.3728741455078124,0.0534963440287437,-0.14178786154395118,0.7775009155273438,-0.919288777071295,2.271161669716288,2.183728393554688,0.08743327616160013
S43A11T04,raw,89,2.966666666666667,False,False,0.15687841974236513,0.08398620605468743,-1.299825638849139,-1.3158561401367188,0.01603050128757988,-0.14203368752020373,0.7660387268066406,-0.9080724143268444,2.2656500270810973,2.138331298828125,0.1273187282529724
S43A11T04,raw,90,3.0,False,False,0.06056168824450005,0.04956176757812503,-1.2824298786998942,-1.2738704833984373,-0.008559395301456885,-0.14484885247671378,0.7573833618164063,-0.9022322142931201,2.2699163420441657,2.1069759521484377,0.162940389895728
S43A11T04,raw,91,3.033333333333333,False,False,0.20859544598725716,0.17794958496093738,-1.2690007829238197,-1.3361841430664063,0.06718336014258663,-0.1593789974123809,0.7339007873535156,-0.8932797847658965,2.299106616362789,2.14168359375,0.15742302261278907
S43A11T04,raw,92,3.066666666666667,False,False,0.2473899449204662,0.20087316894531249,-1.2621127996715884,-1.3635101928710938,0.10139739319950536,-0.15976184450883169,0.7264925842285156,-0.8862544287373473,2.313848749124991,2.156977783203125,0.1568709659218661
S43A11T04,raw,93,3.1,False,False,0.24449587362277436,0.1838078613281251,-1.2501837016473463,-1.3709644775390626,0.12078077589171632,-0.1620625138077692,0.7299844360351563,-0.8920469498429255,2.335304694430742,2.1631833496093753,0.17212134482136676
S43A11T04,raw,94,3.1333333333333333,False,False,0.25170388599756466,0.18129589843750016,-1.239174870259378,-1.3897122802734376,0.15053741001405974,-0.1491364865862531,0.7437450256347657,-0.8928815122210189,2.349636395679714,2.1759390869140627,0.17369730876565148
S43A11T04,raw,95,3.1666666666666665,False,False,0.24457395682989783,0.16168798828124986,-1.2251353431446224,-1.396781982421875,0.17164663927725266,-0.14562516902302983,0.7430944519042969,-0.8887196209273267,2.3749978428387513,2.1821329345703124,0.19286490826843883
S43A11T04,raw,96,3.2,False,False,0.21109997172430572,0.13419702148437507,-1.2016615054204483,-1.404136962890625,0.2024754574701768,-0.13941438078046664,0.7328618774414063,-0.8722762582218729,2.393398270036057,2.189974853515625,0.20342341652043183
S43A11T04,raw,97,3.2333333333333334,False,False,0.2535938811955842,0.16860058593749994,-1.1848066537258888,-1.4099786376953125,0.22517198396942373,-0.13312148320958678,0.7220027465820313,-0.8551242297916182,2.4117605689018364,2.1822623291015626,0.22949823980027384
S43A11T04,raw,98,3.2666666666666666,False,False,0.24243514530831803,0.1497388916015625,-1.1642676837846335,-1.4016189575195312,0.23735127373489773,-0.11919284851844696,0.7427489624023438,-0.8619418109207907,2.4367556616074597,2.173748901367188,0.2630067602402719
S43A11T04,raw,99,3.3,False,False,0.26893457140373545,0.16299353027343755,-1.1407739324619157,-1.4075554809570314,0.2667815484951157,-0.10252572222392853,0.7536070251464844,-0.8561327473704129,2.467950366214268,2.1597669677734377,0.3081833984408302
S43A11T04,raw,100,3.3333333333333335,False,False,0.28044673191705155,0.17943835449218737,-1.1214097077036,-1.4208737182617188,0.2994640105581188,-0.09160178145040736,0.742880126953125,-0.8344819084035323,2.492205412605254,2.16397265625,0.3282327563552543
S43A11T04,raw,101,3.3666666666666667,False,False,0.2859093315403751,0.18566259765625004,-1.096578128072606,-1.4364124755859375,0.33983434751333164,-0.07029418038370405,0.7310447082519531,-0.8013388886356572,2.5198795867168067,2.18796142578125,0.3319181609355568
S43A11T04,raw,102,3.4,False,False,0.24838083371245967,0.14292175292968756,-1.065492160668833,-1.439971618652344,0.3744794579835109,-0.05139613058666079,0.7159024658203125,-0.7672985964069733,2.548259968423434,2.2068592529296875,0.3414007154937466
S43A11T04,raw,103,3.433333333333333,False,False,0.24735142149956907,0.1278741455078125,-1.0384985115555918,-1.4501035766601564,0.4116050651045646,-0.024467307696121335,0.7078568725585939,-0.7323241802547152,2.5766242788591067,2.228019165039062,0.34860511382004455
S43A11T04,raw,104,3.466666666666667,False,False,0.2924647988303071,0.16589208984375015,-1.0014462377744011,-1.4227764892578125,0.4213302514834114,-0.0004585123833274257,0.6991416015625,-0.6996001139458274,2.6147343930276516,2.1958040771484377,0.4189303158792139
S43A11T04,raw,105,3.5,True,False,0.2716460726533476,0.15496350097656242,-0.9669744243902525,-1.4416687622070312,0.4746943378167787,0.04686313823718796,0.7305213317871093,-0.6836581935499213,2.661973794625053,2.1577789306640627,0.5041948639609903
S43A11T04,raw,106,3.533333333333333,True,False,0.2766163830745578,0.17076025390625005,-0.9368827357392586,-1.4517469482421874,0.5148642125029288,0.07964031202875092,0.7123925170898437,-0.6327522050610929,2.696555240919575,2.1787144775390628,0.5178407633805122
S43A11T04,raw,107,3.566666666666667,True,False,0.21596890522365184,0.122772216796875,-0.8974808288062851,-1.4006380615234375,0.5031572327171524,0.12160359169967139,0.6956130676269532,-0.5740094759272818,2.744075161803974,2.154710205078125,0.589364956725849
S43A11T04,raw,108,3.6,True,False,0.2760105963052912,0.1446446533203125,-0.8458487571386162,-1.4120509643554688,0.5662022072168527,0.173421406286261,0.6998993835449219,-0.5264779772586609,2.798408155530641,2.2006217041015628,0.5977864514290783
S43A11T04,raw,109,3.6333333333333333,False,False,0.25425433268768644,0.13566247558593747,-0.8188706595195959,-1.3971498413085937,0.5782791817889977,0.22339177651281034,0.6847347412109375,-0.46134296469812713,2.8533606394726827,2.235128173828125,0.6182324656445579
S43A11T04,raw,110,3.6666666666666665,True,False,0.22983972735965985,0.11360864257812509,-0.7658784779458678,-1.3761617431640625,0.6102832652181946,0.26772433842199533,0.6340555419921875,-0.36633120357019217,2.8946340003704276,2.3092939453125,0.5853400550579275
S43A11T04,raw,111,3.7,True,False,0.1861431350650844,0.11713159179687516,-0.7152618690403646,-1.215976318359375,0.5007144493190104,0.31117279076394644,0.4742334747314453,-0.16306068396749884,2.9174619992328084,2.3195216064453126,0.5979403927874958
S43A11T04,raw,112,3.7333333333333334,False,False,0.23299821636152676,0.15441381835937484,-0.6648698961666663,-1.192101806640625,0.5272319104739588,0.33265308467959565,0.4994993591308594,-0.16684627445126377,2.98043689523008,2.366018432617188,0.6144184626128921
S43A11T04,raw,113,3.7666666666666666,True,False,0.26072760048114035,0.19093701171874988,-0.651742782963125,-1.171323486328125,0.519580703365,0.3970959539194422,0.5025145111083984,-0.10541855718895621,2.9658061991454616,2.2950279541015624,0.6707782450438993
S43A11T04,raw,114,3.8,True,False,0.13264775892420655,0.08322283935546881,-0.6041066198410623,-1.0590041809082031,0.45489756106714085,0.39801026793764704,0.4974602813720703,-0.09945001343442328,2.9970891350061524,2.4934552001953127,0.5036339348108396
S43A11T04,raw,115,3.8333333333333335,True,False,0.05225316636530593,0.007833862304687411,-0.6311236450468575,-1.1406480102539063,0.5095243652070488,0.362845808472416,0.27560933685302735,0.08723647161938863,2.9432054553185982,2.1699365234375003,0.7732689318810979
S43A11T04,raw,116,3.8666666666666667,False,True,0.05225316636530593,0.007833862304687411,-0.6311236450468575,-1.1406480102539063,0.5095243652070488,0.362845808472416,0.27560933685302735,0.08723647161938863,2.9432054553185982,2.1699365234375003,0.7732689318810979
S43A11T04,raw,117,3.9,False,True,0.05225316636530593,0.007833862304687411,-0.6311236450468575,-1.1406480102539063,0.5095243652070488,0.362845808472416,0.27560933685302735,0.08723647161938863,2.9432054553185982,2.1699365234375003,0.7732689318810979
S43A11T04,raw,118,3.933333333333333,False,True,0.05225316636530593,0.007833862304687411,-0.6311236450468575,-1.1406480102539063,0.5095243652070488,0.362845808472416,0.27560933685302735,0.08723647161938863,2.9432054553185982,2.1699365234375003,0.7732689318810979
S43A11T04,raw,119,3.966666666666667,False,True,0.05225316636530593,0.007833862304687411,-0.6311236450468575,-1.1406480102539063,0.5095243652070488,0.362845808472416,0.27560933685302735,0.08723647161938863,2.9432054553185982,2.1699365234375003,0.7732689318810979
S43A11T04,raw,120,4.0,False,True,0.05225316636530593,0.007833862304687411,-0.6311236450468575,-1.1406480102539063,0.5095243652070488,0.362845808472416,0.27560933685302735,0.08723647161938863,2.9432054553185982,2.1699365234375003,0.7732689318810979
S43A11T04,raw,121,4.033333333333333,False,True,0.05225316636530593,0.007833862304687411,-0.6311236450468575,-1.1406480102539063,0.5095243652070488,0.362845808472416,0.27560933685302735,0.08723647161938863,2.9432054553185982,2.1699365234375003,0.7732689318810979
S43A11T04,raw,122,4.066666666666666,False,True,0.05225316636530593,0.007833862304687411,-0.6311236450468575,-1.1406480102539063,0.5095243652070488,0.362845808472416,0.27560933685302735,0.08723647161938863,2.9432054553185982,2.1699365234375003,0.7732689318810979
S43A11T04,raw,123,4.1,False,True,0.05225316636530593,0.007833862304687411,-0.6311236450468575,-1.1406480102539063,0.5095243652070488,0.362845808472416,0.27560933685302735,0.08723647161938863,2.9432054553185982,2.1699365234375003,0.7732689318810979
S43A11T04,raw,124,4.133333333333334,False,True,0.05225316636530593,0.007833862304687411,-0.6311236450468575,-1.1406480102539063,0.5095243652070488,0.362845808472416,0.27560933685302735,0.08723647161938863,2.9432054553185982,2.1699365234375003,0.7732689318810979
S43A11T04,raw,125,4.166666666666667,False,True,0.05225316636530593,0.007833862304687411,-0.6311236450468575,-1.1406480102539063,0.5095243652070488,0.362845808472416,0.27560933685302735,0.08723647161938863,2.9432054553185982,2.1699365234375003,0.7732689318810979
S43A11T04,raw,126,4.2,False,True,0.05225316636530593,0.007833862304687411,-0.6311236450468575,-1.1406480102539063,0.5095243652070488,0.362845808472416,0.27560933685302735,0.08723647161938863,2.9432054553185982,2.1699365234375003,0.7732689318810979
S43A11T04,raw,127,4.233333333333333,False,True,0.05225316636530593,0.007833862304687411,-0.6311236450468575,-1.1406480102539063,0.5095243652070488,0.362845808472416,0.27560933685302735,0.08723647161938863,2.9432054553185982,2.1699365234375003,0.7732689318810979
S43A11T04,raw,128,4.266666666666667,False,True,0.05225316636530593,0.007833862304687411,-0.6311236450468575,-1.1406480102539063,0.5095243652070488,0.362845808472416,0.27560933685302735,0.08723647161938863,2.9432054553185982,2.1699365234375003,0.7732689318810979
S43A11T04,raw,129,4.3,False,True,0.05225316636530593,0.007833862304687411,-0.6311236450468575,-1.1406480102539063,0.5095243652070488,0.362845808472416,0.27560933685302735,0.08723647161938863,2.9432054553185982,2.1699365234375003,0.7732689318810979
S43A11T04,raw,130,4.333333333333333,False,True,0.05225316636530593,0.007833862304687411,-0.6311236450468575,-1.1406480102539063,0.5095243652070488,0.362845808472416,0.27560933685302735,0.08723647161938863,2.9432054553185982,2.1699365234375003,0.7732689318810979
S43A11T04,raw,131,4.366666666666666,False,True,0.05225316636530593,0.007833862304687411,-0.6311236450468575,-1.1406480102539063,0.5095243652070488,0.362845808472416,0.27560933685302735,0.08723647161938863,2.9432054553185982,2.1699365234375003,0.7732689318810979
S43A11T04,raw,132,4.4,False,True,0.05225316636530593,0.007833862304687411,-0.6311236450468575,-1.1406480102539063,0.5095243652070488,0.362845808472416,0.27560933685302735,0.08723647161938863,2.9432054553185982,2.1699365234375003,0.7732689318810979
S43A11T04,raw,133,4.433333333333334,False,True,0.05225316636530593,0.007833862304687411,-0.6311236450468575,-1.1406480102539063,0.5095243652070488,0.362845808472416,0.27560933685302735,0.08723647161938863,2.9432054553185982,2.1699365234375003,0.7732689318810979
S43A11T04,raw,134,4.466666666666667,False,True,0.05225316636530593,0.007833862304687411,-0.6311236450468575,-1.1406480102539063,0.5095243652070488,0.362845808472416,0.27560933685302735,0.08723647161938863,2.9432054553185982,2.1699365234375003,0.7732689318810979
S43A11T04,raw,135,4.5,False,True,0.05225316636530593,0.007833862304687411,-0.6311236450468575,-1.1406480102539063,0.5095243652070488,0.362845808472416,0.27560933685302735,0.08723647161938863,2.9432054553185982,2.1699365234375003,0.7732689318810979
S43A11T04,raw,136,4.533333333333333,False,True,0.05225316636530593,0.007833862304687411,-0.6311236450468575,-1.1406480102539063,0.5095243652070488,0.362845808472416,0.27560933685302735,0.08723647161938863,2.9432054553185982,2.1699365234375003,0.7732689318810979
S43A11T04,raw,137,4.566666666666666,False,True,0.05225316636530593,0.007833862304687411,-0.6311236450468575,-1.1406480102539063,0.5095243652070488,0.362845808472416,0.27560933685302735,0.08723647161938863,2.9432054553185982,2.1699365234375003,0.7732689318810979
S43A11T04,raw,138,4.6,False,False,0.0352524389723509,0.0003708496093748348,-0.6291482500892538,-1.1217254638671874,0.4925772137779336,0.36232229191175147,0.33483412170410154,0.02748817020764993,2.947438018795698,2.142586181640625,0.804851837155073
S43A11T04,raw,139,4.633333333333334,False,False,0.07416656959135313,0.06408544921874992,-0.6290696852644451,-1.1284294433593751,0.49935975809493005,0.38781673572567116,0.42613360595703126,-0.0383168702313601,2.9101115933911212,2.0896446533203124,0.8204669400708089
S43A11T04,raw,140,4.666666666666667,False,False,0.05171476392396204,0.042383789062499844,-0.6284015722072493,-1.1067757568359375,0.4783741846286882,0.3868371102272341,0.4116807861328125,-0.0248436759055784,2.9070238603398684,2.0773065185546873,0.8297173417851811
S43A11T04,raw,141,4.7,False,False,0.05175517148531336,0.04242199707031258,-0.6284058863704657,-1.1068015747070312,0.47839568833656554,0.386830314861116,0.4116625213623047,-0.02483220650118867,2.907015374688441,2.0772958984375,0.8297194762509412
S43A11T04,raw,142,4.733333333333333,False,False,0.1319376743422569,0.1163498535156251,-0.6252957450578152,-1.09297802734375,0.4676822822859348,0.3753830790954077,0.40867236328125,-0.033289284185842316,2.903582258660574,2.09942578125,0.804156477410574
S43A11T04,raw,143,4.766666666666667,False,False,0.15287586788761015,0.1355345458984374,-0.6185283436019482,-1.0736871948242188,0.4551588512222706,0.3686001845947061,0.4267367706298828,-0.058136586035176685,2.904480846023778,2.1041418457031247,0.8003390003206534
S43A11T04,raw,144,4.8,False,False,0.16994612356658198,0.1543324584960939,-0.6208994268580746,-1.0508675842285156,0.4299681573704409,0.3671010646625281,0.4412470703125,-0.07414600564997187,2.903897032487297,2.088013061523437,0.8158839709638599
S43A11T04,raw,145,4.833333333333333,False,False,0.1519483020795347,0.1372366333007814,-0.6181953766585436,-1.056009490966797,0.43781411430825334,0.3731697578602,0.44568383789062505,-0.07251408003042503,2.901646965119598,2.061294128417969,0.8403528367016291
S43A11T04,raw,146,4.866666666666666,False,False,0.16528444676429183,0.14869891357421872,-0.6112618578148403,-1.052144561767578,0.44088270395273765,0.3703315211250097,0.45587422180175785,-0.08554270067674813,2.910282654958391,2.067962158203125,0.8423204967552662
S43A11T04,raw,147,4.9,False,False,0.062011440237305884,0.060463867187499964,-0.6190218693650695,-1.06778955078125,0.4487676814161805,0.37288065507063706,0.4183583068847656,-0.04547765181412855,2.934109876097468,2.1209354248046877,0.8131744512927805
S43A11T04,raw,148,4.933333333333334,False,False,0.09813578701167262,0.09082476806640627,-0.6250976808284997,-1.0556885681152344,0.43059088728673467,0.3761986637221949,0.42721490478515634,-0.05101624106296143,2.9447787405176022,2.116663818359375,0.8281149221582274
S43A11T04,raw,149,4.966666666666667,False,False,0.09875154907169341,0.09140606689453135,-0.6248247163979997,-1.0553952331542968,0.4305705167562971,0.3760049923920552,0.42676983642578126,-0.05076484403372605,2.9442680266965953,2.116072143554687,0.8281958831419081
S43A11T04,raw,150,5.0,False,False,0.0007819942076878479,0.0002279052734375231,-0.6248679840944824,-1.094137878417969,0.46926989432348654,0.37559522069955564,0.4408694152832031,-0.06527419458364747,2.920756849505371,2.12757666015625,0.7931801893491208
S43A11T04,raw,151,5.033333333333333,False,False,0.06435893529562672,0.06250433349609374,-0.6331648558348046,-1.0547323303222655,0.4215674744874609,0.3744346794790898,0.39665237426757816,-0.02221769478848834,2.917237857330489,2.1155339355468747,0.8017039217836142
S43A11T04,raw,152,5.066666666666666,False,False,0.07452121039055128,0.0673828125,-0.6214190949376024,-1.0701170654296874,0.44869797049208504,0.3734073973289608,0.45881976318359374,-0.08541236585463297,2.90419032413342,2.099229736328125,0.804960587805295
S43A11T04,raw,153,5.1,True,False,0.02672419491578702,0.021552856445312463,-0.6370135689962954,-1.0689902954101562,0.43197672641386087,0.3671532411292036,0.4022359466552734,-0.03508270552606979,2.8990784543999526,2.1508797607421872,0.7481986936577654
S43A11T04,raw,154,5.133333333333334,True,False,0.023691396815462413,0.022985351562500034,-0.6394227157882897,-1.0653203125,0.42589759671171024,0.3589265644293655,0.3879164276123047,-0.028989863182939224,2.899591445693705,2.15390966796875,0.7456817777249549
S43A11T04,raw,155,5.166666666666667,False,False,0.04683171759692956,0.046610229492187516,-0.6483335551448999,-1.0792687377929688,0.43093518264806896,0.35189079938297324,0.3737123718261719,-0.021821572443198656,2.8829663831945793,2.1503398437500003,0.732626539444579
S43A11T04,raw,156,5.2,True,False,0.025651896398926868,0.019877685546874968,-0.6490310869442699,-1.0698511962890624,0.4208201093447925,0.3570665309210311,0.3735638580322266,-0.016497327111195503,2.863241539430433,2.1601112060546876,0.7031303333757455
S43A11T04,raw,157,5.233333333333333,False,False,0.08709357773320983,0.0839801025390623,-0.6363430890775901,-1.0650422973632812,0.4286992082856911,0.35461573890815445,0.41807540893554695,-0.0634596700273925,2.865746745504467,2.149823120117188,0.7159236253872794
S43A11T04,raw,158,5.266666666666667,True,False,0.015872591983551974,0.006320678710937555,-0.6267230632872596,-1.0785380249023437,0.45181496161508417,0.3560529775189566,0.44631352233886723,-0.09026054481991064,2.8982512474974262,2.1844134521484375,0.7138377953489887
S43A11T04,raw,159,5.3,False,False,0.023313261261609357,0.004828002929687658,-0.6267661452395538,-1.0818663940429687,0.45510024880341493,0.35678536497941976,0.4449294891357422,-0.08814412415632245,2.8974395589901136,2.184295532226563,0.7131440267635507
S43A11T04,raw,160,5.333333333333333,False,False,0.02490219791264907,0.006231689453124911,-0.6266158876732425,-1.083593505859375,0.4569776181861326,0.35597480864625203,0.4462466583251953,-0.09027184967894325,2.8975761138378786,2.18599951171875,0.7115766021191288
S43A11T04,raw,161,5.366666666666666,True,False,0.012592357899324459,0.001725097656249952,-0.6369260592924314,-1.089124267578125,0.45219820828569357,0.3502959589390414,0.4321360626220703,-0.08184010368302891,2.9096654505630153,2.137576171875,0.7720892786880151
S43A11T04,raw,162,5.4,False,False,0.012116993628327535,0.002048217773437555,-0.6333963742215487,-1.0986575317382812,0.46526115751673247,0.35492886603682444,0.4243896484375,-0.06946078240067555,2.9091359673636603,2.1267149658203124,0.7824210015433479
S43A11T04,raw,163,5.433333333333334,False,False,0.012859038357250866,0.007994018554687399,-0.6387645756960663,-1.1095215454101561,0.47075696971408987,0.35219778217990744,0.40322738647460943,-0.05102960429470199,2.8964532934211142,2.101787353515625,0.7946659399054892
S43A11T04,raw,164,5.466666666666667,False,False,0.06814751958627908,0.06174523925781239,-0.6304918140362865,-1.0803756713867188,0.44988385735043224,0.349206033126212,0.4158909454345703,-0.06668491230835827,2.8870209029438834,2.079266723632813,0.8077541793110705
S43A11T04,raw,165,5.5,False,False,0.012709931592874363,0.008128051757812615,-0.6407128118279847,-1.1030967407226564,0.4623839288946717,0.3493420897478926,0.40823008728027343,-0.05888799753238083,2.8937826706751637,2.0848988037109377,0.808883866964226
S43A11T04,raw,166,5.533333333333333,False,False,0.03347937681104085,0.01764257812500003,-0.6461735615069522,-1.1192364501953125,0.47306288868836033,0.35109605181512954,0.41080152893066413,-0.05970547711553459,2.8903315311504776,2.102046875,0.7882846561504775
S43A11T04,raw,167,5.566666666666666,False,False,0.04917815512541528,0.046759643554687536,-0.6509683360369465,-1.1050474243164063,0.45407908827945986,0.34933750679645337,0.3716943359375,-0.02235682914104664,2.8911918435621113,2.112586669921875,0.7786051736402362
S43A11T04,raw,168,5.6,True,False,0.06715910817000051,0.05376281738281241,-0.6518399176684693,-1.0963485717773438,0.4445086541088745,0.34119412765809437,0.37151390075683594,-0.030319773098741565,2.880339277853918,2.11068115234375,0.7696581255101678
S43A11T04,raw,169,5.633333333333334,False,False,0.0819016276182837,0.07330273437500012,-0.640013197791728,-1.0868970947265626,0.44688389693483455,0.33757093600194155,0.38689173889160156,-0.04932080288966001,2.8750947417237676,2.0893365478515626,0.7857581938722049
S43A11T04,raw,170,5.666666666666667,False,False,0.08547614301336781,0.07675756835937486,-0.6341689954261478,-1.08053369140625,0.4463646959801022,0.33354118616057715,0.38817796325683596,-0.054636777096258804,2.8762641399693387,2.086861450195313,0.7894026897740258
S43A11T04,raw,171,5.7,True,False,0.0969992595754494,0.08578845214843756,-0.6196257031969676,-1.074794128417969,0.4551684252210013,0.33360760406460827,0.4087497406005859,-0.07514213653597762,2.9055739515420735,2.0744821777343754,0.8310917738076982
S43A11T04,raw,172,5.733333333333333,False,False,0.10350772440641176,0.09095373535156237,-0.6192200034796717,-1.0734390258789062,0.4542190223992345,0.33515369458162064,0.42413839721679686,-0.08898470263517622,2.909570144716484,2.0720986328124997,0.8374715119039844
S43A11T04,raw,173,5.766666666666667,True,False,0.031018813136336663,0.021874145507812637,-0.6207259709532782,-1.0833984985351561,0.46267252758187793,0.3309383122488471,0.43628195190429686,-0.10534363965544974,2.9345967642790445,2.127562866210938,0.8070338980681067
S43A11T04,raw,174,5.8,False,False,0.09522868213163299,0.08702703857421867,-0.6162460467651923,-1.0483434143066406,0.43209736754144823,0.3294653675930078,0.4374438781738281,-0.10797851058082031,2.943108841629222,2.1123977050781253,0.8307111365510966
S43A11T04,raw,175,5.833333333333333,True,False,0.02997628270352455,0.02026074218750007,-0.6183459691030933,-1.0899337158203126,0.47158774671721937,0.32761002128419625,0.45281068420410153,-0.12520066291990528,2.938190111363085,2.129883422851562,0.8083066885115229
S43A11T04,raw,176,5.866666666666666,True,False,0.01450723718212163,0.00856835937499989,-0.6247690862498829,-1.092026123046875,0.46725703679699215,0.3262555085831395,0.4535939178466797,-0.12733840926354018,2.9501846390895294,2.1226647949218753,0.8275198441676541
S43A11T04,raw,177,5.9,False,False,0.017813799740821316,0.010998901367187619,-0.6305194609663511,-1.0947512817382812,0.46423182077193004,0.3217135396065846,0.4559580230712891,-0.13424448346470447,2.9481967431337615,2.123905517578125,0.8242912255556365
S43A11T04,raw,178,5.933333333333334,False,False,0.020668036911555655,0.013382446289062377,-0.6306983804975359,-1.094418884277344,0.463720503779808,0.31633230606646384,0.45550381469726564,-0.1391715086308018,2.943678385167043,2.12342431640625,0.8202540687607929
S43A11T04,raw,179,5.966666666666667,False,False,0.02048246305928437,0.013174072265625059,-0.6325800387750763,-1.0964866943359377,0.4639066555608614,0.31101345818417675,0.45618557739257815,-0.1451721192084014,2.9357777645321224,2.1210998535156254,0.814677911016497
S43A11T04,raw,180,6.0,False,False,0.006664775644762999,0.006634033203124945,-0.6424417627864946,-1.0976849365234376,0.455243173736943,0.29493875555486837,0.4592492370605469,-0.1643104815056785,2.9105135259389563,2.1125836181640625,0.7979299077748938
S43A11T04,raw,181,6.033333333333333,True,False,0.0054576996303172896,0.0024667968749998437,-0.6499892215831417,-1.1011690673828125,0.45117984579967085,0.2919000271256824,0.4563941650390625,-0.16449413791338008,2.8751425787076856,2.116249633789063,0.7588929449186228
S43A11T04,raw,182,6.066666666666666,False,False,0.10234863766021005,0.10196984863281244,-0.6279319909386538,-1.0513723754882813,0.4234403845496275,0.28503547066452106,0.5257847747802735,-0.24074930411575246,2.8686432124429584,2.127979248046875,0.7406639643960835
S43A11T04,raw,183,6.1,True,False,0.14283752993716703,0.13784210205078118,-0.619939049660839,-1.032530242919922,0.4125911932590829,0.28346712290019077,0.5732310791015625,-0.2897639562013717,2.8629498895610905,2.1522534179687502,0.7106964715923403
S43A11T04,raw,184,6.133333333333334,True,False,0.32618563649459636,0.16077685546874987,-0.6796536931861905,-1.1693782958984376,0.48972460271224705,0.27202045774204403,0.6236318359374999,-0.3516113781954559,2.953736527187577,2.2982583007812503,0.6554782264063266
S43A11T04,raw,185,6.166666666666667,True,False,0.22485776959823564,0.14459375000000008,-0.6764677680472748,-1.1874709472656249,0.51100317921835,0.24053391636424623,0.5346163635253907,-0.2940824471611444,2.942972083844688,2.2384034423828125,0.7045686414618753
S43A11T04,raw,186,6.2,False,False,0.3361037210192242,0.22743115234375,-0.6835929813744266,-1.2244017333984374,0.5408087520240108,0.22594614230534685,0.5535426635742188,-0.32759652126887195,2.9306546712527117,2.2751572265625004,0.6554974446902113
S43A11T04,raw,187,6.233333333333333,False,False,0.3427384137210879,0.22032531738281258,-0.6790046236715946,-1.2227383422851563,0.5437337186135617,0.216817045825767,0.5676927185058593,-0.35087567268009234,2.9226221125940475,2.2901136474609376,0.6325084651331099
S43A11T04,raw,188,6.266666666666667,False,False,0.33619420969663,0.20000708007812507,-0.6829057688064907,-1.22193505859375,0.5390292897872594,0.2035444371939573,0.57869921875,-0.37515478155604265,2.9144106150278355,2.2922626953125,0.6221479197153355
S43A11T04,raw,189,6.3,True,False,0.27738042847009464,0.17946691894531264,-0.6749875894738914,-1.2185664672851564,0.543578877811265,0.1967458905453367,0.5465162200927735,-0.34977032954743675,2.9074685381703262,2.2636959228515625,0.6437726153187637
S43A11T04,raw,190,6.333333333333333,False,False,0.2116803732295456,0.12942163085937497,-0.6781271754173758,-1.1932338867187502,0.5151067113013744,0.1849052786163294,0.5333138122558594,-0.34840853363952995,2.890325396109933,2.2415047607421874,0.6488206353677457
S43A11T04,raw,191,6.366666666666666,False,False,0.2725129002715457,0.1614951171875001,-0.6888257543400197,-1.21641455078125,0.5275887964412304,0.16821288784850802,0.558286865234375,-0.39007397738586697,2.8784898917779866,2.2746494140625,0.6038404777154867
S43A11T04,raw,192,6.4,False,False,0.3005256854061077,0.15830590820312507,-0.6927815058682767,-1.2134393310546876,0.5206578251864109,0.15683194321980415,0.5686460876464844,-0.41181414442668024,2.8693154625772137,2.2946571044921873,0.5746583580850264
S43A11T04,raw,193,6.433333333333334,False,False,0.3539671322630139,0.1921229248046874,-0.6996408432861646,-1.2393428344726563,0.5397019911864916,0.1438608621591115,0.5659293212890625,-0.42206845912995095,2.860008073641872,2.3208990478515625,0.5391090257903093
S43A11T04,raw,194,6.466666666666667,False,False,0.36379646536228505,0.2056121826171875,-0.7022310079775648,-1.2550409545898438,0.552809946612279,0.1444437503818565,0.5679309387207031,-0.4234871883388466,2.857823726589837,2.32363623046875,0.5341874961210871
S43A11T04,raw,195,6.5,False,False,0.3836396859890493,0.2255705566406252,-0.7054493413074913,-1.2712561035156251,0.5658067622081339,0.1425579996027385,0.5642369384765625,-0.421678938873824,2.8435527307676174,2.298801391601563,0.5447513391660546
S43A11T04,raw,196,6.533333333333333,False,False,0.3836715197665418,0.22556323242187504,-0.70545111908853,-1.271263916015625,0.565812796927095,0.14255000793749073,0.5642301330566406,-0.4216801251191499,2.8435379194288077,2.298787109375,0.5447508100538077
S43A11T04,raw,197,6.566666666666666,False,False,0.40122314805740705,0.22684667968749994,-0.7112750221064252,-1.275250732421875,0.5639757103154497,0.13263936589270792,0.5650758056640626,-0.43243643977135465,2.8222651875467775,2.29931982421875,0.5229453633280277
S43A11T04,raw,198,6.6,False,False,0.36535546199465635,0.18426086425781252,-0.7103385705106071,-1.2549443969726564,0.5446058264620492,0.13090957187203958,0.5720563049316406,-0.44114673305960106,2.815299518547568,2.2965510253906247,0.5187484931569433
S43A11T04,raw,199,6.633333333333334,False,False,0.3639717222173492,0.18333239746093755,-0.7103795847579997,-1.2556238403320312,0.5452442555740316,0.13096024862923225,0.5717854919433594,-0.4408252433141271,2.8148991617590857,2.2960408935546877,0.5188582682043981
S43A11T04,raw,200,6.666666666666667,False,False,0.380662089968993,0.20607006835937502,-0.710692655219151,-1.2713067626953125,0.5606141074761615,0.13035335408600265,0.5803441467285156,-0.44999079264251296,2.8025915321273054,2.298891357421875,0.5037001747054304
S43A11T04,raw,201,6.7,False,False,0.3793149549085349,0.20653735351562497,-0.711633478791805,-1.2719031982421876,0.5602697194503825,0.13139968468402832,0.5831402893066406,-0.45174060462261234,2.799276592203977,2.295276611328125,0.503999980875852
S43A11T04,raw,202,6.733333333333333,False,False,0.40243412201964857,0.18925402832031257,-0.7143744693185663,-1.2655955200195312,0.5512210507009649,0.13271934667656535,0.6066494750976563,-0.47393012842109095,2.787732029264508,2.3341009521484377,0.4536310771160701
S43A11T04,raw,203,6.766666666666667,False,False,0.40472968996568404,0.19058764648437498,-0.715015449520795,-1.261992919921875,0.5469774704010799,0.12952138099140023,0.6152711486816407,-0.4857497676902405,2.7796269674022676,2.332952880859375,0.44667408654289265
S43A11T04,raw,204,6.8,False,False,0.39617556241477814,0.19477807617187493,-0.7151479165482039,-1.2688743896484376,0.5537264731002337,0.12811920991148895,0.6240051574707031,-0.4958859475592141,2.769577059037017,2.337503173828125,0.4320738852088919
S43A11T04,raw,205,6.833333333333333,False,False,0.3953804261920364,0.20056445312499993,-0.7144917782822955,-1.2726097412109376,0.5581179629286421,0.12979618435556756,0.6240426635742188,-0.4942464792186512,2.7646900233598646,2.337444091796875,0.4272459315629895
S43A11T04,raw,206,6.866666666666666,False,False,0.39612776320521187,0.1890950927734376,-0.7149374087560796,-1.261073181152344,0.5461357723962643,0.12775892654862286,0.635841552734375,-0.5080826261857522,2.760726101077066,2.3478841552734373,0.41284194580362854
S43A11T04,raw,207,6.9,False,False,0.4120019632769105,0.196216064453125,-0.7141320746613712,-1.2650924072265624,0.5509603325651912,0.1260873105740517,0.6288872680664062,-0.5027999574923545,2.758310979483393,2.3559240722656254,0.4023869072177675
S43A11T04,raw,208,6.933333333333334,False,False,0.41443512387932785,0.20192260742187496,-0.7150512880772312,-1.2691497802734375,0.5540984921962063,0.12475757475532459,0.6283659973144531,-0.5036084225591285,2.756459000174773,2.3541944580078127,0.4022645421669604
S43A11T04,raw,209,6.966666666666667,False,False,0.4055687560529857,0.18441186523437514,-0.7145742503551572,-1.25907275390625,0.5444985035510929,0.12403414421769754,0.6319417419433594,-0.5079075977256619,2.7552117131961005,2.354808837890625,0.40040287530547536
S43A11T04,raw,210,7.0,False,False,0.4323294012395781,0.19968640136718752,-0.719065493840829,-1.2685369262695314,0.5494714324287024,0.10871201713013869,0.6264013671875,-0.5176893500573613,2.7191249552675973,2.367693115234375,0.35143184003322236
S43A11T04,raw,211,7.033333333333333,False,False,0.4323337191817076,0.19965917968750002,-0.7190671339908016,-1.2685277099609376,0.549460575970136,0.10871159923128687,0.6263998718261719,-0.517688272594885,2.7191247752739875,2.3676943359375002,0.3514304393364873
S43A11T04,raw,212,7.066666666666666,False,False,0.44234695798417384,0.19020117187500007,-0.7205918753306086,-1.26216015625,0.5415682809193914,0.10748312889700551,0.6226293334960937,-0.5151462045990882,2.718105375739444,2.3731524658203123,0.34495290991913174
S43A11T04,raw,213,7.1,False,False,0.43858689861660793,0.18569653320312507,-0.7249269278134615,-1.2572095947265627,0.5322826669131012,0.10315909316114961,0.6215455017089844,-0.5183864085478348,2.691199265238839,2.3645340576171874,0.32666520762165163
S43A11T04,raw,214,7.133333333333334,False,False,0.44648010916475095,0.19601647949218748,-0.7237147305841554,-1.2669939575195313,0.5432792269353759,0.10047938238213688,0.6203453979492187,-0.5198660155670818,2.6885046596080553,2.3637060546875004,0.3247986049205549
S43A11T04,raw,215,7.166666666666667,False,False,0.4461334124973505,0.1961578369140624,-0.7239017149750645,-1.2671911010742187,0.5432893860991542,0.10048195713601808,0.6204912414550782,-0.5200092843190601,2.6883868128324995,2.3639169921875,0.32446982064499963
S43A11T04,raw,216,7.2,False,False,0.4343008035669103,0.21350024414062507,-0.7315111755216579,-1.27492578125,0.543414605728342,0.10499450942585904,0.6231864318847656,-0.5181919224589066,2.678729204631689,2.3434461669921873,0.33528303763950174
S43A11T04,raw,217,7.233333333333333,False,True,0.4343008035669103,0.21350024414062507,-0.7315111755216579,-1.27492578125,0.543414605728342,0.10499450942585904,0.6231864318847656,-0.5181919224589066,2.678729204631689,2.3434461669921873,0.33528303763950174
S43A11T04,raw,218,7.266666666666667,False,False,0.43430128878304414,0.2135003662109376,-0.731511748028476,-1.2749248657226562,0.5434131176941802,0.10499487182821965,0.6231866760253906,-0.5181918041971709,2.678728811713471,2.3434449462890625,0.3352838654244086
S43A11T04,raw,219,7.3,False,False,0.45168174263614386,0.22634863281249995,-0.740534515051829,-1.271178955078125,0.530644440026296,0.10829824937493344,0.6181185607910156,-0.5098203114160821,2.675176509325181,2.3354705810546874,0.33970592827049373
S43A11T04,raw,220,7.333333333333333,False,False,0.4515364051022026,0.229576171875,-0.7490395570377161,-1.267576171875,0.518536614837284,0.10865410431197671,0.6187347717285157,-0.5100806674165389,2.6682433929709273,2.3322764892578123,0.335966903713115
S43A11T04,raw,221,7.366666666666666,False,False,0.43475209865781905,0.22419726562499998,-0.761706513041397,-1.2590081787109375,0.4973016656695405,0.10645718198530545,0.626015625,-0.5195584430146946,2.6582458577186525,2.332946044921875,0.32529981279677767
S43A11T04,raw,222,7.4,False,False,0.432433535676233,0.22572583007812508,-0.7729541918805292,-1.257961669921875,0.4850074780413458,0.11123653064652914,0.6285267028808594,-0.5172901722343303,2.654148986537946,2.3279154052734374,0.32623358126450874
S43A11T04,raw,223,7.433333333333334,False,False,0.4395661916877608,0.21764343261718744,-0.7811288840881225,-1.2538849487304686,0.4727560646423461,0.11953031425464752,0.6396509094238281,-0.5201205951691805,2.6426437711389212,2.3349030761718748,0.3077406949670465
S43A11T04,raw,224,7.466666666666667,False,False,0.43386625805639556,0.2247926025390623,-0.788081639704219,-1.2500900268554687,0.4620083871512497,0.12159626942464143,0.6420367736816406,-0.5204405042569992,2.6402646232522766,2.3315133056640622,0.3087513175882144
S43A11T04,raw,225,7.5,False,False,0.4431602086633569,0.232658447265625,-0.8007903679912345,-1.2500319824218749,0.44924161443064037,0.12712956828429361,0.6423533020019532,-0.5152237337176595,2.6321250254239876,2.3369232177734376,0.29520180765055004
S43A11T04,raw,226,7.533333333333333,False,False,0.43408742492970476,0.23215795898437497,-0.8073511251376047,-1.2461346435546876,0.43878351841708296,0.1285103933050717,0.6508990173339844,-0.5223886240289126,2.632181801601762,2.34335400390625,0.2888277976955118
S43A11T04,raw,227,7.566666666666666,False,False,0.44146076825608316,0.23620471191406245,-0.8191205667671657,-1.2451051635742187,0.42598459680705303,0.12302245233679268,0.6488572998046875,-0.5258348474678949,2.630934803429777,2.3450948486328125,0.28583995479696434
S43A11T04,raw,228,7.6,False,False,0.4531587284091682,0.2459378662109375,-0.827946447478337,-1.2390086059570313,0.4110621584786943,0.12336973101908014,0.649905517578125,-0.5265357865590449,2.631275485757277,2.3500657958984377,0.28120968985883943
S43A11T04,raw,229,7.633333333333334,False,False,0.4407378097711151,0.24634777832031252,-0.8336884161105833,-1.2378485717773438,0.40416015566676045,0.12377388687417452,0.6512577819824219,-0.5274838951082473,2.6262688120699136,2.3400565185546878,0.2862122935152258
S43A11T04,raw,230,7.666666666666667,False,False,0.4410781822941878,0.24541809082031252,-0.8419481609500186,-1.2312850952148438,0.3893369342648252,0.12140569726990097,0.6551003723144531,-0.5336946750445521,2.6251104575986313,2.3377742919921873,0.2873361656064439
S43A11T04,raw,231,7.7,False,False,0.43936633597970953,0.24644458007812498,-0.8554233102471828,-1.2329769287109376,0.3775536184637548,0.12567114109078645,0.6573363342285157,-0.5316651931377292,2.61876695307627,2.3479669189453123,0.27080003413095755
S43A11T04,raw,232,7.733333333333333,False,False,0.4279772823942078,0.23929785156249994,-0.8691006547285015,-1.229710693359375,0.3606100386308736,0.13030365743464142,0.6558130187988281,-0.5255093613641867,2.615885355338249,2.3425238037109377,0.27336155162731135
S43A11T04,raw,233,7.766666666666667,False,False,0.42210593612672637,0.24244494628906232,-0.8876291589759747,-1.2344181518554689,0.34678899287949416,0.13311275056547098,0.6580142822265626,-0.5249015316610915,2.605911501196653,2.341637451171875,0.264274050024778
S43A11T04,raw,234,7.8,False,False,0.41190284336251226,0.22878845214843757,-0.9007218010082301,-1.2192504272460938,0.3185286262378637,0.13745187306092363,0.6600370788574219,-0.5225852057964983,2.5928275053057463,2.338700805664063,0.25412669964168355
S43A11T04,raw,235,7.833333333333333,False,False,0.4196306421372638,0.25174182128906253,-0.9141517919366571,-1.2298106079101563,0.3156588159734992,0.14351015198883132,0.6548919372558594,-0.511381785267028,2.5905701323905683,2.328603271484375,0.26196686090619314
S43A11T04,raw,236,7.866666666666666,False,False,0.4197871071770999,0.2629521484374999,-0.9256847685261904,-1.230751220703125,0.3050664521769346,0.13684461191555655,0.657106201171875,-0.5202615892563185,2.588731175861205,2.3152066650390624,0.27352451082214246
S43A11T04,raw,237,7.9,False,False,0.40699478367811204,0.2580374755859376,-0.9294086851943093,-1.2316471557617188,0.3022384705674095,0.14224794628241388,0.6616968078613281,-0.5194488615789142,2.579919628742015,2.31461181640625,0.2653078123357653
S43A11T04,raw,238,7.933333333333334,False,False,0.38477963618913896,0.3156391601562498,-0.9460119977910532,-1.26386767578125,0.31785567799019676,0.13003131358893655,0.6457636413574219,-0.5157323277684853,2.5472974425882873,2.269020263671875,0.27827717891641246
S43A11T04,raw,239,7.966666666666667,False,False,0.38410392350910794,0.34479724121093747,-0.961699015794302,-1.2794734497070315,0.3177744339127295,0.13125199671304713,0.637331268310547,-0.5060792715974999,2.5276754703398416,2.236219482421875,0.29145598791796656
S43A11T04,raw,240,8.0,False,False,0.3038371664821403,0.26870471191406264,-1.0001745155231863,-1.3455884399414062,0.34541392441821994,0.13884964723112317,0.6644382019042969,-0.5255885546731738,2.5146015151585472,2.22772998046875,0.2868715346897974
S43A11T04,raw,241,8.033333333333333,True,False,0.4778888879489216,0.2476146240234376,-0.9831786639067713,-1.2294216918945313,0.24624302798776,0.13039214385138795,0.6670158386230469,-0.5366236947716589,2.522545174099656,2.3547476806640626,0.16779749343559347
S43A11T04,filtered,0,0.0,False,False,0.3199368882021198,0.20055128419098112,-1.4593492824413599,-1.404460644696294,-0.054888637745065916,-0.17504567997024148,0.7332229333847511,-0.9082686133549925,2.206172283113828,2.226757410557863,-0.020585127444034956
S43A11T04,filtered,1,0.03333333333333333,False,False,0.32058505660592523,0.1963639466474809,-1.45833116308242,-1.40626651130726,-0.052064651775159954,-0.17631080270578725,0.7327930434306817,-0.909103846136469,2.204714125508385,2.2281292045043077,-0.023415078995922656
S43A11T04,filtered,2,0.06666666666666667,False,False,0.3213289820471999,0.19221597046214356,-1.4573085451968388,-1.408019145574822,-0.04928939962201673,-0.17753133162329018,0.7324137896703917,-0.9099451212936819,2.203249284738788,2.229548367577679,-0.02629908283889071
S43A11T04,filtered,3,0.1,False,False,0.3221615543933028,0.1881743245996843,-1.4562770513879064,-1.4096581711965714,-0.04661888019133498,-0.17866521323696288,0.7321309536882985,-0.9107961669252613,2.201767426093148,2.2310431621380316,-0.029275736044883427
S43A11T04,filtered,4,0.13333333333333333,False,False,0.3230771550961446,0.18430439912472996,-1.455232425100955,-1.4111293784738765,-0.044103046627078424,-0.17967497761307358,0.7319864466978092,-0.9116614243108828,2.200261040008317,2.232639462724044,-0.032378422715726884
S43A11T04,filtered,5,0.16666666666666666,False,False,0.3240750766716178,0.18066851102332127,-1.4541705883373595,-1.4123877393612319,-0.04178284897612761,-0.18052966022103123,0.732015990512588,-0.9125456507336193,2.19872634485211,2.2343599721139107,-0.03563362726180053
S43A11T04,filtered,6,0.2,False,False,0.3251617342625143,0.17732450344621564,-1.4530878126144327,-1.413399795316585,-0.039688017297847544,-0.18120632441920193,0.7322468388404093,-0.9134531632596112,2.1971637870436704,2.23622309899117,-0.039059311947499786
S43A11T04,filtered,7,0.23333333333333334,False,False,0.32635124311410485,0.17432442692606132,-1.4519810125367927,-1.414145275676475,-0.037835736860317715,-0.1816910889589771,0.7326956883892937,-0.9143867773482708,2.195578106205485,2.2382415228065753,-0.04266341660109019
S43A11T04,filtered,8,0.26666666666666666,False,False,0.3276642306718598,0.17171327360764166,-1.450848144288402,-1.4146178682379666,-0.036230276050435384,-0.18197959668829172,0.7333669697318801,-0.9153465664201719,2.1939779795366077,2.240420580315958,-0.04644260077935014
S43A11T04,filtered,9,0.3,False,False,0.32912506498239535,0.16952772872415922,-1.4496886665022932,-1.4148251295446466,-0.03486353695764666,-0.18207689926707643,0.7342517252374592,-0.9163286245045357,2.192375303325418,2.242756703728915,-0.050381400403497256
S43A11T04,filtered,10,0.3333333333333333,False,True,0.33075794901345,0.16779491151759585,-1.4485040025481009,-1.414787582311002,-0.033716420237098754,-0.18199677510586001,0.7353272670971873,-0.9173240422030473,2.190784205518911,2.245236200411269,-0.05445199489235808
S43A11T04,filtered,11,0.36666666666666664,False,False,0.332582504668306,0.16653110256361758,-1.4472979343750139,-1.414537095638405,-0.032760838736608955,-0.18176053978283355,0.7365577600937845,-0.9183182998766181,2.1892199075433556,2.2478346711829116,-0.05861476363955598
S43A11T04,filtered,12,0.4,False,False,0.33460952619329704,0.16574049500218635,-1.446076860112052,-1.4141146777069944,-0.03196218240505755,-0.1813954455614014,0.7378957955918733,-0.9192912411532748,2.187697563570305,2.2505173108325067,-0.06281974726220163
S43A11T04,filtered,13,0.43333333333333335,False,False,0.33683752260425087,0.1654140586096673,-1.444849860271611,-1.4135678314627,-0.031282028808911067,-0.1809327955505888,0.7392849252134499,-0.9202177207640387,2.1862312002433493,2.2532402257262296,-0.06700902548288035
S43A11T04,filtered,14,0.4666666666666667,False,False,0.339250517208794,0.16552865909636316,-1.4436285385019971,-1.4129476346254237,-0.030680903876573407,-0.18040591578533255,0.740663018291852,-0.9210689340771845,2.1848328603650704,2.255952756759816,-0.07111989639474547
S43A11T04,filtered,15,0.5,False,False,0.3418173672927614,0.16604661865391712,-1.4424266289963033,-1.4123057095575977,-0.03012091943870554,-0.17984813359507693,0.7419662109336429,-0.9218143445287198,2.1835120228209206,2.2586006373724903,-0.07508861455156968
S43A11T04,filtered,16,0.5333333333333333,False,False,0.3444926499168046,0.16691592504009756,-1.4412593899572612,-1.4116912482450354,-0.02956814171222577,-0.17929090299237155,0.7431331394932766,-0.9224240424856482,2.1822753324373374,2.2611296748882053,-0.07885434245086786
S43A11T04,filtered,17,0.5666666666666667,False,False,0.34721896619746717,0.16807128476714528,-1.4401428272149432,-1.4111482529322361,-0.02899457428270713,-0.17876219865371273,0.744109107509513,-0.9228713061632257,2.181126633146979,2.2634895451983623,-0.08236291205138313
S43A11T04,filtered,18,0.6,False,False,0.34993037032279295,0.16943616512247872,-1.4390928112047656,-1.4107131422923174,-0.028379668912448253,-0.17828527162868152,0.7448498285451008,-0.9231351001737824,2.1800672616798344,2.265637254092788,-0.0855699924129536
S43A11T04,filtered,19,0.6333333333333333,False,False,0.3525565407684776,0.17092588000141973,-1.4381241620528993,-1.410412854424007,-0.02771130762889218,-0.17787782516334769,0.745324419230347,-0.9232022443936947,2.179096532042995,2.2675398507286815,-0.08844331868568656
S43A11T04,filtered,20,0.6666666666666666,False,False,0.35502727723424266,0.1724516533858056,-1.437249780601954,-1.4102635503648124,-0.02698623023714153,-0.1775516313503815,0.7455173838736658,-0.9230690152240473,2.178212326464585,2.2691760750619308,-0.0909637485973458
S43A11T04,filtered,21,0.7,False,False,0.35727691734269007,0.17392545641846158,-1.4364798980324596,-1.410269985895387,-0.026209912137072466,-0.17731257229841393,0.7454294266979947,-0.9227419989964086,2.1774117071278396,2.2705367659188145,-0.09312505879097488
S43A11T04,filtered,22,0.7333333333333333,False,False,0.3592483095595979,0.17526527956869487,-1.4358215044223546,-1.4104255778274213,-0.025395926594933282,-0.17716105663728657,0.745077038961852,-0.9222380955991385,2.176691473584566,2.271624026458528,-0.09493255287396174
S43A11T04,filtered,23,0.7666666666666667,False,False,0.36089604291594335,0.1764003928469331,-1.4352779989760704,-1.4107131476456858,-0.024564851330384663,-0.1770927364861699,0.7444909226633682,-0.9215836591495381,2.176048610187862,2.272449312536064,-0.09640070234820186
S43A11T04,filtered,24,0.8,False,False,0.36218871398984787,0.17727608501979164,-1.434849084015951,-1.411106284408218,-0.023742799607732845,-0.17709943370823353,0.7437134167898243,-0.9208128504980578,2.1754805921790363,2.2730307516493813,-0.09755015947034495
S43A11T04,filtered,25,0.8333333333333334,False,False,0.3631101043639551,0.17785737196873774,-1.4345309035452851,-1.411571233402126,-0.02295967014315914,-0.1771701784116693,0.7427951746837224,-0.9199653530953916,2.174985543872284,2.273390095399658,-0.09840455152737393
S43A11T04,filtered,26,0.8666666666666667,False,False,0.36365924449595866,0.17813123066888314,-1.434316407436728,-1.4120691890260986,-0.022247218410629488,-0.17729226700944678,0.741791394151919,-0.9190836611613658,2.1745622637829825,2.273549743817658,-0.09898748003467572
S43A11T04,filtered,27,0.9,False,False,0.3638494463912047,0.17810704497138397,-1.4341959057729454,-1.412558850366623,-0.021637055406322325,-0.1774522602831573,0.7407579219827655,-0.9182101822659228,2.174210146630211,2.273530251519536,-0.09932010488932486
S43A11T04,filtered,28,0.9333333333333333,False,False,0.3637064863511871,0.17781512953103862,-1.434157765677556,-1.412999086070218,-0.02115867960733797,-0.17763686139296442,0.7397475424930238,-0.9173844038859882,2.17392903940721,2.273348638766981,-0.09941959935977085
S43A11T04,filtered,29,0.9666666666666667,False,False,0.3632661950346897,0.17730340829566482,-1.4341891956729218,-1.4133515516142592,-0.02083764405866262,-0.17783363660574417,0.7388067201865005,-0.9166403567922446,2.1737190681816556,2.2730176990056696,-0.09929863082401402
S43A11T04,filtered,30,1.0,False,False,0.36257174965580274,0.17663253804684076,-1.434277060271038,-1.4135831075058252,-0.020693952765212797,-0.17803156448177374,0.7379730066620523,-0.916004571143826,2.173580465358494,2.2725463387511065,-0.09896587339261265
S43A11T04,filtered,31,1.0333333333333334,False,False,0.3616709526534509,0.17586995723917354,-1.4344086698301424,-1.413667901888331,-0.020740767941811455,-0.1782214194529643,0.7372732499595572,-0.9154946694125216,2.173513416214626,2.2719408294274213,-0.09842741321279513
S43A11T04,filtered,32,1.0666666666666667,False,False,0.3606137240901924,0.17508347895196463,-1.43457249699155,-1.4135890054830262,-0.020983491508523855,-0.1783960108612503,0.7367226692198947,-0.915118680081145,2.173517931519624,2.2712067168422667,-0.09768878532264269
S43A11T04,filtered,33,1.1,False,False,0.35944994624921955,0.17433511298196347,-1.4347587801703314,-1.4133395194114287,-0.02141926075890277,-0.17855030715802617,0.7363247867943423,-0.9148750939523684,2.1735937428782512,2.2703510408014336,-0.09675729792318233
S43A11T04,filtered,34,1.1333333333333333,False,False,0.35822770350609656,0.17367578430196828,-1.4349599852363017,-1.4129231142586587,-0.022036870977643064,-0.17868147655280414,0.7360721500954227,-0.9147536266482268,2.173740211331181,2.2693844762157287,-0.09564426488454769
S43A11T04,filtered,35,1.1666666666666667,False,False,0.3569918855231766,0.17314151339321548,-1.4351711072245703,-1.4123539972923984,-0.022817109932171897,-0.1787888703024576,0.7359477304901749,-0.9147366007926325,2.1739562388381155,2.268323021074681,-0.0943667822365657
S43A11T04,filtered,36,1.2,False,False,0.35578308546464327,0.1727514504483343,-1.4353898034099768,-1.4116563388483723,-0.023733464561604523,-0.1788739642892242,0.7359268576549995,-0.9148008219442237,2.1742401762154184,2.2671889213323184,-0.09294874511689999
S43A11T04,filtered,37,1.2333333333333334,False,False,0.3546367292739647,0.17250793250513619,-1.4356163566453775,-1.4108632137400745,-0.02475314290530295,-0.17894026060552126,0.7359795338883268,-0.9149197944938481,2.174589728263351,2.2660106274064313,-0.09142089914308027
S43A11T04,filtered,38,1.2666666666666666,False,False,0.353582402289803,0.17239848942488178,-1.435853473477103,-1.4100151260716578,-0.025838347405445106,-0.17899313628756156,0.7360729711178456,-0.9150661074054072,2.1750018647574523,2.2648217069500607,-0.08981984219260841
S43A11T04,filtered,39,1.3,False,False,0.3526433714607977,0.17239949279892608,-1.4361059258369646,-1.409158185763268,-0.026947740073696602,-0.1790396142527798,0.7361742001864577,-0.9152138144392375,2.175472752230338,2.263658777437987,-0.08818602520764873
S43A11T04,filtered,40,1.3333333333333333,False,False,0.3518363137833125,0.1724809502579343,-1.4363800490849288,-1.4083419954889798,-0.02803805359594902,-0.17908802497246085,0.7362526139016311,-0.9153406388740919,2.1759977242799438,2.2625586540431843,-0.08656092976324059
S43A11T04,filtered,41,1.3666666666666667,False,False,0.35117124641666614,0.17261181822281735,-1.4366831138965124,-1.4076172935616595,-0.029065820334852832,-0.17914752889031113,0.7362823193224732,-0.9154298482127844,2.1765713068814,2.2615550195012375,-0.08498371261983761
S43A11T04,filtered,42,1.4,False,False,0.3506516205315103,0.17276515122507918,-1.4370225957315694,-1.407033389154737,-0.02998920657683235,-0.17922748031167654,0.7362441888294904,-0.915471669141167,2.1771873103019264,2.2606750023111246,-0.08348769200919826
S43A11T04,filtered,43,1.4333333333333333,False,False,0.3502745107116291,0.1729224278864967,-1.4374053736671832,-1.4066354283291536,-0.03076994533802968,-0.179336633056667,0.7361275126673306,-0.9154641457239976,2.1778389918112193,2.2599360897595537,-0.08209709794833442
S43A11T04,filtered,44,1.4666666666666666,False,False,0.3500308267593574,0.17307648645105145,-1.437836899900585,-1.406461547465656,-0.03137535243492895,-0.17948221451725271,0.7359311676386513,-0.9154133821559041,2.1785192846362293,2.2593437976757507,-0.08082451303952132
S43A11T04,filtered,45,1.5,False,True,0.3499055059228039,0.1732326546232268,-1.4383203912846068,-1.4065400059445354,-0.03178038534007133,-0.1796689243873899,0.7356642277891892,-0.9153331521765791,2.1792210794858065,2.258890467191003,-0.07966938770519638
S43A11T04,filtered,46,1.5333333333333334,False,False,0.34987770382758715,0.17340785436678718,-1.4388561033830283,-1.4068864390415572,-0.03196966434147108,-0.1798979428803942,0.7353459542200202,-0.9152438971004144,2.1799375361800726,2.2585554613175525,-0.0786179251374799
S43A11T04,filtered,47,1.5666666666666667,False,False,0.34992106864598005,0.17362768568018838,-1.4394407539422382,-1.4075014278638303,-0.03193932607840799,-0.18016605613859793,0.7350051144176752,-0.9151711705562732,2.1806623951522974,2.2583068966169595,-0.07764450146466206
S43A11T04,filtered,48,1.6,False,False,0.35000422587791025,0.17392172677328577,-1.4400671645272645,-1.4083686356159593,-0.0316985289113052,-0.18046501963452277,0.7346785994313841,-0.9151436190659069,2.181390252731941,2.258104878495846,-0.07671462576390509
S43A11T04,filtered,49,1.6333333333333333,False,False,0.35009159846414345,0.1743175133121999,-1.4407241847092813,-1.4094537968297804,-0.03127038787950087,-0.18078128044628478,0.7344093330452799,-0.9151906134915646,2.182116761258613,2.2579060285586046,-0.07578926729999136
S43A11T04,filtered,50,1.6666666666666667,False,True,0.35014463550085995,0.1748338572970991,-1.441396951326772,-1.4107048566205145,-0.030692094706257445,-0.18109616440692924,0.7342435036201451,-0.9153396680270743,2.182838716319701,2.257668918416485,-0.0748302020967837
S43A11T04,filtered,51,1.7,False,False,0.35012344209654667,0.1754743166398447,-1.4420675151920872,-1.412053530409954,-0.03001398478213324,-0.18138660376143212,0.7342271980046872,-0.9156138017661193,2.1835539996097775,2.257359877467176,-0.07380587785739845
S43A11T04,filtered,52,1.7333333333333334,False,False,0.3499887290996259,0.17622170940086979,-1.4427158391038486,-1.413418484092979,-0.029297355010869497,-0.18162643612179072,0.7344025771863852,-0.916029013308176,2.184261357544799,2.256958542642097,-0.07269718509729817
S43A11T04,filtered,53,1.7666666666666666,False,False,0.3497039721439056,0.1770345631456396,-1.4433211350644854,-1.4147102182995188,-0.028610916764966632,-0.18178824874764143,0.7348038018843375,-0.9165920506319789,2.1849600128326707,2.256462482638118,-0.07150246980544717
S43A11T04,filtered,54,1.8,False,False,0.34923770455142455,0.17784628532075342,-1.44386346736628,-1.4158375819067954,-0.02802588545948459,-0.18184567760913245,0.7354529869844286,-0.917298664593561,2.1856491281093304,2.2558902680501705,-0.07024113994084002
S43A11T04,filtered,55,1.8333333333333333,False,False,0.34856595502879106,0.1785676280750168,-1.444325505246288,-1.4167156490758717,-0.027609856170416336,-0.1817760039358385,0.7363565277112359,-0.9181325316470744,2.186327166022561,2.2552824737708157,-0.06895530774825476
S43A11T04,filtered,56,1.8666666666666667,False,False,0.3476749297418351,0.17909270560309398,-1.4446942688564495,-1.4172744866556588,-0.027419782200790666,-0.18156282899830647,0.7375021864614069,-0.9190650154597133,2.186991216147644,2.254700282738302,-0.06770906659065767
S43A11T04,filtered,57,1.9,False,False,0.34656405777434046,0.17930842397431457,-1.444962680799014,-1.417468136176625,-0.027494544622388872,-0.18119855863463546,0.7388573446755102,-0.9200559033101456,2.187636382053341,2.2542215926968137,-0.06658521064347278
S43A11T04,filtered,58,1.9333333333333333,False,False,0.34524940381099867,0.17910673855046855,-1.445130717944652,-1.417282962562033,-0.027847755382619077,-0.18068640067237596,0.7403687969415595,-0.9210551976139355,2.188255337243246,2.2539347847552706,-0.06567944751202459
S43A11T04,filtered,59,1.9666666666666666,False,False,0.34376717783947663,0.17839871214742953,-1.4452059595326985,-1.4167444080510314,-0.02846155148166707,-0.18004157826339737,0.741964385790311,-0.9220059640537084,2.1888381623772246,2.2539305652467094,-0.06509240286948481
S43A11T04,filtered,60,2.0,False,False,0.34217668332197365,0.17712896597950167,-1.4452033511523292,-1.4159211615188534,-0.02928218963347584,-0.17929149565904925,0.7435566422460013,-0.9228481379050505,2.1893725652268463,2.2542925127354905,-0.06491994750864416
S43A11T04,filtered,61,2.033333333333333,False,False,0.3405616630771917,0.1752888536605619,-1.445144051637347,-1.4149258319800673,-0.030218219657279777,-0.17847466245149118,0.7450484138174412,-0.9235230762689324,2.1898445584139683,2.2550871271373127,-0.06524256872334444
S43A11T04,filtered,62,2.066666666666667,False,False,0.33902879997494184,0.17292659641172237,-1.4450533002064547,-1.4139114124649064,-0.031141887741548357,-0.17763828613600546,0.7463402415518519,-0.9239785276878574,2.190239629656443,2.2563542725335113,-0.06611464287706825
S43A11T04,filtered,63,2.1,False,False,0.33770228269004443,0.1701527287695832,-1.4449573306511159,-1.4130631352264924,-0.03189419542462346,-0.17683457475997105,0.74733901240851,-0.9241735871684811,2.190544388603325,2.258098922158796,-0.06755453355547081
S43A11T04,filtered,64,2.1333333333333333,False,False,0.3367139571016727,0.16713952914400276,-1.4448794617052514,-1.4125857346163229,-0.032293727088928526,-0.17611594055971735,0.7479671902018497,-0.924083130761567,2.1907486183529743,2.2602850531167373,-0.06953643476376303
S43A11T04,filtered,65,2.1666666666666665,False,False,0.33618960064674824,0.1641136332579083,-1.4448355994320883,-1.4126866180761442,-0.03214898135594413,-0.17552944709988663,0.74817174880783,-0.9237011959077166,2.1908476039364855,2.2628324051682793,-0.07198480123179385
S43A11T04,filtered,66,2.2,False,False,0.33623302638010655,0.16134171035748235,-1.4448294884854043,-1.413555953851586,-0.03127353463381821,-0.17511097933940117,0.7479318260741694,-0.9230428054135706,2.190844559881577,2.265616622117575,-0.07477206223599797
S43A11T04,filtered,67,2.2333333333333334,False,False,0.3369106199853762,0.1591098602147769,-1.444848133544549,-1.4153451627617888,-0.029502970782760318,-0.17487972058330484,0.7472641122131731,-0.9221438327964779,2.190752939535069,2.2684730482512503,-0.07772010871618118
S43A11T04,filtered,68,2.2666666666666666,False,False,0.33823909191408297,0.15769818542359126,-1.4448578690605602,-1.4181456934897367,-0.026712175570823504,-0.17483357630498336,0.7462250994977251,-0.9210586758027084,2.190598384698258,2.271204169917152,-0.08060578521889372
S43A11T04,filtered,69,2.3,False,False,0.34017847064087464,0.15735272010678947,-1.4448015743421092,-1.4219702112079484,-0.022831363134160787,-0.17494617945382335,0.744909554584545,-0.9198557340383684,2.190420069296207,2.273590389004477,-0.08317031970827005
S43A11T04,filtered,70,2.3333333333333335,False,False,0.3426308827768344,0.15825746030741183,-1.4445975032909981,-1.4267383907360065,-0.01785911255499162,-0.17516603677832274,0.7434449184107192,-0.918610955189042,2.1902712084416485,2.2754035086894286,-0.08513230024778018
S43A11T04,filtered,71,2.3666666666666667,False,False,0.34544408194637555,0.16050955343057405,-1.4441401180416933,-1.4322693448238497,-0.011870773217843578,-0.1754182283028138,0.7419817624146887,-0.9173999907175026,2.1902185464406325,2.276422024624698,-0.08620347818406549
S43A11T04,filtered,72,2.4,False,False,0.3484177367176623,0.16410068853818593,-1.4433031820322426,-1.4382823226958719,-0.005020859336370753,-0.17560885684910704,0.7406808904103437,-0.9162897472594507,2.190340704542997,2.2764470745866885,-0.0861063700436917
S43A11T04,filtered,73,2.433333333333333,False,False,0.3513106123537922,0.1689073394352425,-1.4419451850936658,-1.444406695810725,0.0024615107170591344,-0.1756321742132249,0.7396981195359028,-0.9153302937491277,2.190725359976402,2.275317738520765,-0.08459237854436275
S43A11T04,filtered,74,2.466666666666667,False,False,0.35384788060798095,0.17469174668491805,-1.4399169522368251,-1.4502014464672062,0.010284494230381025,-0.17538000714205196,0.739168144866674,-0.914548152008726,2.1914653377096025,2.2729243308218607,-0.08145899311225824
S43A11T04,filtered,75,2.5,False,False,0.35572927771453716,0.18111443800911453,-1.4370710471295678,-1.4551834563607313,0.01811240923116353,-0.17475279965930288,0.7391891385868048,-0.9139419382461077,2.1926538179868267,2.2692184121637538,-0.07656459417692707
S43A11T04,filtered,76,2.533333333333333,False,False,0.35663993783280434,0.1877577927119236,-1.43327234487695,-1.4588629439486025,0.02559059907165251,-0.1736713141019388,0.7398098158661768,-0.9134811299681156,2.1943789852947493,2.2642184787453816,-0.06983949345063234
S43A11T04,filtered,77,2.566666666666667,False,False,0.3562658864039489,0.19415881651435396,-1.4284089442138141,-1.4607835224492507,0.032374578235436546,-0.1720878281189705,0.7410205927037872,-0.9131084208227577,2.196718554917654,2.2580106509231,-0.06129209600544572
S43A11T04,filtered,78,2.6,False,False,0.3543152517991821,0.1998480952540007,-1.422402444113518,-1.4605636481803739,0.03816120406685597,-0.16999556149455033,0.7427501628608467,-0.912745724355397,2.199734697414076,2.250744146726761,-0.05100944931268492
S43A11T04,filtered,79,2.6333333333333333,False,False,0.35054456897374614,0.2043910197778933,-1.41521654755322,-1.457935795560821,0.042719248007601074,-0.1674350886058399,0.7448683490609058,-0.9123034376667457,2.2034699258540007,2.242621836005261,-0.039151910151260516
S43A11T04,filtered,80,2.6666666666666665,False,False,0.3447877065556437,0.20742696124451987,-1.406862991447764,-1.4527796010555825,0.045916609607818515,-0.16449665028096866,0.747195474878956,-0.9116921251599246,2.207944504775085,2.2338866654224696,-0.025942160647384416
S43A11T04,filtered,81,2.7,False,False,0.3369835558137146,0.20870220093894498,-1.3974039419673534,-1.445145499210521,0.04774155724316764,-0.16131756826773916,0.7495178123828461,-0.9108353806505852,2.213155876843314,2.224805162265217,-0.011649285421903244
S43A11T04,filtered,82,2.7333333333333334,False,False,0.3271980697155488,0.20809307612087058,-1.3869502327274537,-1.4352660228799636,0.048315790152509974,-0.15807436658727206,0.7516079540734212,-0.9096823206606932,2.219080481323984,2.2156495173735444,0.003430963950439736
S43A11T04,filtered,83,2.7666666666666666,False,False,0.3156366295059814,0.20561690849414593,-1.3756551432215873,-1.4235529064970711,0.047897763275483785,-0.15496968335058614,0.753248310840654,-0.9082179941912402,2.2256781612924463,2.206679885535128,0.01899827575731816
S43A11T04,filtered,84,2.8,False,False,0.3026438930307959,0.20142968480322287,-1.3637037912209067,-1.4105793272700744,0.04687553604916772,-0.15221457068417032,0.7542554255889173,-0.9064699962730877,2.232899133309779,2.19812851843729,0.03477061487248889
S43A11T04,filtered,85,2.8333333333333335,False,False,0.2886899563565787,0.19581096880841442,-1.351298614483577,-1.3970479279994765,0.0457493135158995,-0.15000727999830604,0.7545024827883016,-0.9045097627866077,2.240693238823953,2.190187172472781,0.05050606635117205
S43A11T04,filtered,86,2.8666666666666667,False,False,0.27434352310777577,0.18913793716085814,-1.3386418095443913,-1.383746555757274,0.04510474621288263,-0.14851006478154843,0.7539373411378107,-0.9024474059193592,2.2490209303611715,2.1829989346831082,0.06602199567806322
S43A11T04,filtered,87,2.9,False,False,0.2602345409202821,0.18185156326565255,-1.3259159436954704,-1.3714947925853873,0.04557884888991692,-0.147825857591935,0.7525936520902008,-0.9004195096821358,2.2578651904840967,2.1766552121511684,0.08120997833292831
S43A11T04,filtered,88,2.933333333333333,False,False,0.24701018297808067,0.1744186831225154,-1.313264227935991,-1.3610852330736254,0.04782100513763443,-0.14797685574675332,0.7505931548833427,-0.898570010630096,2.267243361625295,2.1711981594660177,0.09604520215927748
S43A11T04,filtered,89,2.966666666666667,False,False,0.2352888782759173,0.1672938898362175,-1.300772105889814,-1.3532239931480847,0.05245188725827066,-0.14888705929195764,0.7481380280827339,-0.8970250873746916,2.2772177035477843,2.1666283002934126,0.11058940325437172
S43A11T04,filtered,90,3.0,False,False,0.22561707213758467,0.16088491660135884,-1.288451855570514,-1.3484750662430938,0.06002321067257976,-0.15037063965741912,0.7454931612735758,-0.8958638009309949,2.2879034133633454,2.1629165597610682,0.12498685360227713
S43A11T04,filtered,91,3.033333333333333,False,False,0.21843237753026643,0.15552445106581647,-1.2762318050503532,-1.3472128717509284,0.07098106670057525,-0.15212768886811312,0.7429592898517946,-0.8950869787199077,2.2994728589797413,2.1600193998647463,0.13945345911499496
S43A11T04,filtered,92,3.066666666666667,False,False,0.21403499339059923,0.15145030845965946,-1.2639515271623492,-1.3495867050711214,0.08563517790877229,-0.1537484317936233,0.740838992802473,-0.8945874245960963,2.3121549058188147,2.15789528966482,0.15425961615399464
S43A11T04,filtered,93,3.1,False,False,0.2125675634965527,0.1487947494785602,-1.2513640110490807,-1.355499877554118,0.10413586650503737,-0.1547264113463582,0.7393984671105702,-0.8941248784569285,2.326228469911069,2.1565204092889365,0.16970806062213262
S43A11T04,filtered,94,3.1333333333333333,False,False,0.21400311253627835,0.1475826440362893,-1.238145329848467,-1.3646052343631094,0.1264599045146424,-0.1544805168405725,0.7388286567545638,-0.8933091735951363,2.3420098122346924,2.155901352344964,0.18610845988972846
S43A11T04,filtered,95,3.1666666666666665,False,False,0.21814157625739683,0.14773730839305244,-1.2239117646543034,-1.3763175720136407,0.1524058073593373,-0.15238505775805242,0.7392096509679675,-0.89159470872602,2.3598335916582176,2.156082717421527,0.20375087423669047
S43A11T04,filtered,96,3.2,False,False,0.22461652793440717,0.14909227764495392,-1.2082437436187878,-1.389842343572528,0.18159859995374017,-0.14780642726379242,0.7404822327933933,-0.8882886600571858,2.380028292311555,2.157147900299674,0.22288039201188115
S43A11T04,filtered,97,3.2333333333333334,False,False,0.23291339375585046,0.15140704554521012,-1.1907153550428244,-1.404219007230637,0.21350365218781264,-0.14014429072992693,0.7424300480463755,-0.8825743387763024,2.402887291263575,2.1592121053316857,0.24367518593188908
S43A11T04,filtered,98,3.2666666666666666,False,False,0.24239854742851522,0.15438487613944374,-1.1709276400418371,-1.4183764802946337,0.24744884025279656,-0.12887471533109673,0.7446751024115436,-0.8735498177426403,2.4286374713548238,2.1624075285795525,0.26622994277527123
S43A11T04,filtered,99,3.3,False,False,0.25235653070072545,0.15769109426486394,-1.1485434095618856,-1.4311974193020442,0.28265400974015864,-0.11359227170005054,0.7466882344914723,-0.8602805061915229,2.4574078364627536,2.1668617235466847,0.2905461129160689
S43A11T04,filtered,100,3.3333333333333335,False,False,0.2620315886698965,0.16097070434517158,-1.123321006254789,-1.4415874627047471,0.3182664564499582,-0.09404793336400856,0.7478149333758191,-0.8418628667398276,2.4892009728187507,2.172671209291932,0.3165297635268187
S43A11T04,filtered,101,3.3666666666666667,False,False,0.2706699254672545,0.16386467708202113,-1.0951442840989343,-1.4485451552469377,0.35340087114800345,-0.07017961684194389,0.7473154688037136,-0.8174950856456574,2.523870347126327,2.179873276856407,0.34399707026992
S43A11T04,filtered,102,3.4,False,False,0.2775599562755522,0.16602469751412063,-1.0640461400611443,-1.451228046595463,0.3871819065343187,-0.04213247779961696,0.744416893131003,-0.7865493709306199,2.561106284340084,2.188419560492789,0.37268672384729484
S43A11T04,filtered,103,3.433333333333333,False,False,0.2820687280852412,0.16712651568953274,-1.0302232223841297,-1.449010459475553,0.4187872370914234,-0.010266622132623785,0.7383731789112367,-0.7486398010438604,2.600432996647406,2.1981551604383363,0.40227783620906976
S43A11T04,filtered,104,3.466666666666667,False,False,0.28367332513040927,0.1668822333118305,-0.9940399614943458,-1.4415287002903396,0.4474887387959938,0.024849303816003806,0.7285286988748056,-0.7036793950588018,2.6412182476382537,2.20880686858165,0.43241137905660354
S43A11T04,filtered,105,3.5,True,False,0.28198645476802214,0.16505187320956205,-0.9560208025578903,-1.4287100779014223,0.472689275343532,0.062459151844012566,0.7143795576797984,-0.6519204058357859,2.682696179691807,2.219983337860759,0.4627128418310482
S43A11T04,filtered,106,3.533333333333333,True,False,0.2767756115331732,0.1614544217006253,-0.9168304199808465,-1.4107830231723306,0.49395260319148415,0.10165426852658502,0.6956270544887302,-0.5939727859621452,2.7240025970859487,2.231188881952007,0.4928137151339418
S43A11T04,filtered,107,3.566666666666667,True,False,0.26797532906916055,0.15597824626766577,-0.8772426968505637,-1.3882668482378961,0.5110241513873325,0.14142055079986704,0.6722178709052851,-0.530797320105418,2.76422070633312,2.2418510817399944,0.5223696245931255
S43A11T04,filtered,108,3.6,True,False,0.25569211848887097,0.14859043599886546,-0.8381002695886207,-1.361941191673124,0.5238409220845034,0.18069450585559135,0.6443664715180889,-0.4636719656624976,2.8024341158540147,2.2513606581794905,0.5510734576745242
S43A11T04,filtered,109,3.6333333333333333,False,False,0.2402018083519113,0.13934426642644127,-0.8002673694112582,-1.3327968568831114,0.5325294874718532,0.21842430846396163,0.6125566412531922,-0.39413233278923054,2.837782941640259,2.2591203537104,0.578662587929859
S43A11T04,filtered,110,3.6666666666666665,True,False,0.2219391881158391,0.12838373097870548,-0.7645794328472225,-1.301971413636405,0.5373919807891824,0.2536312216950278,0.5775209579375149,-0.3238897362424871,2.8695182904694647,2.264598090899363,0.6049201995701017
S43A11T04,filtered,111,3.7,True,False,0.20148014923907973,0.11594397554423463,-0.7317934069108984,-1.2706744108191992,0.5388810039083007,0.28546654021546625,0.5401991318090854,-0.25473259159361916,2.897050296601232,2.2673786940565646,0.6296716025446676
S43A11T04,filtered,112,3.7333333333333334,False,False,0.17951694045371683,0.10234656804842746,-0.7025427661278686,-1.240108145589773,0.5375653794619043,0.31325948116983343,0.5016783043327017,-0.18841882316286823,2.919985315085946,2.2672081680232594,0.6527771470626864
S43A11T04,filtered,113,3.7666666666666666,True,False,0.1568277069308066,0.08798884935013263,-0.6773009502312971,-1.2113904751739015,0.5340895249426044,0.33655218336844495,0.4631203313835378,-0.12656814801509286,2.938148801082578,2.2640250355404197,0.6741237655421584
S43A11T04,filtered,114,3.8,True,False,0.13424211160671132,0.07332712520813822,-0.6563562321906595,-1.1854860265433036,0.5291297943526441,0.35511911835853777,0.42568253955231694,-0.07056342119377917,2.951591737412027,2.25797452110288,0.6936172163091472
S43A11T04,filtered,115,3.8333333333333335,True,False,0.11260532372627281,0.05885411011941977,-0.6397999981143876,-1.163151331967379,0.5233513338529914,0.36896964807624266,0.39043924731516066,-0.021469599238918002,2.9605800605089243,2.2494032802480506,0.7111767802608737
S43A11T04,filtered,116,3.8666666666666667,False,True,0.09274229348767692,0.04507172560343142,-0.627529174120356,-1.1448979788458695,0.5173688047255135,0.3783340214488428,0.35831136821622633,0.020022653232616483,2.9655681879811406,2.238834640121986,0.7267335478591548
S43A11T04,filtered,117,3.9,False,True,0.07542094611773659,0.032460974372027884,-0.6192622159317788,-1.1309759936847081,0.5117137777529294,0.3836346039986427,0.3300106335256663,0.0536239704729764,2.9671592690283197,2.22692660542306,0.7402326636052599
S43A11T04,filtered,118,3.933333333333333,False,True,0.06130230669532502,0.02145105550772941,-0.6145668425427434,-1.1213776323047688,0.5068107897620254,0.38544540477193917,0.30600345613044044,0.07944194864149873,2.966055983217085,2.2144168588049267,0.7516391244121583
S43A11T04,filtered,119,3.966666666666667,False,True,0.05084652819726569,0.01239008975938205,-0.6128966901010708,-1.1158597895578286,0.5029630994567578,0.3844438636942519,0.28649737078110715,0.09794649291314472,2.963006473668584,2.202060378504333,0.7609460951642508
S43A11T04,filtered,120,4.0,False,True,0.04415225640537161,0.005519774179477466,-0.6136333941146792,-1.1139816100339635,0.5003482159192842,0.3813593061582307,0.27145057456055094,0.10990873159767978,2.958750253620448,2.190565954841725,0.7681842987787229
S43A11T04,filtered,121,4.033333333333333,False,True,0.04083279250851142,0.0009560122702465534,-0.6161303344284104,-1.1151527479551722,0.4990224135267618,0.3769224419912006,0.2606026497890511,0.1163197922021495,2.953968675669067,2.180537787082308,0.7734308885867591
S43A11T04,filtered,122,4.066666666666666,False,True,0.04016245006341941,0.001322872504341932,-0.6197544009755763,-1.1186871765557358,0.49893277558015947,0.37181982572909256,0.2535223758079057,0.11829744992118685,2.9492438656115083,2.1724275700871405,0.7768162955243678
S43A11T04,filtered,123,4.1,False,True,0.041445966999785394,0.001479270308186953,-0.6239226132497728,-1.1238574867384359,0.49993487348866306,0.36665639465641453,0.24966687926163855,0.11698951539477598,2.9450290053263126,2.1665011979103306,0.778527807415982
S43A11T04,filtered,124,4.133333333333334,False,True,0.04421478719751207,0.0001897231663672283,-0.6281311702306429,-1.1299451711180786,0.5018140008874357,0.3619281800428701,0.24844541119361802,0.11348276884925207,2.94163163262705,2.162822615378733,0.7788090172483169
S43A11T04,filtered,125,4.166666666666667,False,True,0.048119491526303855,0.0032673644594931606,-0.6319754157620812,-1.1362833392678398,0.5043079235057586,0.35800617572666066,0.24928085652751414,0.10872531919914652,2.9392103468461572,2.161255636766969,0.7779547100791881
S43A11T04,filtered,126,4.2,False,True,0.052742764012156156,0.007240722907212671,-0.635160166059383,-1.1422894993363895,0.5071293332770065,0.3551312708200436,0.25166266488336325,0.10346860593668034,2.9377840937430437,2.1614828995880857,0.776301194154958
S43A11T04,filtered,127,4.233333333333333,False,True,0.05751980042524133,0.011531381740969016,-0.6375007568889722,-1.1474873086359203,0.5099865517469481,0.35341921457505626,0.2551861428926602,0.09823307168239609,2.9372521582378366,2.163039672901438,0.7742124853363985
S43A11T04,filtered,128,4.266666666666667,False,True,0.06177572860058292,0.015531748511782961,-0.6389159413347522,-1.1515173918143904,0.5126014504796382,0.3528738576840186,0.2595748007709071,0.09329905691311147,2.9374221970749077,2.165359094346061,0.7720631027288465
S43A11T04,filtered,129,4.3,False,True,0.06481318025550231,0.018644928601614374,-0.639414342987925,-1.1541383280783994,0.5147239850904745,0.35340644900515583,0.26468448767282815,0.08872196133232768,2.9380431440338013,2.1678246288516,0.7702185151822012
S43A11T04,filtered,130,4.333333333333333,False,True,0.0660017541611101,0.02032576809417752,-0.6390765101667598,-1.1552196351064428,0.516143124939683,0.354858570393821,0.27049014786297154,0.08436842253084947,2.938839635778544,2.1698251489285,0.7690144868500437
S43A11T04,filtered,131,4.366666666666666,False,True,0.0648556963381981,0.020120415445818107,-0.6380347189662628,-1.1547289863530297,0.5166942673867668,0.357026345924337,0.27705795273480904,0.07996839318952798,2.9395447274186215,2.1708080258715716,0.7687367015470499
S43A11T04,filtered,132,4.4,False,True,0.061105658537806494,0.017701618001805475,-0.6364525564898185,-1.1527159924994643,0.5162634360096459,0.35968382289018797,0.2845071077190048,0.07517671517118318,2.939928060645758,2.170325964099938,0.7696020965458197
S43A11T04,filtered,133,4.433333333333334,False,True,0.05478489566100908,0.012896998536128912,-0.6345060206413591,-1.1492946962008352,0.5147886755594762,0.3626038327218201,0.292966638813449,0.06963719390837114,2.9398172630178805,2.1680739607912214,0.7717433022266591
S43A11T04,filtered,134,4.466666666666667,False,True,0.046386469487637014,0.0057077875110755905,-0.6323674530357646,-1.1446265395498092,0.5122590865140446,0.3655751356737043,0.3025328318374835,0.06304230383622084,2.939111130737765,2.163913670597731,0.775197460140034
S43A11T04,filtered,135,4.5,False,True,0.03726469719744074,0.0036840516483445107,-0.630193136926306,-1.138905050054753,0.5087119131284471,0.36841517054978246,0.31323269987209135,0.05518247067769111,2.9377840073100434,2.15788353107995,0.7799004762300936
S43A11T04,filtered,136,4.533333333333333,False,True,0.03061900422763667,0.014921663739581259,-0.62811490182104,-1.1323429417858764,0.5042280399648363,0.3709782151144374,0.32499793633551477,0.045980278778922634,2.935881641549541,2.150194180527606,0.7856874610219347
S43A11T04,filtered,137,4.566666666666666,False,True,0.031531710243578925,0.02749254193011219,-0.6262356329560961,-1.1251618240929004,0.49892619113680436,0.3731591731339415,0.33765238988825363,0.035506783245687845,2.9335096161276875,2.1412098906997006,0.7922997254279869
S43A11T04,filtered,138,4.6,False,False,0.040928142266584006,0.04076050157304101,-0.6246282274451002,-1.1175843131841778,0.4929560857390777,0.374893515685617,0.3509143508957223,0.023979164789894702,2.930816112569396,2.131417852159702,0.7993982604096943
S43A11T04,filtered,139,4.633333333333334,False,False,0.054589369555530065,0.05400854344089723,-0.62333729515348,-1.109828088943805,0.486490793790325,0.37615410959585666,0.3644130873048637,0.011741022290992942,2.927971259858096,2.1213880981444144,0.8065831617136814
S43A11T04,filtered,140,4.666666666666667,False,False,0.0691372727140721,0.06648962340352127,-0.6223827803355817,-1.102101339710667,0.47971855937508523,0.3769457708765923,0.37771734441514193,-0.0007715735385496192,2.9251455552257988,2.1117275506311466,0.8134180045946522
S43A11T04,filtered,141,4.7,False,False,0.082668693478587,0.07748138751154121,-0.6217646734399224,-1.0945990741179303,0.47283440067800797,0.3772984013528082,0.3903721423732388,-0.01307374102043063,2.922489821028114,2.103032054897432,0.8194577661306819
S43A11T04,filtered,142,4.733333333333333,False,False,0.09398599966505902,0.08634029422769207,-0.6214680716726608,-1.0874999137145638,0.46603184204190296,0.37725952113845185,0.40193932840817537,-0.02467980726972352,2.9201188707864705,2.095840303358573,0.8242785674278976
S43A11T04,filtered,143,4.766666666666667,False,False,0.10228104672860426,0.09255034639585191,-0.6214680029131257,-1.0809631632417824,0.4594951603286568,0.3768869151962374,0.41203705206066044,-0.03515013686442303,2.9181005311168473,2.0905932426471017,0.8275072884697456
S43A11T04,filtered,144,4.8,False,False,0.10704400674623825,0.09576196654143265,-0.6217336166497746,-1.0751261354701083,0.4533925188203337,0.37624198172902495,0.42037363135431427,-0.044131649625289315,2.916450965686626,2.087601956078971,0.8288490096076551
S43A11T04,filtered,145,4.833333333333333,False,False,0.10803804191727778,0.09581737907116539,-0.6222315344079695,-1.070101840856699,0.4478703064487294,0.3753842135138159,0.42677209259111887,-0.05138787907730297,2.9151364588258875,2.0870261928191676,0.8281102660067199
S43A11T04,filtered,146,4.866666666666666,False,False,0.1052850897921689,0.0927601466835446,-0.6229283127240428,-1.065977211973056,0.44304889924901314,0.3743670708673703,0.4311828689201561,-0.056815798052785804,2.914081040123441,2.088864766025381,0.82521627409806
S43A11T04,filtered,147,4.9,False,False,0.0990446155680189,0.086828107378911,-0.6237920855349814,-1.0628120133866434,0.439019927851662,0.3732353302935273,0.43368357365326843,-0.06044824335974114,2.9131786671888618,2.0929580570825044,0.8202206101063574
S43A11T04,filtered,148,4.933333333333334,False,False,0.08978033610959323,0.07843067680871374,-0.6247935129796379,-1.0606385058219319,0.43584499284229394,0.37202383289840896,0.4344662517790293,-0.062442418880620354,2.9123082167184604,2.099001926165685,0.8133062905527755
S43A11T04,filtered,149,4.966666666666667,False,False,0.0781156266214256,0.06811309419133393,-0.6259061747107664,-1.059461821272496,0.4335556465617296,0.37075742888672986,0.43381389090647116,-0.0630564620197413,2.911349320610046,2.1065715121203263,0.8047778084897197
S43A11T04,filtered,150,5.0,False,False,0.06478132827285302,0.056511483699934084,-0.6271065218327503,-1.0592609016684027,0.4321543798356524,0.3694518328872174,0.4320690961998479,-0.06261726331263051,2.9101971420974957,2.115152760612135,0.7950443814853605
S43A11T04,filtered,151,5.033333333333333,False,False,0.05056168318440399,0.044303407390701155,-0.6283734616975819,-1.059989791429346,0.431616329731764,0.36811507626034656,0.42959859320260224,-0.06148351694225568,2.9087744918176512,2.124179080494968,0.7845954113226834
S43A11T04,filtered,152,5.066666666666666,False,False,0.036247112505680225,0.03215880330215004,-0.6296876138055175,-1.061579074264423,0.4318914604589056,0.36674926433199373,0.4267575521902167,-0.060008287858222986,2.907040171587609,2.1330703036798466,0.7739698679077622
S43A11T04,filtered,153,5.1,True,False,0.022616841789015834,0.02069582347726273,-0.6310302592445537,-1.0639373098497233,0.43290705060516965,0.3653524068794859,0.4238576089954592,-0.05850520211597332,2.9049930143985145,2.141271104760378,0.7637219096381367
S43A11T04,filtered,154,5.133333333333334,True,False,0.010617930099337316,0.010445188852719056,-0.6323820203292823,-1.0669524421961638,0.43457042186688155,0.3639201705217924,0.4211419161541291,-0.05722174563233673,2.902671664738006,2.1482862045932642,0.754385460144742
S43A11T04,filtered,155,5.166666666666667,False,False,0.004962990133673045,0.0018254113306992448,-0.6337213531490011,-1.0704932914390146,0.4367719382900135,0.3624474804964013,0.41876966139555794,-0.05632218089915664,2.9001506268900163,2.1537100155867934,0.7464406113032229
S43A11T04,filtered,156,5.2,True,False,0.011293547849049877,0.004870206464639537,-0.635023006570575,-1.074411371324972,0.43938836475439713,0.3609299573413708,0.4168113401974011,-0.05588138285603034,2.8975334392777374,2.157248864315593,0.7402845749621445
S43A11T04,filtered,157,5.233333333333333,False,False,0.01741244250169705,0.009475288363295808,-0.6362566812107012,-1.0785433640745854,0.4422866828638842,0.3593651986797048,0.4152547968433334,-0.055889598163628595,2.894943983409403,2.158734525776324,0.7362094576330787
S43A11T04,filtered,158,5.266666666666667,True,False,0.021364434967251742,0.011942496659578694,-0.63738618849873,-1.0827146082319854,0.44532841973325543,0.3577539047751192,0.414020804816538,-0.05626690004141882,2.8925169155788364,2.1581284928219544,0.734388422756882
S43A11T04,filtered,159,5.3,False,False,0.022984571632915507,0.012328540173738523,-0.6383694379781034,-1.086743901003842,0.4483744630257386,0.356100806018172,0.4129858955201877,-0.05688508950201571,2.8903880582826424,2.155517143087491,0.7348709151951516
S43A11T04,filtered,160,5.333333333333333,False,False,0.022363440067767255,0.010774973272705157,-0.6391595489125184,-1.0904497858989055,0.45129023698638715,0.3544152959536271,0.41200939667957714,-0.05759410072595006,2.888685366972391,2.1510987009101292,0.7375866660622616
S43A11T04,filtered,161,5.366666666666666,True,False,0.01976667606253101,0.007487649038046884,-0.6397072793029879,-1.093658304622326,0.4539510253193382,0.35271162340516266,0.41096129599911735,-0.05824967259395469,2.887520862222309,2.1451635590946543,0.7423573031276547
S43A11T04,filtered,162,5.4,False,False,0.015759082088963785,0.0027172995740361028,-0.6399647966083124,-1.0962119658376115,0.4562471692292991,0.35100846936016183,0.4097476277972776,-0.058739158437115746,2.886983742489006,2.1380700537488906,0.7489136887401155
S43A11T04,filtered,163,5.433333333333334,False,False,0.011827624203370964,0.003256925479995676,-0.6398906013703689,-1.0979794557597398,0.45808885438937086,0.34932774177587295,0.40833055197437995,-0.059002810198507005,2.8871347991050182,2.1302181057533467,0.7569166933516716
S43A11T04,filtered,164,5.466666666666667,False,False,0.011770733229140497,0.010139903196818345,-0.6394551918243667,-1.0988654205511281,0.4594102287267614,0.34769247096089134,0.4067410643078867,-0.05904859334699536,2.888002244036115,2.122023201605275,0.7659790424308399
S43A11T04,filtered,165,5.5,False,False,0.017634487467239512,0.017628690279144932,-0.6386468643825102,-1.0988195175480322,0.460172653165522,0.34612377875982386,0.4050832211951191,-0.05895944243529522,2.889579106448396,2.1138929627569776,0.7756861436914186
S43A11T04,filtered,166,5.533333333333333,False,False,0.026543785253097425,0.025416807950848774,-0.6374769195163312,-1.0978438821706875,0.4603669626543563,0.3446370181242469,0.40352974834279026,-0.058892730218543354,2.891822413170407,2.1062080672737267,0.7856143458966804
S43A11T04,filtered,167,5.566666666666666,False,False,0.03654854174933568,0.033195616001506556,-0.6359835139184653,-1.09599819958853,0.46001468567006465,0.3432373210376851,0.40230981067335864,-0.05907248963567352,2.894654393266668,2.099308605961456,0.7953457873052123
S43A11T04,filtered,168,5.6,True,False,0.04669921894194017,0.040654058295773066,-0.634233482341303,-1.0934017024008362,0.4591682200595333,0.34191493263887285,0.4016904547542066,-0.05977552211533377,2.89796589926653,2.0934861762001766,0.8044797230663532
S43A11T04,filtered,169,5.633333333333334,False,False,0.05630738864556034,0.04747816845197028,-0.6323216426369749,-1.0902316236053786,0.45790998096840374,0.3406408258074749,0.401953734790003,-0.061312908982528114,2.9016220967456534,2.088981254322118,0.8126408424235354
S43A11T04,filtered,170,5.666666666666667,False,False,0.06474662841142298,0.05335163637375473,-0.6303673728394406,-1.0867178940502413,0.4563505212108008,0.3393631621173932,0.4033717766710131,-0.06400861455361989,2.9054702438998006,2.085984748034247,0.8194854958655537
S43A11T04,filtered,171,5.7,True,False,0.07141056502539583,0.057958502200927686,-0.628508571131053,-1.0831341559405792,0.4546255848095262,0.3380051747212566,0.406182037221011,-0.06817686249975441,2.909349093096591,2.084642195935156,0.8247068971614349
S43A11T04,filtered,172,5.733333333333333,False,False,0.07571695561286412,0.06098871806361328,-0.6268934303443288,-1.079785439788619,0.4528920094442903,0.3364649866826526,0.41056482320660315,-0.07409983652395052,2.913099148911083,2.085058899767534,0.828040249143549
S43A11T04,filtered,173,5.766666666666667,True,False,0.07713070808602147,0.06214694168936452,-0.6256707303650317,-1.0769930985722047,0.451322368207173,0.33461774457806914,0.41662480919374634,-0.0820070646156772,2.916572776950093,2.087304360252087,0.8292684166980062
S43A11T04,filtered,174,5.8,False,False,0.07519874038271304,0.061164521323861853,-0.6249795359062053,-1.075077796158665,0.4500982602524598,0.3323202521344294,0.42437789787191127,-0.09205764573748187,2.919643039564194,2.091414721380101,0.828228318184093
S43A11T04,filtered,175,5.833333333333333,True,False,0.06959827776945253,0.05781420587508812,-0.6249392611793992,-1.0743415023971994,0.44940224121780015,0.3294180512475132,0.4337443501880043,-0.10432629894049106,2.922210186583044,2.097392464969756,0.8248177216132877
S43A11T04,filtered,176,5.866666666666666,True,False,0.06021637124987774,0.05192667464379386,-0.625641023047089,-1.0750495552820416,0.4494085322349526,0.32575464278087646,0.4445487027806682,-0.11879405999979176,2.924204969179137,2.105203265047342,0.8190017041317952
S43A11T04,filtered,177,5.9,False,False,0.047347034037101304,0.043407549193255957,-0.627141063008928,-1.0774139125020208,0.45027284949309276,0.32118229439937795,0.45652659184405114,-0.1353442974446732,2.9255883522263066,2.114770615157963,0.8108177370683438
S43A11T04,filtered,178,5.933333333333334,False,False,0.03251147405284544,0.0322531713696963,-0.6294568005138752,-1.0815787276285644,0.45212192711468924,0.3155736739412331,0.46933820559146694,-0.15376453165023385,2.92634771701277,2.1259694711172403,0.8003782458955295
S43A11T04,filtered,179,5.966666666666667,False,False,0.023087317413860775,0.018563174844697494,-0.6325658163272813,-1.0876093398238593,0.45504352349657806,0.30883339757652095,0.48258767840903233,-0.17375428083251138,2.9264901857652954,2.138620596990682,0.7878695887746132
S43A11T04,filtered,180,6.0,False,False,0.03425630437522559,0.0025478233801403682,-0.6364077862784787,-1.0954856426227302,0.45907785634425147,0.3009085097007694,0.49584731455835296,-0.19493880485758358,2.9260341636048652,2.1524874727693466,0.7735466908355186
S43A11T04,filtered,181,6.033333333333333,True,False,0.05877881042901106,0.01547169017901151,-0.6408891203947931,-1.105100577028106,0.46421145663331287,0.29179692662385787,0.5086851039031752,-0.21688817727931736,2.9250004904857807,2.1672774670983026,0.7577230233874781
S43A11T04,filtered,182,6.066666666666666,False,False,0.08804421575867667,0.035071254649258865,-0.6458898323197922,-1.116264163865673,0.4703743315458807,0.2815529814721968,0.520693607360819,-0.23914062588862223,2.923404659941678,2.182648500259699,0.7407561596819789
S43A11T04,filtered,183,6.1,True,False,0.1194553244230461,0.05574059742192028,-0.651271985420797,-1.1287130554583147,0.4774410700375177,0.2702893984250778,0.5315180074029608,-0.261228608977883,2.9212513706087533,2.1982216835822066,0.7230296870265467
S43A11T04,filtered,184,6.133333333333334,True,False,0.15165829263512745,0.07690817822982132,-0.6568889469790213,-1.1421250803446243,0.485236133365603,0.2581752878007913,0.5408810085415652,-0.2827057207407739,2.918532260109857,2.21359953654692,0.704932723562937
S43A11T04,filtered,185,6.166666666666667,True,False,0.18359995694638664,0.09797250878954866,-0.662594639019693,-1.1561377405920479,0.4935431015723549,0.24543006917642088,0.5486023912349327,-0.30317232205851186,2.9152271076560736,2.228388500413735,0.6868386072423385
S43A11T04,filtered,186,6.2,False,False,0.21437454072226786,0.11833723010288022,-0.6682520091794456,-1.170369184945938,0.5021171757664923,0.23231357004866798,0.5546113929938632,-0.3222978229451952,2.9113081924437716,2.242223738877939,0.6690844535658327
S43A11T04,filtered,187,6.233333333333333,False,False,0.24321421384097436,0.13744666348555645,-0.6737400573518098,-1.184439909577014,0.5106998522252042,0.21911287984038733,0.5589506888734819,-0.3398378090330946,2.9067469749320765,2.2547937638466466,0.6519532110854298
S43A11T04,filtered,188,6.266666666666667,False,False,0.26950856044205773,0.154818412920954,-0.67895893394386,-1.1979933921843227,0.5190344582404627,0.2061268297323207,0.5617715018231015,-0.3556446720907809,2.9015219184948204,2.26586231376832,0.6356596047265004
S43A11T04,filtered,189,6.3,True,False,0.2928240911634648,0.17006996533395502,-0.6838328519212127,-1.2107140567777064,0.5268812048564937,0.1936491885204022,0.5633201953772407,-0.36967100685683846,2.8956261373574654,2.2752851432888033,0.6203409940686622
S43A11T04,filtered,190,6.333333333333333,False,False,0.3129144535171026,0.18293702770255393,-0.6883107965719939,-1.2223413536548693,0.5340305570828754,0.1819517926220816,0.563917484941888,-0.38196569231980637,2.8890736431160464,2.283019899475712,0.6060537436403344
S43A11T04,filtered,191,6.366666666666666,False,False,0.32971839944713965,0.19328238686905586,-0.6923652406171261,-1.2326792397627993,0.5403139991456731,0.17126885390749275,0.5639320606777259,-0.3926632067702332,2.881903227771094,2.2891279688500177,0.5927752589210762
S43A11T04,filtered,192,6.4,False,False,0.3433455418305606,0.201095179424718,-0.6959892498012283,-1.241600862502937,0.5456116127017088,0.16178361140135558,0.5637508808825367,-0.4019672694811811,2.8741794040960933,2.2937679779461035,0.5804114261499898
S43A11T04,filtered,193,6.433333333333334,False,False,0.35405161006855124,0.20648143757088788,-0.6991924783099381,-1.2490487014764171,0.549856223166479,0.15361831960248554,0.5637486357788244,-0.4101303161763389,2.8659902547123073,2.2971814254552667,0.5688088292570406
S43A11T04,filtered,194,6.466666666666667,False,False,0.3622058640359831,0.20964751366463652,-0.7019965998270263,-1.2550307548779698,0.5530341550509434,0.1468283119009278,0.5642588923428713,-0.4174305804419435,2.8574424548953696,2.2996716447596612,0.5577708101357084
S43A11T04,filtered,195,6.5,False,False,0.3682537672799504,0.21087843248787563,-0.7044307048840145,-1.2596135536192068,0.5551828487351923,0.14140056352966676,0.5655492286612949,-0.4241486651316281,2.848654079647289,2.301577891243385,0.5470761884039042
S43A11T04,filtered,196,6.533333333333333,False,False,0.37267810680834185,0.21051338662464691,-0.7065271309672592,-1.2629128600658501,0.556385729098591,0.1372568312981815,0.5678022832642882,-0.43054545196610666,2.8397460488878052,2.3032467823023497,0.5364992665854555
S43A11T04,filtered,197,6.566666666666666,False,False,0.37596159990520633,0.208920523728386,-0.7083180936049136,-1.2650828897227049,0.5567647961177913,0.13426109687084822,0.5711041206098676,-0.4368430237390194,2.830833189115262,2.3050035598374867,0.5258296292777751
S43A11T04,filtered,198,6.6,False,False,0.3785537227989348,0.20647293506903686,-0.7098333687728109,-1.2663048170062958,0.5564714482334849,0.13223071631400593,0.5754406920393718,-0.4432099757253658,2.822015894225812,2.3071256723550713,0.5148902218707407
S43A11T04,filtered,199,6.633333333333334,False,False,0.3808440473849289,0.2035273996196414,-0.711099151795578,-1.2667752184590166,0.5556760666634386,0.1309504072039624,0.5807024988858409,-0.4497520916818785,2.813373263370717,2.309820976023977,0.5035522873467402
S43A11T04,filtered,200,6.666666666666667,False,False,0.38314375496712055,0.20040701470516198,-0.7121380953822073,-1.266694987708982,0.5545568923267746,0.13018800592455093,0.5866968908313193,-0.45650888490676833,2.8049584001914445,2.31321244000046,0.4917459601909844
S43A11T04,filtered,201,6.7,False,False,0.38567619159013217,0.19738839254539076,-0.7129704172052288,-1.2662591384733424,0.5532887212681136,0.1297108150983626,0.5931668099259625,-0.4634559948275999,2.7967963025138007,2.3173306435763483,0.4794656589374524
S43A11T04,filtered,202,6.733333333333333,False,False,0.38857638179422643,0.1946936576304268,-0.7136158714872596,-1.2656478034822398,0.5520319319949802,0.12930134070729896,0.5998142700804803,-0.47051292937318134,2.788884485241207,2.3221146266495296,0.4667698585916775
S43A11T04,filtered,203,6.766666666666667,False,False,0.39189845575569143,0.19248707650816077,-0.7140963041880387,-1.2650186450496874,0.5509223408616487,0.1287712900829485,0.6063264895702044,-0.4775551994872559,2.7811961928457047,2.3274208732077017,0.453775319638003
S43A11T04,filtered,204,6.8,False,False,0.3956291486465589,0.19087581904606,-0.7144384614406786,-1.2645008216534146,0.550062360212736,0.1279728588992128,0.6124024060924476,-0.4844295471932347,2.773685800100551,2.333039450371922,0.44064634972862926
S43A11T04,filtered,205,6.833333333333333,False,False,0.3997050543009906,0.18991411059208985,-0.7146766986469271,-1.2641906053187113,0.5495139066717842,0.1268065647717388,0.6177773202462142,-0.49097075547447544,2.7662957944515467,2.3387156703840426,0.4275801240675041
S43A11T04,filtered,206,6.866666666666666,False,False,0.4040312172109203,0.1896098989477566,-0.7148552444405302,-1.2641487135626528,0.5492934691221226,0.12522516881972126,0.6222436336362375,-0.49701846481651624,2.758964598635826,2.344175153754282,0.4147894448815439
S43A11T04,filtered,207,6.9,False,False,0.4084988780646237,0.18993312807418916,-0.7150297091424015,-1.2643993999889704,0.549369690846569,0.12323354207208656,0.6256660497320703,-0.5024325076599837,2.751634438933248,2.3491498923119165,0.4024845466213316
S43A11T04,filtered,208,6.933333333333334,False,False,0.413000632114322,0.19082477006246767,-0.7152675891497857,-1.2649313295487121,0.5496637403989264,0.12088465563360672,0.6279901466582143,-0.5071054910246076,2.7442584960674115,2.3534028618579717,0.3908556342094398
S43A11T04,filtered,209,6.966666666666667,False,False,0.41744179502495243,0.19220589660717358,-0.7156476031377128,-1.2657002373733066,0.5500526342355938,0.11827217569093904,0.6292438542323011,-0.510971678541362,2.736806686564653,2.356748914187972,0.38005777237668115
S43A11T04,filtered,210,7.0,False,False,0.42174731270075855,0.19398624286023347,-0.7162577979013428,-1.2666333246002441,0.5503755266989013,0.11552040108658412,0.6295320089457119,-0.5140116078591278,2.7292695968685643,2.3590700667661157,0.37019953010244855
S43A11T04,filtered,211,7.033333333333333,False,False,0.425864059354988,0.1960718993050654,-0.7171924748223979,-1.2676352748188977,0.5504427999964998,0.11277246956507785,0.6290247576571943,-0.5162522880921165,2.72166030617622,2.360323868392732,0.3613364377834878
S43A11T04,filtered,212,7.066666666666666,False,False,0.4297588292424538,0.19837193231918082,-0.7185481047034987,-1.2685956798233067,0.550047575119808,0.11017786156334274,0.6279410794689992,-0.5177632179056565,2.714014056377219,2.3605442007696595,0.3534698556075595
S43A11T04,filtered,213,7.1,False,False,0.4334127366704718,0.20080385887283003,-0.7204185100537753,-1.2693975484089388,0.5489790383551635,0.10788023824001045,0.6265290551368365,-0.5186488168968261,2.706385927811733,2.3598346187913375,0.3465513090203953
S43A11T04,filtered,214,7.133333333333334,False,False,0.4368130854106816,0.2032979727268709,-0.7228896894438601,-1.2699264481971322,0.5470367587532721,0.10600656393361972,0.6250447104870527,-0.5190381465534329,2.6988468330452777,2.358355069741555,0.34049176330372255
S43A11T04,filtered,215,7.166666666666667,False,False,0.4399440345472216,0.20580053800430465,-0.7260347271147869,-1.2700797144834866,0.5440449873686997,0.10465829352100878,0.623731287880327,-0.5190729943593182,2.691478233919287,2.3563034937760774,0.3351747401432097
S43A11T04,filtered,216,7.2,False,False,0.44277755254479395,0.20827584288754064,-0.7299092619165845,-1.2697750721409724,0.539865810224388,0.10390517258477223,0.6228006668667705,-0.5188954942819982,2.6843660196000694,2.3538943283949623,0.3304716912051071
S43A11T04,filtered,217,7.233333333333333,False,True,0.4452661960016021,0.21070706320412325,-0.7345479744191455,-1.2689579776419153,0.5344100032227698,0.10378192973501384,0.622418384064525,-0.5186364543295111,2.677593967193129,2.351336260965669,0.3262577062274601
S43A11T04,filtered,218,7.266666666666667,False,False,0.44733915718191336,0.2130958495595463,-0.7399624855000521,-1.2676070158083708,0.5276445303083187,0.1042878654874067,0.6226933246584054,-0.5184054591709988,2.6712371617407427,2.348811655452002,0.32242550628874067
S43A11T04,filtered,219,7.3,False,False,0.44890277741113843,0.21546054747448906,-0.7461409456794181,-1.2657367895172478,0.5195958438378296,0.10538908926770356,0.6236727109677925,-0.518283621700089,2.665355701244757,2.346459905028796,0.31889579621596065
S43A11T04,filtered,220,7.333333333333333,False,False,0.4498463038645836,0.21783300450860343,-0.7530494406676198,-1.2633979185978315,0.5103484779302117,0.10702294929654158,0.6253425365321259,-0.5183195872355844,2.6599889728515227,2.3443665408158276,0.31562243203569507
S43A11T04,filtered,221,7.366666666666666,False,False,0.45005306540688916,0.22025401595090077,-0.7606351604174325,-1.260674002825495,0.5000388424080625,0.10910405621222796,0.6276331258686304,-0.5185290696564024,2.655150767685567,2.3425592957258816,0.3125914719596854
S43A11T04,filtered,222,7.4,False,False,0.4494164739641087,0.22276760205361956,-0.768831096825236,-1.2576756793602886,0.4888445825350526,0.11153122915071718,0.6304290770277103,-0.5188978478769931,2.650825502166872,2.341011543345201,0.30981395882167106
S43A11T04,filtered,223,7.433333333333334,False,False,0.4478593799957484,0.22541447403878245,-0.77756187143352,-1.2545321871622162,0.4769703157286962,0.11419469352574446,0.6335824991772891,-0.5193878056515446,2.6469658212612908,2.339652685772851,0.30731313548843975
S43A11T04,filtered,224,7.466666666666667,False,False,0.44535443791358825,0.228225205033455,-0.7867501694048413,-1.2513811083856687,0.4646309389808274,0.11698292675398182,0.6369282179016847,-0.5199452911477029,2.643491856424276,2.3383842433534374,0.30510761307083856
S43A11T04,filtered,225,7.5,False,False,0.44194243765307684,0.23121374613468793,-0.7963231844035403,-1.248357160930214,0.45203397652667365,0.11978866939239921,0.6402995056330837,-0.5205108362406845,2.640292380190984,2.3370996967688504,0.3031926834221337
S43A11T04,filtered,226,7.533333333333333,False,False,0.4377452376600085,0.23437199181242518,-0.80621846768882,-1.2455810444838704,0.4393625767950504,0.12251377720693862,0.6435429116418174,-0.5210291344348787,2.637228027810538,2.3357056330624992,0.30152239474803855
S43A11T04,filtered,227,7.566666666666666,False,False,0.4329702041400549,0.2376660861769233,-0.8163886223176878,-1.2431493792436812,0.42676075692599336,0.12507276317261456,0.6465309107485471,-0.5214581475759326,2.63413664033201,2.3341415185029346,0.2999951218290753
S43A11T04,filtered,228,7.6,False,False,0.4279040860101912,0.24103506572320899,-0.8268043816305224,-1.2411267146776237,0.4143223330471013,0.1273950438070529,0.6491713454980752,-0.5217763016910223,2.630840629648123,2.332395502245136,0.2984451274029869
S43A11T04,filtered,229,7.633333333333334,False,False,0.422896061879477,0.24439225805989473,-0.8374557473750903,-1.2395404258287526,0.40208467845366225,0.1294260390276884,0.6514129757952898,-0.5219869367676013,2.627156089630421,2.3305140514034397,0.29664203822698143
S43A11T04,filtered,230,7.666666666666667,False,False,0.41833204562969095,0.2476296109592806,-0.8483510222940527,-1.2383790654408537,0.39002804314680106,0.13112736129659938,0.6532468389045711,-0.5221194776079717,2.6229031997498407,2.3286038996260974,0.2942993001237433
S43A11T04,filtered,231,7.7,False,False,0.41460460928700027,0.25062482967847877,-0.8595137407843866,-1.2375944185825674,0.3780806777981808,0.13247635930048415,0.6547035241825769,-0.5222271648820928,2.617917311069763,2.326825691224821,0.29109161984494225
S43A11T04,filtered,232,7.733333333333333,False,False,0.41208411054011307,0.25325087682858705,-0.8709776679411911,-1.2371071378993435,0.3661294699581523,0.13346525594252936,0.6558468444540062,-0.5223815885114769,2.612059989392146,2.3253797249357477,0.28668026445639816
S43A11T04,filtered,233,7.766666666666667,False,False,0.4110958562732892,0.25538706819733825,-0.8827801939938922,-1.2368154555937407,0.35403526159984855,0.13410005295539743,0.6567647065153204,-0.522664653559923,2.6052292315108443,2.324485228032903,0.2807440034779414
S43A11T04,filtered,234,7.8,False,False,0.4119051670871039,0.25693071627849484,-0.8949545928130281,-1.2366061126569992,0.341651519843971,0.13439928591966863,0.6575582193842993,-0.5231589334646306,2.597368076111744,2.3243554958770964,0.2730125802346475
S43A11T04,filtered,235,7.833333333333333,False,False,0.41470812646845984,0.2578080726909162,-0.9075217357686299,-1.236366360168958,0.32884462440032813,0.1343926279905097,0.6583302102487261,-0.5239375822582164,2.5884709020542447,2.3251718908061627,0.26329901124808197
S43A11T04,filtered,236,7.866666666666666,False,False,0.4196228625278661,0.25798324512090853,-0.9204819501379837,-1.2359957141884137,0.31551376405042997,0.13411927990869932,0.6591743327301214,-0.5250550528214221,2.5785868385502972,2.327060002318178,0.25152683623211924
S43A11T04,filtered,237,7.9,False,False,0.4266766149519866,0.2574638530119693,-0.9338077754046031,-1.2354161209443855,0.30160834553978233,0.13362606238715177,0.6601658479476937,-0.5265397855605419,2.567819894016432,2.3300711558771363,0.23774873813929576
S43A11T04,filtered,238,7.933333333333334,False,False,0.4357880392048433,0.25630246286679625,-0.9474383885025902,-1.234579335641397,0.2871409471388068,0.13296514908298823,0.6613549446610618,-0.5283897955780736,2.556325629074434,2.3341718970231664,0.22215373205126765
S43A11T04,filtered,239,7.966666666666667,False,False,0.44675010733547155,0.25459330527420687,-0.9612764261070752,-1.2334706385095688,0.27219421240249364,0.13219143800586322,0.662763160675083,-0.5305717226692198,2.5443044375642594,2.3392431087586907,0.2050613288055687
S43A11T04,filtered,240,8.0,False,False,0.45922296407582336,0.25246438051426145,-0.9751878160491895,-1.2321084801764641,0.25692066412727466,0.1313596419754497,0.6643831051688083,-0.5330234631933586,2.5319917398061267,2.3450891497942354,0.18690259001189125
S43A11T04,filtered,241,8.033333333333333,True,False,0.4727454158101626,0.25006572549192096,-0.9890050338301254,-1.2305402070059852,0.24153517317585982,0.13052126561832092,0.666181301807568,-0.5356600361892471,2.519645618632659,2.351456001174909,0.16818961745775018
