trial,mode,frame0,nominal_time_s,raw_review_flag,raw_repeated_previous,foot_separation_camera_xz_m,foot_separation_camera_x_m,com_camera_x_m,foot_midpoint_camera_x_m,com_relative_to_foot_midpoint_camera_x_m,com_camera_y_m,foot_midpoint_camera_y_m,com_relative_to_foot_midpoint_camera_y_m,com_camera_z_m,foot_midpoint_camera_z_m,com_relative_to_foot_midpoint_camera_z_m
S43A13T01,raw,0,0.0,False,False,0.2607400951356028,0.22193461990356447,0.0750185970520464,0.14336850547790528,-0.06834990842585888,-0.22610201470411356,0.7277896728515625,-0.953891687555676,2.901035633336068,2.9016270751953126,-0.0005914418592447568
S43A13T01,raw,1,0.03333333333333333,False,False,0.267545993272579,0.22938504219055175,0.07551821609176114,0.14541337490081788,-0.06989515880905674,-0.22683309521534403,0.7161548461914062,-0.9429879414067502,2.8995618056182524,2.8994521484374998,0.00010965718075262032
S43A13T01,raw,2,0.06666666666666667,False,False,0.25206924716934853,0.20976365280151366,0.07648082129803092,0.15662595558166503,-0.08014513428363411,-0.228608384953069,0.71309326171875,-0.941701646671819,2.9001373562257884,2.89977099609375,0.00036636013203850126
S43A13T01,raw,3,0.1,False,False,0.23559337597987437,0.19603129959106444,0.07620096770853185,0.1537320156097412,-0.07753104790120935,-0.2239819561699249,0.7278737182617188,-0.9518556744316437,2.9006372689530036,2.8945533447265626,0.006083924226440995
S43A13T01,raw,4,0.13333333333333333,False,False,0.2474353262172568,0.20561342239379882,0.07573552138231696,0.15600160789489745,-0.08026608651258049,-0.22660770822592607,0.7204409484863281,-0.9470486567122542,2.900220897997329,2.8985400390625005,0.0016808589348284997
S43A13T01,raw,5,0.16666666666666666,False,False,0.2501862237844175,0.20774885940551757,0.0756113624912658,0.15281157493591307,-0.07720021244464728,-0.22619569249449395,0.7239222717285156,-0.9501179642230095,2.9000134529259034,2.89733447265625,0.002678980269653408
S43A13T01,raw,6,0.2,False,False,0.257808606477219,0.21636189270019535,0.07607709464109799,0.15407903289794922,-0.07800193825685123,-0.22885584829669464,0.7147207946777344,-0.943576642974429,2.8986465791741294,2.899984130859375,-0.0013375516852454084
S43A13T01,raw,7,0.23333333333333334,False,False,0.25778945265011427,0.21342468643188478,0.075759215241948,0.14680021476745606,-0.07104099952550806,-0.22675070252786086,0.7303667602539063,-0.9571174627817672,2.898172654826796,2.9027650146484376,-0.004592359821641523
S43A13T01,raw,8,0.26666666666666666,False,False,0.24461257075991952,0.20696063232421877,0.07633603071211363,0.14692982482910158,-0.07059379411698795,-0.22807624948282804,0.7197359619140625,-0.9478122113968905,2.898742383421297,2.887097412109375,0.011644971311921992
S43A13T01,raw,9,0.3,False,False,0.24384860902610642,0.20283678054809573,0.07523525455792852,0.1503329372406006,-0.07509768268267207,-0.22742019012911363,0.7228726196289063,-0.9502928097580199,2.898116584755609,2.894241455078125,0.003875129677484157
S43A13T01,raw,10,0.3333333333333333,False,False,0.24989848592401911,0.2069794731140137,0.07559069789193304,0.14900904273986817,-0.07341834484793514,-0.22607187898547493,0.7254169311523437,-0.9514888101378187,2.896021489125759,2.896141845703125,-0.00012035657736575445
S43A13T01,raw,11,0.36666666666666664,False,False,0.2523475205857883,0.21150523376464841,0.07583417176310081,0.1495034408569336,-0.07366926909383278,-0.22653110633023085,0.7224460754394532,-0.948977181769684,2.897530393043846,2.89597705078125,0.001553342262595958
S43A13T01,raw,12,0.4,False,False,0.24484359855042484,0.20659592437744143,0.07550035648150168,0.14726617050170898,-0.0717658140202073,-0.22625430964175408,0.7266551208496094,-0.9529094304913635,2.8973384815638648,2.892129516601562,0.005208964962302609
S43A13T01,raw,13,0.43333333333333335,False,False,0.2424020398016979,0.20379824447631834,0.07604819048777627,0.14947735786437988,-0.07342916737660361,-0.2262805168555174,0.7257588500976562,-0.9520393669531736,2.896497784359095,2.89324462890625,0.0032531554528452133
S43A13T01,raw,14,0.4666666666666667,False,False,0.245870088215865,0.207940803527832,0.07433479101756173,0.14954887008666992,-0.0752140790691082,-0.22423305632159626,0.7271689758300781,-0.9514020321516744,2.894767736272612,2.888292236328125,0.006475499944487151
S43A13T01,raw,15,0.5,False,False,0.24627970775314229,0.20528667068481446,0.07502498947957531,0.15304009056091308,-0.07801510108133777,-0.22664380466382394,0.7211575012207031,-0.947801305884527,2.894906142589254,2.8950718994140625,-0.00016575682480857168
S43A13T01,raw,16,0.5333333333333333,False,False,0.24535191916465093,0.20636097717285154,0.07519037076182211,0.14984447479248048,-0.07465410403065836,-0.22644100337956383,0.7244084167480469,-0.9508494201276108,2.893904741436605,2.894500732421875,-0.0005959909852699674
S43A13T01,raw,17,0.5666666666666667,False,False,0.2596742724324242,0.21871049880981447,0.07536786970131068,0.14722629356384279,-0.0718584238625321,-0.22596853910302966,0.7296797180175781,-0.9556482571206077,2.8945252066162483,2.90917919921875,-0.014653992602501553
S43A13T01,raw,18,0.6,False,False,0.25106350050836373,0.21459517288208002,0.0746778924937888,0.14804167747497557,-0.07336378498118677,-0.2261880574836503,0.7266203002929688,-0.9528083577766191,2.893492088279703,2.9007415771484375,-0.007249488868734666
S43A13T01,raw,19,0.6333333333333333,False,False,0.24042987602803012,0.2051210708618164,0.07550192546091124,0.14288952255249024,-0.067387597091579,-0.22598791633355508,0.7229970397949219,-0.948984956128477,2.8923944308863656,2.891008056640625,0.001386374245740729
S43A13T01,raw,20,0.6666666666666666,False,False,0.24092525404206752,0.20558511352539063,0.07548311059859719,0.14323789978027346,-0.06775478918167627,-0.22598337671471588,0.7229753723144532,-0.9489587490291691,2.8923962894308772,2.8908717041015626,0.0015245853293146538
S43A13T01,raw,21,0.7,False,False,0.24017144422982922,0.20372222137451174,0.07509082794990081,0.1443883857727051,-0.06929755782280429,-0.2249211131748981,0.7233113403320313,-0.9482324535069293,2.8917514237185538,2.8895291748046876,0.0022222489138661317
S43A13T01,raw,22,0.7333333333333333,False,False,0.24719082706455656,0.20510878372192384,0.07510514774047379,0.14963283348083498,-0.07452768574036119,-0.22518663492977503,0.7242002868652344,-0.9493869217950095,2.8915203531815243,2.8929998779296877,-0.0014795247481633744
S43A13T01,raw,23,0.7666666666666667,False,False,0.2559556929503126,0.21233782577514645,0.07508782379758254,0.14745495796203612,-0.07236713416445358,-0.22619881908975473,0.7272872924804688,-0.9534861115702234,2.890776890369862,2.904104736328125,-0.013327845958262863
S43A13T01,raw,24,0.8,False,False,0.24300962088602582,0.20629845428466798,0.07486078508361382,0.14695984268188478,-0.07209905759827095,-0.2243878732603131,0.7232723388671876,-0.9476602121275006,2.891112304418221,2.8901763916015626,0.0009359128166583908
S43A13T01,raw,25,0.8333333333333334,False,False,0.2477070227276504,0.21013216400146487,0.0751688293242682,0.14373657608032225,-0.06856774675605405,-0.22517916318501452,0.7237052307128906,-0.9488843938979051,2.8896123508265816,2.887206298828125,0.002406051998456782
S43A13T01,raw,26,0.8666666666666667,False,False,0.2582459632900992,0.21900356292724607,0.07441535929644522,0.1443782386779785,-0.06996287938153328,-0.22568920608339885,0.7231739501953125,-0.9488631562787113,2.8902321760242864,2.8927501220703125,-0.002517946046026065
S43A13T01,raw,27,0.9,False,False,0.2501229014461557,0.20965876770019531,0.07495171007952867,0.14251737213134766,-0.06756566205181899,-0.22455944827728444,0.7247877197265625,-0.949347168003847,2.8882016569842976,2.892044189453125,-0.0038425324688273754
S43A13T01,raw,28,0.9333333333333333,False,False,0.2527865822224009,0.2123991241455078,0.0747492576138503,0.145476936340332,-0.07072767872648171,-0.22593219343687979,0.7203762817382813,-0.946308475175161,2.8863817689178393,2.8934339599609373,-0.007052191043098066
S43A13T01,raw,29,0.9666666666666667,False,False,0.2606233191662819,0.22142782211303713,0.07489893354346017,0.14726707649230958,-0.07236814294884941,-0.22491969350599464,0.7319978637695312,-0.9569175572755259,2.8879846063501082,2.9022630615234375,-0.014278455173329263
S43A13T01,raw,30,1.0,False,False,0.25790101592720605,0.21989376068115235,0.07555623241836866,0.14680385208129884,-0.07124761966293018,-0.224331233346984,0.7280166931152343,-0.9523479264622183,2.8877568925361574,2.899953857421875,-0.01219696488571742
S43A13T01,raw,31,1.0333333333333334,False,False,0.24961316639588824,0.21446756744384765,0.07511595953057043,0.14469889450073242,-0.06958293497016199,-0.22446433701581658,0.7239406127929688,-0.9484049498087854,2.886692425948186,2.8862039794921874,0.000488446455998659
S43A13T01,raw,32,1.0666666666666667,False,False,0.2506750872200363,0.2146473922729492,0.07515553219990358,0.14467877578735353,-0.06952324358744995,-0.2243449914248405,0.7240605468750001,-0.9484055382998406,2.886638517495524,2.8870926513671877,-0.00045413387166393093
S43A13T01,raw,33,1.1,False,False,0.25930606890212293,0.22203247833251952,0.07572812393295668,0.14203358078002928,-0.0663054568470726,-0.2230616189864083,0.7305145874023438,-0.9535762063887521,2.8863530599417757,2.899562744140625,-0.01320968419884938
S43A13T01,raw,34,1.1333333333333333,False,False,0.25786831858616494,0.22260490036010744,0.07593182456688119,0.14251374244689943,-0.06658191788001824,-0.2233952143579782,0.729951171875,-0.9533463862329783,2.8862793401164684,2.8969757080078127,-0.010696367891344316
S43A13T01,raw,35,1.1666666666666667,False,False,0.2577561590937534,0.22258284950256352,0.07593284914123219,0.14244548320770264,-0.06651263406647046,-0.2234080185123884,0.7299591064453126,-0.9533671249577009,2.886277745973889,2.8970367431640627,-0.010758997190173591
S43A13T01,raw,36,1.2,False,True,0.2577561590937534,0.22258284950256352,0.07593284914123219,0.14244548320770264,-0.06651263406647046,-0.2234080185123884,0.7299591064453126,-0.9533671249577009,2.886277745973889,2.8970367431640627,-0.010758997190173591
S43A13T01,raw,37,1.2333333333333334,False,False,0.2577641301002557,0.22258495140075685,0.07593301293304373,0.14244762134552003,-0.06651460841247629,-0.2234087729559025,0.7299590759277343,-0.9533678488836368,2.8862776044747935,2.897046752929688,-0.010769148454894406
S43A13T01,raw,38,1.2666666666666666,False,False,0.26071378483314495,0.2218081703186035,0.07775182190768501,0.14337350273132324,-0.06562168082363823,-0.2254250746340885,0.7301072387695313,-0.9555323134036198,2.885693386920162,2.8962503662109373,-0.01055697929077537
S43A13T01,raw,39,1.3,False,False,0.2601531138861151,0.2249921588897705,0.07842084071023744,0.14022022914886476,-0.06179938843862731,-0.2251701680667258,0.7315125122070313,-0.9566826802737571,2.8875037635238527,2.89340625,-0.005902486476147217
S43A13T01,raw,40,1.3333333333333333,False,False,0.2597606438317186,0.22702812385559082,0.07828547849966741,0.13982955074310302,-0.06154407224343561,-0.22393521213971102,0.7255699157714843,-0.9495051279111953,2.887937292132919,2.8904793701171876,-0.0025420779842684205
S43A13T01,raw,41,1.3666666666666667,False,False,0.2630724142862963,0.22625901794433595,0.07894472754256845,0.13903220367431643,-0.060087476131747974,-0.2250159584892224,0.7283100280761718,-0.9533259865653942,2.8856913512099696,2.8894229736328128,-0.003731622422843195
S43A13T01,raw,42,1.4,False,False,0.2656661068211331,0.2285971355438233,0.07870975552537081,0.14081828403472904,-0.06210852850935823,-0.2249186070393029,0.7298751525878906,-0.9547937596271935,2.8863749623017427,2.8915206298828124,-0.005145667581069713
S43A13T01,raw,43,1.4333333333333333,False,False,0.26833506326302303,0.23014161682128909,0.07955273428982193,0.1407548599243164,-0.06120212563449448,-0.22549394483705004,0.7297329711914062,-0.9552269160284563,2.8859056709838464,2.8976805419921874,-0.011774871008340959
S43A13T01,raw,44,1.4666666666666666,False,False,0.26754926569337134,0.23001741790771485,0.0800106760730758,0.14244633865356446,-0.06243566258048866,-0.225113563482088,0.7287371520996093,-0.9538507155816973,2.886387384035616,2.8950069580078126,-0.008619573972196815
S43A13T01,raw,45,1.5,False,False,0.2670969967722291,0.22897097396850588,0.0782884796789682,0.1422650318145752,-0.063976552135607,-0.22520982598652728,0.7321798706054687,-0.957389696591996,2.885077801760338,2.89745166015625,-0.012373858395911874
S43A13T01,raw,46,1.5333333333333334,False,False,0.26499466640938923,0.22788634490966797,0.07853050912065761,0.14015324783325195,-0.06162273871259434,-0.22531344548048068,0.7321767578125,-0.9574902032929807,2.883004089915945,2.893942016601563,-0.010937926685617771
S43A13T01,raw,47,1.5666666666666667,False,False,0.26688555497900035,0.22683372497558596,0.07763760642458668,0.14560391998291017,-0.06796631355832349,-0.22649044001745877,0.7275776062011718,-0.9540680462186306,2.8830681860853318,2.8920433349609374,-0.008975148875605576
S43A13T01,raw,48,1.6,False,False,0.2654200292203001,0.22509280395507816,0.07594959260592114,0.1424867858886719,-0.06653719328275075,-0.2240582881014368,0.7314023132324219,-0.9554606013338587,2.878859495666462,2.898240234375,-0.019380738708537848
S43A13T01,raw,49,1.6333333333333333,False,False,0.2658087846182238,0.22364398193359375,0.07460123241936618,0.14382479858398436,-0.06922356616461818,-0.22495213160499955,0.7328815002441407,-0.9578336318491403,2.877464385545356,2.90116650390625,-0.023702118360894087
S43A13T01,raw,50,1.6666666666666667,False,False,0.26116700561042466,0.21494442367553712,0.07121276093596968,0.14566469001770022,-0.07445192908173054,-0.22315393527209113,0.7288170776367188,-0.9519710129088099,2.8739965019205584,2.899413940429688,-0.025417438509129475
S43A13T01,raw,51,1.7,False,False,0.27219836292327076,0.2233160820007324,0.06888896694888777,0.1584650058746338,-0.08957603892574603,-0.22477729873955996,0.7222247009277344,-0.9470019996672944,2.872341272420538,2.899243896484375,-0.02690262406383681
S43A13T01,raw,52,1.7333333333333334,False,False,0.26833751411941476,0.21228811264038083,0.06511448703335454,0.1569312915802002,-0.09181680454684565,-0.22913874923651084,0.7187595520019532,-0.9478983012384641,2.867247776045989,2.90534375,-0.038095973954010987
S43A13T01,raw,53,1.7666666666666666,False,False,0.26512431501298256,0.20775024414062498,0.06133545448987571,0.15347250366210938,-0.09213704917223367,-0.22857390452983906,0.7219321899414063,-0.9505060944712453,2.863550053487594,2.901950805664063,-0.03840075217646888
S43A13T01,raw,54,1.8,False,False,0.26576667341990645,0.20680630874633787,0.05493102289185802,0.14699548149108888,-0.09206445859923085,-0.22853443622604852,0.7290487976074219,-0.9575832338334704,2.860602411593958,2.8983537597656253,-0.03775134817166714
S43A13T01,raw,55,1.8333333333333333,False,False,0.28669807508869566,0.19805329513549805,0.049595775992009726,0.15278589820861815,-0.10319012221660842,-0.22873099487457876,0.7243320617675781,-0.953063056642157,2.854211317331879,2.8763392333984377,-0.02212791606655884
S43A13T01,raw,56,1.8666666666666667,False,False,0.2741299044445416,0.1923774948120117,0.04192706474274853,0.15323205947875976,-0.11130499473601123,-0.22723717968811732,0.72623828125,-0.9534754609381173,2.847969008464558,2.8918807373046875,-0.043911728840129616
S43A13T01,raw,57,1.9,False,False,0.2730514812788615,0.19092654800415038,0.035055900614432735,0.15822816276550292,-0.12317226215107019,-0.2248099413982028,0.7244907531738282,-0.9493006945720309,2.8438003871258952,2.8979820556640625,-0.054181668538167305
S43A13T01,raw,58,1.9333333333333333,False,False,0.26167842540333497,0.18334738922119143,0.028969904895713015,0.16216999435424806,-0.13320008945853504,-0.22638979950953944,0.7225674133300781,-0.9489572128396175,2.8410028991352556,2.8945947265625,-0.05359182742724444
S43A13T01,raw,59,1.9666666666666666,False,False,0.27466974394530314,0.19102973556518554,0.01942634008348593,0.15765871620178223,-0.1382323761182963,-0.22393660619026143,0.7239415283203126,-0.947878134510574,2.8318461216344053,2.9013208007812503,-0.06947467914684502
S43A13T01,raw,60,2.0,False,False,0.25868569883453013,0.18185731506347658,0.009294360539687385,0.15575882720947268,-0.1464644666697853,-0.22155077672111073,0.7222220764160157,-0.9437728531371263,2.819450508559909,2.9064627685546878,-0.08701225999477868
S43A13T01,raw,61,2.033333333333333,False,False,0.24044812957124864,0.16840948486328128,-0.0023956939742923286,0.15899412536621094,-0.16138981934050325,-0.21780878851923835,0.7171434936523438,-0.9349522821715821,2.814208693222384,2.889813354492188,-0.07560466126980359
S43A13T01,raw,62,2.066666666666667,False,False,0.23855900711204053,0.16354080963134765,-0.010260497705074732,0.16510229110717775,-0.17536278881225248,-0.21420606801965086,0.7194695129394532,-0.933675580959104,2.8092727260553203,2.89718408203125,-0.0879113559759297
S43A13T01,raw,63,2.1,False,False,0.2409924710375115,0.1671573028564453,-0.02205872585755642,0.16016936492919923,-0.18222809078675564,-0.21135743918773137,0.7224942932128906,-0.9338517324006219,2.800697434842859,2.909069580078125,-0.10837214523526617
S43A13T01,raw,64,2.1333333333333333,False,False,0.22563766803173374,0.15056198883056643,-0.035750847556419094,0.17375410079956055,-0.20950494835597966,-0.2077152363533818,0.7230638427734375,-0.9307790791268193,2.7924029535128376,2.9157396240234377,-0.12333667051060004
S43A13T01,raw,65,2.1666666666666665,False,False,0.20857951548291928,0.12937521362304688,-0.04802490629261287,0.178209716796875,-0.22623462308948789,-0.2046761084501905,0.7196917419433594,-0.9243678503935499,2.7862629666934127,2.906759399414063,-0.12049643272065014
S43A13T01,raw,66,2.2,False,False,0.21883933098536426,0.13537033081054686,-0.06389403354393376,0.18358218383789066,-0.2474762173818244,-0.19640020303354766,0.7183791198730469,-0.9147793229065946,2.7752391048939513,2.917853271484375,-0.1426141665904237
S43A13T01,raw,67,2.2333333333333334,False,False,0.21345466012603764,0.13682323455810547,-0.08052550265949006,0.18275409317016603,-0.2632795958296561,-0.18500514354772563,0.7178468933105469,-0.9028520368582724,2.767710693613038,2.9083590087890627,-0.14064831517602494
S43A13T01,raw,68,2.2666666666666666,False,False,0.217724936526396,0.13881311798095702,-0.09365539622767217,0.18467075729370117,-0.27832615352137335,-0.17489888324032798,0.7198965759277344,-0.8947954591680624,2.7600503683266084,2.9120574951171876,-0.15200712679057915
S43A13T01,raw,69,2.3,False,False,0.2121901453950532,0.13157878112792967,-0.1119121732419509,0.19467240142822267,-0.3065845746701736,-0.16373697358460054,0.716916259765625,-0.8806532333502255,2.751201144759578,2.913251708984375,-0.1620505642247969
S43A13T01,raw,70,2.3333333333333335,False,False,0.21176779951022057,0.12769224548339847,-0.12706898159771254,0.19462674713134767,-0.3216957287290602,-0.14909455532179833,0.7163473815917969,-0.8654419369135953,2.741680482758486,2.9188951416015625,-0.1772146588430763
S43A13T01,raw,71,2.3666666666666667,False,False,0.20919541771943628,0.13599374389648436,-0.15268227991365388,0.19720875549316408,-0.349891035406818,-0.12720599933578597,0.718194580078125,-0.845400579413911,2.7249576680199126,2.923493408203125,-0.19853574018321263
S43A13T01,raw,72,2.4,False,False,0.215771436418615,0.13832278442382814,-0.17664668902573805,0.2097944793701172,-0.38644116839585524,-0.11162976778818225,0.7234993286132814,-0.8351290964014636,2.716113534535421,2.917680297851563,-0.20156676331614198
S43A13T01,raw,73,2.433333333333333,False,False,0.18504417831213363,0.092038818359375,-0.19788631236053228,0.23471615600585938,-0.43260246836639166,-0.08993516226164829,0.707592498779297,-0.7975276610409453,2.7059337710954936,2.9432987060546876,-0.23736493495919397
S43A13T01,raw,74,2.466666666666667,False,False,0.12742855597557315,0.10422361755371096,-0.2250204186856677,0.251682014465332,-0.4767024331509997,-0.06544715121514824,0.6783919372558593,-0.7438390884710075,2.690922531400738,2.9475284423828123,-0.2566059109820742
S43A13T01,raw,75,2.5,False,False,0.1286670395633356,0.09289868164062501,-0.25756402970253,0.2476807556152344,-0.5052447853177644,-0.03644605270330802,0.6759680786132813,-0.7124141313165894,2.6789880543399804,2.9530013427734376,-0.2740132884334572
S43A13T01,raw,76,2.533333333333333,False,False,0.21309003343249033,0.13512113189697267,-0.29535942724482583,0.19118122482299807,-0.48654065206782393,0.00586185478751595,0.7033660888671875,-0.6975042340796715,2.6563957662191604,2.937083740234375,-0.2806879740152146
S43A13T01,raw,77,2.566666666666667,False,False,0.22314343785893748,0.05804988098144534,-0.3321293201830626,0.24243230438232422,-0.5745616245653868,0.046824531226313984,0.6662692871093749,-0.6194447558830609,2.6395039886038316,2.8891657714843753,-0.24966178288054364
S43A13T01,raw,78,2.6,False,False,0.23810049763708915,0.0009423522949218444,-0.35986798430527045,0.25821507263183596,-0.6180830569371064,0.09416448813819216,0.66116015625,-0.5669956681118079,2.624345270981195,2.87271875,-0.24837347901880502
S43A13T01,raw,79,2.6333333333333333,True,False,0.06423752662630697,0.04269165039062506,-0.3872783542891271,0.23324671936035157,-0.6205250736494787,0.15250612889831225,0.6450131225585938,-0.4925069936602815,2.6192622878492,2.985931030273438,-0.36666874242423786
S43A13T01,raw,80,2.6666666666666665,False,False,0.17470818088118054,0.12590252685546874,-0.43015125581751584,0.20650280761718748,-0.6366540634347033,0.2086049307860991,0.6718189697265625,-0.4632140389404634,2.5987781018742546,2.93035546875,-0.33157736687574557
S43A13T01,raw,81,2.7,False,False,0.18764746424929363,0.1369021911621094,-0.47034333687449925,0.1824156494140625,-0.6527589862885618,0.27649395158254675,0.6614506225585938,-0.384956670976047,2.582917160853596,2.927359130859375,-0.34444197000577903
S43A13T01,raw,82,2.7333333333333334,False,False,0.21499836101475578,0.19040332031249999,-0.5343599313943247,0.15759933471679688,-0.6919592661111216,0.3188310081117909,0.6477551879882812,-0.32892417987649036,2.5588159919530384,2.9268963623046877,-0.3680803703516493
S43A13T01,raw,83,2.7666666666666666,True,False,0.14611585639802002,0.09232014465332032,-0.642484969805246,-0.15935980987548828,-0.4831251599297578,0.434067742240019,0.9167166748046875,-0.48264893256466856,2.5058815044447513,2.8942572021484376,-0.3883756977036863
S43A13T01,raw,84,2.8,True,False,0.14455170392985572,0.08453283691406249,-0.7260066465434679,-0.3168668823242188,-0.40913976421924914,0.33290984327910933,0.48455328369140627,-0.15164344041229694,2.525513788499856,3.061823974609375,-0.5363101861095187
S43A13T01,raw,85,2.8333333333333335,True,False,0.28417628443917087,0.21602686500549315,-0.652855842845043,0.0772470350265503,-0.7301028778715933,0.3796002183461977,0.5224158477783203,-0.14281562943212256,2.5499435476023242,3.03291845703125,-0.48297490942892596
S43A13T01,raw,86,2.8666666666666667,False,False,0.2528191351082638,0.1881534423828125,-0.6631486134462145,0.06560952758789063,-0.7287581410341051,0.371943421086766,0.5145066833496094,-0.14256326226284338,2.5483482848797876,3.057260498046875,-0.5089122131670876
S43A13T01,raw,87,2.9,True,False,0.07371650237513985,0.052604106903076174,-0.6834385880271083,0.08312752723693848,-0.7665661152640468,0.33012473903935874,0.30013467407226563,0.02999006496709311,2.4856508696335995,2.9245875244140622,-0.43893665478046273
S43A13T01,raw,88,2.933333333333333,True,False,0.02161780941299519,0.020129737854003918,-0.6972314866995164,0.08667584609985352,-0.78390733279937,0.29183604981399086,0.24456361389160158,0.04727243592238928,2.5234869267215,2.93950341796875,-0.41601649124724993
S43A13T01,raw,89,2.966666666666667,True,False,0.021822038205237985,0.014992481231689454,-0.7040075266814606,0.058767850875854497,-0.7627753775573151,0.27464288018072675,0.15483844757080079,0.11980443260992596,2.5115288572418666,2.93118896484375,-0.4196601076018833
S43A13T01,raw,90,3.0,False,False,0.04806530539475342,0.03808834075927734,-0.7082366491548636,0.05072207260131836,-0.758958721756182,0.27119972308830137,0.1656620063781738,0.10553771671012757,2.5150225045874803,2.9307464599609374,-0.4157239553734571
S43A13T01,raw,91,3.033333333333333,True,False,0.07591462160259038,0.0020308933258056626,-0.7255509856721216,0.016934119224548343,-0.74248510489667,0.24664844170059613,0.03557948684692383,0.2110689548536723,2.52733900303839,2.9555753173828125,-0.42823631434442255
S43A13T01,raw,92,3.066666666666667,True,False,0.08038127313732435,0.07976702404022216,-0.7434062557744306,-0.0407028374671936,-0.702703418307237,0.23633922837061755,-0.05752607727050782,0.29386530564112534,2.5078002292321173,2.8818487548828124,-0.37404852565069513
S43A13T01,raw,93,3.1,True,False,0.030038428098860454,0.029866634368896493,-0.7433439131312526,-0.048937082290649414,-0.6944068308406032,0.23651395916861961,-0.049425973892211914,0.28593993306083154,2.506110062956876,2.866494384765625,-0.3603843218087488
S43A13T01,raw,94,3.1333333333333333,False,False,0.04681849221828999,0.046760620117187505,-0.7467788969131082,-0.06059429168701172,-0.6861846052260965,0.23947832851986878,-0.07149448966979981,0.3109728181896686,2.5078410072888495,2.8498115234375003,-0.3419705161486508
S43A13T01,raw,95,3.1666666666666665,False,False,0.07057287196534806,0.04247918701171875,-0.7540577610843311,-0.05711178588867188,-0.6969459751956593,0.2430904047755005,-0.09806366729736328,0.3411540720728638,2.5043807425245648,2.781220458984375,-0.2768397164598104
S43A13T01,raw,96,3.2,True,False,0.2296420496778038,0.19806086349487306,-0.7887116637698967,-0.1540832920074463,-0.6346283717624503,0.2587019229953405,-0.1292860794067383,0.3879880024020788,2.526787207544021,2.8635544433593747,-0.3367672358153535
S43A13T01,raw,97,3.2333333333333334,False,False,0.26552490250762495,0.2219822883605957,-0.7904618665218532,-0.16412375450134278,-0.6263381120205105,0.2646931373809312,-0.11904030227661133,0.38373343965754253,2.5285814458434466,2.8586907958984376,-0.330109350054991
S43A13T01,raw,98,3.2666666666666666,False,False,0.30213041430103976,0.2355297164916992,-0.7943487804036772,-0.17217551040649415,-0.622173269997183,0.27375703397369133,-0.08950597000122071,0.36326300397491207,2.5373075653132013,2.8506240234375,-0.31331645812429887
S43A13T01,raw,99,3.3,False,False,0.31629115820374193,0.23865664291381836,-0.7931089529109471,-0.1719507007598877,-0.6211582521510594,0.2734153499133663,-0.0681135025024414,0.3415288524158077,2.537454261048937,2.8488726806640625,-0.3114184196151255
S43A13T01,raw,100,3.3333333333333335,False,False,0.31042612332520847,0.22825842666625978,-0.7955364188044266,-0.15911031913757326,-0.6364260996668534,0.2655645000129463,-0.052530607223510745,0.31809510723645706,2.5427018612919987,2.8504571533203125,-0.30775529202831375
S43A13T01,raw,101,3.3666666666666667,False,False,0.29770803130653384,0.23164563941955565,-0.7892115505497271,-0.1398882246017456,-0.6493233259479816,0.26443900765376316,-0.017667368888854982,0.28210637654261816,2.5424434931720663,2.8472882080078126,-0.30484471483574627
S43A13T01,raw,102,3.4,True,False,0.13910654199446848,0.07162286376953125,-0.7284840210892738,-0.01815288543701172,-0.710331135652262,0.2820139261273378,0.07085393810272217,0.2111599880246156,2.52950356208931,2.83456884765625,-0.30506528556694024
S43A13T01,raw,103,3.433333333333333,False,False,0.04337487798097168,0.0007054653167724613,-0.7251554006863483,0.027774773597717288,-0.7529301742840656,0.27825143638253186,0.12059856414794923,0.15765287223458263,2.53044407760151,2.802702392578125,-0.27225831497661535
S43A13T01,raw,104,3.466666666666667,False,False,0.06567235942552643,0.06527454376220704,-0.744191348528609,0.011902008056640625,-0.7560933565852497,0.2825699194986596,0.10405623245239258,0.17851368704626702,2.5413972138337573,2.781663696289063,-0.24026648245530557
S43A13T01,raw,105,3.5,False,False,0.06537975849057505,0.06479892063140869,-0.7345658247599267,0.017993136882781983,-0.7525589616427087,0.28713300381350315,0.13539374923706055,0.1517392545764426,2.5441186656175434,2.780317749023437,-0.2361990834058938
S43A13T01,raw,106,3.533333333333333,True,False,0.19391499110039306,0.11270765686035158,-0.7663537942229819,-0.19578389739990237,-0.5705698968230795,0.19944708078170068,-0.13822528457641603,0.33767236535811673,2.5419342717734663,2.62378369140625,-0.0818494196327837
S43A13T01,raw,107,3.566666666666667,True,False,0.32413217018990215,0.14360179901123046,-0.7294251960898787,-0.004032283782958987,-0.7253929123069197,0.27695027296896507,0.15866407489776613,0.11828619807119894,2.569820131437172,2.9343491210937502,-0.36452898965657843
S43A13T01,raw,108,3.6,False,False,0.31756323805387654,0.1444162139892578,-0.7273127981843861,0.005522834777832032,-0.7328356329622181,0.27457877128745656,0.1619488182067871,0.11262995308066945,2.5744480671027015,2.942510009765625,-0.3680619426629237
S43A13T01,raw,109,3.6333333333333333,True,False,0.14455277520465376,0.017037902832031243,-0.6828517290357277,0.1615625,-0.8444142290357277,0.33499350761307534,0.34541802978515623,-0.010424522172080897,2.521960193651089,2.7332735595703124,-0.21131336591922345
S43A13T01,raw,110,3.6666666666666665,True,False,0.3526684602429035,0.19508609008789063,-0.7210895794626487,0.050600006103515616,-0.7716895855661643,0.28117666363808674,0.10106208801269531,0.18011457562539143,2.545616809173896,2.6721820068359374,-0.12656519766204122
S43A13T01,raw,111,3.7,False,False,0.2956940207268478,0.12553489685058591,-0.7276737456066306,0.07414702606201172,-0.8018207716686423,0.2913464944865306,0.16572012329101563,0.12562637119551498,2.5296972712686947,2.6787226562499997,-0.14902538498130502
S43A13T01,raw,112,3.7333333333333334,False,False,0.21678563143927848,0.10048399353027343,-0.7250868447523029,0.09622698211669922,-0.8213138268690021,0.2931353764896997,0.20692871093749998,0.08620666555219969,2.5199980579569337,2.6793914794921876,-0.15939342153525393
S43A13T01,raw,113,3.7666666666666666,False,False,0.19412901445202077,0.06885869598388672,-0.7194837253899267,0.1134885597229004,-0.8329722851128271,0.29273717458616816,0.24171043586730956,0.0510267387188586,2.517120866263086,2.6870224609375,-0.169901594674414
S43A13T01,raw,114,3.8,False,False,0.18723801882970983,0.023717941284179672,-0.7087417737235094,0.1516431350708008,-0.8603849087943103,0.2855163772054658,0.2744120578765869,0.011104319328878898,2.5175502779874863,2.6695177001953123,-0.151967422207826
S43A13T01,raw,115,3.8333333333333335,False,False,0.18123447732570974,0.007549972534179689,-0.6960258134236159,0.15824848175048828,-0.8542742951741042,0.28239878550633213,0.2964012680053711,-0.01400248249903896,2.503788690413299,2.682083740234375,-0.17829504982107602
S43A13T01,raw,116,3.8666666666666667,False,False,0.20463169702520417,0.04540599060058592,-0.6807736271172081,0.16571236419677735,-0.8464859913139855,0.28404052554173487,0.30836859130859373,-0.024328065766858864,2.5032697432867113,2.6834603271484374,-0.18019058386172615
S43A13T01,raw,117,3.9,False,False,0.22643258943186897,0.0713432159423828,-0.6692835743071489,0.16395514678955078,-0.8332387210966997,0.2851530268795127,0.3326299591064453,-0.04747693222693261,2.4903761915415665,2.6846405029296876,-0.19426431138812106
S43A13T01,raw,118,3.933333333333333,False,False,0.2180182526834179,0.06457708740234375,-0.6684444190442553,0.17290623474121095,-0.8413506537854663,0.2836382586776109,0.3304096221923828,-0.0467713635147719,2.4850449538813058,2.6774326171875,-0.19238766330619406
S43A13T01,raw,119,3.966666666666667,False,False,0.028465745798638063,0.027702713012695307,-0.663880236647612,0.19077799224853514,-0.8546582288961471,0.2821631090764502,0.33255931091308594,-0.050396201836635734,2.474355185036287,2.5925718994140627,-0.11821671437777592
S43A13T01,raw,120,4.0,True,False,0.07505051879756117,0.05564279174804687,-0.6267957928965792,0.2705291290283203,-0.8973249219248995,0.2919613250437904,0.3306784820556641,-0.03871715701187367,2.4707731665826254,2.5284501953125,-0.05767702872987446
S43A13T01,raw,121,4.033333333333333,False,False,0.055698383522425024,0.037417678833007784,-0.6238011394878813,0.27212474822998045,-0.8959258877178617,0.29391713329060093,0.32461941528320315,-0.03070228199260222,2.472013956770985,2.595711547851563,-0.12369759108057776
S43A13T01,raw,122,4.066666666666666,False,False,0.06357305545165204,0.02182925415039061,-0.6213145099029398,0.28394053649902345,-0.9052550464019633,0.30615122775479053,0.3783258972167969,-0.07217466946200635,2.4736241312043363,2.631800903320313,-0.15817677211597658
S43A13T01,raw,123,4.1,True,False,0.061061772242107064,0.006576904296875019,-0.6133529880388271,0.2927781372070313,-0.9061311252458584,0.31101827698862144,0.41019200134277345,-0.099173724354152,2.4675775776481843,2.6414765625000003,-0.17389898485181599
S43A13T01,raw,124,4.133333333333334,False,False,0.06500769293453415,0.0008452758789062598,-0.601366105390317,0.2872140808105469,-0.8885801862008639,0.31922967183938933,0.4429346466064453,-0.123704974767056,2.4634207330433195,2.6267708740234377,-0.16335014098011813
S43A13T01,raw,125,4.166666666666667,False,False,0.08374605995774338,0.014402587890624985,-0.5988049480150732,0.27156170654296874,-0.870366654558042,0.3241843848151032,0.46492106628417973,-0.14073668146907653,2.467982368831859,2.6411304931640625,-0.1731481243322035
S43A13T01,raw,126,4.2,False,False,0.11162992990150393,0.016880737304687476,-0.5975148251754729,0.27842568969726567,-0.8759405148727386,0.3220392951852583,0.4686531066894531,-0.14661381150419478,2.4719960280535425,2.65368310546875,-0.18168707741520773
S43A13T01,raw,127,4.233333333333333,True,False,0.10138142108784692,0.0112493438720703,-0.6368259470423874,0.1565313949584961,-0.7933573420008835,0.31579788237042117,0.39543354797363284,-0.07963566560321167,2.4648880219377016,2.6498486328125,-0.18496061087479854
S43A13T01,raw,128,4.266666666666667,False,False,0.07604996431970465,0.04109064102172851,-0.6502422983179059,0.0736244945526123,-0.7238667928705182,0.31433626025070616,0.38180288696289066,-0.06746662671218451,2.456497865823243,2.7397694091796874,-0.28327154335644433
S43A13T01,raw,129,4.3,False,False,0.050465054110576286,0.04714621543884278,-0.6570870295466436,0.015558041572570801,-0.6726450711192143,0.32597517870110543,0.4035048522949219,-0.07752967359381646,2.459175840199738,2.7852840576171873,-0.32610821741744944
S43A13T01,raw,130,4.333333333333333,False,False,0.0711281548531484,0.06582327842712402,-0.6425823707247396,0.009878766059875487,-0.652461136784615,0.32021726681784146,0.40906834411621096,-0.0888510772983695,2.464181406748058,2.8333592529296876,-0.36917784618162974
S43A13T01,raw,131,4.366666666666666,False,False,0.08602713188133121,0.07767601776123048,-0.6419943076856686,0.0056676979064941395,-0.6476620055921627,0.3234140216950924,0.4121124267578125,-0.08869840506272009,2.4711257985272845,2.8545172119140627,-0.3833914133867782
S43A13T01,raw,132,4.4,True,False,0.3781315347362072,0.2575414772033691,-0.6009490460571929,0.14958009147644044,-0.7505291375336334,0.32063067255130506,0.48000326538085936,-0.1593725928295543,2.496805752637867,2.849791870117188,-0.35298611747932096
S43A13T01,raw,133,4.433333333333334,True,False,0.0723691317131261,0.03883728027343747,-0.5802967966160679,0.27245794677734375,-0.8527547433934117,0.3059933909899109,0.3921708068847656,-0.08617741589485467,2.4788812729740846,2.6828653564453124,-0.20398408347122787
S43A13T01,raw,134,4.466666666666667,False,False,0.054859047683418725,0.041947082519531276,-0.5704455758163354,0.28620831298828125,-0.8566538888046167,0.30441470341754523,0.380952880859375,-0.07653817744182978,2.4871462209963133,2.6944854736328123,-0.207339252636499
S43A13T01,raw,135,4.5,False,False,0.05120380060322356,0.0399990234375,-0.5644524481802745,0.28254095458984374,-0.8469934027701183,0.30473945238666644,0.3750070037841797,-0.07026755139751328,2.4921029762878244,2.7064318847656255,-0.21432890847780106
S43A13T01,raw,136,4.533333333333333,False,False,0.03589815280001554,0.021061004638671832,-0.5597042579814141,0.2987195892333985,-0.8584238472148126,0.3001188281893291,0.35505789184570313,-0.05493906365637402,2.4998213842685,2.7118344726562498,-0.2120130883877498
S43A13T01,raw,137,4.566666666666666,False,False,0.03767407931454389,0.027400604248046856,-0.5546749113036082,0.2966089324951172,-0.8512838437987255,0.298233672723259,0.35039241027832035,-0.05215873755506134,2.5030858889445002,2.7241251220703124,-0.2210392331258122
S43A13T01,raw,138,4.6,True,False,0.07337128537929502,0.060820892333984355,-0.5459690777654834,0.2682911834716797,-0.8142602612371631,0.2958586272162217,0.3724307250976563,-0.0765720978814346,2.5174658269610064,2.77053759765625,-0.25307177069524345
S43A13T01,raw,139,4.633333333333334,False,False,0.08469218325783032,0.07633190917968749,-0.5432515692065759,0.2649430847167969,-0.8081946539233729,0.29399180618635634,0.3773955841064453,-0.08340377792008896,2.5193689652988764,2.7725806884765625,-0.25321172317768603
S43A13T01,raw,140,4.666666666666667,False,False,0.07193053787646823,0.07132917785644532,-0.5476553265621062,0.274117546081543,-0.8217728726436493,0.2893038205559216,0.372051025390625,-0.08274720483470344,2.5192300206358063,2.76405078125,-0.24482076061419367
S43A13T01,raw,141,4.7,True,False,0.03638744232988677,0.03440278625488283,-0.5698955918322245,0.1527122116088867,-0.7226078034411112,0.3104759991351849,0.3906703491210938,-0.08019434998590885,2.492479800213398,2.75026611328125,-0.25778631306785194
S43A13T01,raw,142,4.733333333333333,False,False,0.04563896922816976,0.03932872772216796,-0.5845373681267673,0.10460265731811524,-0.6891400254448825,0.31546357682281045,0.4324401550292969,-0.11697657820648644,2.4877330396824204,2.777906005859375,-0.29017296617695454
S43A13T01,raw,143,4.766666666666667,False,False,0.058614839541859975,0.04538470268249513,-0.598497360677828,0.053627243995666506,-0.6521246046734945,0.31367331327408926,0.4662168884277344,-0.15254357515364514,2.4678197930141987,2.7962471923828125,-0.32842739936861376
S43A13T01,raw,144,4.8,True,False,0.04221878051669576,0.0032908020019531137,-0.5840961883471377,0.13809324645996096,-0.7221894348070987,0.29680384454516795,0.41533969116210934,-0.11853584661694139,2.4575835781540487,2.77349755859375,-0.3159139804397011
S43A13T01,raw,145,4.833333333333333,False,False,0.016491937750475593,0.006807815551757801,-0.5829395786006326,0.15342566680908204,-0.7363652454097147,0.28634877133159087,0.39154408264160157,-0.1051953113100107,2.463547790974393,2.7979920654296873,-0.33444427445529445
S43A13T01,raw,146,4.866666666666666,False,False,0.09331658697105111,0.0406113052368164,-0.5894045633576647,0.13698507308959962,-0.7263896364472643,0.27511486181827793,0.3550163726806641,-0.07990151086238617,2.4656325552512923,2.842560302734375,-0.3769277474830828
S43A13T01,raw,147,4.9,True,False,0.10821611608367551,0.04824784088134765,-0.5904917025767678,0.14987963485717773,-0.7403713374339455,0.26252994611642066,0.3516998291015625,-0.08916988298514184,2.4704222633842905,2.875837158203125,-0.4054148948188345
S43A13T01,raw,148,4.933333333333334,False,False,0.12697157484706714,0.05381288146972657,-0.5986908868008755,0.1512057113647461,-0.7498965981656216,0.2535839998850136,0.3559613342285156,-0.10237733434350199,2.4793244858806025,2.8987469482421875,-0.419422462361585
S43A13T01,raw,149,4.966666666666667,False,False,0.14645233967717375,0.05802105712890626,-0.5991706529515097,0.1473712921142578,-0.7465419450657675,0.2501928063365758,0.3547802276611328,-0.104587421324557,2.476490888556173,2.922116455078125,-0.44562556652195173
S43A13T01,raw,150,5.0,True,False,0.06480788945182915,0.03399156188964847,-0.6039858853078612,0.20848239898681642,-0.8124682842946777,0.24945439114308432,0.38542019653320314,-0.13596580539011882,2.4930045957298512,2.8768203125000005,-0.38381571677014925
S43A13T01,raw,151,5.033333333333333,True,False,0.053633161305171304,0.010530971527099607,-0.6245417579251916,0.05730460929870605,-0.6818463672238977,0.2607293864058269,0.3709999389648438,-0.11027055255901691,2.4715526596211865,2.7992784423828123,-0.3277257827616258
S43A13T01,raw,152,5.066666666666666,False,False,0.05035762901458299,0.027425323486328132,-0.5981254752441001,0.13304730224609373,-0.7311727774901938,0.25769125338794047,0.3527116851806641,-0.09502043179272363,2.4757340556028162,2.8789079589843753,-0.4031739033815591
S43A13T01,raw,153,5.1,False,False,0.028246834151352977,0.01727490234375001,-0.589226949388824,0.1466496124267578,-0.7358765618155818,0.2574994929539216,0.3588020324707031,-0.10130253951678148,2.486166148705271,2.9173208007812503,-0.43115465207597925
S43A13T01,raw,154,5.133333333333334,False,False,0.05924052712383855,0.028352523803710922,-0.5681683850694066,0.15465378570556643,-0.722822170774973,0.25734141936120003,0.3414378509521484,-0.08409643159094837,2.489626711367963,2.9658076171875,-0.476180905819537
S43A13T01,raw,155,5.166666666666667,True,False,0.08653245457534282,0.0025747489929199216,-0.5784832184744633,0.0625324420928955,-0.6410156605673588,0.26806144490034756,0.37929364013671873,-0.11123219523637118,2.4798557822217617,2.906058349609375,-0.4262025673876133
S43A13T01,raw,156,5.2,False,False,0.08870322164891141,0.02089519786834717,-0.5788414872541948,0.013965107440948487,-0.5928065946951433,0.2732633927241936,0.45017190551757813,-0.17690851279338454,2.4779254360057688,2.904261474609375,-0.42633603860360614
S43A13T01,raw,157,5.233333333333333,False,False,0.08400758517980562,0.03135922527313233,-0.5776371692107344,-0.026052385807037358,-0.551584783403697,0.28262477534904124,0.4972986907958985,-0.21467391544685727,2.474209971626215,2.91148974609375,-0.43727977446753474
S43A13T01,raw,158,5.266666666666667,True,False,0.22728636943152125,0.07172461318969726,-0.5669866211155309,0.07320261192321778,-0.6401892330387486,0.27692128206328315,0.4441299133300781,-0.16720863126679497,2.4687921847307432,2.8917430419921875,-0.4229508572614442
S43A13T01,raw,159,5.3,True,False,0.18631476956187384,0.08355738830566403,-0.5654321931007222,0.15621382904052733,-0.7216460221412495,0.26590548175961143,0.3539305877685547,-0.08802510600894325,2.4867866187113776,2.883314697265625,-0.39652807855424754
S43A13T01,raw,160,5.333333333333333,True,False,0.21205649459202605,0.0007478790283203113,-0.5478017225132263,0.11747499084472657,-0.6652767133579529,0.2808596185875069,0.3972744140625,-0.11641479547499312,2.474264696464803,2.873611572265625,-0.39934687580082207
S43A13T01,raw,161,5.366666666666666,False,False,0.221406602795466,0.05773910522460937,-0.5474384429145859,0.15939930725097656,-0.7068377501655625,0.2707740486862665,0.361916748046875,-0.09114269936060854,2.4860500870323357,2.8797406005859374,-0.39369051355360174
S43A13T01,raw,162,5.4,False,False,0.22984414816808754,0.061093704223632805,-0.5450948182140116,0.17299076080322265,-0.7180855790172342,0.2662181780678537,0.3641168823242188,-0.0978987042563651,2.4859839771050543,2.8913555908203126,-0.4053716137152583
S43A13T01,raw,163,5.433333333333334,False,False,0.23034038799186937,0.05165011596679689,-0.526926645373489,0.1786651153564453,-0.7055917607299342,0.26647773552805404,0.3664542694091797,-0.09997653388112565,2.491974917784815,2.9015753173828127,-0.40960039959799754
S43A13T01,raw,164,5.466666666666667,False,False,0.22279065381236396,0.038776840209960944,-0.5245060685688041,0.15622571563720705,-0.6807317842060112,0.264436320459137,0.38150242614746094,-0.11706610568832393,2.4966470901468076,2.901990966796875,-0.40534387665006744
S43A13T01,raw,165,5.5,False,False,0.237885168561861,0.010461380004882795,-0.5216471415195574,0.11660780334472656,-0.6382549448642839,0.26067427582609676,0.41165965270996097,-0.1509853768838642,2.494355264972093,2.9038358154296873,-0.40948055045759446
S43A13T01,raw,166,5.533333333333333,False,False,0.2635396976204678,0.032144203186035156,-0.5264031773530214,0.08927962112426757,-0.615682798477289,0.25906455676269025,0.4278725280761718,-0.16880797131348158,2.5030699615684524,2.9191373291015625,-0.41606736753311013
S43A13T01,raw,167,5.566666666666666,False,False,0.29772713353166536,0.07589104080200196,-0.5173771961442937,0.011448438644409182,-0.5288256347887028,0.26259027346309516,0.42029931640625,-0.15770904294315485,2.5185828671257995,2.9102401123046873,-0.3916572451788878
S43A13T01,raw,168,5.6,False,False,0.20368292737412802,0.08637440109252928,-0.505370772577567,0.07066306495666504,-0.5760338375342321,0.2683272706267288,0.390065414428711,-0.12173814380198222,2.5263870463910547,2.862375,-0.3359879536089454
S43A13T01,raw,169,5.633333333333334,False,False,0.275711193376573,0.045615046501159676,-0.5007078114160546,0.014826670169830324,-0.5155344815858849,0.26415216629771043,0.40631208801269536,-0.14215992171498493,2.524596934574981,2.8890153808593753,-0.36441844628439446
S43A13T01,raw,170,5.666666666666667,True,False,0.30179681664931246,0.10577467107772828,-0.48005504521002756,0.04584816098213196,-0.5259032061921596,0.2564030973416232,0.45650950622558595,-0.20010640888396275,2.532054660525174,2.9141075439453124,-0.3820528834201382
S43A13T01,raw,171,5.7,False,False,0.339314861194512,0.1311445369720459,-0.4673836100728648,0.05839928150177001,-0.5257828915746348,0.2536058616344162,0.45552745056152344,-0.20192158892710727,2.5410682797938438,2.8959467773437497,-0.35487849754990597
S43A13T01,raw,172,5.733333333333333,False,False,0.31946916727089414,0.1382300567626953,-0.459903304137699,0.0522086181640625,-0.5121119223017615,0.2557462836429969,0.4742461700439453,-0.21849988640094842,2.545665595241014,2.918799072265625,-0.3731334770246111
S43A13T01,raw,173,5.766666666666667,False,False,0.333438735036287,0.14832488250732423,-0.4552980518586319,0.05396771621704102,-0.5092657680756729,0.25647409999879645,0.4835908660888672,-0.22711676609007075,2.5479437012741846,2.9125845947265625,-0.36464089345237793
S43A13T01,raw,174,5.8,False,False,0.4628440302178376,0.19612361907958986,-0.4562013333112961,0.02554363632202148,-0.4817449696333176,0.25047095174979617,0.4894485778808594,-0.23897762613106321,2.5784124462323037,3.0079107666015625,-0.42949832036925883
S43A13T01,raw,175,5.833333333333333,False,False,0.5445430027018561,0.21772235107421878,-0.45331324512783006,0.03471170043945313,-0.4880249455672832,0.25161039777751465,0.45875015258789065,-0.207139754810376,2.5844635345722518,2.9616727294921876,-0.3772091949199359
S43A13T01,raw,176,5.866666666666666,False,False,0.5994886472541193,0.25724340820312497,-0.45155713133843006,0.013417922973632826,-0.4649750543120629,0.24339591746214972,0.4747477111816407,-0.231351793719491,2.595990029237499,2.9312750244140626,-0.3352849951765635
S43A13T01,raw,177,5.9,True,False,0.4814211150078653,0.20609364318847656,-0.4439418779826246,0.03484146881103516,-0.47878334679365975,0.238010919317391,0.501579345703125,-0.263568426385734,2.6128873655685396,3.023040771484375,-0.4101534059158354
S43A13T01,raw,178,5.933333333333334,True,False,0.25830593580426126,0.04896356201171875,-0.4306550554449322,0.109486572265625,-0.5401416277105572,0.235087766834469,0.5072623901367188,-0.27217462330224984,2.6198440043641082,2.9280623779296877,-0.30821837356557946
S43A13T01,raw,179,5.966666666666667,False,False,0.24461714831504192,0.007029907226562493,-0.42517780853114984,0.15233100891113283,-0.5775088174422827,0.23048700523377444,0.4996227874755859,-0.26913578224181145,2.6385055459242457,2.94182568359375,-0.3033201376695045
S43A13T01,raw,180,6.0,False,False,0.2588649486548133,0.0025840759277343806,-0.4208039960598221,0.154015625,-0.5748196210598221,0.22636018871607264,0.512330825805664,-0.28597063708959136,2.6499923653050366,2.9361066894531254,-0.2861143241480888
S43A13T01,raw,181,6.033333333333333,False,False,0.366778028173909,0.019940170288085923,-0.4276373720550079,0.16594441986083985,-0.5935817919158477,0.22386667555858378,0.533905029296875,-0.31003835373829125,2.6556550640491,2.8896590576171874,-0.23400399356808732
S43A13T01,raw,182,6.066666666666666,False,False,0.4213657181893263,0.031194030761718755,-0.4236286597030542,0.18384902954101562,-0.6074776892440699,0.22719080212540932,0.5867755737304687,-0.3595847716050594,2.663189998019011,2.87345654296875,-0.21026654494973895
S43A13T01,raw,183,6.1,False,False,0.2926562207125623,0.0046891174316406325,-0.4172044450529355,0.17726432800292968,-0.5944687730558652,0.22192865185751015,0.5796720886230469,-0.3577434367655367,2.66535965158593,2.838795654296875,-0.17343600271094495
S43A13T01,raw,184,6.133333333333334,False,False,0.23865030271756915,0.023864547729492203,-0.4208047745094174,0.16042833709716797,-0.5812331116065854,0.2165594124023774,0.5781277465820313,-0.36156833417965384,2.683121978611714,2.901388916015625,-0.2182669374039108
S43A13T01,raw,185,6.166666666666667,False,False,0.164342942554523,0.06986692047119142,-0.40797271387551426,0.11168436813354493,-0.5196570820090591,0.22530969812111065,0.6029275207519531,-0.3776178226308424,2.6726853446746928,2.8674190673828126,-0.19473372270811984
S43A13T01,raw,186,6.2,False,False,0.1984083730463354,0.13339916801452636,-0.41587476725844075,0.08089715671539306,-0.4967719239738338,0.23320588502168468,0.6221952819824219,-0.3889893969607372,2.6917657272393405,2.87476806640625,-0.18300233916690933
S43A13T01,raw,187,6.233333333333333,True,False,0.2000618549489689,0.1540274362564087,-0.42276101352769335,0.0631905665397644,-0.48595158006745776,0.2379995210376216,0.6199564208984375,-0.38195689986081593,2.6934520849030563,2.8768565673828124,-0.18340448247975605
S43A13T01,raw,188,6.266666666666667,True,False,0.019752470208145773,0.015293121337890625,-0.41814702313414404,0.14092613220214845,-0.5590731553362924,0.22233368121967712,0.5183745727539063,-0.2960408915342292,2.697887128286769,2.8201763916015627,-0.12228926331479384
S43A13T01,raw,189,6.3,False,False,0.029934928731212847,0.02905483245849609,-0.4136422516357831,0.13252360916137695,-0.54616586079716,0.22467475433731163,0.513605194091797,-0.2889304397544853,2.709700769260852,2.822500610351563,-0.11279984109071073
S43A13T01,raw,190,6.333333333333333,False,False,0.07694029050932528,0.046828819274902345,-0.40992214586739245,0.07815598678588867,-0.48807813265328115,0.2336673757846293,0.5857096252441407,-0.35204224945951146,2.7243900635430496,2.8660809326171877,-0.14169086907413808
S43A13T01,raw,191,6.366666666666666,False,False,0.13954960036427186,0.09990507316589356,-0.4021787806368167,0.04040457248687744,-0.4425833531236942,0.24144200173498556,0.6226413879394532,-0.3811993862044677,2.733040026041721,2.8926971435546873,-0.15965711751296618
S43A13T01,raw,192,6.4,True,False,0.21835211925606623,0.05212764167785645,-0.4019887067197958,-0.041972464561462405,-0.3600162421583334,0.2442741407185548,0.7130457763671876,-0.4687716356486328,2.741966529705398,2.8201445312500004,-0.07817800154460253
S43A13T01,raw,193,6.433333333333334,False,False,0.2284340543791797,0.031746765136718744,-0.4064458353393549,-0.10457295989990234,-0.30187287543945257,0.25223353421809863,0.7211962585449219,-0.46896272432682323,2.735343158314523,2.805346435546875,-0.070003277232352
S43A13T01,raw,194,6.466666666666667,False,False,0.23538294867134105,0.0005421905517578041,-0.392416267967043,-0.14455574798583984,-0.24786051998120315,0.2576634088580863,0.730422119140625,-0.47275871028253874,2.74146977408696,2.80243896484375,-0.060969190756790415
S43A13T01,raw,195,6.5,False,False,0.14029711352642082,0.02382545471191405,-0.3839562755668285,-0.19173729705810547,-0.19221897850872302,0.2589212933723949,0.7286781616210938,-0.4697568682486989,2.744818119548542,2.8134189453125,-0.06860082576395765
S43A13T01,raw,196,6.533333333333333,False,False,0.17155477110189643,0.017554214477539104,-0.37202621919495305,-0.20377880096435547,-0.16824741823059758,0.25599765507689054,0.7179142456054688,-0.46191659052857825,2.744737294332021,2.7897590332031252,-0.045021738871104056
S43A13T01,raw,197,6.566666666666666,False,False,0.247455557044382,0.016833618164062453,-0.3665330973251505,-0.2041781463623047,-0.1623549509628458,0.26009376326005007,0.7297757873535157,-0.4696820240934656,2.751489715587428,2.780827880859375,-0.029338165271947325
S43A13T01,raw,198,6.6,False,False,0.22095190714169452,0.00683410644531246,-0.3509986454547438,-0.20021858215332033,-0.15078006330142346,0.2638109313039583,0.7332550964355469,-0.4694441651315886,2.753925937409699,2.7665158691406253,-0.012589931730926374
S43A13T01,raw,199,6.633333333333334,False,False,0.256208025751513,0.05816288757324217,-0.3549042086259197,-0.2754634780883789,-0.0794407305375408,0.2795626397660529,0.7930010681152344,-0.5134384283491815,2.756875033342455,2.781964477539063,-0.025089444196607857
S43A13T01,raw,200,6.666666666666667,False,False,0.2488600362439714,0.044924804687499986,-0.3534825890473415,-0.3194571838378907,-0.0340254052094508,0.28595730268295005,0.8228108825683593,-0.5368535798854093,2.7532522723026167,2.8006591796875,-0.04740690738488329
S43A13T01,raw,201,6.7,True,False,0.2666753527036919,0.06307098388671872,-0.3348832243800079,-0.38143756103515625,0.046554336655148354,0.29566359534603986,0.8702568664550782,-0.5745932711090382,2.75492316819659,2.784032104492187,-0.029108936295596965
S43A13T01,raw,202,6.733333333333333,False,False,0.26196727989683605,0.05854525756835938,-0.3292616673648948,-0.3998072052001953,0.07054553783530049,0.3018096585562203,0.8842200622558594,-0.5824104036996391,2.7707431520156804,2.7731785888671876,-0.0024354368515071556
S43A13T01,raw,203,6.766666666666667,False,False,0.25905960981824794,0.059962097167968686,-0.32350055082118817,-0.4359136657714844,0.11241311495029621,0.31604970836522245,0.8905096130371094,-0.574459904671887,2.770357220459761,2.759747436523438,0.010609783936323058
S43A13T01,raw,204,6.8,False,False,0.24925695621077273,0.06050180053710935,-0.3125036205386859,-0.4421214141845703,0.12961779364588438,0.3177274631870529,0.8864537048339844,-0.5687262416469315,2.771350266108857,2.7584260253906248,0.012924240718232394
S43A13T01,raw,205,6.833333333333333,False,False,0.2378263359876031,0.06566888427734374,-0.2939555101236875,-0.4628350524902344,0.1688795423665469,0.30102110072699356,0.8945216674804688,-0.5935005667534752,2.7679452966900944,2.7772252197265628,-0.009279923036468407
S43A13T01,raw,206,6.866666666666666,False,False,0.23925778333441297,0.06643460083007813,-0.29651627859729585,-0.43935899353027347,0.14284271493297762,0.3110648708203481,0.8921693725585937,-0.5811045017382457,2.7686472890352176,2.7615059814453127,0.007141307589904944
S43A13T01,raw,207,6.9,True,False,0.2081791330823603,0.016228149414062587,-0.2792702118319637,-0.5233612060546875,0.2440909942227238,0.29822089838753674,0.920697998046875,-0.6224770996593383,2.7819524550609125,2.7575357666015625,0.024416688459349967
S43A13T01,raw,208,6.933333333333334,False,False,0.20676669528905883,0.0016320800781249867,-0.27942253738651357,-0.5700838623046875,0.290661324918174,0.29106069726498457,0.9236476135253906,-0.6325869162604061,2.788434287448662,2.7924313964843748,-0.003997109035712931
S43A13T01,raw,209,6.966666666666667,True,False,0.29914738736592744,0.16140237426757814,-0.23935554456636934,-0.4435665130615235,0.20421096849515416,0.2626982608291975,0.7928553466796875,-0.53015708585049,2.7795139416199777,2.7776607666015627,0.0018531750184149764
S43A13T01,raw,210,7.0,False,False,0.26578898322894645,0.12626361083984378,-0.22233138582608003,-0.4211394653320313,0.19880807950595125,0.263144175032502,0.781537841796875,-0.518393666764373,2.7835017954181107,2.7525364990234378,0.030965296394672936
S43A13T01,raw,211,7.033333333333333,False,False,0.2795407547584946,0.11919683837890627,-0.2065179558838317,-0.3773351745605469,0.17081721867671518,0.2506085011975306,0.7736803283691407,-0.5230718271716102,2.7854689243575286,2.7549921875,0.030476736857528497
S43A13T01,raw,212,7.066666666666666,True,False,0.27638739359772413,0.12281079101562498,-0.18134817115701016,-0.295943115234375,0.11459494407736484,0.23718463345730606,0.7576193542480469,-0.5204347207907409,2.777001866555645,2.76215673828125,0.014845128274394881
S43A13T01,raw,213,7.1,False,False,0.2984108354033175,0.14172186279296875,-0.16365790505861724,-0.24509463500976564,0.0814367299511484,0.21493048737684828,0.7352856445312501,-0.5203551571544018,2.7749233679550525,2.80027880859375,-0.025355440638697324
S43A13T01,raw,214,7.133333333333334,False,False,0.3257840669799299,0.16174078369140626,-0.1708424247231227,-0.23981500244140627,0.06897257771828358,0.2117287353730054,0.7299895019531251,-0.5182607665801197,2.790673180736468,2.844089111328125,-0.053415930591656835
S43A13T01,raw,215,7.166666666666667,False,False,0.34018003791090523,0.1937470397949219,-0.16583512606731782,-0.22978642272949218,0.06395129666217436,0.20773262773132536,0.7296116333007813,-0.5218790055694559,2.783055893307769,2.845405883789063,-0.06234999048129364
S43A13T01,raw,216,7.2,False,False,0.34263719165357415,0.20919071960449218,-0.15216378102864464,-0.2121252517700195,0.05996147074137487,0.20345941511456195,0.7366279296875,-0.5331685145729381,2.7834608900497466,2.8548687744140624,-0.07140788436431578
S43A13T01,raw,217,7.233333333333333,False,False,0.35674904491133697,0.22494498443603517,-0.1407051251209439,-0.17981830978393554,0.03911318466299163,0.1939389857211584,0.7453127136230469,-0.5513737279018884,2.789021048380698,2.8874368896484377,-0.09841584126773961
S43A13T01,raw,218,7.266666666666667,True,False,0.3611300144407774,0.2150855140686035,-0.13313018815199165,-0.1496184368133545,0.016488248661362837,0.17435968807464677,0.7630546874999999,-0.5886949994253532,2.8053932508383546,2.9069637451171877,-0.10157049427883313
S43A13T01,raw,219,7.3,False,False,0.3698279819148107,0.20799783134460448,-0.1311426903673635,-0.1357994394302368,0.0046567490628733055,0.1503159951944675,0.7558147277832032,-0.6054987325887358,2.8130733756322024,2.9321840820312497,-0.1191107063990473
S43A13T01,raw,220,7.333333333333333,False,False,0.36143210951498134,0.188590389251709,-0.13238177123510436,-0.14504199409484864,0.012660222859744275,0.14078209203196865,0.7576036987304688,-0.6168216066985002,2.826304784955561,2.948154541015625,-0.12184975606006399
S43A13T01,raw,221,7.366666666666666,True,False,0.36675845311611055,0.1957070083618164,-0.12967773097436644,-0.14345917892456056,0.01378144795019412,0.12313910048974977,0.7701875,-0.6470483995102503,2.8386546801568096,2.9545107421875,-0.11585606203069032
S43A13T01,raw,222,7.4,True,False,0.08034951785931758,0.06498051452636716,-0.12413561866303337,-0.18640917205810545,0.06227355339507208,0.06063460795453971,0.6153044738769531,-0.5546698659224134,2.816624319135351,2.866496826171875,-0.049872507036524016
S43A13T01,raw,223,7.433333333333334,False,False,0.08875709737072847,0.07116438293457028,-0.11869706078960068,-0.21877762603759765,0.10008056524799697,0.041915669119140915,0.6005294494628906,-0.5586137803437496,2.8225216802479856,2.880583740234375,-0.05806205998638925
S43A13T01,raw,224,7.466666666666667,False,False,0.10388170509824152,0.09074671173095702,-0.10110575496315778,-0.1571567802429199,0.05605102527976212,0.010367709626696454,0.6028229370117189,-0.5924552273850224,2.8342881062496486,2.9342855224609377,-0.0999974162112891
S43A13T01,raw,225,7.5,False,False,0.07759133969620634,0.06894210815429688,-0.09310895232402047,-0.16489807128906253,0.07178911896504206,-0.013606574566223575,0.6188694152832032,-0.6324759898494268,2.8318407043848226,2.88408056640625,-0.052239862021427275
S43A13T01,raw,226,7.533333333333333,False,False,0.09486276399650072,0.04554732513427735,-0.08804386710661721,-0.10780730056762697,0.019763433461009755,-0.04540070459648021,0.6750728454589844,-0.7204735500554647,2.8436866230925784,2.881956298828125,-0.03826967573554674
S43A13T01,raw,227,7.566666666666666,False,False,0.11350395664864207,0.0710228271484375,-0.08781874892002407,-0.1137896728515625,0.025970923931538423,-0.07640685347538025,0.6721246948242188,-0.748531548299599,2.8504555473906574,2.8767189941406253,-0.026263446749967834
S43A13T01,raw,228,7.6,False,False,0.0921609215534855,0.004859512329101576,-0.09038601176023688,-0.1047255630493164,0.01433955128907953,-0.10343854092566379,0.6938241271972656,-0.7972626681229293,2.839259739842055,2.8759580078125,-0.036698267970445286
S43A13T01,raw,229,7.633333333333334,False,False,0.12050113516654395,0.01817524719238281,-0.09790978988998038,-0.07597875213623047,-0.02193103775374991,-0.12207336093430363,0.7075641479492187,-0.8296375088835224,2.86552688431163,2.90583935546875,-0.04031247115711967
S43A13T01,raw,230,7.666666666666667,False,False,0.12429388330302592,0.005991027832031259,-0.0948042330105751,-0.06788948822021484,-0.026914744790360254,-0.15077972936837664,0.6949891662597656,-0.8457688956281422,2.889404468008403,2.970304931640625,-0.08090046363222214
S43A13T01,raw,231,7.7,True,False,0.2724427747477161,0.16833896636962892,-0.09267250430166957,0.021750255584716792,-0.11442275988638637,-0.16927626313334418,0.6846526184082031,-0.8539288815415473,2.908887247937177,3.0496966552734373,-0.14080940733626024
S43A13T01,raw,232,7.733333333333333,False,False,0.27472241418897303,0.23201497650146485,-0.09532237436603459,-0.0004525337219238243,-0.09486984064411078,-0.18932339237458215,0.7112315979003907,-0.9005549902749729,2.9108004522728548,3.015266845703125,-0.10446639343027009
S43A13T01,raw,233,7.766666666666667,False,False,0.22723733154616152,0.13321421241760253,-0.0966439485988133,-0.04752350902557373,-0.04912043957323957,-0.19894959547883845,0.7122521667480468,-0.9112017622268853,2.915964947938549,3.0687996826171875,-0.15283473467863828
S43A13T01,raw,234,7.8,False,False,0.2014726078845319,0.09229843711853027,-0.10132037700174487,-0.0666846055984497,-0.03463577140329517,-0.21052001867086367,0.710376220703125,-0.9208962393739887,2.916321339755934,3.078455932617188,-0.16213459286125387
S43A13T01,raw,235,7.833333333333333,False,False,0.2589041186913728,0.23257209777832033,-0.09934181345540403,-0.030337196350097663,-0.06900461710530637,-0.21471386659746244,0.7144498596191406,-0.929163726216603,2.9177782978431637,3.0375887451171875,-0.11981044727402379
S43A13T01,raw,236,7.866666666666666,False,False,0.2458453924364969,0.20394923400878906,-0.09852960016087649,-0.05295424652099609,-0.0455753536398804,-0.2154228300697398,0.7248186950683595,-0.9402415251380993,2.9265188557011617,3.06350048828125,-0.13698163258008833
S43A13T01,raw,237,7.9,False,False,0.24486357960225152,0.20658295059204101,-0.09844226823218762,-0.061867322921752926,-0.03657494531043469,-0.21362258676614954,0.7302422790527344,-0.943864865818884,2.9294294741399036,3.0621387939453126,-0.132709319805409
S43A13T01,raw,238,7.933333333333334,False,False,0.23548817919185758,0.2126246681213379,-0.09741445196140336,-0.06396969413757325,-0.03344475782383011,-0.21499917875190694,0.7343644409179688,-0.9493636196698758,2.9264111894684883,3.0532314453125,-0.1268202558440117
S43A13T01,raw,239,7.966666666666667,False,False,0.2455356429577938,0.22880932998657227,-0.09652377965069105,-0.06601333427429198,-0.030510445376399062,-0.21472337077828058,0.7353976135253906,-0.9501209843036711,2.929474873732578,3.0462451171875,-0.11677024345492182
S43A13T01,raw,240,8.0,False,False,0.31503113266878335,0.29164142608642574,-0.09117329532921492,-0.018733150482177732,-0.07244014484703719,-0.22290242470228594,0.7083304138183594,-0.9312328385206453,2.9286641805359097,3.069553833007813,-0.14088965247190322
S43A13T01,filtered,0,0.0,False,False,0.26097804049221185,0.2221120605203145,0.07502166370994398,0.14338463266191614,-0.06836296895197216,-0.226131168985465,0.7277836693924056,-0.9539148383778706,2.901049394444586,2.9017558672681414,-0.0007064728235555151
S43A13T01,filtered,1,0.03333333333333333,False,False,0.2588477597686659,0.21941144079310412,0.07521798813570413,0.1450951022516067,-0.06987711411590258,-0.22634092272771889,0.7265613828814999,-0.9529023056092187,2.900759581759546,2.9007140497523736,4.5532007172610633e-05
S43A13T01,filtered,2,0.06666666666666667,False,False,0.2567780388007201,0.21679667655141494,0.07540507431404037,0.14673404394065134,-0.07132896962661098,-0.2265400296771473,0.7253998170279555,-0.9519398467051028,2.9004598926557597,2.8996933619317593,0.0007665307240003472
S43A13T01,filtered,3,0.1,False,False,0.25482639364359694,0.21435472110825207,0.07557320568271782,0.1482328088234606,-0.07265960314074278,-0.22671736646809976,0.724358263390038,-0.9510756298581378,2.9001457331979643,2.8987227667469426,0.00142296645102169
S43A13T01,filtered,4,0.13333333333333333,False,False,0.2530401726498641,0.21215967849614176,0.07571390763447547,0.14953181682370106,-0.0738179091892256,-0.2268628393563642,0.7234867389909436,-0.9503495783473078,2.8998136271491637,2.8978279548610457,0.001985672288117968
S43A13T01,filtered,5,0.16666666666666666,False,False,0.2514541851866404,0.21026826069677224,0.0758205483463324,0.1505843267462478,-0.07476377839991541,-0.22696808440681238,0.7228221472830688,-0.9497902316898812,2.899461322693184,2.897029920064548,0.002431402628635837
S43A13T01,filtered,6,0.2,False,False,0.25008967464936077,0.20871689377266606,0.07588879101281684,0.1513590905025873,-0.07547029948977046,-0.22702707975648054,0.7223856544874855,-0.949412734243966,2.899087805768834,2.8963438825739547,0.002743923194879372
S43A13T01,filtered,7,0.23333333333333334,False,False,0.24895455060175145,0.20752065533543496,0.07591686295707299,0.15184171851119876,-0.07592485555412577,-0.22703661965796001,0.7221814899008889,-0.949218109558849,2.898693222894626,2.895778617022517,0.0029146058721090107
S43A13T01,filtered,8,0.26666666666666666,False,False,0.24804467576390993,0.2066740297268658,0.07590562415153497,0.1520347278749701,-0.07612910372343513,-0.22699660706256897,0.7221972295218698,-0.9491938365844388,2.8982787226421167,2.8953362172165784,0.002942505425538311
S43A13T01,filtered,9,0.3,False,False,0.2473459444709124,0.2061532873830882,0.07585843517472685,0.15195637673270476,-0.07609794155797792,-0.22691013268591365,0.7224054769053427,-0.9493156095912564,2.8978462306950044,2.8950123049160577,0.0028339257789467
S43A13T01,filtered,10,0.3333333333333333,False,False,0.24683687879170907,0.20592015092664395,0.07578084089105541,0.15163849021558734,-0.07585764932453193,-0.226783323217037,0.7227667290576772,-0.9495500522747142,2.8973981782549845,2.8947966645999528,0.0026015136550316953
S43A13T01,filtered,11,0.36666666666666664,False,False,0.24649148472530616,0.20592631441357,0.07568009988868905,0.15112354630531533,-0.07544344641662627,-0.22662495835364274,0.7232331197581795,-0.9498580781118222,2.8969372070942723,2.894674259704787,0.0022629473894850705
S43A13T01,filtered,12,0.4,False,False,0.2462821333173242,0.20611833809681585,0.07556460010630144,0.15046131229703233,-0.0748967121907309,-0.22644587401285027,0.7237526744462708,-0.9501985484591211,2.896465876629785,2.894626558282693,0.001839318347091723
S43A13T01,filtered,13,0.43333333333333335,False,False,0.246182249866712,0.2064424473915073,0.07544320770922068,0.14970531007842058,-0.0742621023691999,-0.22625818568027742,0.7242736915200335,-0.950531877200311,2.8959863989281143,2.894633069024854,0.001353329903260203
S43A13T01,filtered,14,0.4666666666666667,False,False,0.24616861012080196,0.20684881552780568,0.07532459909778765,0.14890935108595355,-0.0735847519881659,-0.22607438004622382,0.7247488821333865,-0.9508232621796103,2.8955004264891606,2.894672965230262,0.0008274612588987651
S43A13T01,filtered,15,0.5,False,False,0.2462230645480147,0.20729499574493648,0.07521662518976087,0.14812433141705855,-0.07290770622729768,-0.2259063340020271,0.725138948586062,-0.9510452825880891,2.8950089148980966,2.8947266586621394,0.0002822562359572345
S43A13T01,filtered,16,0.5333333333333333,False,False,0.2463335505533014,0.2077482800039946,0.075125753263466,0.14739542529698652,-0.07226967203352051,-0.22576432745065053,0.7254153520861184,-0.951179679536769,2.8945120778322786,2.894777181770018,-0.00026510393773948593
S43A13T01,filtered,17,0.5666666666666667,False,False,0.24649431353990092,0.20818688537610935,0.07505662528031799,0.14675976938147436,-0.07170314410115637,-0.2256561203331607,0.7255621048233092,-0.9512182251564699,2.894009445372196,2.8948112494007923,-0.000801804028596198
S43A13T01,filtered,18,0.6,False,False,0.24670533926972146,0.20859999460237535,0.07501176343114231,0.1462446957848466,-0.0712329323537043,-0.22558616501328052,0.7255765098155811,-0.9511626748288616,2.893500028228666,2.8948199019946115,-0.0013198737659454451
S43A13T01,filtered,19,0.6333333333333333,False,False,0.24697109253764057,0.2089867919969109,0.07499144439772101,0.14586654873497742,-0.07087510433725641,-0.22555502273837405,0.7254688568376267,-0.9510238795760008,2.8929825808321388,2.894798680067338,-0.001816099235199431
S43A13T01,filtered,20,0.6666666666666666,False,False,0.24729874551622677,0.20935472831462965,0.07499375410758212,0.14563010564927775,-0.07063635154169563,-0.2255590469653327,0.7252611574665877,-0.9508202044319204,2.892455946021964,2.8947473387600473,-0.002291392738083431
S43A13T01,filtered,21,0.7,False,False,0.24769614610039736,0.20971730796064167,0.07501482497180935,0.14552861388108784,-0.0705137889092785,-0.22559038618618313,0.7249850622588112,-0.9505754484449943,2.891919454309586,2.8946691716648845,-0.0027497173552983867
S43A13T01,filtered,22,0.7333333333333333,False,False,0.24816980795450397,0.21009171142032615,0.07504924782936902,0.14554444514007675,-0.07049519731070773,-0.2256373436534822,0.7246791456640136,-0.9503164893174958,2.8913733424160566,2.894570063714106,-0.0031967212980492654
S43A13T01,filtered,23,0.7666666666666667,False,False,0.2487231927754891,0.21049654269912743,0.07509064092674313,0.1456503575037521,-0.07055971657700898,-0.2256851104712023,0.7243857690095046,-0.9500708794807069,2.890819149983265,2.8944574240833,-0.0036382741000351437
S43A13T01,filtered,24,0.8,False,False,0.24935550398262343,0.210949930311655,0.0751323479746423,0.1458113382082562,-0.0706789902336139,-0.2257168618920092,0.724147740321277,-0.9498646022132863,2.8902600508282954,2.89433915655676,-0.004079105728464594
S43A13T01,filtered,25,0.8333333333333334,False,False,0.2500611304435394,0.21146812189900804,0.07516822646264099,0.14598697815913833,-0.07081875169649735,-0.22571517526492194,0.7240049849113572,-0.9497201601762791,2.889701076332693,2.894222806385576,-0.004521730052883033
S43A13T01,filtered,26,0.8666666666666667,False,False,0.2508297845197039,0.2120646122266124,0.07519347608504624,0.1461343009401525,-0.07094082485510626,-0.2256636938402955,0.723991426085715,-0.9496551199260105,2.889149193580588,2.8941149832003754,-0.00496578961978722
S43A13T01,filtered,27,0.9,False,False,0.2516472865560641,0.21274974874683217,0.07520544589084158,0.1462109351653491,-0.07100548927450753,-0.22554892642339722,0.7241322542490183,-0.9496811806724155,2.8886132092512655,2.894021105670234,-0.005407896418968328
S43A13T01,filtered,28,0.9333333333333333,False,False,0.2524968705903016,0.21353068294835365,0.07520434868114552,0.14617848062744782,-0.0709741319463023,-0.22536204222151418,0.724441737644246,-0.9498037798657601,2.888103481194664,2.8939454538186835,-0.005841972624019309
S43A13T01,filtered,29,0.9666666666666667,False,False,0.25336083099119927,0.21441149012392333,0.07519380376589727,0.14600587901737427,-0.07081207525147701,-0.2251004970243376,0.7249217007682434,-0.9500221977925809,2.887631432016931,2.8938914587807996,-0.006260026763868609
S43A13T01,filtered,30,1.0,False,False,0.2542222990873634,0.2153932703577477,0.0751811262860732,0.14567256420652402,-0.07049143792045083,-0.22476931485229434,0.7255607682157053,-0.9503300830679996,2.887208871865641,2.893862116700989,-0.006653244835348016
S43A13T01,filtered,31,1.0333333333333334,False,False,0.25506693076996395,0.2164740691462184,0.07517728477784467,0.14517114169425582,-0.06999385691641115,-0.2243818516019771,0.7263344425307565,-0.9507162941327336,2.8868471501851247,2.8938603908258447,-0.007013240640719953
S43A13T01,filtered,32,1.0666666666666667,False,False,0.25588429718668015,0.21764851156002823,0.07519646008262784,0.1445093383728329,-0.06931287829020505,-0.2239598862650333,0.7272060537727645,-0.9511659400377978,2.886556168104045,2.8938894673998043,-0.007333299295759321
S43A13T01,filtered,33,1.1,False,False,0.2566687989024629,0.21890711952811365,0.07525515905326474,0.14371097754147036,-0.06845581848820562,-0.22353292201745853,0.7281285842026939,-0.9516615062201524,2.8863432941360156,2.893952756301088,-0.0076094621650724115
S43A13T01,filtered,34,1.1333333333333333,False,False,0.2574199703702249,0.22023536545699998,0.07537086584263723,0.14281577330273046,-0.06744490746009323,-0.2231366334674212,0.7290473317196644,-0.9521839651870856,2.8862122358545657,2.894053572646091,-0.007841336791525322
S43A13T01,filtered,35,1.1666666666666667,False,False,0.25814211009140403,0.2216125941536294,0.07556025090888589,0.1418778039050239,-0.06631755299613802,-0.22281046566092816,0.7299033289710117,-0.95271379463194,2.8861619288451994,2.894194495003063,-0.00803256615786374
S43A13T01,filtered,36,1.2,False,True,0.2588432654840624,0.2230110071019044,0.0758370011685241,0.14096261369345567,-0.06512561252493157,-0.22259447149954267,0.7306373813320599,-0.9532318528316026,2.886185511063095,2.894376462382299,-0.008190951319203776
S43A13T01,filtered,37,1.2333333333333334,False,False,0.2595337162067157,0.2243949389415821,0.07620938090741056,0.14014300415838513,-0.06393362325097457,-0.2225255617907971,0.7311945277886995,-0.9537200895794966,2.8862694551244275,2.894597737604121,-0.008328282479693527
S43A13T01,filtered,38,1.2666666666666666,False,False,0.2602242183127899,0.22572065885923864,0.07667767823107129,0.13949369963572,-0.06281602140464872,-0.22263342937747338,0.7315286674165162,-0.9541620967939897,2.886392932351561,2.8948529193787707,-0.008459987027209515
S43A13T01,filtered,39,1.3,False,False,0.2609243616694881,0.2269368965887931,0.07723173155898547,0.13908520328237478,-0.061853471723389314,-0.2229364873489016,0.7316070355652402,-0.9545435229141418,2.886527479887493,2.895132219044246,-0.008604739156753194
S43A13T01,filtered,40,1.3333333333333333,False,False,0.26164141239382843,0.2279862253611224,0.07784876025917212,0.1389772821554571,-0.06112852189628498,-0.22343822175326727,0.731414164683047,-0.9548523864363143,2.8866370352487754,2.895421220856395,-0.008784185607619843
S43A13T01,filtered,41,1.3666666666666667,False,False,0.2623799229742044,0.228807338766304,0.07849173837234566,0.13921262273950408,-0.06072088436715842,-0.22412439149977942,0.7309549332326506,-0.9550793247324301,2.886678390745972,2.895701310647711,-0.00902291990173909
S43A13T01,filtered,42,1.4,False,False,0.2631421817917309,0.22933814575805342,0.07910854629881177,0.13981126564667082,-0.06070271934785905,-0.2249615026960584,0.7302563017761912,-0.9552178044722496,2.886602102846026,2.8959508855538587,-0.009348782707832903
S43A13T01,filtered,43,1.4333333333333333,False,False,0.2639292693555763,0.22951949161208024,0.07963210897157992,0.14076644719577727,-0.06113433822419735,-0.2258969336928297,0.7293673675997356,-0.9552643012925653,2.8863538685689902,2.896147353031098,-0.009793484462107926
S43A13T01,filtered,44,1.4666666666666666,False,False,0.2647421674568187,0.2292992073744324,0.07998167845924278,0.14204243596277527,-0.06206075750353249,-0.22686098604131658,0.7283574463969064,-0.9552184324382229,2.8858763525502344,2.896269802918223,-0.010393450367988333
S43A13T01,filtered,45,1.5,False,False,0.26558214299555805,0.22863611020596578,0.0800653441467604,0.14357484866490552,-0.06350950451814512,-0.2277709855203581,0.7273120163658723,-0.9550830018862304,2.8851114151789643,2.8963021092943735,-0.011190694115409183
S43A13T01,filtered,46,1.5333333333333334,False,False,0.2664496196723894,0.2275035334886491,0.07978375710366277,0.1452737621837968,-0.06549000508013404,-0.2285373622220438,0.7263265359259435,-0.9548638981479873,2.884002655706242,2.8962361090673863,-0.012233453361144342
S43A13T01,filtered,47,1.5666666666666667,False,False,0.2673410388461887,0.22589196620820698,0.07903494216881177,0.14702971395616804,-0.06799477178735627,-0.2290714115511132,0.7254983631750359,-0.9545697747261491,2.882498146639518,2.896074430320475,-0.01357628368095698
S43A13T01,filtered,48,1.6,False,False,0.2682437916562452,0.22381042899219844,0.07771994958818217,0.14872241500911745,-0.07100246542093529,-0.2292941972428944,0.7249172470743124,-0.9542114443172067,2.880553200035754,2.895832520406003,-0.015279320370249039
S43A13T01,filtered,49,1.6333333333333333,False,False,0.26913005827718195,0.22128630752638295,0.07574897808933931,0.15023170891715246,-0.07448273082781315,-0.22914582686389742,0.7246551032976123,-0.9538009301615097,2.8781329759528576,2.895539460914646,-0.017406484961788316
S43A13T01,filtered,50,1.6666666666666667,False,False,0.26995108807447876,0.21836349662204957,0.07304749520114134,0.15145002205145636,-0.07840252685031501,-0.2285941372660138,0.7247560019058086,-0.9533501391718224,2.8752147221954605,2.8952372564449957,-0.020022534249535262
S43A13T01,filtered,51,1.7,False,False,0.2706338199948556,0.21509886965564473,0.06956180138561613,0.15229529581637746,-0.08273349443076133,-0.22764170117052937,0.7252274468060687,-0.952869147976598,2.871789426645972,2.894978441330823,-0.023189014684851017
S43A13T01,filtered,52,1.7333333333333334,False,False,0.2710815613824015,0.21155726480690915,0.0652634446806185,0.15272320140872372,-0.08745975672810523,-0.22633003406010488,0.7260340868367466,-0.9523641208968515,2.8678626727723566,2.894822049655979,-0.026959376883622266
S43A13T01,filtered,53,1.7666666666666666,False,False,0.27117967602204185,0.20780535537907532,0.060151902788297545,0.1527373407245572,-0.09258543793625965,-0.22473996546553873,0.7270949396853257,-0.9518349051508644,2.8634545185089997,2.8948282174368893,-0.03137369892788966
S43A13T01,filtered,54,1.8,False,False,0.27080606208479474,0.20390492899649076,0.05425501738519366,0.15239615557198397,-0.09814113818679031,-0.2229873542914057,0.7282850177302884,-0.9512723720216941,2.858598270408685,2.895051903723415,-0.03645363331472984
S43A13T01,filtered,55,1.8333333333333333,False,False,0.26984497638370664,0.19990622207620773,0.04762679382738594,0.15181541365006587,-0.10418861982267993,-0.22121367517122223,0.7294419187358148,-0.950655593907037,2.8533380985192545,2.895536398224836,-0.04219829970558164
S43A13T01,filtered,56,1.8666666666666667,False,False,0.2682018578180431,0.1958420256740176,0.04034236574503447,0.15116541443317413,-0.11082304868813966,-0.21957146769606148,0.730377499772253,-0.9499489674683145,2.8477255300360897,2.8963073969331363,-0.04858186689704658
S43A13T01,filtered,57,1.9,False,False,0.26581648013129705,0.19172328405460376,0.03249015945403162,0.15066244980989432,-0.1181722903558627,-0.2182051919040403,0.7308942210551184,-0.9490994129591587,2.841814965775034,2.8973684508422783,-0.055553485067244335
S43A13T01,filtered,58,1.9333333333333333,False,False,0.2626720944929106,0.1875368407082082,0.02416156263996523,0.15055454036757532,-0.1263929777276101,-0.21722862538832058,0.7308051719833828,-0.9480337973717033,2.8356584744973348,2.8986985145327484,-0.06304004003541364
S43A13T01,filtered,59,1.9666666666666666,False,False,0.25879909919581967,0.1832458468774701,0.015438684721190022,0.15110201518520786,-0.13566333046401782,-0.21670051134823115,0.7299562285741148,-0.946656739922346,2.829300225393121,2.9002521435290105,-0.07095191813588952
S43A13T01,filtered,60,2.0,False,False,0.2542729636445017,0.17879314034707353,0.006381067468241127,0.15255406750742767,-0.14617300003918654,-0.2166006573603491,0.7282482996256543,-0.9448489569860035,2.822771006401257,2.9019626279277446,-0.0791916215264874
S43A13T01,filtered,61,2.033333333333333,False,False,0.2492073306302249,0.17410763862762618,-0.0029875642192858385,0.15512294899936352,-0.15811051321864936,-0.21680902534319063,0.7256572597421838,-0.9424662850853744,2.8160833330317,2.9037480311565806,-0.08766469812488076
S43A13T01,filtered,62,2.066666666666667,False,False,0.2437440898108341,0.16911348705063406,-0.012691258660141732,0.1589579048525215,-0.17164916351266324,-0.21709048425420782,0.7222489988086243,-0.9393394830628321,2.8092276677966375,2.905519759392164,-0.09629209159552632
S43A13T01,filtered,63,2.1,False,False,0.23804245123758402,0.16374137923351423,-0.02281118026939297,0.1641212447589847,-0.18693242502837767,-0.2170877722934949,0.7181870883164132,-0.9352748606099082,2.8021702362764755,2.907192954439407,-0.1050227181629313
S43A13T01,filtered,64,2.1333333333333333,False,False,0.23226847729681832,0.15794114957084368,-0.03349106649678827,0.17056904151636493,-0.2040601080131532,-0.2163248091772154,0.7137309081346301,-0.9300557173118456,2.7948528391861918,2.9086977163367838,-0.113844877150592
S43A13T01,filtered,65,2.1666666666666665,False,False,0.22658525295071505,0.15169445398795423,-0.044937703066465565,0.17813881371928525,-0.2230765167857508,-0.21422181201764207,0.709222703849026,-0.923444515866668,2.787194923422557,2.90998995520909,-0.12279503178653295
S43A13T01,filtered,66,2.2,False,False,0.22114237045137236,0.14502613951623167,-0.05741562854354869,0.18654616398582752,-0.24396179252937622,-0.21012273095221098,0.7050629379068603,-0.9151856688590713,2.779097997759047,2.911060573638089,-0.13196257587904192
S43A13T01,filtered,67,2.2333333333333334,False,False,0.21606251291729847,0.13801279142992576,-0.07123570460425417,0.19539171420084195,-0.2666274188050961,-0.20333439394623687,0.701674409310389,-0.9050088032566259,2.7704522745675,2.9119417113738066,-0.14148943680630666
S43A13T01,filtered,68,2.2666666666666666,False,False,0.21142354883166528,0.13078697429365568,-0.08673770689753517,0.2041788341373827,-0.2909165410349179,-0.19317552350813816,0.6994568661466953,-0.8926323896548335,2.7611452055454757,2.9127089525282903,-0.1515637469828146
S43A13T01,filtered,69,2.3,False,False,0.20723712155281862,0.12353587987227946,-0.10426766414383155,0.21234165571620756,-0.3166093198600391,-0.17903257373252748,0.6987351134570872,-0.8777676871896146,2.7510713771411974,2.9134786977178937,-0.16240732057669627
S43A13T01,filtered,70,2.3333333333333335,False,False,0.20342856733632877,0.11649347655232872,-0.12415124973154827,0.21928178419746122,-0.3434330339290095,-0.16041826119090946,0.6997047945073852,-0.8601230556982946,2.740143060957756,2.9144003237329934,-0.17425726277523745
S43A13T01,filtered,71,2.3666666666666667,False,False,0.19982621603370143,0.10992581635388282,-0.14666505253249656,0.22441106481204157,-0.37107611734453816,-0.1370278585343108,0.7023809537024641,-0.8394088122367749,2.7283005951156496,2.915643263623145,-0.18734266850749526
S43A13T01,filtered,72,2.4,False,False,0.19616842873891552,0.1041098639533325,-0.17200796179760483,0.22719685996450148,-0.3992048217621063,-0.10878790642726414,0.7065550335677768,-0.8153429399950409,2.7155217199410178,2.917379702641197,-0.2018579827001794
S43A13T01,filtered,73,2.433333333333333,False,False,0.19213306315233988,0.09930700553355759,-0.20027513897660484,0.2272056643581852,-0.42748080333479005,-0.07589207418103652,0.711765993577183,-0.7876580677582194,2.701829015526759,2.919764152715687,-0.21793513718892799
S43A13T01,filtered,74,2.466666666666667,False,False,0.18738769039244585,0.09573318686116952,-0.23143707231721045,0.22414064875913203,-0.4555777210763425,-0.03881951913095294,0.7172906771721399,-0.7561101963030928,2.6872946929933446,2.9229116837591946,-0.23561699076585008
S43A13T01,filtered,75,2.5,False,False,0.18165257461936699,0.09352831746209297,-0.2653259905478631,0.2178689639566896,-0.4831949545045527,0.0016677366018354517,0.7221573590906987,-0.7204896224888632,2.6720421714159897,2.9268769912889714,-0.25483481987298173
S43A13T01,filtered,76,2.533333333333333,False,False,0.17476434135732102,0.0927280573758405,-0.30163144461914637,0.20843539302305106,-0.5100668376421974,0.044550234163337116,0.725184609351138,-0.6806343751878009,2.656244116343599,2.9316367012067457,-0.2753925848631469
S43A13T01,filtered,77,2.566666666666667,False,False,0.16672663323410936,0.09324128553181504,-0.3399061721138774,0.1960601872035142,-0.5359663593173916,0.08859910722963313,0.72504532186162,-0.6364462146319868,2.6401169041388255,2.9370772937200007,-0.2969603895811752
S43A13T01,filtered,78,2.6,False,False,0.1577336490673482,0.09483637480953674,-0.3795824855898193,0.18112056306459706,-0.5607030486544163,0.13244430087827316,0.7203531630595345,-0.5879088621812613,2.6239117833970056,2.942990724925265,-0.31907894152825955
S43A13T01,filtered,79,2.6333333333333333,True,False,0.14815229514269204,0.09713885061367705,-0.4199984478144292,0.16411721207976887,-0.5841156598941981,0.17465840872166724,0.7097660569656663,-0.535107648243999,2.607903300994274,2.9490792223051034,-0.34117592131082963
S43A13T01,filtered,80,2.6666666666666665,False,False,0.13845011044856215,0.09964211922662995,-0.4604321094420135,0.14562905815564187,-0.6060611675976554,0.21384969813914767,0.6920989419577072,-0.4782492438185595,2.592375815530721,2.9549698582604567,-0.36259404272973583
S43A13T01,filtered,81,2.7,False,False,0.12906472753134837,0.10173180176699176,-0.5001411989567764,0.12626113615143222,-0.6264023351082086,0.24875657948371369,0.666436228945933,-0.41767964946221936,2.577609106841084,2.960238441682952,-0.3826293348418681
S43A13T01,filtered,82,2.7333333333333334,False,False,0.12023444302798642,0.10272292205426563,-0.5384049862275787,0.10659158960142279,-0.6449965758290015,0.2783352065396598,0.6322334494901305,-0.3538982429504707,2.5638641834732026,2.964441132420461,-0.4005769489472586
S43A13T01,filtered,83,2.7666666666666666,True,False,0.11184676628525818,0.10190791243135894,-0.5745646957047836,0.08712416553762381,-0.6616888612424074,0.3018321957313954,0.5893977198276518,-0.28756552409625635,2.551370374987674,2.967151124995395,-0.41578075000772063
S43A13T01,filtered,84,2.8,True,False,0.10338384132361284,0.0986122507111879,-0.6080589003494171,0.06825206911378508,-0.6763109694632022,0.318835640217862,0.5383379565253976,-0.21950231630753564,2.5403146683392257,2.9679969190946123,-0.4276822507553866
S43A13T01,filtered,85,2.8333333333333335,True,False,0.09401061265148465,0.09225362389684068,-0.6384508100567277,0.05023761792229899,-0.6886884279790266,0.32929957395606124,0.4799782004523211,-0.15067862649625985,2.5308340181280458,2.966698231101867,-0.4358642129738213
S43A13T01,filtered,86,2.8666666666666667,False,False,0.08277368825192127,0.0823998969718178,-0.6654452387899252,0.03320996656807067,-0.6986552053579959,0.33353959906727326,0.4157307117757012,-0.08219111270842794,2.52301105627367,2.9630955993033634,-0.44008454302969335
S43A13T01,filtered,87,2.9,True,False,0.06882573079931856,0.06882089071937948,-0.6888941821499369,0.017180588663016007,-0.7060747708129529,0.33220022918331227,0.3474293223949696,-0.01522909321165733,2.516873288096672,2.9571702290588853,-0.44029694096221306
S43A13T01,filtered,88,2.933333333333333,True,False,0.05160298475593401,0.05152906949083303,-0.7087911960493677,0.002073651333013408,-0.7108648473823811,0.32619727987029334,0.2772274223741037,0.04896985749618965,2.5123955345143085,2.9490515693876223,-0.4366560348733137
S43A13T01,filtered,89,2.966666666666667,True,False,0.030933017457472994,0.03080472420450228,-0.7252559507174828,-0.01223364964775059,-0.7130223010697322,0.316641020923332,0.2074684528974356,0.10917256802589642,2.509505104942688,2.939011389826728,-0.42950628488403986
S43A13T01,filtered,90,3.0,False,False,0.007219966127787652,0.007202110067244326,-0.7385112742601522,-0.025866957893350848,-0.7126443163668014,0.3047475182593705,0.14053948067709604,0.16420803758227448,2.5080889914806583,2.927444564595728,-0.41935557311506955
S43A13T01,filtered,91,3.033333333333333,True,False,0.019702643490108224,0.018465750216030672,-0.7488555788526362,-0.03891321778835902,-0.7099423610642772,0.2917464549961899,0.07872005074325876,0.21302640425293112,2.5080022765312515,2.9148381823560596,-0.4068359058248081
S43A13T01,filtered,92,3.066666666666667,True,False,0.04784763847142009,0.04516429251396197,-0.7566337295538418,-0.05138736768497508,-0.7052463618688667,0.2787936683662477,0.024038908528692886,0.2547547598375548,2.509076943975676,2.901731814050049,-0.39265487007437283
S43A13T01,filtered,93,3.1,True,False,0.07651245724568172,0.07169549411782802,-0.7622091873214087,-0.0632113684605158,-0.698997818860893,0.26689572593348426,-0.02184965648954998,0.28874538242303427,2.511130367140247,2.88867265685047,-0.37754228971022297
S43A13T01,filtered,94,3.1333333333333333,False,False,0.10434800393726747,0.09677362733026545,-0.7659397075493304,-0.07420765745138502,-0.6917320500979454,0.2568522481224404,-0.05776003952441734,0.3146122876468577,2.5139728943431767,2.8761697447481547,-0.36219685040497795
S43A13T01,filtered,95,3.1666666666666665,False,False,0.13003089171218135,0.11911352981603032,-0.7681581163510489,-0.08410697494428247,-0.6840511414067665,0.24921959493273352,-0.08303313819415287,0.3322527331268864,2.517414138530056,2.864651441464779,-0.3472373029347229
S43A13T01,filtered,96,3.2,True,False,0.15236362217962288,0.13752455921342688,-0.769158850940993,-0.09256857261991877,-0.6765902783210742,0.24429724145229756,-0.09755416776421141,0.341851409216509,2.5212677750247647,2.854430026744388,-0.3331622517196231
S43A13T01,filtered,97,3.2333333333333334,False,False,0.17039344109541835,0.1510022692769737,-0.7691901681130726,-0.09920935260083363,-0.669980815512239,0.24213593879900336,-0.10173049465640574,0.3438664334554091,2.5253548390650193,2.8456764208822465,-0.32032158181722714
S43A13T01,filtered,98,3.2666666666666666,False,False,0.18352142617686854,0.15880948518831395,-0.7684513052592574,-0.10363767850777014,-0.6648136267514873,0.24256483081406896,-0.09643298686363089,0.3389978176776999,2.529505677819898,2.838407074711987,-0.30890139689208906
S43A13T01,filtered,99,3.3,False,False,0.1915933397781281,0.16053899975606079,-0.7670934940054561,-0.10548750782002056,-0.6616059861854355,0.24523324911104188,-0.08290739735184041,0.3281406464628823,2.533560841172174,2.8324839164685502,-0.2989230752963761
S43A13T01,filtered,100,3.3333333333333335,False,False,0.19496493992616223,0.1561515649709432,-0.7652236025602137,-0.10444906002656433,-0.6607745425336494,0.24966204138020712,-0.06266458421054609,0.3123266255907532,2.5373712858227737,2.8276271244002027,-0.290255838577429
S43A13T01,filtered,101,3.3666666666666667,False,False,0.19453053530365705,0.14598507803705463,-0.7629092951412837,-0.1002932929876221,-0.6626160021536616,0.25529902219016043,-0.03735973919987799,0.29265876139003844,2.540798312764032,2.823439491150637,-0.28264117838660496
S43A13T01,filtered,102,3.4,True,False,0.19169136793994987,0.1307335965228165,-0.7601848793204825,-0.09288877124192672,-0.6672961080785558,0.26157342214267326,-0.008671150136274381,0.27024457227894766,2.543713653399828,2.819440330598992,-0.275726677199164
S43A13T01,filtered,103,3.433333333333333,False,False,0.18821892963064585,0.11139772330497119,-0.7570573727743194,-0.0822108083896753,-0.6748465643846441,0.2679449449564108,0.021811627080573354,0.24613331787583745,2.5460000611925384,2.8151062780193623,-0.2691062168268239
S43A13T01,filtered,104,3.466666666666667,False,False,0.1859560929108566,0.08921062049471246,-0.7535126628462494,-0.06834381279108612,-0.6851688500551633,0.27394408340008025,0.05268184842875504,0.22126223497132522,2.547552655936595,2.8099159472415582,-0.2623632913049634
S43A13T01,filtered,105,3.5,False,False,0.18635253652238612,0.06554613030569817,-0.749521875186006,-0.05147840045403422,-0.6980434747319718,0.2792015418162878,0.08278579112804058,0.19641575068824724,2.5482811175665145,2.8033952150697976,-0.25511409750328307
S43A13T01,filtered,106,3.533333333333333,True,False,0.18999043987240605,0.041816982650012796,-0.7450481638614755,-0.03190500684581438,-0.7131431570156611,0.2834658200110846,0.11126558536574424,0.17220023464534037,2.5481126562857837,2.7951598845455665,-0.24704722825978287
S43A13T01,filtered,107,3.566666666666667,True,False,0.19638509470731721,0.019371754014049163,-0.7400540759125439,-0.010005482789673746,-0.7300485931228702,0.2866091086529951,0.13757386807293573,0.14903524058005937,2.546995523009017,2.7849526275776353,-0.2379571045686184
S43A13T01,filtered,108,3.6,False,False,0.20420051927050195,0.0006008821735264975,-0.7345094539543219,0.013756372842371838,-0.7482658267966937,0.2886225442563337,0.1614619667940939,0.12716057746223983,2.544902696654828,2.77267143133112,-0.227768734676292
S43A13T01,filtered,109,3.6333333333333333,True,False,0.2117069151342926,0.01715292279515289,-0.7283995702960876,0.038845050874112844,-0.7672446211702004,0.28960252950309073,0.1829454061544015,0.10665712334868924,2.541835314064735,2.7583872831385934,-0.21655196907385843
S43A13T01,filtered,110,3.6666666666666665,True,False,0.21720526846295612,0.02963658152582558,-0.7217328963263605,0.06466468665621641,-0.7863975829825769,0.2897302402019572,0.2022520521789856,0.08747818802297161,2.5378254029983083,2.7423495212290145,-0.20452411823070626
S43A13T01,filtered,111,3.7,False,False,0.21928990876935284,0.037738299619132595,-0.714547666199798,0.09057237842675175,-0.8051200446265498,0.2892466409417997,0.21975911554171815,0.06948752540008155,2.532937532984431,2.724978115169217,-0.19204058218478615
S43A13T01,filtered,112,3.7333333333333334,False,False,0.21696504706018654,0.04148516212066129,-0.7069162552665755,0.11589458526651814,-0.8228108405330936,0.2884253569852758,0.23592552845780124,0.05249982852747459,2.5272690955775543,2.706843048632119,-0.17957395305456458
S43A13T01,filtered,113,3.7666666666666666,False,False,0.2096727610967749,0.04122408777748848,-0.6989464108602502,0.13994769458624456,-0.8388941054464948,0.2875456371329978,0.25122593648095354,0.03631970065204426,2.5209490427455887,2.6886318739102975,-0.16768283116470872
S43A13T01,filtered,114,3.8,False,False,0.19727541027872308,0.037576556058903726,-0.6907785740009743,0.162063492318964,-0.8528420663199383,0.2868674188076937,0.26609178503763936,0.020775633770054314,2.514135029753464,2.671107325443206,-0.1569722956897417
S43A13T01,filtered,115,3.8333333333333335,False,False,0.18001467849684144,0.03137375701575926,-0.682578912166698,0.1816195908430795,-0.8641985030097774,0.28661019172095725,0.28086384338007664,0.005746348340880614,2.507009013462963,2.6550575836966153,-0.14804857023365248
S43A13T01,filtered,116,3.8666666666666667,False,False,0.15845698719518295,0.023578655572020518,-0.6745282073098962,0.19807393397582046,-0.8726021412857166,0.28693696568969224,0.295759132628897,-0.00882216693920479,2.4997714422657946,2.6412423610087,-0.1414709187429053
S43A13T01,filtered,117,3.9,False,False,0.13342975082570005,0.015202357420165208,-0.6668073405227763,0.21100142313745557,-0.8778087636602319,0.2879441978337941,0.31085375230265755,-0.022909554468863447,2.4926342396374976,2.6303384308261144,-0.13770419118861676
S43A13T01,filtered,118,3.933333333333333,False,False,0.10595177803534106,0.0072222518389220836,-0.6595806961205918,0.22012965470729307,-0.8797103508278848,0.28965804497196734,0.32608165889285834,-0.036423613920890996,2.4858128328428797,2.622888517318554,-0.1370756844756742
S43A13T01,filtered,119,3.966666666666667,False,False,0.07716337561291327,0.0005087109408031532,-0.652979279272974,0.22536991070198464,-0.8783491899749586,0.29203680469824145,0.3412481406084788,-0.04921133591023735,2.4795175164075745,2.619257553975485,-0.13974003756791076
S43A13T01,filtered,120,4.0,True,False,0.0482766990526816,0.0042342160721624555,-0.6470856181665918,0.22683908968135014,-0.873924707847942,0.29497892515593893,0.3560556247976039,-0.061076699641664955,2.473944471508417,2.6196001383391088,-0.14565566683069164
S43A13T01,filtered,121,4.033333333333333,False,False,0.020746247002534055,0.006510438532410651,-0.6419225416876813,0.22486836288295386,-0.8667909045706351,0.29833553460961454,0.37013859610273536,-0.07180306149312082,2.4692667917897775,2.6238424875215136,-0.15457569573173613
S43A13T01,filtered,122,4.066666666666666,False,False,0.009140564282405981,0.006054043229224787,-0.6374476561474507,0.21999509553208502,-0.8574427516795358,0.30192610392757147,0.3831038280128165,-0.08117772408524504,2.4656258964826026,2.6316812972856627,-0.16605540080306014
S43A13T01,filtered,123,4.1,True,False,0.03063218861131974,0.0028322032902161898,-0.6335547972055257,0.21293600009252656,-0.8464907972980522,0.3055556407663032,0.39457186582653647,-0.08901622506023327,2.463123744106694,2.6426006435962903,-0.17947689948959633
S43A13T01,filtered,124,4.133333333333334,False,False,0.05048896212670826,0.0029695219218158764,-0.6300829543566957,0.2045414902113675,-0.8346244445680632,0.3090317476859788,0.40421576706138873,-0.09518401937540993,2.461816291874688,2.655906524554187,-0.19409023267949888
S43A13T01,filtered,125,4.166666666666667,False,False,0.06684194549344243,0.010976569163332367,-0.6268322421643034,0.19573356708793,-0.8225658092522334,0.3121799682468676,0.4117935141995257,-0.09961354595265809,2.4617086697300787,2.6707769674377824,-0.20906829770770363
S43A13T01,filtered,126,4.2,False,False,0.07949315456749882,0.020665694345843283,-0.6235855420485965,0.1874319797313423,-0.8110175217799388,0.31485608905032597,0.41717124528484195,-0.10231515623451598,2.462752541326185,2.6863240031971505,-0.22357146187096566
S43A13T01,filtered,127,4.233333333333333,True,False,0.08858011254983245,0.031412084430031045,-0.6201335941690406,0.18047548306823846,-0.800609077237279,0.31695443755937847,0.4203354421713435,-0.10338100461196503,2.464846091463283,2.7016624342175186,-0.2368163427542358
S43A13T01,filtered,128,4.266666666666667,False,False,0.09446334573567312,0.04253906697482168,-0.6163007116960719,0.17554639749415463,-0.7918471091902266,0.31841167556972094,0.4213933750140453,-0.10298169944432434,2.4678369947739305,2.715979374275923,-0.24814237950199258
S43A13T01,filtered,129,4.3,False,False,0.09764929151638825,0.05336651126079653,-0.6119680269473562,0.17310704139928496,-0.7850750683466412,0.31920608600875766,0.42056229669009826,-0.1013562106813406,2.4715285722023306,2.728598173954726,-0.25706960175239546
S43A13T01,filtered,130,4.333333333333333,False,False,0.09870373694749827,0.06325457227640721,-0.6070913233281995,0.1733557909747403,-0.7804471143029398,0.3193528320946746,0.41814897823340746,-0.09879614613873289,2.4756891271498533,2.7390306576058623,-0.26334153045600894
S43A13T01,filtered,131,4.366666666666666,False,False,0.09815929915931386,0.07164020053968989,-0.601711060870559,0.17620853544250975,-0.7779195963130687,0.318896081500983,0.41452206157206334,-0.09562598007108036,2.480064181560331,2.747012608454749,-0.2669484268944182
S43A13T01,filtered,132,4.4,True,False,0.0964325097300488,0.07806475918284927,-0.5959531019099773,0.18130836921913157,-0.7772614711291088,0.31789919099555947,0.4100803007821263,-0.09218110978656685,2.4843910272860885,2.7525190682716727,-0.2681280409855842
S43A13T01,filtered,133,4.433333333333334,True,False,0.09377087035213741,0.08219207257954897,-0.5900197641358751,0.18806291258923483,-0.7780826767251099,0.3164343076983579,0.4052200291023784,-0.08878572140402052,2.488414705772985,2.755758086651514,-0.26734338087852905
S43A13T01,filtered,134,4.466666666666667,False,False,0.09024585795765704,0.0838171784566116,-0.5841720108825039,0.195705213045899,-0.7798772239284029,0.31457274422446724,0.4003051193642755,-0.08573237513980825,2.4919042725184473,2.757143798713191,-0.26523952619474356
S43A13T01,filtered,135,4.5,False,False,0.08579364357729928,0.08286685697567142,-0.5787046652125276,0.20337129480384808,-0.7820759600163757,0.31237732500768184,0.39564231590313637,-0.08326499089545453,2.494668034776789,2.757251827098838,-0.2625837923220491
S43A13T01,filtered,136,4.533333333333333,False,False,0.08028860264751814,0.0793935615786859,-0.573917358753775,0.21018553672321438,-0.7841028954769894,0.3098975959450832,0.391464140760316,-0.08156654481523279,2.496566407141592,2.7567617148139414,-0.26019530767234933
S43A13T01,filtered,137,4.566666666666666,False,False,0.07362632806214679,0.07356460775298956,-0.5700843962570983,0.21534442400925402,-0.7854288202663523,0.30716837289347415,0.38792067290568655,-0.0807523000122124,2.497521132637787,2.756392198656047,-0.25887106601826027
S43A13T01,filtered,138,4.6,True,False,0.06579731995892718,0.06564837722011754,-0.5674267864038175,0.2181898663685971,-0.7856166527724147,0.3042116260369087,0.3850804517121438,-0.08086882567523507,2.4975198729799692,2.7568355391962114,-0.25931566621624214
S43A13T01,filtered,139,4.633333333333334,False,False,0.056946080731571584,0.0559989246609674,-0.56608936947864,0.218265023624812,-0.784354393103452,0.30104121729068417,0.3829396795472261,-0.0818984622565419,2.49661556769769,2.7586968547334445,-0.2620812870357545
S43A13T01,filtered,140,4.666666666666667,False,False,0.04742909093987307,0.04503984466699959,-0.5661253237668149,0.2153480899999936,-0.7814734137668085,0.2976695911314887,0.38143792720397995,-0.08376833607249123,2.4949204641556326,2.7624435710635304,-0.2675231069078978
S43A13T01,filtered,141,4.7,True,False,0.03791429011750018,0.033247704701701325,-0.5674894527669078,0.20946233588904967,-0.7769517886559574,0.29411522537710766,0.38047781456801183,-0.08636258919090417,2.492595275292328,2.7683688519804504,-0.2757735766881222
S43A13T01,filtered,142,4.733333333333333,False,False,0.029609535226927317,0.02113490124136172,-0.5700406642392767,0.2008634574642459,-0.7709041217035226,0.29040952393539615,0.3799457587059082,-0.08953623477051204,2.489834459787535,2.776571386717177,-0.28673692692964226
S43A13T01,filtered,143,4.766666666666667,False,False,0.0245693336759262,0.009231539114581494,-0.5735530743386987,0.19000756704217875,-0.7635606413808775,0.286601903201466,0.3797309176708641,-0.09312901446939809,2.486849064691777,2.786952340784941,-0.3001032760931639
S43A13T01,filtered,144,4.8,True,False,0.024770435212822097,0.0019340938607907143,-0.577734317998966,0.17750471465432427,-0.7552390326532903,0.2827620842124533,0.3797399130325951,-0.09697782882014178,2.4838488546158994,2.7992287670584313,-0.31537991244253183
S43A13T01,filtered,145,4.833333333333333,False,False,0.029376053512390494,0.011856695246042853,-0.5822490059505383,0.16406355822042928,-0.7463125641709676,0.27897901944807074,0.3799057198131658,-0.10092670036509505,2.481025526900031,2.812961442716645,-0.3319359158166142
S43A13T01,filtered,146,4.866666666666666,False,False,0.035799434771785064,0.020076641289703767,-0.5867448892802621,0.1504327452310367,-0.7371776345112988,0.27535639387118743,0.3801901378994324,-0.10483374402824497,2.478538663574484,2.8275940388511875,-0.3490553752767034
S43A13T01,filtered,147,4.9,True,False,0.04233604127141006,0.026203638430248505,-0.5908791876450246,0.13734390702904692,-0.7282230946740715,0.2720051637990568,0.3805803307214064,-0.10857516692234959,2.4765057197447002,2.8424998108306374,-0.36599409108593717
S43A13T01,filtered,148,4.933333333333334,False,False,0.04830987110116265,0.029940306488714014,-0.5943426894983557,0.12546014178878923,-0.719802831287145,0.26903405048604284,0.3810808534131252,-0.11204680292708236,2.4749968480757465,2.8570316560725155,-0.38203480799676903
S43A13T01,filtered,149,4.966666666666667,False,False,0.05367748820080725,0.031104268635575028,-0.5968796022980456,0.11533272551423104,-0.7122123278122766,0.26653921658260216,0.38170324135608824,-0.11516402477348608,2.4740347853819653,2.8705714236128164,-0.39653663823085106
S43A13T01,filtered,150,5.0,True,False,0.05881696782868673,0.029647039157062002,-0.5983016643535571,0.10736774806110333,-0.7056694124146605,0.2645944773105187,0.38245549690325487,-0.11786101959273615,2.47359946138469,2.8825747400554453,-0.4089752786707552
S43A13T01,filtered,151,5.033333333333333,True,False,0.06437669228591866,0.025667861351959045,-0.5984956669078549,0.10180355247932979,-0.7002992193871848,0.263243321401808,0.38333367460854095,-0.12009035320673295,2.4736365047467177,2.8926082663634634,-0.41897176161674565
S43A13T01,filtered,152,5.066666666666666,False,False,0.07107453416773862,0.019420669311204397,-0.5974242107356865,0.09869930259589699,-0.6961235133315835,0.26249375961664256,0.3843172685676839,-0.12182350895104133,2.4740684716558996,2.900377122676107,-0.4263086510202072
S43A13T01,filtered,153,5.1,False,False,0.0794525793216415,0.011312537220683927,-0.5951201710340108,0.0979346781873629,-0.6930548492213737,0.26231662792093835,0.3853693472772529,-0.12305271935631457,2.4748074368411266,2.9057411131829882,-0.43093367634186164
S43A13T01,filtered,154,5.133333333333334,False,False,0.08969323965600841,0.0018923469275917149,-0.5916759063260226,0.09922050470964916,-0.6908964110356718,0.2626475119505837,0.3864414928175522,-0.12379398086696847,2.4757675700762434,2.9087192663277883,-0.43295169625154495
S43A13T01,filtered,155,5.166666666666667,True,False,0.10159138795661736,0.008171044023474988,-0.5872286694592419,0.10211994390427628,-0.6893486133635182,0.26339199836635596,0.387482727529454,-0.12409072916309805,2.4768764553439984,2.90948302175062,-0.43260656640662143
S43A13T01,filtered,156,5.2,False,False,0.11466426929452489,0.01812112057028052,-0.5819439256409772,0.10607958649005589,-0.6880235121310331,0.26443356108703153,0.38845089411900774,-0.1240173330319762,2.4780841610813695,2.9083391136585783,-0.4302549525772088
S43A13T01,filtered,157,5.233333333333333,False,False,0.12831170329942346,0.027155619062368047,-0.5759983396531542,0.11046931774843508,-0.6864676574015892,0.2656431066690231,0.38932451238205484,-0.12368140571303177,2.4793693945866293,2.9057038015928067,-0.4263344070061774
S43A13T01,filtered,158,5.266666666666667,True,False,0.1419632403765562,0.0344761572491617,-0.5695640711071674,0.11462915181803168,-0.6841932229251991,0.26688906448624866,0.3901130410296305,-0.12322397654338185,2.480742424748274,2.9020705649294185,-0.4213281401811444
S43A13T01,filtered,159,5.3,True,False,0.15519439305588406,0.039342737164226205,-0.5627957418624504,0.11792041046147589,-0.6807161523239262,0.2680469225842409,0.390863736569981,-0.12281681398574013,2.4822447912780063,2.8979736865031827,-0.4157288952251763
S43A13T01,filtered,160,5.333333333333333,True,False,0.16781290371730462,0.04112939923756634,-0.55582105538882,0.11977779403420281,-0.6755988494230228,0.26900726529016405,0.3916638621189398,-0.12265659682877572,2.483946101579135,2.893950288224799,-0.41000418664566407
S43A13T01,filtered,161,5.366666666666666,False,False,0.17991279488923215,0.03937665697147885,-0.5487356011475844,0.11975824363236418,-0.6684938447799486,0.26968163089762415,0.39263773760496934,-0.12295610670734519,2.4859384273666936,2.8905033456073044,-0.4045649182406108
S43A13T01,filtered,162,5.4,False,False,0.191883963753003,0.03383603236414841,-0.5416019150841199,0.11758221245174577,-0.6591841275358656,0.2700058315587692,0.39393889130336956,-0.12393305974460034,2.488328944916027,2.8880680143685273,-0.3997390694525005
S43A13T01,filtered,163,5.433333333333334,False,False,0.20435872214936066,0.024502135936698893,-0.5344524336615663,0.11316318772952368,-0.64761562139109,0.26994071317295165,0.3957382339713642,-0.12579752079841255,2.4912315194883776,2.8869832821025145,-0.3957517626141369
S43A13T01,filtered,164,5.466666666666667,False,False,0.21808303789523967,0.011628343393296214,-0.5272956115880146,0.10662207831137252,-0.6339176898993871,0.2694706344772214,0.39820963607968596,-0.12873900160246454,2.494757927905479,2.8874705516562447,-0.39271262375076565
S43A13T01,filtered,165,5.5,False,False,0.23372580510110444,0.00427679025983442,-0.5201242032667013,0.09828434948158585,-0.6184085527482871,0.2686001756023957,0.4015145065245108,-0.13291433092211513,2.4990093590919846,2.889620309745318,-0.3906109506533335
S43A13T01,filtered,166,5.533333333333333,False,False,0.2516761787314544,0.022473733194760398,-0.5129245565877785,0.0886593972892504,-0.6015839538770289,0.2673497249927153,0.4057869602720443,-0.138437235279329,2.504068746887637,2.8933875638967645,-0.38931881700912774
S43A13T01,filtered,167,5.566666666666666,False,False,0.2718985038287695,0.042036347441403984,-0.5056857453220928,0.07840339937384133,-0.5840891446959341,0.2657506333573953,0.41112097110939,-0.1453703377519947,2.509994386895511,2.898596257162434,-0.38860187026692294
S43A13T01,filtered,168,5.6,False,False,0.2938924930709465,0.06191403964631448,-0.4984074703739165,0.06826852865956771,-0.5666759990334842,0.2638405724383344,0.4175605985421291,-0.1537200261037947,2.516815180516363,2.904952393151589,-0.3881372126352258
S43A13T01,filtered,169,5.633333333333334,False,False,0.31675667556971593,0.08100741202340277,-0.49110587374840603,0.05904276314942913,-0.5501486368978351,0.26165961447400526,0.4250940181028544,-0.16343440362884915,2.524527741296087,2.9120651169260325,-0.3875373756299454
S43A13T01,filtered,170,5.666666666666667,True,False,0.339315467025032,0.09825148647277687,-0.48381670233784724,0.0514854181388512,-0.5353021204766985,0.25924738163576433,0.4336517235790423,-0.17440434194327797,2.5330954934298218,2.9194744980233844,-0.38637900459356267
S43A13T01,filtered,171,5.7,False,False,0.36026507766403365,0.11269936891470486,-0.47659559202259116,0.046263888083228524,-0.5228594801058197,0.2566414312686593,0.44310894508806076,-0.18646751381940146,2.5424497879641605,2.9266842645198317,-0.3842344765556711
S43A13T01,filtered,172,5.733333333333333,False,False,0.3783091794042575,0.1235986373890754,-0.4695155733589099,0.04389690765933377,-0.5134124810182437,0.2538768675539313,0.4532920618173065,-0.19941519426337523,2.552492955196749,2.9331972791077785,-0.3807043239110297
S43A13T01,filtered,173,5.766666666666667,False,False,0.39227227853243873,0.13045291785647556,-0.46266218971879963,0.04470897666425067,-0.5073711663830504,0.25098702281443613,0.46398859205534715,-0.21300156924091102,2.56310309941444,2.9385511889043707,-0.3754480894899306
S43A13T01,filtered,174,5.8,False,False,0.4011884168831138,0.1330621263779733,-0.4561268391144869,0.048799531390408366,-0.5049263705048953,0.2480049450978136,0.4749602100554064,-0.2269552649575928,2.574140326213462,2.9423514906838917,-0.3682111644704298
S43A13T01,filtered,175,5.833333333333333,False,False,0.4043661106077442,0.13153667731210228,-0.44999908782339754,0.05602909823044297,-0.5060281860538405,0.2449653690222977,0.4859581484806309,-0.2409927794583332,2.5854539811880817,2.944299297853089,-0.3588453166650072
S43A13T01,filtered,176,5.866666666666666,False,False,0.4014307947476167,0.1262834438415236,-0.4443587562096902,0.06602315801164162,-0.5103819142213318,0.24190683346868241,0.49674026618077427,-0.25483343271209186,2.5968903854596967,2.9442114169608633,-0.34732103150116655
S43A13T01,filtered,177,5.9,True,False,0.392345825656079,0.11796416085187592,-0.43926855305115975,0.07819291498170293,-0.5174614680328626,0.23887363555541108,0.5070889642556333,-0.26821532870022224,2.6083004949141952,2.942030943608101,-0.33373044869390567
S43A13T01,filtered,178,5.933333333333334,True,False,0.37741318668210444,0.10742994618243193,-0.4347679468659573,0.09177074187328933,-0.5265386887392467,0.23591736359507892,0.5168290025295132,-0.2809116389344343,2.6195469012504717,2.937827427589041,-0.3182805263385693
S43A13T01,filtered,179,5.966666666666667,False,False,0.3572554892929838,0.0956383039110406,-0.4308688243658518,0.10585690130638503,-0.5367257256722369,0.2330978182259776,0.5258441100125945,-0.2927462917866168,2.6305096434214343,2.931786648043814,-0.3012770046223796
S43A13T01,filtered,180,6.0,False,False,0.3327814073589578,0.08356099364214939,-0.42755330950195813,0.11947334832554769,-0.5470266578275058,0.23048319724317853,0.5340911276978205,-0.30360793045464196,2.6410904084871496,2.924191062714782,-0.2831006542276322
S43A13T01,filtered,181,6.033333333333333,False,False,0.30513706217313297,0.0720922125823399,-0.4247739138025272,0.1316200870214788,-0.556394000824006,0.2281494760208357,0.5416103202797267,-0.313460844258891,2.651214862233933,2.9153929202686117,-0.26417805803467864
S43A13T01,filtered,182,6.066666666666666,False,False,0.2756459024824372,0.06196649038116993,-0.42245597367678156,0.14132971573623435,-0.5637856894130159,0.22617895740530453,0.5485305030726741,-0.3223515456673696,2.6608330440169654,2.9057827303013744,-0.24494968628440894
S43A13T01,filtered,183,6.1,False,False,0.24573911989436084,0.05369455685709297,-0.4205021195022695,0.14771640969067762,-0.5682185291929471,0.22465799390057703,0.5550678032777717,-0.33040980937719466,2.6699179623000378,2.895756182143798,-0.22583821984376007
S43A13T01,filtered,184,6.133333333333334,False,False,0.21687730678043982,0.04752338654991095,-0.41879833286932994,0.15001654961987376,-0.5688148824892036,0.2236739069377256,0.561517241499464,-0.33784333456173843,2.678462709484724,2.8856826472508956,-0.20721993776617165
S43A13T01,filtered,185,6.166666666666667,False,False,0.19046161511107262,0.043423946625854526,-0.41722100032033543,0.14761935544118157,-0.564840355761517,0.22331115180996503,0.5682368768189163,-0.3449257250089513,2.686476550857792,2.875878100038568,-0.18940154918077567
S43A13T01,filtered,186,6.2,False,False,0.16773012614932487,0.04110723103004829,-0.4156442797748404,0.1400870527491807,-0.5557313325240212,0.22364681142506176,0.5756249624689664,-0.3519781510439047,2.6939805135325456,2.866584706547397,-0.17260419301485141
S43A13T01,filtered,187,6.233333333333333,True,False,0.14963824057099245,0.04006630942462441,-0.4139470708265674,0.1271651293970589,-0.5411122002236263,0.22474555386890932,0.5840913260256546,-0.3593457721567453,2.7010029982634363,2.8579585518548303,-0.15695555359139401
S43A13T01,filtered,188,6.266666666666667,True,False,0.13674266282211286,0.03963965899598203,-0.4120189280167727,0.10878401419062306,-0.5208029422073958,0.2266542595203311,0.594024908605223,-0.3673706490848918,2.7075758634060776,2.850066112852517,-0.1424902494464395
S43A13T01,filtered,189,6.3,False,False,0.12914722624212863,0.03908919783522288,-0.40976437612667044,0.0850539721957791,-0.49481834832244953,0.2293966082218184,0.6057599572344297,-0.37636334901261126,2.7137313013224875,2.842889235394898,-0.12915793407241027
S43A13T01,filtered,190,6.333333333333333,False,False,0.12657538227458995,0.037685315403810475,-0.40710526968130173,0.05625516039483658,-0.4633604300761383,0.23296800424275999,0.6195436691448721,-0.38657566490211215,2.7194996675515695,2.8363376288854214,-0.11683796133385194
S43A13T01,filtered,191,6.366666666666666,False,False,0.12854658619892717,0.03479082179621873,-0.40398106799691846,0.022824662592581764,-0.4268057305895002,0.23733129015572488,0.6355080864727234,-0.39817679631699854,2.724908261010363,2.830267308558568,-0.10535904754820491
S43A13T01,filtered,192,6.4,True,False,0.134526947558197,0.029936070509575717,-0.40034714766839546,-0.01465801979934003,-0.38568912786905546,0.24241374262304288,0.6536487430958975,-0.4112350004728546,2.729980917218528,2.8245030320065556,-0.09452211478802752
S43A13T01,filtered,193,6.433333333333334,False,False,0.1439559039142713,0.022878465968599007,-0.3961715172878937,-0.05548604614893162,-0.3406854711389621,0.2481058378858031,0.6738120335924855,-0.42570619570668244,2.7347381871670278,2.8188626013345175,-0.08412441416748973
S43A13T01,filtered,194,6.466666666666667,False,False,0.15618426129764587,0.01364103616652075,-0.39143050455465417,-0.09884051265888294,-0.29258999189577123,0.254262211179299,0.6956925978698151,-0.4414303866905161,2.7391978421314187,2.8131809190562476,-0.07398307692482886
S43A13T01,filtered,195,6.5,False,False,0.17042134763814334,0.0025265977407605833,-0.38610412681061274,-0.1438061929476195,-0.24229793386299323,0.2607051064346828,0.7188412803665958,-0.45813617393191297,2.7433754671753574,2.8073318568761203,-0.0639563897007629
S43A13T01,filtered,196,6.533333333333333,False,False,0.18574422262238902,0.009893887399371859,-0.3801719113859465,-0.1893885968996755,-0.19078331448627103,0.26723042078001974,0.7426834880155837,-0.47545306723556396,2.747284970382946,2.8012462744846944,-0.053961304101748375
S43A13T01,filtered,197,6.566666666666666,False,False,0.20116042962023759,0.022818027571996635,-0.37360988954979313,-0.2345336310551695,-0.13907625849462363,0.2736162005948166,0.7665470613184204,-0.4929308607236038,2.7509389217053335,2.794924866671237,-0.04398594496590347
S43A13T01,filtered,198,6.6,False,False,0.2156944846059938,0.0352710023817035,-0.3663893461224506,-0.27815130586463066,-0.08823804025781995,0.27963315997148136,0.7896980941085836,-0.5100649341371022,2.754348724039939,2.7884448908140262,-0.03409616677408733
S43A13T01,filtered,199,6.633333333333334,False,False,0.2284767993095169,0.046182236594545845,-0.35847767793141677,-0.3191447428306292,-0.03933293510078756,0.28505649720741777,0.8113825006673039,-0.5263260034598861,2.7575246919119145,2.781960218322497,-0.024435526410582664
S43A13T01,filtered,200,6.666666666666667,False,False,0.23882696139326048,0.05447365240485441,-0.34984142386499945,-0.3564451544789987,0.00660373061399927,0.289678019538699,0.8308705682437627,-0.5411925487050637,2.760476157452077,2.775694560655018,-0.01521840320294121
S43A13T01,filtered,201,6.7,True,False,0.24633036956009854,0.05915237271767998,-0.340451214102888,-0.38905254355360364,0.04860132945071566,0.2933173962971784,0.8475013118214236,-0.5541839155242452,2.763211733407913,2.7699281468662904,-0.006716413458377257
S43A13T01,filtered,202,6.733333333333333,False,False,0.2509076944464917,0.05940024859520854,-0.3302880891800992,-0.4160807136902042,0.085792624510105,0.2958312907906149,0.8607232467108848,-0.56489195592027,2.765739839532085,2.7649785765365547,0.0007612629955304762
S43A13T01,filtered,203,6.766666666666667,False,False,0.2528718510764002,0.054652674807999735,-0.31935040340719145,-0.4368039807368151,0.11745357732962364,0.2971192061964091,0.8701282885331421,-0.573009082336733,2.768069548709711,2.761177029958119,0.006892518751592025
S43A13T01,filtered,204,6.8,False,False,0.25295715858738316,0.04465985693332075,-0.30766038732421014,-0.450701927747441,0.14304154042323086,0.297125136332337,0.8754759244688746,-0.5783507881365375,2.7702117438862714,2.7588414612809,0.011370282605371429
S43A13T01,filtered,205,6.833333333333333,False,False,0.25229038189722824,0.02952497358459738,-0.2952694236157882,-0.4574978540097234,0.16222843039393525,0.2958345285799478,0.8767055710467533,-0.5808710424668055,2.7721805095392646,2.758248789211378,0.013931720327886588
S43A13T01,filtered,206,6.866666666666666,False,False,0.25225990331052733,0.009715459593977738,-0.28226119816388584,-0.4571863847173311,0.17492518655344524,0.2932666060687658,0.8739360845724182,-0.5806694785036524,2.7739946246791196,2.7596083835333394,0.014386241145780243
S43A13T01,filtered,207,6.9,True,False,0.25424889001496753,0.013954208275282154,-0.26875211377215213,-0.45004612452513415,0.18129401075298202,0.28946269717549716,0.86745261421842,-0.5779899170429228,2.7756789878445542,2.7630392727837934,0.012639715060760892
S43A13T01,filtered,208,6.933333333333334,False,False,0.2592611766280079,0.04036748536576279,-0.2548886731349268,-0.4366342681485589,0.18174559501363208,0.2844718029166641,0.8576822434602841,-0.57321044054362,2.7772657939230823,2.7685534244521506,0.00871236947093168
S43A13T01,filtered,209,6.966666666666667,True,False,0.267573053305716,0.0681754039332923,-0.24084190986196102,-0.4177616510219665,0.17691974116000547,0.27833511147629075,0.8451609942479293,-0.5668258827716386,2.7787952991296114,2.7760471432950187,0.002748155834592758
S43A13T01,filtered,210,7.0,False,False,0.2785893213911725,0.09588566998543036,-0.2267993212903719,-0.3944486729807429,0.16764935169037098,0.2710714655930559,0.830495614070518,-0.559424148477462,2.780316050759102,2.7853020845136367,-0.00498603375453488
S43A13T01,filtered,211,7.033333333333333,False,False,0.29097757410154645,0.12196428558175126,-0.21295507981144265,-0.3678646233114553,0.15490954350001265,0.2626658442542122,0.8143239988478352,-0.551658154593623,2.781884514430544,2.7959966006776904,-0.014112086247146216
S43A13T01,filtered,212,7.066666666666666,True,False,0.30298730408871494,0.14494164080973065,-0.19949952055378367,-0.3392548951689043,0.1397553746151206,0.2530627065861672,0.797278045700375,-0.5442153391142077,2.7835640918623232,2.807727179271799,-0.024163087409475814
S43A13T01,filtered,213,7.1,False,False,0.31279690236650115,0.16351456382356117,-0.18660898683777075,-0.3098621181256861,0.12325313128791535,0.24216557084560938,0.7799521740024626,-0.5377866031568532,2.7854235740147177,2.820038661014474,-0.03461508699975635
S43A13T01,filtered,214,7.133333333333334,False,False,0.3187889852653269,0.176636065201813,-0.1744370474281781,-0.2808481254615229,0.10641107803334479,0.2298435102745789,0.7628797789347876,-0.5330362686602088,2.787535107342674,2.8324608705309027,-0.04492576318822872
S43A13T01,filtered,215,7.166666666666667,False,False,0.3197318956134414,0.18358544066142463,-0.16310789359330263,-0.2532237660801877,0.09011587248688507,0.2159444184654839,0.7465186417754983,-0.5305742233100144,2.7899717602768,2.844548377386033,-0.054576617109233005
S43A13T01,filtered,216,7.2,False,False,0.31488280457257156,0.184012939229007,-0.1527124151057607,-0.2277928440943629,0.0750804289886022,0.20031403141036794,0.7312450165403397,-0.5309309851299717,2.7928047658139876,2.855919478598539,-0.0631147127845515
S43A13T01,filtered,217,7.233333333333333,False,False,0.30403259345141054,0.17795526327692648,-0.14330709425884416,-0.20511501252105513,0.061807918262210965,0.18281890333090528,0.7173549565092023,-0.534536053178297,2.7961004944166787,2.866290274856132,-0.07018978043945312
S43A13T01,filtered,218,7.266666666666667,True,False,0.28750707232096456,0.16582060639445262,-0.13491550279426537,-0.18549044704607542,0.050574944251810056,0.16337092487110336,0.7050706235103632,-0.5416996986392598,2.799917194293631,2.875499978109235,-0.0755827838156038
S43A13T01,filtered,219,7.3,False,False,0.2661349528618255,0.1483445759262342,-0.127531890513756,-0.1689668304266161,0.0414349399128601,0.14195063011401993,0.6945489639772502,-0.5525983338632303,2.8043015395102495,2.883524351973466,-0.07922281246321639
S43A13T01,filtered,220,7.333333333333333,False,False,0.24119273163640664,0.12652096609154173,-0.1211261558406952,-0.15536686476184453,0.03424070892114933,0.11862651389510294,0.6858902802596238,-0.5672637663645209,2.8092850624509373,2.8904753921876365,-0.08119032973669915
S43A13T01,filtered,221,7.366666666666666,True,False,0.21433846460239983,0.1015136879191942,-0.11564941020413583,-0.14433247012991984,0.028683059925784016,0.09356788255782032,0.6791448201250757,-0.5855769375672554,2.814880619604172,2.8965868777430526,-0.08170625813888055
S43A13T01,filtered,222,7.4,True,False,0.18754523063129497,0.07455795721271281,-0.11103939335054687,-0.13538026320555493,0.024340869855008065,0.06704935749031452,0.6743164117177343,-0.6072670542274198,2.821079139922285,2.9021870826689966,-0.08110794274671163
S43A13T01,filtered,223,7.433333333333334,False,False,0.16302779526173006,0.04685985260061924,-0.10722515006289429,-0.1279620175304879,0.020736867467593595,0.039445973241564236,0.6713631855500997,-0.6319172123085355,2.8278470114915972,2.907661516380836,-0.07981450488923869
S43A13T01,filtered,224,7.466666666666667,False,False,0.14309634853135908,0.01950341729936507,-0.10413060794131548,-0.12152368296335161,0.01739307502203613,0.011218766563490476,0.6701963323554028,-0.6589775657919122,2.835124543608951,2.9134098343168824,-0.07828529070793122
S43A13T01,filtered,225,7.5,False,False,0.12977130437968903,0.006626456252342733,-0.10167695668180082,-0.11555717914058954,0.013880222458788713,-0.017108267591019875,0.6706784613269117,-0.6877867289179316,2.842825964140481,2.9198018386369187,-0.0769758744964375
S43A13T01,filtered,226,7.533333333333333,False,False,0.12406472723942907,0.03089895059356318,-0.09978397350901015,-0.10964046575411354,0.00985649224510339,-0.04497807807454352,0.6726233383264901,-0.7176014164010337,2.8508413502144916,2.927137644025999,-0.07629629381150727
S43A13T01,filtered,227,7.566666666666666,False,False,0.12540969796710189,0.05296613354411721,-0.09837062434032828,-0.10346313114539304,0.0050925068050647615,-0.0718348167932353,0.6757985857724307,-0.747633402565666,2.8590407335675616,2.9356165766228344,-0.07657584305527276
S43A13T01,filtered,228,7.6,False,False,0.13203393993154625,0.07276453063518322,-0.09735536710621444,-0.09683667385728864,-0.0005186932489257973,-0.09715947309510456,0.6799323921624594,-0.7770918652575639,2.867280380040389,2.9453182606518666,-0.07803788061147765
S43A13T01,filtered,229,7.633333333333334,False,False,0.1419958541533724,0.09049107519930244,-0.09665658275017086,-0.08969050963721698,-0.0069660731129538855,-0.12050370934096175,0.6847245447551562,-0.805228254096118,2.875410945530483,2.956197772734815,-0.08078682720433239
S43A13T01,filtered,230,7.666666666666667,False,False,0.15387571328696567,0.10655740167813393,-0.09619347051997947,-0.08205627800784085,-0.014137192512138616,-0.14151883863469458,0.6898613169509529,-0.8313801555856475,2.8832869035864244,2.968094924912216,-0.08480802132579157
S43A13T01,filtered,231,7.7,True,False,0.16686861175378057,0.12152817611762894,-0.09588759223967991,-0.07404406916431319,-0.021843523075366716,-0.1599772968315326,0.6950330491446335,-0.8550103459761661,2.890776376619497,2.9807559334531253,-0.08997955683362813
S43A13T01,filtered,232,7.733333333333333,False,False,0.1806091441422224,0.13605015605928167,-0.09566506879372444,-0.06581464830871186,-0.029850420485012574,-0.17578463115472281,0.6999527584210852,-0.875737389575808,2.8977703359283877,2.993864203964629,-0.09609386803624131
S43A13T01,filtered,233,7.766666666666667,False,False,0.19498463900214175,0.1507789469704744,-0.09545925592177053,-0.057551617737320586,-0.03790763818444994,-0.18898089619732372,0.7043738559243833,-0.893354752121707,2.904190105606475,3.007075934737069,-0.10288582913059408
S43A13T01,filtered,234,7.8,False,False,0.21001365877281358,0.16631006185274633,-0.09521358614350224,-0.04943681305314273,-0.04577677309035951,-0.19973133466791165,0.7081050592515038,-0.9078363939194154,2.909992230249321,3.0200558482838047,-0.11006361803448383
S43A13T01,filtered,235,7.833333333333333,False,False,0.22578141433472768,0.18312002026816002,-0.09488418157444657,-0.041631235837864974,-0.0532529457365816,-0.2083072316418608,0.71102084682317,-0.9193280784650308,2.915170037545298,3.03250863801195,-0.11733860046665212
S43A13T01,filtered,236,7.866666666666666,False,False,0.24240224940011929,0.2015219734622649,-0.09444183053328006,-0.03426267752550659,-0.060179153007773475,-0.2150587684848948,0.7130662725897836,-0.9281250410746784,2.9197516100008434,3.0442025875487286,-0.12445097754788526
S43A13T01,filtered,237,7.9,False,False,0.2599844266525677,0.22163883714833532,-0.0938729798136863,-0.027420084853843292,-0.066452894959843,-0.22038247088113078,0.7142555836241157,-0.9346380545052464,2.9237943221458482,3.054983121768556,-0.1311887996227079
S43A13T01,filtered,238,7.933333333333334,False,False,0.2785871645849251,0.24339527135779804,-0.09317951394049338,-0.021153816801708136,-0.07202569713878525,-0.22468636299025901,0.7146647862985811,-0.9393511492888401,2.9273765384167483,3.0647755657253577,-0.13739902730860942
S43A13T01,filtered,239,7.966666666666667,False,False,0.2981747297954844,0.26652818540514833,-0.0923772530952976,-0.015480346656212292,-0.07689690643908531,-0.22835614821642394,0.7144190054873774,-0.9427751537038013,2.9305874409042176,3.0735778918836623,-0.14299045097944463
S43A13T01,filtered,240,8.0,False,False,0.3185809241266207,0.290613883169109,-0.09149327704652407,-0.010389701961245307,-0.08110357508527877,-0.2317256085322241,0.7136760891407983,-0.9454016976730224,2.9335162122876026,3.0814455207539213,-0.1479293084663187
