trial,mode,frame0,nominal_time_s,raw_review_flag,raw_repeated_previous,foot_separation_camera_xz_m,foot_separation_camera_x_m,com_camera_x_m,foot_midpoint_camera_x_m,com_relative_to_foot_midpoint_camera_x_m,com_camera_y_m,foot_midpoint_camera_y_m,com_relative_to_foot_midpoint_camera_y_m,com_camera_z_m,foot_midpoint_camera_z_m,com_relative_to_foot_midpoint_camera_z_m
S43A11T02,raw,0,0.0,False,False,0.0898836480594644,0.06213696289062498,-1.382688341125565,-1.1899056396484373,-0.19278270147712773,-0.19305618682052997,0.7171712646484376,-0.9102274514689676,2.032533998534968,2.067044982910156,-0.03451098437518807
S43A11T02,raw,1,0.03333333333333333,False,True,0.0898836480594644,0.06213696289062498,-1.382688341125565,-1.1899056396484373,-0.19278270147712773,-0.19305618682052997,0.7171712646484376,-0.9102274514689676,2.032533998534968,2.067044982910156,-0.03451098437518807
S43A11T02,raw,2,0.06666666666666667,False,False,0.07948298600030985,0.055753051757812644,-1.3829188897757698,-1.1881621704101564,-0.19475671936561345,-0.19143466578310092,0.7173573608398438,-0.9087920266229448,2.0308317537394975,2.065479797363281,-0.03464804362378349
S43A11T02,raw,3,0.1,False,False,0.08310586538737905,0.06047302246093733,-1.381970479465659,-1.1843049926757812,-0.19766548678987794,-0.19285598315162458,0.7159988098144532,-0.9088547929660777,2.0348504660399147,2.0540486450195314,-0.01919817897961673
S43A11T02,raw,4,0.13333333333333333,False,False,0.08834127594433969,0.06415356445312503,-1.3792160310005515,-1.1920294189453124,-0.187186612055239,-0.19423492778742157,0.7199977722167968,-0.9142327000042184,2.0329510466063523,2.055781188964844,-0.022830142358491567
S43A11T02,raw,5,0.16666666666666666,False,False,0.09015967997938405,0.06335375976562507,-1.3767317719764531,-1.1978070068359377,-0.17892476514051547,-0.1942337855883062,0.7164077453613281,-0.9106415309496343,2.0361929717154794,2.050757873535156,-0.014564901819676734
S43A11T02,raw,6,0.2,False,False,0.07902648396986182,0.05359570312500006,-1.3751142444788622,-1.2036141357421875,-0.17150010873667476,-0.19532101082327916,0.7122467346191407,-0.9075677454424198,2.0437580496706875,2.042429626464844,0.0013284232058436984
S43A11T02,raw,7,0.23333333333333334,False,False,0.06246130997187058,0.03633984374999999,-1.3708781040189884,-1.2185867919921876,-0.1522913120268008,-0.19099876168043117,0.7035188598632813,-0.8945176215437125,2.0425952418067808,2.0420277709960937,0.0005674708106870874
S43A11T02,raw,8,0.26666666666666666,False,False,0.07193742131157257,0.03568273925781251,-1.3730426493665655,-1.2171771850585937,-0.15586546430797177,-0.1928879077750947,0.7011624145507813,-0.894050322325876,2.041665182850751,2.042932861328125,-0.001267678477373746
S43A11T02,raw,9,0.3,True,False,0.07027535816619221,0.02907507324218761,-1.3914208304865763,-1.2160145874023438,-0.17540624308423247,-0.1844455287895865,0.6709999084472656,-0.8554454372368522,2.008961120381015,2.0762362670898438,-0.06727514670882861
S43A11T02,raw,10,0.3333333333333333,True,False,0.12519119996509714,0.04317578124999999,-1.3890968085077697,-1.22606689453125,-0.16302991397651967,-0.19994121483387842,0.6596096496582031,-0.8595508644920815,2.0054877582800983,2.088262878417969,-0.08277512013787058
S43A11T02,raw,11,0.36666666666666664,False,True,0.12519119996509714,0.04317578124999999,-1.3890968085077697,-1.22606689453125,-0.16302991397651967,-0.19994121483387842,0.6596096496582031,-0.8595508644920815,2.0054877582800983,2.088262878417969,-0.08277512013787058
S43A11T02,raw,12,0.4,False,True,0.12519119996509714,0.04317578124999999,-1.3890968085077697,-1.22606689453125,-0.16302991397651967,-0.19994121483387842,0.6596096496582031,-0.8595508644920815,2.0054877582800983,2.088262878417969,-0.08277512013787058
S43A11T02,raw,13,0.43333333333333335,False,True,0.12519119996509714,0.04317578124999999,-1.3890968085077697,-1.22606689453125,-0.16302991397651967,-0.19994121483387842,0.6596096496582031,-0.8595508644920815,2.0054877582800983,2.088262878417969,-0.08277512013787058
S43A11T02,raw,14,0.4666666666666667,True,False,0.15646658583197304,0.032675292968749936,-1.3777493666454073,-1.20785205078125,-0.16989731586415724,-0.20619464305654722,0.6779209899902343,-0.8841156330467815,2.034734924751726,2.069403259277344,-0.034668334525617794
S43A11T02,raw,15,0.5,True,False,0.1273114380504855,0.014652343749999908,-1.3789215830897763,-1.234649658203125,-0.1442719248866513,-0.20440684083745903,0.6456418762207031,-0.8500487170581621,2.0204787115003566,2.0500226440429685,-0.029543932542611895
S43A11T02,raw,16,0.5333333333333333,True,False,0.34022272587138247,0.20300305175781252,-1.394917523901135,-1.3278378295898439,-0.06707969431129124,-0.2114376777525055,0.6577646789550782,-0.8692023567075837,2.030450174215332,1.9857924804687501,0.044657693746581906
S43A11T02,raw,17,0.5666666666666667,False,False,0.3499042388812311,0.19146203613281254,-1.392123183666643,-1.3226458129882812,-0.0694773706783618,-0.21240576864670052,0.6540802612304688,-0.8664860298771693,2.021650570628867,1.9715653686523438,0.05008520197652322
S43A11T02,raw,18,0.6,False,False,0.41263336909861975,0.2525118408203124,-1.3969767115261627,-1.362620544433594,-0.034356167092568723,-0.2124326763627741,0.6566377258300782,-0.8690704021928523,2.024767531802018,1.9560634765625,0.06870405523951817
S43A11T02,raw,19,0.6333333333333333,False,False,0.36271780882752125,0.21034265136718733,-1.387908819898799,-1.3585375366210939,-0.029371283277705107,-0.20185616611015902,0.6712288818359375,-0.8730850479460965,2.027318188294257,1.976096252441406,0.05122193585285073
S43A11T02,raw,20,0.6666666666666666,False,False,0.3860772161106404,0.23535070800781255,-1.3831469841590507,-1.3615525512695315,-0.021594432889519233,-0.19107224778575943,0.6684414978027344,-0.8595137455884938,2.022340619072288,1.967222839355469,0.05511777971681897
S43A11T02,raw,21,0.7,False,False,0.34467456780332933,0.19116223144531252,-1.3810442138734333,-1.3413403930664063,-0.03970382080702706,-0.188431303281533,0.6708419189453125,-0.8592732222268455,2.0215229561901964,1.969308288574219,0.05221466761597737
S43A11T02,raw,22,0.7333333333333333,False,False,0.3172855978520339,0.1819981689453125,-1.3703807391680525,-1.3394061889648439,-0.030974550203208606,-0.20678714867892695,0.6254767456054687,-0.8322638942843956,2.0067330652904745,1.9788138427734374,0.027919222517037046
S43A11T02,raw,23,0.7666666666666667,False,False,0.30276448654443194,0.1700935058593751,-1.3667894218376742,-1.3310639648437501,-0.03572545699392404,-0.20948680719967658,0.6190385742187501,-0.8285253814184267,2.00957014848322,1.9790034790039064,0.030566669479313635
S43A11T02,raw,24,0.8,False,False,0.3000327697262121,0.15954284667968754,-1.3584613210970828,-1.3282001342773437,-0.030261186819739105,-0.21118279454119196,0.6149466552734375,-0.8261294498146294,2.0072284780332623,1.9808978271484374,0.02633065088482489
S43A11T02,raw,25,0.8333333333333334,False,False,0.28497187476552766,0.14815454101562486,-1.3550949752698267,-1.3185223388671874,-0.0365726364026393,-0.21102903618195265,0.6124133605957032,-0.8234423967776558,2.0083285728096496,1.974431396484375,0.03389717632527467
S43A11T02,raw,26,0.8666666666666667,False,False,0.26388823209194123,0.12257690429687496,-1.355078184596111,-1.3244094238281252,-0.03066876076798586,-0.20582164462794764,0.6169519958496094,-0.822773640477557,2.0140102228710273,1.97753515625,0.036475066621027175
S43A11T02,raw,27,0.9,False,False,0.2414556150395331,0.0994693603515624,-1.3570273252066174,-1.3152401733398438,-0.04178715186677362,-0.20516717560901707,0.6220064086914063,-0.8271735843004234,2.0133332377658837,1.98260498046875,0.030728257297133688
S43A11T02,raw,28,0.9333333333333333,False,False,0.26674067937232837,0.09164636230468748,-1.3607863955829127,-1.3156626586914062,-0.045123736891506505,-0.1993655022318147,0.63857763671875,-0.8379431389505647,2.018951463624038,1.977349304199219,0.04160215942481926
S43A11T02,raw,29,0.9666666666666667,False,False,0.2756524615310436,0.0736099853515626,-1.3636828469478637,-1.3155947875976564,-0.048088059350207324,-0.20196332200182576,0.6419332275390626,-0.8438965495408883,2.020119296664073,1.9873568115234375,0.03276248514063562
S43A11T02,raw,30,1.0,False,False,0.2877837117522247,0.03211145019531236,-1.3609077742604627,-1.309574401855469,-0.051333372404993804,-0.19815175256866555,0.6449057922363282,-0.8430575448049937,2.0261866315722243,1.9971363525390624,0.02905027903316193
S43A11T02,raw,31,1.0333333333333334,False,False,0.3125864596136446,0.030038940429687466,-1.364913442436697,-1.3027705688476563,-0.062142873589040803,-0.2080492296969309,0.6313481750488281,-0.8393974047457591,2.026409324042265,1.9981723022460938,0.02823702179617138
S43A11T02,raw,32,1.0666666666666667,False,False,0.4065867321848367,0.1886387939453127,-1.385384779280291,-1.3612825317382813,-0.024102247542009625,-0.2120000921752163,0.6435580749511719,-0.8555581671263882,2.024010181853647,1.9627838134765625,0.061226368377084395
S43A11T02,raw,33,1.1,False,False,0.4066747136446031,0.1887393798828123,-1.3853901627375553,-1.3613206176757813,-0.024069545061774056,-0.21200213122019296,0.6435444641113282,-0.8555465953315211,2.0240174250941334,1.9627673339843752,0.06125009110975821
S43A11T02,raw,34,1.1333333333333333,False,False,0.34888811365068784,0.15667370605468744,-1.3869158246663857,-1.3346747436523438,-0.0522410810140419,-0.21299424218684232,0.6523943481445312,-0.8653885903313736,2.0317139135443796,1.973455993652344,0.05825791989203566
S43A11T02,raw,35,1.1666666666666667,False,False,0.34887859754382256,0.1566619873046875,-1.3869148369844013,-1.3346683959960939,-0.05224644098830744,-0.2129929767112604,0.6523916320800782,-0.8653846087913386,2.031714061941866,1.9734600830078126,0.05825397893405326
S43A11T02,raw,36,1.2,False,False,0.3486460089279149,0.1563420410156251,-1.386821080354781,-1.3344271240234375,-0.05239395633134336,-0.21295646318023803,0.6522931518554688,-0.8652496150357067,2.0317739407488307,1.9736317138671877,0.058142226881642944
S43A11T02,raw,37,1.2333333333333334,False,False,0.28927685514716195,0.13261779785156258,-1.385679980136544,-1.3079558715820312,-0.07772410855451284,-0.2076941231604481,0.6533652954101563,-0.8610594185706044,2.031977447059789,1.9907210083007811,0.041256438759007974
S43A11T02,raw,38,1.2666666666666666,False,False,0.28751951878352444,0.1332958984374999,-1.3854864097340034,-1.307361083984375,-0.07812532574962838,-0.2075468413450247,0.6532126770019531,-0.8607595183469778,2.032090704063688,1.9909617919921876,0.04112891207150038
S43A11T02,raw,39,1.3,False,False,0.23521678010317273,0.12308227539062488,-1.3846006593551228,-1.2953271484375,-0.08927351091762281,-0.20554810407285912,0.6529067993164062,-0.8584549033892652,2.0323966162246405,2.0032119750976562,0.029184641126984268
S43A11T02,raw,40,1.3333333333333333,False,False,0.22012575835285395,0.12743078613281256,-1.3850723762795931,-1.3018154907226562,-0.08325688555693689,-0.20639353425884033,0.6525467529296876,-0.8589402871885279,2.03381889751722,2.0025231933593752,0.03129570415784455
S43A11T02,raw,41,1.3666666666666667,False,False,0.22174402103866214,0.12602001953124997,-1.3883758615612982,-1.2978970947265625,-0.09047876683473577,-0.20646666394500512,0.6510721740722656,-0.8575388380172707,2.0335780200658014,1.9931281127929688,0.0404499072728326
S43A11T02,raw,42,1.4,False,False,0.21999384233980174,0.1244671630859373,-1.3878059674615557,-1.2969230346679688,-0.09088293279358695,-0.20648518296387475,0.6507537231445313,-0.857238906108406,2.033057040127868,1.992043212890625,0.04101382723724312
S43A11T02,raw,43,1.4333333333333333,False,False,0.21984503699165234,0.12499768066406247,-1.387852440790859,-1.2999028930664063,-0.08794954772445274,-0.20589609836135866,0.6509967346191406,-0.8568928329804993,2.0345910078225575,1.9910125122070312,0.04357849561552629
S43A11T02,raw,44,1.4666666666666666,False,False,0.3284055582722196,0.24826708984375,-1.3963204409371845,-1.353012451171875,-0.043307989765309474,-0.20443270863370822,0.6412033081054688,-0.845636016739177,2.037448987836899,1.9681318359375002,0.06931715189939869
S43A11T02,raw,45,1.5,False,False,0.33407833003150733,0.2537034912109375,-1.3973273276557416,-1.3563494262695313,-0.04097790138621038,-0.20429293935536108,0.6405002136230469,-0.844793152978408,2.0379245174536886,1.9672161865234377,0.07070833093025097
S43A11T02,raw,46,1.5333333333333334,False,False,0.33024471154416707,0.20267773437499992,-1.3946542064904908,-1.3302474365234376,-0.06440676996705319,-0.20556696605220365,0.6483043823242187,-0.8538713483764224,2.0342569723659696,1.9542335205078125,0.08002345185815707
S43A11T02,raw,47,1.5666666666666667,False,False,0.28375039897047283,0.13780114746093752,-1.3865102123845785,-1.3322542114257812,-0.054256000958797346,-0.199497210088191,0.6251734924316406,-0.8246707025198315,2.028539791725481,1.9903595581054687,0.03818023362001233
S43A11T02,raw,48,1.6,False,False,0.2603551008486278,0.08580847167968741,-1.3816776019404526,-1.3124467163085938,-0.06923088563185886,-0.20399679627885553,0.628644287109375,-0.8326410833882305,2.027004212351975,2.0158500366210936,0.011154175730881288
S43A11T02,raw,49,1.6333333333333333,False,False,0.23552033822127288,0.04062463378906256,-1.3755652547838084,-1.2832510375976565,-0.09231421718615196,-0.2004329166896745,0.6570270385742187,-0.8574599552638933,2.041522766721387,2.0275830078125,0.01393975890888699
S43A11T02,raw,50,1.6666666666666667,False,False,0.2336717991518236,0.02374084472656235,-1.3692636094438766,-1.2582969360351561,-0.11096667340872046,-0.1914866934318748,0.6785806579589844,-0.8700673513908592,2.042198632922111,2.0370294189453126,0.005169213976798481
S43A11T02,raw,51,1.7,False,False,0.24362093111311375,0.023611816406249986,-1.3654257679957793,-1.247228271484375,-0.11819749651140432,-0.19116577868454454,0.6471552429199219,-0.8383210216044664,2.028222377541761,2.0456145629882814,-0.017392185446520436
S43A11T02,raw,52,1.7333333333333334,False,False,0.27190019935274595,0.009612670898437647,-1.3604903691052967,-1.2440825805664062,-0.11640778853889056,-0.18927830106769794,0.6554242553710938,-0.8447025564387918,2.030481525478732,2.0229676513671873,0.007513874111544805
S43A11T02,raw,53,1.7666666666666666,False,False,0.27192751888593264,0.009636596679687415,-1.3605007514874783,-1.2440957641601562,-0.11640498732732207,-0.1892760083012855,0.6554290771484375,-0.8447050854497229,2.0304796804772396,2.022958557128906,0.007521123348333436
S43A11T02,raw,54,1.8,False,False,0.28904730996898714,0.06268969726562501,-1.3771603375946682,-1.256011962890625,-0.12114837470404316,-0.18676818206268428,0.6714298706054688,-0.8581980526681531,2.038052883689971,2.0103538818359374,0.02769900185403351
S43A11T02,raw,55,1.8333333333333333,False,False,0.2930138038926152,0.06646166992187497,-1.3778528953631106,-1.2606153564453124,-0.1172375389177982,-0.18639443760172622,0.6761563110351563,-0.8625507486368825,2.0406823817804005,2.0065999145507813,0.03408246722961916
S43A11T02,raw,56,1.8666666666666667,True,False,0.3487144008375391,0.25808801269531245,-1.404463504039271,-1.3630142211914062,-0.041449282847864755,-0.18549107365051415,0.6942850646972656,-0.8797761383477798,2.0457856363020848,2.012669921875,0.03311571442708461
S43A11T02,raw,57,1.9,False,False,0.38735494381347857,0.31854760742187493,-1.4150414507295874,-1.40617626953125,-0.008865181198337346,-0.18707178534715435,0.6992391967773438,-0.8863109821244981,2.0477098428085534,2.0137630615234374,0.03394678128511597
S43A11T02,raw,58,1.9333333333333333,False,False,0.3116246120846491,0.18799450683593744,-1.3978808507179012,-1.3505547485351563,-0.04732610218274491,-0.1843214977026765,0.6916704711914063,-0.8759919688940828,2.0367260944218692,2.0018245239257815,0.034901570496087775
S43A11T02,raw,59,1.9666666666666666,False,False,0.2833003618965348,0.11279431152343755,-1.3903256747762107,-1.3235151977539061,-0.06681047702230458,-0.18566597137003166,0.6901584777832032,-0.8758244491532348,2.039244627450328,2.000408935546875,0.03883569190345337
S43A11T02,raw,60,2.0,False,False,0.3590650378137134,0.21695983886718762,-1.4017020265349167,-1.3706517944335936,-0.031050232101323072,-0.1880178075089646,0.7004519653320312,-0.8884697728409958,2.040869474205568,1.9798236694335936,0.06104580477197441
S43A11T02,raw,61,2.033333333333333,False,False,0.30075289390563736,0.11972119140624993,-1.3990725411701181,-1.3198218994140625,-0.07925064175605567,-0.18297325417653373,0.7080933532714844,-0.8910666074480181,2.043163808957983,1.987364013671875,0.05579979528610801
S43A11T02,raw,62,2.066666666666667,False,False,0.4047975104668555,0.28476782226562514,-1.4114300591793358,-1.3791094970703126,-0.03232056210902323,-0.18349854289607861,0.7056713256835938,-0.8891698685796724,2.044845419666657,1.96743408203125,0.07741133763540708
S43A11T02,raw,63,2.1,False,False,0.27811987364161966,0.08446459960937491,-1.3880257473366795,-1.31695751953125,-0.07106822780542954,-0.1846053660127738,0.7058624572753907,-0.8904678232881644,2.0471423530707344,1.9908230590820313,0.05631929398870317
S43A11T02,raw,64,2.1333333333333333,False,False,0.3235492775891127,0.2414020996093751,-1.401878443894067,-1.3677939453125,-0.034084498581566924,-0.18539484661414993,0.7091849060058594,-0.8945797526200093,2.0571799620635214,2.000841003417969,0.056338958645552495
S43A11T02,raw,65,2.1666666666666665,False,False,0.24001320397940468,0.09386621093750014,-1.3861596309081299,-1.320599365234375,-0.06556026567375484,-0.1850015880557735,0.7037178955078125,-0.888719483563586,2.045937287866953,2.0179504394531254,0.02798684841382748
S43A11T02,raw,66,2.2,False,False,0.2586829278931105,0.029798217773437496,-1.374285217711969,-1.2846803588867188,-0.08960485882525027,-0.18517927848941554,0.7059014892578126,-0.8910807677472281,2.04914818837634,2.0160539550781253,0.033094233298214704
S43A11T02,raw,67,2.2333333333333334,False,False,0.26768959802278103,0.029664184570312502,-1.3710350811886198,-1.281603210449219,-0.08943187073940084,-0.18490653690012138,0.6998604125976562,-0.8847669494977776,2.0474811718612784,2.016482482910156,0.030998688951122233
S43A11T02,raw,68,2.2666666666666666,False,False,0.2722672797390853,0.021831176757812543,-1.3723355835915916,-1.2822536010742187,-0.09008198251737287,-0.18414409199678503,0.6959763793945313,-0.8801204713913163,2.0501150946500095,2.01853759765625,0.031577496993759446
S43A11T02,raw,69,2.3,False,False,0.2676191567862576,0.0044721679687500515,-1.3709319455579148,-1.2713587646484377,-0.09957318090947709,-0.18498028084416984,0.6948079833984375,-0.8797882642426074,2.051366850128585,2.0217413330078124,0.02962551712077266
S43A11T02,raw,70,2.3333333333333335,False,False,0.26537747686338536,0.0033117675781251243,-1.3699147212820744,-1.2761068115234375,-0.09380790975863684,-0.18503275316250717,0.6936243591308594,-0.8786571122933666,2.049036050565484,2.021485168457031,0.02755088210845269
S43A11T02,raw,71,2.3666666666666667,False,False,0.2592554325737117,0.002680297851562541,-1.3691129414457852,-1.2739004516601562,-0.09521248978562902,-0.1840508825046343,0.6968080139160155,-0.8808588964206499,2.0508258327237416,2.026489562988281,0.024336269735460547
S43A11T02,raw,72,2.4,False,False,0.32847486846020624,0.14668627929687483,-1.3831676621687292,-1.3551854248046875,-0.027982237364041707,-0.18148668878695579,0.7126565246582032,-0.894143213445159,2.055745108691658,2.015534423828125,0.04021068486353263
S43A11T02,raw,73,2.433333333333333,False,False,0.33138379112673094,0.13905981445312499,-1.3827012851281197,-1.35182958984375,-0.030871695284369727,-0.18111922831731117,0.7104064025878907,-0.8915256309052019,2.055399493604417,2.0132392578125,0.04216023579191708
S43A11T02,raw,74,2.466666666666667,False,False,0.3270273714747086,0.11323352050781232,-1.3784188621228504,-1.3374019165039064,-0.04101694561894398,-0.17872280308514224,0.7110729675292969,-0.8897957706144392,2.054528547958285,2.0179493408203126,0.03657920713797225
S43A11T02,raw,75,2.5,False,False,0.3269162564641038,0.11295996093750005,-1.3784053217412195,-1.3373222656250001,-0.04108305611621943,-0.1787001844253606,0.7110141296386718,-0.8897143140640325,2.0545647190767493,2.0179608154296873,0.03660390364706201
S43A11T02,raw,76,2.533333333333333,False,False,0.2991387348168382,0.06244787597656254,-1.3745704668181296,-1.3059598999023438,-0.06861056691578571,-0.17918286761064622,0.7050660095214843,-0.8842488771321306,2.0545424419672877,2.026340087890625,0.02820235407666294
S43A11T02,raw,77,2.566666666666667,False,False,0.29395356430924124,0.05829321289062506,-1.3742736082832603,-1.30514013671875,-0.06913347156451022,-0.17917421494303995,0.7025807800292969,-0.8817549949723369,2.054907243508841,2.0289688110351562,0.02593843247368488
S43A11T02,raw,78,2.6,True,False,0.29288025167570764,0.2645142822265625,-1.395273772329689,-1.3645322875976564,-0.030741484732032642,-0.18067062957947713,0.7204973449707031,-0.9011679745501802,2.0806958702812564,2.0534522705078126,0.027243599773443705
S43A11T02,raw,79,2.6333333333333333,False,False,0.27413957112847087,0.26818432617187504,-1.395431520952474,-1.3668330078125,-0.02859851313997397,-0.1786396613934088,0.72649072265625,-0.9051303840496588,2.0836818008318536,2.074550231933594,0.009131568898259612
S43A11T02,raw,80,2.6666666666666665,False,False,0.2711460056321725,0.26620776367187493,-1.3951512041681515,-1.3669885253906249,-0.02816267877752665,-0.17849099384931646,0.7267373046875,-0.9052282985368164,2.08422511596227,2.0770162353515627,0.007208880610707347
S43A11T02,raw,81,2.7,False,False,0.2727845980541132,0.2714445800781251,-1.3964883041048441,-1.368747802734375,-0.02774050137046924,-0.18405526927357455,0.7222239990234376,-0.9062792682970121,2.086120756747352,2.0915594482421875,-0.005438691494835446
S43A11T02,raw,82,2.7333333333333334,False,False,0.2753099890691844,0.2613378906249999,-1.393725157980051,-1.3677420654296877,-0.02598309255036324,-0.18367520347889196,0.7179822692871094,-0.9016574727660014,2.0929312232728594,2.1133831787109374,-0.020451955438077984
S43A11T02,raw,83,2.7666666666666666,False,False,0.2983119399154446,0.25570861816406265,-1.4015171122719792,-1.3829046020507811,-0.01861251022119803,-0.1769257987697059,0.7353354797363281,-0.912261278506034,2.1065094329366025,2.1214315185546875,-0.014922085618084946
S43A11T02,raw,84,2.8,False,False,0.31388723102212296,0.24741247558593749,-1.4040284911007388,-1.3953186645507814,-0.008709826549957445,-0.1752002744468611,0.7444268493652344,-0.9196271238120954,2.1101874728099124,2.1326134033203124,-0.022425930510399983
S43A11T02,raw,85,2.8333333333333335,False,False,0.33195200238550887,0.2383035888671876,-1.4048637161197883,-1.4087153930664063,0.0038516769466179213,-0.1755295262657858,0.7482662963867188,-0.9237958226525046,2.1159734048241075,2.1436614990234375,-0.02768809419933005
S43A11T02,raw,86,2.8666666666666667,False,False,0.3239831385952242,0.20912463378906243,-1.4034513781862734,-1.4133909301757814,0.009939551989508022,-0.17601161270401774,0.7407690734863281,-0.9167806861903459,2.120402218612921,2.1471304931640622,-0.02672827455114124
S43A11T02,raw,87,2.9,False,False,0.32621406840040523,0.20522570800781237,-1.4019923490072492,-1.4203832397460938,0.01839089073884459,-0.17660227418229413,0.7403858642578125,-0.9169881384401066,2.1200547632671105,2.1529281005859375,-0.03287333731882702
S43A11T02,raw,88,2.933333333333333,False,False,0.32283417354911237,0.19930603027343752,-1.4002243637365324,-1.4225099487304689,0.022285584993936514,-0.17745348363220526,0.7344911804199219,-0.9119446640521272,2.1186106400461484,2.1587327880859375,-0.040122148039789085
S43A11T02,raw,89,2.966666666666667,False,False,0.3187136533958333,0.18448010253906255,-1.399618501235756,-1.4218189086914061,0.022200407455650106,-0.17755029492293545,0.73628662109375,-0.9138369160166855,2.120024318158176,2.160713562011719,-0.04068924385354267
S43A11T02,raw,90,3.0,False,False,0.3194951967265336,0.1849119873046874,-1.4010162371098243,-1.4277661743164063,0.02674993720658203,-0.17865151481711194,0.7355484924316407,-0.9142000072487526,2.123804249097205,2.168698669433594,-0.04489442033638902
S43A11T02,raw,91,3.033333333333333,False,False,0.31709969127221965,0.17763220214843733,-1.400063565159131,-1.4270735473632814,0.027009982204150296,-0.18271521896103668,0.725053466796875,-0.9077686857579117,2.1194587116305406,2.1745872192382816,-0.05512850760774102
S43A11T02,raw,92,3.066666666666667,False,False,0.31836597206703926,0.1505512695312501,-1.4014439594683856,-1.4267302246093752,0.025286265140989528,-0.18503795037767118,0.7300643005371094,-0.9151022509147806,2.126355541983649,2.1761708984375003,-0.04981535645385149
S43A11T02,raw,93,3.1,False,False,0.31656894848133543,0.14461596679687516,-1.4005512566655054,-1.4259910888671876,0.025439832201682222,-0.18209513135747557,0.7230642700195313,-0.9051594013770069,2.1245004268497087,2.1715620727539062,-0.04706164590419748
S43A11T02,raw,94,3.1333333333333333,False,False,0.3126374236509243,0.13001904296875,-1.3985399604179949,-1.4254700927734376,0.026930132355442726,-0.18743172338908562,0.7108167114257813,-0.8982484348148669,2.1204100598602094,2.176605712890625,-0.05619565303041574
S43A11T02,raw,95,3.1666666666666665,False,False,0.3140668005943016,0.12767773437499996,-1.3990311328023406,-1.4241542968749998,0.025123164072659243,-0.18703621273722867,0.7094262695312501,-0.8964624822684788,2.120573242186172,2.1750679931640624,-0.05449475097789058
S43A11T02,raw,96,3.2,False,False,0.3135642193130655,0.12688647460937497,-1.3986108773276942,-1.4243519287109376,0.025741051383243452,-0.18699264517548092,0.7092957153320313,-0.8962883605075123,2.120973482829035,2.1754559326171874,-0.0544824497881522
S43A11T02,raw,97,3.2333333333333334,False,False,0.3128382852580688,0.12529675292968756,-1.3968158951951668,-1.4266906127929688,0.029874717597802025,-0.1872681153197963,0.7073648986816407,-0.8946330140014369,2.120432153501422,2.174171813964844,-0.053739660463421934
S43A11T02,raw,98,3.2666666666666666,False,False,0.33097998048770394,0.11274475097656245,-1.3963857552332675,-1.4301680297851562,0.03378227455188876,-0.1891814470911836,0.6989230041503907,-0.8881044512415742,2.125131340364864,2.1902764282226563,-0.06514508785779238
S43A11T02,raw,99,3.3,False,False,0.32828191041115135,0.10387487792968741,-1.396628457557123,-1.4289357299804688,0.032307272423345745,-0.19286546472476887,0.6873366088867188,-0.8802020736114876,2.1217185811703483,2.176337890625,-0.054619309454651876
S43A11T02,raw,100,3.3333333333333335,False,False,0.3205501418392584,0.10842395019531259,-1.3973725591183972,-1.4298693237304687,0.032496764612071516,-0.18730338143170094,0.6938201904296875,-0.8811235718613883,2.1195822202455767,2.162871704101563,-0.04328948385598608
S43A11T02,raw,101,3.3666666666666667,False,False,0.3186486811708847,0.10994152832031245,-1.3967448230054773,-1.4317593383789062,0.03501451537342892,-0.18722096366143742,0.6958990783691406,-0.883120042030578,2.119807293367906,2.1616515502929685,-0.04184425692506233
S43A11T02,raw,102,3.4,False,False,0.31676828619366915,0.10742321777343755,-1.3966730658443458,-1.4341771850585938,0.03750411921424801,-0.18604514849317536,0.6997633056640625,-0.8858084541572379,2.1195693922776973,2.1585106201171875,-0.03894122783949028
S43A11T02,raw,103,3.433333333333333,False,False,0.31468382906370757,0.10622778320312509,-1.3978712596200562,-1.4340023193359375,0.036131059715881264,-0.18523312060214872,0.7006415100097656,-0.8858746306119143,2.118771096525261,2.159657653808594,-0.040886557283333236
S43A11T02,raw,104,3.466666666666667,False,False,0.32916757600749513,0.10912512207031244,-1.3951496590719497,-1.4384761352539064,0.04332647618195673,-0.19347893181051157,0.6880815124511719,-0.8815604442616835,2.125508668781017,2.17578369140625,-0.05027502262523287
S43A11T02,raw,105,3.5,False,False,0.3370912351641778,0.0946376953125001,-1.3936442859690585,-1.4357139892578126,0.042069703288754035,-0.18896070798445402,0.688962158203125,-0.8779228661875791,2.1280641473093307,2.1786348876953125,-0.05057074038598186
S43A11T02,raw,106,3.533333333333333,False,False,0.3405746925064828,0.08957592773437506,-1.3943410086589936,-1.432634521484375,0.038293512825381404,-0.19113076075868438,0.6930126037597657,-0.8841433645184501,2.1289201871197645,2.1908814697265626,-0.06196128260679812
S43A11T02,raw,107,3.566666666666667,False,False,0.3268726639631551,0.08588427734375004,-1.3950646053460694,-1.428202880859375,0.033138275513305615,-0.18793817751333167,0.6968751525878907,-0.8848133301012223,2.1250315733030702,2.187934387207031,-0.06290281390396091
S43A11T02,raw,108,3.6,False,False,0.34090828226250264,0.08448474121093752,-1.3938990091659922,-1.4232623901367187,0.02936338097072655,-0.19164058107564252,0.6860529479980468,-0.8776935290736894,2.1239566228419893,2.1907385864257813,-0.06678196358379207
S43A11T02,raw,109,3.6333333333333333,False,False,0.3479058258690008,0.08169628906249993,-1.3937302881506635,-1.42531689453125,0.031586606380586524,-0.19335497192752987,0.6865162658691406,-0.8798712377966704,2.1270332248385992,2.195018310546875,-0.06798508570827577
S43A11T02,raw,110,3.6666666666666665,False,False,0.35123324796057215,0.08339794921874999,-1.3935884124735376,-1.422202880859375,0.028614468385837366,-0.19484045959958912,0.6820044555664062,-0.8768449151659954,2.124733312461884,2.1998388671875,-0.07510555472561631
S43A11T02,raw,111,3.7,False,False,0.3558640862946334,0.08245117187500006,-1.3937001861407017,-1.4222331542968751,0.028532968156173455,-0.19205256572195945,0.684681365966797,-0.8767339316887564,2.12610630882768,2.2009816894531253,-0.07487538062544541
S43A11T02,raw,112,3.7333333333333334,False,False,0.3589338583619932,0.08176428222656251,-1.3930527350235953,-1.4211411743164062,0.028088439292810907,-0.1936802365471258,0.6886557312011719,-0.8823359677482976,2.128006073662801,2.200654846191406,-0.07264877252860513
S43A11T02,raw,113,3.7666666666666666,False,False,0.3544005450230686,0.07294348144531271,-1.393775441337188,-1.4179977416992187,0.02422230036203077,-0.18922163969245487,0.6920037841796876,-0.8812254238721424,2.129127763105659,2.1947116088867187,-0.06558384578105958
S43A11T02,raw,114,3.8,False,False,0.3544016798451664,0.07281945800781253,-1.393773653309787,-1.4178908081054689,0.024117154795681772,-0.18919044799729043,0.6920433654785156,-0.8812338134758061,2.129076792665097,2.1946591796875,-0.06558238702240304
S43A11T02,raw,115,3.8333333333333335,False,False,0.3501431089921323,0.06426208496093744,-1.3933270847142993,-1.4163346557617187,0.02300757104741935,-0.19400202352081458,0.6896208801269532,-0.8836229036477679,2.1288794006584717,2.2013865966796873,-0.07250719602121558
S43A11T02,raw,116,3.8666666666666667,False,False,0.3531528280903748,0.06152709960937508,-1.3936565628227835,-1.4156934814453126,0.0220369186225291,-0.19371472623348032,0.690193115234375,-0.8839078414678553,2.1284458357964366,2.202844055175781,-0.07439821937934443
S43A11T02,raw,117,3.9,False,False,0.35504442713629,0.059958984375000135,-1.3942954947970674,-1.4139058837890626,0.019610388991995187,-0.19249224709578128,0.6906114807128907,-0.883103727808672,2.128996451418797,2.203340515136719,-0.07434406371792202
S43A11T02,raw,118,3.933333333333333,False,False,0.3356829707004238,0.06856750488281249,-1.3931608826718562,-1.4087556762695312,0.015594793597675016,-0.19373195283730765,0.6916173400878907,-0.8853492929251983,2.1226536410058636,2.195235107421875,-0.0725814664160116
S43A11T02,raw,119,3.966666666666667,False,False,0.3219613680156654,0.08837036132812504,-1.395607539835793,-1.40881103515625,0.013203495320456948,-0.18688397679316124,0.7009415588378907,-0.8878255356310519,2.1189064773271666,2.180026123046875,-0.061119645719708515
S43A11T02,raw,120,4.0,False,False,0.31634248912805046,0.09826196289062494,-1.3954686124640363,-1.4132384033203125,0.01776979085627617,-0.18733477376222626,0.7070613708496094,-0.8943961446118357,2.120826678512746,2.164828552246094,-0.044001873733348074
S43A11T02,raw,121,4.033333333333333,False,False,0.3320032266863658,0.09456909179687512,-1.3954817971110223,-1.4178365478515627,0.022354750740540386,-0.18770131736280402,0.7016087951660157,-0.8893101125288198,2.122349226184379,2.169831970214844,-0.04748274403046482
S43A11T02,raw,122,4.066666666666666,False,False,0.33988091944474363,0.09069116210937489,-1.3954916315581851,-1.418220458984375,0.022728827426189868,-0.18682431493570642,0.7049700622558595,-0.8917943771915658,2.123562622530522,2.1758760986328127,-0.05231347610229076
S43A11T02,raw,123,4.1,False,False,0.3229421651236592,0.09409777832031252,-1.3958276247842458,-1.415442321777344,0.019614696993098146,-0.19002138431289894,0.7061026916503906,-0.8961240759632896,2.1209040617735093,2.17309228515625,-0.05218822338274087
S43A11T02,raw,124,4.133333333333334,False,False,0.32060726736681433,0.09571240234374989,-1.395926961878324,-1.4158178710937501,0.019890909215426023,-0.18890730571362788,0.7057577819824219,-0.8946650876960498,2.120438462996573,2.1717144165039066,-0.051275953507333494
S43A11T02,raw,125,4.166666666666667,False,False,0.3105155889533117,0.10684838867187496,-1.3944177016288277,-1.4141661376953125,0.019748436066484798,-0.18414750166744762,0.7065400390625001,-0.8906875407299477,2.119217179261862,2.1631473999023436,-0.043930220640481465
S43A11T02,raw,126,4.2,False,False,0.306402036300609,0.10981018066406256,-1.3950659838879398,-1.4116738891601561,0.01660790527221634,-0.18379657329086135,0.7047249755859375,-0.8885215488767988,2.114270941091973,2.160610107421875,-0.04633916632990198
S43A11T02,raw,127,4.233333333333333,False,False,0.31491834278439584,0.11983593749999999,-1.3943917923401983,-1.4146179199218751,0.020226127581676856,-0.1833373662287879,0.7114627380371095,-0.8948001042658974,2.116756743508543,2.15797314453125,-0.041216401022707405
S43A11T02,raw,128,4.266666666666667,False,False,0.3102752032383289,0.1199046630859375,-1.3952793183751406,-1.4140979614257811,0.018818643050640516,-0.18320313573295588,0.7106534729003906,-0.8938566086333465,2.1151223317326404,2.154972106933594,-0.03984977520095345
S43A11T02,raw,129,4.3,False,False,0.31571506605672295,0.12173596191406255,-1.3939920413832958,-1.4218596801757815,0.02786763879248566,-0.18303844889163007,0.7158925476074219,-0.898930996499052,2.117081139980268,2.157702453613281,-0.040621313633013134
S43A11T02,raw,130,4.333333333333333,False,False,0.3144195450987347,0.12492138671874997,-1.395530229886287,-1.4236317138671875,0.0281014839809004,-0.18170007440676264,0.724015869140625,-0.9057159435473876,2.1176861775236535,2.160029235839844,-0.04234305831619034
S43A11T02,raw,131,4.366666666666666,False,False,0.3280699691020539,0.10199707031249994,-1.3911997109013932,-1.426376220703125,0.035176509801731815,-0.18328274830302657,0.7099179992675781,-0.8932007475706047,2.123582736617365,2.160273132324219,-0.03669039570685362
S43A11T02,raw,132,4.4,False,False,0.31918943808408634,0.09439270019531243,-1.391948437021351,-1.4307590942382813,0.03881065721693022,-0.18150170481543237,0.7202519226074219,-0.9017536274228543,2.1256861726103202,2.1577627563476565,-0.03207658373733624
S43A11T02,raw,133,4.433333333333334,False,False,0.3278595374851246,0.08911010742187497,-1.3885728066174705,-1.4383078613281248,0.049735054710654314,-0.17957879966714846,0.7185140991210938,-0.8980928987882422,2.1303615083070495,2.1794431762695314,-0.04908166796248192
S43A11T02,raw,134,4.466666666666667,False,False,0.34839922386200023,0.14803198242187499,-1.4008009833878603,-1.44975439453125,0.0489534111433898,-0.1783220041401421,0.7180015869140626,-0.8963235910542047,2.117570118372184,2.140012634277344,-0.02244251590516022
S43A11T02,raw,135,4.5,False,False,0.33546897631978717,0.1318757324218751,-1.3919893838633348,-1.457740966796875,0.06575158293354022,-0.18000907873440575,0.7091491088867188,-0.8891581876211245,2.1271662536504383,2.1556618041992186,-0.02849555054878028
S43A11T02,raw,136,4.533333333333333,False,False,0.3373388284713162,0.11929846191406246,-1.3880674019858994,-1.4638795776367188,0.07581217565081944,-0.18409930317067036,0.7039998779296875,-0.8880991811003579,2.1368366055377535,2.1764376220703125,-0.0396010165325591
S43A11T02,raw,137,4.566666666666666,False,False,0.34692775231320644,0.11494262695312507,-1.3846690428094057,-1.4749078369140625,0.09023879410465674,-0.18707509198189598,0.7070072631835937,-0.8940823551654897,2.1489403934611793,2.1877572021484375,-0.03881680868725823
S43A11T02,raw,138,4.6,False,False,0.35209595162804175,0.1317176513671876,-1.3836528428547397,-1.4763637084960939,0.09271086564135422,-0.18376792668325867,0.7022967529296875,-0.8860646796129462,2.149012126239076,2.164920654296875,-0.015908528057798854
S43A11T02,raw,139,4.633333333333334,False,False,0.33855650558047345,0.1478446044921875,-1.3815373098664145,-1.4809160766601563,0.0993787667937418,-0.18031648718000656,0.7035646972656251,-0.8838811844456317,2.148268469101251,2.1482426757812503,2.5793320000744302e-05
S43A11T02,raw,140,4.666666666666667,False,False,0.32839869698600077,0.15894470214843737,-1.3739236018259002,-1.4799962768554686,0.10607267502956841,-0.17933873063210232,0.6926761474609375,-0.8720148780930399,2.1519779022982015,2.1362059326171874,0.01577196968101413
S43A11T02,raw,141,4.7,False,False,0.3357402857184126,0.2162045898437499,-1.3726226582951169,-1.4837236328125,0.11110097451738321,-0.18108429548091895,0.7022916870117188,-0.8833759824926378,2.155106938700208,2.1229346923828123,0.0321722463173959
S43A11T02,raw,142,4.733333333333333,False,False,0.32128323246011514,0.21528112792968757,-1.3522684229140904,-1.4691265258789064,0.11685810296481591,-0.17312493632838,0.7171068420410156,-0.8902317783693956,2.175436411285086,2.125616638183594,0.04981977310149199
S43A11T02,raw,143,4.766666666666667,False,False,0.3299460778616699,0.2240704345703124,-1.3392998348169876,-1.4509583129882813,0.1116584781712937,-0.17440311311245918,0.6988970642089843,-0.8733001773214435,2.178912129045905,2.131729797363281,0.04718233168262387
S43A11T02,raw,144,4.8,False,False,0.3359585224135373,0.22255090332031258,-1.3330822932630446,-1.4470767211914062,0.11399442792836156,-0.17587395060798852,0.7182423400878906,-0.8941162906958791,2.189720904344272,2.122781494140625,0.06693941020364669
S43A11T02,raw,145,4.833333333333333,False,False,0.3144206437039304,0.1905855712890625,-1.3173150212943097,-1.4307774047851565,0.11346238349084681,-0.16444144428797633,0.7343950195312501,-0.8988364638192264,2.207852455967623,2.1132825927734373,0.09456986319418581
S43A11T02,raw,146,4.866666666666666,False,False,0.3124485479987893,0.1645981445312501,-1.3143484200676316,-1.4163173828125002,0.10196896274486855,-0.1502396030289781,0.767178955078125,-0.917418558107103,2.219255389706608,2.100631042480469,0.11862434722613902
S43A11T02,raw,147,4.9,False,False,0.31375206845620884,0.1533028564453125,-1.29650079508321,-1.3995198364257813,0.10301904134257134,-0.14392855195226006,0.75925341796875,-0.9031819699210101,2.228198141693203,2.113308776855469,0.11488936483773404
S43A11T02,raw,148,4.933333333333334,False,False,0.3287291331081784,0.14516735839843742,-1.2835007432490784,-1.4000540161132813,0.11655327286420292,-0.14452888653637144,0.7523912353515625,-0.8969201218879339,2.2462632887040757,2.121030517578125,0.12523277112595066
S43A11T02,raw,149,4.966666666666667,False,False,0.3278070032045502,0.1695523681640625,-1.2756667001192208,-1.4067615356445313,0.13109483552531054,-0.14208218518716165,0.75586376953125,-0.8979459547184117,2.2574032698464768,2.1253187255859376,0.13208454426053917
S43A11T02,raw,150,5.0,False,False,0.3184581694986498,0.17978186035156263,-1.2588490225490494,-1.4045703735351562,0.14572135098610683,-0.13923374690880122,0.7434423522949218,-0.882676099203723,2.2677275591140904,2.123995300292969,0.1437322588211214
S43A11T02,raw,151,5.033333333333333,False,False,0.3177089810258513,0.1654189453124999,-1.2436453101224025,-1.4086505126953126,0.16500520257291007,-0.13592672535226874,0.7565737609863281,-0.8925004863385968,2.290754394254387,2.115113952636719,0.17564044161766823
S43A11T02,raw,152,5.066666666666666,False,False,0.30008613698647396,0.1664722900390625,-1.2333710261529338,-1.4108296508789064,0.17745862472597262,-0.12743261756851662,0.7795094604492188,-0.9069420780177354,2.308751848851854,2.096144348144531,0.21260750070732293
S43A11T02,raw,153,5.1,False,False,0.19771807489035706,0.09293884277343745,-1.2130079265825848,-1.3704900512695313,0.15748212468694645,-0.11530796050120545,0.7740307922363281,-0.8893387527375336,2.321743944615931,2.0726104125976565,0.24913353201827437
S43A11T02,raw,154,5.133333333333334,False,False,0.23942917829347932,0.13585351562500003,-1.1986888004858995,-1.4089163818359376,0.21022758135003805,-0.10960132360632563,0.7690926818847656,-0.8786940054910912,2.3476236690086196,2.092985412597656,0.2546382564109635
S43A11T02,raw,155,5.166666666666667,False,False,0.21112881830709057,0.10323229980468751,-1.1726485508032616,-1.3924699096679687,0.2198213588647071,-0.10863662586306672,0.7411457824707032,-0.84978240833377,2.3659897396508986,2.1159388427734376,0.25005089687746107
S43A11T02,raw,156,5.2,False,False,0.1807895221136882,0.07633239746093734,-1.1519139633687134,-1.4119176635742188,0.26000370020550534,-0.10126092553933491,0.7449507751464843,-0.8462117006858192,2.4000616083527984,2.14374853515625,0.2563130731965484
S43A11T02,raw,157,5.233333333333333,False,False,0.17633262496115285,0.07985656738281244,-1.1236651591249067,-1.3967904663085937,0.273125307183687,-0.08179373973743448,0.7406066284179688,-0.8224003681554033,2.429269646528989,2.1175889892578126,0.31168065727117655
S43A11T02,raw,158,5.266666666666667,False,False,0.1675207483517161,0.035564697265624945,-1.102055901504677,-1.3715006103515623,0.26944470884688543,-0.06510999687711974,0.7347524108886718,-0.7998624077657915,2.4566993705421662,2.0990686645507814,0.3576307059913848
S43A11T02,raw,159,5.3,False,False,0.2558970342104707,0.09891967773437504,-1.0645084308927244,-1.4185025634765625,0.35399413258383805,-0.03992142270262711,0.7280476989746094,-0.7679691216772365,2.4981101029926043,2.1470533447265625,0.35105675826604177
S43A11T02,raw,160,5.333333333333333,False,False,0.2802734479462893,0.09383215332031258,-1.0303510682475585,-1.4063235473632814,0.37597247911572285,-0.02656025325859983,0.7019992065429688,-0.7285594598015686,2.530347868034982,2.1973511962890626,0.3329966717459194
S43A11T02,raw,161,5.366666666666666,False,False,0.28337646281578255,0.0769375000000001,-1.003939314181981,-1.4187515869140626,0.41481227273208154,0.015473930902437299,0.728071533203125,-0.7125976023006877,2.5733305947234424,2.1934700927734374,0.379860501950005
S43A11T02,raw,162,5.4,True,False,0.2912826073982431,0.08942224121093756,-0.9735102871555685,-1.4469223022460938,0.4734120150905252,0.04842936944510673,0.7425008850097656,-0.6940715155646588,2.6016545075879947,2.184969665527344,0.4166848420606506
S43A11T02,raw,163,5.433333333333334,True,False,0.28691781996012294,0.09612622070312504,-0.9521842418860991,-1.4454737548828125,0.4932895129967134,0.09008189640818269,0.7180340881347657,-0.627952191726583,2.643314760748863,2.178854187011719,0.46446057373714433
S43A11T02,raw,164,5.466666666666667,True,False,0.2495775603173228,0.04959948730468744,-0.9005732221461514,-1.3996972045898437,0.49912398244369227,0.12470370148703482,0.6833213195800781,-0.5586176180930433,2.7063568497793242,2.1898182373046877,0.5165386124746365
S43A11T02,raw,165,5.5,False,False,0.22460622866369,0.0387404785156249,-0.8762208184623993,-1.4003979492187502,0.5241771307563509,0.15530056493813538,0.6757743835449219,-0.5204738186067865,2.745708663135606,2.2149105224609373,0.5307981406746687
S43A11T02,raw,166,5.533333333333333,True,False,0.112902044207439,0.006715454101562601,-0.8064478585952393,-1.3759295043945312,0.569481645799292,0.23506965982950243,0.6751520690917969,-0.44008240926229447,2.7991186937055375,2.282692626953125,0.5164260667524125
S43A11T02,raw,167,5.566666666666666,True,False,0.08736288858048706,0.07089440917968748,-0.7631367405799425,-1.3196594848632812,0.5565227442833387,0.3025362455917955,0.6612366333007813,-0.3587003877089858,2.837738635944464,2.3214661865234376,0.5162724494210265
S43A11T02,raw,168,5.6,True,False,0.11673953763666392,0.01647241210937489,-0.686342941396163,-1.1862705078125,0.49992756641633695,0.3393509674164395,0.6102667388916015,-0.27091577147516205,2.8980858466478683,2.3465589599609373,0.551526886686931
S43A11T02,raw,169,5.633333333333334,True,False,0.19878406006464444,0.09444531249999999,-0.6530534468686627,-1.148548583984375,0.49549513711571225,0.35156289254691553,0.5974277038574218,-0.2458648113105063,2.9502787582762973,2.3339547119140622,0.616324046362235
S43A11T02,raw,170,5.666666666666667,False,False,0.07862221919315739,0.03448352050781245,-0.6483552528732427,-1.1375978393554687,0.48924258648222596,0.3443873140954031,0.5186715850830078,-0.17428427098760474,2.9512273156572393,2.3028829345703126,0.6483443810869267
S43A11T02,raw,171,5.7,True,False,0.04439427567847719,0.016780151367187468,-0.6469000996745886,-1.1635858764648437,0.5166857767902551,0.2943323293156101,0.3469839324951172,-0.05265160317950712,2.919670900237807,2.1629002685546874,0.7567706316831195
S43A11T02,raw,172,5.733333333333333,False,True,0.04439427567847719,0.016780151367187468,-0.6469000996745886,-1.1635858764648437,0.5166857767902551,0.2943323293156101,0.3469839324951172,-0.05265160317950712,2.919670900237807,2.1629002685546874,0.7567706316831195
S43A11T02,raw,173,5.766666666666667,False,True,0.04439427567847719,0.016780151367187468,-0.6469000996745886,-1.1635858764648437,0.5166857767902551,0.2943323293156101,0.3469839324951172,-0.05265160317950712,2.919670900237807,2.1629002685546874,0.7567706316831195
S43A11T02,raw,174,5.8,True,False,0.2737858824102345,0.19841577148437506,-0.6405193152990846,-1.3110899658203126,0.670570650521228,0.35098707176519595,0.3303422164916992,0.020644855273496743,2.9238517461878653,2.2410788574218747,0.6827728887659905
S43A11T02,raw,175,5.833333333333333,False,True,0.2737858824102345,0.19841577148437506,-0.6405193152990846,-1.3110899658203126,0.670570650521228,0.35098707176519595,0.3303422164916992,0.020644855273496743,2.9238517461878653,2.2410788574218747,0.6827728887659905
S43A11T02,raw,176,5.866666666666666,False,True,0.2737858824102345,0.19841577148437506,-0.6405193152990846,-1.3110899658203126,0.670570650521228,0.35098707176519595,0.3303422164916992,0.020644855273496743,2.9238517461878653,2.2410788574218747,0.6827728887659905
S43A11T02,raw,177,5.9,False,True,0.2737858824102345,0.19841577148437506,-0.6405193152990846,-1.3110899658203126,0.670570650521228,0.35098707176519595,0.3303422164916992,0.020644855273496743,2.9238517461878653,2.2410788574218747,0.6827728887659905
S43A11T02,raw,178,5.933333333333334,False,True,0.2737858824102345,0.19841577148437506,-0.6405193152990846,-1.3110899658203126,0.670570650521228,0.35098707176519595,0.3303422164916992,0.020644855273496743,2.9238517461878653,2.2410788574218747,0.6827728887659905
S43A11T02,raw,179,5.966666666666667,False,True,0.2737858824102345,0.19841577148437506,-0.6405193152990846,-1.3110899658203126,0.670570650521228,0.35098707176519595,0.3303422164916992,0.020644855273496743,2.9238517461878653,2.2410788574218747,0.6827728887659905
S43A11T02,raw,180,6.0,False,True,0.2737858824102345,0.19841577148437506,-0.6405193152990846,-1.3110899658203126,0.670570650521228,0.35098707176519595,0.3303422164916992,0.020644855273496743,2.9238517461878653,2.2410788574218747,0.6827728887659905
S43A11T02,raw,181,6.033333333333333,False,True,0.2737858824102345,0.19841577148437506,-0.6405193152990846,-1.3110899658203126,0.670570650521228,0.35098707176519595,0.3303422164916992,0.020644855273496743,2.9238517461878653,2.2410788574218747,0.6827728887659905
S43A11T02,raw,182,6.066666666666666,False,True,0.2737858824102345,0.19841577148437506,-0.6405193152990846,-1.3110899658203126,0.670570650521228,0.35098707176519595,0.3303422164916992,0.020644855273496743,2.9238517461878653,2.2410788574218747,0.6827728887659905
S43A11T02,raw,183,6.1,False,True,0.2737858824102345,0.19841577148437506,-0.6405193152990846,-1.3110899658203126,0.670570650521228,0.35098707176519595,0.3303422164916992,0.020644855273496743,2.9238517461878653,2.2410788574218747,0.6827728887659905
S43A11T02,raw,184,6.133333333333334,False,True,0.2737858824102345,0.19841577148437506,-0.6405193152990846,-1.3110899658203126,0.670570650521228,0.35098707176519595,0.3303422164916992,0.020644855273496743,2.9238517461878653,2.2410788574218747,0.6827728887659905
S43A11T02,raw,185,6.166666666666667,False,True,0.2737858824102345,0.19841577148437506,-0.6405193152990846,-1.3110899658203126,0.670570650521228,0.35098707176519595,0.3303422164916992,0.020644855273496743,2.9238517461878653,2.2410788574218747,0.6827728887659905
S43A11T02,raw,186,6.2,False,True,0.2737858824102345,0.19841577148437506,-0.6405193152990846,-1.3110899658203126,0.670570650521228,0.35098707176519595,0.3303422164916992,0.020644855273496743,2.9238517461878653,2.2410788574218747,0.6827728887659905
S43A11T02,raw,187,6.233333333333333,False,True,0.2737858824102345,0.19841577148437506,-0.6405193152990846,-1.3110899658203126,0.670570650521228,0.35098707176519595,0.3303422164916992,0.020644855273496743,2.9238517461878653,2.2410788574218747,0.6827728887659905
S43A11T02,raw,188,6.266666666666667,False,True,0.2737858824102345,0.19841577148437506,-0.6405193152990846,-1.3110899658203126,0.670570650521228,0.35098707176519595,0.3303422164916992,0.020644855273496743,2.9238517461878653,2.2410788574218747,0.6827728887659905
S43A11T02,raw,189,6.3,False,False,0.315449370739822,0.221504150390625,-0.6472409356794443,-1.32495751953125,0.6777165838518057,0.36504438143758217,0.3430466766357422,0.02199770480183999,2.9249186059551127,2.2236663818359377,0.701252224119175
S43A11T02,raw,190,6.333333333333333,True,False,0.29826098733714485,0.2077457275390624,-0.6699178394229524,-1.3158287963867188,0.6459109569637664,0.369469913255189,0.3736175079345703,-0.004147594679381306,2.9167581017325026,2.2154027099609372,0.7013553917715654
S43A11T02,raw,191,6.366666666666666,False,False,0.24116360788760657,0.17162060546875013,-0.6862239133236901,-1.304389892578125,0.6181659792544348,0.38329883048259356,0.41391839599609376,-0.030619565513500202,2.918105980143449,2.201312744140625,0.716793236002824
S43A11T02,raw,192,6.4,True,False,0.22774508885472897,0.15834692382812499,-0.6678774738315452,-1.22626220703125,0.5583847331997049,0.3932701487834331,0.4862167510986328,-0.09294660231519974,2.914580471544972,2.2312158203125003,0.6833646512324716
S43A11T02,raw,193,6.433333333333334,False,False,0.22211905424742387,0.1455051269531249,-0.6643751829170974,-1.2134954833984375,0.5491203004813401,0.389684694243742,0.5254541168212891,-0.13576942257754704,2.9145557940865223,2.2529223632812503,0.661633430805272
S43A11T02,raw,194,6.466666666666667,False,False,0.21966230143754803,0.14518896484374988,-0.6571494742855323,-1.216911376953125,0.5597619026675927,0.38562585346282363,0.56358935546875,-0.17796350200592637,2.925137447381335,2.263052001953125,0.6620854454282101
S43A11T02,raw,195,6.5,True,False,0.2335859932632912,0.14155224609374994,-0.6341622748225934,-1.2115400390625002,0.5773777642399068,0.3953013888820419,0.5887469787597657,-0.19344558987772376,2.9259238725346806,2.2604746093749997,0.6654492631596809
S43A11T02,raw,196,6.533333333333333,False,False,0.22610965968498228,0.12905627441406264,-0.6391457890241868,-1.2003411254882814,0.5611953364640946,0.3932530095793906,0.6071536560058595,-0.2139006464264689,2.9235507625092927,2.254463623046875,0.6690871394624178
S43A11T02,raw,197,6.566666666666666,True,False,0.08266034212177585,0.02991979980468762,-0.6416221543083276,-1.153359313964844,0.5117371596565163,0.36307805701118573,0.544478271484375,-0.18140021447318927,2.9113786035350855,2.1722476806640625,0.739130922871023
S43A11T02,raw,198,6.6,False,False,0.08683553899286625,0.027404174804687598,-0.6272893037071486,-1.150165710449219,0.5228764067420703,0.37950889082321504,0.5335632629394531,-0.15405437211623807,2.905198776872941,2.16185498046875,0.7433437964041909
S43A11T02,raw,199,6.633333333333334,False,False,0.14973761387940165,0.06242797851562498,-0.6168566326428966,-1.2198482666015624,0.6029916339586658,0.3990888979892734,0.5655512390136719,-0.1664623410243985,2.9206532016617968,2.2104251708984375,0.7102280307633593
S43A11T02,raw,200,6.666666666666667,False,False,0.22109716761411016,0.11459912109375003,-0.6282712049376851,-1.2501558837890627,0.6218846788513777,0.40527854532452334,0.5485338745117188,-0.1432553291871954,2.918283738070062,2.2045970458984376,0.7136866921716245
S43A11T02,raw,201,6.7,False,False,0.2076803983154132,0.11060192871093744,-0.6319374094698392,-1.2557666625976562,0.623829253127817,0.4120269201200478,0.5416607208251953,-0.12963380070514752,2.9313972375292123,2.193443115234375,0.7379541222948371
S43A11T02,raw,202,6.733333333333333,False,False,0.23098558709010358,0.12875537109375013,-0.6184615108785843,-1.2570087890625001,0.6385472781839159,0.41183370717670165,0.5280534362792969,-0.11621972910259526,2.948817085345283,2.2033389892578126,0.7454780960874703
S43A11T02,raw,203,6.766666666666667,False,False,0.22956462500152366,0.12832177734375017,-0.6268525956941445,-1.259150390625,0.6322977949308554,0.4073741820112657,0.5262330322265625,-0.1188588502152968,2.93815143531194,2.1982801513671877,0.7398712839447521
S43A11T02,raw,204,6.8,True,False,0.08660733112743113,0.00953540039062517,-0.5974780880465573,-1.1696026611328125,0.5721245730862552,0.3939174821262681,0.41261775207519535,-0.01870026994892726,2.936863355277071,2.1597752685546876,0.7770880867223835
S43A11T02,raw,205,6.833333333333333,False,False,0.11361030574270953,0.1136005859375,-0.5802294726064022,-1.0925052490234375,0.5122757764170353,0.38042467131472874,0.3894079132080078,-0.008983241893279093,2.9258197297823827,2.1157269287109375,0.8100928010714452
S43A11T02,raw,206,6.866666666666666,True,False,0.05694013671875523,0.04555212402343756,-0.5967454589685709,-1.1298978881835937,0.5331524292150228,0.39281996048227696,0.4959750213623047,-0.10315506088002774,2.9112114933010838,2.152736572265625,0.7584749210354587
S43A11T02,raw,207,6.9,True,False,0.10715201602297542,0.03494128417968767,-0.6028956723244456,-1.1564649047851563,0.5535692324607107,0.3956781099145374,0.5398296661376953,-0.14415155622315795,2.8968777863964665,2.20267626953125,0.6942015168652165
S43A11T02,raw,208,6.933333333333334,False,False,0.14360482609384057,0.06734326171875016,-0.6090710572369469,-1.160956787109375,0.5518857298724282,0.3984703700339132,0.5563927459716798,-0.15792237593776653,2.887168718700058,2.217588623046875,0.669580095653183
S43A11T02,raw,209,6.966666666666667,False,False,0.15749128694370038,0.0974921875000001,-0.6131697622439362,-1.1149224853515625,0.5017527231076263,0.40008093013267276,0.567672576904297,-0.1675916467716242,2.883508989835317,2.2155699462890626,0.6679390435462542
S43A11T02,raw,210,7.0,False,False,0.15670228980253856,0.0789538574218751,-0.620902217754903,-1.1429140625,0.5220118447450971,0.4048913425438052,0.5774711761474609,-0.1725798336036557,2.8817567910825126,2.23723876953125,0.6445180215512627
S43A11T02,raw,211,7.033333333333333,False,False,0.1985447277621836,0.11399609374999997,-0.6204719169593595,-1.163971435546875,0.5434995185875156,0.40546316235345836,0.5806959075927735,-0.1752327452393151,2.888207968594394,2.2566336669921876,0.6315743016022064
S43A11T02,raw,212,7.066666666666666,False,False,0.23623955932665205,0.14357849121093746,-0.6286793540415332,-1.1797351684570312,0.551055814415498,0.3990097340554942,0.5739092712402344,-0.17489953718474016,2.900026415827481,2.267923095703125,0.6321033201243558
S43A11T02,raw,213,7.1,False,False,0.25357999761011485,0.16000280761718755,-0.6212980269022386,-1.1895043334960937,0.5682063065938552,0.3901054972149174,0.567770248413086,-0.1776647511981686,2.9054883093602863,2.268439208984375,0.6370491003759113
S43A11T02,raw,214,7.133333333333334,False,False,0.2027095504090586,0.12130529785156252,-0.6286436205624402,-1.1915772094726562,0.562933588910216,0.40284532719944793,0.5623912811279297,-0.15954595392848175,2.924449308035428,2.236523559570313,0.6879257484651151
S43A11T02,raw,215,7.166666666666667,False,False,0.18309662000575164,0.10344897460937497,-0.6295659489485755,-1.1848736572265626,0.555307708277987,0.40119401736692945,0.5656831359863281,-0.1644891186193987,2.926341262825995,2.23160595703125,0.6947353057947452
S43A11T02,raw,216,7.2,False,False,0.1786927728093477,0.09828784179687489,-0.6286032640797027,-1.1815816650390625,0.5529784009593598,0.4008962925547767,0.568099349975586,-0.16720305742080926,2.9260426131636166,2.227224609375,0.6988180037886167
S43A11T02,raw,217,7.233333333333333,False,False,0.17851551965777165,0.09809191894531244,-0.6287020395285934,-1.1815524291992188,0.5528503896706254,0.40091543286675774,0.5682835083007812,-0.1673680754340235,2.9260839833627603,2.2272276611328126,0.6988563222299478
S43A11T02,raw,218,7.266666666666667,False,True,0.17851551965777165,0.09809191894531244,-0.6287020395285934,-1.1815524291992188,0.5528503896706254,0.40091543286675774,0.5682835083007812,-0.1673680754340235,2.9260839833627603,2.2272276611328126,0.6988563222299478
S43A11T02,raw,219,7.3,False,False,0.192193511714611,0.1072491455078124,-0.6235271272275524,-1.1697160034179688,0.5461888761904163,0.3946716600352918,0.5693279418945313,-0.17465628185923948,2.9371906511321253,2.2423802490234372,0.694810402108688
S43A11T02,raw,220,7.333333333333333,True,False,0.031062171096950496,0.018172485351562573,-0.5937139277710296,-1.1059099731445312,0.5121960453735016,0.38497927551621125,0.4680040283203125,-0.08302475280410127,2.938042748941735,2.165069458007813,0.7729732909339222
S43A11T02,raw,221,7.366666666666666,False,False,0.11029552020456648,0.10672192382812495,-0.6030997231718925,-1.064208740234375,0.4611090170624824,0.38519303961859375,0.4405992126464844,-0.05540617302789064,2.92740404138344,2.1350855712890624,0.7923184700943775
S43A11T02,raw,222,7.4,False,False,0.0931591633290275,0.09107006835937503,-0.6125401206295837,-1.070224853515625,0.45768473288604117,0.39625926502162023,0.5262082214355469,-0.12994895641392668,2.9327797391286543,2.137493896484375,0.7952858426442795
S43A11T02,raw,223,7.433333333333334,False,False,0.01434635962223446,0.008143554687499943,-0.5961780093203835,-1.1140299072265625,0.517851897906179,0.3871552186801895,0.4670846710205078,-0.07992945234031834,2.926810046697522,2.14815625,0.778653796697522
S43A11T02,raw,224,7.466666666666667,True,False,0.09508209387771402,0.08608691406250002,-0.5887121857924627,-1.0724676513671874,0.4837554655747247,0.3782549804823791,0.45976728820800783,-0.08151230772562873,2.899537388514012,2.1319688720703125,0.7675685164436996
S43A11T02,raw,225,7.5,False,False,0.14558131158592733,0.13104913330078127,-0.5846704820481298,-1.0492698669433596,0.4645993848952298,0.37514277664589135,0.45235920715332034,-0.07721643050742899,2.8825720475111476,2.118077392578125,0.7644946549330225
S43A11T02,raw,226,7.533333333333333,False,False,0.12810016103126934,0.11543048095703123,-0.583202973820753,-1.0573840026855468,0.47418102886479374,0.37534405508657276,0.45673948669433595,-0.08139543160776319,2.882116562502003,2.1267800292968753,0.7553365332051278
S43A11T02,raw,227,7.566666666666666,False,False,0.12531959609313595,0.1210978393554688,-0.5908117125570169,-1.0552142639160156,0.46440255135899866,0.38749094669813733,0.5127344207763672,-0.1252434740782299,2.8697043949227394,2.137891357421875,0.7318130375008645
S43A11T02,raw,228,7.6,False,False,0.1349517349752732,0.13420477294921884,-0.5920987085067673,-1.0393399963378906,0.4472412878311234,0.40119013513063767,0.5395963592529297,-0.13840622412229203,2.875464952110953,2.155808837890625,0.7196561142203284
S43A11T02,raw,229,7.633333333333334,False,False,0.0906865740226154,0.09013610839843755,-0.5923641900083362,-1.0599392700195311,0.46757508001119497,0.38981525309944476,0.5476640777587891,-0.15784882465934436,2.869343091058604,2.174368530273438,0.6949745607851661
S43A11T02,raw,230,7.666666666666667,False,False,0.08223078607363246,0.07333740234374986,-0.608855099558421,-1.0662220458984375,0.4573669463400165,0.39605582716437965,0.5598602142333984,-0.16380438706901873,2.8667683459178486,2.191009033203125,0.6757593127147237
S43A11T02,raw,231,7.7,False,False,0.0834788201511894,0.0757580566406253,-0.617703761412119,-1.059424560546875,0.44172079913475604,0.39898450626523624,0.5602541961669922,-0.161269689901756,2.8627976162324926,2.1945745849609377,0.6682230312715549
S43A11T02,raw,232,7.733333333333333,False,False,0.08266887599090525,0.07507507324218743,-0.609607155829709,-1.0626223754882813,0.4530152196585723,0.3991377348789377,0.5607632293701172,-0.16162549449117952,2.8627806946416174,2.1954711914062504,0.6673095032353671
S43A11T02,raw,233,7.766666666666667,False,False,0.09780541630330625,0.09607208251953114,-0.6192599848208203,-1.052864959716797,0.4336049748959766,0.3964640788302987,0.5603030395507813,-0.1638389607204826,2.8729975541545905,2.1888209228515625,0.684176631303028
S43A11T02,raw,234,7.8,False,False,0.14027364356069114,0.13965075683593753,-0.6157071155232253,-1.0311047973632812,0.4153976818400559,0.40420053142099094,0.5550855407714844,-0.15088500935049348,2.885099156736064,2.170958984375,0.7141401723610641
S43A11T02,raw,235,7.833333333333333,False,False,0.14682814965608693,0.14682690429687506,-0.6253845765406204,-1.02946337890625,0.40407880236562954,0.40858149080437284,0.5685216369628906,-0.15994014615851776,2.9053241953564646,2.1703189697265626,0.735005225629902
S43A11T02,raw,236,7.866666666666666,True,False,0.09629474751184898,0.08605517578124999,-0.6340648383493948,-1.058123779296875,0.4240589409474802,0.3978880914857866,0.5729820709228516,-0.175093979437065,2.8981619294045906,2.1933232421874997,0.7048386872170909
S43A11T02,raw,237,7.9,False,False,0.09382445037850032,0.016102294921874982,-0.6333294240926038,-1.088656494140625,0.4553270700480211,0.3871180565808471,0.5742810821533203,-0.18716302557247322,2.895811083819519,2.2149742431640624,0.6808368406554566
S43A11T02,raw,238,7.933333333333334,True,False,0.030651802795194763,0.011902832031249977,-0.6353003196463586,-1.0865445556640627,0.45124423601770414,0.3570375366241484,0.43054908752441406,-0.07351155090026568,2.872241938552274,2.1875936279296875,0.6846483106225865
S43A11T02,raw,239,7.966666666666667,False,False,0.029070778713829692,0.012860717773437669,-0.6365503554469583,-1.0870072631835939,0.4504569077366356,0.3470542142805172,0.4303783111572266,-0.08332409687670939,2.8635521620207336,2.185351318359375,0.6782008436613585
S43A11T02,raw,240,8.0,False,False,0.03241757865957899,0.02325622558593743,-0.6338314858277625,-1.0948125610351562,0.46098107520739373,0.3482985378191882,0.4115657348632813,-0.06326719704409312,2.844737690553733,2.1533797607421876,0.6913579298115455
S43A11T02,raw,241,8.033333333333333,False,False,0.04262604355932971,0.04229003906249984,-0.6369890215120566,-1.087486328125,0.4504973066129434,0.34742704478020225,0.3669180603027344,-0.01949101552253213,2.839137076880428,2.1380833740234375,0.7010537028569903
S43A11T02,raw,242,8.066666666666666,True,False,0.025031610223473725,0.024862182617187534,-0.6399575063507553,-1.1167446899414064,0.4767871835906511,0.3467257868316357,0.3525042877197266,-0.005778500888090898,2.8520901382025508,2.1200008544921873,0.7320892837103634
S43A11T02,raw,243,8.1,False,False,0.024764159704055277,0.024684448242187518,-0.640787572317335,-1.1191198120117187,0.47833223969438377,0.346920107642155,0.35007054138183596,-0.003150433739680991,2.853019371745998,2.1164521484375003,0.7365672233084979
S43A11T02,raw,244,8.133333333333333,False,False,0.0247847896383479,0.024703369140624876,-0.6407416193506796,-1.119140625,0.47839900564932036,0.3466930642226756,0.3499598388671875,-0.003266774644511916,2.852843307362655,2.116192626953125,0.7366506804095301
S43A11T02,raw,245,8.166666666666666,False,False,0.03950911952495625,0.03940100097656263,-0.636749627971032,-1.1194927368164063,0.4827431088453743,0.3405234570598113,0.3389946746826172,0.0015287823771941156,2.852514906235941,2.1065478515625,0.7459670546734412
S43A11T02,raw,246,8.2,True,False,0.03660962679927408,0.03651391601562515,-0.6247586638928528,-1.1257768554687502,0.5010181915758973,0.33382220046576994,0.3342434539794922,-0.00042125351372224173,2.860110400430351,2.09350048828125,0.766609912149101
S43A11T02,raw,247,8.233333333333333,False,False,0.05946813069330293,0.058914062499999975,-0.6263920857894346,-1.1155294189453124,0.4891373331558778,0.3302232845511278,0.32923326110839846,0.0009900234427293597,2.8598545216303566,2.0896671142578125,0.7701874073725441
S43A11T02,raw,248,8.266666666666667,True,False,0.07317191747280916,0.07122363281249999,-0.6106829174503778,-1.1060240478515626,0.49534113040118477,0.33116238127690883,0.33226612854003906,-0.001103747263130228,2.8671330896434664,2.0845711669921876,0.7825619226512788
S43A11T02,raw,249,8.3,True,False,0.08365540286047746,0.08196838378906235,-0.6136324524501321,-1.1010355834960937,0.48740313104596156,0.32109949404755633,0.33564033508300783,-0.014540841035451502,2.8583756916920593,2.0862696533203127,0.7721060383717466
S43A11T02,raw,250,8.333333333333334,True,False,0.07926116717201492,0.07616931152343742,-0.6263921046816151,-1.1023093872070313,0.4759172825254162,0.3121523667267208,0.34082096862792965,-0.028668601901208846,2.8531511588513983,2.081010986328125,0.7721401725232733
S43A11T02,raw,251,8.366666666666667,True,False,0.016567961467123173,0.008100097656249972,-0.6148193824966603,-1.141201416015625,0.5263820335189646,0.3080206799671401,0.37676396179199223,-0.06874328182485212,2.8664516874647137,2.0807762451171876,0.7856754423475261
S43A11T02,raw,252,8.4,True,False,0.06313139386430683,0.03120788574218758,-0.6098604050964809,-1.1150249633789064,0.5051645582824256,0.31288149289192346,0.4896716918945313,-0.17679019900260784,2.8558824470588027,2.106154052734375,0.7497283943244275
S43A11T02,raw,253,8.433333333333334,True,False,0.030207094646275374,0.011072143554687441,-0.6180005477210344,-1.1202506713867186,0.5022501236656842,0.2893593243592888,0.43693917846679686,-0.14757985410750807,2.838429234045592,2.0940848388671878,0.7443443951784041
S43A11T02,raw,254,8.466666666666667,False,False,0.026352299484286336,0.007767944335937527,-0.625094960187137,-1.1220741577148439,0.4969791975277069,0.28543076984424326,0.4325415191650391,-0.14711074932079582,2.8363454459178046,2.0883988037109376,0.747946642206867
S43A11T02,raw,255,8.5,False,False,0.030738972083960033,0.02854370117187499,-0.624612175046091,-1.1138070068359376,0.4891948317898466,0.2831888582209227,0.43023721313476565,-0.14704835491384294,2.8330877582829332,2.0807108154296876,0.7523769428532456
S43A11T02,raw,256,8.533333333333333,False,False,0.03171487304032139,0.02989038085937512,-0.6246585267865818,-1.1136463623046875,0.48898783551810565,0.2829703880290841,0.43005245971679695,-0.14708207168771287,2.8328032826669425,2.0802908935546878,0.7525123891122547
S43A11T02,raw,257,8.566666666666666,False,False,0.06065496071099231,0.059772460937500105,-0.6325437536840385,-1.1023029785156249,0.4697592248315864,0.2567483800475544,0.4223583068847656,-0.1656099268372112,2.815619912481639,2.0592941894531247,0.7563257230285143
S43A11T02,raw,258,8.6,False,False,0.014657796068531246,0.006470458984374927,-0.6381660511936263,-1.1305306396484376,0.49236458845481124,0.2485711326531479,0.42904588317871095,-0.18047475052556305,2.809934204810774,2.069875732421875,0.740058472388899
S43A11T02,raw,259,8.633333333333333,False,False,0.02647017482313963,0.015510986328124865,-0.6417213598750727,-1.1455535888671875,0.5038322289921148,0.24083355102738727,0.42942773437500004,-0.18859418334761277,2.8096942420812883,2.0747845458984377,0.7349096961828505
S43A11T02,raw,260,8.666666666666666,False,False,0.024721896112418894,0.022075439453125068,-0.6486163889479353,-1.14902490234375,0.5004085133958147,0.23027360623672216,0.4267726440429688,-0.1964990378062466,2.8043599536552097,2.063615844726563,0.7407441089286468
S43A11T02,raw,261,8.7,False,False,0.05456803131810466,0.052598999023437454,-0.6604361757878956,-1.1626924438476562,0.5022562680597606,0.2180675239397808,0.40727703857421876,-0.18920951463443797,2.7950952551038655,2.070626220703125,0.7244690344007405
S43A11T02,raw,262,8.733333333333333,False,False,0.05418925973827103,0.05226818847656234,-0.6604251546285098,-1.1624282836914062,0.5020031290628963,0.2179739024870585,0.4072718505859375,-0.189297948098879,2.7950025699184717,2.0704326171875,0.7245699527309717
S43A11T02,raw,263,8.766666666666667,False,False,0.04955107021585847,0.04791284179687505,-0.6695454592171924,-1.16727880859375,0.49773334937655755,0.20783488193584712,0.4070256958007813,-0.19919081386493417,2.7822829790732686,2.0619041748046874,0.7203788042685813
S43A11T02,raw,264,8.8,False,False,0.05795745578167383,0.05086413574218751,-0.6744106121301326,-1.1672297973632813,0.4928191852331486,0.19419884179793284,0.40609706115722655,-0.2118982193592937,2.778419142002374,2.066794677734375,0.7116244642679987
S43A11T02,raw,265,8.833333333333334,False,False,0.05953668889959486,0.053210693359375005,-0.6750576031169561,-1.1701116943359375,0.4950540912189815,0.1933384209171752,0.40567108154296877,-0.21233266062579356,2.7780705254923492,2.0675234375000002,0.710547087992349
S43A11T02,raw,266,8.866666666666667,False,False,0.05950284684970507,0.053179077148437504,-0.6750640939664627,-1.1701233520507812,0.4950592580843185,0.1933185256977499,0.405610595703125,-0.21229207000537512,2.7780575950288533,2.0675355224609375,0.7105220725679158
S43A11T02,raw,267,8.9,False,False,0.05690103678270482,0.05046423339843753,-0.6753113619598344,-1.1703912963867187,0.49507993442688425,0.19213258086283758,0.40190397644042974,-0.20977139557759217,2.777055808248623,2.067787353515625,0.7092684547329982
S43A11T02,raw,268,8.933333333333334,False,False,0.05549275856417033,0.04971240234375007,-0.6758847174944985,-1.1718929443359376,0.4960082268414391,0.1903605515349008,0.39799978637695316,-0.20763923484205235,2.7761131449516587,2.069313232421875,0.7067999125297839
S43A11T02,raw,269,8.966666666666667,True,False,0.28329062619828,0.21033569335937496,-0.6839197159938053,-1.268102294921875,0.5841825789280697,0.14492676819000008,0.3949385375976563,-0.25001176940765624,2.7474682403931365,2.183031494140625,0.5644367462525115
S43A11T02,raw,270,9.0,False,False,0.4331709867513787,0.2648603515625001,-0.6956761421109953,-1.300375,0.6046988578890048,0.13942752161775893,0.41816398620605466,-0.2787364645882957,2.757451038029194,2.267455688476563,0.48999534955263124
S43A11T02,raw,271,9.033333333333333,False,False,0.448345304911611,0.2765863037109375,-0.698199912933017,-1.3107665405273439,0.6125666275943269,0.134950064895867,0.4253542022705078,-0.29040413737464077,2.7474943581448867,2.2772021484375,0.4702922097073867
S43A11T02,raw,272,9.066666666666666,False,False,0.5332177094959422,0.2955137939453125,-0.7019243601841123,-1.3478016967773438,0.6458773365932315,0.1259609925638463,0.45914358520507814,-0.33318259264123185,2.743675756546846,2.2985679931640624,0.4451077633827838
S43A11T02,raw,273,9.1,True,False,0.653092959728828,0.30975805664062483,-0.7166384038800926,-1.363023681640625,0.6463852777605323,0.11651058303026827,0.5095611724853516,-0.3930505894550833,2.739669683918837,2.3717152099609375,0.36795447395789926
S43A11T02,raw,274,9.133333333333333,False,False,0.6732936941335503,0.3088509521484375,-0.7150118888802383,-1.3509069213867189,0.6358950325064806,0.10881383527485224,0.5213052978515625,-0.4124914625767103,2.723898236109773,2.3896834716796875,0.3342147644300857
S43A11T02,raw,275,9.166666666666666,True,False,0.6048495488267006,0.3167375488281252,-0.7325185077136437,-1.348061279296875,0.6155427715832312,0.10822843595510712,0.5144436492919922,-0.40621521333688504,2.7317611555073236,2.3691669921875,0.3625941633198235
S43A11T02,raw,276,9.2,False,False,0.576159746667332,0.30363061523437485,-0.729617774887539,-1.3484537353515624,0.6188359604640234,0.10677623633450213,0.5170984191894532,-0.4103221828549511,2.7154726178603603,2.3673825683593748,0.34809004950098554
S43A11T02,raw,277,9.233333333333333,False,False,0.5424822469457261,0.28973254394531267,-0.7383917964187106,-1.3442819213867188,0.6058901249680082,0.11475671347902139,0.52248486328125,-0.4077281498022286,2.7095231405780718,2.3587388916015626,0.35078424897650917
S43A11T02,raw,278,9.266666666666667,True,False,0.5296922977327,0.26831689453124996,-0.7457547932895995,-1.3256175537109376,0.5798627604213381,0.11460679405301145,0.5279805908203126,-0.4133737967673011,2.6762205006637387,2.364365966796875,0.3118545338668639
S43A11T02,raw,279,9.3,True,False,0.5264137982182694,0.24906774902343742,-0.7480008863260422,-1.3241679077148438,0.5761670213888016,0.10747778672609522,0.5334734802246094,-0.4259956934985142,2.657397482715806,2.363928466796875,0.29346901591893104
S43A11T02,raw,280,9.333333333333334,False,False,0.5393913628073748,0.2475830078125001,-0.7539617212631109,-1.32765234375,0.5736906224868892,0.1055335513994817,0.5359187927246094,-0.4303852413251277,2.645633389284377,2.3648702392578125,0.2807631500265644
S43A11T02,raw,281,9.366666666666667,False,False,0.5472939119422549,0.24909362792968737,-0.7568186818827665,-1.3272930297851562,0.5704743479023897,0.1076109283757484,0.5412158508300782,-0.4336049224543298,2.6430809781284816,2.363036865234375,0.2800441128941067
S43A11T02,raw,282,9.4,False,False,0.5673459116188946,0.2751820068359374,-0.7727567043151373,-1.3291046752929687,0.5563479709778314,0.10296647058463193,0.5462171020507812,-0.4432506314661493,2.6375592147850773,2.3689617919921875,0.2685974227928898
S43A11T02,raw,283,9.433333333333334,False,False,0.5665024439804967,0.2752941894531251,-0.7741454548951923,-1.32883740234375,0.5546919474485577,0.10233598624245231,0.5465956726074219,-0.4442596863649696,2.6362756936681606,2.3687600097656247,0.2675156839025359
S43A11T02,raw,284,9.466666666666667,False,False,0.5585104350856595,0.2940362548828126,-0.7941297025399916,-1.338162780761719,0.5440330782217273,0.1042055681648831,0.5577777862548828,-0.4535722180899997,2.6277787284526894,2.386015380859375,0.2417633475933143
S43A11T02,raw,285,9.5,False,False,0.5310772029935963,0.3329500732421875,-0.8339450466456283,-1.2837680053710936,0.4498229587254653,0.09828484387188727,0.5904145202636719,-0.4921296763917846,2.6191143372431536,2.4427462158203124,0.1763681214228412
S43A11T02,raw,286,9.533333333333333,False,False,0.5047555487103635,0.395694091796875,-0.8670418195195784,-1.2515513916015624,0.384509572081984,0.10191836161108234,0.6453992309570313,-0.543480869345949,2.626836757543855,2.3906517333984376,0.23618502414541753
S43A11T02,raw,287,9.566666666666666,True,False,0.5252896819637181,0.41965954589843735,-0.8892877719444497,-1.2449004516601563,0.35561267971570654,0.09086728022787914,0.6672203063964843,-0.5763530261686052,2.6239398385516433,2.3944410400390623,0.22949879851258093
S43A11T02,raw,288,9.6,False,False,0.510393423602847,0.4291386718750001,-0.9015544415538094,-1.2439337158203125,0.34237927426650316,0.08518461004882498,0.6632258911132813,-0.5780412810644564,2.60564349288546,2.390677856445312,0.214965636440148
S43A11T02,raw,289,9.633333333333333,False,False,0.47584118770189904,0.4046859130859375,-0.9344818302994801,-1.2447263793945313,0.3102445490950513,0.10678637686648257,0.6909205017089843,-0.5841341248425018,2.5830648189791,2.361520751953125,0.22154406702597473
S43A11T02,raw,290,9.666666666666666,False,False,0.4758944345080134,0.4031846923828126,-0.955644516195544,-1.2454035034179687,0.28975898722242466,0.10969383004349635,0.6996882629394532,-0.5899944328959569,2.5780961653050265,2.3682746582031253,0.20982150710190117
S43A11T02,raw,291,9.7,False,False,0.49997244539372876,0.41774438476562503,-0.9667564151951011,-1.2611029052734375,0.29434649007833635,0.10745537593104594,0.7059033508300782,-0.5984479748990322,2.5749645987830863,2.3692080078125004,0.20575659097058585
S43A11T02,raw,292,9.733333333333333,True,False,0.5355311623391457,0.43462200927734373,-0.996950603517787,-1.2057574768066406,0.2088068732888536,0.11810168576406041,0.6905070495605469,-0.5724053637964864,2.53819637640264,2.3799451904296873,0.1582511859729525
S43A11T02,raw,293,9.766666666666667,True,False,0.5761830119691153,0.4188533935546874,-1.0009298042659582,-1.2223351440429688,0.2214053397770106,0.11915298331980072,0.6783735961914062,-0.5592206128716055,2.4679053456118476,2.4131231689453125,0.054782176666535065
S43A11T02,raw,294,9.8,True,False,0.5255873370726006,0.35969042968749987,-1.020563160320893,-1.2465626220703125,0.22599946174941965,0.13166975131217518,0.7023889770507813,-0.5707192257386061,2.449196925425853,2.423936279296875,0.02526064612897816
S43A11T02,raw,295,9.833333333333334,True,False,0.4971048901947638,0.3357086181640625,-1.0229157547003371,-1.2457726440429688,0.2228568893426317,0.1413809913232681,0.6976215820312499,-0.5562405907079818,2.433772082969078,2.4388067626953127,-0.005034679726234614
S43A11T02,raw,296,9.866666666666667,True,False,0.45169694422849677,0.24266296386718755,-1.0595871372531858,-1.2592882690429688,0.199701131789783,0.15178142946110026,0.7316592712402343,-0.579877841779134,2.4381945556360964,2.3863424072265627,0.05185214840953378
S43A11T02,raw,297,9.9,False,False,0.43563627777642716,0.3689678955078126,-1.0751818386873735,-1.242113220214844,0.16693138152747045,0.15027056842422357,0.7888700256347656,-0.638599457210542,2.417858701097898,2.3608585205078128,0.05700018059008505
S43A11T02,raw,298,9.933333333333334,True,False,0.3467394625820959,0.2947458496093749,-1.0936266256672862,-1.2258165283203124,0.13218990265302621,0.15408350486079522,0.805393798828125,-0.6513102939673298,2.4115296177853627,2.2785966796875003,0.13293293809786233
S43A11T02,raw,299,9.966666666666667,False,False,0.23530454152569205,0.21388647460937493,-1.1048368948783578,-1.2021302490234376,0.09729335414507978,0.1539302162354377,0.7894303894042969,-0.6355001731688592,2.403484247357367,2.252314331054688,0.1511699163026794
S43A11T02,raw,300,10.0,False,False,0.11879957919120518,0.09198901367187506,-1.1170028616185022,-1.1804879150390626,0.06348505342056043,0.15116022452550615,0.81638623046875,-0.6652260059432439,2.3964783966294583,2.2207608642578123,0.175717532371646
S43A11T02,raw,301,10.033333333333333,True,False,0.22937365937555815,0.19101196289062505,-1.1394214942033192,-1.206786376953125,0.0673648827498059,0.1301005886846045,0.8160314331054688,-0.6859308444208643,2.3787118476862776,2.268113891601563,0.11059795608471479
S43A11T02,filtered,0,0.0,False,False,0.0890666712216206,0.06370169784782265,-1.3817862855792051,-1.1893193314348771,-0.19246695414432802,-0.19355207675286135,0.715229069116744,-0.9087811458696053,2.0320040503194505,2.067329283490667,-0.035325233171216386
S43A11T02,filtered,1,0.03333333333333333,False,True,0.09026394199434275,0.07057426480651485,-1.3807940932288219,-1.1881637212995302,-0.19263037192929167,-0.19322348424092148,0.712731788226771,-0.9059552724676925,2.0315326514536842,2.0686556193154058,-0.037122967861721534
S43A11T02,filtered,2,0.06666666666666667,False,False,0.09231931675875246,0.07670985787284246,-1.3799698372851288,-1.187353607323204,-0.19261622996192473,-0.19292607915664062,0.7102796731597998,-0.9032057523164404,2.0310650597875317,2.06988770393201,-0.038822644144478335
S43A11T02,filtered,3,0.1,False,False,0.09458370877276759,0.08137180211730133,-1.379410958671261,-1.187194844113578,-0.19221611455768306,-0.19273074517417255,0.7077603108543278,-0.9004910560285003,2.030556632964156,2.0709350503179786,-0.04037841735382264
S43A11T02,filtered,4,0.13333333333333333,False,False,0.09633552884088521,0.08386411262392945,-1.3791939167223743,-1.1879706163115535,-0.1912233004108208,-0.19269809910956887,0.7050770915040327,-0.8977751906136016,2.029970796351761,2.071688826650944,-0.041718030299183084
S43A11T02,filtered,5,0.16666666666666666,False,False,0.09706432227041857,0.0835657429894856,-1.3793658319727489,-1.1899288038331965,-0.18943702813955232,-0.19287351734453442,0.7021574040372647,-0.8950309213817991,2.0292830031934916,2.072018602301238,-0.04273559910774649
S43A11T02,filtered,6,0.2,False,False,0.09671855751379939,0.07996719911640926,-1.379938330233465,-1.1932691025632471,-0.18666922767021776,-0.19328359343514784,0.6989572420112538,-0.8922408354464015,2.0284828346048287,2.0717747501850146,-0.04329191558018586
S43A11T02,filtered,7,0.23333333333333334,False,False,0.09592155640653975,0.0727075481411601,-1.3808842490237796,-1.1981304687008358,-0.18275378032294376,-0.19393428932414453,0.6954620072277269,-0.8893962965518714,2.027574064349133,2.0707968521556417,-0.04322278780650857
S43A11T02,filtered,8,0.26666666666666666,False,False,0.096109089870813,0.06160890207698655,-1.3821376443583107,-1.2045797463812669,-0.1775578979770438,-0.19481090224810793,0.6916838319942102,-0.8864947342423182,2.0265728187692775,2.0689274761421506,-0.04235465737287303
S43A11T02,filtered,9,0.3,True,False,0.09937574920479932,0.04670472388029845,-1.3835972617192878,-1.2126025817958388,-0.17099467992344897,-0.19587981806736843,0.6876562100823327,-0.8835360281497011,2.025504246350215,2.0660297647676793,-0.04052551841746421
S43A11T02,filtered,10,0.3333333333333333,True,False,0.10774952308865057,0.028257956321294797,-1.3851333334535842,-1.222097866984205,-0.16303546646937916,-0.19709186954878796,0.6834270612734747,-0.8805189308222627,2.024398328056219,2.062006536786601,-0.03760820873038195
S43A11T02,filtered,11,0.36666666666666664,False,True,0.12216649544266198,0.0067651459875539555,-1.3865972639600372,-1.232876940640229,-0.15372032331980834,-0.19838697727503232,0.679051504134286,-0.8774384814093183,2.023285570251226,2.0568181774954546,-0.033532607244228796
S43A11T02,filtered,12,0.4,False,True,0.14208971289183892,0.017056495686346373,-1.3878334924144933,-1.244668563308385,-0.14316492910610834,-0.19969963500345733,0.6745855542172443,-0.8742851892207016,2.0221933046303726,2.050496564261232,-0.028303259630859223
S43A11T02,filtered,13,0.43333333333333335,False,True,0.1660114962614211,0.04230078658025915,-1.388692605271461,-1.2571302665569306,-0.13156233871453038,-0.20096472397635753,0.6700817121630396,-0.8710464361393971,2.021143175774552,2.043152661771579,-0.02200948599702679
S43A11T02,filtered,14,0.4666666666666667,True,False,0.19211148457010482,0.06792285043636448,-1.3890446259377291,-1.269866070126985,-0.1191785558107441,-0.20212311278387524,0.6655870030609823,-0.8677101158448575,2.020150153819805,2.0349761841643237,-0.014826030344518681
S43A11T02,filtered,15,0.5,True,False,0.21862873951636888,0.0928056349656381,-1.3887913486873593,-1.2824498261502344,-0.10634152253712492,-0.2031265266891503,0.6611435446897929,-0.8642700713789432,2.0192231148914566,2.0262267494196275,-0.007003634528170988
S43A11T02,filtered,16,0.5333333333333333,True,False,0.244011778314806,0.11583813920569863,-1.3878766143860322,-1.2944526801863467,-0.09342393419968542,-0.20394125191836784,0.6567912396252715,-0.8607324915436394,2.018366742573459,2.017217089533393,0.0011496530400658678
S43A11T02,filtered,17,0.5666666666666667,False,False,0.26698508784583447,0.1359989293585011,-1.3862935488613688,-1.3054724554568875,-0.08082109340448129,-0.20455036821310474,0.6525717839373968,-0.8571221521505015,2.0175842734337985,2.0082899518118,0.009294321621998503
S43A11T02,filtered,18,0.6,False,False,0.28659371092977387,0.15243725534954033,-1.3840879981822134,-1.315162294697798,-0.06892570348441529,-0.20495436226265892,0.6485329278178058,-0.8534872900804648,2.016880477345594,1.999791167447208,0.017089309898386196
S43A11T02,filtered,19,0.6333333333333333,False,False,0.30223717393876004,0.164543681683875,-1.381357689565838,-1.3232557367991165,-0.058101952766721476,-0.2051701456993571,0.644731852042784,-0.8499019977421411,2.016264246472764,1.9920418507158404,0.024222395756923643
S43A11T02,filtered,20,0.6666666666666666,False,False,0.31368693329853037,0.1720027357881031,-1.378247003804863,-1.3295856174799217,-0.048661386324941436,-0.2052286618456436,0.6412366510866143,-0.8464653129322579,2.015750260374917,1.9853127667904253,0.03043749358449155
S43A11T02,filtered,21,0.7,False,False,0.3210786642458325,0.17482161939287644,-1.374937636109273,-1.3340947544292883,-0.040842881679984844,-0.20517139429364487,0.6381252203963184,-0.8432966146899632,2.0153593748680385,1.9798035802096707,0.03555579465836778
S43A11T02,filtered,22,0.7333333333333333,False,False,0.32487262772544606,0.17333134016935814,-1.3716358091634644,-1.3368372328419007,-0.03479857632156369,-0.20504617231464659,0.6354812833979884,-0.840527455712635,2.015117612433001,1.9756290432828574,0.03948856915014343
S43A11T02,filtered,23,0.7666666666666667,False,False,0.3257792520212111,0.16815940917508176,-1.368557042653296,-1.3379701240176387,-0.030586918635657323,-0.20490269704526168,0.6333877908851311,-0.8382904879303927,2.0150538700284106,1.9728133190683295,0.04224055096008117
S43A11T02,filtered,24,0.8,False,False,0.32465283511703685,0.16017616775127896,-1.3659097372184257,-1.3377365023426404,-0.02817323487578527,-0.204788192812904,0.631918397049694,-0.836706589862598,2.0151966661746763,1.9712926880713244,0.04390397810335189
S43A11T02,filtered,25,0.8333333333333334,False,False,0.3223643174675897,0.15041950892868772,-1.3638789660303805,-1.336441534583968,-0.02743743144641253,-0.2047435321639026,0.6311280822015144,-0.835871614365417,2.0155703920824335,1.9709259859585944,0.04464440612383913
S43A11T02,filtered,26,0.8666666666666667,False,False,0.31967347826152476,0.1400049417255682,-1.3626118661081552,-1.3344240881303708,-0.02818777797778438,-0.20480010619998762,0.6310441926092303,-0.8358442988092178,2.0161915940932915,1.9715113630347272,0.044680231058564335
S43A11T02,filtered,27,0.9,False,False,0.31712779663967494,0.13002938590820956,-1.3622058829638448,-1.3320266718828497,-0.030179211080995083,-0.2049776263788345,0.6316591757073983,-0.8366368020862327,2.0170657949442634,1.9728074147223227,0.04425838022194073
S43A11T02,filtered,28,0.9333333333333333,False,False,0.31501342518835534,0.12147764631670688,-1.3627008621277918,-1.3295665623908652,-0.03313429973692661,-0.2052829576381685,0.6329261122567947,-0.8382090698949632,2.0181852713268977,1.9745564411411296,0.04362883018576813
S43A11T02,filtered,29,0.9666666666666667,False,False,0.31336960545578335,0.11514016551023798,-1.3640756299038368,-1.3273107004856697,-0.036764929418167114,-0.2057099987932278,0.6347578234458806,-0.8404678222391084,2.0195280664298463,1.9765075561432432,0.04302051028660303
S43A11T02,filtered,30,1.0,False,False,0.3120559785154456,0.11154945481416423,-1.3662493034179732,-1.3254564283546324,-0.04079287506334084,-0.20624054615272577,0.6370299158349424,-0.8432704619876682,2.0210583543872285,1.9784375575832391,0.042620796803989336
S43A11T02,filtered,31,1.0333333333333334,False,False,0.31084430341962116,0.11094070894948027,-1.3690871604979151,-1.3241194567827894,-0.044967703715125706,-0.20684600287031707,0.6395876809756136,-0.8464336838459307,2.0227281137040274,1.980167845831499,0.04256026787252831
S43A11T02,filtered,32,1.0666666666666667,False,False,0.3095018118102088,0.11323974117976965,-1.3724105249272973,-1.3233297016814272,-0.04908082324587015,-0.2074897349859856,0.6422563444557349,-0.8497460794417204,2.0244799289862754,1.9815761769704616,0.042903752015813756
S43A11T02,filtered,33,1.1,False,False,0.30784306609139467,0.11807880081902922,-1.3760098168979942,-1.3230349000501516,-0.05297491684784261,-0.20812983272965627,0.644853804254089,-0.8529836369837452,2.026250637984221,1.9826025945502692,0.0436480434339519
S43A11T02,filtered,34,1.1333333333333333,False,False,0.3057434787258583,0.12483832696449837,-1.379659706026412,-1.3231112840915507,-0.056548421934861315,-0.2087220194787924,0.647204740397617,-0.8559267598764094,2.0279754800623424,1.9832494351877887,0.04472604487455367
S43A11T02,filtered,35,1.1666666666666667,False,False,0.30312273515164373,0.13271049239748423,-1.3831351959727203,-1.3233801067133366,-0.059755089259383665,-0.2092224645591198,0.6491548343228422,-0.858377298881962,2.029592382406147,1.9835757959982998,0.046016586407847004
S43A11T02,filtered,36,1.2,False,False,0.2999157782111569,0.1407786733334988,-1.3862274626952804,-1.3236284869613237,-0.06259897573395667,-0.20959029818863992,0.6505838136159793,-0.8601741118046192,2.031046036633094,1.983687251935428,0.047358784697665746
S43A11T02,filtered,37,1.2333333333333334,False,False,0.29605130898973075,0.14810583451684622,-1.3887583480971162,-1.3236328638227395,-0.0651254842743767,-0.20978968976025208,0.6514161328255933,-0.8612058225858454,2.0322914632493636,1.9837219060417834,0.04856955720758016
S43A11T02,filtered,38,1.2666666666666666,False,False,0.29145319525681546,0.1538242603975506,-1.3905925552969414,-1.3231832754346606,-0.06740927986228074,-0.20979142246571897,0.6516283017036615,-0.8614197241693804,2.033296825457393,1.9838340506007024,0.049462774856690706
S43A11T02,filtered,39,1.3,False,False,0.2860704786778012,0.15721905789445256,-1.3916467773756862,-1.3221066789734541,-0.06954009840223208,-0.20957396462733593,0.6512521585021935,-0.8608261231295294,2.0340453278291366,1.9841768267777529,0.04986850105138374
S43A11T02,filtered,40,1.3333333333333333,False,False,0.27992998323087065,0.1577983514271737,-1.3918951983216958,-1.3202875679559034,-0.07160763036579243,-0.20912408940276764,0.6503737316565559,-0.8594978210593235,2.0345361108775,1.9848853085926859,0.04965080228481433
S43A11T02,filtered,41,1.3666666666666667,False,False,0.273195353548703,0.1553440366225063,-1.3913710202611556,-1.3176842246531366,-0.07368679560801894,-0.20843712251668328,0.6491277082714878,-0.8575648307881711,2.0347841230569035,1.9860614097582898,0.04872271329861366
S43A11T02,filtered,42,1.4,False,False,0.2662100416055845,0.14993831777629185,-1.3901638900243547,-1.314339086755552,-0.0758248032688027,-0.20751690084997365,0.6476879006771115,-0.8552048015270851,2.0348190132030233,1.9877619133573678,0.047057099845655426
S43A11T02,filtered,43,1.4333333333333333,False,False,0.25950032630448566,0.14196299554877867,-1.3884133218019437,-1.310381948397295,-0.07803137340464872,-0.2063755071635204,0.6462544418917469,-0.8526299490552672,2.0346831374013004,1.9899907396185492,0.044692397782751137
S43A11T02,filtered,44,1.4666666666666666,False,False,0.25371939811933536,0.13207055628977282,-1.3862984444695863,-1.3060250999077168,-0.08027334456186952,-0.20503281612532262,0.6450387186182303,-0.8500715347435529,2.0344288152072787,1.9926962795222725,0.04173253568500623
S43A11T02,filtered,45,1.5,False,False,0.2495285798284683,0.12112847129249249,-1.3840246430156362,-1.3015500691876483,-0.08247457382798795,-0.20351585420425147,0.644247242462175,-0.8477630966664265,2.0341150024662604,1.9957742235821065,0.03834077888415388
S43A11T02,filtered,46,1.5333333333333334,False,False,0.24743957843692002,0.11014061498274441,-1.3818079073934584,-1.2972863608019125,-0.08452154659154587,-0.20185795053166875,0.6440657491118991,-0.8459236996435678,2.0338035730795294,1.999075816862802,0.03472775621672741
S43A11T02,filtered,47,1.5666666666666667,False,False,0.24767343385110588,0.10015215417435663,-1.3798579331646543,-1.2935834527967383,-0.08627448036791607,-0.20009764483065798,0.644644792776138,-0.8447424376067959,2.0335554204491517,2.0024209100186856,0.03113451043046611
S43A11T02,filtered,48,1.6,False,False,0.25010155624239694,0.09214637370099599,-1.3783612103883798,-1.290778213049203,-0.08758299733917685,-0.19827732567315376,0.6460879712959191,-0.8443652969690729,2.03342660034868,2.005614615282379,0.027811985066301226
S43A11T02,filtered,49,1.6333333333333333,False,False,0.25430025221100133,0.08694337374022476,-1.3774654569638864,-1.2891607036349773,-0.08830475332890919,-0.196441597142439,0.6484436893644356,-0.8448852865068747,2.033464739198158,2.0084658980998804,0.02499884109827777
S43A11T02,filtered,50,1.6666666666666667,False,False,0.25968973049863325,0.08511110430899826,-1.377266765628072,-1.288941902564354,-0.0883248630637179,-0.1946354098977147,0.6517010668513774,-0.8463364767490921,2.0337059238231867,2.010806124679225,0.022899799143961896
S43A11T02,filtered,51,1.7,False,False,0.2656889941938832,0.08689858345646351,-1.3778007128388858,-1.2902270504145243,-0.08757366242436149,-0.19290203598542335,0.6557902571683749,-0.8486922931537982,2.0341722700917537,2.012505511006032,0.021666759085721576
S43A11T02,filtered,52,1.7333333333333334,False,False,0.2718242017658835,0.09219931806118664,-1.3790384110266192,-1.2929980344469434,-0.08604037657967578,-0.19128100635866055,0.6605870899178763,-0.8518680962765368,2.0348703383501836,2.013485612137181,0.02138472621300247
S43A11T02,filtered,53,1.7666666666666666,False,False,0.2777630544539638,0.10055003430772591,-1.3808880827101166,-1.2971074362670487,-0.08378064644306793,-0.18980615736366133,0.6659216225799751,-0.8557277799436365,2.0357905236240383,2.0137264383430518,0.02206408528098658
S43A11T02,filtered,54,1.8,False,False,0.2832834810396315,0.11116613356281646,-1.3832022287943988,-1.3022856565909344,-0.08091657220346438,-0.18850394137193735,0.671589901234485,-0.8600938426064224,2.0369074987846725,2.013267429216315,0.023640069568357625
S43A11T02,filtered,55,1.8333333333333333,False,False,0.2882076609850641,0.12301126245141925,-1.385789908041545,-1.3081610374439163,-0.07762887059762869,-0.18739214497619794,0.6773680075716679,-0.8647601525478659,2.038181731036069,2.012202268100101,0.025979462935967756
S43A11T02,filtered,56,1.8666666666666667,True,False,0.292340374754635,0.1348945377755182,-1.388433108143018,-1.3142913318961589,-0.07414177624685903,-0.18647912733073527,0.6830273215578302,-0.8695064488885654,2.0395620294520223,2.01066827235122,0.02889375710080211
S43A11T02,filtered,57,1.9,False,False,0.2954447570056686,0.14558579946965922,-1.3909057418629416,-1.3202034524728918,-0.07070228939004974,-0.1857636460217593,0.6883498653006757,-0.874113511322435,2.0409890182384305,2.0088317487722134,0.03215726946621711
S43A11T02,filtered,58,1.9333333333333333,False,False,0.2972714878906349,0.15393718637592824,-1.3929935055576912,-1.325437373272191,-0.06755613228550028,-0.18523528486947805,0.6931426180882603,-0.8783779029577383,2.042399370836691,2.006871174556919,0.03552819627977222
S43A11T02,filtered,59,1.9666666666666666,False,False,0.2976357473721435,0.15899859050058196,-1.3945127323194386,-1.3295895228645338,-0.06492320945490482,-0.184875444388395,0.6972498020809937,-0.8821252464693887,2.0437305861528086,2.0049602954156813,0.03877029073712723
S43A11T02,filtered,60,2.0,False,False,0.29651790040318815,0.16011520443416827,-1.3953264707606807,-1.3323510559085694,-0.06297541485211133,-0.18465880774593812,0.7005623211332255,-0.8852211288791636,2.0449260406580807,2.003253197812099,0.041672842845981606
S43A11T02,filtered,61,2.033333333333333,False,False,0.2941534763110542,0.15699730765414066,-1.3953563077625861,-1.3335370086678342,-0.06181929909475192,-0.184555157980877,0.7030237731341373,-0.8875789311150143,2.045940009257459,2.0018731166029378,0.04406689265452135
S43A11T02,filtered,62,2.066666666666667,False,False,0.2910750554188276,0.14975537057713062,-1.3945888912252737,-1.3331034243364588,-0.061485466888814955,-0.18453139906147478,0.704632726767814,-0.8891641258292887,2.046742315881274,2.000906218919357,0.04583609696191715
S43A11T02,filtered,63,2.1,False,False,0.2880717252373548,0.13889713345030152,-1.3930766439445261,-1.3311509210710601,-0.06192572287346598,-0.18455362518414245,0.7054412339327453,-0.8899948591168877,2.0473222568686933,2.0004009245821868,0.04692133228650652
S43A11T02,filtered,64,2.1333333333333333,False,False,0.28604469613036204,0.1252871472217918,-1.3909327319420037,-1.3279146861052582,-0.06301804583674553,-0.18458908896503162,0.7055498179984523,-0.890138906963484,2.0476914438027727,2.0003725706263875,0.04731887317638517
S43A11T02,filtered,65,2.1666666666666665,False,False,0.28577017131749943,0.11007295250015336,-1.3883208987153155,-1.323742329124458,-0.0645785695908574,-0.18460793811304993,0.7050994166038069,-0.8897073547168568,2.0478852450742795,2.0008125039127647,0.04707274116151483
S43A11T02,filtered,66,2.2,False,False,0.2876336965816219,0.094585255686495,-1.3854412443572208,-1.3190622505488188,-0.06637899380840206,-0.1845846193183515,0.7042609494155716,-0.8888455687339231,2.0479625720804298,2.0017000919091847,0.04626248017124501
S43A11T02,filtered,67,2.2333333333333334,False,False,0.291443665408144,0.08022182924724097,-1.382513368850698,-1.3143460423038937,-0.06816732654680435,-0.18449888446170645,0.7032233132097954,-0.8877221976715018,2.0480038569509498,2.0030157612460258,0.044988095704924014
S43A11T02,filtered,68,2.2666666666666666,False,False,0.2964148035265088,0.06832619339973789,-1.3797584810735075,-1.3100688545243264,-0.0696896265491811,-0.18433637439306613,0.7021806706211059,-0.8865170450141721,2.0481071989862105,2.0047530590533325,0.043354139932878066
S43A11T02,filtered,69,2.3,False,False,0.3013290550581375,0.060072321716639454,-1.3773820875910783,-1.3066716047743592,-0.0707104828167191,-0.18408879557164776,0.7013198928633241,-0.8854086884349719,2.048382806768976,2.0069278958619803,0.041454910906995934
S43A11T02,filtered,70,2.3333333333333335,False,False,0.30479857940131827,0.056365677303164,-1.3755587274065078,-1.304528413678701,-0.07103031372780677,-0.18375374073045556,0.700808945651245,-0.8845626863817005,2.0489460190365856,2.009583542578203,0.039362476458382645
S43A11T02,filtered,71,2.3666666666666667,False,False,0.3055374385110493,0.0577689813356872,-1.3744199383681364,-1.3039218175812919,-0.07049812078684448,-0.183334232506226,0.7007868835230633,-0.8841211160292892,2.049909334992707,2.012790554633101,0.03711878035960581
S43A11T02,filtered,72,2.4,False,False,0.3025857057408561,0.06445849708934692,-1.37404626920264,-1.3050272725292276,-0.06901899667341249,-0.18283808532203116,0.7013559586295801,-0.8841940439516113,2.051374008491842,2.016641497139856,0.03473251135198607
S43A11T02,filtered,73,2.433333333333333,False,False,0.29547432494323056,0.07621359714987719,-1.374463735664738,-1.307907379992105,-0.06655635567263296,-0.18227718341565222,0.7025761765906503,-0.8848533600063025,2.0534218458987143,2.0212410486278904,0.0321807972708239
S43A11T02,filtered,74,2.466666666666667,False,False,0.28434354141716156,0.09243929929291617,-1.375644706434153,-1.3125152788721715,-0.06312942756198159,-0.1816667609854144,0.7044624638256985,-0.886129224811113,2.0561078819017538,2.0266926737365267,0.029415208165227025
S43A11T02,filtered,75,2.5,False,False,0.2700310355630582,0.1122186043996678,-1.377512833241532,-1.3187058710158217,-0.05880696222571036,-0.1810247452085374,0.7069844620813417,-0.8880092072898791,2.059454582155287,2.0330834990937934,0.026371083061493827
S43A11T02,filtered,76,2.533333333333333,False,False,0.254130302833309,0.13438907895979413,-1.3799513383687112,-1.3262530377837316,-0.0536983005849796,-0.18037118796218476,0.7100688428684077,-0.8904400308305924,2.063448132496706,2.040469249640057,0.02297888285664884
S43A11T02,filtered,77,2.566666666666667,False,False,0.23897483079817775,0.1576363496745219,-1.382813757455748,-1.3348707690353123,-0.04794298842043565,-0.17972777329870082,0.7136039353504104,-0.8933317086491113,2.068037224549528,2.048861085624437,0.01917613892509129
S43A11T02,filtered,78,2.6,True,False,0.22741626537174867,0.18059610572202867,-1.3859361127270704,-1.3442361274317092,-0.04169998529536123,-0.17911735251105132,0.7174463789967384,-0.8965637315077897,2.073134547593766,2.058215937949898,0.014918609643868042
S43A11T02,filtered,79,2.6333333333333333,False,False,0.22220122033011983,0.20195587351980904,-1.389149460403645,-1.3540121528475342,-0.035137307556110775,-0.1785634346538616,0.7214294394395359,-0.8999928740933975,2.0786209652663077,2.0684315156815423,0.01018944958476542
S43A11T02,filtered,80,2.6666666666666665,False,False,0.2249693240859698,0.22054823864035078,-1.3922918102934188,-1.3638691130553209,-0.02842269723809787,-0.1780895539859004,0.7253725579225161,-0.9034621119084165,2.084352117326097,2.0793466196257455,0.005005497700351302
S43A11T02,filtered,81,2.7,False,False,0.23548306957452209,0.2354282951698221,-1.395218545130983,-1.3735028738600785,-0.02171567127090457,-0.17771845041112685,0.7290916416628921,-0.906810092074019,2.0901669677177104,2.090746814850573,-0.000579847132862632
S43A11T02,filtered,82,2.7333333333333334,False,False,0.2518097538703814,0.2459298014327742,-1.397810657362858,-1.3826495502466316,-0.015161107116226313,-0.1774710341056371,0.7324095487523288,-0.9098805828579659,2.0958976443609556,2.1023749654765274,-0.006477321115571755
S43A11T02,filtered,83,2.7666666666666666,False,False,0.27125186247327415,0.2516966450498608,-1.3999803525298051,-1.3910959744810407,-0.008884378048764408,-0.1773651562910613,0.7351661841560193,-0.9125313404470806,2.1013798014947387,2.1139456772473793,-0.012565875752640565
S43A11T02,filtered,84,2.8,False,False,0.2912185253140848,0.25268854975874744,-1.4016738190769893,-1.398685851249643,-0.0029879678273463384,-0.17741426582551215,0.7372276118775065,-0.9146418777030186,2.1064626926580092,2.1251623685272527,-0.01869967586924348
S43A11T02,filtered,85,2.8333333333333335,False,False,0.30965786654452293,0.24916224896781003,-1.4028712118293665,-1.4053217483819573,0.002450536552590865,-0.17762608464568355,0.7384936119571562,-0.9161196966028398,2.111018174657109,2.135735518057902,-0.024717343400793013
S43A11T02,filtered,86,2.8666666666666667,False,False,0.3251571989622628,0.241631378349618,-1.403584119986236,-1.4109632904094824,0.007379170423246428,-0.17800147245330833,0.7389031777891973,-0.9169046502425057,2.114947966031694,2.1454006167951425,-0.030452650763448386
S43A11T02,filtered,87,2.9,False,False,0.33689718771794713,0.23080991889386815,-1.4038509733098588,-1.4156220860466306,0.011771112736771894,-0.17853366299927256,0.7384375630286746,-0.9169712260279471,2.118188646388791,2.153934462809572,-0.03574581642078112
S43A11T02,filtered,88,2.933333333333333,False,False,0.34456206155972346,0.21754503487491483,-1.4037309695428084,-1.4193540386560952,0.015623069113286814,-0.17920803598371632,0.7371206447733477,-0.9163286807570641,2.120714087940161,2.1611686520632887,-0.040454564123127756
S43A11T02,filtered,89,2.966666666666667,False,False,0.3482424188350504,0.20274555304883402,-1.403297174312362,-1.4222497690153704,0.018952594703008474,-0.18000254065643126,0.7350165595715157,-0.915019100227947,2.122535235542696,2.166999397904414,-0.04446416236171791
S43A11T02,filtered,90,3.0,False,False,0.3483403626285792,0.1873121442455492,-1.4026294498693712,-1.424423926378247,0.021794476508875782,-0.1808888156778872,0.7322247739175132,-0.9131135895954003,2.123697372880542,2.1713931231986603,-0.047695750318118346
S43A11T02,filtered,91,3.033333333333333,False,False,0.3454793852044699,0.17207457746017063,-1.4018078150479114,-1.4260041765432037,0.02419636149529225,-0.18183396470716964,0.7288729513001894,-0.910706916007359,2.1242752084317966,2.174387581589864,-0.05011237315806749
S43A11T02,filtered,92,3.066666666666667,False,False,0.34042047071626524,0.1577403395902277,-1.4009067356298732,-1.4271206309610567,0.026213895331183457,-0.18280286073587623,0.7251081540419657,-0.907911014777842,2.124366268610121,2.1760885570886392,-0.05172228847851823
S43A11T02,filtered,93,3.1,False,False,0.3339860570340864,0.14485759031729617,-1.399990706062452,-1.427896414739383,0.027905708676930985,-0.18376077684529102,0.7210870531584379,-0.9048478300037289,2.1240831864323213,2.1766624511113912,-0.052579264679069926
S43A11T02,filtered,94,3.1333333333333333,False,False,0.32699332704207823,0.13379399204589282,-1.3991113267614383,-1.4284399614157095,0.029328634654271157,-0.1846760876674174,0.7169659001051583,-0.9016419877725756,2.123545518289365,2.1763252872145866,-0.052779768925221404
S43A11T02,filtered,95,3.1666666666666665,False,False,0.3201977635549561,0.12473154845665269,-1.3983059227110006,-1.4288394700587561,0.030533547347755485,-0.1855227620703974,0.7128910319245949,-0.8984137939949923,2.1228717106882247,2.1753288445884795,-0.05245713390025486
S43A11T02,filtered,96,3.2,False,False,0.31424744837002017,0.11767631145315471,-1.3975976036474584,-1.4291597722779237,0.03156216863046524,-0.1862823770567009,0.70899063258346,-0.8952730096401609,2.1221717794648365,2.173944772512713,-0.051772993047876525
S43A11T02,filtered,97,3.2333333333333334,False,False,0.30964863031650935,0.11248076006776242,-1.396996545693397,-1.4294416454590513,0.03244509976565424,-0.18694542478722634,0.7053683607340544,-0.8923137855212807,2.121541165471143,2.1724476401794197,-0.05090647470827658
S43A11T02,filtered,98,3.2666666666666666,False,False,0.3067436221736065,0.10887587446231484,-1.3965021872006964,-1.429703391595103,0.03320120439440655,-0.18751175424316618,0.7020992864746265,-0.8896110407177926,2.1210561047886274,2.1710979388149796,-0.050041834026352205
S43A11T02,filtered,99,3.3,False,False,0.3057025115399201,0.10650945403384404,-1.3961059823753486,-1.4299442995835476,0.033838317208199076,-0.18799007829382186,0.6992283714049995,-0.8872184496988214,2.120770710823575,2.1701260724489213,-0.04935536162534637
S43A11T02,filtered,100,3.3333333333333335,False,False,0.3065296205007406,0.10498706451075424,-1.395794346069013,-1.4301494448421175,0.0343550987731045,-0.18839657563384343,0.6967714964160107,-0.885168072049854,2.1207158226745007,2.1697183434464113,-0.049002520771910696
S43A11T02,filtered,101,3.3666666666666667,False,False,0.3090837638750687,0.10391212484419587,-1.3955514497781736,-1.43029517328671,0.034743723508536384,-0.188752713931273,0.6947188121947603,-0.8834715261260333,2.1208995399761084,2.170005850393693,-0.04910631041758462
S43A11T02,filtered,102,3.4,False,False,0.3131088246422155,0.10292202211091817,-1.3953615873560647,-1.430354581520532,0.03499299416446733,-0.1890825045576325,0.6930399814055677,-0.8821224859632002,2.121309247868658,2.171057061312287,-0.049747813443628885
S43A11T02,filtered,103,3.433333333333333,False,False,0.31826934368181575,0.10171772004291757,-1.3952109116778848,-1.4303023482020263,0.035091436524141484,-0.18940946101554884,0.6916907205932425,-0.8811001816087913,2.121914843373856,2.1728746021333443,-0.05095975875948833
S43A11T02,filtered,104,3.466666666666667,False,False,0.32418568106428264,0.10008504470573909,-1.395088440953874,-1.4301183905714898,0.03502994961761585,-0.18975356613516445,0.690619951272978,-0.8803735174081425,2.122672810886392,2.1753965165860922,-0.05272370569970031
S43A11T02,filtered,105,3.5,False,False,0.33046475690094157,0.09790662585518328,-1.394986334705886,-1.4297900030766018,0.0348036683707158,-0.1901285546441484,0.6897768430839164,-0.8799053977280649,2.123530762649988,2.1785019291049075,-0.054971166454919285
S43A11T02,filtered,106,3.533333333333333,False,False,0.33672453089849325,0.09516428101984009,-1.3948995334607295,-1.4293123611410428,0.034412827680313285,-0.19053978916606748,0.6891170775912239,-0.8796568667572914,2.12443206104196,2.1820207074836726,-0.057588646441712577
S43A11T02,filtered,107,3.566666666666667,False,False,0.34261228363460655,0.09193239166849643,-1.3948249327300442,-1.4286875146039644,0.03386258187392022,-0.19098295358269432,0.6886077706334954,-0.8795907242161898,2.1253201717864463,2.185746412253442,-0.06042624046699574
S43A11T02,filtered,108,3.6,False,False,0.3478179062435867,0.08836348541229255,-1.3947603127258033,-1.4279222207128575,0.03316190798705421,-0.19144371442920186,0.6882306485628606,-0.8796743629920625,2.126142456291474,2.1894515684619145,-0.06330911217044033
S43A11T02,filtered,109,3.6333333333333333,False,False,0.35208373806530174,0.08466776554114142,-1.394703265438609,-1.4270251448216404,0.03232187938303155,-0.19189841575569072,0.6879832599820987,-0.8798816757377894,2.126853189605608,2.192904127758306,-0.06605093815269791
S43A11T02,filtered,110,3.6666666666666665,False,False,0.35521221959835264,0.08108869394528329,-1.3946503486267352,-1.4260040623932428,0.03135371376650764,-0.19231578287521656,0.6878781991703389,-0.8801939820455554,2.1274156786115923,2.1958839178913347,-0.06846823927974244
S43A11T02,filtered,111,3.7,False,False,0.3570720227197734,0.07787692427301796,-1.394596653859497,-1.4248637120184622,0.030267058158965243,-0.19265952237163889,0.6879405011050412,-0.8806000234766801,2.1278034435854765,2.198197904525639,-0.07039446094016233
S43A11T02,filtered,112,3.7333333333333334,False,False,0.3576026258356183,0.07526489941747472,-1.394535908102023,-1.4236048710508098,0.029068962948786803,-0.1928916255819952,0.6882035251096419,-0.8810951506916371,2.128000507399028,2.199693208382171,-0.07169270098314318
S43A11T02,filtered,113,3.7666666666666666,False,False,0.3568167091870355,0.07344428002231118,-1.3944611430969904,-1.422225060269151,0.027763917172160646,-0.19297611534304046,0.6887037640546635,-0.881679879397704,2.128000905253074,2.200267013727048,-0.07226610847397419
S43A11T02,filtered,114,3.8,False,False,0.35479939188540205,0.07254807334532742,-1.394365873590458,-1.4207210496149276,0.026355176024469573,-0.1928829249366807,0.6894750935588122,-0.8823580184954929,2.127807581189494,2.199872752541927,-0.07206517135243296
S43A11T02,filtered,115,3.8333333333333335,False,False,0.351703303539127,0.07263890383922766,-1.3942456349517702,-1.4190930598012423,0.02484742484947211,-0.1925915671283135,0.6905430100638675,-0.883134577192181,2.1274308746842157,2.198522230999838,-0.07109135631562236
S43A11T02,filtered,116,3.8666666666666667,False,False,0.34773881442765786,0.0737043328308471,-1.394099653776786,-1.4173502662943929,0.02325061251760685,-0.19209424306589182,0.6919193999620435,-0.8840136430279354,2.126886820945243,2.1962836601989744,-0.06939683925373119
S43A11T02,filtered,117,3.9,False,False,0.34315941531158684,0.0756595265168718,-1.3939323715941951,-1.4155169471741142,0.021584575579919107,-0.19139805857129116,0.6935983373401309,-0.884996395911422,2.1261954915597414,2.1932758419944136,-0.0670803504346722
S43A11T02,filtered,118,3.933333333333333,False,False,0.3382431429899721,0.07835692980411024,-1.3937545199194008,-1.4136384084544047,0.01988388853500389,-0.19052606121870586,0.6955533293334913,-0.8860793905521972,2.125379586944366,2.18965902516294,-0.06427943821857385
S43A11T02,filtered,119,3.966666666666667,False,False,0.33327190045060345,0.08160197767349464,-1.3935834599826742,-1.4117856997118075,0.018202239729133263,-0.1895168859401985,0.6977363206113176,-0.8872532065515162,2.1244634578570474,2.1856231697898725,-0.0611597119328251
S43A11T02,filtered,120,4.0,False,False,0.3285112414061108,0.08517332070657435,-1.3934425543782212,-1.4100581228651115,0.016615568486890275,-0.1884228973840423,0.7000786386991712,-0.8885015360832135,2.1234726802899306,2.181374522275467,-0.05790184198553616
S43A11T02,filtered,121,4.033333333333333,False,False,0.3241933662380178,0.08884561152399506,-1.3933594284874733,-1.4085826519098728,0.015223223422399457,-0.1873068385680724,0.702493917545917,-0.8898007561139893,2.122434238797396,2.1771214959185645,-0.05468725712116873
S43A11T02,filtered,122,4.066666666666666,False,False,0.32050549485403995,0.09241263983203507,-1.393363100369815,-1.4075096236937559,0.01414652332394084,-0.18623712969446102,0.7048828862509697,-0.8911200159454308,2.121377293013487,2.1730608646711262,-0.05168357165763915
S43A11T02,filtered,123,4.1,False,False,0.31758448614950396,0.095708545266463,-1.39348009825065,-1.407004417675083,0.013524319424433218,-0.18528209872780554,0.707139760946569,-0.8924218596743746,2.120334418806551,2.169365211205702,-0.04903079239915087
S43A11T02,filtered,124,4.133333333333334,False,False,0.31551695425540033,0.09862498892044314,-1.3937298305771355,-1.4072352888358552,0.013505458258719738,-0.18450355566820859,0.7091598374479284,-0.8936633931161371,2.1193431387975252,2.166172435195815,-0.0468292963982897
S43A11T02,filtered,125,4.166666666666667,False,False,0.3143428217237787,0.10112251599543987,-1.3941196082823974,-1.4083580103979685,0.014238402115571036,-0.1839502335563461,0.7108477573547471,-0.8947979909110932,2.1184474962302566,2.1635779409442506,-0.04513044471399397
S43A11T02,filtered,126,4.2,False,False,0.31405982784693837,0.10323486592039033,-1.3946398250948804,-1.410498467858245,0.015858642763364683,-0.18365169850612037,0.712125818937015,-0.8957775174431354,2.1176993890768925,2.161629905087476,-0.04393051601058362
S43A11T02,filtered,127,4.233333333333333,False,False,0.3146271685568414,0.10506564121492867,-1.3952598633615698,-1.413734763336206,0.01847489997463625,-0.183613365742436,0.7129416366145123,-0.8965550023569483,2.1171593729276235,2.160327793715846,-0.04316842078822258
S43A11T02,filtered,128,4.266666666666667,False,False,0.3159678438719458,0.10677747946827565,-1.39592529706415,-1.4180806811212192,0.022155384057069183,-0.1838132373710577,0.7132744313341133,-0.897087668705171,2.1168966643313882,2.159624069673516,-0.0427274053421276
S43A11T02,filtered,129,4.3,False,False,0.31797071510071656,0.1085746212471399,-1.3965569027114726,-1.423472482782618,0.026915580071145362,-0.18420089250006502,0.7131392712483202,-0.8973401637483852,2.116988131461646,2.159428818434792,-0.04244068697314596
S43A11T02,filtered,130,4.333333333333333,False,False,0.3204940095240611,0.1106804601093665,-1.3970518613115888,-1.42976091058461,0.03270904927302132,-0.18469910892125763,0.7125886880053687,-0.8972877969266263,2.1175161451251454,2.1596168370421576,-0.042100691917012156
S43A11T02,filtered,131,4.366666666666666,False,False,0.3233717077741234,0.11331222583720968,-1.3972873467330233,-1.436709969586893,0.03942262285386966,-0.1852082823420425,0.7117112730080817,-0.8969195553501241,2.1185652770165153,2.1600365868981255,-0.041471309881610185
S43A11T02,filtered,132,4.4,False,False,0.3264230935121109,0.1166553198829281,-1.3971264610408123,-1.4440035437166614,0.04687708267584911,-0.18561354621124046,0.7106271053375925,-0.896240651548833,2.1202179678015383,2.1605203184688513,-0.040302350667313025
S43A11T02,filtered,133,4.433333333333334,False,False,0.32946432462111447,0.12083993887341515,-1.396426216374663,-1.4512602151796985,0.05483399880503548,-0.18579420200038352,0.7094801625552857,-0.8952743645556692,2.122549435562766,2.160894642367175,-0.03834520680440878
S43A11T02,filtered,134,4.466666666666667,False,False,0.33231986910734984,0.12592245883700737,-1.3950470017726941,-1.4580558576459666,0.06300885587327243,-0.18563477242463652,0.7084281898509299,-0.8940629622755665,2.1256222418374078,2.1609908506118707,-0.035368608774462906
S43A11T02,filtered,135,4.5,False,False,0.33483147137350733,0.13187361316308488,-1.3928627415571175,-1.4639527370933125,0.071089995536195,-0.18503671952149178,0.7076308154156484,-0.8926675349371402,2.12948106089871,2.1606543820230772,-0.031173321124367437
S43A11T02,filtered,136,4.533333333333333,False,False,0.33686302506461174,0.13857481940366223,-1.389770779230458,-1.4685330663292415,0.07876228709878341,-0.1839296593561713,0.70723695888788,-0.8911666182440513,2.1341482892798314,2.1597529681672745,-0.02560467888744311
S43A11T02,filtered,137,4.566666666666666,False,False,0.3383010340252412,0.14582316239898496,-1.3857004334829799,-1.4714343084866577,0.0857338750036778,-0.1822807883174693,0.707372744180671,-0.8896535324981403,2.139621168897023,2.158183176201188,-0.018562007304165018
S43A11T02,filtered,138,4.6,False,False,0.3390517609985729,0.1533446141128163,-1.380619189888717,-1.4723830918179437,0.09176390192922668,-0.18010124059804686,0.7081311637752593,-0.8882324043733062,2.1458710642013012,2.155875261760061,-0.01000419755875992
S43A11T02,filtered,139,4.633333333333334,False,False,0.33903720087541667,0.16081416666355297,-1.3745356221976197,-1.4712244458333101,0.09668882363569042,-0.17744824114531998,0.7095646276750629,-0.8870128688203829,2.1528454228366307,2.1527964326605433,4.899017608739342e-05
S43A11T02,filtered,140,4.666666666666667,False,False,0.33819231943973377,0.16788078068143597,-1.3674983782700472,-1.4679432342252463,0.10044485595519914,-0.17442220806961545,0.711681263895927,-0.8861034719655425,2.160472758188787,2.1489527725319215,0.011519985656865295
S43A11T02,filtered,141,4.7,False,False,0.33646546699437857,0.17419450639815182,-1.3595909029464126,-1.4626751484607217,0.10308424551430906,-0.17115838172817163,0.7144454368109043,-0.885603818539076,2.168670726445067,2.1443901525328806,0.0242805739121863
S43A11T02,filtered,142,4.733333333333333,False,False,0.33382269145662585,0.17943290027970504,-1.3509219769525216,-1.4557054088550037,0.10478343190248207,-0.1678130859636831,0.7177824539234465,-0.8855955398871296,2.1773570449120387,2.139194446793862,0.03816259811817657
S43A11T02,filtered,143,4.766666666666667,False,False,0.3302552412004372,0.18332398060764543,-1.341612590438006,-1.447454336326823,0.10584174588881701,-0.1645453162651294,0.7215868976535135,-0.8861322139186428,2.1864626374611196,2.1334912574098563,0.05297138005126323
S43A11T02,filtered,144,4.8,False,False,0.32578833475586466,0.18566343699575572,-1.331780097945065,-1.4384501196441755,0.10667002169911055,-0.16149494367426978,0.7257335154973555,-0.8872284591716253,2.1959460326465905,2.127445164016844,0.06850086862974658
S43A11T02,filtered,145,4.833333333333333,False,False,0.32048863940029354,0.18632457203695552,-1.321520972312673,-1.429290303237346,0.107769330924673,-0.15875935812932448,0.730089202161508,-0.8888485602908325,2.205807723482314,2.1212582788061045,0.08454944467620962
S43A11T02,filtered,146,4.866666666666666,False,False,0.3144679669061849,0.1852603998579525,-1.310893745605114,-1.4205946460985575,0.1097009004934435,-0.15637078477810606,0.734524377185338,-0.8908951619634441,2.216102970594822,2.115167662167461,0.1009353084273612
S43A11T02,filtered,147,4.9,False,False,0.30788134492315655,0.18249831786161153,-1.2999038618116832,-1.4129529447507994,0.1130490829391162,-0.15427673089463137,0.7389220500832128,-0.8931987809778441,2.2269514336834346,2.109440992909593,0.11751044077384165
S43A11T02,filtered,148,4.933333333333334,False,False,0.30091859298603,0.178128662368916,-1.2884921474502533,-1.4068720809862105,0.11837993353595722,-0.1523260117304376,0.7431830939127093,-0.8955091056431469,2.2385420803467238,2.104369839562693,0.1341722407840309
S43A11T02,filtered,149,4.966666666666667,False,False,0.29378954955940506,0.1722891376667557,-1.276528425103004,-1.402726880967152,0.12619845586414802,-0.15026253418359073,0.7472267051834662,-0.8974892393670569,2.2511320609768366,2.1002599794287495,0.15087208154808707
S43A11T02,filtered,150,5.0,False,False,0.2867039921652214,0.16514749519556982,-1.2638114584031086,-1.4007193186029254,0.13690786019981682,-0.14772848794786633,0.7509856658380845,-0.8987141537859508,2.265038649290893,2.09741847073959,0.16762017855130296
S43A11T02,filtered,151,5.033333333333333,False,False,0.2798480486808366,0.15688490840954983,-1.2500759457351542,-1.4008501552485302,0.15077420951337595,-0.14427783505512118,0.7543967652359654,-0.8986746002910866,2.2806239062570173,2.0961375834811067,0.1844863227759106
S43A11T02,filtered,152,5.066666666666666,False,False,0.27335960163694084,0.14768225528867096,-1.2350067067673969,-1.4029062999089223,0.16789959314152547,-0.13940005908069003,0.7573874927841795,-0.8967875518648696,2.298272388652408,2.096676189950876,0.201596198701532
S43A11T02,filtered,153,5.1,False,False,0.2673058988049661,0.1377110302725848,-1.2182595739027213,-1.406466043594697,0.18820646969197563,-0.13255311665757596,0.7598607772179029,-0.8924138938754789,2.3183629354393838,2.0992397364289683,0.21912319901041544
S43A11T02,filtered,154,5.133333333333334,False,False,0.26166717663009376,0.1271299228176057,-1.1994878601751773,-1.410922933926149,0.2114350737509718,-0.12320352414339862,0.7616800361761854,-0.884883560319584,2.341236258654746,2.1039603790946746,0.23727587956007135
S43A11T02,filtered,155,5.166666666666667,False,False,0.2563302085523916,0.11608729232424664,-1.178372680311538,-1.415527497822961,0.2371548175114231,-0.11087061641402482,0.7626570351839428,-0.8735276515979676,2.3671606693217746,2.1108791899757398,0.25628147934603485
S43A11T02,filtered,156,5.2,False,False,0.2510948587857432,0.10472891798756345,-1.1546549069671062,-1.419444398567208,0.2647894916001019,-0.09517133575662223,0.7625449866277749,-0.8577163223843971,2.3962987139223544,2.1199324596846063,0.2763662542377481
S43A11T02,filtered,157,5.233333333333333,False,False,0.24569477153268107,0.09320959453064503,-1.1281661999350603,-1.4218210562836433,0.293654856348583,-0.07586153699197987,0.7610389247685236,-0.8369004617605035,2.428677723202917,2.1309440081413613,0.29773371506155577
S43A11T02,filtered,158,5.266666666666667,False,False,0.23983061040041015,0.08170647438656786,-1.0988563949773646,-1.4218624107974724,0.3230060158201078,-0.05286979676911324,0.7577846874742009,-0.8106544842433141,2.4641672382823874,2.14362505788411,0.3205421803982773
S43A11T02,filtered,159,5.3,False,False,0.2332115953449074,0.07043161687069244,-1.0668146118398543,-1.4189055112990774,0.3520908994592231,-0.026320122672581447,0.7523968767222046,-0.778716999394786,2.502465956369192,2.1575826501507387,0.3448833062184531
S43A11T02,filtered,160,5.333333333333333,False,False,0.22559933477555646,0.059641076733939036,-1.0322817539208906,-1.4124871184330754,0.3802053645121848,0.0034592384278297316,0.7444850571384936,-0.7410258187106639,2.543100232676955,2.172336838809958,0.37076339386699697
S43A11T02,filtered,161,5.366666666666666,False,False,0.2168476522791549,0.04963810328385532,-0.9956526225109804,-1.4023976163507315,0.40674499383975105,0.03594254851125532,0.7336863173336912,-0.6977437688224358,2.5854353172198286,2.18734604905074,0.3980892681690884
S43A11T02,filtered,162,5.4,True,False,0.2069333472256407,0.040768639428340636,-0.9574666328637811,-1.3887153252227677,0.43124869235898666,0.07042915103139162,0.7197013131172858,-0.6492721620858942,2.6286994545151456,2.2020391200724907,0.42666033444265494
S43A11T02,filtered,163,5.433333333333334,True,False,0.1959753752469352,0.033408263737585875,-0.9183870507693732,-1.3718167836588506,0.4534297328894774,0.10608063940171307,0.7023301834883733,-0.5962495440866602,2.672019817028564,2.2158517558878037,0.45616806114076036
S43A11T02,filtered,164,5.466666666666667,True,False,0.1842433544065858,0.027940902786852462,-0.8791696960678055,-1.3523606574057758,0.47319096133797034,0.14196994461047743,0.6815044039456493,-0.5395344593351719,2.714468087714488,2.2282644772616,0.4862036104528884
S43A11T02,filtered,165,5.5,False,False,0.17215982545575453,0.024730897078073966,-0.8406230905176029,-1.331245456049654,0.4906223655320512,0.17713843014406871,0.6573107956000921,-0.4801723654560234,2.755112475337963,2.238838784253029,0.5162736910849341
S43A11T02,filtered,166,5.533333333333333,True,False,0.16030269340938139,0.024091141558917784,-0.8035629511489936,-1.3095439483162001,0.5059809971672066,0.2106562122820885,0.6300045591787489,-0.41934834689666034,2.7930721622911054,2.247248172507664,0.5458239897834414
S43A11T02,filtered,167,5.566666666666666,True,False,0.14941136223793744,0.026250851707640965,-0.7687646293259616,-1.2884197424839727,0.5196551131580112,0.2416805375298663,0.6000092971953744,-0.35832875966550815,2.827569758299576,2.2533009454415223,0.5742688128580538
S43A11T02,filtered,168,5.6,True,False,0.14038668927931702,0.03132687617497143,-0.7369174622517217,-1.2690336036586993,0.5321161414069776,0.26950721252648796,0.5679034051955629,-0.29839619266907497,2.8579773432093485,2.2569524416789086,0.6010249015304399
S43A11T02,filtered,169,5.633333333333334,True,False,0.13424798382050968,0.039302304415344214,-0.7085849593633256,-1.2524484069048,0.5438634475414745,0.2936107924763589,0.5343937777469957,-0.2407829852706368,2.8838521585425103,2.2583053130460002,0.6255468454965101
S43A11T02,filtered,170,5.666666666666667,False,False,0.13198834254099664,0.05001540795880621,-0.6841742625656344,-1.2395419528882798,0.5553676903226454,0.3136704123422608,0.5002792729553862,-0.18660886061312543,2.904958921999582,2.2575977386962545,0.6473611833033277
S43A11T02,filtered,171,5.7,True,False,0.1343122028359011,0.06316079897374194,-0.6639174316314658,-1.2309361130232719,0.5670186813918061,0.32957963927056155,0.4664075869083677,-0.13682794763780615,2.921277000394932,2.2551807795373024,0.6660962208576295
S43A11T02,filtered,172,5.733333333333333,False,True,0.14137530718643213,0.0783032484097872,-0.647865914345074,-1.2269489984601778,0.5790830841151038,0.34144033384318545,0.4336299088586708,-0.09218957501548536,2.9329921388422506,2.251487261910703,0.6815048769315477
S43A11T02,filtered,173,5.766666666666667,False,True,0.15272208553464925,0.09490307520945063,-0.6358982163835712,-1.2275742947489832,0.5916760783654119,0.34954201764038095,0.4027578281602002,-0.05321581051981927,2.9404739268800157,2.2469954368679526,0.6934784900120632
S43A11T02,filtered,174,5.8,True,False,0.1674579883866137,0.11235060535961328,-0.6277394648173028,-1.2324889257281189,0.604749460910816,0.3543294700772529,0.37452641576408774,-0.020196945686834833,2.9442415001742024,2.242191056512996,0.7020504436612063
S43A11T02,filtered,175,5.833333333333333,False,True,0.184498544791625,0.130006099779306,-0.6229904311313704,-1.2410872169566074,0.618096785825237,0.35636209609128494,0.3495662953671553,0.006795800724129664,2.9449209714059807,2.237531401820544,0.7073895695854366
S43A11T02,filtered,176,5.866666666666666,False,True,0.2027522263650979,0.14724092163484204,-0.6211627796530507,-1.252537114146035,0.6313743344929844,0.3562689732031548,0.32838604704241214,0.02788292616074267,2.9431986511462607,2.2334142490148743,0.7097844021313864
S43A11T02,filtered,177,5.9,False,True,0.22121416124467919,0.1634756516078748,-0.6217169167335909,-1.2658520843664278,0.644135167632837,0.3547034281904838,0.311364711056395,0.04333871713408877,2.9397742200055146,2.230153913095872,0.7096203069096427
S43A11T02,filtered,178,5.933333333333334,False,True,0.23900619791889643,0.17821137203202642,-0.624098856386273,-1.2799712661949023,0.6558724098086293,0.3523005865885039,0.29875275568239607,0.05354783090610782,2.9353176725747723,2.2279655301150116,0.7073521424597606
S43A11T02,filtered,179,5.966666666666667,False,True,0.2553943443707015,0.19105134182373606,-0.6277729539442353,-1.2938402735522763,0.666067319608041,0.3496406838170218,0.29067887359153616,0.058961810225485634,2.9304331496230023,2.2269577972590784,0.7034753523639239
S43A11T02,filtered,180,6.0,False,True,0.26979681874009315,0.2017116102237193,-0.6322481089822587,-1.306485702077389,0.6742375930951303,0.34722013050640005,0.2871595298540843,0.06006060065231572,2.9256318210112737,2.227133605515558,0.6984982154957158
S43A11T02,filtered,181,6.033333333333333,False,True,0.281785397950716,0.21002056185365303,-0.6370959889873166,-1.317077651076348,0.6799816620890314,0.34543148305432747,0.28810835186953176,0.057323131184795706,2.9213149079247285,2.228397446249695,0.6929174616750333
S43A11T02,filtered,182,6.066666666666666,False,True,0.29107951722229936,0.21590873881454442,-0.641960847835246,-1.324976228101419,0.683015380266173,0.3445526636783277,0.29334317400616083,0.051209489672166875,2.917766868765277,2.2305681725682884,0.6871986961969885
S43A11T02,filtered,183,6.1,False,True,0.29753289112740894,0.21939136915349722,-0.6465614813428876,-1.3297598140377098,0.6831983326948222,0.3447450623386066,0.3025896819549482,0.0421553803836584,2.9151578325086818,2.233395628669462,0.6817622038392197
S43A11T02,filtered,184,6.133333333333334,False,True,0.30111378455750865,0.22054672079050897,-0.650686665621986,-1.3312346300047198,0.6805479643827338,0.3460595749549991,0.3154819320769968,0.030577642878002298,2.913553634312672,2.236579774334915,0.6769738599777568
S43A11T02,filtered,185,6.166666666666667,False,True,0.30188130811141606,0.21949363655904497,-0.6541859802949979,-1.3294267073493216,0.6752407270543237,0.34844920744435637,0.33156130495465697,0.016887902489699402,2.9129313454130528,2.2397911579043805,0.6731401875086722
S43A11T02,filtered,186,6.2,False,True,0.2999608309525096,0.21637139499252545,-0.6569581813070465,-1.324558618254796,0.6676004369477494,0.35178660540988327,0.35027645019766607,0.0015101552122172013,2.9131980120990364,2.242691854461877,0.6705061576371594
S43A11T02,filtered,187,6.233333333333333,False,True,0.29552171169187524,0.21132444527073146,-0.658939249776241,-1.3170142303673078,0.6580749805910668,0.35588474439288414,0.3709872928439967,-0.01510254845111253,2.9142104120649206,2.244956217549368,0.6692541945155526
S43A11T02,filtered,188,6.266666666666667,False,True,0.2887601059197977,0.20449368824809655,-0.660091934858168,-1.3072953016915059,0.6472033668333379,0.3605190174746073,0.3929760749628347,-0.032457057488227414,2.9157939568228555,2.246290939274364,0.6695030175484913
S43A11T02,filtered,189,6.3,False,False,0.27988874457085194,0.19601494829725907,-0.660398093354022,-1.2959739589775756,0.6355758656235536,0.3654490649181194,0.41546766967896265,-0.050018604760843244,2.917759350562718,2.246453945061714,0.6713054055010041
S43A11T02,filtered,190,6.333333333333333,True,False,0.26913444687615773,0.1860242378899415,-0.6598544933235748,-1.2836450451840355,0.6237905518604607,0.37043888440249473,0.43766010541582473,-0.06722122101333,2.919916180670694,2.2452715629837865,0.6746446176869076
S43A11T02,filtered,191,6.366666666666666,False,False,0.2567428992001595,0.17466848102096066,-0.6584720903325455,-1.270882020806435,0.6124099304738896,0.3752740223579624,0.45876455373996383,-0.08349053138200141,2.9220831820857742,2.24265323005978,0.6794299520259943
S43A11T02,filtered,192,6.4,True,False,0.24298904697354798,0.1621196288709401,-0.6562781961288092,-1.2581995925814415,0.6019213964526323,0.3797749605307996,0.4780522226083097,-0.09827726207751009,2.9240954126939895,2.238602782420478,0.6854926302735116
S43A11T02,filtered,193,6.433333333333334,False,False,0.22819042576792736,0.1485896334469048,-0.6533205150921021,-1.2460255439924746,0.5927050289003725,0.38380615980671773,0.49490395811916943,-0.1110977983124517,2.925808941437733,2.233225196050631,0.6925837453871022
S43A11T02,filtered,194,6.466666666666667,False,False,0.2127199598409716,0.13434356984762985,-0.6496717692418797,-1.2346833753628441,0.5850116061209644,0.38728058462357623,0.5088571852699486,-0.12157660064637238,2.927103848131844,2.2267275806975073,0.7003762674343368
S43A11T02,filtered,195,6.5,True,False,0.19701418766915263,0.11970831371136459,-0.6454335802619047,-1.224386358663166,0.5789527784012614,0.3901598807041767,0.5196443459728792,-0.12948446526870255,2.927886352882513,2.2194133519470256,0.7084730009354874
S43A11T02,filtered,196,6.533333333333333,False,False,0.18157252931578904,0.10507456390970793,-0.640738409677257,-1.2152425298605294,0.5745041201832723,0.39245068841426994,0.5272173515738654,-0.13476666315959546,2.9280907474305002,2.211668856108462,0.7164218913220384
S43A11T02,filtered,197,6.566666666666666,True,False,0.16694322584891788,0.09089061240905383,-0.6357486383933267,-1.2072690670661492,0.5715204286728225,0.39419781763618295,0.5317537586120507,-0.1375559409758677,2.9276815263501472,2.2039422954985235,0.7237392308516237
S43A11T02,filtered,198,6.6,False,False,0.1536925587658357,0.07764705293971952,-0.6306522470585658,-1.2004135493785977,0.5697613023200319,0.39547516877298144,0.5336422700795889,-0.13816710130660742,2.9266557647173657,2.196715545780851,0.7299402189365147
S43A11T02,filtered,199,6.633333333333334,False,False,0.14235732574660606,0.06585253070954544,-0.62565499092601,-1.194578884418223,0.5689238934922131,0.39637535149228653,0.5334475199410442,-0.1370721684487577,2.925045422523214,2.190470281633766,0.7345751408894481
S43A11T02,filtered,200,6.666666666666667,False,False,0.13338802699239677,0.056001608190465735,-0.6209694026448139,-1.189648349053492,0.568678946408678,0.396998935234839,0.531856606707386,-0.134857671472547,2.922918940384901,2.1856506229038795,0.7372683174810217
S43A11T02,filtered,201,6.7,False,False,0.12710059962816878,0.04853679780679632,-0.6168013645637233,-1.1855072930749269,0.5687059285112036,0.397444182493009,0.5296121715030662,-0.13216798901005716,2.9203812883538545,2.1826251734400923,0.7377561149137621
S43A11T02,filtered,202,6.733333333333333,False,False,0.12365882088853447,0.04380772516045073,-0.6133353344365315,-1.1820586387267786,0.5687233042902471,0.39779799232508356,0.5274386599311118,-0.12964066760602827,2.917571590329929,2.1816517581970505,0.7359198321328786
S43A11T02,filtered,203,6.766666666666667,False,False,0.12309444299883243,0.04203115151328629,-0.6107195547603501,-1.179230322397709,0.5685107676373589,0.39812863979968877,0.5259695170941706,-0.12784087729448185,2.9146575994146744,2.182848301838984,0.7318092975756905
S43A11T02,filtered,204,6.8,True,False,0.12534054593416608,0.04325609048054946,-0.6090527001915612,-1.176974136547214,0.5679214363556527,0.3984807498891671,0.5256832788539813,-0.12720252896481415,2.91182664215259,2.186173087705191,0.725653554447399
S43A11T02,filtered,205,6.833333333333333,False,False,0.1302362026984003,0.04733837237661431,-0.6083733989778153,-1.1752568382139612,0.5668834392361459,0.3988727932161749,0.5268557818940386,-0.12798298867786367,2.9092731437951986,2.1914170695682866,0.717856074226912
S43A11T02,filtered,206,6.866666666666666,True,False,0.137483666006301,0.053928623871495995,-0.6086538921099008,-1.1740456598797713,0.5653917677698704,0.3992972298852762,0.5295340796664015,-0.13023684978112532,2.907183420579859,2.1982099943702695,0.7089734262095893
S43A11T02,filtered,207,6.9,True,False,0.14658396349127728,0.06247668077652424,-0.6097987721262472,-1.1732912705652114,0.5634924984389642,0.39972324997801106,0.5335352994024876,-0.1338120494244765,2.905718983308308,2.2060408903501694,0.6996780929581385
S43A11T02,filtered,208,6.933333333333334,False,False,0.15679798305746923,0.07225397500445019,-0.6116492961299945,-1.1729116367096992,0.5612623405797047,0.40010186548499155,0.5384708893051107,-0.13836902382011912,2.9050000374896054,2.2142920888023667,0.6907079486872387
S43A11T02,filtered,209,6.966666666666667,False,False,0.16716241920885724,0.08239358193579593,-0.6139932385921041,-1.1727800669454527,0.5587868283533486,0.4003729091114366,0.5437938329441875,-0.1434209238327509,2.9050911002540425,2.2222845284156456,0.6828065718383969
S43A11T02,filtered,210,7.0,False,False,0.17655862410688794,0.09194562073516388,-0.6165796975836669,-1.1727200371741597,0.5561403395904928,0.40047331018952614,0.5488638083291135,-0.14839049813958738,2.9059906251295198,2.229330810097728,0.6766598150317917
S43A11T02,filtered,211,7.033333333333333,False,False,0.1838144682864311,0.09994384673345569,-0.6191377569889761,-1.1725083111340004,0.5533705541450243,0.40034587074492334,0.5530232531313803,-0.152677382386457,2.9076262171087905,2.234791492218143,0.6728347248906474
S43A11T02,filtered,212,7.066666666666666,False,False,0.1878180747496446,0.10547782305166042,-0.6213974955361448,-1.1718865794620155,0.5504890839258707,0.3999476778552108,0.5556760850955568,-0.15572840724034598,2.909856462790536,2.238129571756734,0.6717268910338019
S43A11T02,filtered,213,7.1,False,False,0.18762784589785453,0.10776420606053305,-0.623111566345797,-1.170580540608882,0.547468974263085,0.3992572778661509,0.5563605270738257,-0.15710324920767477,2.9124796651668303,2.2389580625010304,0.6735216026658
S43A11T02,filtered,214,7.133333333333334,False,False,0.18256841045841007,0.10621053556268434,-0.6240754754563144,-1.1683242329905688,0.5442487575342544,0.39827981135864043,0.5548080998018969,-0.1565282884432565,2.915248959672269,2.237076071269657,0.6781728884026119
S43A11T02,filtered,215,7.166666666666667,False,False,0.17230579171635785,0.10046550000069066,-0.624144772571815,-1.1648866545882695,0.5407418820164545,0.3970494638036678,0.550982279786635,-0.15393281598296726,2.9178925088163945,2.2324897399769688,0.6854027688394257
S43A11T02,filtered,216,7.2,False,False,0.1568988615785666,0.09045087486868586,-0.6232476220599164,-1.1600973700557127,0.5368497479957963,0.3956288165359005,0.5450924099892775,-0.14946359345337706,2.9201368324417487,2.2254157660996303,0.6947210663421184
S43A11T02,filtered,217,7.233333333333333,False,False,0.13683081028528024,0.07637206159133858,-0.6213916211240086,-1.1538679330674593,0.5324763119434507,0.3941049699191492,0.5375809827158504,-0.14347601279670125,2.9217309135116305,2.216266800952611,0.7054641125590195
S43A11T02,filtered,218,7.266666666666667,False,True,0.1130408673197678,0.05870618773621028,-0.6186642363503527,-1.1462065016937326,0.5275422653433799,0.39258263261389936,0.5290851417600052,-0.13650250914610584,2.922468577979702,2.2056196991953,0.7168488787844023
S43A11T02,filtered,219,7.3,False,False,0.08703030184845764,0.03816884645908969,-0.6152267912968222,-1.1372238983415217,0.5219971070446995,0.39117469868732957,0.5203759148748748,-0.1292012161875452,2.922206798474741,2.1941691959380334,0.7280376025367077
S43A11T02,filtered,220,7.333333333333333,True,False,0.0613399977608604,0.015662530754230852,-0.6113025028627849,-1.1271304250662113,0.5158279222034264,0.38999113415123426,0.5122810310850409,-0.1222898969338066,2.9208779968340415,2.1826709699995304,0.7382070268345111
S43A11T02,filtered,221,7.366666666666666,False,False,0.04160047445016913,0.007788548318114152,-0.6071595788279485,-1.116223833887684,0.5090642550597355,0.3891272309675846,0.5055989646753942,-0.11647173370780961,2.9184950705263746,2.1718790810586848,0.7466159894676898
S43A11T02,filtered,222,7.4,False,False,0.03919696025728551,0.031111447504508227,-0.6030908044249067,-1.1048698204271838,0.5017790160022771,0.38865242715747306,0.501012887693464,-0.11236046053599091,2.9151486683039005,2.1624833393335194,0.7526653289703811
S43A11T02,filtered,223,7.433333333333334,False,False,0.05402824948455643,0.0532589649913946,-0.5993913243050999,-1.0934771377912313,0.49408581348613145,0.38860091183332957,0.4990133829879616,-0.11041247115463204,2.910997098862876,2.155052212477292,0.755944886385584
S43A11T02,filtered,224,7.466666666666667,True,False,0.07333077864814568,0.07327942947545196,-0.5963364450705737,-1.0824698442513496,0.4861333991807759,0.3889651212687888,0.49983803625850154,-0.11087291498971275,2.9062500719031723,2.1499863801565553,0.756263691746617
S43A11T02,filtered,225,7.5,False,False,0.09106890884506122,0.09037637210313343,-0.594161236741847,-1.0722592862503002,0.47809804950845325,0.3896929886648676,0.5034344512477813,-0.11374146258291368,2.9011481448396617,2.1474870551477623,0.7536610896918994
S43A11T02,filtered,226,7.533333333333333,False,False,0.10519978508997965,0.1039538614569242,-0.5930435093157133,-1.0632182103916865,0.47017470107597326,0.3906894537184793,0.5094509709771164,-0.11876151725863715,2.8959401960218782,2.1475417996102646,0.7483983964116137
S43A11T02,filtered,227,7.566666666666666,False,False,0.11500616768618398,0.11364480077804517,-0.5930914074388262,-1.055658961621476,0.46256755418264983,0.39182230118845657,0.5172566675871112,-0.12543436639865463,2.89086140884203,2.1499289193416464,0.7409324895003837
S43A11T02,filtered,228,7.6,False,False,0.12039751267774744,0.11932112931677419,-0.5943364385732489,-1.0498171446169229,0.45548070604367397,0.39293192624906675,0.5259892615592221,-0.13305733531015534,2.8861141092393154,2.15423978647023,0.7318743227690856
S43A11T02,filtered,229,7.633333333333334,False,False,0.12167655152156061,0.12108646024047798,-0.5967322727033046,-1.0458414896358863,0.44910921693258166,0.3938441732055676,0.5346268463827173,-0.1407826731771497,2.8818533716908936,2.15991679798437,0.7219365737065235
S43A11T02,filtered,230,7.666666666666667,False,False,0.11940793639504906,0.11925307397711415,-0.600159172959984,-1.0437900532475386,0.4436308802875546,0.3943850196482974,0.5420769133568721,-0.14769189370857472,2.8781786546533654,2.166303286455554,0.7118753681978114
S43A11T02,filtered,231,7.7,False,False,0.11430906124213672,0.11430625489353774,-0.6044334822628005,-1.0436323622679058,0.4391988800051053,0.3943956302376622,0.5472744338218289,-0.15287880358416672,2.875131934757202,2.1727006915465026,0.7024312432106994
S43A11T02,filtered,232,7.733333333333333,False,False,0.107148350432555,0.10685964786120594,-0.6093212384547593,-1.0452567160633284,0.4359354776085691,0.3937462185995553,0.5492798308472642,-0.1555336122477089,2.8727019864805916,2.178427761593006,0.6942742248875855
S43A11T02,filtered,233,7.766666666666667,False,False,0.09865510052321838,0.09760561203262308,-0.6145547438370437,-1.048481611560606,0.43392686772356226,0.3923472483945957,0.5473676400537555,-0.15502039165915976,2.8708337101574375,2.1828765149946707,0.6879571951627668
S43A11T02,filtered,234,7.8,False,False,0.08945142215414803,0.0872645041881921,-0.6198507841705672,-1.0530701355255552,0.433219351354988,0.39015677014287525,0.5410975110988703,-0.15094074095599502,2.86944084450933,2.185560129612071,0.683880714897259
S43A11T02,filtered,235,7.833333333333333,False,False,0.08001752310019916,0.0765365077698057,-0.6249291730336354,-1.0587461516931957,0.43381697865956037,0.3871831023502296,0.530360846529973,-0.14317774417974333,2.868420084920574,2.1861487791281835,0.6822713057923906
S43A11T02,filtered,236,7.866666666666666,True,False,0.07069682715883024,0.06605911829671074,-0.6295303754919009,-1.0652111624561407,0.43568078696423973,0.38348257844496264,0.5153986522049914,-0.13191607376002873,2.8676646048536973,2.1844906027888387,0.6831740020648587
S43A11T02,filtered,237,7.9,False,False,0.06173760357681186,0.05637276785274303,-0.6334311200550135,-1.0721608183617208,0.4387296983067074,0.37915263454931525,0.49678886629843627,-0.11763623174912102,2.867075241810934,2.1806163681902277,0.6864588736207065
S43A11T02,filtered,238,7.933333333333334,True,False,0.05335620934578429,0.04789636001816433,-0.6364571176819923,-1.079300168931905,0.44284305124991274,0.37432103795889043,0.475404284851333,-0.10108324689244258,2.866568112908726,2.174727850454332,0.6918402624543938
S43A11T02,filtered,239,7.966666666666667,False,False,0.045798686187461725,0.040913708922547753,-0.6384922497400396,-1.0863568933549215,0.4478646436148819,0.36913248329604054,0.45234493335487463,-0.0832124500588341,2.8660780813679545,2.167171390654497,0.6989066907134576
S43A11T02,filtered,240,8.0,False,False,0.0393734325096213,0.0355710449328015,-0.6394838441565965,-1.0930919238037542,0.45360807964715766,0.36373405474279763,0.42885107441150727,-0.06511701966870964,2.8655581926560303,2.1583993996341126,0.7071587930219176
S43A11T02,filtered,241,8.033333333333333,False,False,0.03442371995714651,0.031884894088537674,-0.6394439145166775,-1.0993070800543654,0.4598631655376879,0.3582611328888361,0.40620475758034436,-0.04794362469150826,2.8649758228108313,2.1489236333408765,0.7160521894699547
S43A11T02,filtered,242,8.066666666666666,True,False,0.03121411534919406,0.02975881439958461,-0.6384464782374815,-1.104849567023917,0.46640308878643544,0.35282520767756903,0.3856287452311069,-0.032803537553537876,2.8643067352956746,2.1392647874762867,0.7250419478193879
S43A11T02,filtered,243,8.1,False,False,0.029770488199425914,0.029006756591810623,-0.6366212885656598,-1.1096134340822381,0.4729921455165783,0.34750476960433796,0.3681917150784261,-0.020686945474088114,2.86352846599855,2.129903271016401,0.7336251949821491
S43A11T02,filtered,244,8.133333333333333,False,False,0.02983115214765227,0.029380292665634355,-0.6341445050981478,-1.11353833771983,0.4793938326216822,0.34234003922912287,0.35472787006509865,-0.012387830835975777,2.862614432178142,2.1212358835232688,0.7413785486548732
S43A11T02,filtered,245,8.166666666666666,False,False,0.031001720580032092,0.03059669370759166,-0.6312269839877463,-1.1166061649370782,0.48537918094933186,0.3373318232946111,0.34577758905993305,-0.008445765765321966,2.8615299160538514,2.1135425463336848,0.7479873697201667
S43A11T02,filtered,246,8.2,True,False,0.032945191747748286,0.03236488460806508,-0.6281009864723985,-1.118836239320018,0.49073525284761943,0.3324443187953644,0.34155370124722023,-0.00910938245185583,2.8602306656446275,2.1069662721864555,0.753264393458172
S43A11T02,filtered,247,8.233333333333333,False,False,0.035421399541838795,0.03440667072854908,-0.62500617600861,-1.1202799214020582,0.49527374539344826,0.32761128014307034,0.34193557574609534,-0.014324295603025006,2.858664361339003,2.101508288592971,0.757156072746032
S43A11T02,filtered,248,8.266666666666667,True,False,0.038199868644143764,0.03647129673681748,-0.622175792800935,-1.1210154098811849,0.4988396170802498,0.3227446601607966,0.3464907134583689,-0.02374605329757229,2.856774697930616,2.097038771887868,0.7597359260427483
S43A11T02,filtered,249,8.3,True,False,0.040967086014880257,0.038342299937440316,-0.6198238545635896,-1.121143439883107,0.5013195853195175,0.3177446566498661,0.35452113345079156,-0.03677647680092544,2.8545074021585,2.093322132697212,0.7611852694612882
S43A11T02,filtered,250,8.333333333333334,True,False,0.04330550940230561,0.03983666320522361,-0.6181341333885568,-1.1207843619312787,0.5026502285427219,0.312510049238288,0.36512976537007946,-0.05261971613179145,2.8518172019598653,2.09005435674172,0.7617628452181453
S43A11T02,filtered,251,8.366666666666667,True,False,0.04474979600756324,0.040797331395842296,-0.6172515068033311,-1.120076790674536,0.5028252838712048,0.30694778763677383,0.3773004660636996,-0.07035267842692577,2.8486746199218613,2.0869086801365375,0.7617659397853238
S43A11T02,filtered,252,8.4,True,False,0.04488856867143537,0.041081090546537746,-0.6172760893937773,-1.1191776720831128,0.5019015826893355,0.30098097181350875,0.3899843049495117,-0.08900333313600295,2.845071489421578,2.083584983200926,0.7614865062206517
S43A11T02,filtered,253,8.433333333333334,True,False,0.043481368751670454,0.0405444879451653,-0.618260337526486,-1.1182632793976002,0.5000029418711142,0.2945546180700571,0.4021844875278592,-0.10762986945780206,2.8410242739568305,2.0798578129927994,0.7611664609640312
S43A11T02,filtered,254,8.466666666666667,False,False,0.04057634997388977,0.039030789758195183,-0.6202091035641607,-1.1175303621368928,0.49732125857273213,0.28763889900142287,0.4130327229144657,-0.12539382391304282,2.8365745751414604,2.0756179484670723,0.7609566266743881
S43A11T02,filtered,255,8.5,False,False,0.036624850420317705,0.036360878055099244,-0.6230824167509029,-1.1171964834141548,0.49411406666325186,0.2802298451419613,0.42185092889464526,-0.14162108375268395,2.8317865962775044,2.0709029164006445,0.7608836798768599
S43A11T02,filtered,256,8.533333333333333,False,False,0.03256834724910478,0.03233048728079946,-0.6268006022419542,-1.1174985207093253,0.4906979184673711,0.27234776903401126,0.42819377513749546,-0.1558460061034842,2.826741733478003,2.065912817743865,0.7608289157341379
S43A11T02,filtered,257,8.566666666666666,False,False,0.02974110031791893,0.026715334077805908,-0.6312512300028109,-1.1186883911612528,0.48743716115844193,0.2640338905813767,0.4318695060272103,-0.16783561544583359,2.821530843057569,2.061009155325139,0.7605216877324303
S43A11T02,filtered,258,8.6,False,False,0.029220214815328466,0.019284607998159453,-0.6362973187020151,-1.1210252966837353,0.4847279779817202,0.255345784967798,0.43293854728511566,-0.1775927623173177,2.8162450374557944,2.0566959504886873,0.7595490869671071
S43A11T02,filtered,259,8.633333333333333,False,False,0.030878274964090395,0.009822091093023344,-0.6417862077808854,-1.1247641552281218,0.48297794744723643,0.24635232897952997,0.43169137818230696,-0.185339049202777,2.810966058725431,2.0535841579414615,0.7573819007839693
S43A11T02,filtered,260,8.666666666666666,False,False,0.033655024624373815,0.001847004987158618,-0.647558549706019,-1.1301403667974714,0.4825818170914524,0.23712878622929165,0.4286088659358176,-0.19148007970652595,2.8057573486615235,2.0523420804233394,0.753415268238184
S43A11T02,filtered,261,8.7,False,False,0.03705012523781123,0.015826425575695913,-0.6534569553981653,-1.137351615452105,0.4838946600539398,0.22775255559168442,0.4243095767239956,-0.1965570211323112,2.8006568725898213,2.053635990716804,0.7470208818730173
S43A11T02,filtered,262,8.733333333333333,False,False,0.04237188075106948,0.03212018424356278,-0.6593339364737988,-1.146537973796237,0.4872040373224381,0.21829993023417776,0.41948941361950887,-0.2011894833853311,2.795672568515564,2.058066338865027,0.7376062296505372
S43A11T02,filtered,263,8.766666666666667,False,False,0.052764362259762485,0.05060888129706309,-0.6650589126536102,-1.1577620810027605,0.4927031683491503,0.2088440061795299,0.4148592493623283,-0.20601524318279843,2.7907810062234755,2.0661056269255678,0.7246753792979077
S43A11T02,filtered,264,8.8,False,False,0.07123563068325439,0.07103502721102939,-0.6705241739513306,-1.1709915269447508,0.5004673529934203,0.19945367364203936,0.41108603032476565,-0.21163235668272629,2.7859294835310444,2.0780441725342342,0.7078853109968102
S43A11T02,filtered,265,8.833333333333334,False,False,0.09882938078671386,0.0930007631692007,-0.6756497872192023,-1.1860857142632106,0.5104359270440083,0.19019345529824022,0.40874217617042685,-0.21854872087218663,2.781041397715701,2.0939495002544466,0.6870918974612543
S43A11T02,filtered,266,8.866666666666667,False,False,0.13500963644163214,0.1159802432626027,-0.6803874994733331,-1.2027893272139307,0.5224018277405976,0.18112385081853571,0.40826706916191746,-0.22714321834338175,2.7760243512695455,2.113643997240673,0.6623803540288726
S43A11T02,filtered,267,8.9,False,False,0.17851243506705483,0.13934736185114005,-0.6847237052307015,-1.2207340861996412,0.5360103809689397,0.17230182270851016,0.40994312344283024,-0.23764130073432008,2.770780124539567,2.1367038152922104,0.6340763092473565
S43A11T02,filtered,268,8.933333333333334,False,False,0.22767153294566247,0.16241762330181064,-0.6886815088378797,-1.2394497326688747,0.550768223830995,0.16378111609485482,0.4138874685348789,-0.2501063524400241,2.765215410968277,2.1624799344161936,0.6027354765520836
S43A11T02,filtered,269,8.966666666666667,True,False,0.2805154578830438,0.18450098278307303,-0.6923218327175312,-1.258384244900258,0.5660624121827268,0.15561222928978827,0.42005880022705444,-0.2644465709372662,2.7592520920670287,2.190140029568372,0.5691120624986565
S43A11T02,filtered,270,9.0,False,False,0.33485590470742504,0.20496071135015947,-0.6957434169302297,-1.2769322508467666,0.581188833916537,0.14784201247353976,0.42827757342840034,-0.28043556095486055,2.7528358447981205,2.2187275578869796,0.5341082869111409
S43A11T02,filtered,271,9.033333333333333,False,False,0.3884103359583254,0.223272043238802,-0.6990814521538165,-1.2944696268275104,0.595388174673694,0.14051302875755736,0.4382565563616375,-0.2977435276040802,2.745942025181861,2.2472325831468587,0.4987094420350022
S43A11T02,filtered,272,9.066666666666666,False,False,0.43894929721606757,0.23907379346620883,-0.7025045197289919,-1.3103914973778839,0.607886977648892,0.13366292489791104,0.449637940516576,-0.315975015618665,2.738578046235078,2.274667529303133,0.46391051693194507
S43A11T02,filtered,273,9.1,True,False,0.4844501354662101,0.25220643965869827,-0.7062095097389985,-1.3241503983042215,0.617940888565223,0.12732409764308614,0.4620327885999059,-0.33470869095681977,2.7307818413443012,2.300140490243492,0.43064135110080937
S43A11T02,filtered,274,9.133333333333333,False,False,0.5232396147183829,0.2627313611599804,-0.7104142733284983,-1.3352912935992736,0.6248770202707753,0.12152389371234076,0.47505864911374196,-0.3535347554014012,2.7226164415648015,2.322918999504612,0.39969744206018953
S43A11T02,filtered,275,9.166666666666666,True,False,0.5541109795366399,0.2709278973026812,-0.7153479461071077,-1.343480444390683,0.6281324982835752,0.11628545521341443,0.4883716679690637,-0.3720862127556493,2.714161154715073,2.3424782443964913,0.3716829103185817
S43A11T02,filtered,276,9.2,False,False,0.5764049013753024,0.27726738083437996,-0.7212391449501104,-1.3485257527845778,0.6272866078344673,0.11162914499192259,0.5016904248222702,-0.39006127983034766,2.7055002669653794,2.3585294454436365,0.34697082152174286
S43A11T02,filtered,277,9.233333333333333,False,False,0.5900478718138455,0.2823659977182733,-0.7283025617732939,-1.3503870428894036,0.6220844811161097,0.10757429746121608,0.5148098997478198,-0.4072356022866037,2.696710542235958,2.371026282003486,0.3256842602324719
S43A11T02,filtered,278,9.266666666666667,True,False,0.5955453795368207,0.2869208671707031,-0.7367248101591415,-1.3491756761208147,0.6124508659616732,0.10414088362923082,0.5276052780883436,-0.42346439445911277,2.687849021018555,2.3801495512739486,0.30769946974460627
S43A11T02,filtered,279,9.3,True,False,0.5939300384150727,0.29163579317047805,-0.7466506692278386,-1.3451438148992443,0.5984931456714057,0.10135059342632308,0.5400265535688834,-0.43867596014256033,2.6789426761413435,2.386272422625052,0.2926702535162917
S43A11T02,filtered,280,9.333333333333334,False,False,0.5866664112894577,0.29714444426909004,-0.758171057095049,-1.3386644582846792,0.5804934011896302,0.09922685044103058,0.5520859274882352,-0.4528590770472046,2.669981342425404,2.389910453515234,0.2800708889101702
S43A11T02,filtered,281,9.366666666666667,False,False,0.5755149614078496,0.30393910714772776,-0.7713141043901575,-1.3302040174856418,0.5588899130954843,0.09779339185700266,0.5638406953359034,-0.4660473034789008,2.660914998226769,2.3916617966864386,0.26925320154033017
S43A11T02,filtered,282,9.4,False,False,0.562358857623717,0.3123125880134765,-0.786040554417411,-1.3202896535457431,0.5342490991283321,0.09707125765936557,0.5753745847002112,-0.4783033270408456,2.651655967761625,2.3921436625146093,0.25951230524701563
S43A11T02,filtered,283,9.433333333333334,False,False,0.549001951500462,0.32231938735869514,-0.8022443834140347,-1.3094738642414772,0.5072294808274425,0.09707430793604616,0.5867803451249656,-0.4897060371889194,2.642085992954449,2.3919310984357245,0.25015489451872464
S43A11T02,filtered,284,9.466666666666667,False,False,0.5369566034198046,0.3337601419234606,-0.8197590345679212,-1.2982988966351479,0.47853986206722665,0.09780368240437402,0.5981458397515903,-0.5003421573472163,2.632067475862674,2.391503572150099,0.24056390371257486
S43A11T02,filtered,285,9.5,False,False,0.5272546925777155,0.34619078865141995,-0.8383690455734505,-1.2872634923413835,0.448894446767933,0.09924188319032057,0.6095450536520274,-0.5103031704617068,2.621457612781627,2.391203810709632,0.2302538020719953
S43A11T02,filtered,286,9.533333333333333,False,False,0.520325062594054,0.3589552766266517,-0.8578261987768261,-1.2767942554310439,0.41896805665421777,0.1013473526962393,0.6210344584182663,-0.519687105722027,2.610123719891789,2.3912119962270815,0.21891172366470757
S43A11T02,filtered,287,9.566666666666666,True,False,0.5159726370924734,0.3712382500242506,-0.8778687264730971,-1.2672235729339145,0.3893548464608174,0.1040504937894734,0.6326542185649386,-0.5286037247754652,2.597957858777523,2.39153689994718,0.20642095883034273
S43A11T02,filtered,288,9.6,False,False,0.513464594614681,0.3821322193444854,-0.8982416516311974,-1.2587755205109041,0.36053386887970673,0.1072520149041179,0.6444329454437879,-0.53718093053967,2.584888946804213,2.39202398742046,0.19286495938375303
S43A11T02,filtered,289,9.633333333333333,False,False,0.5116927112705184,0.3907125218050007,-0.9187161091342897,-1.2515605673831705,0.33284445824888076,0.11082427300456002,0.6563942154209397,-0.5455699424163797,2.570890880384893,2.3923790647040395,0.1785118156808534
S43A11T02,filtered,290,9.666666666666666,False,False,0.5093618181981088,0.39611293617192045,-0.9391055174038258,-1.245579190688393,0.3064736732845673,0.11461595008798466,0.6685629309198898,-0.5539469808319052,2.555985764595375,2.3922047530032398,0.16378101159213543
S43A11T02,filtered,291,9.7,False,False,0.5051613278216196,0.39759514948281094,-0.9592767610778389,-1.2407337762563015,0.28145701517846267,0.11845997311250596,0.680969810027523,-0.562509836915017,2.5402420488773143,2.3910460547235868,0.14919599415372753
S43A11T02,filtered,292,9.733333333333333,True,False,0.49789858665588765,0.3946062694347474,-0.9791550715749229,-1.2368474900932152,0.2576924185182923,0.12218412925784634,0.6936527774117995,-0.5714686481539532,2.5237681077150023,2.3884405747979374,0.1353275329170649
S43A11T02,filtered,293,9.766666666666667,True,False,0.4865925468578106,0.3868200680194136,-0.9987219921940562,-1.2336882243722225,0.23496623217816626,0.1256234039061337,0.706654688803984,-0.5810312848978503,2.5067024587723954,2.3839686445714032,0.12273381420099216
S43A11T02,filtered,294,9.8,True,False,0.4705356608215532,0.37415942445088346,-1.0180066044005536,-1.2309953159639473,0.21298871156339372,0.12863274300479627,0.7200175277277825,-0.5913847847229863,2.4892022690882714,2.377298701134479,0.1119035679537923
S43A11T02,filtered,295,9.833333333333334,True,False,0.4493323365673806,0.35679929423084555,-1.0370709781230252,-1.228506549887058,0.1914355717640328,0.13109877003598563,0.7337738482941834,-0.6026750782581978,2.4714319807135237,2.3682238114792344,0.10320816923428922
S43A11T02,filtered,296,9.866666666666667,True,False,0.42291871015308874,0.33515126626382186,-1.0559914985770915,-1.2259830177534943,0.16999151917640276,0.1329490080106797,0.7479367119235985,-0.6149877039129188,2.4535537543833605,2.3566861616829957,0.09686759270036482
S43A11T02,filtered,297,9.9,False,False,0.39156491244267516,0.3098322171439316,-1.0748382350595858,-1.2232296997083139,0.1483914646487281,0.13415738128614607,0.7624896295210155,-0.6283322482348694,2.4357210034549093,2.3427875669066553,0.09293343654825392
S43A11T02,filtered,298,9.933333333333334,True,False,0.3558592938025382,0.28162062069337934,-1.0936547940262376,-1.22011014640698,0.12645535238074235,0.1347451840219292,0.7773780655729743,-0.6426328815510451,2.418075645700972,2.3267854606607647,0.09129018504020747
S43A11T02,filtered,299,9.966666666666667,False,False,0.31667450024850696,0.2514046738893807,-1.112441106345364,-1.2165542965768137,0.1041131902314496,0.13477725525391546,0.7925039094253277,-0.6577266541714122,2.4007489541968643,2.3090752259909104,0.09167372820595387
S43A11T02,filtered,300,10.0,False,False,0.2751174709362552,0.2201265695026271,-1.1311413313351766,-1.2125591966638298,0.08141786532865325,0.1343537222853035,0.8077240098309442,-0.6733702875456407,2.383865175118669,2.290160974893653,0.09370420022501591
S43A11T02,filtered,301,10.033333333333333,True,False,0.23246905780246152,0.18872704035164323,-1.149638539374629,-1.2081831057655807,0.05854456639095185,0.13359827454689127,0.8228534421428332,-0.689255167595942,2.3675465270935265,2.2706178392532275,0.09692868784029907
