trial,mode,frame0,nominal_time_s,raw_review_flag,raw_repeated_previous,foot_separation_camera_xz_m,foot_separation_camera_x_m,com_camera_x_m,foot_midpoint_camera_x_m,com_relative_to_foot_midpoint_camera_x_m,com_camera_y_m,foot_midpoint_camera_y_m,com_relative_to_foot_midpoint_camera_y_m,com_camera_z_m,foot_midpoint_camera_z_m,com_relative_to_foot_midpoint_camera_z_m
S43A13T05,raw,0,0.0,False,False,0.22633834856351526,0.2061282424926758,0.13177444623032472,0.20312914657592773,-0.07135470034560301,-0.22837571225846892,0.7094045104980469,-0.9377802227565157,2.9613581922308634,2.9465782470703124,0.014779945160551033
S43A13T05,raw,1,0.03333333333333333,False,False,0.23185463201092918,0.20901263427734376,0.1328060969766499,0.20036901855468753,-0.06756292157803762,-0.22595382003019424,0.7074595947265625,-0.9334134147567568,2.9671603660057406,2.9424305419921875,0.02472982401355317
S43A13T05,raw,2,0.06666666666666667,False,False,0.2292347430206817,0.20625540161132816,0.13498918012904304,0.20396726989746095,-0.0689780897684179,-0.22664143907842083,0.7111835021972657,-0.9378249412756865,2.9643283103029536,2.9454625244140624,0.018865785888891207
S43A13T05,raw,3,0.1,False,False,0.2278908834515128,0.20978787231445314,0.13913875458326666,0.19991545104980468,-0.06077669646653802,-0.22608636347508654,0.7092268371582031,-0.9353132006332896,2.9650776975854964,2.9439029541015627,0.021174743483933778
S43A13T05,raw,4,0.13333333333333333,False,False,0.2350596913629346,0.2170269088745117,0.13838413473978378,0.20322977066040038,-0.0648456359206166,-0.2254628036515655,0.7165747985839844,-0.9420376022355499,2.9659378342209908,2.9433491210937497,0.02258871312724109
S43A13T05,raw,5,0.16666666666666666,False,False,0.23525355306596482,0.21650463867187503,0.13824995340003227,0.20187826538085937,-0.0636283119808271,-0.22579996872715166,0.7142991638183593,-0.940099132545511,2.9638760227718377,2.9412850341796877,0.02259098859215003
S43A13T05,raw,6,0.2,False,False,0.23526386839510643,0.21649238586425784,0.1382617770303009,0.2018786849975586,-0.06361690796725769,-0.22577732686371638,0.7143113708496094,-0.9400886977133258,2.9638810477465767,2.941327514648438,0.02255353309813879
S43A13T05,raw,7,0.23333333333333334,False,False,0.2302594679318504,0.21250885009765624,0.1389844058602972,0.20427447509765626,-0.06529006923735906,-0.22666415721201516,0.7145660400390625,-0.9412301972510777,2.9652737978992336,2.94636083984375,0.018912958055483653
S43A13T05,raw,8,0.26666666666666666,False,False,0.23628065486462976,0.21316340637207032,0.1373873157686481,0.20407149505615235,-0.06668417928750425,-0.2256124009946622,0.7099081115722656,-0.9355205125669278,2.9649575319153403,2.946812866210937,0.018144665704403096
S43A13T05,raw,9,0.3,False,False,0.22692873445712775,0.20031160736083986,0.1384742964881683,0.2090205879211426,-0.07054629143297428,-0.22464021449480837,0.711086944580078,-0.9357271590748863,2.969156922532341,2.9382128906250005,0.03094403190734063
S43A13T05,raw,10,0.3333333333333333,False,False,0.237150929711846,0.2134509048461914,0.1407636812545408,0.20300590133666993,-0.062242220082129124,-0.227241964736836,0.7109921264648438,-0.9382340912016798,2.9675596282133103,2.9430582275390624,0.024501400674247886
S43A13T05,raw,11,0.36666666666666664,False,False,0.2305452421109403,0.20894495391845702,0.1388517137293885,0.20662145614624022,-0.06776974241685171,-0.2252529924206163,0.7083930969238281,-0.9336460893444445,2.9694621638881276,2.9366845703125,0.032777593575627595
S43A13T05,raw,12,0.4,False,False,0.23421014073167792,0.20728997039794922,0.14014326100591593,0.20671084976196288,-0.06656758875604696,-0.2246954175265211,0.7102622375488281,-0.9349576550753492,2.9691126580638385,2.9387836914062504,0.030328966657588108
S43A13T05,raw,13,0.43333333333333335,False,False,0.23415460994199352,0.2085670623779297,0.14156555591050546,0.20616214752197268,-0.06459659161146722,-0.22503621641061777,0.7120494384765625,-0.9370856548871803,2.9692551900667565,2.9421937255859376,0.02706146448081892
S43A13T05,raw,14,0.4666666666666667,False,False,0.23190971452122872,0.2090336380004883,0.14108171092971536,0.20759768295288086,-0.0665159720231655,-0.22462869313438097,0.7123028564453124,-0.9369315495796934,2.9694400750225514,2.9416185302734377,0.02782154474911369
S43A13T05,raw,15,0.5,False,False,0.22999376704904959,0.20608906555175782,0.14175097628001745,0.20574712371826173,-0.06399614743824428,-0.22548845590955136,0.7118624572753907,-0.937350913184942,2.9689741889033536,2.940847412109375,0.02812677679397879
S43A13T05,raw,16,0.5333333333333333,False,False,0.23244718305507125,0.20594467926025392,0.14232649221535595,0.20734897994995116,-0.06502248773459521,-0.2257369285324507,0.7124980163574219,-0.9382349448898726,2.968809172640985,2.943752197265625,0.02505697537535978
S43A13T05,raw,17,0.5666666666666667,False,False,0.2315968153423529,0.20803881072998048,0.1427733099948651,0.20632211685180665,-0.06354880685694156,-0.22723032629634393,0.711860595703125,-0.939090921999469,2.9705541019805697,2.9483051757812504,0.022248926199319286
S43A13T05,raw,18,0.6,False,False,0.23375644711746418,0.21445435333251955,0.14116065816453774,0.20499822616577149,-0.06383756800123375,-0.2260571980360362,0.7175382995605468,-0.943595497596583,2.9716333313220487,2.9391458740234375,0.03248745729861113
S43A13T05,raw,19,0.6333333333333333,False,False,0.23405244146872187,0.21415191650390625,0.14122802259481948,0.20525433349609376,-0.06402631090127428,-0.226019840596553,0.7173666076660157,-0.9433864482625687,2.9717244730611054,2.9398031005859377,0.031921372475167686
S43A13T05,raw,20,0.6666666666666666,False,False,0.23114703011293056,0.20485667419433595,0.14253731847512416,0.20675882720947264,-0.06422150873434848,-0.22543019543167425,0.7150828247070313,-0.9405130201387055,2.974443532700262,2.9378583984375,0.03658513426276189
S43A13T05,raw,21,0.7,False,False,0.2339116657783131,0.2129421768188477,0.14361033340943066,0.20168491744995118,-0.058074584040520516,-0.2269579345155735,0.7150191345214844,-0.9419770690370579,2.974062724506606,2.9403393554687502,0.033723369037855555
S43A13T05,raw,22,0.7333333333333333,False,False,0.23350221362897675,0.2129229507446289,0.14366322262176182,0.20127671432495117,-0.05761349170318936,-0.2270921825971846,0.7147348327636719,-0.9418270153608566,2.974319857542595,2.942753051757813,0.031566805784782215
S43A13T05,raw,23,0.7666666666666667,False,False,0.23138146642687887,0.20810492706298828,0.14217809953552232,0.2046618003845215,-0.06248370084899918,-0.22523939080072652,0.7132111511230469,-0.9384505419237734,2.976188087929458,2.9425390625,0.033649025429458135
S43A13T05,raw,24,0.8,False,False,0.2301002933904296,0.20696214294433596,0.14231352437336028,0.2063086624145508,-0.0639951380411905,-0.22581793131614797,0.7142519836425781,-0.9400699149587262,2.9772606165885436,2.9424406738281252,0.03481994276041833
S43A13T05,raw,25,0.8333333333333334,False,False,0.22865701131509,0.20714717102050784,0.14270437888883072,0.2062404708862305,-0.06353609199739976,-0.22621809223116657,0.7141513977050782,-0.9403694899362447,2.9762613150878865,2.94418359375,0.032077721337886445
S43A13T05,raw,26,0.8666666666666667,False,False,0.23087563662064456,0.21022830963134764,0.1424238753549027,0.20497907638549806,-0.06255520103059536,-0.22545333884650887,0.7127303771972657,-0.9381837160437746,2.977683264713688,2.9432159423828126,0.03446732233087557
S43A13T05,raw,27,0.9,False,False,0.23197437297237486,0.21191899871826173,0.14330049232212155,0.20418686294555666,-0.060886370623435104,-0.22624693313302285,0.7134084167480469,-0.9396553498810698,2.977624057602529,2.9448404541015627,0.03278360350096632
S43A13T05,raw,28,0.9333333333333333,False,False,0.22946418995205983,0.2115324478149414,0.14325386595496178,0.20322187423706056,-0.05996800828209878,-0.22635599921237942,0.7131166992187501,-0.9394726984311295,2.977939386690329,2.9447054443359377,0.03323394235439148
S43A13T05,raw,29,0.9666666666666667,False,False,0.2251564559108832,0.2051622619628906,0.14155483467491967,0.2059678497314453,-0.06441301505652564,-0.22775769997599557,0.712396240234375,-0.9401539402103706,2.979221258361633,2.9448087158203125,0.03441254254132042
S43A13T05,raw,30,1.0,False,False,0.23163275963087224,0.21264664459228516,0.14336234911837376,0.20501487350463868,-0.06165252438626492,-0.22777844519024606,0.7140962524414063,-0.9418746976316523,2.9785320559468405,2.9460440673828128,0.03248798856402768
S43A13T05,raw,31,1.0333333333333334,False,False,0.22842541455959198,0.20782907867431644,0.14267114735391118,0.20537446212768556,-0.06270331477377439,-0.2267674964390546,0.711379852294922,-0.9381473487339765,2.982108817365326,2.9433518066406252,0.038757010724700613
S43A13T05,raw,32,1.0666666666666667,False,False,0.22725500055966982,0.20710447692871098,0.14345056075477458,0.20587323760986329,-0.062422676855088705,-0.22718323962866113,0.7141223754882813,-0.9413056151169424,2.981213893798199,2.9458586425781252,0.03535525122007366
S43A13T05,raw,33,1.1,False,False,0.22674323217913236,0.2071870346069336,0.14168286322440435,0.20039424514770507,-0.05871138192330072,-0.22696153685864226,0.710291748046875,-0.9372532849055173,2.9847078800290823,2.942246337890625,0.0424615421384571
S43A13T05,raw,34,1.1333333333333333,False,False,0.23263211477729934,0.20896849060058592,0.1418195317159802,0.2017321243286133,-0.0599125926126331,-0.22728177218400195,0.7116789245605468,-0.9389606967445487,2.9856987747996193,2.939962158203125,0.04573661659649453
S43A13T05,raw,35,1.1666666666666667,False,False,0.23221407642029993,0.2132806625366211,0.14349484815351676,0.20003841018676757,-0.05654356203325081,-0.2232207355526703,0.7175071716308594,-0.9407279071835297,2.9828064732494197,2.942486572265625,0.0403199009837949
S43A13T05,raw,36,1.2,False,False,0.23003159147732144,0.2121378860473633,0.14305486464150108,0.20078048324584963,-0.05772561860434855,-0.22323891293860135,0.7160575256347657,-0.939296438573367,2.981828373324696,2.946793212890625,0.035035160434071067
S43A13T05,raw,37,1.2333333333333334,False,False,0.23076323684130493,0.21322106170654298,0.14309885338889072,0.2006794776916504,-0.057580624302759675,-0.22319350809964333,0.7160049743652344,-0.9391984824648777,2.9814005460150805,2.9469193115234376,0.034481234491642976
S43A13T05,raw,38,1.2666666666666666,False,False,0.22889254482326984,0.2157037582397461,0.14258334130766673,0.19879533767700197,-0.05621199636933524,-0.22396848622364898,0.7156592102050782,-0.9396276964287271,2.9797822144826647,2.95141162109375,0.028370593388914678
S43A13T05,raw,39,1.3,False,False,0.226524990452684,0.21376863098144533,0.14241375841989712,0.19996099090576172,-0.0575472324858646,-0.2241781226879762,0.714749755859375,-0.9389278785473512,2.9788961599047252,2.9567762451171875,0.02211991478753772
S43A13T05,raw,40,1.3333333333333333,False,False,0.22770962422873509,0.2130337219238281,0.14087960987029718,0.19885346984863284,-0.05797385997833565,-0.22278291572215242,0.7099385986328125,-0.932721514354965,2.9809779223739903,2.955647705078125,0.025330217295865154
S43A13T05,raw,41,1.3666666666666667,False,False,0.2224179586884304,0.21074111175537108,0.14041956118848994,0.19942506790161132,-0.05900550671312138,-0.22411941495502002,0.7097113647460938,-0.9338307797011138,2.9792761925707616,2.955161376953125,0.02411481561763651
S43A13T05,raw,42,1.4,False,False,0.223159092069871,0.20913680267333984,0.1399316014668124,0.20111165237426756,-0.06118005090745515,-0.22475459513048024,0.7112156982421876,-0.9359702933726678,2.979545603474718,2.95537255859375,0.024173044880968053
S43A13T05,raw,43,1.4333333333333333,False,False,0.22269854355603363,0.20879798889160156,0.1398618046565179,0.20135189056396482,-0.06149008590744692,-0.22481631234589503,0.7110603637695312,-0.9358766761154262,2.979450663510541,2.9555079345703126,0.02394272894022853
S43A13T05,raw,44,1.4666666666666666,False,False,0.2229969334230806,0.20728663635253908,0.1370835865084465,0.20274977874755862,-0.06566619223911213,-0.22694210996870015,0.7120145263671875,-0.9389566363358877,2.9795868472525817,2.9521168212890627,0.027470025963518996
S43A13T05,raw,45,1.5,False,False,0.21587624416259593,0.20081299591064455,0.1374911022737775,0.20281188583374024,-0.06532078355996274,-0.22476932951858727,0.7176238708496094,-0.9423932003681967,2.9804846411357055,2.9452958984375,0.03518874269820538
S43A13T05,raw,46,1.5333333333333334,False,False,0.22327540257036776,0.20657910919189454,0.13595728478724617,0.2005325584411621,-0.06457527365391594,-0.22223240969596386,0.7178421936035156,-0.9400746032994796,2.9793846799105004,2.9458966064453125,0.033488073465187895
S43A13T05,raw,47,1.5666666666666667,False,False,0.22969078243923638,0.2127252197265625,0.13736345887336962,0.19816900634765625,-0.060805547474286625,-0.2232167852211967,0.7174057922363282,-0.9406225774575249,2.979541260017545,2.9509482421874997,0.02859301783004531
S43A13T05,raw,48,1.6,False,False,0.22125583189484058,0.207081672668457,0.13691219333522814,0.19989834213256835,-0.06298614879734021,-0.22265131120926032,0.7155805053710937,-0.938231816580354,2.979286732907476,2.949170043945313,0.03011668896216335
S43A13T05,raw,49,1.6333333333333333,False,False,0.22562086083837823,0.21168334197998048,0.1362119843296329,0.19943252944946288,-0.06322054511982997,-0.22297388342657753,0.717529541015625,-0.9405034244422026,2.9787827248328447,2.950958862304687,0.027823862528157495
S43A13T05,raw,50,1.6666666666666667,False,False,0.22522443131993616,0.21132860565185546,0.13612447251117507,0.19919272232055665,-0.06306824980938158,-0.2227143986947886,0.7170281066894532,-0.9397425053842418,2.9789269777012364,2.950669921875,0.0282570558262365
S43A13T05,raw,51,1.7,False,False,0.22522439427576013,0.21132892608642578,0.1361242271511997,0.19919195175170898,-0.06306772460050927,-0.2227137522048668,0.7170266723632812,-0.939740424568148,2.9789268493482455,2.95066796875,0.02825888059824555
S43A13T05,raw,52,1.7333333333333334,False,True,0.22522439427576013,0.21132892608642578,0.1361242271511997,0.19919195175170898,-0.06306772460050927,-0.2227137522048668,0.7170266723632812,-0.939740424568148,2.9789268493482455,2.95066796875,0.02825888059824555
S43A13T05,raw,53,1.7666666666666666,False,False,0.22677150323705444,0.20760335540771485,0.13180632613043813,0.20252669143676758,-0.07072036530632944,-0.22332179771480842,0.7184232482910156,-0.941745046005824,2.980957837249668,2.9413668212890625,0.039591015960605436
S43A13T05,raw,54,1.8,False,False,0.2352047858518652,0.2104662322998047,0.13048778241174078,0.2005777053833008,-0.07008992297156003,-0.22489368757692607,0.7194472045898438,-0.9443408921667699,2.9809424124519097,2.935393920898438,0.04554849155347185
S43A13T05,raw,55,1.8333333333333333,False,False,0.2322984696234788,0.20392623138427735,0.12917747749426797,0.20366847610473632,-0.07449099861046835,-0.2266371938151433,0.7155230407714843,-0.9421602345866276,2.9793840457369467,2.93461767578125,0.04476636995569683
S43A13T05,raw,56,1.8666666666666667,False,False,0.23382140490847708,0.20621623992919919,0.12751539675422296,0.20283359146118166,-0.07531819470695869,-0.2263121714175614,0.7149366149902343,-0.9412487864077957,2.978603296705989,2.9331379394531254,0.04546535725286338
S43A13T05,raw,57,1.9,False,False,0.2362143078521953,0.20914910125732425,0.12709145891674295,0.2011362342834473,-0.07404477536670434,-0.2266152437704373,0.7144893798828125,-0.9411046236532498,2.978805013421455,2.9332290039062503,0.045576009515204685
S43A13T05,raw,58,1.9333333333333333,False,False,0.23415546542296967,0.20846861267089847,0.1247455262922611,0.20075305938720706,-0.07600753309494596,-0.2259233091144976,0.7131425170898438,-0.9390658262043414,2.9792115289124235,2.938176513671875,0.04103501524054831
S43A13T05,raw,59,1.9666666666666666,False,False,0.22655120034693968,0.2015785369873047,0.12250399810373039,0.20486377716064455,-0.08235977905691416,-0.22765862206150977,0.7112927856445312,-0.938951407706041,2.9809494323359633,2.937099609375,0.04384982296096318
S43A13T05,raw,60,2.0,False,False,0.23354954322627763,0.20297756958007812,0.12113069659498757,0.20574440002441405,-0.08461370342942648,-0.23176012854546535,0.7054798889160157,-0.937240017461481,2.981336883891861,2.9381253662109375,0.04321151768092335
S43A13T05,raw,61,2.033333333333333,False,False,0.23705232235389567,0.206291748046875,0.1215915500578498,0.20697970581054687,-0.08538815575269706,-0.23018932455691163,0.7048762817382812,-0.9350656062951929,2.980852151228272,2.9341579589843754,0.046694192243896815
S43A13T05,raw,62,2.066666666666667,False,False,0.25294465943200434,0.21638033294677733,0.12165722609276766,0.20346077346801758,-0.08180354737524992,-0.22852862627637455,0.7022820129394531,-0.9308106392158277,2.9785179720661326,2.9361104736328123,0.042407498433320256
S43A13T05,raw,63,2.1,False,False,0.2587709276135484,0.22516863250732422,0.12030582725461895,0.1995252113342285,-0.07921938407960956,-0.2330847195737781,0.7010302734375,-0.9341149930112781,2.974797960485091,2.940478271484375,0.034319689000716025
S43A13T05,raw,64,2.1333333333333333,False,False,0.25828608985949886,0.22563516235351563,0.1202272811453219,0.2006726837158203,-0.08044540257049841,-0.23380610069799887,0.7018643493652343,-0.9356704500632332,2.97453018458379,2.9373223876953123,0.03720779688847786
S43A13T05,raw,65,2.1666666666666665,False,False,0.29368554789090534,0.21921669006347652,0.11921254229067348,0.20128884124755858,-0.0820762989568851,-0.23630713794290134,0.691759552001953,-0.9280666899448544,2.9730032058184723,2.900146240234375,0.07285696558409738
S43A13T05,raw,66,2.2,False,False,0.27595053524433255,0.21883049774169921,0.11838967440030432,0.19532764053344728,-0.07693796613314297,-0.23507818274646158,0.6963630676269531,-0.9314412503734146,2.972675111421938,2.914517578125,0.05815753329693818
S43A13T05,raw,67,2.2333333333333334,False,False,0.26835708321751894,0.22512390136718752,0.117551815339617,0.19377059936523439,-0.07621878402561738,-0.22997040621235038,0.6983531188964844,-0.9283235251088349,2.9769183656345226,2.9278055419921873,0.04911282364233527
S43A13T05,raw,68,2.2666666666666666,False,False,0.32497786863453687,0.22468420410156248,0.11885761951066498,0.19479684448242188,-0.0759392249717569,-0.2311388293126011,0.6861624450683594,-0.9173012743809605,2.9723285918259017,2.8890799560546876,0.08324863577121411
S43A13T05,raw,69,2.3,False,False,0.3037028250580941,0.23796853637695314,0.11869763350509398,0.18764414978027344,-0.06894651627517946,-0.22847040171624955,0.6910668334960938,-0.9195372352123433,2.971950445436302,2.908307250976563,0.06364319445973932
S43A13T05,raw,70,2.3333333333333335,False,False,0.29509861116309755,0.24172166442871093,0.11881138098153461,0.18683560943603517,-0.06802422845450055,-0.2278369160275522,0.6938820495605469,-0.9217189655880991,2.971230133707668,2.9243754882812505,0.046854645426417374
S43A13T05,raw,71,2.3666666666666667,False,False,0.3003173396205654,0.24360123443603518,0.1196216430284622,0.1906676139831543,-0.07104597095469209,-0.23167123370259243,0.689404541015625,-0.9210757747182174,2.968346719973096,2.917375244140625,0.0509714758324713
S43A13T05,raw,72,2.4,False,False,0.2917699742708349,0.24076763153076172,0.12019790987012267,0.1906775550842285,-0.07047964521410584,-0.22915560415275008,0.6927756958007812,-0.9219312999535313,2.971051010155893,2.9231627197265624,0.04788829042933074
S43A13T05,raw,73,2.433333333333333,False,False,0.29286209463586654,0.24367125701904296,0.11887690882417859,0.18981756973266603,-0.07094066090848744,-0.22510035331541126,0.6934360961914063,-0.9185364495068176,2.9694820939499325,2.9302435302734375,0.03923856367649492
S43A13T05,raw,74,2.466666666666667,False,False,0.2879205845598206,0.24469780731201174,0.11857342417626687,0.18986719131469726,-0.07129376713843039,-0.22529502292891776,0.6956031188964844,-0.9208981418254022,2.970150557701757,2.93136181640625,0.03878874129550702
S43A13T05,raw,75,2.5,False,False,0.2851535079129766,0.24815336608886718,0.11731465778827585,0.18880970001220704,-0.07149504222393119,-0.22115795107964337,0.6987380981445312,-0.9198960492241746,2.9692649840285488,2.9337724609375,0.03549252309104878
S43A13T05,raw,76,2.533333333333333,False,False,0.28510675686075343,0.24845453643798832,0.1172877131278723,0.18758755111694336,-0.07029983798907107,-0.22232507111239355,0.697613037109375,-0.9199381082217685,2.9702829788667495,2.9341446533203124,0.036138325546437144
S43A13T05,raw,77,2.566666666666667,False,False,0.2812806041617156,0.24342474365234376,0.11798755686873895,0.18324221801757812,-0.06525466114883917,-0.22020296544425483,0.6962235107421875,-0.9164264761864422,2.9695329314402774,2.9308934326171876,0.03863949882308981
S43A13T05,raw,78,2.6,False,False,0.28401225488536763,0.24549151992797852,0.117405774593606,0.18516219902038575,-0.06775642442677975,-0.2181328720878834,0.7010651550292969,-0.9191980271171802,2.970082107390495,2.9321837158203126,0.037898391570182266
S43A13T05,raw,79,2.6333333333333333,False,False,0.28183765826566104,0.2482771759033203,0.11790985514786824,0.1823894577026367,-0.06447960255476846,-0.21965094037391047,0.7006076049804688,-0.9202585453543792,2.9710998484854882,2.9359439697265626,0.035155878758925674
S43A13T05,raw,80,2.6666666666666665,False,False,0.2780838731498723,0.24259835052490236,0.11927872571489001,0.18563386917114258,-0.06635514345625257,-0.218559384561169,0.7002059020996094,-0.9187652866607784,2.968666399855909,2.9361666259765626,0.03249977387934644
S43A13T05,raw,81,2.7,False,False,0.27774864921475706,0.24395006942749023,0.11999916969123649,0.1838604145050049,-0.06386124481376841,-0.2197591672638795,0.6982506408691407,-0.9180098081330201,2.966941048058722,2.936510009765625,0.030431038293097235
S43A13T05,raw,82,2.7333333333333334,False,False,0.27402220188328336,0.24095395660400393,0.12178513698689784,0.18705317306518557,-0.06526803607828773,-0.2216958748732413,0.6961421203613282,-0.9178379952345694,2.965949432939476,2.942402587890625,0.023546845048850962
S43A13T05,raw,83,2.7666666666666666,False,False,0.27251017630293506,0.2397980728149414,0.12266526872073728,0.18717588424682619,-0.0645106155260889,-0.22257821313162635,0.6968396911621093,-0.9194179042937356,2.9661856827041007,2.9372303466796876,0.028955336024413025
S43A13T05,raw,84,2.8,False,False,0.3164589559963697,0.22328853607177734,0.12328390029028637,0.19583696365356446,-0.07255306336327809,-0.22417203056333038,0.6857752685546875,-0.9099472991180179,2.960933109327515,2.89638818359375,0.06454492573376491
S43A13T05,raw,85,2.8333333333333335,False,False,0.28999184903000114,0.2292131042480469,0.12414663771887821,0.1913387908935547,-0.0671921531746765,-0.22562783922895435,0.6907082824707031,-0.9163361216996575,2.9640355082907117,2.9151097412109372,0.048925767079774474
S43A13T05,raw,86,2.8666666666666667,False,False,0.31063079063318483,0.2228934326171875,0.12406776325103169,0.1932077941894531,-0.06914003093842142,-0.22887562002008216,0.6837904052734376,-0.9126660252935197,2.961787213813862,2.8970689697265626,0.06471824408729931
S43A13T05,raw,87,2.9,False,False,0.29053187804562575,0.2320320281982422,0.12618620888368487,0.1916281509399414,-0.06544194205625653,-0.22618725260861755,0.6899217224121095,-0.916108975020727,2.963241045726013,2.9189415283203126,0.044299517405700595
S43A13T05,raw,88,2.933333333333333,False,False,0.27810370842515825,0.23026913452148434,0.12589348362037292,0.1890956268310547,-0.06320214321068177,-0.22651070192289713,0.6874252319335938,-0.913935933856491,2.9620842730539607,2.9220391845703126,0.04004508848364807
S43A13T05,raw,89,2.966666666666667,False,False,0.2776469529056508,0.2308562698364258,0.12605167795982478,0.1917621726989746,-0.06571049473914983,-0.22681043096669412,0.690364227294922,-0.917174658261616,2.9622097432598293,2.9292885742187504,0.03292116904107889
S43A13T05,raw,90,3.0,False,False,0.27358825771360645,0.22688643646240236,0.12696991144664674,0.19184599685668946,-0.06487608541004272,-0.22699940409622776,0.6876625366210938,-0.9146619407173215,2.962487205963141,2.9257000732421874,0.036787132720953686
S43A13T05,raw,91,3.033333333333333,False,False,0.27005011232683057,0.22180057525634767,0.12823944200521417,0.19589399337768554,-0.06765455137247137,-0.22588455443422764,0.6884889221191406,-0.9143734765533682,2.9614561306986023,2.9290076904296876,0.03244844026891469
S43A13T05,raw,92,3.066666666666667,False,False,0.27100537491978266,0.2229402160644531,0.12835529487421138,0.1963153839111328,-0.06796008903692141,-0.22463808362961946,0.6928516235351563,-0.9174897071647757,2.9625287788891095,2.93135595703125,0.0311728218578593
S43A13T05,raw,93,3.1,False,False,0.2687895187041813,0.22176599884033205,0.12750643035208328,0.1952083396911621,-0.06770190933907883,-0.22468634425105574,0.6915638732910157,-0.9162502175420714,2.961631485345849,2.9290480957031253,0.03258338964272367
S43A13T05,raw,94,3.1333333333333333,False,False,0.2684827923204116,0.2279290542602539,0.12841100427927357,0.1923626823425293,-0.06395167806325572,-0.2250879792601179,0.6920582885742188,-0.9171462678343367,2.9635677815722783,2.9323741455078127,0.03119363606446557
S43A13T05,raw,95,3.1666666666666665,False,False,0.27124209987114856,0.22881534576416018,0.1302719135035502,0.1938515739440918,-0.06357966044054161,-0.22274220725309193,0.6949859619140626,-0.9177281691671545,2.963077446915566,2.9324556884765625,0.03062175843900361
S43A13T05,raw,96,3.2,False,False,0.27837775759853134,0.23248570251464845,0.13131008247163398,0.19055078887939456,-0.05924070640776058,-0.2230606573525233,0.6935196228027344,-0.9165802801552577,2.963198679327986,2.93056640625,0.032632273077985996
S43A13T05,raw,97,3.2333333333333334,False,False,0.28177528271890134,0.23223426818847656,0.1308431578979706,0.19225399017333983,-0.061410832275369226,-0.2219802570627122,0.6945276489257812,-0.9165079059884934,2.9639236735705454,2.9300537109375,0.033869962633045425
S43A13T05,raw,98,3.2666666666666666,False,False,0.28304082451101803,0.2355522766113281,0.1321788029217949,0.19502568054199218,-0.06284687762019728,-0.21970254567503905,0.6977702941894531,-0.9174728398644922,2.965363011879172,2.92372021484375,0.04164279703542162
S43A13T05,raw,99,3.3,False,False,0.2784896997848353,0.22836249542236328,0.13455561672982194,0.19840948104858397,-0.06385386431876203,-0.22117117995739213,0.6960679016113281,-0.9172390815687202,2.964806384185128,2.9265588378906253,0.038247546294502666
S43A13T05,raw,100,3.3333333333333335,False,False,0.28057701714619304,0.23182176208496091,0.1343910908168039,0.19693213653564454,-0.06254104571884064,-0.22242784646672045,0.6959117736816407,-0.9183396201483611,2.966057134307898,2.9266751708984375,0.03938196340946032
S43A13T05,raw,101,3.3666666666666667,False,False,0.2776649178381782,0.2270355224609375,0.13494849341386964,0.19742068481445313,-0.06247219140058349,-0.22600497133509134,0.6903652954101562,-0.9163702667452476,2.964404797827205,2.923033203125,0.04137159470220464
S43A13T05,raw,102,3.4,False,False,0.2819145306238555,0.2233440475463867,0.13531480579748073,0.20203561782836915,-0.06672081203088842,-0.22639000757547717,0.6892860412597657,-0.9156760488352429,2.962812609122886,2.920593505859375,0.04221910326351086
S43A13T05,raw,103,3.433333333333333,False,False,0.2824224911953192,0.21723556518554688,0.13579535253394,0.2041587677001953,-0.0683634151662553,-0.2263002932495566,0.6898899230957032,-0.9161902163452598,2.9624514536960778,2.9169293212890626,0.04552213240701519
S43A13T05,raw,104,3.466666666666667,False,False,0.2956828075944577,0.21549544525146483,0.13625994064582972,0.20359608840942384,-0.06733614776359412,-0.22664809108028242,0.6856201782226563,-0.9122682693029387,2.9626969965558474,2.90350390625,0.059193090305847296
S43A13T05,raw,105,3.5,False,False,0.2959063026149181,0.2210024871826172,0.13872772617098228,0.20052414703369142,-0.061796420862709145,-0.22564682003449446,0.6857415466308594,-0.9113883666653538,2.9640034389443444,2.907054443359375,0.05694899558496935
S43A13T05,raw,106,3.533333333333333,False,False,0.3044385340815604,0.2239759063720703,0.13848946329786926,0.1994253463745117,-0.06093588307664244,-0.2259693074622242,0.6859811706542969,-0.9119504781165211,2.961868104900007,2.9058182373046875,0.05604986759531938
S43A13T05,raw,107,3.566666666666667,False,False,0.29578087415842935,0.229327018737793,0.1386342543769468,0.19850387954711915,-0.05986962517017236,-0.22414109556627396,0.6896147155761718,-0.9137558111424458,2.9642542291953804,2.91581494140625,0.048439287789130425
S43A13T05,raw,108,3.6,False,False,0.29153943187585024,0.22910435485839847,0.13957147620107369,0.19855744171142578,-0.058985965510352095,-0.22574962545927907,0.6890771484375,-0.914826773896779,2.9653510435602453,2.91597900390625,0.04937203965399517
S43A13T05,raw,109,3.6333333333333333,False,False,0.2804993330219837,0.2164273681640625,0.14029159953405457,0.20416998291015626,-0.06387838337610169,-0.22566950694956017,0.6877710571289062,-0.9134405640784664,2.965388071476342,2.914673828125,0.05071424335134189
S43A13T05,raw,110,3.6666666666666665,False,False,0.2989245422542234,0.2094432373046875,0.14046142382214163,0.20726315307617188,-0.06680172925403025,-0.2277787195911455,0.6851301879882813,-0.9129089075794268,2.9644225276137335,2.9001644287109376,0.06425809890279588
S43A13T05,raw,111,3.7,False,False,0.2932089435201586,0.21195187377929692,0.1404082382964252,0.20636018371582032,-0.06595194541939511,-0.2260853394561997,0.6875768737792969,-0.9136622132354966,2.963861301771295,2.9084693603515626,0.05539194141973258
S43A13T05,raw,112,3.7333333333333334,False,False,0.28574095790942095,0.21142160797119142,0.14095602817307487,0.2029851188659668,-0.06202909069289192,-0.22511002006457456,0.6907193603515626,-0.9158293804161372,2.967460647112949,2.905067138671875,0.06239350844107383
S43A13T05,raw,113,3.7666666666666666,False,False,0.2861343394557655,0.21808628845214842,0.14111944529671078,0.2036570510864258,-0.06253760578971501,-0.22345624325124167,0.6932627258300781,-0.9167189690813198,2.967578494733815,2.909174560546875,0.05840393418694001
S43A13T05,raw,114,3.8,False,False,0.28585699397637937,0.2228168411254883,0.14097937435883592,0.20246117782592776,-0.06148180346709184,-0.2238868502977392,0.6954861755371093,-0.9193730258348485,2.9681943170184746,2.9150925292968752,0.05310178772159935
S43A13T05,raw,115,3.8333333333333335,False,False,0.28225382328724735,0.21940254974365236,0.14159341201686404,0.20063310623168945,-0.05903969421482541,-0.2249533215142694,0.6929031066894531,-0.9178564282037225,2.9700728355110417,2.9111187744140627,0.05895406109697898
S43A13T05,raw,116,3.8666666666666667,False,False,0.282377679411386,0.22418080902099613,0.14159078506779385,0.2044851875305176,-0.06289440246272374,-0.22447430168748636,0.6945455932617188,-0.9190198949492052,2.9704675771373914,2.9125551757812502,0.057912401356141174
S43A13T05,raw,117,3.9,False,False,0.2803708602385709,0.2234106521606445,0.14171954297359593,0.20336083602905275,-0.06164129305545682,-0.22481495436171578,0.6943568725585938,-0.9191718269203095,2.970041822581677,2.915087646484375,0.05495417609730202
S43A13T05,raw,118,3.933333333333333,False,False,0.2830180606606958,0.2264507293701172,0.14159166057254977,0.20262430572509765,-0.06103264515254789,-0.22526266687701213,0.6954630432128907,-0.9207257100899028,2.970777185668401,2.9184500732421874,0.052327112426213684
S43A13T05,raw,119,3.966666666666667,False,False,0.2772248335087807,0.2216370544433594,0.14180318838114536,0.19988545227050783,-0.05808226388936247,-0.22450813810816203,0.6937040100097656,-0.9182121481179276,2.9705532410537105,2.9171973876953126,0.05335585335839799
S43A13T05,raw,120,4.0,False,False,0.2956508018547367,0.21690446472167968,0.1419348335360854,0.20161463165283205,-0.059679798116746646,-0.22504576924347958,0.6886170043945312,-0.9136627736380107,2.968329092883859,2.8996978759765626,0.06863121690729646
S43A13T05,raw,121,4.033333333333333,False,True,0.2956508018547367,0.21690446472167968,0.1419348335360854,0.20161463165283205,-0.059679798116746646,-0.22504576924347958,0.6886170043945312,-0.9136627736380107,2.968329092883859,2.8996978759765626,0.06863121690729646
S43A13T05,raw,122,4.066666666666666,False,False,0.2908568877073091,0.21987126922607425,0.14153282339537238,0.20270318984985353,-0.06117036645448115,-0.22464179980507454,0.6909925231933594,-0.9156343229984338,2.9673632442739,2.9127451171875,0.054618127086400126
S43A13T05,raw,123,4.1,False,False,0.2904093788937152,0.21989109039306637,0.1415376487975817,0.2027031364440918,-0.061165487646510086,-0.2246400164647678,0.6909576110839843,-0.9155976275487522,2.9674325831981005,2.9130543212890627,0.05437826190903783
S43A13T05,raw,124,4.133333333333334,False,False,0.2837798973359105,0.22036650848388675,0.14201634934963214,0.2022310829162598,-0.060214733566627654,-0.22454480119602657,0.6910997009277344,-0.915644502123761,2.9671298069352052,2.9164056396484375,0.05072416728676776
S43A13T05,raw,125,4.166666666666667,False,False,0.30831632415472476,0.2167764587402344,0.1426012793327507,0.2033944854736328,-0.0607932061408821,-0.224098843740582,0.6866243286132813,-0.9107231723538632,2.966062471482182,2.8989853515625,0.06707711991968202
S43A13T05,raw,126,4.2,False,False,0.29203483538937874,0.21969944000244143,0.14245013367220802,0.20215421676635742,-0.0597040830941494,-0.22371631137482348,0.6898018798828125,-0.913518191257636,2.9657756853969093,2.9101363525390624,0.055639332857846835
S43A13T05,raw,127,4.233333333333333,False,False,0.2916532482652778,0.2204319000244141,0.14253007943291815,0.20177568817138672,-0.05924560873846857,-0.22359075114621027,0.6905647888183595,-0.9141555399645698,2.9659603099270324,2.9134278564453124,0.052532453481719976
S43A13T05,raw,128,4.266666666666667,False,False,0.28593208801366676,0.22190441131591795,0.14272245243122764,0.20213574600219725,-0.05941329357096961,-0.2253005451526467,0.6915713500976562,-0.916871895250303,2.9654175531385762,2.919419677734375,0.045997875404201416
S43A13T05,raw,129,4.3,False,False,0.2850725045263781,0.22080148315429687,0.1425357544724324,0.20266578674316407,-0.06013003227073166,-0.2236096655135127,0.6936888122558593,-0.917298477769372,2.965587452884824,2.9195848388671877,0.04600261401763639
S43A13T05,raw,130,4.333333333333333,False,False,0.28123004941167434,0.22144231414794927,0.14344539526304353,0.20271115493774416,-0.05926575967470063,-0.22434573872779093,0.6926309814453125,-0.9169767201731035,2.9647326647218577,2.9174519042968754,0.047280760424982304
S43A13T05,raw,131,4.366666666666666,False,False,0.27997025634892075,0.22103053283691404,0.14317134757218927,0.20163274383544924,-0.05846139626325997,-0.22247702974184652,0.6954472961425782,-0.9179243258844247,2.964757632070243,2.9136173095703124,0.0511403224999305
S43A13T05,raw,132,4.4,False,False,0.2777661592835259,0.21945689392089845,0.14327134253004725,0.199880500793457,-0.05660915826340976,-0.2233263060422736,0.6941376647949219,-0.9174639708371954,2.963651571988127,2.912244873046875,0.05140669894125205
S43A13T05,raw,133,4.433333333333334,False,False,0.2778558588844149,0.2195094299316406,0.14326609767256535,0.19989649963378908,-0.056630401961223736,-0.22332095244464972,0.6941471252441407,-0.9174680776887905,2.9636418950391907,2.912283203125,0.051358691914190846
S43A13T05,raw,134,4.466666666666667,False,True,0.2778558588844149,0.2195094299316406,0.14326609767256535,0.19989649963378908,-0.056630401961223736,-0.22332095244464972,0.6941471252441407,-0.9174680776887905,2.9636418950391907,2.912283203125,0.051358691914190846
S43A13T05,raw,135,4.5,False,False,0.30947682340574806,0.21116355133056638,0.14305417250742553,0.20623286056518553,-0.06317868805776,-0.22797358139543025,0.6843037109375001,-0.9122772923329303,2.959683054404405,2.8960635986328125,0.06361945577159256
S43A13T05,raw,136,4.533333333333333,False,False,0.28752673126321143,0.20278519439697265,0.1436232222190488,0.2093292045593262,-0.06570598234027739,-0.22619481486096185,0.6850940856933594,-0.9112889005543212,2.9606019893645126,2.9000970458984376,0.060504943466074934
S43A13T05,raw,137,4.566666666666666,False,False,0.2883455721979342,0.21183445739746093,0.14343359247604967,0.2075427932739258,-0.06410920079787613,-0.22338000234697303,0.6919207153320313,-0.9153007176790042,2.9597687880020573,2.914221435546875,0.04554735245518238
S43A13T05,raw,138,4.6,False,False,0.2776486256780005,0.20826173400878908,0.14286243129477033,0.2081570053100586,-0.06529457401528826,-0.22363998913225372,0.6909054870605469,-0.9145454761928006,2.9600805727614894,2.916737548828125,0.04334302393336431
S43A13T05,raw,139,4.633333333333334,False,False,0.27328163870527533,0.2079296340942383,0.14265232869849842,0.20802248764038087,-0.06537015894188244,-0.22382944527519122,0.691050750732422,-0.9148801960076132,2.95874468144418,2.915923950195313,0.042820731248867094
S43A13T05,raw,140,4.666666666666667,False,False,0.27336464427957524,0.20939949035644534,0.1432837952244611,0.20832955169677736,-0.06504575647231625,-0.2235895692871341,0.6919601745605469,-0.9155497438476811,2.9598379032387077,2.9193736572265623,0.04046424601214538
S43A13T05,raw,141,4.7,False,False,0.27159414161222106,0.20640396118164062,0.14226933604083616,0.20839854431152344,-0.06612920827068727,-0.22419668877759785,0.690038818359375,-0.9142355071369728,2.9590210293828605,2.9144840087890627,0.04453702059379783
S43A13T05,raw,142,4.733333333333333,False,False,0.28766128668869806,0.2052938995361328,0.14272036678042668,0.20920482635498047,-0.06648445957455379,-0.22504344393171805,0.684953857421875,-0.909997301353593,2.9564576134523457,2.908171142578125,0.048286470874220555
S43A13T05,raw,143,4.766666666666667,False,False,0.2886174853926736,0.21142212677001956,0.14252445659805438,0.2075079002380371,-0.06498344363998274,-0.22119322226516297,0.695541534423828,-0.916734756688991,2.9601427539314384,2.91601953125,0.044123222681438534
S43A13T05,raw,144,4.8,False,False,0.28404874967561605,0.21210999298095706,0.14236459915370878,0.2068895835876465,-0.06452498443393773,-0.22002675558604223,0.6948473815917968,-0.914874137177839,2.959057863115506,2.9180599365234374,0.04099792659206836
S43A13T05,raw,145,4.833333333333333,False,False,0.2785372368754377,0.2114457397460937,0.14167834958346037,0.206841064453125,-0.06516271486966463,-0.2224805700398889,0.6944800109863281,-0.9169605810262169,2.959450061967262,2.91749853515625,0.041951526811011774
S43A13T05,raw,146,4.866666666666666,False,False,0.27813926497895,0.20762442016601565,0.14198748284595705,0.20813560485839844,-0.06614812201244138,-0.22218601748131972,0.6936903686523437,-0.9158763861336634,2.958931936070555,2.918497314453125,0.04043462161742983
S43A13T05,raw,147,4.9,False,False,0.27568793100705846,0.2101611938476563,0.1416611842399002,0.20665444946289063,-0.06499326522299043,-0.22271605997876895,0.694521728515625,-0.917237788494394,2.9587640667858874,2.919936767578125,0.03882729920776251
S43A13T05,raw,148,4.933333333333334,False,False,0.27081443438230246,0.2108401565551758,0.1414330023111013,0.20547237777709962,-0.0640393754659983,-0.2215432318819001,0.6979506530761719,-0.9194938849580719,2.9591131488470723,2.915305419921875,0.04380772892519724
S43A13T05,raw,149,4.966666666666667,False,False,0.2824975636181552,0.20748992919921877,0.14098391456507323,0.20627453613281252,-0.0652906215677393,-0.22233052673983617,0.6899981079101563,-0.9123286346499924,2.9562770582752904,2.9008939208984375,0.055383137376852964
S43A13T05,raw,150,5.0,False,False,0.2832841545870532,0.2114661636352539,0.14109305364758112,0.2064921989440918,-0.06539914529651067,-0.22127848440325731,0.6920990295410157,-0.913377513944273,2.9572776544897805,2.9117056884765624,0.04557196601321811
S43A13T05,raw,151,5.033333333333333,False,False,0.27685058154327497,0.21334935760498047,0.14054034921810818,0.2046350135803223,-0.06409466436221412,-0.22052345084909164,0.6975572814941406,-0.9180807323432323,2.9567746723240047,2.912899169921875,0.04387550240212956
S43A13T05,raw,152,5.066666666666666,False,False,0.2749663144658389,0.21227952575683595,0.1413356151750528,0.20694632720947265,-0.06561071203441984,-0.2210319687152603,0.6979756164550781,-0.9190075851703384,2.9567720002263167,2.9145700683593754,0.04220193186694132
S43A13T05,raw,153,5.1,False,False,0.2714840838043729,0.21033506774902344,0.1410082867453909,0.20688074493408204,-0.06587245818869114,-0.22114480033415185,0.6964676818847656,-0.9176124822189174,2.9568279715910166,2.9134075927734377,0.043420378817578875
S43A13T05,raw,154,5.133333333333334,False,False,0.27206191198663154,0.21008984375,0.1405820032901401,0.206382568359375,-0.0658005650692349,-0.22096232510018116,0.696880859375,-0.9178431844751811,2.9554978229781033,2.914441528320313,0.04105629465779037
S43A13T05,raw,155,5.166666666666667,False,False,0.2720825661821617,0.20723045349121094,0.13997979883830877,0.2072670669555664,-0.06728726811725763,-0.22088120899088354,0.6943328857421875,-0.9152140947330711,2.9536194749085314,2.9102642822265627,0.043355192681968635
S43A13T05,raw,156,5.2,False,False,0.27649857403805767,0.21136544799804685,0.13963368970531326,0.20560633850097657,-0.06597264879566331,-0.2203042344266641,0.6984619750976563,-0.9187662095243204,2.9541165201612345,2.9146427001953126,0.03947381996592192
S43A13T05,raw,157,5.233333333333333,False,False,0.2896103709039285,0.2280067367553711,0.1388511775003976,0.19915593338012694,-0.06030475587972933,-0.21854985015835512,0.6998207702636718,-0.918370620422027,2.9547532017780735,2.914345581054688,0.04040762072338566
S43A13T05,raw,158,5.266666666666667,False,False,0.2895618652224181,0.22801337432861327,0.13884620073332732,0.199082332611084,-0.06023613187775667,-0.2185454931709208,0.6997951965332031,-0.918340689704124,2.954760764106913,2.91442431640625,0.040336447700663136
S43A13T05,raw,159,5.3,False,False,0.2815026463313522,0.2225600051879883,0.13797726240553151,0.19920080184936526,-0.06122353944383374,-0.2211037568772805,0.6948958129882813,-0.9159995698655619,2.9517555407783362,2.910810791015625,0.04094474976271112
S43A13T05,raw,160,5.333333333333333,False,False,0.28473435980671574,0.224170295715332,0.13795205938012814,0.199594051361084,-0.06164199198095585,-0.2204938089216054,0.6977696533203125,-0.9182634622419179,2.9520953395563874,2.91637646484375,0.03571887471263757
S43A13T05,raw,161,5.366666666666666,False,False,0.28102600259187993,0.22398401641845703,0.13770033946405594,0.19910717391967775,-0.06140683445562181,-0.2203628475286741,0.6966015624999999,-0.916964410028674,2.951909057934011,2.91697119140625,0.034937866527760875
S43A13T05,raw,162,5.4,False,False,0.2979117188743662,0.212382453918457,0.1371183595466465,0.20505504989624024,-0.06793669034959374,-0.22348735441557196,0.6926017150878907,-0.9160890695034627,2.947253002052569,2.897770263671875,0.04948273838069417
S43A13T05,raw,163,5.433333333333334,False,False,0.28489581788912544,0.21307306671142578,0.1357443629470989,0.20508007431030273,-0.06933571136320382,-0.22365286848375637,0.6918262634277343,-0.9154791319114908,2.948787627648111,2.906807861328125,0.04197976631998612
S43A13T05,raw,164,5.466666666666667,False,False,0.2800719593964239,0.21311618804931642,0.1359718479513728,0.20401826095581055,-0.06804641300443776,-0.22006601983493856,0.6957434997558594,-0.9158095195907979,2.9502236442912806,2.9082916259765628,0.04193201831471782
S43A13T05,raw,165,5.5,False,False,0.2810184520704201,0.21704073333740234,0.1360896925671501,0.2029870491027832,-0.06689735653563311,-0.22068719562541855,0.6970632324218751,-0.9177504280472937,2.950592021144668,2.910673583984375,0.039918437160292974
S43A13T05,raw,166,5.533333333333333,False,False,0.2809715940382474,0.2170129928588867,0.136081206173819,0.20298279190063476,-0.06690158572681576,-0.22069084404522038,0.6970521850585938,-0.9177430291038142,2.95059062971618,2.910681640625,0.039908989091180125
S43A13T05,raw,167,5.566666666666666,False,False,0.2825670526248045,0.21812490081787111,0.13586220013188968,0.2039236946105957,-0.06806149447870602,-0.22191946224372044,0.697553466796875,-0.9194729290405954,2.9505117181694,2.915307861328125,0.035203856841274916
S43A13T05,raw,168,5.6,False,False,0.27844125942387676,0.21757553863525392,0.1356145013974281,0.20348225021362304,-0.06786774881619495,-0.22083150529188517,0.6962508544921875,-0.9170823597840727,2.9498634514557325,2.913506103515625,0.03635734794010759
S43A13T05,raw,169,5.633333333333334,False,False,0.28050408143857897,0.21229554748535157,0.13455798659963658,0.20386531829833984,-0.06930733169870326,-0.22346765130689653,0.6888471374511719,-0.9123147887580684,2.9473304100580235,2.9106562499999997,0.03667416005802382
S43A13T05,raw,170,5.666666666666667,False,False,0.2854190968148086,0.21298949432373046,0.13411199138633448,0.20625265884399413,-0.07214066745765965,-0.22275036027837747,0.6910479431152343,-0.9137983033936118,2.949621823274769,2.9127857666015626,0.03683605667320622
S43A13T05,raw,171,5.7,False,False,0.28334476100988526,0.2113378372192383,0.13431305138907104,0.20706957626342776,-0.07275652487435672,-0.22121334453941216,0.6920344238281251,-0.9132477683675373,2.947858402167381,2.9120953369140627,0.03576306525331807
S43A13T05,raw,172,5.733333333333333,False,False,0.27723451566294555,0.2149954376220703,0.1350619342357659,0.2033279037475586,-0.0682659695117927,-0.220394401084774,0.697038818359375,-0.917433219444149,2.9477419312260134,2.911953125,0.035788806226013214
S43A13T05,raw,173,5.766666666666667,False,False,0.2762866524206793,0.216091682434082,0.13421802372280403,0.20316933822631836,-0.06895131450351433,-0.22021903176216978,0.6968886108398438,-0.9171076426020135,2.94669374942253,2.9144068603515625,0.03228688907096755
S43A13T05,raw,174,5.8,False,False,0.2730896056354313,0.21431954193115238,0.133543438152708,0.19820933914184571,-0.06466590098913771,-0.22070122424922878,0.6954556274414063,-0.9161568516906351,2.947178777408083,2.91503466796875,0.03214410943933288
S43A13T05,raw,175,5.833333333333333,False,False,0.27165901614917976,0.21308075714111327,0.1326426511327912,0.1987520408630371,-0.06610938973024591,-0.22145545423199375,0.69148974609375,-0.9129452003257438,2.9463004239849764,2.91246630859375,0.033834115391226494
S43A13T05,raw,176,5.866666666666666,False,False,0.27490987637999714,0.21557975006103514,0.13332221482454704,0.19868171310424804,-0.065359498279701,-0.22203210683105978,0.6918714904785156,-0.9139035973095754,2.946159523065671,2.9159403076171877,0.030219215448483272
S43A13T05,raw,177,5.9,False,False,0.273183946638036,0.20520936584472654,0.13118591944100458,0.2042656478881836,-0.07307972844717903,-0.22286567002560978,0.6975045471191407,-0.9203702171447504,2.9445968045030817,2.915054443359375,0.029542361143706675
S43A13T05,raw,178,5.933333333333334,False,False,0.2698813103740469,0.20329295349121093,0.13125385293783579,0.20545407867431642,-0.07420022573648064,-0.22275960620887503,0.6930262145996093,-0.9157858208084844,2.944581211017429,2.9121724853515625,0.03240872566586672
S43A13T05,raw,179,5.966666666666667,False,False,0.2480445017458743,0.20251061248779295,0.13134777821358665,0.20518146133422852,-0.07383368312064187,-0.22799061597572975,0.6920105895996094,-0.9200012055753392,2.9426844968537136,2.9337021484375,0.008982348416213704
S43A13T05,raw,180,6.0,False,False,0.25810519433933665,0.1994542465209961,0.13124121684369902,0.20632802200317385,-0.07508680515947483,-0.22585608944259816,0.6918714599609375,-0.9177275494035356,2.9412067974510587,2.91703564453125,0.024171152919808758
S43A13T05,raw,181,6.033333333333333,False,False,0.2662043119009083,0.20330960845947268,0.12949068545099382,0.2052652397155762,-0.07577455426458238,-0.22454690113374506,0.6947637329101564,-0.9193106340439015,2.94129004414545,2.9133889160156254,0.027901128129824482
S43A13T05,raw,182,6.066666666666666,False,False,0.2704397234401101,0.19897258758544922,0.127302256670934,0.20631668472290038,-0.07901442805196637,-0.22424484104266967,0.6944372253417969,-0.9186820663844666,2.938659619023284,2.9097042236328123,0.02895539539047176
S43A13T05,raw,183,6.1,False,False,0.27469003685201426,0.19484297943115236,0.12613860008234065,0.21044426345825196,-0.0843056633759113,-0.22408025955115238,0.6954338378906251,-0.9195140974417775,2.936952107970084,2.90915966796875,0.027792440001334295
S43A13T05,raw,184,6.133333333333334,False,False,0.27265849552372,0.19733260345458983,0.12445784517529294,0.21116154861450198,-0.08670370343920904,-0.22643489142226517,0.6914771423339844,-0.9179120337562495,2.9352408214864947,2.906864379882813,0.0283764416036818
S43A13T05,raw,185,6.166666666666667,False,False,0.2716286613988759,0.19464382934570312,0.1219749747410933,0.21488652038574219,-0.09291154564464889,-0.22619245490648032,0.6957360229492188,-0.9219284778556991,2.9329549528237497,2.9108826904296876,0.022072262394062125
S43A13T05,raw,186,6.2,False,False,0.2675440112335912,0.18600096130371094,0.11934573688364193,0.21812683868408206,-0.09878110180044013,-0.22846869108719628,0.6923416442871094,-0.9208103353743057,2.931736963281919,2.9063167724609373,0.02542019082098168
S43A13T05,raw,187,6.233333333333333,False,False,0.27560686730738354,0.1900434417724609,0.11811022789337482,0.21658719635009765,-0.09847696845672284,-0.22792388770407468,0.692009063720703,-0.9199329514247777,2.9302649014879223,2.9021907958984374,0.028074105589484866
S43A13T05,raw,188,6.266666666666667,False,False,0.2755396966878238,0.18430128479003907,0.11229989665456705,0.21933385467529298,-0.10703395802072593,-0.22735063729245364,0.6907580871582031,-0.9181087244506567,2.9255156942752234,2.90741015625,0.0181055380252233
S43A13T05,raw,189,6.3,False,False,0.2806605652534716,0.19155491638183597,0.11007614876926976,0.21832617950439454,-0.10825003073512478,-0.22658901570000917,0.6952530822753906,-0.9218420979753998,2.923297240694929,2.907479736328125,0.01581750436680407
S43A13T05,raw,190,6.333333333333333,False,False,0.2088860747365959,0.20156047821044923,0.10213492347484995,0.21339526748657228,-0.11126034401172233,-0.22672345861545218,0.689928955078125,-0.9166524136935772,2.916830564274543,2.9860463867187503,-0.06921582244420721
S43A13T05,raw,191,6.366666666666666,False,False,0.23631759509536227,0.19755388641357424,0.09633950518097358,0.2203534278869629,-0.12401392270598934,-0.22470190789920658,0.6953553771972656,-0.9200572850964721,2.9117417139736044,2.9484482421875002,-0.03670652821389586
S43A13T05,raw,192,6.4,False,False,0.24618541543696495,0.18382643127441406,0.09133106466917527,0.22037502288818359,-0.12904395821900833,-0.22561899939224586,0.6901987609863282,-0.915817760378574,2.9061433887238532,2.9298631591796878,-0.02371977045583451
S43A13T05,raw,193,6.433333333333334,False,False,0.2723587662262628,0.19006543731689451,0.08712318307327384,0.21966625595092776,-0.13254307287765393,-0.22175154603163583,0.6925415649414062,-0.914293110973042,2.9033767499574528,2.9189783935546876,-0.015601643597234816
S43A13T05,raw,194,6.466666666666667,False,False,0.27617674101716566,0.18564677429199217,0.07562699957522963,0.21932559967041015,-0.14369860009518054,-0.21796003615640527,0.692334716796875,-0.9102947529532802,2.8927823437255733,2.91372607421875,-0.02094373049317655
S43A13T05,raw,195,6.5,False,False,0.29073354498408704,0.20780035400390626,0.06840003558041063,0.20717181396484374,-0.1387717783844331,-0.21389709441570287,0.7030302734375,-0.9169273678532028,2.8889147477489496,2.9054036865234374,-0.01648893877448776
S43A13T05,raw,196,6.533333333333333,False,False,0.2987283318746008,0.20497705078125,0.05657114285418966,0.210548828125,-0.15397768527081035,-0.2129962753856622,0.7044905700683594,-0.9174868454540216,2.8820664793591377,2.8980351562499997,-0.01596867689086201
S43A13T05,raw,197,6.566666666666666,False,False,0.3050437059248416,0.20906127166748048,0.04327557607625604,0.2078452186584473,-0.16456964258219126,-0.21052170075132398,0.7026328430175781,-0.9131545437689021,2.8740530894089407,2.8972518310546875,-0.023198741645746868
S43A13T05,raw,198,6.6,False,False,0.29735066826936307,0.2026176452636719,0.030542762106671475,0.20577033996582034,-0.17522757785914886,-0.20940300946841056,0.7022576599121094,-0.91166066938052,2.8650552696553833,2.9050279541015627,-0.03997268444617941
S43A13T05,raw,199,6.633333333333334,False,False,0.29539782613095567,0.20026537322998048,0.020715472704170287,0.20717581558227538,-0.1864603428781051,-0.20609875118688603,0.7053621215820313,-0.9114608727689173,2.857734780170248,2.900738525390625,-0.043003745220376643
S43A13T05,raw,200,6.666666666666667,False,False,0.27880167839431647,0.1894031982421875,0.010816278862263733,0.20905804443359374,-0.19824176557133,-0.20422453357855863,0.6935798034667969,-0.8978043370453556,2.8483198324405823,2.914923828125,-0.06660399568441777
S43A13T05,raw,201,6.7,False,False,0.2955976606415457,0.17540815734863285,-0.0016065348725588357,0.21863643646240236,-0.22024297133496118,-0.20112621513859977,0.6871991271972656,-0.8883253423358654,2.8368355603396727,2.9024439697265625,-0.06560840938688983
S43A13T05,raw,202,6.733333333333333,False,False,0.2856513058666386,0.19104500579833988,-0.011830106116500169,0.2149419746398926,-0.22677208075639277,-0.19688388086593,0.6965548400878907,-0.8934387209538207,2.832138186928962,2.9278792724609373,-0.09574108553197513
S43A13T05,raw,203,6.766666666666667,False,False,0.2487797400155322,0.1675681915283203,-0.030037859947528854,0.23149459075927734,-0.2615324507068062,-0.18967641093272408,0.6938641052246094,-0.8835405161573335,2.8187328594087195,2.9340318603515625,-0.11529900094284296
S43A13T05,raw,204,6.8,False,False,0.24381265111218414,0.1522074279785156,-0.04515142871665961,0.2377820587158203,-0.2829334874324799,-0.17833909228772193,0.6941988525390625,-0.8725379448267845,2.811753307972047,2.9251951904296876,-0.11344188245764064
S43A13T05,raw,205,6.833333333333333,False,False,0.24071562354684425,0.14775010681152345,-0.0654436687515546,0.2397833938598633,-0.3052270626114179,-0.1663722497449864,0.697093994140625,-0.8634662438856114,2.799075651916598,2.932463134765625,-0.13338748284902735
S43A13T05,raw,206,6.866666666666666,False,False,0.25663307948019054,0.11731547546386717,-0.08357096664136843,0.263398567199707,-0.34696953384107543,-0.14987226575123258,0.6992666931152344,-0.849138958866467,2.7837280729050202,2.9107377929687503,-0.12700972006373012
S43A13T05,raw,207,6.9,False,False,0.26445872293690387,0.09127873229980468,-0.10303747044819157,0.28147391510009767,-0.38451138554828923,-0.13805520831606094,0.692776092529297,-0.8308313008453578,2.7741357200169388,2.8972491455078124,-0.12311342549087367
S43A13T05,raw,208,6.933333333333334,False,False,0.24994932601077222,0.128403076171875,-0.1219711620293754,0.2680713806152344,-0.3900425426446098,-0.1173734764366324,0.7051466369628907,-0.8225201133995231,2.767076094398683,2.9100347900390626,-0.14295869564037966
S43A13T05,raw,209,6.966666666666667,False,False,0.2544193528428208,0.15027241516113282,-0.1416485182953212,0.2575616073608399,-0.3992101256561611,-0.1025745913886792,0.7082528686523437,-0.8108274600410229,2.7602319036282634,2.92191357421875,-0.16168167059048644
S43A13T05,raw,210,7.0,False,False,0.25270172475513925,0.16259829711914064,-0.17460224706702557,0.2622238616943359,-0.4368261087613615,-0.08033086724775199,0.7110138854980469,-0.7913447527457989,2.7434624110812553,2.93399755859375,-0.19053514751249478
S43A13T05,raw,211,7.033333333333333,False,False,0.08910581526051979,0.0754590454101563,-0.19505396390246035,0.31046911621093753,-0.5055230801133979,-0.06095062274594542,0.6688781433105468,-0.7298287660564923,2.7329476038970157,3.01286279296875,-0.2799151890717342
S43A13T05,raw,212,7.066666666666666,True,False,0.2457833123975434,0.02191940307617185,-0.2299617417298222,0.3025201263427735,-0.5324818680725957,-0.03648253909908922,0.6586406555175781,-0.6951231946166674,2.712283511069354,2.9122969970703125,-0.20001348600095836
S43A13T05,raw,213,7.1,False,False,0.26541290055262146,0.01683926391601559,-0.2629060268202701,0.2954196319580078,-0.5583256587782779,-0.0053207405339310634,0.6655390625,-0.670859803033931,2.69658290050464,2.8933572998046877,-0.1967743993000477
S43A13T05,raw,214,7.133333333333334,True,False,0.14577198637771885,0.0026818542480468444,-0.30045080406381336,0.26702326965332035,-0.5674740737171338,0.02786320949833587,0.6404978332519531,-0.6126346237536172,2.6882705238446554,3.0737574462890627,-0.3854869224444073
S43A13T05,raw,215,7.166666666666667,False,False,0.19046132646234226,0.05455635070800785,-0.34117986396607114,0.19657012176513675,-0.5377499857312079,0.06170222920573573,0.6462239685058594,-0.5845217393001236,2.6668063811564413,2.9640871582031254,-0.2972807770466841
S43A13T05,raw,216,7.2,False,False,0.1941430924305396,0.07300762176513673,-0.38430486451418516,0.1575336494445801,-0.5418385139587653,0.11541311475536287,0.6711668395996093,-0.5557537248442465,2.6410636615725736,2.9512469482421877,-0.31018328666961414
S43A13T05,raw,217,7.233333333333333,False,False,0.21520663496126813,0.19000706481933594,-0.41730645410972284,0.17836374664306642,-0.5956702007527892,0.16716553625150865,0.6850210571289063,-0.5178555208773976,2.63324739587828,2.9578145751953127,-0.32456717931703283
S43A13T05,raw,218,7.266666666666667,False,False,0.1945460866908335,0.1708177032470703,-0.4583580266076932,0.2181041793823242,-0.6764622059900174,0.23055540134002583,0.6524419250488281,-0.4218865237088023,2.607956868678631,2.9583087158203125,-0.35035184714168155
S43A13T05,raw,219,7.3,False,False,0.24960856304065626,0.24798643112182617,-0.5016397787758643,0.16607523536682128,-0.6677150141426855,0.28549730554500263,0.6033469848632813,-0.3178496793182787,2.605305646420702,3.0066572265625,-0.40135158014179817
S43A13T05,raw,220,7.333333333333333,True,False,0.2696475219669272,0.26740825176239014,-0.5604748747210992,0.14670029306411742,-0.7071751677852167,0.3413107400175345,0.6500796508789062,-0.3087689108613717,2.587814620565313,2.9672646484375003,-0.37945002787218707
S43A13T05,raw,221,7.366666666666666,True,False,0.1550097313896714,0.15308694458007813,-0.5978711381709885,0.036152847290039064,-0.6340239854610276,0.3932395687506406,0.6936767883300782,-0.3004372195794376,2.5340618627229183,2.897735107421875,-0.36367324469895657
S43A13T05,raw,222,7.4,True,False,0.22924812858619364,0.068531156539917,-0.6326411350541938,0.06609055423736573,-0.6987316892915596,0.3874278021583201,0.5267231140136719,-0.13929531185535177,2.5206490292659005,2.8250673828124997,-0.3044183535465992
S43A13T05,raw,223,7.433333333333334,True,False,0.14375668200962746,0.05333155822753907,-0.7043159778136897,-0.1704286575317383,-0.5338873202819514,0.3602722783015356,0.4431670379638672,-0.08289475966233162,2.496679506036717,2.997103759765625,-0.5004242537289083
S43A13T05,raw,224,7.466666666666667,True,False,0.2811410361527333,0.12742615890502929,-0.69548066942777,-0.029179689407348632,-0.6663009800204214,0.3565942133678972,0.3720902328491211,-0.015496019481223922,2.477617616744707,2.7675795898437503,-0.2899619730990435
S43A13T05,raw,225,7.5,True,False,0.029100408285333057,0.026044740676879882,-0.7063838912909657,-0.04222092723846436,-0.6641629640525013,0.3434154358485867,0.3270304336547852,0.016385002193801512,2.484583423754426,2.870992431640625,-0.3864090078861988
S43A13T05,raw,226,7.533333333333333,True,False,0.07770115326178567,0.03802261734008789,-0.6944849969385013,0.08059406089782715,-0.7750790578363285,0.29842006429238727,0.13070424461364746,0.1677158196787398,2.496087143140774,2.8916407470703125,-0.3955536039295384
S43A13T05,raw,227,7.566666666666666,False,False,0.11289248926716822,0.05060356903076173,-0.6907518127181278,0.09214916610717774,-0.7829009788253055,0.27989044527645623,0.1610868911743164,0.11880355410213983,2.497423757492961,2.9223912353515624,-0.42496747785860123
S43A13T05,raw,228,7.6,True,False,0.19046872707271317,0.008644454956054683,-0.7052290446271172,0.05011458206176758,-0.7553436266888848,0.25580711739652623,-0.06731032180786133,0.32311743920438757,2.4893205545456745,2.8372236328125,-0.34790307826682554
S43A13T05,raw,229,7.633333333333334,True,False,0.13810202773779703,0.08745508003234864,-0.7139115625603557,0.02995180416107178,-0.7438633667214275,0.24893405248564662,-0.10395985746383668,0.35289390994948333,2.482997362543647,2.7782464599609376,-0.2952490974172908
S43A13T05,raw,230,7.666666666666667,False,False,0.24624641333558725,0.08325629043579102,-0.7155953336169052,-0.016263612747192385,-0.6993317208697128,0.2369714758365723,-0.19932015991210938,0.4362916357486817,2.475956554742901,2.7606553955078126,-0.2846988407649116
S43A13T05,raw,231,7.7,False,False,0.31439325052152983,0.15606697082519533,-0.7149204822800816,-0.03384093475341797,-0.6810795475266637,0.2253645634539227,-0.19071482849121094,0.41607939194513366,2.4725634225150297,2.7265174560546876,-0.25395403353965795
S43A13T05,raw,232,7.733333333333333,True,False,0.17093823098006505,0.15156367492675782,-0.7434790676233727,-0.15689298248291014,-0.5865860851404625,0.21477179949938996,-0.20031418609619142,0.4150859855955814,2.481270686002228,2.8021489257812497,-0.3208782397790215
S43A13T05,raw,233,7.766666666666667,True,False,0.4917992714912171,0.06397210693359373,-0.7579357519887038,-0.19662559509277344,-0.5613101568959303,0.20848879171448945,-0.2800331344604492,0.4885219261749386,2.4823605783014098,2.7218568115234376,-0.23949623322202784
S43A13T05,raw,234,7.8,True,False,0.3835540856471811,0.22547198486328124,-0.7531157954463173,-0.15396585083007813,-0.5991499446162392,0.231350136793361,-0.2975133438110351,0.5288634806043961,2.4591089794838124,2.578198364257813,-0.11908938477400044
S43A13T05,raw,235,7.833333333333333,False,False,0.4173799527971786,0.27028057479858403,-0.7597775691194671,-0.177410493850708,-0.5823670752687591,0.23817220526885488,-0.2891335830688477,0.5273057883377026,2.455069940678214,2.5434060058593753,-0.08833606518116133
S43A13T05,raw,236,7.866666666666666,False,False,0.40216654460921963,0.2902272071838379,-0.7729025977489277,-0.19337855339050292,-0.5795240443584248,0.25118141574849295,-0.22362132263183596,0.47480273838032894,2.457488473504411,2.4992061767578124,-0.04171770325340152
S43A13T05,raw,237,7.9,False,False,0.4870524236230966,0.34380905342102047,-0.7689220051617662,-0.18998432826995845,-0.5789376768918078,0.257508788965787,-0.2296534824371338,0.4871622714029208,2.4662002763095745,2.5053687744140625,-0.03916849810448797
S43A13T05,raw,238,7.933333333333334,True,False,0.49430251288683097,0.4061706657409668,-0.7624862139171315,-0.1561174259185791,-0.6063687879985523,0.2684618925685246,-0.11687583923339846,0.38533773180192304,2.4570028899719416,2.461569458007813,-0.004566568035871299
S43A13T05,raw,239,7.966666666666667,False,False,0.4855455320089072,0.40848752212524414,-0.7590565608866542,-0.15751710319519044,-0.6015394576914638,0.2676911847440422,-0.10352793884277345,0.37121912358681564,2.459302455180069,2.4577910156250002,0.0015114395550686055
S43A13T05,raw,240,8.0,False,False,0.45869862930067573,0.36503574752807616,-0.7641686739998413,-0.11982322120666503,-0.6443454527931763,0.26394399600893015,-0.05096202850341795,0.3149060245123481,2.4639287715520437,2.4289847412109378,0.034944030341105936
S43A13T05,raw,241,8.033333333333333,False,False,0.46285595061654367,0.3537914047241211,-0.7749774643196564,-0.08754100418090821,-0.6874364601387482,0.2600658117584285,-0.03078583526611328,0.2908516470245418,2.455669773677085,2.4426025390625004,0.013067234614584589
S43A13T05,filtered,0,0.0,False,False,0.22623070057403388,0.20598670361294918,0.13173338875752608,0.20325816318459985,-0.07152477442707378,-0.22837027486974443,0.7093336133359249,-0.9377038882056694,2.9613318986792097,2.94667644024475,0.01465545843445959
S43A13T05,filtered,1,0.03333333333333333,False,False,0.2274967894679317,0.20717827819427587,0.13293015579663098,0.2033014470997773,-0.07037129130314632,-0.22786369687394548,0.7098080287652038,-0.9376717256391492,2.9621063248227104,2.945916106987581,0.016190217835129417
S43A13T05,filtered,2,0.06666666666666667,False,False,0.22872545091895025,0.20831669163496058,0.134102368904117,0.20335364873546946,-0.06925127983135246,-0.22737323000790535,0.7102690056822002,-0.9376422356901055,2.962875721262743,2.9451638985193727,0.01771182274337013
S43A13T05,filtered,3,0.1,False,False,0.22987416054823864,0.20934383625526112,0.13522339944397044,0.20343027622793397,-0.06820687678396353,-0.2269124253417542,0.7106990926141287,-0.9376115179558828,2.963627964731318,2.9444387738154307,0.019189190915887444
S43A13T05,filtered,4,0.13333333333333333,False,False,0.23090621334740583,0.21021137465365689,0.13627005798800002,0.2035431757163112,-0.06727311772831118,-0.2264931260443149,0.7110844013633693,-0.9375775274076842,2.9643518658242978,2.943758585859232,0.02059327996506566
S43A13T05,filtered,5,0.16666666666666666,False,False,0.23179312825716877,0.21088442576678001,0.1372239908517147,0.20369924415844398,-0.06647525330672929,-0.22612490276765224,0.7114159311051012,-0.9375408338727533,2.9650380604066338,2.9431391842214847,0.021898876185149074
S43A13T05,filtered,6,0.2,False,False,0.2325162182502548,0.21134386879501105,0.13807261142132923,0.20389974602318497,-0.06582713460185574,-0.22581467479808262,0.711690272046446,-0.9375049468445286,2.965679749113301,2.9425936486943254,0.02308610041897552
S43A13T05,filtered,7,0.23333333333333334,False,False,0.23306716839455677,0.21158708372187213,0.13880950481724444,0.20414028893271466,-0.06533078411547022,-0.2255665356075221,0.7119096198505979,-0.9374761554581199,2.966273232671068,2.942131690481779,0.024141542189288767
S43A13T05,filtered,8,0.26666666666666666,False,False,0.23344762007354417,0.21162712327947542,0.13943430527516645,0.20441143406293394,-0.06497712878776749,-0.22538177897441547,0.712081122881173,-0.9374629018555884,2.966818212651068,2.9417592452245875,0.025058967426480283
S43A13T05,filtered,9,0.3,False,False,0.23366791128156236,0.21149048284093297,0.13995210177501194,0.20469984333616126,-0.06474774156114932,-0.2252591020178055,0.7122156711712366,-0.9374747731890422,2.9673178475203974,2.941478272029514,0.025839575490883337
S43A13T05,filtered,10,0.3333333333333333,False,False,0.23374523254543686,0.2112137800527632,0.1403724717166893,0.2049898063182705,-0.0646173346015812,-0.2251949467444048,0.7123263062363778,-0.9375212529807826,2.9677785709094793,2.941286765080109,0.026491805829370385
S43A13T05,filtered,11,0.36666666666666664,False,False,0.23370150184435662,0.2108397573498219,0.14070827022052373,0.20526495212925835,-0.06455668190873462,-0.22518393333323375,0.7124264741778408,-0.9376104075110745,2.968209692667782,2.9411789783161812,0.02703071435160087
S43A13T05,filtered,12,0.4,False,False,0.23356123776349616,0.21041306713129665,0.14097431232866642,0.20550993930462955,-0.06453562697596313,-0.22521933648733294,0.712528355021008,-0.9377476915083409,2.9686228141064,2.941145857211259,0.027476956895140958
S43A13T05,filtered,13,0.43333333333333335,False,False,0.2333496364792825,0.20997628894623405,0.14118607822209184,0.2057119296795671,-0.06452585145747528,-0.22529355991798536,0.7126414783312154,-0.9379350382492008,2.969031097387647,2.9411756631945343,0.02785543419311276
S43A13T05,filtered,14,0.4666666666666667,False,False,0.23309096565234214,0.209566565988397,0.14135855090690508,0.20586168813278952,-0.06450313722588444,-0.2253985719356807,0.7127717835754974,-0.9381703555111781,2.9694484354210338,2.941254765338605,0.028193670082428568
S43A13T05,filtered,15,0.5,False,False,0.2328073073844559,0.20921314604957494,0.14150526628604596,0.20595420305194467,-0.06444893676589872,-0.22552627554179625,0.7129212124451714,-0.9384474879869676,2.969888572461167,2.9413685617376135,0.02852001072355348
S43A13T05,filtered,16,0.5333333333333333,False,False,0.2325176324555497,0.20893598521022416,0.14163762211219352,0.2059887855939419,-0.06435116348174838,-0.2256687978380072,0.7130878409488761,-0.9387566387868833,2.9703642262860583,2.9415024817660367,0.02886174452002166
S43A13T05,filtered,17,0.5666666666666667,False,False,0.23223717212351444,0.2087454380672248,0.14176445961337417,0.2059686712546291,-0.06420421164125492,-0.22581869484004655,0.7132664836326816,-0.9390851784727282,2.9708862600356483,2.9416430123667894,0.029243247668858885
S43A13T05,filtered,18,0.6,False,False,0.231977060702174,0.20864293308392795,0.14189190324238482,0.20590020693735542,-0.0640083036949706,-0.22596907806903183,0.7134496416451805,-0.9394187197142123,2.9714629458102895,2.9417786878726844,0.029684257937605096
S43A13T05,filtered,19,0.6333333333333333,False,False,0.23174423445886924,0.20862243045501105,0.14202342243491622,0.20579175344970135,-0.06376833101478513,-0.22611367791407655,0.7136286287171087,-0.9397423066311853,2.9720993540064766,2.941900983301251,0.030198370705225575
S43A13T05,filtered,20,0.6666666666666666,False,False,0.23154157559720606,0.20867239355021805,0.14216006562461964,0.2056524616397175,-0.06349239601509787,-0.2262468650001007,0.7137946989256045,-0.9400415639257053,2.9727968936645226,2.942005053999318,0.030791839665204712
S43A13T05,filtered,21,0.7,False,False,0.2313682790496523,0.20877797898863767,0.14230081113903043,0.20549108702224078,-0.06319027588321036,-0.22636365388376273,0.71394001749966,-0.9403036713834227,2.973553021428895,2.942090268058978,0.031462753369916996
S43A13T05,filtered,22,0.7333333333333333,False,False,0.23122039955277215,0.20892316408651285,0.1424429812486415,0.2053149923635477,-0.0628720111149062,-0.22645971267483356,0.7140583566825005,-0.9405180693573341,2.974361131179342,2.942160481143814,0.03220065003552808
S43A13T05,filtered,23,0.7666666666666667,False,False,0.23109151805492245,0.20909257763976113,0.1425826731906197,0.20512945288885479,-0.06254677969823508,-0.2265313973423967,0.7141454549796427,-0.9406768523220393,2.975210633172114,2.9422240071806938,0.032986625991420215
S43A13T05,filtered,24,0.8,False,False,0.230973460305301,0.20927287056174113,0.14271517254012345,0.20493732993384722,-0.062222157393723776,-0.22657582079423264,0.714199040050805,-0.9407748608450377,2.9760872298087797,2.9422932455347395,0.033793984274040234
S43A13T05,filtered,25,0.8333333333333334,False,False,0.2308570106913155,0.20945354467469654,0.1428353275637861,0.20473912348466178,-0.061903795920875665,-0.22659095526379153,0.7142185728459675,-0.940809528109759,2.976973393291378,2.9423839392984585,0.03458945399291924
S43A13T05,filtered,26,0.8666666666666667,False,False,0.23073258708468983,0.2096272389387586,0.14293787576259126,0.2045333606021753,-0.06159548483958405,-0.22657575371638608,0.7142048145647515,-0.9407805682811375,2.977849046430752,2.942514062914606,0.03533498351614606
S43A13T05,filtered,27,0.9,False,False,0.23059086770669854,0.20978954238641973,0.14301772361087328,0.204317233105594,-0.06129950949472071,-0.22653026407944332,0.7141593424641892,-0.9406896065436325,2.9786924399517205,2.942702371146293,0.035990068805427544
S43A13T05,filtered,28,0.9333333333333333,False,False,0.230423377746521,0.20993845468437994,0.143070186144535,0.20408737001308178,-0.061017183868546765,-0.22645570164074477,0.7140841424763473,-0.9405398441170921,2.9794812067508327,2.942966683282656,0.03651452346817674
S43A13T05,filtered,29,0.9666666666666667,False,False,0.2302230444240787,0.21007364442590165,0.14309119406513734,0.2038406211867936,-0.06074942712165626,-0.22635444241181,0.7139813863421773,-0.9403358287539874,2.9801935559181496,2.943322021580401,0.03687153433774881
S43A13T05,filtered,30,1.0,False,False,0.22998471403353618,0.210195660706245,0.14307747280632452,0.20357473852655425,-0.06049726572022973,-0.2262299054702781,0.7138534618807033,-0.9400833673509814,2.980809548647291,2.943778764318876,0.03703078432841478
S43A13T05,filtered,31,1.0333333333333334,False,False,0.22970559985323372,0.2103052364394337,0.14302669168189677,0.20328886740007146,-0.06026217571817469,-0.22608630591886192,0.7137032729706514,-0.9397895788895133,2.9813123775739854,2.944341003390328,0.03697137418365726
S43A13T05,filtered,32,1.0666666666666667,False,False,0.22938560654941947,0.21040278567266593,0.14293757346140018,0.20298379914641745,-0.060046225685017274,-0.22592828111908098,0.7135347684803619,-0.9394630495994429,2.9816895547125997,2.945005306140737,0.03668424857186281
S43A13T05,filtered,33,1.1,False,False,0.22902746569166585,0.21048814751565814,0.14280994747448936,0.20266197917139,-0.05985203169690065,-0.22576041847180794,0.7133536052820768,-0.9391140237538848,2.9819339052540035,2.9457600649882996,0.036173840265703916
S43A13T05,filtered,34,1.1333333333333333,False,False,0.2286366248765156,0.21056057395875663,0.1426447246564036,0.2023273071503771,-0.05968258249397351,-0.22558673890240633,0.7131678080860977,-0.938754546988504,2.9820442684077744,2.9465855731612436,0.03545869524653078
S43A13T05,filtered,35,1.1666666666666667,False,False,0.2282208597992021,0.21061890697392027,0.14244377259776497,0.20198479901925503,-0.05954102642149006,-0.22541021120800495,0.71298826551261,-0.9383984767206149,2.982025823691176,2.9474548922269888,0.034570931464187105
S43A13T05,filtered,36,1.2,False,False,0.22778961839981782,0.21066185129666187,0.14220967390655814,0.20164019896765253,-0.05943052506109439,-0.22523238350563557,0.7128289028880097,-0.9380612863936453,2.9818899905163208,2.9483354837280067,0.033554506788314065
S43A13T05,filtered,37,1.2333333333333334,False,False,0.22735314974077644,0.21068823118133861,0.14194536248754633,0.20129963030304715,-0.05935426781550082,-0.22505321534353678,0.7127063999213383,-0.9377596152648751,2.9816538869634677,2.949191475098776,0.032462411864691454
S43A13T05,filtered,38,1.2666666666666666,False,False,0.2269215090091747,0.2106971269487129,0.1416536491120248,0.2009693568429426,-0.059315707730917794,-0.2248711759346618,0.7126393739317674,-0.9375105498664291,2.981339374762795,2.9499863347036026,0.031353040059192594
S43A13T05,filtered,39,1.3,False,False,0.2265035589126925,0.2106878202754804,0.14133666808873135,0.20065569468814326,-0.059319026599411906,-0.22468364157947468,0.7126470205536006,-0.9373306621330753,2.9809717557036546,2.950685658940826,0.030286096762828674
S43A13T05,filtered,40,1.3333333333333333,False,False,0.22610610552578708,0.21065953051631117,0.14099529796234817,0.20036507371680395,-0.05936977575445579,-0.22448758266243996,0.7127472839045736,-0.9372348665670136,2.980578214802203,2.951259740204531,0.02931847459767223
S43A13T05,filtered,41,1.3666666666666667,False,False,0.22573331384827253,0.2106109877515684,0.1406286271144406,0.20010420638265702,-0.05947557926821642,-0.22428048386869712,0.7129547048982632,-0.9372351887669603,2.980186124387952,2.951685596805491,0.02850052758246102
S43A13T05,filtered,42,1.4,False,False,0.22538654414084994,0.21053994856812852,0.14023354587036646,0.19988028626904703,-0.059646740398680564,-0.22406139781969678,0.7132781576814723,-0.9373395555011691,2.9798213299540226,2.9519482056910378,0.027873124262984827
S43A13T05,filtered,43,1.4333333333333333,False,False,0.22506473075477473,0.210442804201336,0.13980454676993553,0.199701117393779,-0.05989657062384346,-0.22383199931498418,0.7137187206537419,-0.9375507199687261,2.979506534339262,2.9520407786501286,0.027465755689133342
S43A13T05,filtered,44,1.4666666666666666,False,False,0.22476538549669592,0.2103144463558221,0.13933380195081146,0.1995750725257397,-0.06024127057492823,-0.22359749052549596,0.7142679351590504,-0.9378654256845463,2.9792598840848887,2.9519640483444625,0.027295835740426266
S43A13T05,filtered,45,1.5,False,False,0.22448624505720424,0.21014853741081183,0.13881156096268998,0.1995107967828018,-0.06069923582011183,-0.22336721017739206,0.7149066817347585,-0.9382738919121505,2.9790938436304484,2.9517246634407854,0.027369180189662945
S43A13T05,filtered,46,1.5333333333333334,False,False,0.22422750092130955,0.20993827892403724,0.13822687581133467,0.19951660988754188,-0.06128973407620722,-0.22315482241449025,0.7156048551096821,-0.9387596775241723,2.979014422135563,2.9513329130805515,0.027681509055011322
S43A13T05,filtered,47,1.5666666666666667,False,False,0.22399446229099637,0.2096776923843086,0.13756861678222373,0.19959961135932366,-0.06203099457709993,-0.22297800104539367,0.7163219520378075,-0.9392999530832011,2.9790207961476964,2.9508000933751006,0.028220702772595807
S43A13T05,filtered,48,1.6,False,False,0.2238004232511031,0.20936333191540946,0.13682669847130366,0.1997645494535144,-0.06293785098221075,-0.22285757721383165,0.7170086084389335,-0.9398661856527653,2.9791053501339695,2.9501358813669523,0.028969468767017226
S43A13T05,filtered,49,1.6333333333333333,False,False,0.22366944600585442,0.2089962565424397,0.13599339722014972,0.2000125672994827,-0.06401917007933297,-0.2228161766793264,0.7176090414189477,-0.9404252180982741,2.979254136217427,2.949346090291315,0.02990804592611207
S43A13T05,filtered,50,1.6666666666666667,False,False,0.223638732577166,0.2085840164281471,0.13506461538375936,0.20033997940293288,-0.06527536401917353,-0.22287643010255773,0.7180642734439573,-0.940940703546515,2.9794477339046885,2.948431145360148,0.03101658854454037
S43A13T05,filtered,51,1.7,False,False,0.2237602250516329,0.20814236682030207,0.1340409397019077,0.20073725157529643,-0.06669631187338873,-0.22305888995159062,0.7183159449554901,-0.9413748349070807,2.9796624696872493,2.9473855472038224,0.03227692248342695
S43A13T05,filtered,52,1.7333333333333334,False,True,0.2241010310847368,0.20769642330905624,0.13292835317495885,0.2011883537532284,-0.06826000057826956,-0.2233798261185504,0.7183104621732939,-0.9416902882918443,2.979871935071033,2.9461984880511913,0.03367344701984187
S43A13T05,filtered,53,1.7666666666666666,False,False,0.22474221022777002,0.2072810134858034,0.13173849182689584,0.20167062794811697,-0.06993213612122112,-0.2238490957891993,0.7180031827749742,-0.9418522785641735,2.9800487204842994,2.9448556616370807,0.03519305884721868
S43A13T05,filtered,54,1.8,False,False,0.2257754036750264,0.2069400576557338,0.13048838595669832,0.20215526588657448,-0.07166687992987616,-0.22446828975941832,0.7173623175379953,-0.9418306072974136,2.980166263058445,2.9433421696802586,0.03682409337818626
S43A13T05,filtered,55,1.8333333333333333,False,False,0.2272968177062967,0.20672491398776716,0.1291996836701123,0.20260842854949784,-0.07340874487938553,-0.22522934684308832,0.7163722243552741,-0.9416015711983625,2.9802006904821443,2.9416462844175384,0.03855440606460592
S43A13T05,filtered,56,1.8666666666666667,False,False,0.2293982883107069,0.2066917372681143,0.12789741478844038,0.2029929702441668,-0.07509555545572641,-0.2261138010500304,0.7150357945874708,-0.9411495956375012,2.980132533242265,2.939763689281739,0.04036884396052587
S43A13T05,filtered,57,1.9,False,False,0.23215565752803338,0.206898010337822,0.12660840754316002,0.20327066115441386,-0.07666225361125384,-0.2270927845483222,0.713375680945248,-0.9404684654935702,2.9799481757034108,2.937701703079392,0.042246472624018594
S43A13T05,filtered,58,1.9333333333333333,False,False,0.23561548080765862,0.20739849988728726,0.1253595117288088,0.20340474234327113,-0.07804523061446234,-0.2281278555045077,0.7114341892044811,-0.9395620447089887,2.9796409243860693,2.9354829150496156,0.04415800933645375
S43A13T05,filtered,59,1.9666666666666666,False,False,0.23978198566592065,0.20824095330146147,0.12417580514259909,0.20336260280557553,-0.07918679766297644,-0.22917265683564275,0.709271748944409,-0.9384444057800518,2.9792115906970813,2.93314763821083,0.04606395248625139
S43A13T05,filtered,60,2.0,False,False,0.24460687198240275,0.20946188470985494,0.12307896262486037,0.20311834478771135,-0.08003938216285097,-0.23017534362834124,0.7069639849886356,-0.9371393286169768,2.9786685157104373,2.930754642682607,0.047913873027830345
S43A13T05,filtered,61,2.033333333333333,False,False,0.249984605893992,0.21108279503311625,0.12208594889607075,0.20265500463227598,-0.08056905573620524,-0.2310816483429851,0.7045975234885082,-0.9356791718314934,2.9780270056879035,2.9283797675401684,0.049647238147735084
S43A13T05,filtered,62,2.066666666666667,False,False,0.25575511905398796,0.21310713604816028,0.12120816022441451,0.2019662226902064,-0.08075806246579188,-0.23183838963680659,0.7022647757080915,-0.9341031653448981,2.9773081964796795,2.926112225438165,0.05119597104151463
S43A13T05,filtered,63,2.1,False,False,0.26171442449706533,0.21551826966630494,0.12045109041028843,0.20105720500403368,-0.08060611459374525,-0.23239717882429992,0.7000580393227323,-0.9324552181470321,2.976537418397086,2.9240486907014365,0.052488727695649384
S43A13T05,filtered,64,2.1333333333333333,False,False,0.267632026821876,0.21827860026337,0.11981453971230659,0.19994488580490993,-0.08013034609260335,-0.2327180434705621,0.6980633327096486,-0.9307813761802107,2.9757421845721943,2.922285567168273,0.05345661740392149
S43A13T05,filtered,65,2.1666666666666665,False,False,0.27327262975828825,0.22132997910907237,0.11929332775813259,0.19865727502812458,-0.07936394726999199,-0.2327726751416485,0.6963544247726716,-0.9291270999143202,2.9749499685006358,2.920910124914988,0.05403984358564795
S43A13T05,filtered,66,2.2,False,False,0.2784188612051152,0.22459540190191735,0.11887841942364187,0.19723204945631814,-0.07835363003267627,-0.23254702086855328,0.6949875354756414,-0.9275345563441947,2.974185964407111,2.919991428892623,0.05419453551448772
S43A13T05,filtered,67,2.2333333333333334,False,False,0.28289163776517695,0.22798194548221395,0.1185583313708441,0.19571451064150341,-0.07715617927065932,-0.23204297591358575,0.6939971567127698,-0.9260401326263556,2.973471033265226,2.9195721147387736,0.053898918526452455
S43A13T05,filtered,68,2.2666666666666666,False,False,0.28656529471914216,0.23138481775585262,0.11832066033061336,0.19415508025558242,-0.07583441992496906,-0.23127899663391352,0.6933933782143,-0.9246723748482135,2.972820026349511,2.919662066813732,0.053157959535778954
S43A13T05,filtered,69,2.3,False,False,0.2893755592695566,0.23469232555478853,0.11815356478717812,0.19260652968628875,-0.07445296489911063,-0.23028953167456062,0.6931610007361435,-0.9234505324107041,2.9722406481749073,2.920234909118916,0.052005739055991373
S43A13T05,filtered,70,2.3333333333333335,False,False,0.2913196787687357,0.23779150070927263,0.1180470404554476,0.19112114464234023,-0.07307410418689263,-0.2291232606714279,0.6932605841894495,-0.9223838448608774,2.9717329744761707,2.9212279420294225,0.0505050324467482
S43A13T05,filtered,71,2.3666666666666667,False,False,0.2924493508929097,0.24057406986104343,0.11799385620453046,0.18974800981519674,-0.07175415361066628,-0.2278402247298472,0.6936314207117442,-0.9214716454415914,2.9712896825091355,2.9225457790780816,0.04874390343105395
S43A13T05,filtered,72,2.4,False,False,0.29285831767780746,0.24294241467406444,0.11799005844843549,0.18853056874958468,-0.07054051030114919,-0.2265080249988436,0.694196254534748,-0.9207042795335916,2.9708969851929146,2.924067507071381,0.04682947812153371
S43A13T05,filtered,73,2.433333333333333,False,False,0.29266731711689775,0.2448151514410674,0.11803500421927243,0.1875045772356255,-0.06946957301635306,-0.22519734799334012,0.6948674071291193,-0.9200647551224594,2.970536192950965,2.9256567666022377,0.044879426348727325
S43A13T05,filtered,74,2.466666666666667,False,False,0.2920092883310895,0.24613196562880268,0.11813094022133672,0.18669653200370784,-0.06856559178237112,-0.22397714252800563,0.6955538240435089,-0.9195309665715145,2.970185763730741,2.9271737846719468,0.04301197905879439
S43A13T05,filtered,75,2.5,False,False,0.2910171795039003,0.2468573680487145,0.11828220010682657,0.18612262566625054,-0.06784042555942398,-0.2229098169775392,0.6961684550611897,-0.9190782720387289,2.9698236491254923,2.9284881335460344,0.041335515579457915
S43A13T05,filtered,76,2.533333333333333,False,False,0.2898155297205259,0.2469830936027147,0.11849413782478707,0.18578825584757033,-0.06729411802278326,-0.22204684134754946,0.6966353251526287,-0.9186821665001782,2.9694297089874815,2.929490871935661,0.03993883705182055
S43A13T05,filtered,77,2.566666666666667,False,False,0.2885155726756989,0.24652893840023118,0.11877194497035982,0.1856880998496201,-0.06691615487926027,-0.2214251220499666,0.6968956591708437,-0.9183207812208103,2.968987953374067,2.930104759909053,0.03888319346501401
S43A13T05,filtered,78,2.6,False,False,0.2872124875639872,0.24554192320583174,0.11911951048922044,0.18580675192542281,-0.06668724143620237,-0.22106446663980672,0.6969124914406417,-0.9179769580804484,2.9684883819875516,2.9302914232059796,0.03819695878157203
S43A13T05,filtered,79,2.6333333333333333,False,False,0.28598307636659454,0.244093776494901,0.11953847061744777,0.1861199032816451,-0.06658143266419733,-0.2209663728908056,0.6966733188438541,-0.9176396917346596,2.967928227630706,2.9300546551613245,0.0378735724693815
S43A13T05,filtered,80,2.6666666666666665,False,False,0.28488274036524946,0.24227684350522155,0.12002756739071734,0.18659602142789958,-0.06656845403718224,-0.22111426712572482,0.6961905325961226,-0.9173047997218474,2.9673124687632217,2.9294394514427404,0.03787301732048132
S43A13T05,filtered,81,2.7,False,False,0.28394189060899383,0.24019864180353542,0.12058239001553889,0.18719845426855874,-0.06661606425301986,-0.2214751899502557,0.6954995736208366,-0.9169747635710923,2.9666535512296544,2.9285268310855974,0.038126720144056936
S43A13T05,filtered,82,2.7333333333333334,False,False,0.28316323564908763,0.23797539081538735,0.12119552138622677,0.18788784764994348,-0.06669232626371671,-0.22200279557007868,0.6946549785992193,-0.9166577741692981,2.9659703424335904,2.9274249579948646,0.038545384438725794
S43A13T05,filtered,83,2.7666666666666666,False,False,0.2825220494083048,0.23572493304705877,0.12185705945069018,0.18862472825391974,-0.06676766880322955,-0.2226414073538272,0.6937246950361584,-0.9163661023899856,2.965286423021095,2.92625748932285,0.039028933698245005
S43A13T05,filtered,84,2.8,False,False,0.28197111175201267,0.23355952841996375,0.12255543706712728,0.18937207389905936,-0.06681663683193208,-0.22333077081794306,0.6927832204659563,-0.9161139912838994,2.964627891797118,2.925150392323948,0.03947749947317014
S43A13T05,filtered,85,2.8333333333333335,False,False,0.2814506262263129,0.23157903119976653,0.12327843017611526,0.19009767762549512,-0.06681924744937986,-0.22401107747995955,0.691904242462152,-0.9159153199421115,2.9640209107984856,2.9242186484965167,0.03980226230196893
S43A13T05,filtered,86,2.8666666666666667,False,False,0.2809016313578541,0.22986494519789014,0.12401422614048234,0.19077611571082403,-0.0667618895703417,-0.22462780729439552,0.6911535074137185,-0.915781314708114,2.9634892434497773,2.9235542763743663,0.039934967075411
S43A13T05,filtered,87,2.9,False,False,0.2802800036615452,0.22847579568166693,0.12475242313619117,0.19139015501226256,-0.06663773187607139,-0.2251359571778021,0.6905826202435785,-0.9157185774213806,2.963052037117365,2.923216946342917,0.03983509077444802
S43A13T05,filtered,88,2.933333333333333,False,False,0.2795676832489333,0.22744415983667593,0.12548484633449422,0.19193147991199774,-0.06644663357750352,-0.2255032866667144,0.6902243769103134,-0.9157276635770277,2.962722073171427,2.9232281511160885,0.039493922055338526
S43A13T05,filtered,89,2.966666666666667,False,False,0.27877839128557136,0.2267755708630147,0.1262060942238175,0.1924006784833251,-0.06619458425950758,-0.22571231210838977,0.6900900682581598,-0.9158023803665496,2.962504656870541,2.9235694760932,0.03893518077734104
S43A13T05,filtered,90,3.0,False,False,0.2779565844881037,0.22644936609177752,0.1269137644191118,0.19280649418623028,-0.06589272976711846,-0.22576090681070884,0.6901689864319219,-0.9159298932426307,2.96239725215325,2.9241850427355236,0.038212209417726406
S43A13T05,filtered,91,3.033333333333333,False,False,0.277170185932818,0.226421399609899,0.12760834772276675,0.19316441602022524,-0.0655560682974585,-0.22566150242596378,0.6904301369541823,-0.9160916393801461,2.9623898901012122,2.9249877381486877,0.0374021519525245
S43A13T05,filtered,92,3.066666666666667,False,False,0.2764991757343567,0.22662839621832415,0.12829281710001542,0.19349474002752112,-0.0652019229275057,-0.2254390217644211,0.6908259353091816,-0.9162649570736027,2.962466302111801,2.9258684515836197,0.03659785052818121
S43A13T05,filtered,93,3.1,False,False,0.2760229634135882,0.22699359592563478,0.12897197029543336,0.19382028298703755,-0.06484831269160418,-0.22512779130502567,0.6912974697005052,-0.9164252610055309,2.9626056570534995,2.9267072554455367,0.03589840160796287
S43A13T05,filtered,94,3.1333333333333333,False,False,0.2758093689804114,0.22743323550664152,0.1296516077981966,0.19416396074237313,-0.06451235294417654,-0.22476777122932529,0.6917807611485742,-0.9165485323778995,2.9627847224533097,2.9273853183286,0.035399404124709655
S43A13T05,filtered,95,3.1666666666666665,False,False,0.27590709352437687,0.22786334466209424,0.13033763989099997,0.194546455389145,-0.06420881549814503,-0.22440049351175387,0.6922133626284359,-0.9166138561401898,2.962980228487748,2.9277963261248128,0.035183902362935005
S43A13T05,filtered,96,3.2,False,False,0.27634215329775863,0.22820630723357704,0.1310352172425008,0.19498418517622207,-0.06394896793372126,-0.22406511011980917,0.6925406185007259,-0.9166057286205351,2.9631711940991794,2.92785630411358,0.03531488998559951
S43A13T05,filtered,97,3.2333333333333334,False,False,0.27711745414888184,0.22839665889313146,0.13174797004691743,0.1954877580811028,-0.06373978803418537,-0.2237949236715822,0.6927209550662143,-0.9165158787377965,2.9633409789616736,2.927510955463451,0.03583002349822273
S43A13T05,filtered,98,3.2666666666666666,False,False,0.27821400390668155,0.22838566351781345,0.13247742337184995,0.1960610371146344,-0.06358361374278446,-0.22361470615265502,0.692729686710259,-0.916344392862914,2.9634788531679717,2.9267399286292415,0.03673892453873018
S43A13T05,filtered,99,3.3,False,False,0.27959240866660046,0.22814432662743073,0.13322263411668445,0.19670087829116958,-0.06347824417448514,-0.22353901554221775,0.6925609874333034,-0.9161000029755212,2.9635809260189507,2.9255577621159397,0.03802316390301108
S43A13T05,filtered,100,3.3333333333333335,False,False,0.28119409424990294,0.22766465457586096,0.13398007089303013,0.19739752941298844,-0.06341745851995831,-0.22357160661898,0.6922278769052865,-0.9157994835242665,2.963650341544671,2.924011593862928,0.03963874768174325
S43A13T05,filtered,101,3.3666666666666667,False,False,0.2829426723030571,0.22695913574717502,0.13474373493587785,0.19813560920546255,-0.0633918742695847,-0.22370591404995627,0.6917602820944899,-0.9154661961444461,2.9636967247592376,2.922176030809953,0.04152069394928448
S43A13T05,filtered,102,3.4,False,False,0.2847465233482734,0.2260585848544654,0.135505499881141,0.1988955311112403,-0.06339003123009931,-0.2239264768703309,0.6912014368799783,-0.9151279137503092,2.9637349410725586,2.920145824266901,0.04358911680565747
S43A13T05,filtered,103,3.433333333333333,False,False,0.2865036836361934,0.2250086339768319,0.13625563214154782,0.19965520099057393,-0.06339956884902612,-0.22421108602916923,0.690603050629347,-0.9148141366585163,2.9637833030499303,2.918027167958119,0.04575613509181142
S43A13T05,filtered,104,3.466666666666667,False,False,0.2881095042305291,0.22386525844061173,0.13698344219456146,0.20039180625747713,-0.06340836406291567,-0.22453337991545658,0.690019794002148,-0.9145531739176045,2.96386141562666,2.9159285157533352,0.04793289987332461
S43A13T05,filtered,105,3.5,False,False,0.28946658427200067,0.2226897828503948,0.13767801038844862,0.2010835247844506,-0.06340551439600198,-0.22486559113747723,0.6895037039900802,-0.9143692951275575,2.9639878864716365,2.9139518018928103,0.050036084578826134
S43A13T05,filtered,106,3.533333333333333,False,False,0.2904955694441163,0.22154382113290547,0.13832892866859958,0.2017110108020888,-0.06338208213348923,-0.22518116066088625,0.6890990961181205,-0.9142802567790067,2.964178138687086,2.9121848443583005,0.0519932943287853
S43A13T05,filtered,107,3.566666666666667,False,False,0.2911448874460014,0.2204845701975805,0.138927001631868,0.20225855513221863,-0.06333155350035063,-0.22545697761982983,0.6888384937908967,-0.9142954714107265,2.9644425478683822,2.910695537832775,0.053747010035607445
S43A13T05,filtered,108,3.6,False,False,0.29139751574697803,0.21956081021747714,0.13946485614348872,0.2027148609047352,-0.06325000476124648,-0.2256750665570225,0.6887399543350115,-0.914415020892034,2.964785087244244,2.909528220233715,0.055256867010528676
S43A13T05,filtered,109,3.6333333333333333,False,False,0.2912733964563619,0.21880987710397,0.1399374178318768,0.203073417183034,-0.06313599935115721,-0.2258236190043244,0.68880600516556,-0.9146296241698844,2.965202608171521,2.9087023543528487,0.056500253818672075
S43A13T05,filtered,110,3.6666666666666665,False,False,0.29082694915376045,0.21825577391276393,0.14034222432021345,0.20333248801826814,-0.06299026369805469,-0.22589734377503834,0.6890242214668761,-0.9149215652419145,2.9656848153033564,2.9082134317237545,0.05747138357960191
S43A13T05,filtered,111,3.7,False,False,0.29014005729246434,0.2179084839071554,0.14067955808932403,0.20349476242618944,-0.06281520433686541,-0.22589718182562846,0.689369299096078,-0.9152664809217065,2.9662149236827573,2.9080358029554683,0.058179120727289035
S43A13T05,filtered,112,3.7333333333333334,False,False,0.289311705952745,0.21776444320567032,0.14095239534648726,0.20356673232403477,-0.06261433697754751,-0.22582949044388556,0.6898063218569617,-0.9156358123008472,2.9667709162551787,2.908126983947387,0.05864393230779186
S43A13T05,filtered,113,3.7666666666666666,False,False,0.2884459687868669,0.21780803060484483,0.14116618018825883,0.20355788135507805,-0.06239170116681922,-0.22570484308848549,0.6902948066457681,-0.9159996497342536,2.9673272617281268,2.908432890156297,0.05889437157182975
S43A13T05,filtered,114,3.8,False,False,0.2876401917330715,0.21801384440733246,0.14132844481749146,0.2034797775305092,-0.06215133271301773,-0.22553661269901762,0.6907930448719529,-0.9163296575709705,2.9678569102322334,2.9088934152112937,0.05896349502093967
S43A13T05,filtered,115,3.8333333333333335,False,False,0.28697499800462967,0.2183494715794747,0.1414483059461974,0.20334516542707642,-0.06189685948087903,-0.2253395071682486,0.6912622502784582,-0.9166017574467068,2.9683333622751933,2.9094477948386936,0.05888556743649964
S43A13T05,filtered,116,3.8666666666666667,False,False,0.28650723129171995,0.21877842389130375,0.14153587438185805,0.2031671477577534,-0.06163127337589536,-0.2251282077190707,0.6916700716628463,-0.916798279381917,2.9687326073783527,2.9100392769496572,0.0586933304286954
S43A13T05,filtered,117,3.9,False,False,0.28626632110569755,0.21926292568858063,0.14160161898972629,0.20295853078859916,-0.06135691179887287,-0.22491622816624116,0.691993126984072,-0.9169093551503131,2.9690347523009386,2.910618743579939,0.058416008720999724
S43A13T05,filtered,118,3.933333333333333,False,False,0.28625397327213026,0.2197662888346586,0.14165572776066312,0.20273138412319777,-0.06107565636253465,-0.22471507109938527,0.6922183496324004,-0.9169334207317856,2.969225201824545,2.911147084809648,0.05807811701489696
S43A13T05,filtered,119,3.966666666666667,False,False,0.28644668867857226,0.2202546948026848,0.14170750770762955,0.2024968351640547,-0.06078932745642515,-0.2245337122080813,0.692343090444857,-0.9168768026529382,2.969295312043203,2.9115962893825738,0.05769902266062932
S43A13T05,filtered,120,4.0,False,False,0.2868004293011613,0.22069830811512225,0.14176486192029802,0.2022650855446489,-0.06050022362435087,-0.2243784022440701,0.692374070546969,-0.9167524727910391,2.9692424994566213,2.9119493700630015,0.05729312939361986
S43A13T05,filtered,121,4.033333333333333,False,True,0.28725672711703126,0.22107175180004263,0.14183387650306284,0.2020456050450586,-0.060211728541995774,-0.2242527422617963,0.6923254111793116,-0.9165781534411079,2.969069850555498,2.9121993634256738,0.056870487129824454
S43A13T05,filtered,122,4.066666666666666,False,False,0.28774957367451526,0.22135406658633752,0.14191854252285135,0.201847432137982,-0.059928889615130654,-0.22415796489409595,0.6922160615195034,-0.9163740264135993,2.9687853281062937,2.912347717937945,0.056437610168348584
S43A13T05,filtered,123,4.1,False,False,0.2882124625002773,0.2215283369662378,0.14202062879928276,0.20167949326138632,-0.059658864462103556,-0.22409334374440376,0.6920669938008228,-0.9161603375452265,2.9684007057130537,2.91240240291343,0.05599830279962381
S43A13T05,filtered,124,4.133333333333334,False,False,0.2885849668238756,0.22158119094269188,0.14213971081944554,0.20155084825087793,-0.05941113743143239,-0.22405665399259236,0.6918985332134373,-0.9159551872060296,2.9679303777572925,2.9123760361167257,0.05555434164056683
S43A13T05,filtered,125,4.166666666666667,False,False,0.2888182554421057,0.2215023654379792,0.142273349875158,0.20147077866878832,-0.059197428793630325,-0.2240446180519413,0.6917281415579306,-0.9157727596098719,2.967390186848607,2.9122842508220144,0.05510593602659242
S43A13T05,filtered,126,4.2,False,False,0.2888790294260062,0.221284481827268,0.14241740551071766,0.20144865857590355,-0.05903125306518589,-0.22405328761704651,0.6915688877707779,-0.9156221753878244,2.96679638779367,2.9121444218585895,0.05465196593508059
S43A13T05,filtered,127,4.233333333333333,False,False,0.2887515294128078,0.22092310667710952,0.14256645445914198,0.20149358092265227,-0.05892712646351028,-0.22407833427475615,0.6914287288745817,-0.9155070631493378,2.9661648305672816,2.911974765070485,0.05419006549679661
S43A13T05,filtered,128,4.266666666666667,False,False,0.2884375045969049,0.22041709506444407,0.142714281341201,0.20161375257761527,-0.05889947123641426,-0.22411524163298363,0.6913106075184464,-0.91542584915143,2.9655104011580136,2.9117937351287533,0.053716666029260285
S43A13T05,filtered,129,4.3,False,False,0.2879543025301913,0.21976914186594157,0.1428544012447918,0.20181571121118175,-0.05896130996638996,-0.224159409765471,0.691213263216662,-0.915372672982133,2.964846715328195,2.9116195884369063,0.05322712689128872
S43A13T05,filtered,130,4.333333333333333,False,False,0.28733147288872024,0.21898641247092498,0.14298057237065406,0.20210345163586696,-0.059122879265212896,-0.2242061955684226,0.691132567997778,-0.9153387635662006,2.964186022691784,2.9114699604508165,0.0527160622409677
S43A13T05,filtered,131,4.366666666666666,False,False,0.28660643015677356,0.21808109714785917,0.14308725841108688,0.2024775722320774,-0.059390313820990526,-0.22425091920288323,0.6910631439485782,-0.9153140631514614,2.963539252151849,2.9113613313421682,0.05217792080968087
S43A13T05,filtered,132,4.4,False,False,0.2858197701616023,0.21707073639996333,0.1431700051258758,0.202934559722034,-0.059764554596158204,-0.22428886696194003,0.6910000051926606,-0.9152888721546006,2.96291611771608,2.9113083127587784,0.05160780495730144
S43A13T05,filtered,133,4.433333333333334,False,False,0.2850107948018832,0.21597819615105024,0.14322570332855897,0.20346632097680814,-0.06024061764824917,-0.2243153154499007,0.6909399891796413,-0.915255304629542,2.962325206723531,2.9113227659895733,0.051002440733957766
S43A13T05,filtered,134,4.466666666666667,False,True,0.284213699385647,0.21483122451993653,0.14325272057476257,0.20406004466955274,-0.06080732409479017,-0.22432559261591567,0.6908827950117522,-0.9152083876276679,2.961773988923558,2.911412838551525,0.05036115037203315
S43A13T05,filtered,135,4.5,False,False,0.28345475232885403,0.21366158557586035,0.14325089541352198,0.20469843725919273,-0.06144754184567075,-0.22431518036891177,0.690831518768938,-0.9151466991378497,2.961268711031021,2.911582063142659,0.04968664788836197
S43A13T05,filtered,136,4.533333333333333,False,False,0.2827506716178548,0.2125038274392489,0.14322140014146834,0.20536033336282333,-0.062138933221355,-0.2242798538429093,0.6907926541512225,-0.9150725079941318,2.960814172407732,2.9118286862257374,0.04898548618199472
S43A13T05,filtered,137,4.566666666666666,False,False,0.2821082845745637,0.21139379079040976,0.14316648956154768,0.20602163776642168,-0.062855148204874,-0.2242158460226046,0.6907755985223796,-0.9149914445449842,2.960413407992376,2.9121453776882498,0.048268030304126075
S43A13T05,filtered,138,4.6,False,False,0.2815254433212188,0.21036699092106081,0.14308916330547564,0.20665652239893334,-0.0635673590934577,-0.2241200243739293,0.6907917599376467,-0.914911784311576,2.960067329573067,2.9125194220487307,0.04754790752433635
S43A13T05,filtered,139,4.633333333333334,False,False,0.2809930516306532,0.20945700870389306,0.1429927769491949,0.20723878150802855,-0.06424600455883364,-0.2239900679102175,0.6908533949056347,-0.9148434628158522,2.9597743922620943,2.9129334178738233,0.04684097438827095
S43A13T05,filtered,140,4.666666666666667,False,False,0.28049793987608096,0.20869400577078195,0.14288064170940412,0.20774324349678505,-0.06486260178738093,-0.2238246371417369,0.6909723191337056,-0.9147969562754426,2.9595303576072554,2.9133664325428166,0.04616392506443878
S43A13T05,filtered,141,4.7,False,False,0.28002621484665174,0.20810344396941077,0.142755653458312,0.20814714637531742,-0.06539149291700541,-0.22362353349292402,0.6911586275423636,-0.9147821610352875,2.9593282179879936,2.913795491199716,0.04553272678827769
S43A13T05,filtered,142,4.733333333333333,False,False,0.2795666306663954,0.20770504851887253,0.14261998893087915,0.2084314010058339,-0.06581141207495475,-0.22338784715281368,0.6914195404606945,-0.9148073876135082,2.9591583302181745,2.9141972340789284,0.04496109613924615
S43A13T05,filtered,143,4.766666666666667,False,False,0.2791134988031631,0.20751201803272684,0.14247490046383898,0.2085816866771489,-0.06610678621330993,-0.22312009176032485,0.6917584656723825,-0.9148785574327074,2.9590087822437092,2.914549561088821,0.04445922115488843
S43A13T05,filtered,144,4.8,False,False,0.27866869616025985,0.20753046068607378,0.1423206308781102,0.20858934177560232,-0.06626871089749212,-0.22282432044608697,0.6921743361592628,-0.9149986566053498,2.9588659889013798,2.914833095970861,0.04403289293051893
S43A13T05,filtered,145,4.833333333333333,False,False,0.27824244468166354,0.2077590289766157,0.14215645796925258,0.2084520245605308,-0.06629556659127822,-0.2225062110056257,0.6926612555968108,-0.9151674666024365,2.958715484648772,2.9150323394336404,0.043683145215131614
S43A13T05,filtered,146,4.866666666666666,False,False,0.277852711818301,0.20818873634266358,0.14198086450859182,0.20817412351778003,-0.06619325900918821,-0.22217309965167262,0.6932084612937499,-0.9153815609454226,2.958542856572521,2.915136433736421,0.04340642283609997
S43A13T05,filtered,147,4.9,False,False,0.27752329169097245,0.20880296353542382,0.14179181585472914,0.20776689403502524,-0.0659750781802961,-0.2218339349780548,0.6938005988631726,-0.9156345338412274,2.958334742738531,2.9151395212044617,0.043195221534069184
S43A13T05,filtered,148,4.933333333333334,False,False,0.27728083519807994,0.2095776934988393,0.14158711451953887,0.2072482910244615,-0.06566117650492262,-0.22149911908397069,0.6944182937328311,-0.9159174128168018,2.9580798108794664,2.9150407362486845,0.043039074630781826
S43A13T05,filtered,149,4.966666666666667,False,False,0.2771512649935842,0.21048204078152966,0.14136479066109764,0.2066424600704171,-0.06527766940931945,-0.2211802038002606,0.6950389989701633,-0.9162192027704239,2.957769631096909,2.914843914824917,0.04292571627199182
S43A13T05,filtered,150,5.0,False,False,0.27715610591917506,0.2114791553657872,0.1411234807802354,0.20597884791676718,-0.06485536713653178,-0.22088941835407644,0.6956380932108075,-0.9165275115648839,2.9573993631729203,2.914557128694403,0.042842234478517316
S43A13T05,filtered,151,5.033333333333333,False,False,0.2773092646234932,0.21252757355499238,0.14086274499838006,0.20529090156600505,-0.06442815656762499,-0.22063902094899498,0.6961901935383004,-0.9168292144872954,2.956968192987143,2.914192149847855,0.04277604313928807
S43A13T05,filtered,152,5.066666666666666,False,False,0.27761470398535926,0.2135830562472136,0.1405832769905082,0.20461434755851188,-0.06403107056800367,-0.2204404894111115,0.6966706343160776,-0.9171111237271891,2.9564794718380423,2.9137639240669477,0.04271554777109454
S43A13T05,filtered,153,5.1,False,False,0.27806529847767913,0.21460089815209343,0.1402869702479662,0.20398508050091488,-0.06369811025294869,-0.22030359268274946,0.697057044700125,-0.9173606373828744,2.9559405355532316,2.9132900887951845,0.04265044675804708
S43A13T05,filtered,154,5.133333333333334,False,False,0.27864296108323805,0.21553861566732263,0.13997681950496788,0.20343674097429668,-0.0634599214693288,-0.22023541201079028,0.6973309373030824,-0.9175663493138726,2.9553622055971687,2.912790520639782,0.0425716849573865
S43A13T05,filtered,155,5.166666666666667,False,False,0.2793199424699174,0.21635883609171666,0.13965665574416414,0.20299812252751326,-0.06334146678334912,-0.22023940418982557,0.6974792018624146,-0.9177186060522402,2.9547580003983005,2.9122868546779586,0.04247114572034194
S43A13T05,filtered,156,5.2,False,False,0.28006105541856624,0.2170321302592297,0.13933073524658074,0.20269060723089605,-0.06335987198431531,-0.22031461521183088,0.6974953846545755,-0.9178099998664064,2.954143110158651,2.9118018922517837,0.04234121790686718
S43A13T05,filtered,157,5.233333333333333,False,False,0.28082649363548134,0.21753947061239184,0.13900322503535967,0.20252587849164083,-0.06352265345628116,-0.2204551576706592,0.6973806302199921,-0.9178357878906513,2.953533210664686,2.9113588130321837,0.04217439763250219
S43A13T05,filtered,158,5.266666666666667,False,False,0.2815748963455406,0.21787397335716902,0.13867764578857528,0.20250418697636616,-0.06382654118779088,-0.22065005680680203,0.6971441693013946,-0.9177942261081966,2.9529432092122274,2.9109801327170173,0.04196307649521014
S43A13T05,filtered,159,5.3,False,False,0.28226634352276725,0.2180416094064863,0.13835634595313212,0.20261344047643115,-0.06425709452329903,-0.22088354722093909,0.6968032571348415,-0.9176868043557805,2.9523860268691253,2.910686396612361,0.041699630256764486
S43A13T05,filtered,160,5.333333333333333,False,False,0.2828650266085451,0.2180606497026547,0.13804008499990367,0.20282934523963214,-0.06478926023972847,-0.22113586602578147,0.6963824991700118,-0.9175183651957933,2.951871524254261,2.910494663769322,0.04137686048493894
S43A13T05,filtered,161,5.366666666666666,False,False,0.28334140145041736,0.21795974126986728,0.13772779803407326,0.20311674439951677,-0.06538894636544351,-0.22138454153920212,0.6959125449584034,-0.9172970864976056,2.9514056714071977,2.9104169050011834,0.04098876640601423
S43A13T05,filtered,162,5.4,False,False,0.2836736782164673,0.21777467538113743,0.13741659794952177,0.20343218498558854,-0.06601558703606678,-0.22160612417765635,0.6954281818492731,-0.9170343060269295,2.9509900452992266,2.910458497737711,0.04053154756151578
S43A13T05,filtered,163,5.433333333333334,False,False,0.28384853559624673,0.21754408502664668,0.13710204584060212,0.2037276107296696,-0.06662556488906748,-0.22177825351258917,0.6949659139780957,-0.9167441674906849,2.9506217112250552,2.9106170382746024,0.040004672950452846
S43A13T05,filtered,164,5.466666666666667,False,False,0.28386097594411874,0.21730446901333,0.1367786875001836,0.20395493937858428,-0.06717625187840068,-0.22188190805639016,0.6945611645226822,-0.9164430725790724,2.95029350829936,2.9108816973142,0.03941181098516022
S43A13T05,filtered,165,5.5,False,False,0.28371328418324127,0.21708506057524102,0.13644081666299032,0.20407115745217436,-0.06763034078918403,-0.2219036471165397,0.6942452865778891,-0.9161489336944288,2.9499947178178836,2.9112333127220165,0.03876140509586712
S43A13T05,filtered,166,5.533333333333333,False,False,0.2834131341596787,0.2169031221041391,0.13608338819616383,0.20404346792423717,-0.06796007972807333,-0.22183763081328498,0.6940426070932038,-0.9158802379064888,2.949712051004517,2.9116453457651286,0.038066705239388376
S43A13T05,filtered,167,5.566666666666666,False,False,0.2829710073335814,0.21676024601367633,0.13570297122839153,0.20385396958640536,-0.06815099835801383,-0.22168719786050972,0.6939677561134987,-0.9156549539740084,2.9494308549990125,2.912085731848858,0.03734512315015426
S43A13T05,filtered,168,5.6,False,False,0.28239723687646334,0.21664017479290126,0.13529860782460018,0.2035033393022971,-0.06820473147769693,-0.22146579285607706,0.694023546544046,-0.915489339400123,2.9491364078037177,2.91251954655942,0.03661686124429764
S43A13T05,filtered,169,5.633333333333334,False,False,0.2816991325217396,0.21650852771010237,0.13487243129621987,0.20301303409386692,-0.06814060279764705,-0.22119706671286724,0.6941996634734924,-0.9153967301863596,2.9488151579134607,2.9129122970050165,0.03590286090844419
S43A13T05,filtered,170,5.666666666666667,False,False,0.2808787322582822,0.2163146488974656,0.13442990253857803,0.20242562870735128,-0.06799572616877325,-0.22091402552790462,0.6944723920479867,-0.9153864175758913,2.9484557642473574,2.913233550600716,0.035222213646641354
S43A13T05,filtered,171,5.7,False,False,0.2799317214600928,0.2159955865537748,0.13397954437415735,0.2018030509943362,-0.06782350662017886,-0.22065717311186703,0.6948055553935436,-0.9154627285054107,2.9480498066952503,2.913460539901587,0.03458926679366314
S43A13T05,filtered,172,5.733333333333333,False,False,0.27884793172052896,0.2154819932622547,0.13353209253670578,0.2012226622290753,-0.06769056969236953,-0.22047167702323447,0.6951527484157545,-0.9156244254389889,2.9475920655491272,2.913581341530154,0.03401072401897309
S43A13T05,filtered,173,5.766666666666667,False,False,0.27761358639434786,0.2147055225096604,0.1330990356983178,0.20077133769090158,-0.06767230199258378,-0.22040368154777976,0.6954608429601155,-0.9158645245078952,2.9470803068027323,2.9135972257884912,0.03348308101424102
S43A13T05,filtered,174,5.8,False,False,0.2762151404189078,0.2136071069586096,0.1326905821326827,0.20053791579925906,-0.06784733366657636,-0.22049598612269428,0.695674612657007,-0.9161705987797013,2.9465145566445945,2.9135238148137783,0.032990741830816184
S43A13T05,filtered,175,5.833333333333333,False,False,0.27464423860314585,0.21214535952959895,0.1323131618913381,0.20060458080924023,-0.06829141891790214,-0.22078339568633315,0.6957421930086363,-0.9165255886949695,2.9458958989010253,2.913390771925272,0.03250512697575347
S43A13T05,filtered,176,5.866666666666666,False,False,0.27290306600410646,0.2103042553738828,0.13196664401249716,0.20103790366627697,-0.0690712596537798,-0.22128812165176381,0.695620966879763,-0.9169090885315269,2.945224879863768,2.9132398704200764,0.03198500944369176
S43A13T05,filtered,177,5.9,False,False,0.27100924541665816,0.20809924263530702,0.13164151063946977,0.20188036990295521,-0.07023885926348544,-0.22201566054151303,0.6952833609536262,-0.9172990214951392,2.944499651809382,2.91312144958592,0.031378202223462104
S43A13T05,filtered,178,5.933333333333334,False,False,0.26899947419717024,0.20558099740758268,0.1313162761749513,0.20314325907243372,-0.0718269828974824,-0.2229515947161255,0.6947219679639616,-0.917673562680087,2.9437140254384637,2.9130894475211537,0.030624577917309992
S43A13T05,filtered,179,5.966666666666667,False,False,0.26693126875922374,0.2028361819110422,0.13095546259186677,0.20480169966581954,-0.07384623707395277,-0.2240597403874336,0.6939533846476718,-0.9180131250351053,2.942855628390029,2.913195388229409,0.029660240160620077
S43A13T05,filtered,180,6.0,False,False,0.26488244971811903,0.19998477726906003,0.13050843611640386,0.2067926052143304,-0.07628416909792654,-0.2252820082573463,0.6930201864207071,-0.9183021946780534,2.9419043782933763,2.913481873988819,0.028422504304557172
S43A13T05,filtered,181,6.033333333333333,False,False,0.26294828549211086,0.19717383116681575,0.12990937223875854,0.20901600531863973,-0.0791066330798812,-0.22654023990495636,0.6919905534143047,-0.918530793319261,2.9408314717208888,2.913976269779753,0.026855201941135665
S43A13T05,filtered,182,6.066666666666666,False,False,0.26123645039896676,0.19456776979078433,0.1290785446294299,0.21134002893707984,-0.08226148430764996,-0.2277401395934622,0.6909552204676959,-0.918695360061158,2.939599063419179,2.914685340270846,0.024913723148332956
S43A13T05,filtered,183,6.1,False,False,0.25986009975690466,0.1923357524464886,0.12792503131091804,0.21360949110819327,-0.08568445979727524,-0.22877724138020147,0.6900216414834752,-0.9187988828636767,2.938160763549782,2.9155915897468367,0.022569173802945208
S43A13T05,filtered,184,6.133333333333334,False,False,0.2589294135348263,0.19063687171712349,0.1263508038620344,0.21565769883431113,-0.08930689497227673,-0.22954464486623083,0.6893055245729396,-0.9188501694391704,2.9364630165517913,2.9166519470350583,0.01981106951673306
S43A13T05,filtered,185,6.166666666666667,False,False,0.2585419557563551,0.18960429383160893,0.12425602132311381,0.2173207530861695,-0.09306473176305569,-0.22994203448919567,0.6889201894636157,-0.9188622239528114,2.9344473478415702,2.9177992290936947,0.01664811874787553
S43A13T05,filtered,186,6.2,False,False,0.2587722262152796,0.189329662703702,0.12154520173511028,0.21845331202485924,-0.09690811028974895,-0.22988528691263238,0.6889644964962267,-0.9188497834088591,2.932053379909384,2.91894652276185,0.013106857147534345
S43A13T05,filtered,187,6.233333333333333,False,False,0.2596609410142786,0.18984922703127532,0.1181338052663032,0.21894452762344377,-0.10081072235714057,-0.2293157924983353,0.689510365663559,-0.9188261581618944,2.929222434877242,2.9199942753071486,0.009228159570093375
S43A13T05,filtered,188,6.266666666666667,False,False,0.2612049175969794,0.1911331671932663,0.11395464938248472,0.21873270456518346,-0.10477805518269874,-0.22820849504589605,0.6905911105244525,-0.9187996055703486,2.925901464382088,2.9208395258504494,0.00506193853163861
S43A13T05,filtered,189,6.3,False,False,0.263348899756805,0.1930794797815077,0.10896350402045689,0.21781718243223322,-0.10885367841177633,-0.22657761210180835,0.6921919226460453,-0.9187695347478537,2.922046987725577,2.9213863946292755,0.0006605930963012874
S43A13T05,filtered,190,6.333333333333333,False,False,0.26598105713463827,0.19551351621526922,0.1031431967816227,0.21626602765614555,-0.11312283087452285,-0.22447905434640894,0.6942438299026003,-0.9187228842490092,2.9176286825119013,2.9215567284369515,-0.003928045925050139
S43A13T05,filtered,191,6.366666666666666,False,False,0.26893398871727175,0.1981938753139099,0.09650560462070581,0.214218347904509,-0.11771274328380318,-0.2220087272681061,0.6966222980576999,-0.9186310253258061,2.912632263631644,2.9212997213840746,-0.008667457752430607
S43A13T05,filtered,192,6.4,False,False,0.27199266723704274,0.20082483928760386,0.08909102402688564,0.21188040373068423,-0.12278937970379859,-0.21929617207545776,0.6991513436554404,-0.9184475157308982,2.9070613094347078,2.9205994124953154,-0.013538103060607654
S43A13T05,filtered,193,6.433333333333334,False,False,0.27490986556949465,0.2030749528845574,0.08096459465941537,0.2095151723299343,-0.12855057767051892,-0.2164933749586062,0.7016135863577366,-0.9181069613163428,2.9009377490218244,2.91947919842221,-0.018541449400385712
S43A13T05,filtered,194,6.466666666666667,False,False,0.2774283764561745,0.2046007226756174,0.0722096932246872,0.20742558441980322,-0.135215891195116,-0.21375902223640522,0.7037661156361983,-0.9175251378726035,2.894300810348877,2.9180028524123625,-0.02370204206348525
S43A13T05,filtered,195,6.5,False,False,0.2793080398386289,0.20507381382520293,0.06291849930207817,0.2059322630020174,-0.14301376369993923,-0.21123897065585778,0.7053614211089594,-0.9166003917648171,2.887204341695099,2.9162719478396255,-0.029067606144526525
S43A13T05,filtered,196,6.533333333333333,False,False,0.28035446732471564,0.20420960822561152,0.05318024028802239,0.20534718697275367,-0.1521669466847313,-0.20904419536474023,0.7061719923569607,-0.9152161877217009,2.8797125531334973,2.914419976409907,-0.03470742327640952
S43A13T05,filtered,197,6.566666666666666,False,False,0.2804455375283291,0.20179462499559062,0.04306792058007141,0.20594522215082517,-0.16287730157075375,-0.2072279254246195,0.7060165966525072,-0.9132445220771267,2.871894371681654,2.912603767580253,-0.0407093958985989
S43A13T05,filtered,198,6.6,False,False,0.27955127554473463,0.19771014968901568,0.0326245994010928,0.20793584670332377,-0.17531124730223097,-0.20576402911136074,0.7047857588859977,-0.9105497879973584,2.863816753121471,2.9109930192245406,-0.047176266103069686
S43A13T05,filtered,199,6.633333333333334,False,False,0.2777426637391621,0.1919495135711067,0.02185047132274206,0.2114375945042415,-0.18958712318149942,-0.20452892232891845,0.7024636606981347,-0.9069925830270531,2.8555374322984886,2.909758830068817,-0.054221397770328306
S43A13T05,filtered,200,6.666666666666667,False,False,0.2751854015779811,0.18462682643071632,0.010692096589955326,0.2164577109493959,-0.20576561435944057,-0.20328930385565114,0.6991435988954748,-0.902432902751126,2.847097707942922,2.9090620967176504,-0.06196438877472854
S43A13T05,filtered,201,6.7,False,False,0.2721159636622912,0.1759755848532467,-0.0009648948980475987,0.22287924389696423,-0.22384413879501183,-0.2016978423190266,0.6950343347004737,-0.8967321770195003,2.838515933415886,2.9090425340560033,-0.07052660064011729
S43A13T05,filtered,202,6.733333333333333,False,False,0.26879994935200546,0.166336413699716,-0.0132984515975189,0.2304572842341412,-0.2437557358316601,-0.19929853762715138,0.690455144048387,-0.8897536816755385,2.8297824083417176,2.909808935934448,-0.08002652759273055
S43A13T05,filtered,203,6.766666666666667,False,False,0.2654769227328466,0.1561341876985896,-0.026547200852572124,0.23882535740114627,-0.2653725582537184,-0.19554285749889078,0.6858181417527306,-0.8813609992516214,2.8208563279407457,2.911431148128524,-0.0905748201877783
S43A13T05,filtered,204,6.8,False,False,0.26230111825404767,0.14584583858358938,-0.041001490907182275,0.24751210368361792,-0.28851359459080017,-0.18981693124675822,0.6815974714347744,-0.8714144026815327,2.811665341762036,2.9139341005675488,-0.10226875880551267
S43A13T05,filtered,205,6.833333333333333,False,False,0.2592915876604073,0.13596118342247634,-0.05698834291619671,0.25596744537945504,-0.31295578829565174,-0.18147911329736183,0.6782861749517972,-0.8597652882491591,2.8021081021019745,2.917294147383818,-0.11518604528184362
S43A13T05,filtered,206,6.866666666666666,False,False,0.2563057866746992,0.1269400077539377,-0.07485081980992273,0.2635965107616395,-0.3384473305715622,-0.16990617526035307,0.6763428984217023,-0.8462490736820554,2.792059952147214,2.9214378818190654,-0.12937792967185135
S43A13T05,filtered,207,6.9,False,False,0.2530455606824861,0.11916930173626636,-0.09492287454670686,0.26979876154031274,-0.3647216360870196,-0.15454533518487915,0.676131948568086,-0.8306772837529651,2.781381629428362,2.926243507646438,-0.14486187821807617
S43A13T05,filtered,208,6.933333333333334,False,False,0.24909546776343006,0.11292489052058444,-0.11750126452235293,0.2740091423725484,-0.39151040689490135,-0.1349683896260246,0.6778614516075396,-0.8128298412335642,2.7699305630813846,2.931544736905889,-0.16161417382450427
S43A13T05,filtered,209,6.966666666666667,False,False,0.24398465844126224,0.10834165588976016,-0.14281655863991027,0.27573771511210604,-0.4185542737520163,-0.1109234907211474,0.6815253409952247,-0.792448831716372,2.757574051129462,2.9371370320398085,-0.1795629809103465
S43A13T05,filtered,210,7.0,False,False,0.23725911512091605,0.10539607868514544,-0.17100556622046725,0.2746042126048895,-0.44560977882535674,-0.08237971709004385,0.6868554615948333,-0.7692351786848772,2.744203347599347,2.9427858235045967,-0.1985824759052499
S43A13T05,filtered,211,7.033333333333333,False,False,0.22855184946515433,0.1039039370508594,-0.20208763657720558,0.27036427428019255,-0.4724519108573981,-0.049559618770863595,0.6932900922171359,-0.7428497109879995,2.72974750000274,2.9482361363656944,-0.21848863636295457
S43A13T05,filtered,212,7.066666666666666,True,False,0.21764260525598464,0.1035347044413332,-0.2359471817664281,0.2629248030047591,-0.4988719847711872,-0.012955436387789308,0.699964555854345,-0.7129199922421343,2.714185682694918,2.953222890458779,-0.23903720776386095
S43A13T05,filtered,213,7.1,False,False,0.20450290557655101,0.10384257242452,-0.2723244486317393,0.252346867825572,-0.5246713164573114,0.026674278523203365,0.7057282620951009,-0.6790539835718975,2.697556790000585,2.95748104052025,-0.25992425051966483
S43A13T05,filtered,214,7.133333333333334,True,False,0.18932510259687962,0.10431219352142235,-0.31081601835476136,0.23883578993599494,-0.5496518082907563,0.0683294207054515,0.7091905385585721,-0.6408611178531205,2.6799651931733273,2.9607547279703637,-0.2807895347970364
S43A13T05,filtered,215,7.166666666666667,False,False,0.1725347907964983,0.10441537430867698,-0.35088577519436775,0.22271937174045625,-0.573605146934824,0.11081438467467984,0.7087950756172743,-0.5979806909425944,2.661581823706199,2.962804739751955,-0.30122291604575624
S43A13T05,filtered,216,7.2,False,False,0.1547842357952568,0.10367328256268635,-0.39188621702541576,0.2044165151717655,-0.5963027321971812,0.1528032710404869,0.7029199396364233,-0.5501166685959364,2.642640106740843,2.963413805682615,-0.320773698941772
S43A13T05,filtered,217,7.233333333333333,False,False,0.13691955858408772,0.1017175332349978,-0.4330890542338596,0.18439956947583253,-0.6174886237096922,0.19292004999852816,0.6899971897430935,-0.49707713974456535,2.623426705523373,2.962389586756922,-0.33896288123354923
S43A13T05,filtered,218,7.266666666666667,False,False,0.1199052433624029,0.09834304297188688,-0.47372314937990917,0.16315450891677924,-0.6368776582966884,0.22982768468815423,0.668643494140623,-0.43881580945246873,2.604267514207642,2.95956556612782,-0.35529805192017827
S43A13T05,filtered,219,7.3,False,False,0.10467919966235095,0.0935459737695284,-0.5130170820405012,0.14114336154532636,-0.6541604435858276,0.2623189048603373,0.637791121954051,-0.37547221709371364,2.585509807142525,2.9548003923479946,-0.36929058520546976
S43A13T05,filtered,220,7.333333333333333,True,False,0.091921087561948,0.08754147260896082,-0.5502430716537846,0.11877313299271416,-0.6690162046464988,0.2894007009888687,0.5968075820477975,-0.30740688105892877,2.5675018687384052,2.9479764782680595,-0.3804746095296543
S43A13T05,filtered,221,7.366666666666666,True,False,0.08179361586737328,0.0807581372132598,-0.5847587319949126,0.09637478442042946,-0.681133516415342,0.31036481213335854,0.5455922028290875,-0.23522739069572896,2.5505717391891856,2.938998774676341,-0.3884270354871555
S43A13T05,filtered,222,7.4,True,False,0.07386414805077877,0.07380891468618872,-0.6160432148165614,0.0741946679144669,-0.6902378827310284,0.324837540009328,0.48463918886239626,-0.15980164885306825,2.535006872667885,2.9277945790822413,-0.3927877064143561
S43A13T05,filtered,223,7.433333333333334,True,False,0.06745729743073448,0.06744106542563968,-0.64372474194549,0.05239928172137798,-0.696124023666868,0.33280405547673075,0.41505910213941066,-0.08225504666267991,2.5210364828843543,2.9143149965769206,-0.3932785136925663
S43A13T05,filtered,224,7.466666666666667,True,False,0.06247250689453822,0.062470454073808794,-0.667597295424368,0.031092426155790966,-0.698689721580159,0.3346047804670585,0.33855410324510005,-0.003949322778041553,2.5088181328954486,2.8985382647757736,-0.38972013188032495
S43A13T05,filtered,225,7.5,True,False,0.06038214256511819,0.059707368853140416,-0.6876252581660951,0.010342028270381,-0.6979672864364761,0.3309041502173418,0.25734632674455366,0.07355782347278816,2.49842972583732,2.8804746503770735,-0.3820449245397537
S43A13T05,filtered,226,7.533333333333333,True,False,0.06444346817442165,0.05988205473172763,-0.7039359561027435,-0.00978767516594689,-0.6941482809367966,0.3226347635064055,0.17406304251901328,0.14857172098739224,2.4898675147483664,2.8601721170270507,-0.3703046022786842
S43A13T05,filtered,227,7.566666666666666,False,False,0.07753157816722861,0.06357807280543673,-0.7168012040977394,-0.029203965430915732,-0.6875972386668237,0.310922291039765,0.09158632138396752,0.21933596965579746,2.4830501419627007,2.837721566615552,-0.3546714246528513
S43A13T05,filtered,228,7.6,True,False,0.09967087184461666,0.07118052473872073,-0.7266099560946199,-0.04775914238581636,-0.6788508137088035,0.2969982622421596,0.01287835054805694,0.28411991169410267,2.477828123770673,2.813260273804757,-0.3354321500340842
S43A13T05,filtered,229,7.633333333333334,True,False,0.1289445945451905,0.08284429061518948,-0.7338348822283882,-0.06523475097193274,-0.6686001312564555,0.28210880195908367,-0.05920402664118666,0.34131282860027035,2.473997692979758,2.7869722345711008,-0.31297454159134297
S43A13T05,filtered,230,7.666666666666667,False,False,0.1631906666219414,0.09848499205167062,-0.7389960640062277,-0.08134010166599279,-0.6576559623402349,0.26742746050851524,-0.12209079291907901,0.3895182534275943,2.4713175609687617,2.7590845437046396,-0.287766982735878
S43A13T05,filtered,231,7.7,False,False,0.20049481380324732,0.11779272808178828,-0.7426249919983027,-0.09572649145827757,-0.6468985005400251,0.25397950288417975,-0.17366169569986628,0.42764119858404603,2.4695269940507294,2.7298595490510316,-0.26033255500030217
S43A13T05,filtered,232,7.733333333333333,True,False,0.23918684247223537,0.14026606445839057,-0.7452317036001618,-0.10801603594855361,-0.6372156676516082,0.2425835243542267,-0.21237760588983395,0.45496113024406065,2.4683636186937887,2.699583294074035,-0.23121967538024624
S43A13T05,filtered,233,7.766666666666667,True,False,0.27781732775233714,0.16526158291849272,-0.7472772907876264,-0.11784160823313593,-0.6294356825544904,0.23381424485753372,-0.23736996860798532,0.47118421346551903,2.467579553047885,2.6685515165264,-0.2009719634785152
S43A13T05,filtered,234,7.8,True,False,0.31517600877167196,0.19205275158828317,-0.7491532455614214,-0.1248924535663761,-0.6242607919950452,0.22798805422190432,-0.24848162905679044,0.47646968327869477,2.4669547670178638,2.6370550740792775,-0.17010030706141377
S43A13T05,filtered,235,7.833333333333333,False,False,0.35032591315933004,0.21989111993935773,-0.7511683068024899,-0.1289589326503615,-0.6222093741521284,0.2251705990621098,-0.24625648172332476,0.47142708078543455,2.4663069489567495,2.6053669856484944,-0.13906003669174494
S43A13T05,filtered,236,7.866666666666666,False,False,0.3826288782218063,0.24806294466124051,-0.7535427275295593,-0.1299697232709093,-0.62357300425865,0.22520366794451724,-0.2318797218295607,0.4570833897740779,2.465497551432419,2.5737332118196496,-0.10823566038723076
S43A13T05,filtered,237,7.9,False,False,0.4117489624486626,0.27593529884270057,-0.7564092715461225,-0.12801569790040326,-0.6283935736457192,0.22774704698796777,-0.20707458394900258,0.43482163093697035,2.4644340546485246,2.542368808740668,-0.07793475409214334
S43A13T05,filtered,238,7.933333333333334,True,False,0.43762897763483516,0.30298739279529496,-0.7598198162795102,-0.12335645431163474,-0.6364633619678755,0.23233001999292055,-0.17396497089615806,0.4062949908890786,2.4630687889514196,2.511460216069146,-0.04839142711772659
S43A13T05,filtered,239,7.966666666666667,False,False,0.4604419356667055,0.3288250312802171,-0.7637561950900164,-0.11640784112933594,-0.6473483539606804,0.238406832564032,-0.13491600022332254,0.37332283278735456,2.461394877579848,2.481173307433597,-0.01977842985374867
S43A13T05,filtered,240,8.0,False,False,0.4805240498029311,0.35317855486989713,-0.7681438416810534,-0.10771144292767339,-0.66043239875338,0.24541070450725758,-0.09236600491044623,0.3377767094177038,2.4594399925006662,2.45166564034195,0.007774352158716358
S43A13T05,filtered,241,8.033333333333333,False,False,0.49829901559166034,0.37588691482777875,-0.7728668679428231,-0.09788949142644834,-0.6749773765163748,0.25280176367059837,-0.048663805284922826,0.3014655689555212,2.4572586665907012,2.4231003268510483,0.03415833973965299
