trial,mode,frame0,nominal_time_s,raw_review_flag,raw_repeated_previous,foot_separation_camera_xz_m,foot_separation_camera_x_m,com_camera_x_m,foot_midpoint_camera_x_m,com_relative_to_foot_midpoint_camera_x_m,com_camera_y_m,foot_midpoint_camera_y_m,com_relative_to_foot_midpoint_camera_y_m,com_camera_z_m,foot_midpoint_camera_z_m,com_relative_to_foot_midpoint_camera_z_m
S43A14T01,raw,0,0.0,False,False,0.25642824788083596,0.18311181640624996,-1.461853635114124,-1.3404925537109376,-0.12136108140318647,-0.15955471324675238,0.6865396118164062,-0.8460943250631586,2.0257078293832316,1.955775146484375,0.06993268289885668
S43A14T01,raw,1,0.03333333333333333,False,True,0.25642824788083596,0.18311181640624996,-1.461853635114124,-1.3404925537109376,-0.12136108140318647,-0.15955471324675238,0.6865396118164062,-0.8460943250631586,2.0257078293832316,1.955775146484375,0.06993268289885668
S43A14T01,raw,2,0.06666666666666667,False,True,0.25642824788083596,0.18311181640624996,-1.461853635114124,-1.3404925537109376,-0.12136108140318647,-0.15955471324675238,0.6865396118164062,-0.8460943250631586,2.0257078293832316,1.955775146484375,0.06993268289885668
S43A14T01,raw,3,0.1,False,True,0.25642824788083596,0.18311181640624996,-1.461853635114124,-1.3404925537109376,-0.12136108140318647,-0.15955471324675238,0.6865396118164062,-0.8460943250631586,2.0257078293832316,1.955775146484375,0.06993268289885668
S43A14T01,raw,4,0.13333333333333333,False,True,0.25642824788083596,0.18311181640624996,-1.461853635114124,-1.3404925537109376,-0.12136108140318647,-0.15955471324675238,0.6865396118164062,-0.8460943250631586,2.0257078293832316,1.955775146484375,0.06993268289885668
S43A14T01,raw,5,0.16666666666666666,False,True,0.25642824788083596,0.18311181640624996,-1.461853635114124,-1.3404925537109376,-0.12136108140318647,-0.15955471324675238,0.6865396118164062,-0.8460943250631586,2.0257078293832316,1.955775146484375,0.06993268289885668
S43A14T01,raw,6,0.2,False,True,0.25642824788083596,0.18311181640624996,-1.461853635114124,-1.3404925537109376,-0.12136108140318647,-0.15955471324675238,0.6865396118164062,-0.8460943250631586,2.0257078293832316,1.955775146484375,0.06993268289885668
S43A14T01,raw,7,0.23333333333333334,False,True,0.25642824788083596,0.18311181640624996,-1.461853635114124,-1.3404925537109376,-0.12136108140318647,-0.15955471324675238,0.6865396118164062,-0.8460943250631586,2.0257078293832316,1.955775146484375,0.06993268289885668
S43A14T01,raw,8,0.26666666666666666,False,True,0.25642824788083596,0.18311181640624996,-1.461853635114124,-1.3404925537109376,-0.12136108140318647,-0.15955471324675238,0.6865396118164062,-0.8460943250631586,2.0257078293832316,1.955775146484375,0.06993268289885668
S43A14T01,raw,9,0.3,False,True,0.25642824788083596,0.18311181640624996,-1.461853635114124,-1.3404925537109376,-0.12136108140318647,-0.15955471324675238,0.6865396118164062,-0.8460943250631586,2.0257078293832316,1.955775146484375,0.06993268289885668
S43A14T01,raw,10,0.3333333333333333,False,True,0.25642824788083596,0.18311181640624996,-1.461853635114124,-1.3404925537109376,-0.12136108140318647,-0.15955471324675238,0.6865396118164062,-0.8460943250631586,2.0257078293832316,1.955775146484375,0.06993268289885668
S43A14T01,raw,11,0.36666666666666664,False,True,0.25642824788083596,0.18311181640624996,-1.461853635114124,-1.3404925537109376,-0.12136108140318647,-0.15955471324675238,0.6865396118164062,-0.8460943250631586,2.0257078293832316,1.955775146484375,0.06993268289885668
S43A14T01,raw,12,0.4,False,True,0.25642824788083596,0.18311181640624996,-1.461853635114124,-1.3404925537109376,-0.12136108140318647,-0.15955471324675238,0.6865396118164062,-0.8460943250631586,2.0257078293832316,1.955775146484375,0.06993268289885668
S43A14T01,raw,13,0.43333333333333335,False,True,0.25642824788083596,0.18311181640624996,-1.461853635114124,-1.3404925537109376,-0.12136108140318647,-0.15955471324675238,0.6865396118164062,-0.8460943250631586,2.0257078293832316,1.955775146484375,0.06993268289885668
S43A14T01,raw,14,0.4666666666666667,False,True,0.25642824788083596,0.18311181640624996,-1.461853635114124,-1.3404925537109376,-0.12136108140318647,-0.15955471324675238,0.6865396118164062,-0.8460943250631586,2.0257078293832316,1.955775146484375,0.06993268289885668
S43A14T01,raw,15,0.5,False,True,0.25642824788083596,0.18311181640624996,-1.461853635114124,-1.3404925537109376,-0.12136108140318647,-0.15955471324675238,0.6865396118164062,-0.8460943250631586,2.0257078293832316,1.955775146484375,0.06993268289885668
S43A14T01,raw,16,0.5333333333333333,False,True,0.25642824788083596,0.18311181640624996,-1.461853635114124,-1.3404925537109376,-0.12136108140318647,-0.15955471324675238,0.6865396118164062,-0.8460943250631586,2.0257078293832316,1.955775146484375,0.06993268289885668
S43A14T01,raw,17,0.5666666666666667,False,True,0.25642824788083596,0.18311181640624996,-1.461853635114124,-1.3404925537109376,-0.12136108140318647,-0.15955471324675238,0.6865396118164062,-0.8460943250631586,2.0257078293832316,1.955775146484375,0.06993268289885668
S43A14T01,raw,18,0.6,False,True,0.25642824788083596,0.18311181640624996,-1.461853635114124,-1.3404925537109376,-0.12136108140318647,-0.15955471324675238,0.6865396118164062,-0.8460943250631586,2.0257078293832316,1.955775146484375,0.06993268289885668
S43A14T01,raw,19,0.6333333333333333,False,True,0.25642824788083596,0.18311181640624996,-1.461853635114124,-1.3404925537109376,-0.12136108140318647,-0.15955471324675238,0.6865396118164062,-0.8460943250631586,2.0257078293832316,1.955775146484375,0.06993268289885668
S43A14T01,raw,20,0.6666666666666666,False,True,0.25642824788083596,0.18311181640624996,-1.461853635114124,-1.3404925537109376,-0.12136108140318647,-0.15955471324675238,0.6865396118164062,-0.8460943250631586,2.0257078293832316,1.955775146484375,0.06993268289885668
S43A14T01,raw,21,0.7,False,True,0.25642824788083596,0.18311181640624996,-1.461853635114124,-1.3404925537109376,-0.12136108140318647,-0.15955471324675238,0.6865396118164062,-0.8460943250631586,2.0257078293832316,1.955775146484375,0.06993268289885668
S43A14T01,raw,22,0.7333333333333333,False,True,0.25642824788083596,0.18311181640624996,-1.461853635114124,-1.3404925537109376,-0.12136108140318647,-0.15955471324675238,0.6865396118164062,-0.8460943250631586,2.0257078293832316,1.955775146484375,0.06993268289885668
S43A14T01,raw,23,0.7666666666666667,False,True,0.25642824788083596,0.18311181640624996,-1.461853635114124,-1.3404925537109376,-0.12136108140318647,-0.15955471324675238,0.6865396118164062,-0.8460943250631586,2.0257078293832316,1.955775146484375,0.06993268289885668
S43A14T01,raw,24,0.8,False,True,0.25642824788083596,0.18311181640624996,-1.461853635114124,-1.3404925537109376,-0.12136108140318647,-0.15955471324675238,0.6865396118164062,-0.8460943250631586,2.0257078293832316,1.955775146484375,0.06993268289885668
S43A14T01,raw,25,0.8333333333333334,False,True,0.25642824788083596,0.18311181640624996,-1.461853635114124,-1.3404925537109376,-0.12136108140318647,-0.15955471324675238,0.6865396118164062,-0.8460943250631586,2.0257078293832316,1.955775146484375,0.06993268289885668
S43A14T01,raw,26,0.8666666666666667,False,True,0.25642824788083596,0.18311181640624996,-1.461853635114124,-1.3404925537109376,-0.12136108140318647,-0.15955471324675238,0.6865396118164062,-0.8460943250631586,2.0257078293832316,1.955775146484375,0.06993268289885668
S43A14T01,raw,27,0.9,False,True,0.25642824788083596,0.18311181640624996,-1.461853635114124,-1.3404925537109376,-0.12136108140318647,-0.15955471324675238,0.6865396118164062,-0.8460943250631586,2.0257078293832316,1.955775146484375,0.06993268289885668
S43A14T01,raw,28,0.9333333333333333,False,True,0.25642824788083596,0.18311181640624996,-1.461853635114124,-1.3404925537109376,-0.12136108140318647,-0.15955471324675238,0.6865396118164062,-0.8460943250631586,2.0257078293832316,1.955775146484375,0.06993268289885668
S43A14T01,raw,29,0.9666666666666667,False,True,0.25642824788083596,0.18311181640624996,-1.461853635114124,-1.3404925537109376,-0.12136108140318647,-0.15955471324675238,0.6865396118164062,-0.8460943250631586,2.0257078293832316,1.955775146484375,0.06993268289885668
S43A14T01,raw,30,1.0,False,True,0.25642824788083596,0.18311181640624996,-1.461853635114124,-1.3404925537109376,-0.12136108140318647,-0.15955471324675238,0.6865396118164062,-0.8460943250631586,2.0257078293832316,1.955775146484375,0.06993268289885668
S43A14T01,raw,31,1.0333333333333334,False,True,0.25642824788083596,0.18311181640624996,-1.461853635114124,-1.3404925537109376,-0.12136108140318647,-0.15955471324675238,0.6865396118164062,-0.8460943250631586,2.0257078293832316,1.955775146484375,0.06993268289885668
S43A14T01,raw,32,1.0666666666666667,False,True,0.25642824788083596,0.18311181640624996,-1.461853635114124,-1.3404925537109376,-0.12136108140318647,-0.15955471324675238,0.6865396118164062,-0.8460943250631586,2.0257078293832316,1.955775146484375,0.06993268289885668
S43A14T01,raw,33,1.1,False,True,0.25642824788083596,0.18311181640624996,-1.461853635114124,-1.3404925537109376,-0.12136108140318647,-0.15955471324675238,0.6865396118164062,-0.8460943250631586,2.0257078293832316,1.955775146484375,0.06993268289885668
S43A14T01,raw,34,1.1333333333333333,False,True,0.25642824788083596,0.18311181640624996,-1.461853635114124,-1.3404925537109376,-0.12136108140318647,-0.15955471324675238,0.6865396118164062,-0.8460943250631586,2.0257078293832316,1.955775146484375,0.06993268289885668
S43A14T01,raw,35,1.1666666666666667,False,True,0.25642824788083596,0.18311181640624996,-1.461853635114124,-1.3404925537109376,-0.12136108140318647,-0.15955471324675238,0.6865396118164062,-0.8460943250631586,2.0257078293832316,1.955775146484375,0.06993268289885668
S43A14T01,raw,36,1.2,False,True,0.25642824788083596,0.18311181640624996,-1.461853635114124,-1.3404925537109376,-0.12136108140318647,-0.15955471324675238,0.6865396118164062,-0.8460943250631586,2.0257078293832316,1.955775146484375,0.06993268289885668
S43A14T01,raw,37,1.2333333333333334,False,True,0.25642824788083596,0.18311181640624996,-1.461853635114124,-1.3404925537109376,-0.12136108140318647,-0.15955471324675238,0.6865396118164062,-0.8460943250631586,2.0257078293832316,1.955775146484375,0.06993268289885668
S43A14T01,raw,38,1.2666666666666666,False,True,0.25642824788083596,0.18311181640624996,-1.461853635114124,-1.3404925537109376,-0.12136108140318647,-0.15955471324675238,0.6865396118164062,-0.8460943250631586,2.0257078293832316,1.955775146484375,0.06993268289885668
S43A14T01,raw,39,1.3,False,True,0.25642824788083596,0.18311181640624996,-1.461853635114124,-1.3404925537109376,-0.12136108140318647,-0.15955471324675238,0.6865396118164062,-0.8460943250631586,2.0257078293832316,1.955775146484375,0.06993268289885668
S43A14T01,raw,40,1.3333333333333333,False,True,0.25642824788083596,0.18311181640624996,-1.461853635114124,-1.3404925537109376,-0.12136108140318647,-0.15955471324675238,0.6865396118164062,-0.8460943250631586,2.0257078293832316,1.955775146484375,0.06993268289885668
S43A14T01,raw,41,1.3666666666666667,False,True,0.25642824788083596,0.18311181640624996,-1.461853635114124,-1.3404925537109376,-0.12136108140318647,-0.15955471324675238,0.6865396118164062,-0.8460943250631586,2.0257078293832316,1.955775146484375,0.06993268289885668
S43A14T01,raw,42,1.4,False,True,0.25642824788083596,0.18311181640624996,-1.461853635114124,-1.3404925537109376,-0.12136108140318647,-0.15955471324675238,0.6865396118164062,-0.8460943250631586,2.0257078293832316,1.955775146484375,0.06993268289885668
S43A14T01,raw,43,1.4333333333333333,False,True,0.25642824788083596,0.18311181640624996,-1.461853635114124,-1.3404925537109376,-0.12136108140318647,-0.15955471324675238,0.6865396118164062,-0.8460943250631586,2.0257078293832316,1.955775146484375,0.06993268289885668
S43A14T01,raw,44,1.4666666666666666,False,True,0.25642824788083596,0.18311181640624996,-1.461853635114124,-1.3404925537109376,-0.12136108140318647,-0.15955471324675238,0.6865396118164062,-0.8460943250631586,2.0257078293832316,1.955775146484375,0.06993268289885668
S43A14T01,raw,45,1.5,False,True,0.25642824788083596,0.18311181640624996,-1.461853635114124,-1.3404925537109376,-0.12136108140318647,-0.15955471324675238,0.6865396118164062,-0.8460943250631586,2.0257078293832316,1.955775146484375,0.06993268289885668
S43A14T01,raw,46,1.5333333333333334,False,True,0.25642824788083596,0.18311181640624996,-1.461853635114124,-1.3404925537109376,-0.12136108140318647,-0.15955471324675238,0.6865396118164062,-0.8460943250631586,2.0257078293832316,1.955775146484375,0.06993268289885668
S43A14T01,raw,47,1.5666666666666667,False,True,0.25642824788083596,0.18311181640624996,-1.461853635114124,-1.3404925537109376,-0.12136108140318647,-0.15955471324675238,0.6865396118164062,-0.8460943250631586,2.0257078293832316,1.955775146484375,0.06993268289885668
S43A14T01,raw,48,1.6,False,True,0.25642824788083596,0.18311181640624996,-1.461853635114124,-1.3404925537109376,-0.12136108140318647,-0.15955471324675238,0.6865396118164062,-0.8460943250631586,2.0257078293832316,1.955775146484375,0.06993268289885668
S43A14T01,raw,49,1.6333333333333333,False,True,0.25642824788083596,0.18311181640624996,-1.461853635114124,-1.3404925537109376,-0.12136108140318647,-0.15955471324675238,0.6865396118164062,-0.8460943250631586,2.0257078293832316,1.955775146484375,0.06993268289885668
S43A14T01,raw,50,1.6666666666666667,False,True,0.25642824788083596,0.18311181640624996,-1.461853635114124,-1.3404925537109376,-0.12136108140318647,-0.15955471324675238,0.6865396118164062,-0.8460943250631586,2.0257078293832316,1.955775146484375,0.06993268289885668
S43A14T01,raw,51,1.7,False,True,0.25642824788083596,0.18311181640624996,-1.461853635114124,-1.3404925537109376,-0.12136108140318647,-0.15955471324675238,0.6865396118164062,-0.8460943250631586,2.0257078293832316,1.955775146484375,0.06993268289885668
S43A14T01,raw,52,1.7333333333333334,False,True,0.25642824788083596,0.18311181640624996,-1.461853635114124,-1.3404925537109376,-0.12136108140318647,-0.15955471324675238,0.6865396118164062,-0.8460943250631586,2.0257078293832316,1.955775146484375,0.06993268289885668
S43A14T01,raw,53,1.7666666666666666,False,True,0.25642824788083596,0.18311181640624996,-1.461853635114124,-1.3404925537109376,-0.12136108140318647,-0.15955471324675238,0.6865396118164062,-0.8460943250631586,2.0257078293832316,1.955775146484375,0.06993268289885668
S43A14T01,raw,54,1.8,False,True,0.25642824788083596,0.18311181640624996,-1.461853635114124,-1.3404925537109376,-0.12136108140318647,-0.15955471324675238,0.6865396118164062,-0.8460943250631586,2.0257078293832316,1.955775146484375,0.06993268289885668
S43A14T01,raw,55,1.8333333333333333,False,True,0.25642824788083596,0.18311181640624996,-1.461853635114124,-1.3404925537109376,-0.12136108140318647,-0.15955471324675238,0.6865396118164062,-0.8460943250631586,2.0257078293832316,1.955775146484375,0.06993268289885668
S43A14T01,raw,56,1.8666666666666667,False,True,0.25642824788083596,0.18311181640624996,-1.461853635114124,-1.3404925537109376,-0.12136108140318647,-0.15955471324675238,0.6865396118164062,-0.8460943250631586,2.0257078293832316,1.955775146484375,0.06993268289885668
S43A14T01,raw,57,1.9,False,True,0.25642824788083596,0.18311181640624996,-1.461853635114124,-1.3404925537109376,-0.12136108140318647,-0.15955471324675238,0.6865396118164062,-0.8460943250631586,2.0257078293832316,1.955775146484375,0.06993268289885668
S43A14T01,raw,58,1.9333333333333333,False,True,0.25642824788083596,0.18311181640624996,-1.461853635114124,-1.3404925537109376,-0.12136108140318647,-0.15955471324675238,0.6865396118164062,-0.8460943250631586,2.0257078293832316,1.955775146484375,0.06993268289885668
S43A14T01,raw,59,1.9666666666666666,False,True,0.25642824788083596,0.18311181640624996,-1.461853635114124,-1.3404925537109376,-0.12136108140318647,-0.15955471324675238,0.6865396118164062,-0.8460943250631586,2.0257078293832316,1.955775146484375,0.06993268289885668
S43A14T01,raw,60,2.0,False,True,0.25642824788083596,0.18311181640624996,-1.461853635114124,-1.3404925537109376,-0.12136108140318647,-0.15955471324675238,0.6865396118164062,-0.8460943250631586,2.0257078293832316,1.955775146484375,0.06993268289885668
S43A14T01,raw,61,2.033333333333333,False,True,0.25642824788083596,0.18311181640624996,-1.461853635114124,-1.3404925537109376,-0.12136108140318647,-0.15955471324675238,0.6865396118164062,-0.8460943250631586,2.0257078293832316,1.955775146484375,0.06993268289885668
S43A14T01,raw,62,2.066666666666667,False,True,0.25642824788083596,0.18311181640624996,-1.461853635114124,-1.3404925537109376,-0.12136108140318647,-0.15955471324675238,0.6865396118164062,-0.8460943250631586,2.0257078293832316,1.955775146484375,0.06993268289885668
S43A14T01,raw,63,2.1,False,True,0.25642824788083596,0.18311181640624996,-1.461853635114124,-1.3404925537109376,-0.12136108140318647,-0.15955471324675238,0.6865396118164062,-0.8460943250631586,2.0257078293832316,1.955775146484375,0.06993268289885668
S43A14T01,raw,64,2.1333333333333333,False,True,0.25642824788083596,0.18311181640624996,-1.461853635114124,-1.3404925537109376,-0.12136108140318647,-0.15955471324675238,0.6865396118164062,-0.8460943250631586,2.0257078293832316,1.955775146484375,0.06993268289885668
S43A14T01,raw,65,2.1666666666666665,True,False,0.2479485133002915,0.1705093994140625,-1.4477074213616725,-1.357960144042969,-0.08974727731870358,-0.17795957496595752,0.7591427307128906,-0.9371023056788481,2.0715650404024655,1.9331243896484378,0.13844065075402767
S43A14T01,raw,66,2.2,False,True,0.2479485133002915,0.1705093994140625,-1.4477074213616725,-1.357960144042969,-0.08974727731870358,-0.17795957496595752,0.7591427307128906,-0.9371023056788481,2.0715650404024655,1.9331243896484378,0.13844065075402767
S43A14T01,raw,67,2.2333333333333334,False,True,0.2479485133002915,0.1705093994140625,-1.4477074213616725,-1.357960144042969,-0.08974727731870358,-0.17795957496595752,0.7591427307128906,-0.9371023056788481,2.0715650404024655,1.9331243896484378,0.13844065075402767
S43A14T01,raw,68,2.2666666666666666,False,True,0.2479485133002915,0.1705093994140625,-1.4477074213616725,-1.357960144042969,-0.08974727731870358,-0.17795957496595752,0.7591427307128906,-0.9371023056788481,2.0715650404024655,1.9331243896484378,0.13844065075402767
S43A14T01,raw,69,2.3,True,False,0.2275229302554465,0.1431492919921875,-1.4374589544145944,-1.3716970825195314,-0.065761871895063,-0.17257247115863217,0.78127294921875,-0.9538454203773822,2.0831910851404554,1.9322470092773436,0.15094407586311176
S43A14T01,raw,70,2.3333333333333335,False,False,0.22323199758790968,0.1690035400390626,-1.431638655828388,-1.390088562011719,-0.041550093816669076,-0.17393493929120288,0.7841915893554687,-0.9581265286466716,2.0911515423082276,1.9372661132812499,0.15388542902697777
S43A14T01,raw,71,2.3666666666666667,True,False,0.23614785611863576,0.16307189941406253,-1.4116516007450914,-1.426995300292969,0.01534369954787751,-0.17406870870341556,0.7345171813964844,-0.9085858900999,2.1001585723694225,1.9531762084960937,0.14698236387332875
S43A14T01,raw,72,2.4,False,False,0.10013376961843151,0.0946682128906251,-1.3906576823095498,-1.374451904296875,-0.016205778012674754,-0.1808889439178116,0.6921469116210938,-0.8730358555389054,2.1278698488519776,2.024086364746094,0.10378348410588378
S43A14T01,raw,73,2.433333333333333,False,False,0.1704963860660584,0.12763391113281264,-1.3820378084821983,-1.4221495971679687,0.04011178868577048,-0.16638544297584434,0.7177762756347656,-0.88416171861061,2.1212484776737557,1.9779791259765624,0.14326935169719324
S43A14T01,raw,74,2.466666666666667,False,False,0.10537328204954073,0.1007542724609376,-1.365074646588734,-1.3842546997070313,0.01918005311829729,-0.15817624727310378,0.7191041870117187,-0.8772804342848225,2.142084962153749,2.007660400390625,0.13442456176312412
S43A14T01,raw,75,2.5,False,False,0.10969538388040405,0.10537316894531257,-1.3413463323578232,-1.3663506469726563,0.0250043146148331,-0.15004106612164075,0.7346045837402344,-0.8846456498618751,2.1619071162695738,2.038319030761719,0.12358808550785483
S43A14T01,raw,76,2.533333333333333,False,False,0.14124162359978065,0.13877832031249993,-1.3270985542789464,-1.3686273193359375,0.0415287650569911,-0.14200980729036414,0.7267095336914062,-0.8687193409817704,2.170936468312823,2.0322953491210938,0.13864111919172917
S43A14T01,raw,77,2.566666666666667,False,False,0.19691147307653514,0.17787463378906243,-1.309509997304098,-1.3920509643554686,0.0825409670513706,-0.12584792360008992,0.7378066711425781,-0.863654594742668,2.185902636244076,1.9947979125976563,0.19110472364641984
S43A14T01,raw,78,2.6,False,False,0.20135978868280247,0.18381433105468759,-1.2964813435872227,-1.4092749633789063,0.11279361979168367,-0.11327326672213076,0.7443570556640625,-0.8576303223861933,2.203390981777773,1.9761987915039065,0.2271921902738665
S43A14T01,raw,79,2.6333333333333333,False,False,0.16113585922431087,0.1513601074218751,-1.2758737583603628,-1.3985089111328124,0.12263515277244963,-0.09720055196819424,0.7499525451660156,-0.8471530971342098,2.220838358729738,1.98353515625,0.2373032024797379
S43A14T01,raw,80,2.6666666666666665,False,False,0.0977515544180103,0.09530053710937492,-1.2392046577378466,-1.368843994140625,0.12963933640277836,-0.07034432238937435,0.7657022399902345,-0.8360465623796088,2.260823972369112,2.013589050292969,0.24723492207614317
S43A14T01,raw,81,2.7,False,False,0.14109560115313802,0.07550708007812501,-1.2108685401848833,-1.3698876953125,0.15901915512761677,-0.04841728068050338,0.7537136840820313,-0.8021309647625348,2.2764267347975813,1.9947371826171876,0.2816895521803937
S43A14T01,raw,82,2.7333333333333334,False,False,0.18111855383279724,0.1272528076171875,-1.1858644334459787,-1.3709612426757811,0.18509680922980243,-0.016474249027591533,0.7553197021484375,-0.771793951176029,2.3150484037440413,2.000674072265625,0.3143743314784162
S43A14T01,raw,83,2.7666666666666666,False,False,0.19821534228353824,0.12338574218749998,-1.1645952195714204,-1.396783447265625,0.23218822769420466,0.023645468740999168,0.7683139038085938,-0.7446684350675946,2.3375979142435193,2.0013193359375,0.33627857830601915
S43A14T01,raw,84,2.8,True,False,0.0625546080193479,0.03833557128906251,-1.0934047050712066,-1.244321472167969,0.15091676709676238,0.08326018680821115,0.8260823059082032,-0.7428221190999921,2.4203613386845717,2.2053992919921876,0.21496204669238406
S43A14T01,raw,85,2.8333333333333335,True,False,0.2877637941111983,0.20436791992187509,-1.067951094396675,-1.2902874755859375,0.22233638118926247,0.1341377202910682,0.8470592651367188,-0.7129215448456506,2.442281301360297,2.195983276367188,0.24629802499310927
S43A14T01,raw,86,2.8666666666666667,True,False,0.25574189197866404,0.2185302734375001,-1.0642519763420848,-1.3713970947265626,0.3071451183844778,0.22214352093176085,0.9402559204101564,-0.7181123994783956,2.4750314436590686,2.1710919189453124,0.3039395247137562
S43A14T01,raw,87,2.9,True,False,0.2211559286795743,0.18024267578125008,-1.0302154551983178,-1.3515981445312502,0.32138268933293235,0.2565134864094133,0.8625654296875,-0.6060519432780868,2.5022239317321384,2.1468134765625004,0.355410455169638
S43A14T01,raw,88,2.933333333333333,False,False,0.2009540146362793,0.15384753417968744,-0.9999801290427213,-1.3291094360351563,0.32912930699243503,0.3098380328596238,0.8456458435058595,-0.5358078106462356,2.541224007236578,2.1345738525390625,0.40665015469751564
S43A14T01,raw,89,2.966666666666667,True,False,0.21763186628425324,0.10391473388671868,-0.8321235445998173,-0.9141664733886719,0.08204292878885455,0.41030078990078855,1.0687896118164062,-0.6584888219156176,2.7440417335209357,2.786902587890625,-0.04286085436968934
S43A14T01,raw,90,3.0,True,False,0.2286560091522072,0.019912109375000098,-0.8345883580726916,-0.99922900390625,0.16464064583355842,0.42636391495459636,0.9921573791503906,-0.5657934641957942,2.7432447449214252,2.6653262939453124,0.07791845097611283
S43A14T01,raw,91,3.033333333333333,False,False,0.2382879016166695,0.06863452148437488,-0.8276580028095949,-1.0952025146484377,0.26754451183884276,0.4223581594320678,0.9282425537109376,-0.5058843942788698,2.757505923100025,2.5850017089843753,0.17250421411564965
S43A14T01,raw,92,3.066666666666667,True,False,0.21837714735079675,0.06517968750000014,-0.8170617316702788,-1.1477564697265625,0.3306947380562837,0.3924526832688008,0.84806591796875,-0.4556132346999492,2.7713753617464243,2.5579500732421874,0.21342528850423692
S43A14T01,raw,93,3.1,True,False,0.45677975686347244,0.4448623046875,-0.7572663987477896,-1.2871881103515626,0.529921711603773,0.2670471399812787,-0.0202049560546875,0.28725209603596624,2.7275783653674446,2.1708909912109373,0.5566873741565073
S43A14T01,raw,94,3.1333333333333333,False,True,0.45677975686347244,0.4448623046875,-0.7572663987477896,-1.2871881103515626,0.529921711603773,0.2670471399812787,-0.0202049560546875,0.28725209603596624,2.7275783653674446,2.1708909912109373,0.5566873741565073
S43A14T01,raw,95,3.1666666666666665,False,True,0.45677975686347244,0.4448623046875,-0.7572663987477896,-1.2871881103515626,0.529921711603773,0.2670471399812787,-0.0202049560546875,0.28725209603596624,2.7275783653674446,2.1708909912109373,0.5566873741565073
S43A14T01,raw,96,3.2,False,True,0.45677975686347244,0.4448623046875,-0.7572663987477896,-1.2871881103515626,0.529921711603773,0.2670471399812787,-0.0202049560546875,0.28725209603596624,2.7275783653674446,2.1708909912109373,0.5566873741565073
S43A14T01,raw,97,3.2333333333333334,False,True,0.45677975686347244,0.4448623046875,-0.7572663987477896,-1.2871881103515626,0.529921711603773,0.2670471399812787,-0.0202049560546875,0.28725209603596624,2.7275783653674446,2.1708909912109373,0.5566873741565073
S43A14T01,raw,98,3.2666666666666666,False,True,0.45677975686347244,0.4448623046875,-0.7572663987477896,-1.2871881103515626,0.529921711603773,0.2670471399812787,-0.0202049560546875,0.28725209603596624,2.7275783653674446,2.1708909912109373,0.5566873741565073
S43A14T01,raw,99,3.3,False,True,0.45677975686347244,0.4448623046875,-0.7572663987477896,-1.2871881103515626,0.529921711603773,0.2670471399812787,-0.0202049560546875,0.28725209603596624,2.7275783653674446,2.1708909912109373,0.5566873741565073
S43A14T01,raw,100,3.3333333333333335,True,False,0.44515641331996064,0.4450388183593752,-0.7470544963196717,-1.2963934326171875,0.5493389362975158,0.27028985543185335,-0.013725906372070301,0.2840157618039236,2.728174642757367,2.1358330078125,0.5923416349448671
S43A14T01,raw,101,3.3666666666666667,False,False,0.43182484123899567,0.4256094970703126,-0.7399456302352428,-1.3197319946289063,0.5797863643936635,0.27489209026607747,-0.012797355651855469,0.28768944591793294,2.7286953842816803,2.1203717041015624,0.608323680180118
S43A14T01,raw,102,3.4,True,False,0.37511637726127905,0.29234118652343755,-0.721244444206609,-1.4147496948242189,0.6935052506176098,0.3012171655466489,0.15845587158203125,0.14276129396461765,2.727623407278239,2.083872985839844,0.6437504214383951
S43A14T01,raw,103,3.433333333333333,True,False,0.05659398868888045,0.01110070800781271,-0.7303326979957401,-1.4815914916992188,0.7512587937034787,0.3257315837960538,0.24886289978027343,0.0768686840157804,2.7852939469208837,2.254839111328125,0.5304548355927587
S43A14T01,raw,104,3.466666666666667,False,False,0.05619034247970971,0.006354858398437635,-0.7307735456029013,-1.4560830688476563,0.725309523244755,0.32578863744451175,0.25240387725830077,0.07338476018621098,2.7878633669466457,2.2624864501953126,0.5253769167513331
S43A14T01,raw,105,3.5,True,False,0.037471334249963975,0.026287963867187347,-0.719202869663584,-1.4207111206054688,0.7015082509418847,0.3481996542192354,0.3070602569580078,0.04113939726122756,2.825478633322527,2.2937835693359374,0.5316950639865894
S43A14T01,raw,106,3.533333333333333,True,False,0.5036591968065887,0.48833135986328124,-0.696609459831552,-1.1416297302246092,0.44502027039305725,0.34249258327471177,0.18486374282836915,0.15762884044634262,2.8445730859020135,2.1761199951171877,0.6684530907848258
S43A14T01,raw,107,3.566666666666667,True,False,0.3375366443071291,0.3337086181640625,-0.7346056654752076,-1.2592037963867186,0.5245981309115111,0.3563460344983451,0.15887295722961425,0.19747307726873087,2.8397725908818474,2.1635906982421877,0.6761818926396597
S43A14T01,raw,108,3.6,True,False,0.7931378434556418,0.793025390625,-0.735087493686135,-1.062310302734375,0.32722280904823997,0.3496262323103339,0.1508503122329712,0.1987759200773627,2.83391488080748,2.1418139648437498,0.6921009159637301
S43A14T01,raw,109,3.6333333333333333,True,False,0.7963267788017871,0.7830189208984375,-0.694634733283495,-1.0427295532226561,0.34809481993916114,0.32185822851766466,0.14645096015930176,0.1754072683583629,2.807020011310208,2.1659158935546876,0.6411041177555203
S43A14T01,raw,110,3.6666666666666665,False,False,0.7514657758207262,0.7228190307617188,-0.6866221656731099,-1.0713379211425782,0.38471575546946835,0.3115995861763817,0.1212932815551758,0.19030630462120593,2.79077775475698,2.1624787597656248,0.6282989949913551
S43A14T01,raw,111,3.7,False,False,0.6616487005101768,0.6449920043945313,-0.7037057737971149,-1.085880828857422,0.38217505506030713,0.30796714127591185,0.12912583923339846,0.1788413020425134,2.778184144470258,2.127693359375,0.6504907850952582
S43A14T01,raw,112,3.7333333333333334,False,False,0.6085207574612609,0.591664306640625,-0.7076294581218759,-1.0930186767578125,0.38538921863593656,0.31222003573599805,0.1598596305847168,0.15236040515128124,2.761430662105674,2.1104402465820313,0.6509904155236428
S43A14T01,raw,113,3.7666666666666666,True,False,0.5378181518928911,0.5233453369140626,-0.7086323961141321,-1.0719611206054687,0.3633287244913366,0.3105240879070894,0.17499844837188722,0.1355256395352022,2.7550674518802167,2.1251221923828125,0.6299452594974042
S43A14T01,raw,114,3.8,True,False,0.06627604619369355,0.03792303466796876,-0.642934725623781,-0.8318738098144531,0.18893908419067218,0.2855249206096657,0.0678979744911194,0.21762694611854633,2.7211646328580077,2.1238937988281252,0.5972708340298825
S43A14T01,raw,115,3.8333333333333335,True,False,0.16201554490642137,0.15427685546875003,-0.6632671118351574,-1.015890380859375,0.3526232690242177,0.29428084307331054,0.11789525222778321,0.17638559084552732,2.7346996131441568,2.165963623046875,0.5687359900972817
S43A14T01,raw,116,3.8666666666666667,False,False,0.16192855787912716,0.15420648193359376,-0.6632695128621788,-1.0161433410644531,0.3528738282022743,0.29431156949975357,0.11811560344696045,0.1761959660527931,2.7346935395068273,2.1659853515625,0.5687081879443272
S43A14T01,raw,117,3.9,True,False,0.08067280610827898,0.07832537841796872,-0.6572799013213304,-1.041336944580078,0.38405704325874757,0.2908646941490966,0.1876067066192627,0.1032579875298339,2.7428857434474216,2.1676752929687497,0.5752104504786719
S43A14T01,raw,118,3.933333333333333,False,False,0.04805177764008357,0.032031249999999956,-0.6535675777729124,-1.063408935546875,0.4098413577739626,0.2920504256070949,0.21829550170898437,0.0737549238981105,2.7443501411490705,2.1886470947265626,0.5557030464225079
S43A14T01,raw,119,3.966666666666667,True,False,0.08346857245357468,0.02723120117187494,-0.6844548234631533,-1.1182177734374998,0.4337629499743465,0.30950688918426633,0.2594707794189453,0.050036109765321024,2.750437599131945,2.1750330810546874,0.5754045180772578
S43A14T01,raw,120,4.0,True,False,0.1639118933822102,0.11090344238281258,-0.7031511672253042,-1.1826795043945313,0.47952833716922705,0.344955136560405,0.4770973510742188,-0.1321422145138138,2.7343125061458453,2.1827261962890625,0.5515863098567828
S43A14T01,raw,121,4.033333333333333,False,False,0.043812509199350994,0.04347998046875001,-0.7109345485328645,-1.222748046875,0.5118134983421355,0.34652718552060346,0.547423843383789,-0.20089665786318556,2.745832780668609,2.20989794921875,0.5359348314498589
S43A14T01,raw,122,4.066666666666666,True,False,0.08878835657345134,0.08458227539062513,-0.7239605781785372,-1.2319468994140625,0.5079863212355253,0.3386115304036205,0.5895889892578126,-0.25097745885419204,2.74327124737339,2.161352783203125,0.5819184641702648
S43A14T01,raw,123,4.1,False,False,0.19550786066933132,0.14552893066406258,-0.7207445197615331,-1.200136779785156,0.479392260023623,0.33878265765275195,0.5367544555664062,-0.19797179791365427,2.7420140971639198,2.12507666015625,0.6169374370076697
S43A14T01,raw,124,4.133333333333334,True,False,0.22051692288333788,0.17168286132812494,-0.7150344667846039,-1.1698148193359375,0.45478035255133353,0.3381724866749431,0.4641469421386719,-0.12597445546372882,2.7411457463471938,2.1044327392578124,0.6367130070893814
S43A14T01,raw,125,4.166666666666667,True,False,0.22748121920066613,0.19913787841796882,-0.7114994660041042,-1.0919344787597656,0.3804350127556614,0.34751556761938185,0.45576962280273436,-0.10825405518335252,2.7152775707302763,1.9620698852539062,0.7532076854763701
S43A14T01,raw,126,4.2,True,False,0.01657449078432136,0.004405517578125018,-0.6876104005649449,-0.9734877319335937,0.2858773313686488,0.34063601815574923,0.3709609069824219,-0.03032488882667267,2.701499101683382,1.8606705322265626,0.8408285694568192
S43A14T01,raw,127,4.233333333333333,False,False,0.03308230926747285,0.01918164062499994,-0.6861638929615013,-0.9647329711914063,0.27856907822990506,0.34171677842541887,0.3855068054199219,-0.04379002699450302,2.70131738795174,1.8535862426757812,0.8477311452759588
S43A14T01,raw,128,4.266666666666667,False,False,0.032072415354712364,0.010894409179687536,-0.6845061653316131,-0.9525399169921875,0.2680337516605744,0.3448188252735405,0.3893176422119141,-0.0444988169383736,2.702593145511079,1.8495618286132811,0.8530313168977979
S43A14T01,raw,129,4.3,False,False,0.023325565207672563,0.0003541870117188539,-0.6814731044242901,-0.9566581726074219,0.2751850681831318,0.3461416518386354,0.39954185485839844,-0.05340020301976306,2.7019629677630754,1.8574170532226564,0.844545914540419
S43A14T01,raw,130,4.333333333333333,False,False,0.022701104338462737,0.0015579223632812278,-0.6817138866777643,-0.9576874084472657,0.2759735217695014,0.346431375323975,0.4039245300292969,-0.0574931547053219,2.7020165726658205,1.8581581420898439,0.8438584305759766
S43A14T01,raw,131,4.366666666666666,False,False,0.019851787588100002,0.0014837036132812065,-0.6813305965811017,-0.9583929748535156,0.27706237827241387,0.3431046621670904,0.43515858459472656,-0.09205392242763616,2.705436964309375,1.8855007934570311,0.819936170852344
S43A14T01,raw,132,4.4,False,False,0.019841072728400543,0.0014804077148438122,-0.6813355611999473,-0.9584234313964843,0.277087870196537,0.34310636663898175,0.4352011871337891,-0.09209482049480733,2.70544042748456,1.8855077514648437,0.8199326760197163
S43A14T01,raw,133,4.433333333333334,False,False,0.021552190566191835,0.0021967773437499005,-0.6875083355719316,-0.9743931274414063,0.2868847918694747,0.34752403883035227,0.46495542907714843,-0.11743139024679616,2.7011753633461293,1.863985107421875,0.8371902559242543
S43A14T01,raw,134,4.466666666666667,False,False,0.006883472913219216,0.0012419433593752194,-0.6866093196269865,-0.9674951171874999,0.28088579756051346,0.3465320815787951,0.46090632629394535,-0.11437424471515023,2.699891228843773,1.847884765625,0.8520064632187729
S43A14T01,raw,135,4.5,False,False,0.016530469288378275,0.004536682128906233,-0.6871616874290715,-0.9710163879394531,0.28385470051038164,0.3444103675757628,0.4715018768310547,-0.1270915092552919,2.698239681711106,1.8454600830078125,0.8527795987032933
S43A14T01,raw,136,4.533333333333333,False,False,0.033846628951019565,0.017503845214843605,-0.6861931807124566,-0.9783631286621095,0.2921699479496529,0.3434862467491375,0.47264869689941413,-0.1291624501502766,2.6984780378871136,1.8543495483398438,0.8441284895472698
S43A14T01,raw,137,4.566666666666666,False,False,0.03152542615317392,0.016310485839843847,-0.6860453241269329,-0.9787740173339843,0.2927286932070514,0.3436350031188745,0.47208677673339844,-0.12845177361452392,2.698194375691867,1.8533015747070314,0.8448928009848355
S43A14T01,raw,138,4.6,False,False,0.028744676661627278,0.014488952636718788,-0.6858844202388605,-0.9791351623535156,0.29325074211465507,0.3436264854857733,0.4718426208496094,-0.12821613536383608,2.697955169054874,1.8524133300781251,0.8455418389767488
S43A14T01,raw,139,4.633333333333334,False,False,0.06306759022348274,0.03699774169921877,-0.6873307479560133,-0.9953090515136718,0.30797830355765843,0.3426128331177356,0.479550537109375,-0.1369377039916394,2.6974362886622747,1.8609188842773439,0.8365174043849308
S43A14T01,raw,140,4.666666666666667,False,True,0.06306759022348274,0.03699774169921877,-0.6873307479560133,-0.9953090515136718,0.30797830355765843,0.3426128331177356,0.479550537109375,-0.1369377039916394,2.6974362886622747,1.8609188842773439,0.8365174043849308
S43A14T01,raw,141,4.7,False,False,0.06108265616981656,0.026052978515625047,-0.6879478075912236,-0.9990520629882813,0.31110425539705766,0.3428483367348914,0.4632998046875,-0.12045146795260858,2.701027993565183,1.8463508911132813,0.8546771024519015
S43A14T01,raw,142,4.733333333333333,False,False,0.042852333500801726,0.0008202514648437687,-0.6814591973459623,-0.9952438659667968,0.31378466862083454,0.34494080292227597,0.45940840148925777,-0.1144675985669818,2.6922994206319606,1.85854443359375,0.8337549870382106
S43A14T01,raw,143,4.766666666666667,False,False,0.06943971265753945,0.01876361083984346,-0.6801185717650161,-1.0136248474121095,0.33350627564709334,0.3448740934575506,0.47301420593261717,-0.12814011247506657,2.6933958413357497,1.8836828002929686,0.8097130410427811
S43A14T01,raw,144,4.8,False,False,0.060832440972043024,0.01268530273437496,-0.6799935183854785,-1.0122138061523436,0.3322202877668651,0.34546981855350395,0.47427742004394524,-0.1288076014904413,2.6934691233226586,1.8826436767578127,0.8108254465648459
S43A14T01,raw,145,4.833333333333333,False,False,0.042751898828006764,0.003914978027343752,-0.6780290353664983,-1.0005895080566405,0.3225604726901422,0.3432337559553099,0.4533733367919922,-0.1101395808366823,2.695269306290605,1.863732177734375,0.8315371285562301
S43A14T01,raw,146,4.866666666666666,False,False,0.12333819763033514,0.07708190917968749,-0.6810972286969493,-1.024773376464844,0.34367614776789457,0.3412249635840644,0.42903540039062504,-0.08781043680656064,2.7016517518623395,1.9107719726562502,0.7908797792060893
S43A14T01,raw,147,4.9,False,False,0.1515437422161838,0.0965813598632812,-0.681826191038658,-1.0335367126464843,0.35171052160782623,0.3394148256786708,0.4276509857177735,-0.08823616003910267,2.698980954118947,1.9145582885742187,0.7844226655447284
S43A14T01,raw,148,4.933333333333334,False,False,0.12685351574547765,0.07882598876953129,-0.6880377691053869,-1.053743621826172,0.36570585272078504,0.3351294306608753,0.4277347869873047,-0.09260535632642941,2.6997135904170544,1.9411557006835938,0.7585578897334606
S43A14T01,raw,149,4.966666666666667,False,False,0.06000026079521017,0.05201794433593743,-0.7033216971052043,-1.0949111938476563,0.391589496742452,0.32937367069270124,0.33997190856933596,-0.01059823787663472,2.7117010292595523,1.9242969970703125,0.7874040321892397
S43A14T01,raw,150,5.0,False,False,0.008929831567070988,0.0007681884765624591,-0.7031932015145247,-1.1406996459960936,0.43750644448156895,0.3398723373967553,0.28407830810546875,0.05579402929128657,2.723371406072887,1.9661719970703126,0.7571994090025744
S43A14T01,raw,151,5.033333333333333,False,False,0.024987835220726184,0.015467285156250066,-0.7138926412606428,-1.1779683837890627,0.4640757425284199,0.34057639155129144,0.2795091552734375,0.06106723627785393,2.733267222949044,2.0200985717773436,0.7131686511717001
S43A14T01,raw,152,5.066666666666666,True,False,0.029672607850992582,0.028243164062499826,-0.7204389752050241,-1.2139512939453125,0.49351231874028845,0.3392268422441102,0.2171405944824219,0.1220862477616883,2.727406047359277,2.036684631347656,0.6907214160116211
S43A14T01,raw,153,5.1,False,False,0.03243103557551829,0.03113525390625016,-0.7335234271636815,-1.2527554931640625,0.5192320660003811,0.3415058973278721,0.20957745361328123,0.1319284437145909,2.7328031893912,2.0640400390625,0.6687631503286999
S43A14T01,raw,154,5.133333333333334,False,False,0.004353037859721738,0.0031113281249999236,-0.7326442794266792,-1.277745361328125,0.5451010819014459,0.3390604622130102,0.18596966552734376,0.15309079668566647,2.732658432310727,2.059065185546875,0.6735932467638519
S43A14T01,raw,155,5.166666666666667,False,False,0.061167088237403064,0.030147827148437445,-0.7368593722911464,-1.3226105346679686,0.5857511623768222,0.33967349681855913,0.16015124511718748,0.17952225170137165,2.741918201777854,2.0978489990234372,0.6440692027544168
S43A14T01,raw,156,5.2,False,False,0.01536621692513093,0.005410766601562367,-0.733687216328873,-1.3455969848632812,0.6119097685344081,0.3416585397490234,0.14811712646484376,0.19354141328417962,2.747125505887444,2.1199967041015624,0.6271288017858816
S43A14T01,raw,157,5.233333333333333,False,False,0.027961673829465405,0.001904663085937619,-0.73790313342464,-1.3769503784179689,0.6390472449933289,0.3407995377699041,0.1530698776245117,0.1877296601453924,2.7527763333398196,2.1453143310546876,0.607462002285132
S43A14T01,raw,158,5.266666666666667,False,False,0.041560746797713294,0.005491943359374973,-0.7466945295488728,-1.417333984375,0.6706394548261271,0.33897098708223977,0.14974246978759764,0.18922851729464213,2.7611434778086155,2.15948828125,0.6016551965586157
S43A14T01,raw,159,5.3,False,False,0.09890165271116087,0.019670532226562454,-0.7450823545164806,-1.4209190063476562,0.6758366518311756,0.33560767096361344,0.17239228057861328,0.16321539038500016,2.7606870024784222,2.1484990234375,0.6121879790409221
S43A14T01,raw,160,5.333333333333333,True,False,0.1477390897423172,0.04817456054687508,-0.7530545756175104,-1.45608544921875,0.7030308736012396,0.3334281489896401,0.1973710021972656,0.13605714679237452,2.778215983997862,2.136374755859375,0.6418412281384871
S43A14T01,raw,161,5.366666666666666,False,False,0.02866751792320351,0.02746398925781235,-0.7570834993310833,-1.4259683227539064,0.6688848234228231,0.33309613063020205,0.29443115234375,0.038664978286452045,2.7892176822477506,2.09562548828125,0.6935921939665004
S43A14T01,raw,162,5.4,False,False,0.12528262022178552,0.057621215820312655,-0.7598366100552981,-1.4654035034179689,0.7055668933626708,0.3402633401966669,0.28335688781738283,0.056906452379284045,2.7983701157254304,2.1367406005859375,0.6616295151394929
S43A14T01,raw,163,5.433333333333334,False,False,0.03360680221387161,0.019663208007812516,-0.770248486538478,-1.3870319213867188,0.6167834348482408,0.34123999136905486,0.33213348388671876,0.009106507482336101,2.8048420467639446,2.1145312499999998,0.6903107967639448
S43A14T01,raw,164,5.466666666666667,False,False,0.18911709738084825,0.11225769042968747,-0.7763639018108074,-1.4728292846679687,0.6964653828571613,0.3382615394302392,0.3089253158569336,0.029336223573305564,2.816796694068904,2.1875684814453127,0.6292282126235915
S43A14T01,raw,165,5.5,False,False,0.048250834188513995,0.04683398437500008,-0.7916083944441334,-1.40754248046875,0.6159340860246165,0.35468763737074516,0.4065659790039063,-0.05187834163316113,2.8153942420459477,2.1583488769531254,0.6570453650928223
S43A14T01,raw,166,5.533333333333333,False,False,0.08257579944416268,0.08215905761718756,-0.7913280763133954,-1.3720745239257814,0.580746447612386,0.35507361508177315,0.44037200927734377,-0.08529839419557061,2.8223017713172247,2.175855224609375,0.6464465467078497
S43A14T01,raw,167,5.566666666666666,False,False,0.1292386758637742,0.12916357421875002,-0.8042820338017571,-1.3662686767578125,0.5619866429560554,0.3552942155439226,0.4824165496826172,-0.12712233413869461,2.82361173058927,2.2021059570312502,0.6215057735580198
S43A14T01,raw,168,5.6,False,False,0.17997138669443397,0.16707983398437487,-0.8265811565317583,-1.3955206298828124,0.5689394733510541,0.34802342734019465,0.43775387573242186,-0.08973044839222721,2.8140908011880774,2.1752941894531252,0.6387966117349522
S43A14T01,raw,169,5.633333333333334,False,False,0.2102195747591311,0.18898059082031238,-0.8343943129624977,-1.4035454711914062,0.5691511582289085,0.3412033476734203,0.43247692871093757,-0.09127358103751726,2.817824757125366,2.1832801513671876,0.6345446057581783
S43A14T01,raw,170,5.666666666666667,False,False,0.2299929234884157,0.20145385742187494,-0.8608260038396259,-1.4499332275390624,0.5891072236994365,0.34134224214633346,0.4186836242675781,-0.07734138212124464,2.810572598077568,2.155743408203125,0.6548291898744432
S43A14T01,raw,171,5.7,True,False,0.2432580855635391,0.21346484374999997,-0.8637790315878876,-1.4699127197265627,0.6061336881386751,0.33690815338765534,0.42894165039062504,-0.0920334970029697,2.8202509670875635,2.157779907226563,0.6624710598610006
S43A14T01,raw,172,5.733333333333333,False,False,0.272966092907098,0.23482019042968738,-0.8793511502603532,-1.5005784301757812,0.621227279915428,0.3337618533040172,0.4398545837402344,-0.1060927304362172,2.8171835548054025,2.1571744384765625,0.66000911632884
S43A14T01,raw,173,5.766666666666667,False,False,0.2962605167240701,0.2374080810546877,-0.8857892335608978,-1.5077702026367188,0.621980969075821,0.329852214806042,0.41958642578125005,-0.08973421097520806,2.8273311510732233,2.175741455078125,0.6515896959950984
S43A14T01,raw,174,5.8,False,False,0.3385405103772103,0.2605825195312501,-0.901968681704757,-1.5315153808593749,0.6295466991546179,0.32755042480417473,0.4046012420654297,-0.07705081726125496,2.829982927251798,2.1831669921875,0.6468159350642977
S43A14T01,raw,175,5.833333333333333,False,False,0.33615185427340555,0.2549454345703124,-0.9080833529912562,-1.5517001342773438,0.6436167812860876,0.3231899311315571,0.3980348052978515,-0.07484487416629443,2.839361869081352,2.2102730712890626,0.6290887977922894
S43A14T01,raw,176,5.866666666666666,False,False,0.36775331702171243,0.2765267333984376,-0.912626772671164,-1.5467844848632812,0.6341577121921173,0.3231206252481492,0.40742814636230473,-0.08430752111415551,2.8481309375605384,2.217929931640625,0.6302010059199135
S43A14T01,raw,177,5.9,False,False,0.3789584953954224,0.28306921386718753,-0.9203374885819992,-1.5396307983398438,0.6192933097578447,0.32141379087946215,0.40202285766601564,-0.0806090667865535,2.8562238634298733,2.24335986328125,0.6128640001486234
S43A14T01,raw,178,5.933333333333334,True,False,0.35893889299747106,0.28774999999999995,-0.918366109867587,-1.483940185546875,0.565574075679288,0.32297866739288766,0.4773188781738281,-0.15434021078094046,2.868738119568378,2.3227387695312505,0.5459993500371274
S43A14T01,raw,179,5.966666666666667,True,False,0.3314650928950655,0.2906765136718752,-0.9334027012589168,-1.45789453125,0.5244918299910832,0.3250510582856579,0.5204674835205079,-0.19541642523484998,2.873265199468419,2.3579028320312503,0.5153623674371688
S43A14T01,raw,180,6.0,True,False,0.3030334553099868,0.27588842773437494,-0.9538871776203651,-1.4508172607421876,0.4969300831218225,0.32495468541850403,0.5376801300048828,-0.21272544458637876,2.876235029112521,2.3990231933593753,0.47721183575314585
S43A14T01,raw,181,6.033333333333333,True,False,0.3099037566505419,0.2778330078125,-0.9491449925037572,-1.485832763671875,0.5366877711681177,0.3214791368790042,0.5569317321777344,-0.2354525952987302,2.873795778794144,2.3775833740234376,0.4962124047707066
S43A14T01,raw,182,6.066666666666666,True,False,0.3182761303167339,0.2688593750000001,-0.9629300256738649,-1.5301358642578125,0.5672058385839476,0.3238819448555129,0.5420995788574219,-0.21821763400190897,2.86442103863569,2.331330322265625,0.5330907163700647
S43A14T01,raw,183,6.1,False,False,0.3177031884541374,0.2639202880859375,-0.9854924881583961,-1.5594093627929688,0.5739168746345727,0.32163694569055445,0.541455795288086,-0.2198188495975315,2.8481950314021596,2.3106492919921875,0.5375457394099721
S43A14T01,raw,184,6.133333333333334,True,False,0.2793249781074378,0.234133056640625,-1.0031144773019782,-1.5957539062500001,0.5926394289480219,0.32056699718861653,0.553202865600586,-0.23263586841196943,2.846047667101852,2.281900146484375,0.5641475206174769
S43A14T01,raw,185,6.166666666666667,True,False,0.2053221115284093,0.18663391113281258,-1.0190823177543047,-1.6184303588867186,0.5993480411324139,0.2980339919731387,0.5363336486816406,-0.2382996567085019,2.8341425198255563,2.246486328125,0.5876561917005563
S43A14T01,raw,186,6.2,True,False,0.22753232700752227,0.2067452392578124,-1.0295701098354182,-1.6302810668945313,0.6007109570591131,0.29609641434326256,0.5385188751220703,-0.24242246077880775,2.8298867888456765,2.2352447509765625,0.594642037869114
S43A14T01,raw,187,6.233333333333333,True,False,0.2397208956538315,0.21748278808593757,-1.0387616142758282,-1.6267902221679686,0.5880286078921404,0.30034894188857486,0.5424736328125,-0.2421246909239252,2.8272348519945116,2.2263443603515625,0.6008904916429492
S43A14T01,raw,188,6.266666666666667,False,False,0.24935144919664073,0.22273876953124994,-1.0476343854820136,-1.6231090087890625,0.5754746233070489,0.2995314139545128,0.5555506134033203,-0.2560191994488075,2.8281029450321453,2.23373779296875,0.5943651520633955
S43A14T01,raw,189,6.3,False,False,0.26036975421181774,0.2325189208984375,-1.0547180108176306,-1.6192793579101563,0.5645613470925257,0.3011174905962308,0.5688948669433593,-0.26777737634712856,2.828551691569568,2.2502857666015625,0.5782659249680053
S43A14T01,raw,190,6.333333333333333,False,False,0.26818753625954084,0.23742053222656256,-1.0636556889678483,-1.6043226928710939,0.5406670039032455,0.296245899624977,0.5848020935058593,-0.28855619388088233,2.8237848416282794,2.2654171142578123,0.558367727370467
S43A14T01,raw,191,6.366666666666666,False,False,0.2705260297644898,0.23231359863281242,-1.0705350155061968,-1.6001137084960937,0.5295786929898969,0.2926618682708425,0.6083602294921875,-0.315698361221345,2.82414482927619,2.26911376953125,0.5550310597449397
S43A14T01,raw,192,6.4,False,False,0.2721039949712978,0.21461730957031255,-1.0770738865343918,-1.5912673950195313,0.5141935084851394,0.289321906086774,0.5990353698730468,-0.30971346378627285,2.8311172958277138,2.2939771728515623,0.5371401229761514
S43A14T01,raw,193,6.433333333333334,False,False,0.26317801093764603,0.21230957031249997,-1.0910641680554163,-1.5925863037109376,0.5015221356555213,0.28514938957629826,0.6121727294921875,-0.3270233399158892,2.824239253979182,2.301094604492188,0.5231446494869942
S43A14T01,raw,194,6.466666666666667,False,False,0.26861837665265903,0.20810180664062505,-1.09941507942304,-1.612751708984375,0.5133366295613351,0.2857423274863873,0.600665283203125,-0.3149229557167377,2.827711044819135,2.3078048095703125,0.5199062352488224
S43A14T01,raw,195,6.5,False,False,0.29245591921978903,0.19738891601562503,-1.1031697101537596,-1.6298350830078125,0.5266653728540529,0.28099914831910344,0.5604367370605469,-0.2794375887414434,2.832510024466896,2.3040732421875,0.5284367822793961
S43A14T01,raw,196,6.533333333333333,True,False,0.3945806859770594,0.21959179687500008,-1.110088140908129,-1.616664306640625,0.5065761657324961,0.28101779968297597,0.5285245819091797,-0.24750678222620376,2.831098436656327,2.2936590576171874,0.5374393790391396
S43A14T01,raw,197,6.566666666666666,False,False,0.4072065520976869,0.21395581054687507,-1.1158385309620342,-1.6157275390625,0.4998890081004659,0.27517341811919566,0.5395451202392578,-0.26437170212006217,2.8291976819359768,2.3030928955078123,0.5261047864281645
S43A14T01,raw,198,6.6,False,False,0.42644142170916943,0.20203039550781265,-1.1226971726540733,-1.617950134277344,0.4952529616232706,0.27748340825754464,0.5480003509521485,-0.27051694269460386,2.8285839923654477,2.3098865966796875,0.5186973956857601
S43A14T01,raw,199,6.633333333333334,False,False,0.41374407713020295,0.19392968750000006,-1.1298867821139316,-1.6123098144531252,0.4824230323391936,0.2721776530930548,0.5630157470703125,-0.29083809397725774,2.8255313479328947,2.300759155273438,0.5247721926594568
S43A14T01,raw,200,6.666666666666667,True,False,0.3983646484373085,0.18012011718749998,-1.1347708728304213,-1.6023697509765626,0.4675988781461413,0.265759353202801,0.5714556274414062,-0.30569627423860524,2.8199388603300375,2.2873935546875,0.5325453056425373
S43A14T01,raw,201,6.7,False,False,0.368635803632636,0.15113000488281259,-1.1400899017799973,-1.5927656860351562,0.452675784255159,0.27385374418317154,0.6043081665039063,-0.33045442232073474,2.8188544097407013,2.2904678955078124,0.528386514232889
S43A14T01,raw,202,6.733333333333333,True,False,0.31133112944078245,0.18246118164062497,-1.1438596656297515,-1.552431884765625,0.4085722191358736,0.2727873117280129,0.6611361389160156,-0.38834882718800273,2.81631246469394,2.344888427734375,0.47142403695956503
S43A14T01,raw,203,6.766666666666667,False,False,0.2907795519796387,0.2031788330078126,-1.1487065142953763,-1.5271777954101564,0.3784712811147801,0.2756476594841352,0.7020931701660156,-0.42644551068188036,2.8122950145174386,2.375508056640625,0.43678695787681354
S43A14T01,raw,204,6.8,False,False,0.28951215642597344,0.22598669433593765,-1.1506692380602537,-1.5045836791992189,0.3539144411389652,0.2730598423479382,0.723474853515625,-0.45041501116768684,2.811752900525437,2.404806762695313,0.40694613783012423
S43A14T01,raw,205,6.833333333333333,False,False,0.2818479680402517,0.22554016113281272,-1.1577942131502252,-1.4937337036132812,0.33593949046305593,0.27044564754368816,0.7294631042480468,-0.4590174567043587,2.813361865241397,2.438233154296875,0.37512871094452205
S43A14T01,raw,206,6.866666666666666,False,False,0.28029835098646105,0.2257929687500002,-1.1646348103565607,-1.4848945312500001,0.32025972089343946,0.26589971598575673,0.7346994934082032,-0.46879977742244644,2.811278095313359,2.463199951171875,0.3480781441414842
S43A14T01,raw,207,6.9,False,False,0.2714933414804088,0.227565185546875,-1.1704011130525638,-1.4774117431640625,0.30701063011149876,0.2696147373058685,0.736996063232422,-0.46738132592655346,2.8049566163223503,2.4681549072265625,0.33680170909578777
S43A14T01,raw,208,6.933333333333334,False,False,0.27139143663182647,0.22501257324218749,-1.1773303196094231,-1.4705703735351563,0.29324005392573316,0.2689433184358558,0.7431145629882813,-0.4741712445524255,2.8013302763927372,2.4826463623046875,0.31868391408804975
S43A14T01,raw,209,6.966666666666667,False,False,0.2750067522166085,0.22105664062500008,-1.1768198674408823,-1.432173828125,0.25535396068411775,0.27497745383273225,0.7640838012695312,-0.489106347436799,2.7974229864566245,2.4991614990234376,0.2982614874331868
S43A14T01,raw,210,7.0,False,False,0.2691076948957263,0.2115675048828125,-1.1793396423809333,-1.4065684204101563,0.22722877802922303,0.28030181591409564,0.772631103515625,-0.4923292876015294,2.794663024184216,2.5247889404296875,0.26987408375452837
S43A14T01,raw,211,7.033333333333333,False,False,0.25641673688963246,0.22651806640624983,-1.1743374250724092,-1.3759146728515625,0.2015772477791533,0.2830930163265971,0.764404541015625,-0.48131152468902794,2.808767265584552,2.559739624023438,0.24902764156111434
S43A14T01,raw,212,7.066666666666666,False,False,0.2578843371708146,0.19438854980468734,-1.181642324064865,-1.361755065917969,0.18011274185310389,0.28213290083219617,0.7725902099609375,-0.49045730912874136,2.7936284237279594,2.5794312744140626,0.21419714931389677
S43A14T01,raw,213,7.1,True,False,0.26076265758110817,0.17808837890624996,-1.1919844675570963,-1.356593505859375,0.1646090383022787,0.2811012779817212,0.7814113464355469,-0.5003100684538258,2.7861195077017076,2.59024853515625,0.1958709725454577
S43A14T01,raw,214,7.133333333333334,False,False,0.25676394166210675,0.17276074218750015,-1.2021826413947097,-1.3524552001953125,0.15027255880060286,0.2792389102705709,0.7909342041015626,-0.5116952938309917,2.7773811425824517,2.592577880859375,0.1848032617230766
S43A14T01,raw,215,7.166666666666667,False,False,0.270726748146225,0.1585632324218751,-1.2118168852090314,-1.356484375,0.14466748979096855,0.2832358008453251,0.7853792419433594,-0.5021434410980343,2.769319087082883,2.60083447265625,0.16848461442663298
S43A14T01,raw,216,7.2,False,False,0.27734859989546407,0.15123608398437494,-1.2202115458145304,-1.3501295166015626,0.12991797078703216,0.28357569546700134,0.7963360290527344,-0.512760333585733,2.758192236558851,2.5993881835937502,0.1588040529651007
S43A14T01,raw,217,7.233333333333333,False,False,0.29426554299020075,0.13147229003906258,-1.2285793333502393,-1.3500868530273438,0.12150751967710449,0.2788460945260315,0.804417236328125,-0.5255711418020935,2.7482276684235223,2.629298828125,0.11892884029852224
S43A14T01,raw,218,7.266666666666667,False,False,0.2974429865190999,0.10623510742187481,-1.239563550076164,-1.3479266357421875,0.1083630856660236,0.277325418659841,0.8061825256347657,-0.5288571069749246,2.7400804156515797,2.6346578369140623,0.10542257873751737
S43A14T01,raw,219,7.3,False,False,0.29050045222739707,0.10936364746093741,-1.2497943614569076,-1.3424227905273438,0.09262842907043622,0.27563670755625025,0.7943613586425782,-0.5187246510863279,2.725794262907731,2.6222099609375,0.10358430197023116
S43A14T01,raw,220,7.333333333333333,False,False,0.28498809193918667,0.12280969238281259,-1.2562697919746784,-1.3448890991210938,0.08861930714641542,0.27492122478869613,0.7796804809570312,-0.5047592561683352,2.713698923855677,2.629028442382813,0.08467048147286382
S43A14T01,raw,221,7.366666666666666,False,False,0.274087637456642,0.12758337402343733,-1.2760923979391705,-1.3583338012695312,0.08224140333036067,0.2736792870181568,0.7635859680175782,-0.48990668099942136,2.7019452192631763,2.6416240234375,0.06032119582567619
S43A14T01,raw,222,7.4,False,False,0.265661152508468,0.145986328125,-1.287473711201971,-1.3737888183593752,0.0863151071574042,0.2707210446279818,0.7725734252929688,-0.501852380664987,2.7063322360599873,2.679357666015625,0.026974570044362434
S43A14T01,raw,223,7.433333333333334,False,False,0.27041547207730415,0.1881856689453123,-1.2887081802799667,-1.3616607055664063,0.07295252528643958,0.2704886637899004,0.7633069763183593,-0.4928183125284589,2.6998841691775963,2.688607421875,0.011276747302596313
S43A14T01,raw,224,7.466666666666667,False,False,0.30031977453702396,0.22864611816406244,-1.2868666701754965,-1.3574656372070313,0.07059896703153479,0.2667909527190786,0.7571998596191407,-0.4904089069000621,2.684608681498199,2.6907392578125,-0.006130576314300917
S43A14T01,raw,225,7.5,False,False,0.3155736066540626,0.24673693847656253,-1.2819033204645665,-1.3614987182617189,0.07959539779715241,0.26204500433936306,0.7564834899902344,-0.49443848565087134,2.678052706867952,2.6765570068359374,0.0014957000320143798
S43A14T01,raw,226,7.533333333333333,False,False,0.3446589940060059,0.2750364990234375,-1.2842605013272703,-1.3668425903320314,0.08258208900476105,0.2533497379297503,0.7641713256835938,-0.5108215877538436,2.6684894916874993,2.6640528564453128,0.004436635242186515
S43A14T01,raw,227,7.566666666666666,True,False,0.34286413737003496,0.27858203125000003,-1.282050409049428,-1.3746160888671874,0.09256567981775943,0.24318591989883945,0.7549914550781249,-0.5118055351792855,2.6509442111561996,2.644642333984375,0.006301877171824621
S43A14T01,raw,228,7.6,False,False,0.3527691313693774,0.2880494384765626,-1.2850349817132483,-1.3838991088867187,0.09886412717347048,0.23759990756594618,0.7581952819824218,-0.5205953744164756,2.6443088902756884,2.6226617431640626,0.021647147111625742
S43A14T01,raw,229,7.633333333333334,False,False,0.2772539841062366,0.24690710449218733,-1.2849643428781368,-1.3704426879882812,0.0854783451101444,0.24120160091259382,0.7926806945800782,-0.5514790936674844,2.625688978347669,2.574434326171875,0.05125465217579395
S43A14T01,raw,230,7.666666666666667,False,False,0.2654295354281307,0.19900598144531245,-1.2950393213041287,-1.3779193725585936,0.08288005125446496,0.23338460239025102,0.8229720153808594,-0.5895874129906084,2.6092215567900054,2.5288095703125,0.08041198647750525
S43A14T01,raw,231,7.7,False,False,0.2681572171766326,0.19018518066406243,-1.2958702035389869,-1.3841237182617188,0.08825351472273191,0.23350218330481723,0.8254014892578125,-0.5918993059529953,2.608203160359894,2.5154307861328125,0.0927723742270814
S43A14T01,raw,232,7.733333333333333,True,False,0.24134180479897044,0.1795871582031252,-1.2946350017937196,-1.3937799072265626,0.09914490543284304,0.22258588625098785,0.7810503540039062,-0.5584644677529184,2.5858520250270196,2.468906005859375,0.1169460191676448
S43A14T01,raw,233,7.766666666666667,True,False,0.2688480229092231,0.16212756347656265,-1.3030066053104201,-1.4289824829101563,0.12597587759973616,0.21352709204601475,0.7683926391601563,-0.5548655471141416,2.5570843351251433,2.43380126953125,0.12328306559389324
S43A14T01,raw,234,7.8,False,False,0.2502028837413052,0.14326904296874998,-1.2999867099447802,-1.4354495849609374,0.13546287501615728,0.20887038317586787,0.7379502868652343,-0.5290799036893665,2.5451604297666823,2.383457763671875,0.16170266609480732
S43A14T01,raw,235,7.833333333333333,False,False,0.2741629225692765,0.15578588867187504,-1.311439918217492,-1.45991748046875,0.14847756225125797,0.20406893113355473,0.7545390319824219,-0.5504701008488672,2.5422744446910754,2.37711669921875,0.16515774547232542
S43A14T01,raw,236,7.866666666666666,True,False,0.23503802315430036,0.17462255859374998,-1.3202988316950313,-1.4760592041015625,0.1557603724065313,0.22443186417322447,0.8447994079589844,-0.62036754378576,2.538759947852104,2.3780654296875,0.160694518164604
S43A14T01,raw,237,7.9,True,False,0.21623600476286348,0.20339880371093755,-1.335810973613831,-1.4859824829101562,0.15017150929632517,0.23299737421108874,0.9126065979003906,-0.6796092236893019,2.518669188753763,2.3503167724609373,0.1683524162928256
S43A14T01,raw,238,7.933333333333334,False,False,0.22035183957333868,0.20287561035156232,-1.3489518030278127,-1.5234518432617188,0.17450004023390608,0.24017603766892032,0.9354172058105469,-0.6952411681416266,2.5109179434126467,2.330047119140625,0.18087082427202184
S43A14T01,raw,239,7.966666666666667,False,False,0.21706483983188943,0.20227258300781248,-1.356517919069676,-1.5410993041992187,0.1845813851295428,0.2501714707454053,0.9491983337402343,-0.6990268629948291,2.495811188333857,2.30114306640625,0.19466812192760719
S43A14T01,raw,240,8.0,False,False,0.21183743093668633,0.20580541992187484,-1.356897038439175,-1.5376611328125,0.18076409437332508,0.2566298667599375,0.9583864135742188,-0.7017565468142813,2.4829084064471885,2.2775400390625,0.20536836738468844
S43A14T01,raw,241,8.033333333333333,False,False,0.20783405099121624,0.20010302734374985,-1.365617689494582,-1.5418189697265625,0.17620128023198056,0.27432655459178756,0.984827880859375,-0.7105013262675874,2.4803376689589225,2.2512396240234374,0.22909804493548513
S43A14T01,raw,242,8.066666666666666,True,False,0.21021848738129276,0.20420263671875016,-1.3609745688018315,-1.518425048828125,0.15745048002629347,0.2878956136882935,0.987374481201172,-0.6994788675128785,2.47524144182137,2.2584696044921877,0.21677183732918248
S43A14T01,raw,243,8.1,False,False,0.20891513760338107,0.20649548339843737,-1.3538207029061744,-1.4948495483398436,0.14102884543366923,0.3046038435725331,1.0009380798339844,-0.6963342362614513,2.472563746434751,2.28336279296875,0.18920095346600085
S43A14T01,raw,244,8.133333333333333,False,False,0.19542052922666545,0.19320373535156254,-1.3562451918139882,-1.4738871459960938,0.11764195418210566,0.31998133869798834,1.0212947692871093,-0.7013134305891209,2.46597969015423,2.3232183837890625,0.1427613063651676
S43A14T01,raw,245,8.166666666666666,False,False,0.19508093652807443,0.19508093261718762,-1.3568363752055896,-1.4539690551757811,0.09713267997019148,0.33746734349922225,1.0304747924804687,-0.6930074489812464,2.462012642388648,2.343786376953125,0.11822626543552328
S43A14T01,raw,246,8.2,True,False,0.1870118368074526,0.18677111816406233,-1.3616539372973697,-1.4535022583007813,0.09184832100341156,0.3629922377540187,1.0557347412109377,-0.692742503456919,2.457969425383451,2.357800659179688,0.10016876620376314
S43A14T01,raw,247,8.233333333333333,False,False,0.16804745342083263,0.1660733642578125,-1.3565923794019707,-1.4371652221679687,0.08057284276599797,0.3802167829039244,1.0627321777343752,-0.6825153948304508,2.4660944718378968,2.3896055908203127,0.07648888101758411
S43A14T01,raw,248,8.266666666666667,True,False,0.14928456489763695,0.1442401123046877,-1.3501442424962542,-1.4199547729492188,0.06981053045296459,0.3819334110573021,1.0362781982421876,-0.6543447871848855,2.463945361430318,2.417959228515625,0.04598613291469311
S43A14T01,raw,249,8.3,False,False,0.1474528972686731,0.14161413574218762,-1.3525434952404984,-1.4150418090820311,0.062498313841532704,0.38276967382925625,1.037449768066406,-0.6546800942371498,2.4625405247965717,2.424207153320313,0.038333371476258815
S43A14T01,raw,250,8.333333333333334,False,False,0.1445283130048351,0.13618457031249998,-1.354728793687169,-1.3958778076171876,0.041149013930018574,0.3788174213517146,1.0230778503417968,-0.6442604289900822,2.461261078518941,2.4376895751953125,0.023571503323628562
S43A14T01,raw,251,8.366666666666667,True,False,0.14756978958564734,0.132678466796875,-1.353541679085355,-1.361947265625,0.008405586539645071,0.38047485312607665,1.03949658203125,-0.6590217289051734,2.472304895717677,2.4802120361328126,-0.007907140415135405
S43A14T01,raw,252,8.4,True,False,0.15217953509851834,0.1420750732421876,-1.349872923003301,-1.3224032592773438,-0.027469663725957272,0.37406501268746234,1.03914453125,-0.6650795185625378,2.4685768803220607,2.507524169921875,-0.038947289599814194
S43A14T01,raw,253,8.433333333333334,False,False,0.1544288783056327,0.14606774902343767,-1.3517663900871824,-1.2990521850585939,-0.05271420502858848,0.3752500331392142,1.0446945190429688,-0.6694444859037547,2.4629785595611855,2.5240775146484378,-0.06109895508725227
S43A14T01,raw,254,8.466666666666667,False,False,0.16183396061659658,0.1560368652343751,-1.3539385108534487,-1.24460302734375,-0.10933548350969868,0.3792245308644921,1.0679221801757812,-0.6886976493112891,2.4663394620466637,2.538064086914063,-0.07172462486739928
S43A14T01,raw,255,8.5,True,False,0.16115285494321896,0.15893627929687515,-1.3586746053468484,-1.241736572265625,-0.1169380330812233,0.37495376352781684,1.0636336669921875,-0.6886799034643707,2.464622679930908,2.5694581298828125,-0.10483544995190464
S43A14T01,raw,256,8.533333333333333,True,False,0.17633126168239327,0.1762690429687499,-1.3853999406304547,-1.216361083984375,-0.16903885664607965,0.38499682515246475,1.0972306518554689,-0.7122338267030042,2.4565438071463794,2.570862426757812,-0.11431861961143275
S43A14T01,raw,257,8.566666666666666,False,False,0.17864227228665552,0.17732006835937497,-1.4292890066002917,-1.303353515625,-0.12593549097529166,0.38878928451909756,1.1055524291992187,-0.7167631446801211,2.459150146673476,2.605450561523438,-0.1463004148499616
S43A14T01,raw,258,8.6,True,False,0.18382168700835827,0.1816553955078124,-1.4472044688838612,-1.3631039428710938,-0.08410052601276741,0.38595758348952147,1.12421484375,-0.7382572602604784,2.4532502931546527,2.634028564453125,-0.18077827129847224
S43A14T01,raw,259,8.633333333333333,True,False,0.20142682656237273,0.19953369140625,-1.4447755661712147,-1.3750754394531248,-0.0697001267180899,0.3871787596495781,1.1270730590820315,-0.7398942994324533,2.44639277708829,2.648349609375,-0.2019568322867098
S43A14T01,filtered,0,0.0,False,False,0.25656744535941883,0.18319826340900325,-1.4618605384771417,-1.3404598539481625,-0.12140068452897923,-0.15950666866005828,0.6867397277876832,-0.8462463964477415,2.025750048651972,1.9557925683012571,0.06995748035071503
S43A14T01,filtered,1,0.03333333333333333,False,True,0.2565565369232206,0.18319369031810884,-1.461853433613852,-1.3404547854669917,-0.1213986481468603,-0.15950562182873568,0.6867524675822858,-0.8462580894110214,2.0257682736788487,1.9558138079129144,0.06995446576593434
S43A14T01,filtered,2,0.06666666666666667,False,True,0.25653008266128474,0.18317961100372981,-1.4618451150105096,-1.3404528542213392,-0.12139226078917043,-0.15950961631819136,0.6867447758529567,-0.8462543921711481,2.02578323648712,1.9558346266257813,0.06994860986133888
S43A14T01,filtered,3,0.1,False,True,0.25648819442969584,0.1831558705843348,-1.4618362566732315,-1.3404548112521821,-0.12138144542104934,-0.1595191037391434,0.6867139189532212,-0.8462330226923647,2.025792778078107,1.9558527361299503,0.06994004194815662
S43A14T01,filtered,4,0.13333333333333333,False,True,0.256432645583007,0.18312331512817637,-1.4618277071900974,-1.3404611245212732,-0.12136658266882416,-0.1595340298159472,0.6866591527014972,-0.8461931825174445,2.025794940935131,1.9558657385041542,0.06992920243097678
S43A14T01,filtered,5,0.16666666666666666,False,True,0.2563669710983096,0.1830838756609583,-1.4618204297898425,-1.3404718799080455,-0.121348549881797,-0.15955375220273527,0.6865821474437066,-0.8461358996464419,2.0257882123296014,1.9558713622977901,0.06991685003181125
S43A14T01,filtered,6,0.2,False,True,0.2562963976915929,0.18304055134605401,-1.4618154197817135,-1.3404867056422045,-0.12132871413950896,-0.15957700657513704,0.6864872301091552,-0.8460642366842923,2.025771762599469,1.955867726207884,0.06990403639158504
S43A14T01,filtered,7,0.23333333333333334,False,True,0.25622758183136063,0.18299727609793037,-1.461813604229093,-1.3405047322847863,-0.12130887194430673,-0.1596019329972535,0.6863813856834856,-0.8459833186807391,2.0257456521709893,1.9558536070953725,0.06989204507561686
S43A14T01,filtered,8,0.26666666666666666,False,True,0.2561681501445091,0.1829586625555477,-1.4618157314439164,-1.3405245986937775,-0.12129113275013892,-0.15962617023669656,0.6862739761091082,-0.8459001463458048,2.0257109798594732,1.9558286845798536,0.06988229527961964
S43A14T01,filtered,9,0.3,False,True,0.2561260567585085,0.18292962933535262,-1.461822260291577,-1.3405445113318906,-0.12127774895968635,-0.15964701980511714,0.686176157388082,-0.8458231771931992,2.0256699464569614,1.9557937321169205,0.06987621434004088
S43A14T01,filtered,10,0.3333333333333333,False,True,0.2561087941046476,0.18291493093154632,-1.461833261053584,-1.3405623598776615,-0.12127090117592254,-0.15966167439235357,0.6861000044310309,-0.8457616788233845,2.0256258121086694,1.955750724922991,0.06987508718567836
S43A14T01,filtered,11,0.36666666666666664,False,True,0.2561225156259287,0.18291862335670084,-1.461848340408495,-1.3405758866254005,-0.12127245378309448,-0.1596674975845726,0.6860573859516292,-0.8457248835362019,2.025582733543108,1.9557028388062334,0.06987989473687461
S43A14T01,filtered,12,0.4,False,True,0.2561711483590331,0.18294351120629848,-1.4618666027098388,-1.3405829009997967,-0.1212837017100421,-0.15966233402194055,0.6860586656578321,-0.8457209996797727,2.0255454775819617,1.955654321057761,0.06989115652420064
S43A14T01,filtered,13,0.43333333333333335,False,True,0.25625558800867987,0.1829906317493748,-1.4618866579955143,-1.3405815242037051,-0.12130513379180918,-0.15964482228998805,0.6861113377342016,-0.8457561600241896,2.0255190198996362,1.9556102248912262,0.06990879500841007
S43A14T01,filtered,14,0.4666666666666667,False,True,0.25637307650029345,0.18305883737414752,-1.4619066840052068,-1.3405704432084806,-0.12133624079672622,-0.15961467773289453,0.6862187303832559,-0.8458334081161504,2.025508051773759,1.9555760119548244,0.06993203981893448
S43A14T01,filtered,15,0.5,False,True,0.256516860023901,0.1831445379140566,-1.4619245450005838,-1.3405491486900045,-0.12137539631057925,-0.159572909874977,0.6863789272177874,-0.8459518370927643,2.025516431315529,1.9555570422603339,0.06995938905519528
S43A14T01,filtered,16,0.5333333333333333,False,True,0.25667621283355874,0.18324165806346793,-1.4619379646239747,-1.3405181288097106,-0.12141983581426419,-0.15952193995768332,0.6865840591705654,-0.8461059991282487,2.025546627925822,1.9555579862127206,0.06998864171310126
S43A14T01,filtered,17,0.5666666666666667,False,True,0.25683688799810667,0.18334185180295415,-1.4619447437988098,-1.3404789905570733,-0.12146575324173647,-0.15946558873374733,0.6868201067204616,-0.8462856954542088,2.0255992179264464,1.955582207739347,0.07001701018709938
S43A14T01,filtered,18,0.6,False,True,0.2569820214803057,0.18343499569305566,-1.4619430083150722,-1.340434483165975,-0.12150852514909727,-0.15940891327765083,0.6870673222564161,-0.8464762355340669,2.0256724939557245,1.9556311791091792,0.0700413148465453
S43A14T01,filtered,19,0.6333333333333333,False,True,0.2570934721806455,0.18350995701978867,-1.4619314649096846,-1.3403884041125613,-0.12154306079712329,-0.15935788394754694,0.6873013355264588,-0.8466592194740057,2.025762249506265,1.9557039951931716,0.0700582543130932
S43A14T01,filtered,20,0.6666666666666666,False,True,0.25715353103894695,0.1835556028271872,-1.4619096400571716,-1.3403453773147413,-0.12156426274243026,-0.1593189081045876,0.6874949433962995,-0.8468138515008871,2.025861792031667,1.9557970561156566,0.07006473591601026
S43A14T01,filtered,21,0.7,False,True,0.2571468812451258,0.18356198433045212,-1.46187807303423,-1.3403105049553536,-0.12156756807887636,-0.15929822465252463,0.6876205125540704,-0.846918737206595,2.0259622230309806,1.9559039813197785,0.07005824171120212
S43A14T01,filtered,22,0.7333333333333333,False,True,0.2570626442963314,0.1835216011472498,-1.461838434733095,-1.3402889080533091,-0.12154952667978591,-0.1593012113905029,0.6876528461757778,-0.8469540575662807,2.0260530018029477,1.9560158044105498,0.07003719739239789
S43A14T01,filtered,23,0.7666666666666667,False,True,0.25689630878532826,0.18343062467138838,-1.4617935466281564,-1.3402851853809628,-0.12150836124719366,-0.15933166374845176,0.6875722902896162,-0.846903954038068,2.026122782290087,1.956121476857068,0.07000130543301886
S43A14T01,filtered,24,0.8,False,True,0.25665131611254055,0.18328994327509385,-1.4617472804620568,-1.340302834163984,-0.12144444629807283,-0.15939111669678277,0.6873677910589686,-0.8467589077557514,2.0261604815385557,1.9562086806711505,0.06995180086740516
S43A14T01,filtered,25,0.8333333333333334,False,True,0.2563400748120129,0.1831058871088822,-1.461704328518948,-1.340343687616841,-0.12136064090210685,-0.1594782894983475,0.6870395691733928,-0.8465178586717403,2.0261565064370544,1.9562649173479914,0.06989158908906301
S43A14T01,filtered,26,0.8666666666666667,False,True,0.25598419657296656,0.18289049963473158,-1.4616698463518085,-1.340407432137484,-0.1212624142143246,-0.1595887337311757,0.6866010601679189,-0.8461897938990945,2.0261040357840323,1.956278805303478,0.06982523048055422
S43A14T01,filtered,27,0.9,False,True,0.25561379408502594,0.18266124816840335,-1.461648983722444,-1.340491269409883,-0.12115771431256106,-0.15971475733509494,0.6860797864353594,-0.8457945437704544,2.0260002309038976,1.9562414841168034,0.06975874678709415
S43A14T01,filtered,28,0.9333333333333333,False,True,0.2552657528629241,0.18244010669092225,-1.4616463341512742,-1.3405897845512964,-0.1210565495999778,-0.15984568067177163,0.6855168821124662,-0.8453625627842378,2.0258472335253916,1.9561479948912615,0.06969923863413019
S43A14T01,filtered,29,0.9666666666666667,False,True,0.2549809828084942,0.18225199941472758,-1.461665347435471,-1.340695070089259,-0.12097027734621202,-0.15996845493789236,0.6849650866986898,-0.8449335416365822,2.0256528076075426,1.9559984859218487,0.06965432168569397
S43A14T01,filtered,30,1.0,False,True,0.2548007642540574,0.18212265966019947,-1.4617077611799332,-1.340797136906324,-0.1209106242736091,-0.16006863991854534,0.6844851539595165,-0.8445537938780618,2.0254304946316553,1.955799085286479,0.0696314093451762
S43A14T01,filtered,31,1.0333333333333334,False,True,0.25476241885140577,0.18207603037154718,-1.4617731151620081,-1.3408846180610894,-0.12088849710091876,-0.1601316992227019,0.6841407817373252,-0.844272480960027,2.025199180787307,1.9555622899414145,0.06963689084589264
S43A14T01,filtered,32,1.0666666666666667,False,True,0.2548946470945248,0.182131403433891,-1.4618584147157883,-1.340945741120584,-0.12091267359520419,-0.16014452998644832,0.6839923437642275,-0.8441368737506758,2.0249820191863814,1.9553067462469906,0.0696752729393908
S43A14T01,filtered,33,1.1,False,True,0.2552129692841229,0.18230055714517723,-1.4619580050871979,-1.340969511667451,-0.12098849341974693,-0.16009710454605655,0.684089880649141,-0.8441869851951975,2.024804708737634,1.9550563398910006,0.06974836884663338
S43A14T01,filtered,34,1.1333333333333333,False,True,0.255715772659328,0.1825851966241041,-1.4620637071830016,-1.340947018020777,-0.12111668916222462,-0.159984068274984,0.6844659653036964,-0.8444500335786804,2.024693199792892,1.9548385723959893,0.06985462739690274
S43A14T01,filtered,35,1.1666666666666667,False,True,0.25638149211924505,0.1829750228420206,-1.4621652462738115,-1.3408727384760866,-0.12129250779772494,-0.1598061152806785,0.6851291782840403,-0.8449352935647187,2.0246709696079512,1.9546822732852969,0.06998869632265436
S43A14T01,filtered,36,1.2,False,True,0.2571674251849214,0.18344674585065368,-1.4622509797402532,-1.3407457112827217,-0.12150526845753151,-0.15957095626510098,0.6860589915539193,-0.8456299478190202,2.02475608109851,1.954614776070342,0.07014130502816807
S43A14T01,filtered,37,1.2333333333333334,False,True,0.2580105967346166,0.18396431229874577,-1.462308899422535,-1.3405704177405533,-0.12173848168198176,-0.159293704010883,0.6872028484629966,-0.8464965524738797,2.0249582984399566,1.9546587653163696,0.07029953312358694
S43A14T01,filtered,38,1.2666666666666666,False,True,0.25883094369373233,0.18448053514796725,-1.4623278508948097,-1.340357233260252,-0.12197061763455763,-0.15899653373979752,0.6884761317161958,-0.8474726654559933,2.025276574638899,1.9548290726991693,0.0704475019397297
S43A14T01,filtered,39,1.3,False,True,0.25953688882030634,0.1849401969313087,-1.462298879069399,-1.3401223220632692,-0.12217655700612973,-0.15870752825276782,0.6897655253031421,-0.8484730535559099,2.0256972417507044,1.95512975316284,0.07056748858786444
S43A14T01,filtered,40,1.3333333333333333,False,True,0.26003312786690425,0.18528455331449756,-1.462216580452003,-1.3398868891049072,-0.12232969134709593,-0.1584586893808426,0.6909360050690321,-0.8493946944498747,2.026193217868859,1.9555517993017557,0.07064141856710338
S43A14T01,filtered,41,1.3666666666666667,False,True,0.26023018490759325,0.18545700156715172,-1.4620803208112636,-1.3396757568142816,-0.12240456399698196,-0.158283183587257,0.6918413499975624,-0.8501245335848194,2.026724492689797,1.9560718454673762,0.07065264722242093
S43A14T01,filtered,42,1.4,False,True,0.2600550219506603,0.18540951294322539,-1.4618951665082334,-1.3395153015187398,-0.1223798649894936,-0.15821198398905365,0.6923376765439879,-0.8505496605330416,2.0272400648673017,1.9566521676880693,0.07058789717923242
S43A14T01,filtered,43,1.4333333333333333,False,True,0.2594617508318416,0.18510927584036696,-1.4616723811802068,-1.3394308602230178,-0.12224152095718899,-0.15827016502575597,0.6922990948972972,-0.8505692599230532,2.027681382804737,1.9572421993862532,0.07043918341848387
S43A14T01,filtered,44,1.4666666666666666,False,True,0.25844131904041634,0.18454487639078776,-1.4614293588144618,-1.3394437962829222,-0.12198556253153958,-0.15847318944490257,0.6916342094727194,-0.850107398917622,2.0279871933626112,1.9577816582118186,0.07020553515079264
S43A14T01,filtered,45,1.5,False,True,0.2570289560987634,0.18373127308106518,-1.4611889000279692,-1.3395684846351386,-0.12162041539283064,-0.15882358949436,0.6903018809588221,-0.8491254704531821,2.028099541542386,1.9582052227312547,0.0698943188111314
S43A14T01,filtered,46,1.5333333333333334,False,True,0.25530819764552126,0.1827128182041704,-1.4609777894644964,-1.3398095350317631,-0.12116825443273327,-0.15930847485434546,0.6883244786139386,-0.847632953468284,2.027970503352723,1.9584485204743345,0.0695219828783884
S43A14T01,filtered,47,1.5666666666666667,False,True,0.25341046572741643,0.18156365329206237,-1.4608246956725086,-1.3401596065778556,-0.12066508909465301,-0.1598982900475099,0.6857968191954944,-0.8456951092430043,2.027569091020442,1.9584550064259731,0.06911408459446888
S43A14T01,filtered,48,1.6,False,True,0.2515094787525084,0.18038496383996905,-1.4607574858531278,-1.3405981710497032,-0.12015931480342457,-0.16054718764868908,0.6828891429761742,-0.8434363306248633,2.0268876627177588,1.958183142265589,0.06870452045216968
S43A14T01,filtered,49,1.6333333333333333,False,True,0.24981018079183623,0.17929881843395568,-1.4608001200712815,-1.3410915500584388,-0.11970857001284263,-0.16119527816994678,0.679842832941028,-0.8410381111109748,2.0259471154652564,1.9576131522139306,0.06833396325132579
S43A14T01,filtered,50,1.6666666666666667,False,True,0.2485323896257402,0.17843862768446805,-1.4609693553214171,-1.3415944789152396,-0.1193748764061775,-0.16177286528431573,0.6769581365451178,-0.8387310018294336,2.024800154404945,1.9567525519986382,0.06804760240630703
S43A14T01,filtered,51,1.7,False,True,0.24788992580248073,0.17793661868983368,-1.4612715410923278,-1.342053338343232,-0.11921820274909578,-0.16220658356214893,0.6745738743851006,-0.8367804579472495,2.023532023843177,1.9556396417700823,0.06789238207309478
S43A14T01,filtered,52,1.7333333333333334,False,True,0.24806655469624278,0.17790910191418097,-1.4616998168946975,-1.3424110482980565,-0.11928876859664106,-0.16242713794777972,0.6730399677611656,-0.8354671057089453,2.0222582581034203,1.9543442358077707,0.06791402229564958
S43A14T01,filtered,53,1.7666666666666666,False,True,0.24919060482695865,0.1784406730487189,-1.4622320218836373,-1.342613444688861,-0.11961857719477642,-0.1623781175250908,0.6726845165314974,-0.8350626340565882,2.021119257711132,1.952965078688949,0.06815417902218313
S43A14T01,filtered,54,1.8,False,True,0.2513105758605089,0.17956880182623136,-1.4628295926409964,-1.342616772392695,-0.12021282024830149,-0.16202514233267573,0.6737780211205001,-0.8358031634531758,2.0202718039700933,1.9516236674665848,0.06864813650350854
S43A14T01,filtered,55,1.8333333333333333,False,True,0.25437437094090387,0.18127047112394012,-1.4634376558145157,-1.3423957427409037,-0.121041913073612,-0.1613644250532731,0.6764980678955155,-0.8378624929487886,2.0198779686417354,1.9504545501732857,0.06942341846844968
S43A14T01,filtered,56,1.8666666666666667,False,True,0.2582149164243846,0.18345260456024448,-1.463986419812188,-1.3419514391395526,-0.1220349806726353,-0.16042971356732016,0.6808982828713683,-0.8413279964386885,2.0200922231977114,1.949592579467839,0.07049964372987239
S43A14T01,filtered,57,1.9,False,True,0.262544789880071,0.18594792858581344,-1.4643938404383192,-1.341318230139383,-0.12307561029893632,-0.1592965477717703,0.686885510903432,-0.8461820586752022,2.0210478661107216,1.9491580326874933,0.0718898334232283
S43A14T01,filtered,58,1.9333333333333333,False,True,0.2669619987036026,0.18851763758652829,-1.4645693897125416,-1.3405687837948057,-0.12400060591773587,-0.1580828322232313,0.6942089228528512,-0.8522917550760825,2.0228441264468033,1.9492409231240966,0.07360320332270676
S43A14T01,filtered,59,1.9666666666666666,False,True,0.2709682206591365,0.19086176584145886,-1.4644186093048677,-1.339816286597122,-0.12460232270774574,-0.15694490547979043,0.7024640509273654,-0.8594089564071559,2.0255354288619882,1.9498861729136796,0.07564925594830862
S43A14T01,filtered,60,2.0,False,True,0.2739996875492537,0.1926375354927632,-1.463847996911713,-1.3392130661865829,-0.12463493072513021,-0.15606857872406169,0.7111136050553427,-0.8671821837794044,2.029124286757759,1.9510815441447489,0.07804274261300992
S43A14T01,filtered,61,2.033333333333333,False,True,0.27546957517330073,0.19348518247103863,-1.4627696735302547,-1.3389450048620637,-0.12382466866819097,-0.15565501094474718,0.719525384352765,-0.8751803952975122,2.0335591061555918,1.95275028297274,0.08080882318285187
S43A14T01,filtered,62,2.066666666666667,False,True,0.27481939563844443,0.19305991960826763,-1.4611052292270756,-1.3392214086702716,-0.12188382055680402,-0.15590176495878325,0.7270257756572984,-0.8829275406160817,2.03873782835416,1.9547502813786162,0.083987546975544
S43A14T01,filtered,63,2.1,False,True,0.2715756143567504,0.19106785158159756,-1.4587881588982974,-1.3402603545536147,-0.11852780434468269,-0.15697991627589186,0.7329653861881025,-0.8899453024639943,2.0445178298888393,1.9568811768141856,0.08763665307465374
S43A14T01,filtered,64,2.1333333333333333,False,True,0.265406670469825,0.18730289494278574,-1.455764386656143,-1.342269957473706,-0.1134944291824369,-0.1590086240881629,0.7367914932630535,-0.8958001173512165,2.0507318702900084,1.9589001856667263,0.09183168462328206
S43A14T01,filtered,65,2.1666666666666665,True,False,0.2561748944103386,0.18168116780665522,-1.4519905395588428,-1.3454264546694987,-0.1065640848893441,-0.1620290720512702,0.7381204406910616,-0.9001495127423318,2.0572091883783585,1.9605466220508687,0.09666256632748982
S43A14T01,filtered,66,2.2,False,True,0.24397760163437018,0.17426898337363106,-1.4474298615552106,-1.3498504624041405,-0.09757939915107006,-0.16598009316328433,0.7368021009385448,-0.9027821941018291,2.0638001686742937,1.9615740382174773,0.10222613045681639
S43A14T01,filtered,67,2.2333333333333334,False,True,0.2291719719459321,0.16530058205598963,-1.4420459409643906,-1.3555831830198635,-0.08646275794452718,-0.17067805406216374,0.7329682575161476,-0.9036463115783113,2.070402410641882,1.9617878178874324,0.10861459275444951
S43A14T01,filtered,68,2.2666666666666666,False,True,0.21237920036789512,0.15518211963022743,-1.4357947355691987,-1.3625646837827654,-0.07323005178643327,-0.17580363841929939,0.7270573837842222,-0.9028610222035216,2.076985611236301,1.9610849710071685,0.11590064022913271
S43A14T01,filtered,69,2.3,True,False,0.1944646966691275,0.14447921494823035,-1.4286156876739373,-1.370616588638148,-0.05799909903578926,-0.18089799350165556,0.719809850602549,-0.9007078441042046,2.0836124776850826,1.9594919551967185,0.12412052248836414
S43A14T01,filtered,70,2.3333333333333335,False,False,0.17649247527173875,0.13388653540233308,-1.420422991394522,-1.3794315756786657,-0.040991415715856405,-0.18537025923168016,0.7122300226287499,-0.8976002818604301,2.090452962720711,1.9571957368250172,0.1332572258956939
S43A14T01,filtered,71,2.3666666666666667,True,False,0.1596527711198038,0.12417940604996436,-1.4110982672630106,-1.3885719185695184,-0.022526348693492126,-0.18851777771486997,0.70551482387333,-0.8940326015882,2.097789473280003,1.9545631502598093,0.14322632302019356
S43A14T01,filtered,72,2.4,False,False,0.14516212453466856,0.11614917227358479,-1.4004859767178395,-1.397478921151383,-0.003007055566456529,-0.18955930464917645,0.7009518887548749,-0.8905111934040514,2.1060113350776435,1.95214403691615,0.15386729816149347
S43A14T01,filtered,73,2.433333333333333,False,False,0.1341367142390851,0.11052589205954089,-1.3883928387692461,-1.4054944567636574,0.017101617994411233,-0.1876803671877742,0.6997940136058519,-0.8874743807936261,2.1155976638001506,1.9506547126845228,0.16494295111562773
S43A14T01,filtered,74,2.466666666666667,False,False,0.12744897348137627,0.10789372045480494,-1.374592273152386,-1.4118949417126536,0.03730266856026754,-0.18208862434050288,0.703119898425933,-0.8852085227664359,2.1270888393429512,1.9509400126787868,0.17614882666416443
S43A14T01,filtered,75,2.5,False,False,0.1255982879555302,0.10860589935090736,-1.3588344878614742,-1.4159369744082004,0.05710248654672623,-0.17207580363277433,0.7116937403327567,-0.883769543965531,2.1410479202858226,1.9539143917643025,0.1871335285215201
S43A14T01,filtered,76,2.533333333333333,False,False,0.128638022563349,0.11270740586260675,-1.3408622769642626,-1.416912618547443,0.07605034158318036,-0.1570816494588588,0.7258377773522036,-0.8829194268110624,2.158014470220416,1.960485115767944,0.1975293544524721
S43A14T01,filtered,77,2.566666666666667,False,False,0.13616838825211275,0.11987388334606153,-1.3204319441097432,-1.4142109986861349,0.09377905457639168,-0.13675447014339623,0.7453321331785263,-0.8820866033219226,2.178454281546078,1.9714631739741897,0.2069911075718882
S43A14T01,filtered,78,2.6,False,False,0.14735556956619997,0.12937534757674007,-1.2973380857419046,-1.4073816456528134,0.11004355991090886,-0.1110024504484461,0.7693551334174686,-0.8803575838659148,2.2027092590866557,1.9874698354469336,0.21523942363972215
S43A14T01,filtered,79,2.6333333333333333,False,False,0.16094610700632547,0.1400722269172474,-1.2714403362846722,-1.3961940413163125,0.1247537050316403,-0.08003001734981269,0.7964746254003958,-0.8765046427502086,2.230952158000015,2.008848406064159,0.22210375193585596
S43A14T01,filtered,80,2.6666666666666665,False,False,0.17529528871572164,0.15044950114854716,-1.2426896788574697,-1.3806872381810171,0.1379975593235474,-0.04435427900685166,0.8246968441818724,-0.869051123188724,2.2631508736033616,2.035591408663949,0.2275594649394126
S43A14T01,filtered,81,2.7,False,False,0.18844588282228378,0.15869204708459272,-1.2111516343985038,-1.3612034197364253,0.15005178533792152,-0.004797909056287025,0.8515742753049758,-0.8563721843612628,2.29904650659931,2.0672928904884724,0.23175361611083778
S43A14T01,filtered,82,2.7333333333333334,False,False,0.19827487034956223,0.16280085739208205,-1.1770236156126397,-1.338399924781525,0.16137630916888535,0.03754324327975464,0.8743681593042226,-0.836824916024468,2.338148473973135,2.1031337857379344,0.23501468823520044
S43A14T01,filtered,83,2.7666666666666666,False,False,0.20270935963029843,0.16074575419508963,-1.1406439995086866,-1.3132356154286278,0.1725916159199412,0.08135721427544083,0.8902552796656543,-0.8088980653902135,2.3797485544162136,2.1419053181599805,0.23784323625623305
S43A14T01,filtered,84,2.8,True,False,0.20001711774882674,0.1506458748798183,-1.1024910318774053,-1.286929473733118,0.1844384418557128,0.12519453348480955,0.896563088283801,-0.7713685547989915,2.422954051656045,2.182071579684191,0.24088247197185408
S43A14T01,filtered,85,2.8333333333333335,True,False,0.18921075920214844,0.13096498716818838,-1.0631704947234561,-1.2608918290861526,0.19772133436269645,0.16756280522918496,0.8910127122417959,-0.7234499070126109,2.4667383815462474,2.221868074647751,0.24487030689849654
S43A14T01,filtered,86,2.8666666666666667,True,False,0.1707047034562005,0.10070510936913513,-1.0233920779548866,-1.2366314299924697,0.21323935203758304,0.20702961607865988,0.8719465954449553,-0.6649169793662955,2.510005527552709,2.2594286885203347,0.2505768390323744
S43A14T01,filtered,87,2.9,True,False,0.14763288135978697,0.05957952559111046,-0.9839355067572798,-1.215644395982837,0.2317088892255571,0.24232471160428926,0.838516996949173,-0.5961922853448838,2.551663171950345,2.2929297823064045,0.25873338964394055
S43A14T01,filtered,88,2.933333333333333,False,False,0.12853201399542566,0.008145614488503927,-0.9456085723278814,-1.199293591860983,0.25368501953310163,0.27243188205381097,0.790813638721324,-0.5183817566675131,2.5906981021244766,2.3207374594366366,0.26996064268784004
S43A14T01,filtered,89,2.966666666666667,True,False,0.12874220957558222,0.052120660554335174,-0.9092001704388492,-1.188688819557625,0.2794886491187759,0.29666154361360636,0.7299135356497539,-0.43325199203614756,2.626246892554806,2.341542935309641,0.2847039572451653
S43A14T01,filtered,90,3.0,True,False,0.15789509017676115,0.11882307348161403,-0.875432145029027,-1.1845791156086032,0.3091469705795762,0.3146966168072623,0.6578431807174723,-0.34314656391021,2.657655001882327,2.3544716338586342,0.3031833680236926
S43A14T01,filtered,91,3.033333333333333,False,False,0.20816106271957155,0.18872497804873367,-0.8449140571436193,-1.1872681544412775,0.3423540972976582,0.3266068577485835,0.577452172133582,-0.2508453143849985,2.6845183517931996,2.3591541896040678,0.3253641621891319
S43A14T01,filtered,92,3.066666666666667,True,False,0.267286480653206,0.2579120111075901,-0.8181048881464102,-1.1965622168720833,0.37845732872567306,0.3328300202779688,0.49220709974478366,-0.15937707946681484,2.7067031197897062,2.3557517187469044,0.35095140104280187
S43A14T01,filtered,93,3.1,True,False,0.3261917615674841,0.32203077781517986,-0.7952851338781372,-1.2117575056170877,0.4164723717389506,0.33412173175662707,0.40592385218154464,-0.07180212042491757,2.724341718006903,2.3449330161007524,0.3794087019061507
S43A14T01,filtered,94,3.1333333333333333,False,True,0.3781216354630757,0.3765884785298037,-0.7765418110967387,-1.2316700716857358,0.45512826058899714,0.3314793049778845,0.3224641686861391,0.00901513629174544,2.737805480981692,2.327806976514603,0.40999850446708885
S43A14T01,filtered,95,3.1666666666666665,False,True,0.41764387645871115,0.4172912710967138,-0.7617676910496041,-1.2547076718609413,0.4929399808113373,0.32604744524519064,0.2454270682304121,0.08062037701477853,2.7476571201365334,2.305818673159651,0.44183844697688235
S43A14T01,filtered,96,3.2,False,True,0.4403979749101412,0.4403938291311751,-0.7506747428669218,-1.2789789506240692,0.5283042077571474,0.3190155915886154,0.17786693043173077,0.14114866115688465,2.7545881885098424,2.280621380641875,0.4739668078679675
S43A14T01,filtered,97,3.2333333333333334,False,True,0.44317658474435134,0.44302969153846816,-0.7428204669540928,-1.3024318217707553,0.5596113548166626,0.31151724448227275,0.12206721029194839,0.18945003419032436,2.7593483528937126,2.253938887776008,0.5054094651177046
S43A14T01,filtered,98,3.2666666666666666,False,True,0.42410123159771196,0.42349197043162445,-0.7376446690396021,-1.3230101156937626,0.5853654466541605,0.3045410410065158,0.07939238693499401,0.2251486540715218,2.7626740021787253,2.2274325190604376,0.5352414831182877
S43A14T01,filtered,99,3.3,False,True,0.3827908318559989,0.3814368802135417,-0.7345133822388402,-1.3388156633621744,0.6043022811233342,0.29886166802427583,0.05023165850970125,0.2486300095145746,2.76522355608485,2.2025855243880086,0.5626380316968413
S43A14T01,filtered,100,3.3333333333333335,True,False,0.32049790812655515,0.3179881865930627,-0.7327661577622768,-1.3482621368487693,0.6154959790864925,0.2949962100990066,0.034037342774496174,0.26095886732451046,2.767525821157767,2.1806143126791073,0.5869115084786598
S43A14T01,filtered,101,3.3666666666666667,False,False,0.24030928597444584,0.2357286234647611,-0.731762836733014,-1.3502072319551457,0.6184443952221317,0.293188548925811,0.02945030700814892,0.26373824191766204,2.7699460192322722,2.1624119633635615,0.6075340558687108
S43A14T01,filtered,102,3.4,True,False,0.14820716096430006,0.1385739439412137,-0.7309261625201309,-1.3440511847978434,0.6131250222777125,0.2934213346488777,0.034495351323688334,0.25892598332518935,2.772671917120756,2.1485251707698785,0.6241467463508776
S43A14T01,filtered,103,3.433333333333333,True,False,0.06597857211019433,0.031535731154413105,-0.7297771360588123,-1.3297921252223732,0.6000149891635609,0.29545219342964585,0.046822403335934654,0.2486297900937112,2.7757200960407817,2.1391618490690507,0.636558246971731
S43A14T01,filtered,104,3.466666666666667,False,False,0.10157416725273369,0.07961056788793508,-0.7279607753662806,-1.3080322660705486,0.580071490704268,0.2988685255987355,0.06396540793843032,0.2349031176603052,2.7789601133887536,2.1342235376281167,0.6447365757606369
S43A14T01,filtered,105,3.5,True,False,0.2005996825447702,0.1887267262737704,-0.7252608273849839,-1.2799331786805666,0.5546723512955827,0.3031537086574164,0.08359025984557239,0.21956344881184403,2.7821524067203622,2.133354833524084,0.6487975731962781
S43A14T01,filtered,106,3.533333333333333,True,False,0.29868972492141244,0.2897492017986554,-0.7216029124193709,-1.2471230578819692,0.5255201454625983,0.3077568711952984,0.10370593507852617,0.20405093611677222,2.784994493772009,2.1360014838522536,0.6489930099197552
S43A14T01,filtered,107,3.566666666666667,True,False,0.3847890898361774,0.3771261037536029,-0.7170464873097014,-1.211563473786847,0.4945169864771456,0.31215865891616434,0.12281862495649254,0.1893400339596718,2.787169470585524,2.141469432916539,0.645700037668985
S43A14T01,filtered,108,3.6,True,False,0.4531889835962119,0.4462161351135361,-0.7117668356723807,-1.1753871305202792,0.46362029484789846,0.3159264785293639,0.14001632950155785,0.17591014902780605,2.788391034192063,2.148978785797743,0.6394122483943199
S43A14T01,filtered,109,3.6333333333333333,True,False,0.5001168476239125,0.4936150344912601,-0.7060289878742507,-1.1407211219085278,0.4346921340342771,0.3187543979010906,0.15497999794164252,0.1637743999594481,2.7884401798665848,2.1577089305180666,0.6307312493485182
S43A14T01,filtered,110,3.6666666666666665,False,False,0.5234511546922714,0.5173815914055307,-0.7001560063671938,-1.1095117251758533,0.4093557188086595,0.3204849604963884,0.16792583948533585,0.15255912101105257,2.787190174705856,2.1668335083606047,0.6203566663452511
S43A14T01,filtered,111,3.7,False,False,0.5227110350246981,0.5171447312035166,-0.6944944178515218,-1.0833667166036742,0.38887229875215246,0.3211123716445633,0.17949089112412536,0.14162148052043794,2.784618154960147,2.1755461126213884,0.6090720423387586
S43A14T01,filtered,112,3.7333333333333334,False,False,0.4990046972972724,0.4940844610209034,-0.6893797133398593,-1.0634295357900654,0.3740498224502061,0.32076857512883894,0.19057954644208272,0.13018902868675622,2.7808034767065415,2.183079196948899,0.5977242797576423
S43A14T01,filtered,113,3.7666666666666666,True,False,0.45488241467689866,0.4507913734888387,-0.6851047592179412,-1.0502965546900471,0.3651917954721059,0.3196954422544026,0.20219201150441687,0.11750343074998573,2.775914528451743,2.1887194821336466,0.5871950463180964
S43A14T01,filtered,114,3.8,True,False,0.39409542109473383,0.39102057192455997,-0.6818936657009658,-1.0439845478245826,0.36209088212361684,0.3182074851144435,0.21525634253950476,0.10295114257493876,2.7701869023890477,2.191823107268812,0.5783637951202358
S43A14T01,filtered,115,3.8333333333333335,True,False,0.3212851918987899,0.31936507268241665,-0.6798831551313564,-1.0439506235761762,0.36406746844481974,0.3166500979383531,0.2304839028141188,0.08616619512423429,2.7638965046511648,2.1918329624356416,0.5720635422155231
S43A14T01,filtered,116,3.8666666666666667,False,False,0.24165047568148532,0.24088001330208098,-0.6791127881452371,-1.0491618258585735,0.3700490377133364,0.3153583164144871,0.2482640810522104,0.06709423536227668,2.7573313327925852,2.188299271626867,0.5690320611657183
S43A14T01,filtered,117,3.9,True,False,0.16071160729863246,0.16069182429810114,-0.6795245865392017,-1.0582068346139288,0.37868224807472717,0.31462052377845073,0.2686084897957969,0.046012033982653855,2.7507653075838348,2.180902856853466,0.5698624507303687
S43A14T01,filtered,118,3.933333333333333,False,False,0.08484527649694243,0.08362584744117885,-0.6809717050328211,-1.06943815941117,0.3884664543783488,0.3146505388111151,0.29114832364686055,0.023502215164254547,2.744436825067194,2.16947893277208,0.5749578922951142
S43A14T01,filtered,119,3.966666666666667,True,False,0.033393956085628215,0.01388206555314464,-0.6832349372760504,-1.0811303623403523,0.39789542506430187,0.31557024821212026,0.3151819114545848,0.0003883367575354679,2.738533741740531,2.1540380633722758,0.5844956783682553
S43A14T01,filtered,120,4.0,True,False,0.06359805270993558,0.045217678495057756,-0.6860450928002699,-1.091638494225554,0.405593401425284,0.31740356663151076,0.3397635523280393,-0.022359985696528528,2.7331854807313993,2.134780300067103,0.5984051806642965
S43A14T01,filtered,121,4.033333333333333,False,False,0.10751494920063381,0.091395503976051,-0.6891087459375694,-1.0995412599362895,0.41043251399872005,0.3200811917175002,0.3638201928281811,-0.04373900111068091,2.728461996560508,2.112098653411251,0.6163633431492572
S43A14T01,filtered,122,4.066666666666666,True,False,0.1397825235485545,0.12348951597773095,-0.6921346087217174,-1.1037554327287242,0.41162082400700684,0.32345451462075664,0.38627989495967574,-0.0628253803389191,2.724378574528357,2.0865689443401223,0.6378096301882348
S43A14T01,filtered,123,4.1,False,False,0.1582413176529942,0.14143368981423987,-0.6948578541782425,-1.1036114987624726,0.40875364458423,0.32731625264945785,0.40619560102583724,-0.07887934837637939,2.7209049380282933,2.058924622439285,0.661980315589008
S43A14T01,filtered,124,4.133333333333334,True,False,0.1633464383508568,0.1461549046165338,-0.6970601040290509,-1.098885026064997,0.401824922035946,0.33142494242972664,0.42284934991432566,-0.09142440748459901,2.7179769164893273,2.030017100096293,0.6879598163930343
S43A14T01,filtered,125,4.166666666666667,True,False,0.1566976164471423,0.1394025925490403,-0.6985834377463708,-1.0897832666442704,0.3911998288978996,0.33553036863242874,0.43582547287688134,-0.1002951042444526,2.7155089683339377,2.000764220901099,0.7147447474328388
S43A14T01,filtered,126,4.2,True,False,0.14063244544473222,0.12353079571595105,-0.6993375816511916,-1.0768913926182253,0.37755381096703367,0.3393972606246601,0.44504580720776044,-0.10564854658310036,2.7134061032942602,1.972091313055138,0.7413147902391222
S43A14T01,filtered,127,4.233333333333333,False,False,0.1179497201586029,0.10125468128244419,-0.6993002796813441,-1.0610869316175124,0.3617866519361683,0.34282509280048307,0.4507649195439999,-0.10793982674351682,2.711574131544507,1.9448705561328001,0.7667035754117069
S43A14T01,filtered,128,4.266666666666667,False,False,0.09168465510824134,0.07540372612898172,-0.6985116137221871,-1.0434339086984807,0.3449222949762937,0.3456624844086604,0.4535280532057765,-0.10786556879711612,2.7099276024666943,1.919864884074134,0.7900627183925604
S43A14T01,filtered,129,4.3,False,False,0.06498913250577046,0.048691994167359365,-0.6970636330573428,-1.0250696128657588,0.32800597980841606,0.34781542014172434,0.45409845721776243,-0.10628303707603809,2.7083952114545924,1.8976822671553335,0.8107129442992589
S43A14T01,filtered,130,4.333333333333333,False,False,0.04135904879938221,0.023522508473622805,-0.6950870062580171,-1.007096703488112,0.31200969723009486,0.3492492204492082,0.4533635567892661,-0.1041143363400579,2.7069227964764226,1.8787450238509396,0.8281777726254831
S43A14T01,filtered,131,4.366666666666666,False,False,0.02597131425578289,0.0018381212209133135,-0.6927365028965268,-0.9904916961662525,0.29775519326972577,0.3499848123854065,0.45223092787432395,-0.10224611548891743,2.7054742884884493,1.8632770094926374,0.8421972789958119
S43A14T01,filtered,132,4.4,False,False,0.024522075351315016,0.014973952539787838,-0.6901769652082449,-0.9760380413376714,0.28586107612942646,0.3500903386881197,0.4515252655773221,-0.10143492688920241,2.704031114604752,1.8513094004126143,0.8527217141921377
S43A14T01,filtered,133,4.433333333333334,False,False,0.0301779786895204,0.026122088210562167,-0.6875710918892297,-0.9642884699289117,0.276717378039682,0.3496694660074457,0.4518966484493644,-0.1022271824419187,2.7025905900574965,1.8427036543824347,0.8598869356750618
S43A14T01,filtered,134,4.466666666666667,False,False,0.03411195684282514,0.031397733199192146,-0.6850698988721479,-0.9555575093145946,0.27048761044244674,0.3488479038381472,0.4537486435894118,-0.10490073975126463,2.701163794185985,1.83718836447899,0.8639754297069953
S43A14T01,filtered,135,4.5,False,False,0.034212483078138026,0.031117517429076424,-0.6828062241823089,-0.9499415276711669,0.26713530348885806,0.34775963237685814,0.45719245161430844,-0.1094328192374503,2.6997733309162126,1.8344053472194635,0.8653679836967492
S43A14T01,filtered,136,4.533333333333333,False,False,0.03145986875299456,0.026030052592494135,-0.6808911805342823,-0.9473607300722513,0.266469549537969,0.3465341829217736,0.46203063262077737,-0.11549644969900374,2.6984512495724906,1.8339595411256306,0.86449170844686
S43A14T01,filtered,137,4.566666666666666,False,False,0.029012874250222885,0.01719921093240251,-0.6794130907836046,-0.9476154829192844,0.26820239213567987,0.34528605108764965,0.4677712306142898,-0.12248517952664018,2.697237269359405,1.835467174645693,0.8617700947137119
S43A14T01,filtered,138,4.6,False,False,0.031362564216838244,0.00587618413381874,-0.678438207654793,-0.9504483382877447,0.27201013063295165,0.3441069890175605,0.4736705276090393,-0.12956353859147884,2.6961773289393878,1.8385971526185885,0.8575801763207993
S43A14T01,filtered,139,4.633333333333334,False,False,0.03989643361478612,0.0066279679513616685,-0.6780124367094383,-0.9556031944661986,0.27759075775676023,0.3430615574221401,0.47880036718417107,-0.13573880976203095,2.6953223853251376,1.8431016097478936,0.852220775577244
S43A14T01,filtered,140,4.666666666666667,False,True,0.05185150932371852,0.019059054919478013,-0.6781633434913709,-0.9628740756230839,0.28471073213171305,0.3421859592631597,0.4821341072031911,-0.1399481479400314,2.694727322854407,1.8488329484756192,0.8458943743787879
S43A14T01,filtered,141,4.7,False,False,0.06426097303404196,0.03031767906327587,-0.678901905234854,-0.9721378577736348,0.29323595253878076,0.3414898570912095,0.4826438756793982,-0.1411540185881887,2.694449806842152,1.8557462536643077,0.8387035531778442
S43A14T01,filtered,142,4.733333333333333,False,False,0.07513271704361292,0.03953272752698811,-0.6802237223423333,-0.9833676544331224,0.30314393209078905,0.3409606212907937,0.4794009690358146,-0.1384403477450209,2.6945489256924104,1.8638875862582815,0.8306613394341289
S43A14T01,filtered,143,4.766666666666667,False,False,0.08318053788158956,0.04610739800913355,-0.6821096842158155,-0.9966262061800525,0.31451652196423696,0.34056928392675817,0.4716709831424028,-0.13110169921564463,2.69508350324505,1.8733701394047966,0.8217133638402534
S43A14T01,filtered,144,4.8,False,False,0.08761654661052243,0.04973717727699134,-0.684526335853603,-1.0120411862289316,0.32751485037532857,0.3402773900486009,0.4589956187644225,-0.1187182287158216,2.6961100203031734,1.8843414528355684,0.811768567467605
S43A14T01,filtered,145,4.833333333333333,False,False,0.08805991795792727,0.050401353387051984,-0.6874263702476228,-1.0297665525870807,0.34234018233945795,0.3400439430230193,0.44125404530585743,-0.10121010228283811,2.697680150048805,1.8969457182163132,0.8007344318324918
S43A14T01,filtered,146,4.866666666666666,False,False,0.08448478645706033,0.04833141022189702,-0.690749744890375,-1.0499357098959097,0.3591859650055347,0.33983172175294696,0.4186982013606052,-0.07886647960765825,2.699837977048747,1.911285604636838,0.7885523724119088
S43A14T01,filtered,147,4.9,False,False,0.077173053803448,0.04396098556324746,-0.694425875127082,-1.0726131275434434,0.3781872524163614,0.3396123876561368,0.3919583818999306,-0.05234599424379377,2.70261702723843,1.927387968907351,0.7752290583310788
S43A14T01,filtered,148,4.933333333333334,False,False,0.06666154587725799,0.0378629726520352,-0.6983772000071148,-1.097751121480508,0.39937392147339323,0.3393699761861061,0.3620177915588272,-0.022647815372721092,2.7060372834164066,1.9451773134448738,0.7608599699715328
S43A14T01,filtered,149,4.966666666666667,False,False,0.05368331156516502,0.030679830301097555,-0.7025241746352666,-1.125157767642528,0.42263359300726133,0.339102559101062,0.3301572700980359,0.008945289003026102,2.7101023968299662,1.9644599794690871,0.7456424173608791
S43A14T01,filtered,150,5.0,False,False,0.039111342919333915,0.023053256860777305,-0.7067914588181541,-1.1544804882751305,0.4476890294569764,0.3388220499988011,0.2978739223516777,0.04094812764712341,2.7147973311502387,1.984920912980071,0.7298764181701678
S43A14T01,filtered,151,5.033333333333333,False,False,0.023945500957163305,0.015559087065125876,-0.7111147950673797,-1.1852079269990383,0.4740931319316586,0.338552292366122,0.2667796921594008,0.07177260020672122,2.7200866909391075,2.006133537634548,0.7139531533045593
S43A14T01,filtered,152,5.066666666666666,True,False,0.009813854745760025,0.008652592861087438,-0.7154478493216695,-1.2166905418904788,0.5012426925688093,0.33832570804548867,0.23848778979936716,0.09983791824612151,2.725913990943217,2.027581946393717,0.6983320445495003
S43A14T01,filtered,153,5.1,False,False,0.008778115463197072,0.0026283293217583825,-0.7197681658704029,-1.2481781549777953,0.5284099891073923,0.33817889112974203,0.21449612381129463,0.1236827673184474,2.732202110168642,2.048693415444112,0.6835086947245297
S43A14T01,filtered,154,5.133333333333334,False,False,0.02029635870862261,0.002402682054529759,-0.7240813892465099,-1.2788707465704265,0.5547893573239167,0.338147607188587,0.19607736093993788,0.1420702462486491,2.738855137252073,2.068878266069458,0.6699768711826151
S43A14T01,filtered,155,5.166666666666667,False,False,0.030873138116290978,0.006517201907760617,-0.7284230362647328,-1.3079772813647255,0.5795542450999926,0.3382617001482435,0.1841848719426587,0.15407682820558483,2.7457617414252566,2.087573440014551,0.6581883014107057
S43A14T01,filtered,156,5.2,False,False,0.039385741265072716,0.009965863791077556,-0.7328573467392481,-1.3347764516457232,0.6019191049064752,0.3385404177713462,0.1793826238823744,0.1591577938889718,2.7528000893952664,2.1042858600746897,0.6485142293205768
S43A14T01,filtered,157,5.233333333333333,False,False,0.045735895299476574,0.013143085654922615,-0.737473069935668,-1.3586730051542277,0.6211999352185598,0.33898863905842774,0.1818051367226775,0.15718350233575024,2.759844172981776,2.118631727806829,0.641212445174947
S43A14T01,filtered,158,5.266666666666667,False,False,0.05019335522001448,0.016544127240510687,-0.7423764114320756,-1.379243803584017,0.6368673921519415,0.3395944204492527,0.19115109024771443,0.14844333020153827,2.766771225836714,2.13036833399081,0.6364028918459042
S43A14T01,filtered,159,5.3,False,False,0.05335961219813022,0.020713621009350813,-0.74768172251233,-1.3962688735466255,0.6485871510342955,0.3403281714000578,0.20671126303308687,0.1336169083669709,2.773469711109898,2.139415662397789,0.6340540487121089
S43A14T01,filtered,160,5.333333333333333,True,False,0.05616862732948351,0.026190480415160255,-0.7535008142669939,-1.4097443411046913,0.6562435268376974,0.34114362604601084,0.2274284682968245,0.11371515774918634,2.7798471849863593,2.1458659673643785,0.6339812176219808
S43A14T01,filtered,161,5.366666666666666,False,False,0.05982835903985052,0.033454204890873473,-0.7599319820983867,-1.4198761045413466,0.6599441224429599,0.341980603558693,0.2519843035113557,0.08999630004733727,2.7858372172338672,2.1499805017112052,0.635856715522662
S43A14T01,filtered,162,5.4,False,False,0.06561727047231293,0.042877268072673,-0.7670499064865468,-1.4270551796830655,0.6600052731965187,0.34276935902549566,0.27890512805429546,0.0638642309712002,2.79140451151143,2.152173566536997,0.6392309449744329
S43A14T01,filtered,163,5.433333333333334,False,False,0.07455410560227389,0.054687547038837714,-0.7748975405991078,-1.4318176119308075,0.6569200713316997,0.34343613901041337,0.3066779673755933,0.03675817163482009,2.7965474398294066,2.152984968639914,0.6435624711894925
S43A14T01,filtered,164,5.466666666666667,False,False,0.087152709371316,0.06894371009837275,-0.7834809082726792,-1.4347934615383848,0.6513125532657056,0.3439093957336988,0.333866191103088,0.010043204630610758,2.8012973981304268,2.153042754106413,0.6482546440240138
S43A14T01,filtered,165,5.5,False,False,0.10343291872873528,0.08552523594533534,-0.7927674360212864,-1.4366504418720611,0.6438830058507747,0.3441260062967192,0.35921491876692474,-0.015088912470205551,2.8057146960147876,2.153018718551155,0.6526959774636327
S43A14T01,filtered,166,5.533333333333333,False,False,0.12308300451922079,0.10413740725615228,-0.8026880624677366,-1.4380381940183256,0.635350131550589,0.34403680990742674,0.38173716669375884,-0.0377003567863321,2.809881085509457,2.1535796782211776,0.6563014072882796
S43A14T01,filtered,167,5.566666666666666,False,False,0.14559122617295744,0.12433032795320242,-0.8131429505804308,-1.4395388656169368,0.6263959150365059,0.34361082901325984,0.40077366352304516,-0.05716283450978532,2.8138894655125215,2.1553378294564585,0.658551636056063
S43A14T01,filtered,168,5.6,False,False,0.17029705529380415,0.14552986733422268,-0.8240102207503663,-1.4416286691608495,0.6176184484104832,0.3428376791784221,0.41602184306560136,-0.07318416388717924,2.8178317114285134,2.158803722800916,0.6590279886275976
S43A14T01,filtered,169,5.633333333333334,False,False,0.19640140087204755,0.1670775302313352,-0.835156775056842,-1.4446535587578218,0.6094967837009797,0.3417278825844645,0.42753251328631797,-0.08580463070185346,2.8217859105604868,2.1643454072014103,0.6574405033590764
S43A14T01,filtered,170,5.666666666666667,False,False,0.22297742366090598,0.18827565891889897,-0.8464500389297825,-1.4488202966304722,0.6023702577006896,0.34031105339599355,0.435675791539809,-0.09536473814381546,2.8258044758631744,2.17215711492341,0.6536473609397646
S43A14T01,filtered,171,5.7,True,False,0.24900159015179574,0.2084341257165261,-0.8577693387423754,-1.4542022445618357,0.5964329058194603,0.3386321838384743,0.4410807652025927,-0.10244858136411839,2.829904622387058,2.1822404085019267,0.6476642138851312
S43A14T01,filtered,172,5.733333333333333,False,False,0.27340821729239223,0.22691477452858666,-0.8690156792960211,-1.4607574848067153,0.5917418055106942,0.3367464899831476,0.4445556839089847,-0.1078091939258371,2.8340625049509174,2.194399960295083,0.6396625446558342
S43A14T01,filtered,173,5.766666666666667,False,False,0.29516225929005174,0.24317027924852774,-0.8801188804604546,-1.4683555882963142,0.5882367078358596,0.3347134433977147,0.44699707812452155,-0.11228363472680686,2.838211943779367,2.2082550808762944,0.6299568629030725
S43A14T01,filtered,174,5.8,False,False,0.3133413334039029,0.2567747443206223,-0.8910413536966453,-1.4768086681140296,0.5857673144173843,0.33259069685002773,0.4492968838853849,-0.11670618703535718,2.8422481471538568,2.2232668034203487,0.6189813437335081
S43A14T01,filtered,175,5.833333333333333,False,False,0.32721670316936124,0.26744419978051615,-0.9017782054788017,-1.4859023438738972,0.5841241383950955,0.3304286002073162,0.4522563957077624,-0.1218277955004462,2.8460362403822073,2.2387788730357476,0.6072573673464596
S43A14T01,filtered,176,5.866666666666666,False,False,0.33632302951543236,0.2750460579703935,-0.9123537925427647,-1.4954228488194878,0.5830690562767231,0.3282659013746289,0.45651473477964755,-0.12824883340501864,2.849423807348779,2.2540695380849627,0.5953542692638165
S43A14T01,filtered,177,5.9,False,False,0.34050767691255507,0.2795975247245652,-0.9228152658882389,-1.5051775893729253,0.5823623234846864,0.32612705379307316,0.4624976681503403,-0.13637061435726716,2.852256127061913,2.268409781183087,0.5838463458788263
S43A14T01,filtered,178,5.933333333333334,True,False,0.3399520200342838,0.2812538264120019,-0.9332239728039156,-1.515007800091799,0.5817838272878835,0.324021333428514,0.47039028243011344,-0.1463689490015994,2.854392417257045,2.2811227503391227,0.5732696669179225
S43A14T01,filtered,179,5.966666666666667,True,False,0.33515950848433557,0.28028786882669054,-0.9436457966346495,-1.5247932798130528,0.5811474831784033,0.32194373650529295,0.48013448467677255,-0.1581907481714796,2.855721235185234,2.2916388164050208,0.5640824187802131
S43A14T01,filtered,180,6.0,True,False,0.32690840015563516,0.2770635376371713,-0.9541415781922845,-1.5344503186531455,0.580308740460861,0.3198774171865889,0.49144986528978496,-0.17157244810319605,2.8561732590014506,2.2995409913212477,0.5566322676802029
S43A14T01,filtered,181,6.033333333333333,True,False,0.31617154506723305,0.27200524509450585,-0.9647586778835611,-1.543924663730798,0.5791659858472369,0.31779726017430443,0.5038743727607864,-0.18607711258648196,2.8557299752324576,2.3045964036716695,0.5511335715607881
S43A14T01,filtered,182,6.066666666666666,True,False,0.3040120249089254,0.2655664953845578,-0.975524522900703,-1.5531816511520065,0.5776571282513034,0.31567408614179504,0.516819709155135,-0.20114562301333994,2.854427288868704,2.3067710505606263,0.5476562383080776
S43A14T01,filtered,183,6.1,False,False,0.2914718592352987,0.2582001644022358,-0.9864426766384212,-1.562195484010929,0.5757528073725077,0.31347896569507805,0.5296354571538029,-0.21615649145872484,2.8523536849092572,2.3062269341243047,0.5461267507849525
S43A14T01,filtered,184,6.133333333333334,True,False,0.27947918520409015,0.25033286742171224,-0.9974916171965632,-1.5709391794043652,0.573447562207802,0.3111871654857649,0.5416756979565065,-0.23048853247074158,2.8496432183182066,2.303302680572159,0.5463405377460475
S43A14T01,filtered,185,6.166666666666667,True,False,0.26880143476718826,0.24234523901734883,-1.0086260715106279,-1.579376109534625,0.5707500380239972,0.30878135268278734,0.5523621993323533,-0.24358084664956597,2.8464642041482104,2.298480537953095,0.5479836661951154
S43A14T01,filtered,186,6.2,True,False,0.26006019889549736,0.2345592170046671,-1.0197804696277373,-1.5874534927266442,0.5676730230989069,0.30625381856223166,0.5612390205470866,-0.25498520198485497,2.8430049425692645,2.29234399544352,0.5506609471257446
S43A14T01,filtered,187,6.233333333333333,True,False,0.25379481770484497,0.22723257620994164,-1.030873895559953,-1.5950977796346115,0.5642238840746585,0.3036076236226691,0.568014454969854,-0.26440683134718496,2.8394580890667926,2.2855309821529133,0.5539271069138794
S43A14T01,filtered,188,6.266666666666667,False,False,0.25052671404479443,0.22056009341370508,-1.0418158344268984,-1.6022116925738232,0.5603958581469248,0.3008566937014822,0.5725874808204157,-0.27173078711893345,2.8360053426996945,2.2786876190551535,0.557317723644541
S43A14T01,filtered,189,6.3,False,False,0.25075915895028367,0.21467995257140982,-1.052512047678971,-1.608672705310147,0.556160657631176,0.29802499476648586,0.5750572105316305,-0.27703221576514464,2.832803981291773,2.2724268636722345,0.5603771176195385
S43A14T01,filtered,190,6.333333333333333,False,False,0.25487238902603176,0.20968342924112693,-1.0628700289762352,-1.6143329319642312,0.551462902987996,0.2951449779954548,0.57571514439691,-0.28057016640145516,2.8299764558203826,2.267295255191522,0.5626812006288606
S43A14T01,filtered,191,6.366666666666666,False,False,0.26294306217685015,0.20562561278039948,-1.0728036708752116,-1.619020628507788,0.5462169576325764,0.29225551842531244,0.5750212932407572,-0.2827657748154448,2.8276038211408356,2.263749556863212,0.5638542642776234
S43A14T01,filtered,192,6.4,False,False,0.2745855127491039,0.20253498078648868,-1.0822369702246228,-1.6225436956772437,0.5403067254526208,0.289399575900203,0.5735663973889692,-0.2841668214887662,2.8257232910141727,2.2621436457138397,0.563579645300333
S43A14T01,filtered,193,6.433333333333334,False,False,0.2889138205331869,0.2004200268976304,-1.0911067834596264,-1.6246956267738146,0.5335888433141882,0.2866217931565904,0.5720234913064228,-0.2854016981498324,2.8243297274341694,2.262724739740899,0.5616049876932703
S43A14T01,filtered,194,6.466666666666667,False,False,0.30464933134057975,0.19927180336142714,-1.099364784256577,-1.6252642263558086,0.5258994420992316,0.2839662185260426,0.5710928873487028,-0.2871266688226602,2.823380465197642,2.265637146826248,0.557743318371394
S43A14T01,filtered,195,6.5,False,False,0.32031965064024803,0.19906207558376376,-1.1069788577328938,-1.6240431416383478,0.517064283905454,0.2814743043627552,0.5714452055689216,-0.2899709012061664,2.8228025764083737,2.2709312561944826,0.5518713202138912
S43A14T01,filtered,196,6.533333333333333,True,False,0.33447401793389875,0.19973767459947966,-1.113934180898556,-1.6208458450514471,0.5069116641528912,0.27918329028460026,0.5736672811790403,-0.29448399089444005,2.822501522100986,2.278575475682275,0.543926046418711
S43A14T01,filtered,197,6.566666666666666,False,False,0.34586515613968205,0.20121244603716648,-1.1202341919083671,-1.615521259644007,0.4952870677356398,0.2771250353767397,0.5782155717071389,-0.30109053633039917,2.8223701257006106,2.288469172907334,0.5339009527932768
S43A14T01,filtered,198,6.6,False,False,0.3535782471887313,0.20335881140544831,-1.1259015529353809,-1.607969814087937,0.4820682611525562,0.2753253179815309,0.5853810325814015,-0.3100557145998706,2.8222969228177397,2.3004552762574315,0.5218416465603082
S43A14T01,filtered,199,6.633333333333334,False,False,0.35710416485884583,0.20600128292559283,-1.1309790819174685,-1.59815842746657,0.46717934554910157,0.2738035777047611,0.5952683590842733,-0.32146478137951223,2.82217316490868,2.3143318758480858,0.5078412890605941
S43A14T01,filtered,200,6.666666666666667,True,False,0.35635918041347414,0.208914243587768,-1.1355304901158996,-1.586132810270588,0.4506023201546885,0.2725730339172895,0.6077910956938779,-0.3352180617765884,2.821898040179418,2.3298627820730586,0.4920352581063594
S43A14T01,filtered,201,6.7,False,False,0.35165462385315166,0.21182589905281635,-1.1396406401380885,-1.5720255523152742,0.43238491217718567,0.27164108068697396,0.6226825410150217,-0.3510414603280478,2.821381978148988,2.3467874278524596,0.47459455029652853
S43A14T01,filtered,202,6.733333333333333,True,False,0.3436219701439611,0.2144295567141341,-1.1434149562050384,-1.5560587453529333,0.4126437891478949,0.2710098325094055,0.6395208161064988,-0.3685109835970933,2.8205481804658654,2.364830669125661,0.45571751134020433
S43A14T01,filtered,203,6.766666666666667,False,False,0.33310306149746804,0.21640237169193632,-1.1469775939386364,-1.5385403257344716,0.39156273179583523,0.27067668141745793,0.6577651120186476,-0.3870884306011897,2.8193327336185954,2.3837129370388723,0.43561979657972305
S43A14T01,filtered,204,6.8,False,False,0.32102157071318854,0.21743054945766072,-1.1504680227575117,-1.5198538690244154,0.36938584626690374,0.2706347266092752,0.6767991592707621,-0.4061644326614869,2.8176837852642467,2.4031608748746667,0.41452291038958
S43A14T01,filtered,205,6.833333333333333,False,False,0.30825879430188663,0.21723887207605408,-1.1540357933168115,-1.5004421635476843,0.34640637023087284,0.2708729538056492,0.6959774833414288,-0.42510452953577965,2.81556029604902,2.4229181485326614,0.3926421475163586
S43A14T01,filtered,206,6.866666666666666,False,False,0.2955608330782323,0.21562148916307744,-1.157833448935983,-1.4807854745739872,0.3229520256380043,0.27137607215200577,0.7146700666609285,-0.4432939945089227,2.812930818937932,2.442755667919094,0.370175151018838
S43A14T01,filtered,207,6.9,False,False,0.28350002238641037,0.21247033435220009,-1.1620077776278834,-1.461375935149463,0.29936815752157964,0.2721239586248838,0.7323015895545768,-0.460177630929693,2.809772626878265,2.462480108956054,0.34729251792221083
S43A14T01,filtered,208,6.933333333333334,False,False,0.27249773837145325,0.20779739699403166,-1.1666898652226332,-1.4426899240099644,0.27600005878733125,0.27309070968631244,0.7483823614299152,-0.47529165174360277,2.8060713348269513,2.481939465780739,0.3241318690462123
S43A14T01,filtered,209,6.966666666666667,False,False,0.26289161290006413,0.20174744048511872,-1.1719846677909156,-1.4251605838349404,0.2531759160440248,0.2742433539874998,0.7625292255045739,-0.4882858715170741,2.801820976140898,2.5010244345956028,0.30079654154529534
S43A14T01,filtered,210,7.0,False,False,0.25500852070636604,0.1945985920230775,-1.177961035985823,-1.4091527661216312,0.23119173013580818,0.2755403362300716,0.77447595645286,-0.4989356202227884,2.79702432863003,2.5196647382362043,0.2773595903938255
S43A14T01,filtered,211,7.033333333333333,False,False,0.24919822929792013,0.1867494525210196,-1.1846432573527386,-1.3949426361449573,0.21029937879221872,0.2769299396782508,0.7840738134823328,-0.5071438738040821,2.7916931708977666,2.537820012142809,0.25387315875495764
S43A14T01,filtered,212,7.066666666666666,False,False,0.24579855276721255,0.17869285866019635,-1.1920052025167245,-1.3827039129660608,0.19069871044933628,0.2783488713552587,0.7912838365373867,-0.512934965182128,2.785848105987314,2.555465529203167,0.2303825767841472
S43A14T01,filtered,213,7.1,True,False,0.24503862084847308,0.1709780044243947,-1.1999680463098439,-1.3725022500799149,0.172534203770071,0.2797212851303357,0.7961630987722172,-0.5164418136418816,2.7795176267483632,2.5725737646165063,0.2069438621318569
S43A14T01,filtered,214,7.133333333333334,False,False,0.24692703483303288,0.16416411089625527,-1.208402281183631,-1.3642986006036806,0.15589631942004956,0.2809585556318629,0.7988474191271566,-0.5178888634952937,2.7727362120001326,2.589093501398289,0.18364271060184345
S43A14T01,filtered,215,7.166666666666667,False,False,0.25118921987570814,0.15877003538296264,-1.2171343634410219,-1.3579616040512459,0.140827240610224,0.2819601292415582,0.7995330041582422,-0.517572874916684,2.7655414165863186,2.6049287555491443,0.1606126610371743
S43A14T01,filtered,216,7.2,False,False,0.2572938352581543,0.15522497085892062,-1.225957867931412,-1.3532881531986072,0.12733028526719514,0.28261575571673,0.7984591747403611,-0.5158434190236312,2.7579701222018405,2.619920164543325,0.13804995765851524
S43A14T01,filtered,217,7.233333333333333,False,False,0.2645567082704433,0.15382558359006215,-1.2346485238944078,-1.3500304401328855,0.11538191623847771,0.2828093359918846,0.7958938135472657,-0.5130844775553811,2.750054313385866,2.6338315580894625,0.11622275529640369
S43A14T01,filtered,218,7.266666666666667,False,False,0.27227297038834436,0.15470450975772065,-1.24298202209185,-1.347927035699486,0.10494501360763597,0.2824245042960499,0.792122529026514,-0.5096980247304641,2.7418168984619875,2.6463441714080824,0.09547272705390508
S43A14T01,filtered,219,7.3,False,False,0.2798268530565386,0.1578140917159805,-1.250753080905817,-1.346735013435826,0.09598193253000908,0.28135189875886923,0.7874418568718954,-0.5060899581130262,2.7332681790846434,2.65706036547318,0.07620781361146323
S43A14T01,filtered,220,7.333333333333333,False,False,0.28675199243933674,0.16292766877861142,-1.257793990605183,-1.3462598565387283,0.08846586593354533,0.2794978748513985,0.7821561864249869,-0.5026583115735883,2.7244035663539017,2.665517828916495,0.05888573743740677
S43A14T01,filtered,221,7.366666666666666,False,False,0.2927402859725934,0.16965880748760775,-1.2639907623714917,-1.346379928106396,0.08238916573490429,0.27679419857527654,0.7765775659350858,-0.4997833673598092,2.715203042299957,2.671214139623909,0.04398890267604827
S43A14T01,filtered,222,7.4,False,False,0.297612979717919,0.17749678430832128,-1.2692951163420698,-1.347062655333481,0.0777675389914112,0.2732080457177473,0.7710271476288224,-0.4978191019110751,2.705632683913664,2.6736403827777537,0.03199230113591023
S43A14T01,filtered,223,7.433333333333334,False,False,0.301273663527745,0.18585467872257277,-1.2737308535162501,-1.348370260787769,0.07463940727151885,0.2687514577086043,0.7658368054186231,-0.4970853477100188,2.6956483271117975,2.6723213997005213,0.023326927411276177
S43A14T01,filtered,224,7.466666666666667,False,False,0.30366218164689474,0.1941248595702958,-1.2773936482655965,-1.3504538197971085,0.07306017153151201,0.26348929147535116,0.7613494070875028,-0.4978601156121516,2.685201183752531,2.6668593239083087,0.01834185984422243
S43A14T01,filtered,225,7.5,False,False,0.3047233249977028,0.20173568040711887,-1.2804439259183416,-1.3535355536199887,0.07309162770164712,0.257544673742889,0.7579163521266536,-0.5003716783837646,2.674244973270879,2.6569764726871763,0.01726850058370255
S43A14T01,filtered,226,7.533333333333333,False,False,0.3043963976479099,0.20820299673709997,-1.283093188325798,-1.3578804799173432,0.07478729159154507,0.25110104496647767,0.7558912905333547,-0.504790245566877,2.6627439259003496,2.642553488385681,0.020190437514668425
S43A14T01,filtered,227,7.566666666666666,True,False,0.3026237371109026,0.21317073363360284,-1.2855848427280556,-1.3637597161017574,0.07817487337370177,0.2444000592964016,0.7556194005636097,-0.511219341267208,2.650680882500302,2.6236588920637747,0.02702199043652742
S43A14T01,filtered,228,7.6,False,False,0.2993705827164297,0.2164361035822433,-1.28817119774186,-1.371408745203568,0.08323754746170797,0.23773488756619926,0.7574221949096932,-0.519687307343494,2.638064670780414,2.600566892721214,0.03749777805919985
S43A14T01,filtered,229,7.633333333333334,False,False,0.29464687543622703,0.21795702449745735,-1.2910887463422758,-1.3809846952612976,0.08989594891902186,0.2314388318074793,0.7615784993400269,-0.5301396675325476,2.624935981067892,2.5737613059314715,0.0511746751364206
S43A14T01,filtered,230,7.666666666666667,False,False,0.28852342283888704,0.21784154930285404,-1.2945341082547008,-1.392527060323074,0.09799295206837311,0.22586957403458643,0.7683029427003574,-0.542433368665771,2.611371087803905,2.543924657645636,0.06744643015826934
S43A14T01,filtered,231,7.7,False,False,0.28113872880912333,0.2163213736546059,-1.298643024440872,-1.4059262435333744,0.10728321909250238,0.2213898132725817,0.7777239331245965,-0.5563341198520149,2.597482948614287,2.511912845902286,0.08557010271200083
S43A14T01,filtered,232,7.733333333333333,True,False,0.27269659730088913,0.21371342059888887,-1.3034745793090192,-1.4209038097605549,0.11742923045153564,0.21834545202957953,0.7898635804004462,-0.5715181283708667,2.58341943889774,2.4787169705758263,0.10470246832191377
S43A14T01,filtered,233,7.766666666666667,True,False,0.26345682203418597,0.21037484606238666,-1.309002389592607,-1.4370074216269173,0.12800503203431024,0.21704283311483685,0.8046222627849148,-0.5875794296700779,2.569358722213136,2.445415002922161,0.12394371929097536
S43A14T01,filtered,234,7.8,False,False,0.2537213369424583,0.20665739746815182,-1.3151138804871079,-1.4536221701831131,0.13850828969600526,0.21772675770768296,0.8217704444636176,-0.6040436867559347,2.5555019919878905,2.413116766409467,0.14238522557842348
S43A14T01,filtered,235,7.833333333333333,False,False,0.2438166672034138,0.2028668379220604,-1.3216180246293519,-1.4699985128630404,0.14838048823368855,0.22056110047575728,0.8409498787546383,-0.6203887782788811,2.5420640283485905,2.3829061874058617,0.15915784094272878
S43A14T01,filtered,236,7.866666666666666,True,False,0.23407174802540207,0.19923218872372828,-1.3282611160299513,-1.4852954397409848,0.15703432371103343,0.22561375481718748,0.8616854923096691,-0.6360717374924816,2.529262180925099,2.355784932661722,0.17347724826337707
S43A14T01,filtered,237,7.9,True,False,0.22478982842741835,0.19588801377808407,-1.3347493654435383,-1.4986359615550269,0.1638865961114886,0.23284738646005404,0.8834081193696682,-0.6505607329096141,2.5173045065601287,2.3326213932896174,0.18468311327051135
S43A14T01,filtered,238,7.933333333333334,False,False,0.21621542138817498,0.19287111047443983,-1.340776413686863,-1.50917070336084,0.16839428967397696,0.24211706231417054,0.9054869905993408,-0.6633699282851703,2.5063778577879225,2.314108535611269,0.19226932217665338
S43A14T01,filtered,239,7.966666666666667,False,False,0.2085018183008397,0.19013105080406167,-1.346053336195655,-1.516144430454089,0.17009109425843394,0.25317528761803915,0.9272696635240285,-0.6740943759059894,2.496636734538735,2.3007334617650153,0.19590327277371955
S43A14T01,filtered,240,8.0,False,False,0.20168919316175069,0.1875522886635228,-1.3503384113686248,-1.518959829192264,0.16862141782363915,0.26568437557474656,0.9481260929450104,-0.6824417173702638,2.4881936789930212,2.292760654215138,0.19543302477788327
S43A14T01,filtered,241,8.033333333333333,False,False,0.19570407727016217,0.18498422113435353,-1.3534638799218648,-1.5172328709126495,0.16376899099078468,0.2792354449537614,0.967492920055068,-0.6882574751013066,2.4811119125241374,2.290229866313142,0.19088204621099525
S43A14T01,filtered,242,8.066666666666666,True,False,0.1903855816495857,0.18227479933624768,-1.3553571384767291,-1.51083460784956,0.1554774693728309,0.29337275004856805,0.9849138843960004,-0.6915411343474323,2.4754007854117206,2.2929685196819563,0.18243226572976434
S43A14T01,filtered,243,8.1,False,False,0.1855338583816584,0.17930308560104047,-1.3560542667456497,-1.4999152407339018,0.14386097398825215,0.3076215496798914,1.0000725423073367,-0.6924509926274452,2.4710144381150743,2.300617345618025,0.17039709249704948
S43A14T01,filtered,244,8.133333333333333,False,False,0.18096727576243116,0.1760065295675588,-1.3557044395984972,-1.484907670366641,0.12920323076814388,0.3215173679367565,1.0128141619921767,-0.6912967940554202,2.4678538648927955,2.3126669469817758,0.15518691791101968
S43A14T01,filtered,245,8.166666666666666,False,False,0.17657157741893256,0.1723996022386658,-1.3545645620114044,-1.466509381767899,0.1119448197564945,0.33463432976132473,1.0231546718121487,-0.6885203420508239,2.4657723380940624,2.328502058584035,0.13727027951002757
S43A14T01,filtered,246,8.2,True,False,0.1723278473005714,0.16858164970118827,-1.3529843162980757,-1.4456432769134508,0.09265896061537515,0.346610295607003,1.0312757534843504,-0.6846654578773474,2.4645839095854716,2.347449648825239,0.11713426076023259
S43A14T01,filtered,247,8.233333333333333,False,False,0.16831380836436813,0.1647332406822568,-1.3513826545821634,-1.4233998365687268,0.07201718198656337,0.35716677828585525,1.0375064716072804,-0.6803396933214252,2.4640744719290697,2.368826717024068,0.0952477549050017
S43A14T01,filtered,248,8.266666666666667,True,False,0.1646815615745025,0.1611017061245288,-1.3502175353930141,-1.4009646254939696,0.05074709010095546,0.3661220857475831,1.0422930881873373,-0.6761710024397543,2.4640146548231723,2.39198374776762,0.07203090705555226
S43A14T01,filtered,249,8.3,False,False,0.161622002803208,0.1579778352010719,-1.3499513280822932,-1.3795365385292881,0.029585210446994914,0.3733967552388134,1.0461598032040755,-0.6727630479652622,2.4641736707823463,2.4163402871683193,0.047833383614027
S43A14T01,filtered,250,8.333333333333334,False,False,0.15933000984811735,0.15566665998435103,-1.3510147383086137,-1.3602432048194268,0.009228466510813105,0.37901106386167716,1.049663981539616,-0.6706529176779389,2.464333125254617,2.4414099589895795,0.02292316626503732
S43A14T01,filtered,251,8.366666666666667,True,False,0.1579831309849994,0.15445583426918352,-1.3537723005686408,-1.3440605177684546,-0.009711782800186253,0.3830751388757137,1.0533498900763756,-0.6702747512006619,2.4642997837281233,2.4668133525412856,-0.002513568813162337
S43A14T01,filtered,252,8.4,True,False,0.15773902199409984,0.15458524895974946,-1.3584924144568122,-1.3317432458496956,-0.026749168607116625,0.38577286403451627,1.0577050307219817,-0.6719321666874655,2.4639163492864258,2.4922784716445596,-0.028362122358133846
S43A14T01,filtered,253,8.433333333333334,False,False,0.1587456217414205,0.15622124063857923,-1.3653245648253531,-1.3237730361806117,-0.04155152864474143,0.3873413095865412,1.0631228148714664,-0.6757815052849252,2.463069448376861,2.5176297037347677,-0.05456025535790676
S43A14T01,filtered,254,8.466666666666667,False,False,0.16114900497370147,0.1594381038285151,-1.3742857801066768,-1.320328825583792,-0.05395695452288485,0.3880477467502603,1.0698746277571396,-0.6818268810068793,2.46169424167949,2.542767419946043,-0.08107317826655303
S43A14T01,filtered,255,8.5,True,False,0.16508336844096727,0.16420870924148967,-1.3852575902486672,-1.321282766091604,-0.06397482415706324,0.38816641346542263,1.0780933618503088,-0.6899269483848862,2.4597753539795875,2.5676412333496303,-0.10786587937004288
S43A14T01,filtered,256,8.533333333333333,True,False,0.1706376558753781,0.17040497818295797,-1.3979938127021534,-1.3262223814423235,-0.07177143125982988,0.38795707799999124,1.087769367861676,-0.6998122898616848,2.457344127775593,2.5922205289275384,-0.1348764011519452
S43A14T01,filtered,257,8.566666666666666,False,False,0.17780884656958945,0.17780788975029593,-1.412138508745164,-1.3344970166501282,-0.07764149209503568,0.38764712884190855,1.09875860154271,-0.7111114727008014,2.4544725210513403,2.6164660724850783,-0.16199355143373806
S43A14T01,filtered,258,8.6,True,False,0.18646288722600124,0.18612571596318506,-1.4272525123321858,-1.3452840210625374,-0.08196849126964834,0.3874184521912416,1.1108016514569425,-0.7233831992657009,2.4512642594035485,2.6403062823062537,-0.18904202290270522
S43A14T01,filtered,259,8.633333333333333,True,False,0.19632268777656067,0.19501838496187673,-1.44284613871902,-1.3576678575935828,-0.08517828112543713,0.38739980319756506,1.1235514169152918,-0.7361516137177267,2.4478440871283156,2.6636211254088225,-0.21577703828050687
