trial,mode,frame0,nominal_time_s,raw_review_flag,raw_repeated_previous,foot_separation_camera_xz_m,foot_separation_camera_x_m,com_camera_x_m,foot_midpoint_camera_x_m,com_relative_to_foot_midpoint_camera_x_m,com_camera_y_m,foot_midpoint_camera_y_m,com_relative_to_foot_midpoint_camera_y_m,com_camera_z_m,foot_midpoint_camera_z_m,com_relative_to_foot_midpoint_camera_z_m
S43A13T04,raw,0,0.0,False,False,0.276359113686772,0.2317928619384766,0.19024674462745686,0.2508740463256836,-0.06062730169822675,-0.2236686525383748,0.7212056884765625,-0.9448743410149374,2.989179816924305,2.958195556640625,0.030984260283680065
S43A13T04,raw,1,0.03333333333333333,False,False,0.27559461890548365,0.2319818725585937,0.19001971404887194,0.24986959838867184,-0.0598498843397999,-0.22384939683117763,0.7197153930664062,-0.9435647898975839,2.989731393345072,2.9566270751953123,0.03310431814975967
S43A13T04,raw,2,0.06666666666666667,False,False,0.27718010917143293,0.23644090270996096,0.1915099970163948,0.2480026321411133,-0.0564926351247185,-0.22377110330895983,0.7228724975585938,-0.9466436008675536,2.989007088868858,2.9571268310546874,0.03188025781417059
S43A13T04,raw,3,0.1,False,False,0.27836488767705353,0.23601045227050782,0.18932984392673738,0.24692760467529298,-0.057597760748555604,-0.22239104791995282,0.7179314575195312,-0.940322505439484,2.987902880437732,2.961916748046875,0.02598613239085701
S43A13T04,raw,4,0.13333333333333333,False,False,0.2781741708619801,0.2360158538818359,0.1893702832084021,0.24692926788330077,-0.05755898467489867,-0.2223934785701743,0.7179072570800782,-0.9403007356502525,2.987853293694072,2.961700927734375,0.026152365959696944
S43A13T04,raw,5,0.16666666666666666,False,False,0.2786510836348807,0.2388029327392578,0.1899210288828009,0.2504674301147461,-0.060546401231945185,-0.22345697378884102,0.7171020202636719,-0.9405589940525129,2.9889259108206665,2.95576953125,0.03315637957066642
S43A13T04,raw,6,0.2,False,False,0.28192241247795524,0.24138880920410155,0.19003591387758142,0.2509453353881836,-0.06090942151060216,-0.22204652573734943,0.7213592224121094,-0.9434057481494588,2.9885906041209336,2.9604625244140625,0.028128079706871034
S43A13T04,raw,7,0.23333333333333334,False,False,0.27873995549870634,0.23843235778808594,0.1894835107323234,0.2512939224243164,-0.06181041169199303,-0.22364271320152154,0.719602264404297,-0.9432449776058185,2.988670217268094,2.9554287109375004,0.03324150633059375
S43A13T04,raw,8,0.26666666666666666,False,False,0.27696914170990977,0.2379853820800781,0.1899903798392802,0.2507423858642578,-0.0607520060249776,-0.22260575166318583,0.7177780761718751,-0.9403838278350609,2.988885070658561,2.9544996337890623,0.03438543686949869
S43A13T04,raw,9,0.3,False,False,0.2735592327488154,0.23168614196777346,0.19064109923171496,0.25250284576416016,-0.061861746532445194,-0.22305859856224214,0.7179485778808594,-0.9410071764431016,2.9882713495539197,2.952391357421875,0.035879992132044514
S43A13T04,raw,10,0.3333333333333333,False,False,0.27395506131997194,0.2315326385498047,0.1906905991575946,0.25280161285400393,-0.06211101369640934,-0.2229740994961356,0.7179686279296875,-0.9409427274258231,2.988289827888038,2.9522608642578128,0.03602896363022534
S43A13T04,raw,11,0.36666666666666664,False,True,0.27395506131997194,0.2315326385498047,0.1906905991575946,0.25280161285400393,-0.06211101369640934,-0.2229740994961356,0.7179686279296875,-0.9409427274258231,2.988289827888038,2.9522608642578128,0.03602896363022534
S43A13T04,raw,12,0.4,False,False,0.2764366230116867,0.23587741088867187,0.19139733961373281,0.25225233459472657,-0.060854994980993754,-0.22324271968488812,0.7206123657226562,-0.9438550854075443,2.987532546507595,2.9519726562499997,0.03555989025759532
S43A13T04,raw,13,0.43333333333333335,False,False,0.2773365410147528,0.23573100280761716,0.1904426614607266,0.252324348449707,-0.06188168698898042,-0.2209780190279756,0.7173954467773438,-0.9383734658053193,2.9869540426998507,2.9536949462890627,0.03325909641078795
S43A13T04,raw,14,0.4666666666666667,False,False,0.27884458555702596,0.23839903259277337,0.19038204448066148,0.250732307434082,-0.0603502629534205,-0.22181047893464675,0.7192669067382813,-0.9410773856729281,2.9866770958263023,2.9576728515625,0.029004244263802104
S43A13T04,raw,15,0.5,False,False,0.2770161409709058,0.2377144470214844,0.19017210329934167,0.2518635406494141,-0.0616914373500724,-0.22165392793063304,0.7196809692382813,-0.9413348971689144,2.9874115011277103,2.957075439453125,0.030336061674585135
S43A13T04,raw,16,0.5333333333333333,False,False,0.27762957167397806,0.23198670959472656,0.19162144697115416,0.2548020248413086,-0.06318057787015444,-0.22245145546854983,0.7182013854980469,-0.9406528409665967,2.987384090640871,2.9499613037109373,0.037422786929933505
S43A13T04,raw,17,0.5666666666666667,False,False,0.2795354182765766,0.22891186523437498,0.1912543573646481,0.255857421875,-0.06460306451035189,-0.22283576283956,0.717473876953125,-0.940309639792685,2.9866091529633385,2.94732666015625,0.03928249280708851
S43A13T04,raw,18,0.6,False,False,0.2829874151480168,0.23236190795898443,0.19106889935346405,0.2552509918212891,-0.06418209246782502,-0.2237963005876958,0.7174508972167969,-0.9412471978044927,2.985663604032303,2.94803369140625,0.037629912626052864
S43A13T04,raw,19,0.6333333333333333,False,False,0.28111587802863325,0.23101341247558596,0.19276140625882793,0.25549021148681644,-0.06272880522798852,-0.22524535690288447,0.7199613342285156,-0.9452066911314001,2.9865529596189937,2.9460681152343753,0.04048484438461841
S43A13T04,raw,20,0.6666666666666666,False,False,0.2838263026307384,0.2306953582763672,0.1921359040039827,0.25415515899658203,-0.06201925499259933,-0.22422426510604065,0.7206399230957031,-0.9448641882017438,2.9858034213379687,2.9459913330078127,0.03981208833015604
S43A13T04,raw,21,0.7,False,False,0.2856273204686353,0.22928703308105466,0.1921194940921881,0.25608698272705077,-0.06396748863486268,-0.22402894266165962,0.7204738159179688,-0.9445027585796284,2.9865637174201356,2.9438441162109372,0.04271960120919838
S43A13T04,raw,22,0.7333333333333333,False,False,0.2848691225640285,0.227167236328125,0.1914889997286873,0.25557363891601564,-0.06408463918732835,-0.224234347206419,0.7189560546875,-0.943190401893919,2.986696072685506,2.9416300048828123,0.04506606780269351
S43A13T04,raw,23,0.7666666666666667,False,False,0.2893065752832008,0.2274520263671875,0.1919418843874748,0.25634381103515624,-0.06440192664768143,-0.22389468026327236,0.7202257690429688,-0.9441204493062412,2.9863278245694147,2.9405804443359376,0.04574738023347713
S43A13T04,raw,24,0.8,False,False,0.2900643835962773,0.22985800170898438,0.19214192575718753,0.2563479461669922,-0.06420602040980466,-0.22325915251323109,0.7209990844726563,-0.9442582369858874,2.986832713556078,2.9394898681640624,0.0473428453920155
S43A13T04,raw,25,0.8333333333333334,False,False,0.29001213388616526,0.22985745239257815,0.1921672664707121,0.2563305816650391,-0.06416331519432697,-0.22325564572527937,0.7209710083007812,-0.9442266540260605,2.986855313927208,2.9394554443359375,0.047399869591270516
S43A13T04,raw,26,0.8666666666666667,False,False,0.28386925285279513,0.22118101501464846,0.19365066551247428,0.2588519058227539,-0.06520124031027963,-0.22318166580013626,0.7197846679687501,-0.9429663337688863,2.9856753936864098,2.9390341796875,0.04664121399890986
S43A13T04,raw,27,0.9,False,False,0.28386701995762165,0.21986854553222657,0.19357949940144403,0.26134069061279297,-0.06776119121134894,-0.22232360126122996,0.7217668762207031,-0.9440904774819331,2.9857002759732962,2.93975439453125,0.045945881442046144
S43A13T04,raw,28,0.9333333333333333,False,False,0.2838832091693507,0.21997174072265635,0.19353573096595997,0.26130886840820317,-0.0677731374422432,-0.22230738908042902,0.7217437438964844,-0.9440511329769135,2.98568919393477,2.9397161865234374,0.04597300741133248
S43A13T04,raw,29,0.9666666666666667,False,False,0.2838636807505624,0.21999253845214842,0.19353601100058057,0.2612974624633789,-0.06776145146279836,-0.2223028714077616,0.7217338867187499,-0.9440367581265116,2.985680019572988,2.939670654296875,0.0460093652761131
S43A13T04,raw,30,1.0,False,True,0.2838636807505624,0.21999253845214842,0.19353601100058057,0.2612974624633789,-0.06776145146279836,-0.2223028714077616,0.7217338867187499,-0.9440367581265116,2.985680019572988,2.939670654296875,0.0460093652761131
S43A13T04,raw,31,1.0333333333333334,False,False,0.28509477300847125,0.2232987518310547,0.1942821622436928,0.2604345779418945,-0.06615241569820171,-0.22218494135033803,0.7246654052734375,-0.9468503466237755,2.985807028234698,2.940936279296875,0.044870748937822835
S43A13T04,raw,32,1.0666666666666667,False,False,0.2797405516772244,0.2202582244873047,0.19384449641543797,0.2608761978149414,-0.06703170139950346,-0.22214994934490556,0.7240498962402344,-0.9461998455851399,2.9859426463287884,2.939426513671875,0.046516132656913456
S43A13T04,raw,33,1.1,False,False,0.27974049728216854,0.2202583465576172,0.19384455662620578,0.26087577056884764,-0.06703121394264186,-0.2221498930072435,0.7240498352050782,-0.9461997282123217,2.9859425134305084,2.939426391601563,0.0465161218289456
S43A13T04,raw,34,1.1333333333333333,False,False,0.2797332470548963,0.22025946044921874,0.1938455962403664,0.26087490844726563,-0.06702931220689923,-0.22215036141349306,0.7240503234863281,-0.9462006848998212,2.985943314047279,2.9394310302734374,0.046512283773841645
S43A13T04,raw,35,1.1666666666666667,False,True,0.2797332470548963,0.22025946044921874,0.1938455962403664,0.26087490844726563,-0.06702931220689923,-0.22215036141349306,0.7240503234863281,-0.9462006848998212,2.985943314047279,2.9394310302734374,0.046512283773841645
S43A13T04,raw,36,1.2,False,False,0.27854019055799323,0.22019610595703126,0.19475737105473842,0.25965628051757816,-0.06489890946283974,-0.22140626538705602,0.72288720703125,-0.944293472418306,2.985640722681926,2.9371578369140625,0.048482885767863415
S43A13T04,raw,37,1.2333333333333334,False,False,0.2844226861874365,0.22636512756347657,0.19645740406768297,0.2573724899291992,-0.06091508586151623,-0.21789510644027732,0.7281327209472657,-0.946027827387543,2.9844668937518906,2.941480712890625,0.04298618086126549
S43A13T04,raw,38,1.2666666666666666,False,False,0.2849401056601976,0.22612492370605466,0.19678503592877045,0.2587775344848633,-0.061992498556092845,-0.21964079406661827,0.7279778747558594,-0.9476186688224777,2.9855651058334156,2.9398774414062503,0.04568766442716532
S43A13T04,raw,39,1.3,False,False,0.2815875008285224,0.22674713134765628,0.19760899268184054,0.2568238525390625,-0.05921485985722194,-0.2194395763217701,0.7281941223144532,-0.9476336986362234,2.9859837309895445,2.936000244140625,0.04998348684891951
S43A13T04,raw,40,1.3333333333333333,False,False,0.28273211994626335,0.22515112304687504,0.19739859950977118,0.2581041870117188,-0.0607055875019476,-0.2197607679516207,0.7273141174316406,-0.9470748853832613,2.98705879121526,2.938781372070313,0.04827741914494732
S43A13T04,raw,41,1.3666666666666667,False,False,0.2828332156163127,0.2261441497802734,0.19769675415846702,0.259347053527832,-0.061650299369364975,-0.21887924399262682,0.7283320007324219,-0.9472112447250487,2.987136377722475,2.941903930664062,0.045232447058412895
S43A13T04,raw,42,1.4,False,False,0.2809475951199399,0.22592851257324217,0.19807209953254196,0.25716681671142577,-0.059094717178883815,-0.22055399106592793,0.728288330078125,-0.9488423211440529,2.988797480353148,2.9410087890625,0.047788691290648
S43A13T04,raw,43,1.4333333333333333,False,False,0.28122175869518246,0.22931939697265627,0.19912261804522857,0.2616510620117188,-0.06252844396649021,-0.21994914261910198,0.728451904296875,-0.9484010469159769,2.9890698494182533,2.9367000732421875,0.05236977617606575
S43A13T04,raw,44,1.4666666666666666,False,False,0.28477110110855075,0.23225859069824212,0.19957611501111416,0.25920145416259766,-0.05962533915148349,-0.22036463693806696,0.7274075927734376,-0.9477722297115045,2.9891701572034743,2.9407496337890624,0.04842052341441194
S43A13T04,raw,45,1.5,False,False,0.2844304031626117,0.23349133300781252,0.2001803552902971,0.2598708190917969,-0.05969046380149978,-0.21990041748176775,0.7287425842285156,-0.9486430017102834,2.9896400691297407,2.9400561523437503,0.04958391678599039
S43A13T04,raw,46,1.5333333333333334,False,False,0.2797772471450923,0.23155715942382815,0.20047457256977247,0.2586782379150391,-0.05820366534526661,-0.21808835950820055,0.7294958190917968,-0.9475841785999974,2.9902433756523936,2.9415821533203124,0.048661222332081255
S43A13T04,raw,47,1.5666666666666667,False,False,0.28114866819302925,0.2339370574951172,0.19997326389845815,0.25719724273681643,-0.05722397883835828,-0.21913786532112964,0.7294569702148438,-0.9485948355359735,2.990755809267822,2.942538818359375,0.04821699090844733
S43A13T04,raw,48,1.6,False,False,0.2807792265508192,0.23437127685546874,0.2000889833038894,0.25884674072265623,-0.05875775741876682,-0.2204739216801307,0.7288648071289063,-0.949338728809037,2.9904615225548192,2.94150439453125,0.04895712802356922
S43A13T04,raw,49,1.6333333333333333,False,False,0.2806866031746035,0.23292512512207034,0.20019758695124207,0.25987456512451174,-0.05967697817326967,-0.21804329723545662,0.7295440368652344,-0.9475873341006911,2.9924840971584072,2.9414161376953123,0.05106795946309495
S43A13T04,raw,50,1.6666666666666667,False,False,0.2814681317852394,0.2333255615234375,0.20061943798562218,0.2583895263671875,-0.057770088381565304,-0.2184285933398589,0.7284015502929688,-0.9468301436328277,2.9929083902938247,2.9424670410156253,0.05044134927819943
S43A13T04,raw,51,1.7,False,False,0.2778841189531021,0.23180406188964844,0.20002751873592892,0.25791577911376956,-0.057888260377840645,-0.21898343046372173,0.7263285217285156,-0.9453119521922373,2.9924468795211796,2.9405332031249998,0.05191367639617983
S43A13T04,raw,52,1.7333333333333334,False,False,0.2790394259282602,0.23207028198242188,0.2009213519309779,0.25871226501464845,-0.05779091308367054,-0.2207220820176549,0.7297212829589843,-0.9504433649766392,2.9937016824091893,2.9437634277343747,0.04993825467481461
S43A13T04,raw,53,1.7666666666666666,False,False,0.27668238664402756,0.22937718200683593,0.20119398145104925,0.25951380157470705,-0.0583198201236578,-0.2208991490172157,0.7293576965332031,-0.9502568455504188,2.993850224075176,2.94285888671875,0.05099133735642569
S43A13T04,raw,54,1.8,False,False,0.27228011937785374,0.22424635314941413,0.20172750717949733,0.2617731246948243,-0.06004561751532694,-0.2205748597977117,0.7261114807128906,-0.9466863405106023,2.9952969924772797,2.94355615234375,0.05174084013352953
S43A13T04,raw,55,1.8333333333333333,False,False,0.2720926481042068,0.22482571411132812,0.2012439369860177,0.26190870666503907,-0.060664769679021374,-0.22059233255405072,0.727403076171875,-0.9479954087259258,2.9957967823094713,2.9471804199218754,0.048616362387595924
S43A13T04,raw,56,1.8666666666666667,False,False,0.27216356084459137,0.22420652770996097,0.2006811482336344,0.2615871047973633,-0.06090595656372891,-0.2196423250059821,0.7272207946777344,-0.9468631196837165,2.995078474017408,2.9446392822265626,0.05043919179084533
S43A13T04,raw,57,1.9,False,False,0.27395982206951214,0.22453614807128905,0.2004219901619666,0.2626054000854492,-0.06218340992348259,-0.22032842216483675,0.7278827819824218,-0.9482112041472586,2.9958238977806335,2.943399169921875,0.0524247278587584
S43A13T04,raw,58,1.9333333333333333,False,False,0.27522807920826103,0.22966801452636718,0.20127180103921027,0.2600755386352539,-0.058803737596043626,-0.21952523092075993,0.7271313171386719,-0.9466565480594318,2.99526617045691,2.9432315673828127,0.05203460307409724
S43A13T04,raw,59,1.9666666666666666,False,False,0.27176845491114454,0.22364706420898436,0.20003959770059593,0.26309791564941404,-0.06305831794881811,-0.22022876666915292,0.7264307861328125,-0.9466595528019655,2.996671441251704,2.94171337890625,0.054958062345454195
S43A13T04,raw,60,2.0,False,False,0.2728907654744039,0.22364291381835938,0.20016411494137168,0.26325077819824216,-0.06308666325687048,-0.22051639744202267,0.7269432373046876,-0.9474596347467102,2.9967786738249167,2.9430157470703127,0.053762926754604035
S43A13T04,raw,61,2.033333333333333,False,False,0.2728893164625724,0.22364012145996096,0.20016500057641892,0.26324903106689457,-0.06308403049047565,-0.22051696315476882,0.7269434509277344,-0.9474604140825031,2.996779816950802,2.9430159912109377,0.05376382573986449
S43A13T04,raw,62,2.066666666666667,False,True,0.2728893164625724,0.22364012145996096,0.20016500057641892,0.26324903106689457,-0.06308403049047565,-0.22051696315476882,0.7269434509277344,-0.9474604140825031,2.996779816950802,2.9430159912109377,0.05376382573986449
S43A13T04,raw,63,2.1,False,True,0.2728893164625724,0.22364012145996096,0.20016500057641892,0.26324903106689457,-0.06308403049047565,-0.22051696315476882,0.7269434509277344,-0.9474604140825031,2.996779816950802,2.9430159912109377,0.05376382573986449
S43A13T04,raw,64,2.1333333333333333,False,False,0.27374644254889036,0.22207473754882814,0.1990766032722013,0.2641888580322266,-0.06511225476002527,-0.22126515433156058,0.7286283569335937,-0.9498935112651543,2.9968714095139393,2.947757690429688,0.04911371908425144
S43A13T04,raw,65,2.1666666666666665,False,False,0.2730378437608341,0.22193519592285157,0.19912438520856876,0.2639814987182617,-0.06485711350969295,-0.2211908788645977,0.7283729248046875,-0.9495638036692853,2.9970662397671117,2.947243774414063,0.049822465353048795
S43A13T04,raw,66,2.2,False,False,0.2712353714101466,0.22027027893066406,0.19791090570108438,0.26451937103271483,-0.06660846533163045,-0.22364549100436776,0.7264597473144532,-0.9501052383188209,2.997287114128786,2.9433792724609376,0.053907841667848455
S43A13T04,raw,67,2.2333333333333334,False,False,0.27733508889224917,0.23065115356445318,0.19717350524519595,0.2590555877685547,-0.06188208252335875,-0.219411502595721,0.7271622009277344,-0.9465737035234554,2.9966690516356276,2.944495849609375,0.05217320202625242
S43A13T04,raw,68,2.2666666666666666,False,False,0.275222368074456,0.23317803955078126,0.19574653245891124,0.25776437377929684,-0.0620178413203856,-0.21934706721313366,0.7267188720703125,-0.9460659392834462,2.995071117330415,2.945348388671875,0.04972272865853977
S43A13T04,raw,69,2.3,False,False,0.2720223814871149,0.22830862426757811,0.19425672232540211,0.2607415618896484,-0.0664848395642463,-0.21960435600061778,0.7271845703125,-0.9467889263131177,2.996955566522531,2.9519235839843754,0.045031982538155546
S43A13T04,raw,70,2.3333333333333335,False,False,0.26565506412765655,0.2272357177734375,0.1945577776165018,0.2605563659667969,-0.06599858835029507,-0.22032763470423453,0.7269037475585938,-0.9472313822628283,2.9970734741283507,2.9509859619140624,0.046087512214288306
S43A13T04,raw,71,2.3666666666666667,False,False,0.2681758756874252,0.23242602539062499,0.1939467017189623,0.25891412353515625,-0.06496742181619394,-0.22074256894353506,0.7272000427246095,-0.9479426116681445,2.9966513082779906,2.955273559570313,0.04137774870767785
S43A13T04,raw,72,2.4,False,False,0.26884025316616517,0.23273359680175787,0.19391029720119962,0.25870186614990237,-0.06479156894870275,-0.2208988087432154,0.7271671447753907,-0.9480659535186061,2.9966281642855397,2.9553214111328128,0.041306753152726916
S43A13T04,raw,73,2.433333333333333,False,False,0.27132705072501795,0.2344469757080078,0.1936625879453588,0.2585282211303711,-0.06486563318501232,-0.2211874936529951,0.72780810546875,-0.948995599121745,2.9972436781698195,2.9570987548828125,0.04014492328700703
S43A13T04,raw,74,2.466666666666667,False,False,0.2621253431972532,0.22324697875976568,0.19302904212916586,0.25585093688964844,-0.06282189476048258,-0.22332019573724865,0.7236767578125001,-0.9469969535497487,2.9958260260971405,2.956634399414063,0.03919162668307763
S43A13T04,raw,75,2.5,False,False,0.26093687251712644,0.2227587432861328,0.19241516897189334,0.2586281967163086,-0.06621302774441526,-0.22218759420870374,0.7242642822265626,-0.9464518764352663,2.9961610625271025,2.9572247314453124,0.038936331081790065
S43A13T04,raw,76,2.533333333333333,False,False,0.2633652219206485,0.22310934448242187,0.19188787918724673,0.2570584564208984,-0.06517057723365169,-0.22334087536445973,0.7242263793945313,-0.9475672547589911,2.995798180968644,2.95679541015625,0.039002770812393894
S43A13T04,raw,77,2.566666666666667,False,False,0.2623206591547584,0.22351228332519535,0.19143069176304162,0.25747811126708986,-0.06604741950404824,-0.22285310489177856,0.7244586486816407,-0.9473117535734192,2.9947562701161035,2.955657348632813,0.03909892148329064
S43A13T04,raw,78,2.6,False,False,0.26384853949384196,0.22426240539550782,0.19135639517285383,0.25818379974365235,-0.06682740457079853,-0.22405101729542773,0.7250920715332032,-0.949143088828631,2.9945080291515196,2.9581263427734372,0.03638168637808237
S43A13T04,raw,79,2.6333333333333333,False,False,0.2610764127104349,0.2229849548339844,0.19024574252745563,0.25659239196777345,-0.06634664944031782,-0.22295269517967178,0.7241883850097657,-0.9471410801894374,2.994356492572832,2.9531075439453125,0.0412489486275196
S43A13T04,raw,80,2.6666666666666665,False,False,0.2624247991757738,0.2234202117919922,0.18978167501231916,0.2580030288696289,-0.06822135385730974,-0.22302707205005967,0.7235972595214843,-0.946624331571544,2.995447945135696,2.9580527343750003,0.03739521076069563
S43A13T04,raw,81,2.7,False,False,0.262429516916283,0.2234237976074219,0.18978071966348586,0.2580030059814453,-0.06822228631795946,-0.22302774984629323,0.72359521484375,-0.9466229646900433,2.9954439610168877,2.958046752929688,0.03739720808719982
S43A13T04,raw,82,2.7333333333333334,False,False,0.26125359814817894,0.2230260925292969,0.18904905313687972,0.2573194427490234,-0.06827038961214368,-0.22289761504309735,0.72230078125,-0.9451983962930973,2.994684781663416,2.957331665039063,0.037353116624353255
S43A13T04,raw,83,2.7666666666666666,False,True,0.26125359814817894,0.2230260925292969,0.18904905313687972,0.2573194427490234,-0.06827038961214368,-0.22289761504309735,0.72230078125,-0.9451983962930973,2.994684781663416,2.957331665039063,0.037353116624353255
S43A13T04,raw,84,2.8,False,False,0.26125623416592136,0.22302441406249998,0.18904834978484164,0.25732022094726564,-0.068271871162424,-0.22289762733321944,0.722300048828125,-0.9451976761613445,2.9946832655034057,2.9573272705078124,0.03735599499559328
S43A13T04,raw,85,2.8333333333333335,False,False,0.2606449382062622,0.22196890258789062,0.18316319379072604,0.2573332672119141,-0.07417007342118803,-0.22622115784161242,0.7212240600585937,-0.9474452179002062,2.9931431368816326,2.954141845703125,0.03900129117850737
S43A13T04,raw,86,2.8666666666666667,False,False,0.263438663033497,0.22171804809570314,0.18398987229645125,0.2593754119873047,-0.07538553969085343,-0.22612458783425773,0.72315283203125,-0.9492774198655077,2.99323948716942,2.957208984375,0.036030502794420105
S43A13T04,raw,87,2.9,False,False,0.27153467346672083,0.22170738220214845,0.1829113905140114,0.25929376983642577,-0.07638237932241437,-0.2267331448638617,0.7190675659179688,-0.9458007107818305,2.9909202682257487,2.9419398193359374,0.048980448889811345
S43A13T04,raw,88,2.933333333333333,False,False,0.2702660682854484,0.22225526428222656,0.18261451841590734,0.2595551986694336,-0.07694068025352627,-0.22679982214372715,0.71967529296875,-0.9464751151124772,2.9910160300547877,2.9456551513671876,0.04536087868760008
S43A13T04,raw,89,2.966666666666667,False,False,0.260248874323055,0.2238913269042968,0.18108458244029318,0.25784553527832027,-0.07676095283802709,-0.2253192413596477,0.7210184936523438,-0.9463377350119915,2.9916531817403613,2.9575679931640626,0.03408518857629872
S43A13T04,raw,90,3.0,False,False,0.2600218740394981,0.23083364868164064,0.17965859215187238,0.2559952850341797,-0.0763366928823073,-0.2253264605999382,0.7215881042480469,-0.9469145648479851,2.990763034996288,2.966312255859375,0.02445077913691307
S43A13T04,raw,91,3.033333333333333,False,False,0.26118505274637527,0.23049617004394532,0.17788847728105533,0.2549670333862305,-0.07707855610517517,-0.22742005238124532,0.7183314208984375,-0.9457514732796828,2.9900433038147374,2.9644970703125,0.025546233502237392
S43A13T04,raw,92,3.066666666666667,False,False,0.2680585016390026,0.20812193298339846,0.17709504584167288,0.2602059707641602,-0.08311092492248731,-0.22847120856047368,0.71257373046875,-0.9410449390292237,2.9881274384831893,2.9466363525390626,0.04149108594412665
S43A13T04,raw,93,3.1,False,False,0.28663768975852494,0.21405523681640626,0.17552227320535754,0.2602703552246094,-0.08474808201925185,-0.22947295312423854,0.7141237792968751,-0.9435967324211136,2.986689229791402,2.9372337646484374,0.049455465142964616
S43A13T04,raw,94,3.1333333333333333,False,False,0.281136840029922,0.20558018493652344,0.1711825388436025,0.26703064727783205,-0.09584810843422956,-0.23158446256156995,0.7093169250488282,-0.9409013876103981,2.983604165734889,2.9305577392578126,0.05304642647707647
S43A13T04,raw,95,3.1666666666666665,False,False,0.28218018823422775,0.2184534454345703,0.1693550451482187,0.2614855270385742,-0.0921304818903555,-0.23026939058935805,0.7126474609375,-0.942916851526858,2.9815701348414243,2.9386567382812503,0.04291339656017401
S43A13T04,raw,96,3.2,False,False,0.2784045592721679,0.21665847778320313,0.16837802613651875,0.2610868377685547,-0.09270881163203593,-0.22774070433184437,0.7133331298828125,-0.9410738342146568,2.980208284536764,2.9441202392578125,0.0360880452789516
S43A13T04,raw,97,3.2333333333333334,False,False,0.2814762122635859,0.2186504211425781,0.16602425606013496,0.2611240386962891,-0.09509978263615412,-0.22718126382259074,0.7101004028320312,-0.937281666654622,2.978557889664328,2.94213720703125,0.03642068263307774
S43A13T04,raw,98,3.2666666666666666,False,False,0.27814827592291297,0.20644676208496096,0.16339156961409584,0.2683404922485352,-0.10494892263443933,-0.2266399534141577,0.7088538208007813,-0.935493774214939,2.97673739104388,2.9400124511718753,0.03672493987200465
S43A13T04,raw,99,3.3,False,False,0.27570979175738686,0.21391870117187498,0.15970621665478302,0.2651798095703125,-0.10547359291552949,-0.2239976120433989,0.7091055603027344,-0.9331031723461334,2.973372488449167,2.944753784179688,0.02861870426947899
S43A13T04,raw,100,3.3333333333333335,False,False,0.29736325742536696,0.2199200439453126,0.1541858049624925,0.260583740234375,-0.10639793527188252,-0.2237698418127479,0.7045930480957031,-0.9283628899084511,2.9694355351801884,2.9353060302734377,0.03412950490675071
S43A13T04,raw,101,3.3666666666666667,False,False,0.29765669853633814,0.2181291046142578,0.15314766884191439,0.26164736175537107,-0.10849969291345668,-0.22052064118786485,0.7052916870117187,-0.9258123281995836,2.9678001594409205,2.9295474853515624,0.03825267408935806
S43A13T04,raw,102,3.4,False,False,0.2952803502027246,0.22122854614257811,0.1482178463905632,0.2600363311767578,-0.11181848478619458,-0.2145123909207666,0.713895751953125,-0.9284081428738916,2.9690828419215554,2.9307130126953123,0.0383698292262431
S43A13T04,raw,103,3.433333333333333,False,False,0.283572362762249,0.23591767883300782,0.14188790730756412,0.2532251205444336,-0.11133721323686946,-0.2190890769624345,0.7014627075195312,-0.9205517844819657,2.968367716956125,2.9494946289062502,0.018873088049874642
S43A13T04,raw,104,3.466666666666667,False,False,0.3017585866583256,0.24274844360351563,0.1373843666530031,0.24845964050292968,-0.11107527384992658,-0.21832328082539432,0.706923309326172,-0.9252465901515663,2.9647302900412744,2.9403132324218753,0.024417057619399163
S43A13T04,raw,105,3.5,False,False,0.3118494109463348,0.26204045867919923,0.13194506543252224,0.23965710830688475,-0.1077120428743625,-0.2172261916855553,0.7106401977539063,-0.9278663894394616,2.965096033325955,2.9462115478515623,0.018884485474392587
S43A13T04,raw,106,3.533333333333333,False,False,0.316441575689488,0.27175757598876954,0.1263533342651033,0.2342664451599121,-0.10791311089480879,-0.2170584905470085,0.7108062744140625,-0.927864764961071,2.9636731532511993,2.9478874511718747,0.015785702079324615
S43A13T04,raw,107,3.566666666666667,False,False,0.31699804005941024,0.27790503692626956,0.12485144500130393,0.23006277084350585,-0.10521132584220191,-0.21763860284559944,0.7102834777832032,-0.9279220806288027,2.9630639523415914,2.950428955078125,0.012634997263466285
S43A13T04,raw,108,3.6,False,False,0.32404965915568523,0.2875012741088867,0.1208732780685446,0.2278948402404785,-0.10702156217193391,-0.21576427889165387,0.7134359436035156,-0.9292002224951694,2.9613446627057045,2.9542681884765623,0.00707647422914226
S43A13T04,raw,109,3.6333333333333333,False,False,0.3329446749165566,0.3004740142822266,0.1155541636787537,0.21908354949951173,-0.10352938582075803,-0.21578074033663824,0.7144215393066407,-0.930202279643279,2.9582384989366313,2.9613636474609377,-0.0031251485243064536
S43A13T04,raw,110,3.6666666666666665,False,False,0.33390614686793363,0.3066119232177734,0.11435797353583069,0.21895761871337893,-0.10459964517754824,-0.21768091899957578,0.7167137145996094,-0.9343946335991852,2.959889530280889,2.96552392578125,-0.005634395500361045
S43A13T04,raw,111,3.7,False,False,0.33267440154197603,0.30937582778930667,0.1089745364532622,0.21578211784362797,-0.10680758139036577,-0.21417055219743902,0.7178843078613282,-0.9320548600587673,2.95782427117618,2.9659498291015627,-0.008125557925382498
S43A13T04,raw,112,3.7333333333333334,False,False,0.3279890741112946,0.30692784118652344,0.10744880864535467,0.21724655914306643,-0.10979775049771176,-0.2120176159724698,0.7201994018554687,-0.9322170178279385,2.9578975636638276,2.9682750244140625,-0.010377460750234935
S43A13T04,raw,113,3.7666666666666666,False,False,0.33537164448396545,0.3198717231750488,0.10339828422082625,0.2166150417327881,-0.11321675751196184,-0.20945964454665222,0.721771484375,-0.9312311289216523,2.956153869626718,2.9723958740234377,-0.016242004396719967
S43A13T04,raw,114,3.8,False,False,0.33301633846523426,0.3180782318115234,0.10176402146645033,0.21701721954345699,-0.11525319807700665,-0.20869712684276226,0.7230931701660156,-0.9317902970087779,2.957041681105235,2.980084228515625,-0.02304254741038969
S43A13T04,raw,115,3.8333333333333335,False,False,0.323666101964629,0.30827899169921874,0.10135928613697875,0.21356671142578124,-0.11220742528880248,-0.20750064282448022,0.7161770935058593,-0.9236777363303396,2.9575874773219413,2.97647021484375,-0.01888273752180858
S43A13T04,raw,116,3.8666666666666667,False,False,0.3133585575935655,0.2982235336303711,0.09979416820699494,0.2050441780090332,-0.10525000980203827,-0.20647212419450128,0.7094961242675781,-0.9159682484620795,2.9564759564723078,2.9720296630859373,-0.015553706613629537
S43A13T04,raw,117,3.9,False,False,0.30536433209236347,0.28895825576782225,0.09859064463383589,0.19653622245788574,-0.09794557782404985,-0.2065167912330352,0.7041231994628907,-0.9106399906959259,2.9558811679167576,2.97029296875,-0.014411800833242339
S43A13T04,raw,118,3.933333333333333,False,False,0.2813958213686249,0.2585563507080078,0.09600978833097182,0.18347283172607423,-0.08746304339510241,-0.20797141995960436,0.69698095703125,-0.9049523769908543,2.9543442474569477,2.9699273681640626,-0.015583120707114873
S43A13T04,raw,119,3.966666666666667,False,False,0.26660212480134016,0.24512031555175778,0.09359733191487885,0.1775329818725586,-0.08393564995767974,-0.21140991101556086,0.6960674133300782,-0.907477324345639,2.952847396290699,2.9677783203125,-0.014930924021800962
S43A13T04,raw,120,4.0,False,False,0.25766158868422906,0.24222176361083986,0.0904708084671353,0.17075255203247072,-0.08028174356533542,-0.21079500523611236,0.7062989807128905,-0.9170939859490029,2.9507235911040812,2.9600494384765623,-0.0093258473724811
S43A13T04,raw,121,4.033333333333333,False,False,0.2657268625645708,0.2499521064758301,0.09046561887900051,0.16735140037536622,-0.07688578149636571,-0.20943231212716967,0.7076012268066406,-0.9170335389338102,2.951696518396508,2.9654691162109375,-0.01377259781442941
S43A13T04,raw,122,4.066666666666666,False,False,0.25979630105330853,0.24031797027587892,0.09101982282286539,0.16854963302612305,-0.07752981020325767,-0.21083168660204343,0.7099253845214843,-0.9207570711235278,2.9523952478802427,2.9671502685546876,-0.014755020674444896
S43A13T04,raw,123,4.1,False,False,0.24999893781240365,0.22708125686645508,0.09117854335314642,0.17227696800231934,-0.08109842464917293,-0.21689689964416556,0.7028588256835937,-0.9197557253277593,2.9484565812827377,2.964071655273438,-0.015615073990700168
S43A13T04,raw,124,4.133333333333334,False,False,0.24788663521872478,0.22719541931152343,0.09283810282105136,0.17437723541259764,-0.08153913259154628,-0.21828731679127006,0.7088973083496094,-0.9271846251408795,2.949007026375118,2.9656298828125003,-0.01662285643738226
S43A13T04,raw,125,4.166666666666667,False,False,0.2464155302870967,0.2206515884399414,0.0935671965604303,0.17790153121948243,-0.08433433465905213,-0.2191211616171083,0.7006508178710937,-0.919771979488202,2.9471126427528547,2.959239013671875,-0.012126370919020246
S43A13T04,raw,126,4.2,False,False,0.2519645132895921,0.22694137573242185,0.09453417001478931,0.1845889434814453,-0.090054773466656,-0.22361915081933278,0.7063864746093751,-0.9300056254287079,2.947427590469872,2.95862060546875,-0.011193014998878148
S43A13T04,raw,127,4.233333333333333,True,False,0.26667018536161513,0.1876160354614258,0.09576582424666043,0.19214782333374025,-0.09638199908707983,-0.23544298874479608,0.68573974609375,-0.9211827348385461,2.93769531779759,2.9262727050781248,0.01142261271946543
S43A13T04,raw,128,4.266666666666667,False,False,0.26468314748296135,0.19404526519775395,0.09544309356906609,0.1916544303894043,-0.09621133682033821,-0.2378265713201234,0.6836546325683595,-0.9214812038884829,2.9377002985684406,2.9391644287109377,-0.0014641301424971331
S43A13T04,raw,129,4.3,False,False,0.249182146070257,0.199543571472168,0.09657368172506196,0.18935974502563477,-0.0927860633005728,-0.23079767065980808,0.6885015563964845,-0.9192992270562925,2.9393055930351877,2.944809814453125,-0.005504221417937494
S43A13T04,raw,130,4.333333333333333,False,False,0.26265413808161975,0.2001199722290039,0.10069002110933574,0.19052189254760743,-0.08983187143827169,-0.23686341645622788,0.6830351257324219,-0.9198985421886497,2.937455800730264,2.93425439453125,0.0032014061990137677
S43A13T04,raw,131,4.366666666666666,False,False,0.2461744327991413,0.1930438613891602,0.10161735281278288,0.19263987350463868,-0.0910225206918558,-0.2400514680566668,0.6744035949707032,-0.91445506302737,2.937144232788606,2.9473934326171873,-0.01024919982858119
S43A13T04,raw,132,4.4,False,False,0.2498959280807974,0.19556624603271489,0.10282837067474906,0.19332390213012696,-0.09049553145537789,-0.23991557267814823,0.6774487609863282,-0.9173643336644765,2.937937489737118,2.95372314453125,-0.015785654794131965
S43A13T04,raw,133,4.433333333333334,False,False,0.2515174300953342,0.19780331420898437,0.10528688810536006,0.19763435363769533,-0.09234746553233526,-0.23883338843869475,0.6834882202148438,-0.9223216086535385,2.9370753355581414,2.9473466796874996,-0.010271344129358262
S43A13T04,raw,134,4.466666666666667,False,False,0.23722723238401516,0.19298829650878901,0.10795104818868967,0.19722710418701173,-0.08927605599832206,-0.23809089889975452,0.6857171630859376,-0.9238080619856921,2.9379302853572713,2.9568359375,-0.01890565214272888
S43A13T04,raw,135,4.5,False,False,0.23200566653525376,0.19010121917724612,0.11041103138493778,0.1992896308898926,-0.08887859950495482,-0.2370137106528519,0.6896746215820313,-0.9266883322348832,2.9390201692407474,2.9659581298828126,-0.026937960642065217
S43A13T04,raw,136,4.533333333333333,False,False,0.23779747835514303,0.17729827117919922,0.11379436339688696,0.20094601821899413,-0.08715165482210717,-0.23814421711567366,0.6799508056640625,-0.9180950227797362,2.939340979746163,2.937921875,0.0014191047461631356
S43A13T04,raw,137,4.566666666666666,False,False,0.24197380751559852,0.1872403564453125,0.11636647202851372,0.2013746643066406,-0.08500819227812689,-0.23180596884541185,0.6901247863769531,-0.9219307552223649,2.9435898264837372,2.9517135009765627,-0.008123674492825472
S43A13T04,raw,138,4.6,False,False,0.2385993539239456,0.1911323928833008,0.11916775910706241,0.20042223739624024,-0.08125447828917783,-0.2294175060633551,0.6909885253906249,-0.92040603145398,2.94603238741298,2.9557336425781253,-0.009701255165145195
S43A13T04,raw,139,4.633333333333334,False,False,0.25288071171743576,0.18725297546386718,0.12331237001779896,0.2035725784301758,-0.08026020841237683,-0.22952361741028685,0.6875908508300781,-0.9171144682403649,2.948274037936811,2.9442425537109376,0.004031484225873516
S43A13T04,raw,140,4.666666666666667,False,False,0.24119146940629432,0.19087691497802733,0.12633252792819555,0.20479777908325195,-0.0784652511550564,-0.22841400785456603,0.6931275024414063,-0.9215415102959723,2.950767274056741,2.9448292236328126,0.005938050423928587
S43A13T04,raw,141,4.7,False,False,0.23800530783910578,0.18800757598876952,0.1274560795427582,0.1996727867126465,-0.07221670716988829,-0.2269643907579728,0.6949499206542968,-0.9219143114122696,2.952665765133892,2.9489039306640628,0.0037618344698291395
S43A13T04,raw,142,4.733333333333333,False,False,0.23656103461876615,0.19279759216308595,0.12866905854443433,0.19926108551025393,-0.0705920269658196,-0.22814135440481542,0.6969480895996094,-0.9250894440044248,2.955178532680383,2.9528460693359375,0.002332463344445479
S43A13T04,raw,143,4.766666666666667,False,False,0.22514037219628233,0.1879863739013672,0.13082804975967696,0.19899897003173828,-0.06817092027206131,-0.22849113358782977,0.6937399291992188,-0.9222310627870486,2.954764479870209,2.9597598876953124,-0.004995407825103548
S43A13T04,raw,144,4.8,False,False,0.22476721423545737,0.18964508056640622,0.1323719408401691,0.2013295593261719,-0.06895761848600279,-0.22577066754743985,0.697441162109375,-0.9232118296568148,2.9577016495694486,2.9585465087890626,-0.0008448592196139693
S43A13T04,raw,145,4.833333333333333,False,False,0.22503293938810767,0.18929383087158208,0.13335811956828406,0.200012996673584,-0.06665487710529994,-0.2258654084142545,0.6992994079589845,-0.925164816373239,2.957256644517104,2.9544456787109374,0.0028109658061663545
S43A13T04,raw,146,4.866666666666666,False,False,0.2758595439236769,0.17531192779541013,0.1354874556887231,0.20728632736206054,-0.07179887167333743,-0.22500947225055604,0.6934096374511718,-0.9184191097017278,2.953980090517963,2.91236328125,0.04161680926796274
S43A13T04,raw,147,4.9,False,False,0.24701108008886874,0.1840851821899414,0.13596943047073784,0.20214191818237304,-0.0661724877116352,-0.22376112862127434,0.6978000488281251,-0.9215611774493995,2.954543993580227,2.9316171875,0.022926806080227013
S43A13T04,raw,148,4.933333333333334,False,False,0.23825121814176542,0.19128713226318358,0.13966976158033415,0.19989705276489256,-0.06022729118455841,-0.21923313820634951,0.7055294189453125,-0.924762557151662,2.9596271890490904,2.9418818359375,0.017745353111590312
S43A13T04,raw,149,4.966666666666667,False,False,0.23269387617502046,0.1919687652587891,0.13975907769995718,0.19822579193115233,-0.05846671423119515,-0.2192357865502984,0.7051841735839844,-0.9244199601342828,2.9611434184640877,2.945145263671875,0.01599815479221256
S43A13T04,raw,150,5.0,False,False,0.23289656022144567,0.19432620239257814,0.1397233498126958,0.19826539611816407,-0.058542046305468276,-0.22000593578695424,0.7055593566894531,-0.9255652924764074,2.9596493796919634,2.945105712890625,0.01454366680133834
S43A13T04,raw,151,5.033333333333333,False,False,0.2224043931191123,0.18338839721679687,0.14100060210044285,0.2021347198486328,-0.06113411774818994,-0.2213240449817813,0.7040933532714844,-0.9254173982532656,2.9599772063240946,2.9449625244140627,0.015014681910031857
S43A13T04,raw,152,5.066666666666666,False,False,0.2161202491969858,0.17547300720214845,0.14217049503257626,0.20610584259033204,-0.06393534755775579,-0.2221663579427224,0.7056839904785157,-0.9278503484212381,2.9594496078588084,2.9480863037109373,0.011363304147871123
S43A13T04,raw,153,5.1,False,False,0.21984691661022857,0.18331209564208983,0.1446223973833038,0.20280675125122072,-0.05818435386791693,-0.2205909563849674,0.7076153564453125,-0.9282063128302799,2.9606466163102696,2.9515821533203126,0.009064462989957
S43A13T04,raw,154,5.133333333333334,False,False,0.26478179535642876,0.16494794464111331,0.14514053794981702,0.20850411605834962,-0.0633635781085326,-0.22401689082273618,0.698964599609375,-0.9229814904321112,2.95362151772061,2.911883544921875,0.04173797279873481
S43A13T04,raw,155,5.166666666666667,False,False,0.24679265662431715,0.17568411254882813,0.14564654163012633,0.20715174865722658,-0.061505207027100245,-0.22273974945872307,0.7022384338378906,-0.9249781832966137,2.958775736161683,2.9237042236328126,0.03507151252887031
S43A13T04,raw,156,5.2,False,False,0.2834124134928076,0.16631150817871093,0.14675811874343964,0.20444644927978514,-0.057688330536345506,-0.2254909639208215,0.6955690917968751,-0.9210600557176966,2.952866484322265,2.9020087890625,0.05085769525976502
S43A13T04,raw,157,5.233333333333333,False,False,0.24518154752832455,0.16867687988281252,0.14838888118965363,0.20684756469726562,-0.05845868350761199,-0.2240806128858388,0.6951021423339845,-0.9191827552198233,2.9557295879476917,2.926731689453125,0.028997898494566687
S43A13T04,raw,158,5.266666666666667,False,False,0.24096584530179213,0.18830643463134766,0.14894431948297465,0.2075828971862793,-0.05863857770330466,-0.2227781840639188,0.694010009765625,-0.9167881938295438,2.9554961990781847,2.9407886962890624,0.014707502789122362
S43A13T04,raw,159,5.3,False,False,0.23261944704800366,0.19040572357177732,0.14916934136721496,0.20495106887817383,-0.05578172751095886,-0.22396227695662027,0.6996921691894531,-0.9236544461460734,2.9561915009017214,2.948155029296875,0.00803647160484644
S43A13T04,raw,160,5.333333333333333,False,False,0.23612052236481298,0.19847154998779296,0.14998455560688248,0.20065222549438477,-0.05066766988750229,-0.2219984087819809,0.7018067932128906,-0.9238052019948715,2.956622705206737,2.9571031494140625,-0.00048044420732562543
S43A13T04,raw,161,5.366666666666666,False,False,0.2220444509956413,0.18116609191894528,0.15032118099824107,0.20366277313232423,-0.053341592134083154,-0.2258013312537123,0.700089599609375,-0.9258909308630873,2.955927864901763,2.9492889404296876,0.00663892447207548
S43A13T04,raw,162,5.4,False,False,0.22499125835341327,0.18335372161865235,0.15053640037975693,0.20420634841918944,-0.05366994803943251,-0.22490540010989024,0.7005234985351563,-0.9254288986450465,2.9543549452304267,2.9536484375,0.0007065077304266865
S43A13T04,raw,163,5.433333333333334,False,False,0.23204977039009203,0.19162258148193362,0.15208237654613238,0.20068776321411133,-0.04860538666797895,-0.22532367242925347,0.701033203125,-0.9263568755542534,2.955236622532966,2.95027294921875,0.004963673314215988
S43A13T04,raw,164,5.466666666666667,False,False,0.228821991834527,0.1915518646240234,0.15138536956247306,0.2028338394165039,-0.05144846985403084,-0.22499847499144113,0.7027495727539063,-0.9277480477453474,2.9546857896096688,2.952407958984375,0.002277830625293742
S43A13T04,raw,165,5.5,False,False,0.23060033581494366,0.19235846710205076,0.15154539801290787,0.20182921981811525,-0.05028382180520738,-0.2239931693833635,0.7067557983398438,-0.9307489677232073,2.954727729755461,2.9543782958984375,0.0003494338570235733
S43A13T04,raw,166,5.533333333333333,False,False,0.23151306670540017,0.19144013214111327,0.151760142328736,0.20264480209350585,-0.05088465976476986,-0.2232786591656823,0.7058521728515625,-0.9291308320172449,2.9544859474405007,2.9511627197265624,0.003323227713938337
S43A13T04,raw,167,5.566666666666666,False,False,0.23225024735465477,0.18907034301757814,0.15201490012214564,0.2020477752685547,-0.050032875146409056,-0.2223744488224864,0.7040372924804688,-0.9264117413029551,2.9532379490230567,2.9489147949218752,0.004323154101181448
S43A13T04,raw,168,5.6,False,False,0.23028687684671312,0.1874557342529297,0.15223225200599627,0.2026814041137695,-0.05044915210777323,-0.22239544581456777,0.7039563903808594,-0.9263518361954273,2.9532739177293124,2.9462232666015624,0.007050651127749941
S43A13T04,raw,169,5.633333333333334,False,False,0.23540428011164188,0.19061451721191405,0.15177135600235628,0.2006142807006836,-0.04884292469832732,-0.22176922827209508,0.7047126770019532,-0.9264819052740483,2.951867993452705,2.9461854248046877,0.0056825686480173054
S43A13T04,raw,170,5.666666666666667,False,False,0.23345816303914868,0.18419738769531252,0.15094592661026132,0.20385928344726564,-0.05291335683700432,-0.22123264770185275,0.7026381225585938,-0.9238707702604465,2.9509968321487414,2.94345751953125,0.007539312617491412
S43A13T04,raw,171,5.7,False,False,0.2901642607271834,0.16397991943359377,0.15258263415479933,0.20680343627929687,-0.054220802124497536,-0.22461650066289646,0.6902837219238281,-0.9149002225867247,2.9490319568811327,2.898053588867188,0.05097836801394484
S43A13T04,raw,172,5.733333333333333,False,False,0.25296629657889474,0.177144645690918,0.1518291486221466,0.2043638343811035,-0.052534685758956895,-0.22350071911995215,0.695088134765625,-0.9185888538855772,2.9505603397785443,2.9177701416015625,0.03279019817698181
S43A13T04,raw,173,5.766666666666667,False,False,0.2501549816624294,0.19051822662353515,0.1521362146312785,0.20579273605346682,-0.053656521422188325,-0.22300728998924527,0.6999681701660156,-0.9229754601552609,2.949926037016504,2.9361021728515624,0.013823864164941746
S43A13T04,raw,174,5.8,False,False,0.24058011379569794,0.1879254608154297,0.151261138543239,0.2050553970336914,-0.05379425849045241,-0.22334191809384737,0.6982070922851562,-0.9215490103790036,2.949022189258702,2.9408831787109375,0.008139010547764336
S43A13T04,raw,175,5.833333333333333,False,False,0.2373569144754388,0.18697523498535157,0.1520151468065992,0.20551461029052734,-0.053499463483928145,-0.22414573431304896,0.6996658020019532,-0.9238115363150021,2.950062350872441,2.9449954833984378,0.0050668674740030895
S43A13T04,raw,176,5.866666666666666,False,False,0.2297922127053147,0.1819958267211914,0.15043711981620456,0.20898557662963868,-0.058548456813434124,-0.22416235884673566,0.698797607421875,-0.9229599662686107,2.94790887969465,2.9451586914062498,0.002750188288400235
S43A13T04,raw,177,5.9,False,False,0.23302395829734607,0.18455228424072267,0.1503571935599941,0.20798749923706056,-0.05763030567706645,-0.22251348274921068,0.6967541198730469,-0.9192676026222576,2.9472149839342294,2.944579833984375,0.002635149949854476
S43A13T04,raw,178,5.933333333333334,False,False,0.22453517659345767,0.1770115203857422,0.14943435039045552,0.20591614532470703,-0.05648179493425151,-0.22220059153203317,0.7006274108886719,-0.9228280024207051,2.9445473884052227,2.94815478515625,-0.003607396751027281
S43A13T04,raw,179,5.966666666666667,False,False,0.22453515920161685,0.17701226043701174,0.1494343964405703,0.20591635513305664,-0.056481958692486345,-0.22220058431270284,0.7006275024414063,-0.9228280867541091,2.944547467531314,2.948154296875,-0.0036068293436857246
S43A13T04,raw,180,6.0,False,False,0.22754897814692707,0.17665033721923828,0.1490486045643215,0.20815316390991212,-0.05910455934559061,-0.22295138916483753,0.6981803894042968,-0.9211317785691344,2.947378337602755,2.944530029296875,0.0028483083058801206
S43A13T04,raw,181,6.033333333333333,False,False,0.25644176419760195,0.16636975097656248,0.14961584364808253,0.21414727783203125,-0.06453143418394872,-0.22885456279877378,0.6821713562011719,-0.9110259189999457,2.9397156257045243,2.923642822265625,0.016072803438899275
S43A13T04,raw,182,6.066666666666666,False,False,0.24101838423253558,0.17267109680175782,0.14868376030021682,0.2135129928588867,-0.06482923255866987,-0.22920951958025065,0.6856201171875,-0.9148296367677506,2.940356351417705,2.9286083984375004,0.011747952980204701
S43A13T04,raw,183,6.1,False,False,0.2384194059250792,0.17141225433349608,0.14734418665639473,0.2133742561340332,-0.06603006947763848,-0.22755635310975283,0.6908286437988281,-0.918384996908581,2.9411628489665866,2.9408900146484376,0.00027283431814906223
S43A13T04,raw,184,6.133333333333334,False,False,0.24870564900702327,0.1631353607177734,0.14797485746500236,0.21851102447509765,-0.0705361670100953,-0.22949562982580676,0.683712646484375,-0.9132082763101818,2.938331095357027,2.9152713623046878,0.023059733052339215
S43A13T04,raw,185,6.166666666666667,False,False,0.23959201794614945,0.16966838073730467,0.14731391275313735,0.21548676300048827,-0.06817285024735092,-0.22828446254306098,0.6907067260742188,-0.9189911886172798,2.93937882203112,2.9340324707031247,0.0053463513279954356
S43A13T04,raw,186,6.2,False,False,0.23456954072434272,0.16927204895019532,0.14578322842652786,0.21704448699951173,-0.07126125857298388,-0.22660865605530128,0.6944725646972656,-0.9210812207525669,2.940581742426171,2.9413997802734375,-0.0008180378472664174
S43A13T04,raw,187,6.233333333333333,False,False,0.23013049658335,0.16983651733398436,0.14567685916139253,0.2147499237060547,-0.06907306454466217,-0.22712817677424266,0.6894393005371093,-0.916567477311352,2.9400202437323966,2.9379941406250003,0.00202610310739626
S43A13T04,raw,188,6.266666666666667,False,False,0.22900194756723605,0.1641941680908203,0.14520737289468946,0.21287133026123045,-0.06766395736654099,-0.22694810115656777,0.6914117126464845,-0.9183598138030522,2.9405911121706314,2.9377426757812497,0.0028484363893817033
S43A13T04,raw,189,6.3,False,False,0.2271021597957194,0.15623538208007812,0.14373486772885197,0.21805616760253904,-0.07432129987368707,-0.2270519293598024,0.695385498046875,-0.9224374274066773,2.940250023813539,2.940699951171875,-0.00044992735833604414
S43A13T04,raw,190,6.333333333333333,False,False,0.22441644512588294,0.15920288085937503,0.14337088683640786,0.2175938720703125,-0.07422298523390464,-0.22624997326094615,0.6936879272460937,-0.9199379005070398,2.9401006546587714,2.9337828369140624,0.0063178177447089645
S43A13T04,raw,191,6.366666666666666,False,True,0.22441644512588294,0.15920288085937503,0.14337088683640786,0.2175938720703125,-0.07422298523390464,-0.22624997326094615,0.6936879272460937,-0.9199379005070398,2.9401006546587714,2.9337828369140624,0.0063178177447089645
S43A13T04,raw,192,6.4,False,False,0.22830171437349786,0.16621801757812502,0.14315580903909664,0.2157628173828125,-0.07260700834371586,-0.22731455983549162,0.6939894409179688,-0.9213040007534604,2.942179070620861,2.9374842529296874,0.004694817691173636
S43A13T04,raw,193,6.433333333333334,False,False,0.22844363242804447,0.1662786865234375,0.14313633242027485,0.21575177001953127,-0.07261543759925643,-0.2273053790588089,0.6939931640625,-0.9212985431213089,2.9421601710972665,2.9375660400390626,0.004594131058203832
S43A13T04,raw,194,6.466666666666667,False,False,0.22845027628953257,0.16628091430664066,0.14313519104599579,0.2157523651123047,-0.07261717406630891,-0.22730386112198347,0.6939938354492188,-0.9212976965712023,2.9421589808830197,2.9375743408203125,0.0045846400627072015
S43A13T04,raw,195,6.5,False,False,0.22845088959010612,0.16628106689453123,0.14313499074585914,0.21575265502929686,-0.07261766428343772,-0.2273037265875883,0.693994140625,-0.9212978672125882,2.9421590624026708,2.9375756835937503,0.0045833788089204575
S43A13T04,raw,196,6.533333333333333,False,False,0.22813947877094864,0.16233897399902342,0.14021547976067522,0.21674063873291016,-0.07652515897223494,-0.2258256532552221,0.6935491638183594,-0.9193748170735815,2.940592550006168,2.9427458496093752,-0.002153299603207426
S43A13T04,raw,197,6.566666666666666,False,False,0.2210158585398588,0.15717132568359377,0.13912617510698583,0.22302313232421875,-0.08389695721723292,-0.22401559873547938,0.7011390686035156,-0.925154667338995,2.942851634986917,2.94294970703125,-9.807204433309735e-05
S43A13T04,raw,198,6.6,False,False,0.2165460842657664,0.15664381408691408,0.13827925751451461,0.22131523895263672,-0.0830359814381221,-0.22392071937285649,0.6961453857421875,-0.920066105115044,2.9421293616699953,2.936877197265625,0.005252164404370152
S43A13T04,raw,199,6.633333333333334,False,False,0.218659391587225,0.15633670043945314,0.13862022671664181,0.22128675842285156,-0.08266653170620974,-0.2245333381010685,0.6981967468261718,-0.9227300849272404,2.9412615048157607,2.93945263671875,0.0018088680970107518
S43A13T04,raw,200,6.666666666666667,False,False,0.2219747573312135,0.15617755126953123,0.13669538476840315,0.22243164062499998,-0.08573625585659683,-0.22407991249303952,0.6994519958496094,-0.9235319083426489,2.941179033815349,2.94196826171875,-0.0007892279034007466
S43A13T04,raw,201,6.7,False,False,0.2207757019866844,0.15308155822753908,0.13781604966012376,0.2235999069213867,-0.08578385726126295,-0.22401425895721144,0.6970405883789063,-0.9210548473361178,2.94191411049377,2.9371676025390627,0.004746507954707102
S43A13T04,raw,202,6.733333333333333,False,False,0.22754107763275275,0.1646597442626953,0.13612179614328693,0.21794951629638673,-0.0818277201530998,-0.223957303285548,0.6984136962890626,-0.9223709995746106,2.9399168218831218,2.9383685302734373,0.0015482916096845045
S43A13T04,raw,203,6.766666666666667,False,False,0.2251484070475529,0.15808245849609376,0.1368835560967379,0.21586956787109376,-0.07898601177435585,-0.2241161138231008,0.6984685058593749,-0.9225846196824757,2.9409719856608016,2.9345506591796875,0.0064213264811141535
S43A13T04,raw,204,6.8,False,False,0.22722462775443217,0.16291018676757812,0.13712039851509492,0.21493138122558594,-0.07781098271049103,-0.2230665074734717,0.6982333984375,-0.9212999059109717,2.940281006021656,2.9355166015625,0.004764404459156157
S43A13T04,raw,205,6.833333333333333,False,False,0.23013886587505622,0.1702514953613281,0.13693843604819964,0.2151813507080078,-0.07824291465980818,-0.2238841760026791,0.698037109375,-0.921921285377679,2.939336770419636,2.9365845947265625,0.002752175693073511
S43A13T04,raw,206,6.866666666666666,False,False,0.22609181083976404,0.16252729797363283,0.13693329975136562,0.21442885589599608,-0.07749555614463047,-0.2247677145697685,0.6977803344726563,-0.9225480490424248,2.9408303352449265,2.93979833984375,0.0010319954011763777
S43A13T04,raw,207,6.9,False,False,0.2242992150084908,0.1668993072509766,0.13638050215637315,0.21654207611083987,-0.08016157395446671,-0.22512033809916054,0.6975955200195312,-0.9227158581186917,2.9400748008014728,2.939942138671875,0.00013266212959761603
S43A13T04,raw,208,6.933333333333334,False,False,0.22350332301919099,0.15862200927734374,0.136294479181738,0.21873394775390625,-0.08243946857216825,-0.223719316073935,0.6973733215332032,-0.9210926376071382,2.940718035976967,2.9351302490234374,0.005587786953529683
S43A13T04,raw,209,6.966666666666667,False,False,0.22635040321549807,0.16241213989257813,0.13686815816849626,0.21832679748535158,-0.08145863931685532,-0.22463828901123792,0.6990134887695313,-0.9236517777807692,2.941052528836531,2.9358892822265625,0.005163246609968475
S43A13T04,raw,210,7.0,False,False,0.22380630002774787,0.1614480438232422,0.13683283675802893,0.2178056106567383,-0.08097277389870938,-0.2246352141428044,0.6971344909667969,-0.9217697051096013,2.9399593105894617,2.9385524902343754,0.0014068203550863245
S43A13T04,raw,211,7.033333333333333,False,False,0.22527429448732592,0.15779664611816405,0.13792487305978998,0.21626982879638673,-0.07834495573659675,-0.2247392801855256,0.6987754821777343,-0.9235147623632599,2.9408474433686984,2.9377019042968753,0.0031455390718231335
S43A13T04,raw,212,7.066666666666666,False,False,0.2240298000635781,0.15310105895996096,0.13739903420165717,0.21853165435791017,-0.081132620156253,-0.22546405997365265,0.6975242004394531,-0.9229882604131057,2.938318574139973,2.9381644287109374,0.00015414542903569028
S43A13T04,raw,213,7.1,False,False,0.2254570163651074,0.15246453857421877,0.1373737738151918,0.2183011474609375,-0.0809273736457457,-0.2254867904981481,0.6958211975097657,-0.9213079880079138,2.938393469152326,2.9288963623046875,0.009497106847638381
S43A13T04,raw,214,7.133333333333334,False,False,0.22392961356224292,0.15337312316894533,0.13764121737139384,0.21754772186279298,-0.07990650449139913,-0.2251474118118343,0.6953147583007813,-0.9204621701126156,2.9399259315234807,2.9299376220703124,0.00998830945316831
S43A13T04,raw,215,7.166666666666667,False,False,0.23220875442305738,0.162707763671875,0.13840016930181923,0.2154530944824219,-0.07705292518060267,-0.22682348150826254,0.6962164611816406,-0.9230399426899032,2.938034325405148,2.9360394287109375,0.0019948966942107127
S43A13T04,raw,216,7.2,False,False,0.2299965195435243,0.159601318359375,0.13876227082997275,0.21395223999023438,-0.07518996916026163,-0.2271698638474761,0.6977893981933594,-0.9249592620408355,2.940702906097841,2.934500244140625,0.006202661957216193
S43A13T04,raw,217,7.233333333333333,False,False,0.22803432156876796,0.16058862304687502,0.13831549238458904,0.21515768432617188,-0.07684219194158284,-0.22747099664067819,0.6944540710449219,-0.9219250676856,2.938403053500389,2.93603857421875,0.002364479281639298
S43A13T04,raw,218,7.266666666666667,False,False,0.23047643601810702,0.16297000122070315,0.1375373951649805,0.21074739074707033,-0.07320999558208982,-0.22697207787643395,0.6908864440917969,-0.9178585219682308,2.939018615399928,2.9345953369140627,0.004423278485865101
S43A13T04,raw,219,7.3,False,False,0.23506057585339776,0.16556518554687497,0.13786053650471267,0.21259912109375,-0.07473858458903734,-0.2271928428530707,0.6934149780273438,-0.9206078208804145,2.938980359471607,2.9389713134765625,9.045995044587585e-06
S43A13T04,raw,220,7.333333333333333,False,False,0.2713067240381563,0.15345028686523438,0.1379536074659319,0.21829408264160158,-0.08034047517566967,-0.22769097486335513,0.6876220092773437,-0.9153129841406988,2.9378030084566125,2.90292822265625,0.03487478580036241
S43A13T04,raw,221,7.366666666666666,False,False,0.2514616388093433,0.15392042541503909,0.13674163492123254,0.22052416229248048,-0.08378252737124794,-0.2277845185205301,0.6903682556152344,-0.9181527741357645,2.939434939598628,2.9202635498046874,0.01917138979394073
S43A13T04,raw,222,7.4,False,False,0.24302825287611182,0.16579890441894535,0.1349421417918405,0.21411193084716798,-0.07916978905532748,-0.22436513183752585,0.6931272888183594,-0.9174924206558852,2.942008568407446,2.9269039306640625,0.015104637743383442
S43A13T04,raw,223,7.433333333333334,False,False,0.2481922670426942,0.17367838287353518,0.13330116374491036,0.21466987228393553,-0.08136870853902517,-0.22653394814826422,0.6926544189453125,-0.9191883670935768,2.940975142306496,2.9304482421875,0.010526900118995819
S43A13T04,raw,224,7.466666666666667,False,False,0.25835530822907543,0.17382801818847654,0.13329053025674445,0.21035692596435548,-0.07706639570761104,-0.23552705778347158,0.681880126953125,-0.9174071847365967,2.936269825911757,2.9354537353515626,0.0008160905601943824
S43A13T04,raw,225,7.5,False,False,0.2677748170623095,0.18045204925537106,0.12832495388012852,0.2051961250305176,-0.07687117115038908,-0.23579831061578388,0.679180908203125,-0.914979218818909,2.9351542641913464,2.933841552734375,0.0013127114569715381
S43A13T04,raw,226,7.533333333333333,False,False,0.2704057642723103,0.1912003173828125,0.12314795239329794,0.2021824951171875,-0.07903454272388956,-0.23556358123062152,0.6854060668945312,-0.9209696481251527,2.931225158752062,2.9291353759765624,0.00208978277549976
S43A13T04,raw,227,7.566666666666666,False,False,0.2753746994786037,0.1934346084594727,0.12014839482794096,0.2071048698425293,-0.08695647501458834,-0.2338874820755659,0.6877585754394531,-0.9216460575150189,2.926852270933133,2.92587744140625,0.0009748295268829921
S43A13T04,raw,228,7.6,False,False,0.27774855785306574,0.1873951950073242,0.11068345747331851,0.21304327774047851,-0.10235982026716,-0.23320461322004638,0.6861715087890625,-0.9193761220091089,2.918388109569971,2.9188868408203126,-0.0004987312503414998
S43A13T04,raw,229,7.633333333333334,False,False,0.3042343030115,0.15744377136230467,0.10395194381538236,0.22336310577392576,-0.1194111619585434,-0.23259651521220123,0.6786720275878906,-0.9112685428000918,2.9095076741220365,2.88868505859375,0.02082261552828646
S43A13T04,raw,230,7.666666666666667,False,False,0.30474567930249863,0.16014707946777343,0.08699323953009037,0.22676319122314453,-0.13976995169305417,-0.224931366571591,0.6827344360351563,-0.9076658026067472,2.899226076403436,2.8884464111328123,0.010779665270623795
S43A13T04,raw,231,7.7,False,False,0.30702799101660394,0.14696627807617188,0.08005837885671513,0.22560255432128906,-0.14554417546457393,-0.22415368865554103,0.6842404479980468,-0.9083941366535879,2.892820555270152,2.8968261718750004,-0.004005616604848328
S43A13T04,raw,232,7.733333333333333,False,False,0.33506736411910554,0.11962059020996094,0.061417558963299534,0.22962879180908202,-0.1682112328457825,-0.2225422641923796,0.6752902221679687,-0.8978324863603484,2.8773941351364924,2.8876279296875,-0.010233794551007591
S43A13T04,raw,233,7.766666666666667,False,False,0.3263782216798049,0.11163836669921873,0.04177987380226083,0.23230841064453125,-0.19052853684227042,-0.22069405402257108,0.6695646972656251,-0.8902587512881961,2.864466524680115,2.8843317871093754,-0.019865262429260344
S43A13T04,raw,234,7.8,False,False,0.3282264250586548,0.11620143127441407,0.024498441015675665,0.22426598358154298,-0.19976754256586732,-0.219292153598366,0.6638228149414063,-0.8831149685397723,2.8484837705354815,2.8837641601562503,-0.03528038962076874
S43A13T04,raw,235,7.833333333333333,False,False,0.3362795935743404,0.13311143493652342,0.0074319135529820335,0.21882447052001952,-0.2113925569670375,-0.20451102846537936,0.6761146850585937,-0.8806257135239731,2.834303553754189,2.8811295166015625,-0.0468259628473735
S43A13T04,raw,236,7.866666666666666,False,False,0.42432438418971974,0.12227273559570315,-0.007973075574191031,0.21933287048339845,-0.22730594605758947,-0.18942476203487257,0.6828129272460938,-0.8722376892809663,2.8245077321884087,2.8386328125,-0.014125080311591542
S43A13T04,raw,237,7.9,False,False,0.34006884043461666,0.15462667846679687,-0.02424973064512461,0.2081409454345703,-0.2323906760796949,-0.17302601420060065,0.7090479736328126,-0.8820739878334132,2.8197731945197355,2.8743720703125,-0.054598875792764456
S43A13T04,raw,238,7.933333333333334,False,False,0.2952908064603597,0.18398150634765625,-0.04418940297869016,0.2047397155761719,-0.24892911855486205,-0.14080260728810157,0.722211669921875,-0.8630142772099766,2.799824521831382,2.906326416015625,-0.10650189418424283
S43A13T04,raw,239,7.966666666666667,False,False,0.2748841172191055,0.19990034484863284,-0.06788286107380354,0.2074711227416992,-0.27535398381550275,-0.12507712466536922,0.7262667236328125,-0.8513438482981818,2.7821352356374898,2.926316650390625,-0.14418141475313506
S43A13T04,raw,240,8.0,False,False,0.2927242020878994,0.2417069320678711,-0.09073685962607875,0.21445909500122073,-0.3051959546272995,-0.0913981714052501,0.7610794372558594,-0.8524776086611094,2.7667898467085035,2.9704862060546877,-0.20369635934618424
S43A13T04,raw,241,8.033333333333333,False,False,0.28695124699888,0.2547108459472657,-0.10357984523697014,0.20675877380371094,-0.31033861904068105,-0.06883436002148671,0.7631051635742188,-0.8319395235957054,2.7531576767834403,2.9891356201171875,-0.23597794333374722
S43A13T04,filtered,0,0.0,False,False,0.27649476485876934,0.23180877677247222,0.19025510692673103,0.25088742827879384,-0.06063232135206281,-0.223662426684423,0.7211773607146497,-0.9448397873990726,2.989194097765463,2.958089345105809,0.031104752659654178
S43A13T04,filtered,1,0.03333333333333333,False,False,0.27656458340907564,0.2328233928507669,0.19018174896738105,0.25068859521829506,-0.060506846250914015,-0.2234838557531208,0.7207148355600876,-0.9441986913132084,2.9891167409102652,2.9579896672410904,0.031127073669174887
S43A13T04,filtered,2,0.06666666666666667,False,False,0.2766167609442673,0.233784974294634,0.19011420377527855,0.2505138684268962,-0.06039966465161767,-0.22330886267165026,0.720268302387697,-0.9435771650593473,2.989033773631088,2.957885499592347,0.031148274038740986
S43A13T04,filtered,3,0.1,False,False,0.27664164741570185,0.2346546260404541,0.19005799425710443,0.25038029142276896,-0.060322297165664535,-0.22314121204387605,0.7198496859545305,-0.9429908979984065,2.9889417855699465,2.9577639709307766,0.03117781463916991
S43A13T04,filtered,4,0.13333333333333333,False,False,0.27663447017008197,0.23540016383627202,0.19001800088370163,0.2503013719159337,-0.06028337103223208,-0.2229848220615346,0.7194694108281803,-0.9424542328897149,2.988837994426243,2.9576122958842936,0.03122569854194923
S43A13T04,filtered,5,0.16666666666666666,False,False,0.27659707518642557,0.235997793198616,0.18999823893656756,0.2502863197065854,-0.06028808077001782,-0.22284373461277815,0.719135924058416,-0.9419796586711942,2.9887204366139533,2.9574179299730083,0.031302506640944916
S43A13T04,filtered,6,0.2,False,False,0.2765388347650604,0.2364329761307585,0.1900016967839934,0.2503397490251433,-0.06033805224114988,-0.22272202231603555,0.7188553646912835,-0.9415773870073191,2.9885881192197306,2.9571687161605533,0.03141940305917723
S43A13T04,filtered,7,0.23333333333333334,False,False,0.27647657999361214,0.23670042934695176,0.190030242018455,0.25046185739907034,-0.06043161538061534,-0.2226236274309002,0.7186314012382184,-0.9412550286691186,2.9884411203579924,2.956853059599447,0.03158806075854548
S43A13T04,filtered,8,0.26666666666666666,False,False,0.2764335352727808,0.23680329687601412,0.1900845961188622,0.25064903313235715,-0.060564437013494954,-0.22255213632473636,0.718465241788727,-0.9410173781134633,2.988280624313384,2.9564601760864755,0.03182044822690866
S43A13T04,filtered,9,0.3,False,False,0.2764373485951337,0.23675163255630885,0.19016437254278182,0.25089479239234097,-0.06073041984955915,-0.2225105028066575,0.7183558056307142,-0.9408663084373717,2.988108879511914,2.95598045714911,0.032128422362804
S43A13T04,filtered,10,0.3333333333333333,False,False,0.27651741094696847,0.23656040143631082,0.19026816867186208,0.25119091156989154,-0.06092274289802946,-0.22250074328899272,0.7183000319386403,-0.9408007752276331,2.987929071926153,2.9554059780646575,0.03252309386149532
S43A13T04,filtered,11,0.36666666666666664,False,True,0.27670173170831686,0.2362472536323231,0.190393699486686,0.2515286047759845,-0.06113490528929849,-0.22252363515337756,0.7182932915490348,-0.9408169267024123,2.987745113861601,2.954731145278071,0.033013968583529785
S43A13T04,filtered,12,0.4,False,False,0.2770136807641386,0.23583033475663984,0.190537960494549,0.25189960055218236,-0.061361640057633365,-0.22257845538787402,0.7183298626256729,-0.9409083180135469,2.9875613573626314,2.9539534412087693,0.03360791615386205
S43A13T04,filtered,13,0.43333333333333335,False,False,0.2774689238356683,0.2353263744643827,0.19069740903444865,0.252296993736445,-0.061599584701996335,-0.22266279802427916,0.7184034301548555,-0.9410662281791347,2.987382251373133,2.953074185026985,0.03430806634614836
S43A13T04,filtered,14,0.4666666666666667,False,False,0.278072869247702,0.23474924520230003,0.19086815593062362,0.25271578350608354,-0.06184762757545992,-0.22277250498856702,0.7185075723041847,-0.9412800772927518,2.987211970709214,2.952099196872193,0.03511277383702138
S43A13T04,filtered,15,0.5,False,False,0.27881891470776543,0.23410911653077882,0.19104616256900053,0.2531530514238779,-0.06210688885487736,-0.22290173526421667,0.7186362028875479,-0.9415379381517646,2.9870540513474992,2.9510392387188578,0.03601481262864148
S43A13T04,filtered,16,0.5333333333333333,False,False,0.27968773098055477,0.2334122568510888,0.19122744084662568,0.2536077783040911,-0.06238033745746541,-0.22304318240346346,0.7187839472525771,-0.9418271296560405,2.9869110693548033,2.9499101132190737,0.037000956135729623
S43A13T04,filtered,17,0.5666666666666667,False,False,0.2806477422007106,0.23266146290992196,0.19140825441112028,0.25408034108748684,-0.06267208667636656,-0.22318843224490667,0.7189464373565375,-0.9421348696014442,2.9867843993620715,2.9487323332673654,0.03805206609470613
S43A13T04,filtered,18,0.6,False,False,0.28165685770072624,0.23185703436715335,0.19158531896501596,0.2545717669347796,-0.06298644796976366,-0.223328434045063,0.7191205192264736,-0.9424489532715365,2.9866740827640474,2.947530325562262,0.03914375720178542
S43A13T04,filtered,19,0.6333333333333333,False,False,0.2826653813331916,0.2309981598756929,0.19175599743137264,0.2550828486480944,-0.06332685121672174,-0.2234540423959132,0.7193043714751244,-0.9427584138710376,2.986578826266372,2.946331192862182,0.04024763340418991
S43A13T04,filtered,20,0.6666666666666666,False,False,0.2836198839179402,0.23008454489902933,0.19191848303913966,0.25561324120304274,-0.06369475816390308,-0.22355657725836647,0.7194975368540335,-0.9430541141124,2.9864961389048936,2.945163121779057,0.04133301712583659
S43A13T04,filtered,21,0.7,False,False,0.28446769301869856,0.2291180915318243,0.19207196054236703,0.2561606620291025,-0.06408870148673546,-0.22362834711681331,0.7197008704916772,-0.9433292176084905,2.9864226015168156,2.9440535759700235,0.042369025546792116
S43A13T04,filtered,22,0.7333333333333333,False,False,0.285161555047867,0.2281044379999964,0.19221673339003398,0.25672030685809244,-0.06450357346805846,-0.22366308603980403,0.7199164094506757,-0.9435794954904797,2.986354248445657,2.943027450609044,0.04332679783661275
S43A13T04,filtered,23,0.7666666666666667,False,False,0.2856639775174631,0.22705418050729287,0.19235430310545268,0.2572845688288505,-0.0649302657233978,-0.22365626809493383,0.7201471694792907,-0.9438034375742246,2.9862870287386922,2.942105378010262,0.04418165072843028
S43A13T04,filtered,24,0.8,False,False,0.28595077512773875,0.22598363150702636,0.1924873867050598,0.2578431130899019,-0.06535572638484208,-0.2236052796260097,0.720396876853134,-0.9440021564791438,2.9862173048274236,2.9413023643065905,0.04491494052083311
S43A13T04,filtered,25,0.8333333333333334,False,False,0.2860134220696965,0.2249150135277331,0.19261985898884298,0.2583833161252882,-0.06576345713644521,-0.22350944822690916,0.7206696460163486,-0.9441790942432577,2.98614234180947,2.9406269043581306,0.04551543745133957
S43A13T04,filtered,26,0.8666666666666667,False,False,0.28585994341913545,0.22387604196891542,0.19275660935572464,0.25889103363421,-0.06613442427848537,-0.22336994375228902,0.7209696169874636,-0.9443395607397527,2.986060740468445,2.9400806707102634,0.045980069758181585
S43A13T04,filtered,27,0.9,False,False,0.28551424185956104,0.22289890806128168,0.1929033078380492,0.2593516190206562,-0.06644831118260697,-0.22318957892818128,0.7213005697026473,-0.9444901486308286,2.985972771877882,2.9396588090162163,0.04631396286166556
S43A13T04,filtered,28,0.9333333333333333,False,False,0.2850139292545052,0.2220187280270927,0.1930660825079893,0.2597510823019772,-0.0666849997939879,-0.22297254361020064,0.721665535160646,-0.9446380787708466,2.9858805800617794,2.9393508050227153,0.04652977503906408
S43A13T04,filtered,29,0.9666666666666667,False,False,0.2844068930444516,0.22127157040313383,0.19325112001202777,0.2600772613063331,-0.06682614129430531,-0.22272410719331132,0.7220664250562148,-0.944790532249526,2.9857882306148342,2.939141825525417,0.04664640508941709
S43A13T04,filtered,30,1.0,False,True,0.2837469559626198,0.22069220628865815,0.1934642118181949,0.26032087608331117,-0.06685666426511627,-0.22245031892289535,0.7225037023409921,-0.9449540212638875,2.985701596229928,2.9390143853285386,0.046687210901389165
S43A13T04,filtered,31,1.0333333333333334,False,False,0.28308907088033414,0.22031174536968934,0.19371027927782877,0.2604763534831002,-0.06676607420527145,-0.22215772757376018,0.7229761147652176,-0.9451338423389778,2.9856280836610956,2.9389501599887193,0.04667792367237622
S43A13T04,filtered,32,1.0666666666666667,False,False,0.2824845241081917,0.22015532491140233,0.193992918904951,0.260542339146959,-0.06654942024200802,-0.22185313230607812,0.7234805119250973,-0.9453336442311755,2.985576219852535,2.9389317531949963,0.04664446665753852
S43A13T04,filtered,33,1.1,False,False,0.28197660007040837,0.22024001205517668,0.19431401347889155,0.26052185387914006,-0.06620784040024852,-0.22154336763132385,0.7240117636296286,-0.9455551312609525,2.985555126975278,2.938944238403104,0.04661088857217388
S43A13T04,filtered,34,1.1333333333333333,False,False,0.2815970935531556,0.22057306461128848,0.1946734532302631,0.26042209459790533,-0.06574864136764222,-0.22123511902626375,0.7245627933656275,-0.9457979123918911,2.9855739261172323,2.938976324510147,0.04659760160708526
S43A13T04,filtered,35,1.1666666666666667,False,True,0.28136395306123835,0.22115067446670622,0.19506900380937625,0.2602539207333504,-0.06518491692397416,-0.2209347627140312,0.7251247350612333,-0.9460594977752645,2.985641116493434,2.93902104050509,0.04662007598834439
S43A13T04,filtered,36,1.2,False,False,0.2812802140310076,0.22195729228864672,0.1954963443066314,0.26003109969885124,-0.06453475539221984,-0.22064822342285006,0.7256872140965865,-0.9463354375194366,2.985763980384712,2.939075888386995,0.04668809199771706
S43A13T04,filtered,37,1.2333333333333334,False,False,0.2813342493821781,0.22296560336023097,0.19594928072318338,0.25976940585536756,-0.06382012513218419,-0.22038084658814533,0.7262387448135479,-0.9466195914016933,2.985948062809016,2.9391424709311496,0.04680559187786626
S43A13T04,filtered,38,1.2666666666666666,False,False,0.2815012425622055,0.22413719281097214,0.19642012032481163,0.2594856738895433,-0.06306555356473167,-0.22013728497724883,0.7267672274186692,-0.946904512395918,2.9861967687856312,2.939225655098526,0.04697111368710516
S43A13T04,filtered,39,1.3,False,False,0.28174568786170806,0.22542390471308899,0.19690017311884578,0.2591968994694761,-0.06229672635063033,-0.21992140253795747,0.72726051842613,-0.9471819209640875,2.9865111102007242,2.939332377866398,0.047178732334326234
S43A13T04,filtered,40,1.3333333333333333,False,False,0.28202465307606545,0.22676986377235434,0.19738033109373224,0.2589194593731623,-0.06153912827943006,-0.21973619936094677,0.7277070420153572,-0.947443241376304,2.9868896197504635,2.9394702350473834,0.04741938470308016
S43A13T04,filtered,41,1.3666666666666667,False,False,0.28229150378234424,0.2281140906580439,0.19785166607509944,0.25866849401306663,-0.060816827937967194,-0.2195837608267615,0.7280964058155276,-0.9476801666422892,2.987328433010333,2.9396460126957846,0.0476824203145485
S43A13T04,filtered,42,1.4,False,False,0.282499784204099,0.22939360248698581,0.19830598434765448,0.2584574628921671,-0.06015147854451261,-0.21946523195905845,0.7284199838436802,-0.9478852158027387,2.9878215236070607,2.9398643238945006,0.04795719971256007
S43A13T04,filtered,43,1.4333333333333333,False,False,0.2826069699260156,0.23054684951905288,0.1987362808046631,0.2582978539986327,-0.0595615731939696,-0.2193808158821838,0.7286714310773937,-0.9480522469595776,2.9883610629889312,2.940126501444536,0.048234561544395316
S43A13T04,filtered,44,1.4666666666666666,False,False,0.2825778431938545,0.23151730022436856,0.1991370466630463,0.25819900676239144,-0.05906196009934514,-0.21932979417655102,0.7288470975803736,-0.9481768917569247,2.9889378671172095,2.9404298708604655,0.04850799625674407
S43A13T04,filtered,45,1.5,False,False,0.28238728284526077,0.23225695384013237,0.19950440139458644,0.2581679984693675,-0.058663597074781054,-0.21931056741055205,0.7289463144952123,-0.9482568819057644,2.9895418883789664,2.940767490677187,0.04877439770177938
S43A13T04,filtered,46,1.5333333333333334,False,False,0.2820223011737583,0.2327295378672162,0.19983603964216437,0.25820954699923776,-0.05837350735707339,-0.21932071602548023,0.7289715292709895,-0.9482922452964697,2.990162712019274,2.941128401677542,0.04903431034173211
S43A13T04,filtered,47,1.5666666666666667,False,False,0.28148319652515263,0.23291314318114553,0.20013100530142258,0.2583258968566576,-0.058194891555234995,-0.2193570841997152,0.7289282733739129,-0.9482853575736281,2.99079002146445,2.9414983771048986,0.049291644359551245
S43A13T04,filtered,48,1.6,False,False,0.28078372529672485,0.23280206569371376,0.20038932519855276,0.25851667700629366,-0.058127351807740896,-0.21941589110116697,0.728824952899109,-0.948240844000276,2.991414004638404,2.9418611164366153,0.049552888201788825
S43A13T04,filtered,49,1.6333333333333333,False,False,0.27995023658367435,0.23240766255880801,0.20061155142756426,0.2587787430976378,-0.05816719167007356,-0.2194928739337756,0.7286724613947836,-0.9481653353285592,2.9920256822568696,2.9421997800717357,0.04982590218513394
S43A13T04,filtered,50,1.6666666666666667,False,False,0.27901976544056384,0.23175809169486525,0.20079827230648378,0.2591060382626352,-0.05830776595615139,-0.21958346478608318,0.7284836249069016,-0.9480670896929847,2.992617147846863,2.942498725143866,0.050118422702996934
S43A13T04,filtered,51,1.7,False,False,0.2780371537241989,0.23089688203645378,0.20094965564745798,0.2594895215888347,-0.05853986594137672,-0.21968299861770288,0.7282725013027761,-0.947955499920479,2.9931817170151023,2.9427452767875497,0.05043644022755256
S43A13T04,filtered,52,1.7333333333333334,False,False,0.27705136232905125,0.2298803721700097,0.20106508413645133,0.2599172188226137,-0.05885213468616238,-0.21978694361602674,0.7280535683935416,-0.9478405120095683,2.993713989844384,2.9429313570607016,0.050782632783682224
S43A13T04,filtered,53,1.7666666666666666,False,False,0.2761112475723134,0.22877414884382571,0.201142931626731,0.2603744447393777,-0.05923151311264671,-0.2198911389933031,0.7278408470164588,-0.9477319860097619,2.994209835146505,2.943054797175134,0.051155037971371
S43A13T04,filtered,54,1.8,False,False,0.27526117898783664,0.2276487053852302,0.201180512493484,0.2608442315676666,-0.05966371907418261,-0.21999202062655718,0.7276470147660178,-0.947639035392575,2.994666308791033,2.943120178720374,0.05154613007065878
S43A13T04,filtered,55,1.8333333333333333,False,False,0.27453694899573106,0.22657461460266953,0.20117421590489307,0.2613079750707793,-0.06013375916588623,-0.22008681305259015,0.7274825722756635,-0.9475693853282536,2.9950815207211448,2.9431390860378164,0.051942434683328376
S43A13T04,filtered,56,1.8666666666666667,False,False,0.27396243881385685,0.22561756388825893,0.2011198152275516,0.26174628268741273,-0.06062646745986114,-0.2201736678216695,0.727355125812001,-0.9475287936336705,2.995454466821042,2.943129703045659,0.052324763775382976
S43A13T04,filtered,57,1.9,False,False,0.2735474408098595,0.224833626824174,0.20101292204241059,0.2621399802912319,-0.06112705824882134,-0.2202517328426535,0.7272688466640121,-0.9475205795066657,2.9957848426642126,2.943115749862261,0.052669092801951756
S43A13T04,filtered,58,1.9333333333333333,False,False,0.2732868956519131,0.2242651432709673,0.20084953640159764,0.26247120925400746,-0.061621672852409826,-0.22032114418890805,0.7272241590012732,-0.9475453031901813,2.99607285632605,2.9431248217260766,0.052948034599973326
S43A13T04,filtered,59,1.9666666666666666,False,False,0.27316160698995295,0.22393754892343873,0.20062663170134343,0.26272452661878537,-0.06209789491744194,-0.2203829396551949,0.727217693682374,-0.9476006333375688,2.9963190567287676,2.9431862576336583,0.05313279909510937
S43A13T04,filtered,60,2.0,False,False,0.2731402896087315,0.22385743775058323,0.20034270526755996,0.2628879106512595,-0.06254520538369954,-0.2204389010564678,0.7272425266410902,-0.947681427697558,2.9965241922276595,2.943328720989686,0.053195471237973635
S43A13T04,filtered,61,2.033333333333333,False,False,0.27318263719440883,0.22401205964094867,0.1999982254848959,0.2629535735175066,-0.06295534803261069,-0.22049133910531277,0.7272886982206093,-0.947780037325922,2.996689111284192,2.9435777123824978,0.05311139890169425
S43A13T04,filtered,62,2.066666666666667,False,True,0.27324300030693055,0.2243703545334846,0.19959591361364548,0.2629184932968666,-0.06332257968322114,-0.2205428403575269,0.7273439858855306,-0.9478868262430575,2.996814713195881,2.9439532503613535,0.05286146283452764
S43A13T04,filtered,63,2.1,False,True,0.2732742576812283,0.22488550771372118,0.19914081324968236,0.262784599008062,-0.06364378575837965,-0.22059600008855873,0.7273948792123812,-0.94799087930094,2.9969019521634483,2.944467947486234,0.052434004677214485
S43A13T04,filtered,64,2.1333333333333333,False,False,0.2732315315054968,0.2254988847310327,0.19864012178353033,0.26255857360619217,-0.06391845182266184,-0.2206531680092137,0.7274276852512377,-0.9480808532604514,2.99695189270466,2.94512567644431,0.05182621626035022
S43A13T04,filtered,65,2.1666666666666665,False,False,0.27307550620466847,0.22614507671464243,0.19810278436248943,0.26225127838648504,-0.06414849402399561,-0.22071623525335932,0.7274296765234682,-0.9481459117768276,2.9969658088152045,2.945920967653625,0.05104484116157959
S43A13T04,filtered,66,2.2,False,False,0.272775219288327,0.22675766835026684,0.1975388790004374,0.2618768439268533,-0.06433796492641589,-0.22078649062987546,0.7273901849589811,-0.9481766755888565,2.9969453136175717,2.9468392103993697,0.05010610321820197
S43A13T04,filtered,67,2.2333333333333334,False,False,0.2723102677277948,0.22727524403834604,0.19695884817224335,0.2614515125747633,-0.06449266440251994,-0.2208645710256088,0.7273015442044732,-0.948166115230082,2.9968925009073786,2.947857650421309,0.04903485048606937
S43A13T04,filtered,68,2.2666666666666666,False,False,0.2716723978818935,0.2276470862066882,0.19637265377851756,0.26099235001889226,-0.0646196962403747,-0.22095052423421618,0.7271597903689346,-0.9481103146031509,2.996810075494875,2.948947095197071,0.047862980297804114
S43A13T04,filtered,69,2.3,False,False,0.27086642746992706,0.2278380056628384,0.19578894540687844,0.2605159635502809,-0.06472701814340245,-0.22104399167105945,0.7269650470678212,-0.9480090387388806,2.99670144615291,2.9500741619019655,0.046627284250944534
S43A13T04,filtered,70,2.3333333333333335,False,False,0.2699104098281813,0.2278317858604726,0.19521433393523774,0.2600373684768057,-0.06482303454156796,-0.22114450332524377,0.7267215436424053,-0.947866046967649,2.996570754026099,2.9512038406406838,0.04536691338541532
S43A13T04,filtered,71,2.3666666666666667,False,False,0.26883492787956276,0.22763282358438305,0.1946528527792182,0.2595691303280343,-0.0649162775488161,-0.2212518589002571,0.7264372442802316,-0.9476891031804887,2.996422811275124,2.9523021053393883,0.04412070593573558
S43A13T04,filtered,72,2.4,False,False,0.2676814273436554,0.22726570289554932,0.19410566828462425,0.25912088007844536,-0.06501521179382111,-0.22136654974785921,0.7261230986389028,-0.947489648386762,2.9962629301591326,2.9533382934808374,0.04292463667829516
S43A13T04,filtered,73,2.433333333333333,False,False,0.2664995780932436,0.22677263476859064,0.19357107138892807,0.2586992560019687,-0.06512818461304062,-0.22149015936053226,0.7257919591732345,-0.9472821185337668,2.996096631962074,2.954286997390742,0.04180963457133169
S43A13T04,filtered,74,2.466666666666667,False,False,0.26534377812288984,0.22620891297053938,0.19304474846760186,0.2583082738965968,-0.06526352542899491,-0.22162566973341133,0.7254572438385114,-0.9470829135719228,2.995929237776034,2.955129263413661,0.040799974362372815
S43A13T04,filtered,75,2.5,False,False,0.26426905435638953,0.2256367544400307,0.1925202946118218,0.2579500730878722,-0.06542977847605042,-0.2217776002270959,0.7251314519313958,-0.9469090521584917,2.9957653580363033,2.9558529756908465,0.0399123823454568
S43A13T04,filtered,76,2.533333333333333,False,False,0.2633267274478798,0.22511808527936403,0.19198990178022332,0.2576259349491676,-0.06563603316894426,-0.2219519167140167,0.724824662233126,-0.9467765789471427,2.9956083130669007,2.9564523989252294,0.0391559141416713
S43A13T04,filtered,77,2.566666666666667,False,False,0.2625602610657941,0.2247069786923784,0.19144513107141517,0.25733742963333084,-0.06589229856191567,-0.2221556719101379,0.7245431535426727,-0.9466988254528106,2.9954595305869534,2.956926957410341,0.038532573176612406
S43A13T04,filtered,78,2.6,False,False,0.2620017006926634,0.2244425308984934,0.1908776655839609,0.2570875205993802,-0.06620985501541932,-0.22239637087803138,0.7242882863822371,-0.9466846572602685,2.9953179760429616,2.9572794228619053,0.03803855318105631
S43A13T04,filtered,79,2.6333333333333333,False,False,0.26166904165040444,0.22434296458301928,0.19027993965216702,0.256881449372882,-0.06660150972071496,-0.22268109477359005,0.7240557707080952,-0.9467368654816852,2.995179676129901,2.957513759483589,0.03766591664631225
S43A13T04,filtered,80,2.6666666666666665,False,False,0.26156478703558844,0.22440167428129149,0.18964555214230192,0.25672723697157507,-0.06708168482927315,-0.22301545561839037,0.7238354187091485,-0.9468508743275388,2.995037394087205,2.9576329221458435,0.03740447194136154
S43A13T04,filtered,81,2.7,False,False,0.2616758944141381,0.22458577933168616,0.18896939518885567,0.25663567345238014,-0.06766627826352448,-0.22340248922918177,0.7236114460100749,-0.9470139352392566,2.994880507358782,2.957636917149935,0.03724359020884682
S43A13T04,filtered,82,2.7333333333333334,False,False,0.26197526906535135,0.2248375391558653,0.18824746323178074,0.2566197205616626,-0.06837225732988186,-0.22384161677533346,0.723363341232756,-0.9472049580080895,2.994695124860797,2.957521413397541,0.03717371146325599
S43A13T04,filtered,83,2.7666666666666666,False,True,0.26242491014891023,0.2250787291857088,0.1874763473118659,0.25669331968339265,-0.06921697237152674,-0.2243278133714684,0.7230672758089736,-0.9473950891804419,2.99446446380386,2.957277137250319,0.037187326553540956
S43A13T04,filtered,84,2.8,False,False,0.2629807028608803,0.22521779417710394,0.1866524621239403,0.2568696714769917,-0.0702172093530514,-0.2248511122636231,0.7226979765629791,-0.9475490888266022,2.994169486331438,2.9568902023530192,0.03727928397841884
S43A13T04,filtered,85,2.8333333333333335,False,False,0.263598633115766,0.2251593120851332,0.18577109343160544,0.25715912679733016,-0.07138803336572472,-0.2253965455994923,0.7222309367670376,-0.9476274823665299,2.993789775630194,2.956343423833102,0.03744635179709199
S43A13T04,filtered,86,2.8666666666666667,False,False,0.2642418818755061,0.22481504077371417,0.18482538596891618,0.2575668922051241,-0.0727415062362079,-0.22594458002638018,0.7216448013455141,-0.9475893813718943,2.9933046109360184,2.9556185537539204,0.037686057182098054
S43A13T04,filtered,87,2.9,False,False,0.2648878920452957,0.22411560628397884,0.18380541216441826,0.25809079945136576,-0.0742853872869475,-0.22647205204783852,0.7209237329167084,-0.9473957849645469,2.992694182222197,2.9546992618303607,0.037994920391836384
S43A13T04,filtered,88,2.933333333333333,False,False,0.26553420071479306,0.22302174815837228,0.18269746641992013,0.258719409744923,-0.0760219433250029,-0.22695355015898483,0.7200595512001902,-0.9470131013591749,2.9919408696225114,2.9535745835145266,0.03836628610798476
S43A13T04,filtered,89,2.966666666666667,False,False,0.2662017258046881,0.2215339835724697,0.18148371670633848,0.25943071527543377,-0.07794699856909529,-0.22736313477027326,0.7190534417471834,-0.9464165765174567,2.991030501320947,2.9522424785280723,0.03878802279287452
S43A13T04,filtered,90,3.0,False,False,0.266934405496855,0.21969960075274308,0.18014231563342378,0.2601916598887423,-0.08004934425531854,-0.22767623917316354,0.717917052229356,-0.9455932914025196,2.9899534983885827,2.950713098320966,0.039240400067616754
S43A13T04,filtered,91,3.033333333333333,False,False,0.2677946673176507,0.2176160477553794,0.1786480297622596,0.2609586289431468,-0.0823105991808872,-0.22787156109459225,0.7166728350215347,-0.944544396116127,2.9887058173940066,2.949011360024346,0.03969445736966071
S43A13T04,filtered,92,3.066666666666667,False,False,0.26885510212478336,0.21543003897852428,0.17697339320546554,0.26167896029750604,-0.0847055670920405,-0.2279327397177663,0.7153535508267813,-0.9432862905445476,2.9872896124738557,2.9471784712615,0.040111141212355594
S43A13T04,filtered,93,3.1,False,False,0.27018774960466174,0.21333204125914274,0.17509033490269368,0.2622934136534817,-0.087203078750788,-0.227849621240665,0.7140009149196087,-0.9418505361602737,2.9857135577275686,2.9452721408115368,0.04044141691603187
S43A13T04,filtered,94,3.1333333333333333,False,False,0.2718532505732943,0.2115461963725075,0.17297217415285904,0.2627394176051541,-0.08976724345229509,-0.2276189491090471,0.7126634390901909,-0.940282388199238,2.9839927966983986,2.943365332341859,0.04062746435653963
S43A13T04,filtered,95,3.1666666666666665,False,False,0.2738924256037385,0.21031615258577963,0.17059583171525453,0.26295480858884446,-0.09235897687358993,-0.22724437228616134,0.7113935919695777,-0.9386379642557391,2.9821485154396488,2.9415435545556514,0.04060496088399734
S43A13T04,filtered,96,3.2,False,False,0.2763223478136559,0.20988767741761666,0.1679440692314309,0.26288169917154025,-0.09493762994010935,-0.2267357420719041,0.7102444621049391,-0.9369802041768431,2.9802071655823497,2.9399008133343765,0.04030635224797319
S43A13T04,filtered,97,3.2333333333333334,False,False,0.27913771291980977,0.21048927098363998,0.16500755214546195,0.262470077646464,-0.09746252550100207,-0.22610775705549396,0.7092661571425334,-0.9353739141980273,2.9781993902020334,2.9385344666923285,0.03966492350970485
S43A13T04,filtered,98,3.2666666666666666,False,False,0.2823166288292292,0.21231226191199878,0.16178653369311463,0.2616807546880264,-0.09989422099491174,-0.2253781056306443,0.7085022051481509,-0.9338803107787952,2.9761587250385864,2.937539314940585,0.038619410098001516
S43A13T04,filtered,99,3.3,False,False,0.28582842701966615,0.215492018304982,0.15829198111142756,0.26048733773231364,-0.10219535662088608,-0.22456533332441295,0.7079862376046842,-0.9325515709290971,2.974120158757666,2.9370013244457156,0.03711883431195062
S43A13T04,filtered,100,3.3333333333333335,False,False,0.2896402978470413,0.22009192352525736,0.15454600898225135,0.2588770251215826,-0.10433101613933127,-0.22368671557432307,0.7077392256497903,-0.9314259412241134,2.972118637757988,2.936991423282242,0.03512721447574574
S43A13T04,filtered,101,3.3666666666666667,False,False,0.293719789293782,0.22609163865885096,0.15058154506032834,0.25685015865684496,-0.10626861359651663,-0.22275643558144206,0.707767510119956,-0.9305239457013981,2.9701875941648406,2.9375598195102697,0.032627774654570896
S43A13T04,filtered,102,3.4,False,False,0.2980314578429103,0.2333809005089834,0.1464412251792709,0.2544186377919881,-0.10797741261271718,-0.22178434572565814,0.7080618119327291,-0.9298461576583872,2.968357562041084,2.938731275239645,0.029626286801438972
S43A13T04,filtered,103,3.433333333333333,False,False,0.3025278765782944,0.24175970061606983,0.14217558823977247,0.2516034594356118,-0.10942787119583933,-0.22077552940546355,0.7085973345409884,-0.9293728639464519,2.966654929569953,2.9405017201059556,0.026153209463997573
S43A13T04,filtered,104,3.466666666666667,False,False,0.30713722337324134,0.25094518679944383,0.1378407113889323,0.24843178029859495,-0.11059106890966264,-0.2197307836195212,0.7093349796099157,-0.9290657632294368,2.9651008578162323,2.942836507061696,0.022264350754536366
S43A13T04,filtered,105,3.5,False,False,0.31175114844046825,0.26058506697630596,0.13349548108833875,0.24493398134885316,-0.11143850026051441,-0.21864802228937727,0.7102235982594682,-0.9288716205488455,2.963710383389116,2.9456705062420117,0.0180398771471042
S43A13T04,filtered,106,3.533333333333333,False,False,0.31621703417530533,0.2702767276013819,0.12919873104734791,0.2411412286847484,-0.1119424976374005,-0.21752447165680266,0.7112031027664736,-0.9287275744232762,2.962491715619676,2.948910107431801,0.013581608187875016
S43A13T04,filtered,107,3.566666666666667,False,False,0.32033792659946786,0.279590761455849,0.12500648864384933,0.23708396311130345,-0.11207747446745411,-0.21635940955431157,0.712208178271925,-0.9285675878262365,2.96144573963633,2.952437068620741,0.009008671015588998
S43A13T04,filtered,108,3.6,False,False,0.32388160519409503,0.2880971839531706,0.12096955634880394,0.2327916143282028,-0.11182205797939887,-0.2151571067757437,0.7131722715306925,-0.9283293783064362,2.9605657438078996,2.9561140178263754,0.004451725981524213
S43A13T04,filtered,109,3.6333333333333333,False,False,0.32659809122103295,0.2953923465053903,0.11713161606708365,0.22829363978777442,-0.11116202372069077,-0.21392957479573618,0.7140315033850848,-0.927961078180821,2.9598374004640804,2.9597912976119476,4.6102852132801075e-05
S43A13T04,filtered,110,3.6666666666666665,False,False,0.3282430691146958,0.30112445871415616,0.11352798735786507,0.2236217592123153,-0.11009377185445024,-0.21269871820290204,0.7147281598310999,-0.927426878034002,2.959239038520367,2.963314745229245,-0.004075706708877913
S43A13T04,filtered,111,3.7,False,False,0.3286036759970819,0.30501572050072845,0.11018510229995976,0.21881302784216988,-0.10862792554221012,-0.2114975346887825,0.7152134654672618,-0.9267110001560444,2.958742251336678,2.9665339333092877,-0.007791681972609599
S43A13T04,filtered,112,3.7333333333333334,False,False,0.32752299799137047,0.30687933547822716,0.10712068824732306,0.21391320219452267,-0.10679251394719962,-0.21037009604601253,0.7154494298667192,-0.9258195259127318,2.9583128792527975,2.9693103616584047,-0.010997482405607162
S43A13T04,filtered,113,3.7666666666666666,False,False,0.3249201945567187,0.3066301054175192,0.1043445826337082,0.20897973605570092,-0.10463515342199271,-0.2093701702233761,0.7154096735613988,-0.924779843784775,2.957912391675628,2.971525092392775,-0.013612700717147153
S43A13T04,filtered,114,3.8,False,False,0.32080411830710087,0.30428785449588525,0.10186004814950628,0.20408372722448948,-0.1022236790749832,-0.20855849236791263,0.715079272074268,-0.9236377644421807,2.9574996681519754,2.9730853576089316,-0.015585689456956153
S43A13T04,filtered,115,3.8333333333333335,False,False,0.3152792923995746,0.2999735502940959,0.09966541733781106,0.1993102284375789,-0.09964481109976783,-0.20799884477240446,0.7144537856094584,-0.9224526303818629,2.9570331432905026,2.9739297371788584,-0.01689659388835585
S43A13T04,filtered,116,3.8666666666666667,False,False,0.30854393021822774,0.293898616563069,0.09775587630487244,0.19475653233723098,-0.09700065603235854,-0.2077532444514653,0.7135377481160805,-0.9212909925675459,2.9564732400863165,2.9740315974964227,-0.01755835741010614
S43A13T04,filtered,117,3.9,False,False,0.3008802223692706,0.2863485073548028,0.0961251988822417,0.19052831522655056,-0.09440311634430885,-0.20787664750685575,0.7123429528770528,-0.9202196003839086,2.955784974662043,2.9734005914695434,-0.017615616807500345
S43A13T04,filtered,118,3.933333333333333,False,False,0.2926373719008182,0.27766207299819445,0.09476726377490872,0.1867338372411097,-0.09196657346620098,-0.20841165005203674,0.710886877957175,-0.9192985280092117,2.95494057766356,2.972082136194901,-0.017141558531340806
S43A13T04,filtered,119,3.966666666666667,False,False,0.2842079466514415,0.2682085463906054,0.09367722409609038,0.18347669817090326,-0.08979947407481288,-0.20938368936416168,0.7091915384539438,-0.9185752278181054,2.9539219484027854,2.9701548986687487,-0.016232950265963275
S43A13T04,filtered,120,4.0,False,False,0.275998286296577,0.2583640830278511,0.09285224540792204,0.18084788936249951,-0.08799564395457747,-0.21079722396781905,0.7072829404600542,-0.9180801644278733,2.952722741615758,2.9677264250365387,-0.015003683420780511
S43A13T04,filtered,121,4.033333333333333,False,False,0.26839429510947005,0.2484896950912116,0.09229177822948552,0.17891802328733522,-0.0866262450578497,-0.21263329977133685,0.7051911634302189,-0.9178244632015558,2.951349886859806,2.96492714213778,-0.013577255277974043
S43A13T04,filtered,122,4.066666666666666,False,False,0.2617252412433484,0.23891215056703274,0.09199737763178405,0.1777306408446629,-0.08573326321287884,-0.21484879725205058,0.7029509420102513,-0.9177997392623019,2.9498243595356644,2.96190304154787,-0.012078682012205633
S43A13T04,filtered,123,4.1,False,False,0.2562300435534192,0.2299090074216869,0.09197212135732907,0.17729739050676172,-0.08532526914943264,-0.217377511421847,0.7006024871225844,-0.9179799985444315,2.9481810613746426,2.9588074277413297,-0.010626366366687012
S43A13T04,filtered,124,4.133333333333334,False,False,0.252032137344713,0.22169847865257733,0.09221970656004211,0.1775956616061074,-0.0853759550460653,-0.22013305422439458,0.6981922064930255,-0.91832526071742,2.9464677262242804,2.9557921745040407,-0.009324448279760311
S43A13T04,filtered,125,4.166666666666667,False,False,0.24912902171968912,0.21443433737230588,0.09274332368568511,0.17856897092498641,-0.0858256472393013,-0.22301340287623,0.6957729732338728,-0.9187863761101027,2.944742840963665,2.9529989852802805,-0.008256144316615366
S43A13T04,filtered,126,4.2,False,False,0.2474000336619481,0.20820562520576508,0.09354441562813857,0.18013009061263932,-0.08658567498450075,-0.2259067637021821,0.6934036496669996,-0.9193104133691817,2.9430726555761977,2.9505511871284664,-0.007478531552268741
S43A13T04,filtered,127,4.233333333333333,True,False,0.24663128046704066,0.20304056159396638,0.09462143299899668,0.18216661044027524,-0.08754517744127856,-0.22869829538927214,0.6911476902809379,-0.91984598567021,2.94152744258032,2.9485465936400237,-0.007019151059703521
S43A13T04,filtered,128,4.266666666666667,False,False,0.2465520550933972,0.1989137894382137,0.09596869363495739,0.1845483860881329,-0.08857969245317551,-0.23127715236160903,0.6890707996930496,-0.9203479520546587,2.940177244430167,2.9470519375504045,-0.006874693120237474
S43A13T04,filtered,129,4.3,False,False,0.2468746647019329,0.1957559422444617,0.09757544700501695,0.18713616323870552,-0.08956071623368857,-0.2335432780360275,0.6872377801787132,-0.9207810582147407,2.939087408342424,2.946099290191701,-0.007011881849277035
S43A13T04,filtered,130,4.333333333333333,False,False,0.24733017000496235,0.19346447617482782,0.09942523186310145,0.1897905959494273,-0.09036536408632584,-0.23541340296749003,0.6857088405291792,-0.9211222434966693,2.938314243102252,2.9456847518211746,-0.007370508718922419
S43A13T04,filtered,131,4.366666666666666,False,False,0.24769511416441467,0.19191476591498804,0.10149559786510427,0.1923808942514974,-0.09088529638639313,-0.2368257813941393,0.6845357313903198,-0.921361512784459,2.937901136667642,2.945769524353145,-0.00786838768550302
S43A13T04,filtered,132,4.4,False,False,0.24780733913839467,0.1909705996201077,0.10375823865220271,0.19479242627135943,-0.09103418761915671,-0.23774332204831475,0.6837581091606557,-0.9215014312089704,2.9378754456191607,2.9462832860491543,-0.008407840429993652
S43A13T04,filtered,133,4.433333333333334,False,False,0.24757134237985845,0.1904934049472109,0.10617955540988076,0.19693274397080363,-0.09075318856092286,-0.2381549210527827,0.6834005093155839,-0.9215554303683666,2.93824641025535,2.9471296015729083,-0.008883191317558214
S43A13T04,filtered,134,4.466666666666667,False,False,0.2469550046011924,0.19034977109678575,0.10872163728107134,0.1987356764649843,-0.09001403918391296,-0.23807496931139943,0.6834702389845451,-0.9215452082959446,2.9390042680265815,2.9481929449997946,-0.009188676973213017
S43A13T04,filtered,135,4.5,False,False,0.24598010653022045,0.19041707387502332,0.11134361027340818,0.20016331993115086,-0.08881970965774268,-0.23754116648204865,0.6839563932957032,-0.9214975597777519,2.9401206407879013,2.949346805971219,-0.009226165183317647
S43A13T04,filtered,136,4.533333333333333,False,False,0.2447091530372192,0.19058723467180583,0.11400327233547014,0.20120593098543121,-0.08720265864996107,-0.23661091211051494,0.6848300794026305,-0.9214409915131454,2.9415501671127893,2.9504622983771176,-0.008912131264328327
S43A13T04,filtered,137,4.566666666666666,False,False,0.24323085122245602,0.19076882565252712,0.1166589026107373,0.20187988793988262,-0.08522098532914532,-0.2353566484632291,0.6860458145494712,-0.9214024630127003,2.9432332493290874,2.9514166943919555,-0.008183445062868167
S43A13T04,filtered,138,4.6,False,False,0.24164623783856412,0.1908878549208617,0.11927111126063468,0.20222401262615203,-0.08295290136551735,-0.23386059002642892,0.6875439644166408,-0.9214045544430697,2.9450996955663338,2.9521013536909186,-0.007001658124584864
S43A13T04,filtered,139,4.633333333333334,False,False,0.2400569443095979,0.1908876191075375,0.12180458604782478,0.20229463933491837,-0.08049005328709359,-0.23220928787496697,0.6892540141314631,-0.9214633020064301,2.947072968494665,2.952428593321784,-0.005355624827119154
S43A13T04,filtered,140,4.666666666666667,False,False,0.23855644687875072,0.19072799950267177,0.12422959540807883,0.2021598748890612,-0.07793027948098237,-0.23048844523384146,0.6910984199139338,-0.9215868651477753,2.949074711170648,2.9523371334965107,-0.0032624223258626017
S43A13T04,filtered,141,4.7,False,False,0.23722444412135005,0.19038451328130804,0.12652312571176455,0.2018935154583068,-0.07537038974654225,-0.2287783310912195,0.6929967728761897,-0.9217751039674091,2.9510292101556463,2.9517958479523965,-0.0007666377967501248
S43A13T04,filtered,142,4.733333333333333,False,False,0.2361238608061766,0.18984733127296505,0.12866956155909068,0.20156907382805028,-0.0728995122689596,-0.2271500435571513,0.6948700131876904,-0.9220200567448417,2.9528674769585868,2.950805639457786,0.0020618375008005785
S43A13T04,filtered,143,4.766666666666667,False,False,0.23529954945685966,0.18912035807246275,0.13066085905129662,0.20125432928001435,-0.07059347022871773,-0.22566276812451982,0.6966444559106859,-0.9223072240352057,2.9545306773397386,2.9493993513275454,0.005131326012193238
S43A13T04,filtered,144,4.8,False,False,0.23477767024301233,0.18822035831984335,0.13249620830181932,0.20100674607664074,-0.06851053777482141,-0.22436207242747921,0.6982554220279231,-0.9226174944554023,2.9559727074047166,2.947639716948645,0.00833299045607161
S43A13T04,filtered,145,4.833333333333333,False,False,0.23456500511362965,0.18717602112936463,0.13418122754394204,0.20087002196545528,-0.06668879442151324,-0.22327919049420833,0.6996503030622793,-0.9229294935564876,2.9571617969086996,2.945615443388645,0.01154635352005462
S43A13T04,filtered,146,4.866666666666666,False,False,0.23464801065384466,0.18602679535208722,0.13572677181463355,0.20087193224661942,-0.06514516043198587,-0.2224311837028619,0.7007909207628187,-0.9232221044656805,2.9580811042208293,2.9434356212873083,0.01464548293352097
S43A13T04,filtered,147,4.9,False,False,0.2349920400891433,0.1848213095098979,0.13714747012528825,0.20102353514886592,-0.06387606502357768,-0.22182182559746316,0.7016550730076936,-0.9234768986051567,2.9587283451370805,2.941222746898469,0.01750559823861142
S43A13T04,filtered,148,4.933333333333334,False,False,0.23554163257972047,0.18361521511394074,0.138460123551758,0.20131970721894632,-0.06285958366718833,-0.22144304171236268,0.7022371848884501,-0.9236802266008128,2.959114562403944,2.9391047271240502,0.02000983527989364
S43A13T04,filtered,149,4.966666666666667,False,False,0.23622288738696104,0.18246835927141497,0.1396821017153944,0.20174088837536344,-0.06205878665996903,-0.2212767384952061,0.7025480139787261,-0.9238247524739323,2.959262190599716,2.937206310003834,0.022055880595881927
S43A13T04,filtered,150,5.0,False,False,0.23694863964306065,0.18144129544983514,0.1408298671126757,0.20225583889911364,-0.06142597178643794,-0.22129687056583958,0.7026133961916254,-0.923910266757465,2.9592026011846193,2.9356404402605945,0.023562160924024855
S43A13T04,filtered,151,5.033333333333333,False,False,0.23762650726571055,0.18059126749133725,0.14191773731421278,0.2028251477752126,-0.06090741046099982,-0.22147161633986548,0.7024720674379532,-0.9239436837778187,2.9589733267266567,2.9345000830458456,0.024473243680811052
S43A13T04,filtered,152,5.066666666666666,False,False,0.23816907580740232,0.17996793260844643,0.1429569667066951,0.20340518641945887,-0.06044821971276376,-0.22176555351910435,0.702172657316833,-0.9239382108359373,2.9586151642640517,2.9338510875072945,0.02476407675675718
S43A13T04,filtered,153,5.1,False,False,0.2385047673453395,0.1796092004473619,0.14395519533359916,0.2039521774577218,-0.05999698212412263,-0.2221417453867333,0.7017700205684501,-0.9239117659551834,2.958169348003045,2.933726667134523,0.024442680868522082
S43A13T04,filtered,154,5.133333333333334,False,False,0.23858751012271154,0.17953763280692933,0.1449162760573379,0.20442604842806605,-0.05950977237072816,-0.22256366556107224,0.7013211418190999,-0.9238848073801721,2.9576749627180665,2.934124040568942,0.023550922149124354
S43A13T04,filtered,155,5.166666666666667,False,False,0.23840331812766075,0.1797578525342243,0.14584045640836193,0.20479376728781762,-0.058953310879455684,-0.22299690346625978,0.7008809080614444,-0.9238778115277042,2.9571667421745538,2.935003685658317,0.022163056516236956
S43A13T04,filtered,156,5.2,False,False,0.2379723371767479,0.18025534113912017,0.1467248615334243,0.20503190993162176,-0.058307048398197475,-0.22341060630955484,0.7004980794432606,-0.9239086857528154,2.956673362310753,2.936291495874764,0.020381866435988716
S43A13T04,filtered,157,5.233333333333333,False,False,0.23734574997978605,0.18099686720735017,0.1475642023326905,0.2051282855628071,-0.05756408323011661,-0.2237786266327318,0.7002117923526006,-0.9239904189853323,2.9562162980562996,2.9378838892477654,0.01833240880853415
S43A13T04,filtered,158,5.266666666666667,False,False,0.23659799285014624,0.18193260013212512,0.14835161988326787,0.20508253639045915,-0.05673091650719128,-0.2240803577839123,0.7000488940308971,-0.9241292518148094,2.9558092679360617,2.9396556222296306,0.016153645706431075
S43A13T04,filtered,159,5.3,False,False,0.23581576919697858,0.18299975524452322,0.14907957412422038,0.20490572411434246,-0.05582614999012209,-0.2243012525904539,0.7000223358235456,-0.9243235884139994,2.9554582456484546,2.9414697410643473,0.013988504584107275
S43A13T04,filtered,160,5.333333333333333,False,False,0.2350860516550379,0.184127421290847,0.14974069094338818,0.20461900651875398,-0.054878315575365794,-0.22443303239822257,0.7001307502262084,-0.924563782624431,2.9551619770413344,2.94318881192544,0.011973165115894524
S43A13T04,filtered,161,5.366666666666666,False,False,0.234485392796376,0.18524207126220898,0.15032849571989396,0.20425158343062957,-0.05392308771073562,-0.2244736038289325,0.700359218234144,-0.9248328220630766,2.9549129086695385,2.9446863612442913,0.010226547425247201
S43A13T04,filtered,162,5.4,False,False,0.2340723284111658,0.18627317571199664,0.15083798080343638,0.20383814460490896,-0.05300016380147257,-0.2244267088753939,0.7006811143555968,-0.9251078232309906,2.954698413676605,2.945857371382184,0.008841042294421175
S43A13T04,filtered,163,5.433333333333334,False,False,0.2338836257423272,0.18715833382794803,0.15126597675629014,0.20341607822766938,-0.052150101471379245,-0.22430134060857776,0.7010608131379539,-0.9253621537465316,2.95450219358741,2.946626735719598,0.007875457867811964
S43A13T04,filtered,164,5.466666666666667,False,False,0.23393399382099656,0.18784740846448195,0.15161131983194173,0.20302269679113208,-0.05141137695919035,-0.2241109623767688,0.701456966402638,-0.9255679287794067,2.954305740202829,2.9469547787862385,0.007350961416590529
S43A13T04,filtered,165,5.5,False,False,0.2342180814496307,0.18830528359768284,0.15187482876491445,0.20269270973406717,-0.05081788096915271,-0.22387257330937982,0.7018260230554929,-0.9256985963648727,2.9540897578740597,2.9468392665838348,0.007250491290224925
S43A13T04,filtered,166,5.533333333333333,False,False,0.23471341834924622,0.18851303623704177,0.15205912060641805,0.2024561248902531,-0.05039700428383506,-0.22360566703146195,0.7021256662167648,-0.9257313332482267,2.95383546953594,2.9463137286493972,0.007521740886542894
S43A13T04,filtered,167,5.566666666666666,False,False,0.23538337430883094,0.18846750636219095,0.15216830675029575,0.20233670063786516,-0.05016839388756941,-0.22333113303939797,0.7023178827282964,-0.9256490157676944,2.953525755971942,2.945442335926632,0.008083420045309708
S43A13T04,filtered,168,5.6,False,False,0.2361799114181246,0.1881794336206203,0.15220761581330564,0.20235100556390268,-0.05014338975059704,-0.2230701502711111,0.7023714498959015,-0.9254416001670126,2.9531461028589905,2.9443119734425816,0.008834129416408931
S43A13T04,filtered,169,5.633333333333334,False,False,0.23704648292730085,0.18767048529182218,0.15218298973285616,0.2025080800238115,-0.05032509029095533,-0.22284311941508314,0.7022637115812123,-0.9251068309962954,2.95268535070495,2.9430224635916096,0.009662887113340624
S43A13T04,filtered,170,5.666666666666667,False,False,0.23792160575083304,0.18696960725994494,0.1521006940681057,0.2028096406686986,-0.050708946600592913,-0.22266867454667238,0.7019816062009107,-0.924650280747583,2.952136256330657,2.9416760929133465,0.010460163417310486
S43A13T04,filtered,171,5.7,False,False,0.23874336407407618,0.18610917588347425,0.1519669743330494,0.20325072963852867,-0.05128375530547927,-0.2225628067068255,0.7015219887681075,-0.9240847954749329,2.951495879922672,2.940367645300997,0.011128234621675226
S43A13T04,filtered,172,5.733333333333333,False,False,0.23945457967160588,0.18512140992286857,0.15178777891231607,0.20382068742455908,-0.052032908512243015,-0.22253812361771372,0.7008913466122997,-0.9234294702300134,2.9507658093770335,2.9391760391742956,0.011589770202737881
S43A13T04,filtered,173,5.766666666666667,False,False,0.24000790151158943,0.1840354242405964,0.15156855750086934,0.20450432283012682,-0.05293576532925748,-0.2226032625433812,0.7001050377360163,-0.9227083002793974,2.94995222577108,2.9381584189511747,0.011793806819905495
S43A13T04,filtered,174,5.8,False,False,0.2403698583777569,0.1828751864412409,0.1513141337177538,0.2052831630919042,-0.05396902937415041,-0.22276246852392717,0.6991861822143173,-0.9219486507382444,2.949065803715896,2.937347198285459,0.011718605430437012
S43A13T04,filtered,175,5.833333333333333,False,False,0.24052306366130793,0.18165849631190373,0.15102864281120051,0.2061366880780002,-0.05510804526679969,-0.22301534802309383,0.698164317133595,-0.9211796651566888,2.9481214320150024,2.9367501484917264,0.011371283523275988
S43A13T04,filtered,176,5.866666666666666,False,False,0.2404661801301435,0.18039696996663424,0.15071552082853518,0.2070434792238906,-0.056327958395355426,-0.22335680750298922,0.6970738950721143,-0.9204307025751035,2.9471377371076413,2.936353233740329,0.010784503367312404
S43A13T04,filtered,177,5.9,False,False,0.24021176995575194,0.17909689617286748,0.15037753024268916,0.20798224088072298,-0.057604710638033824,-0.22377718583078196,0.6959526768629701,-0.9197298626937521,2.9461363965931016,2.9361255743193704,0.01001082227373118
S43A13T04,filtered,178,5.933333333333334,False,False,0.23978259357352408,0.17776075353303217,0.15001680824420177,0.208932674201,-0.058915865956798236,-0.2242625867675042,0.694840050870213,-0.9191026376377173,2.9451412432589423,2.9360257136378514,0.009115529621090968
S43A13T04,filtered,179,5.966666666666667,False,False,0.23920716482668103,0.17638913692206704,0.14963492686180202,0.2098761983755728,-0.06024127151377079,-0.22479541161585287,0.6937753081101405,-0.9185707197259934,2.944177180033735,2.936008293179075,0.008168886854659885
S43A13T04,filtered,180,6.0,False,False,0.23851539041198416,0.17498283531817793,0.14923295787369356,0.21079651992874093,-0.06156356205504737,-0.22535508205801388,0.6927959145654987,-0.9181509966235126,2.943268950070888,2.93603029708407,0.007238652986818028
S43A13T04,filtered,181,6.033333333333333,False,False,0.23773496251476273,0.17354482212427524,0.1488115393951292,0.2116800492121873,-0.0628685098170581,-0.22591893040813543,0.6919358432355942,-0.9178547736437297,2.942439829663817,2.9360561886612073,0.006383641002609686
S43A13T04,filtered,182,6.066666666666666,False,False,0.23688891666237544,0.1720819534359072,0.14837094459723965,0.21251615768503865,-0.064145213087799,-0.2264632213630232,0.6912240498087552,-0.9176872711717784,2.9417103305793018,2.936061485953708,0.005648844625593785
S43A13T04,filtered,183,6.1,False,False,0.23599449619720328,0.1706062110892734,0.14791115592372206,0.21329726476634603,-0.06538610884262397,-0.22696425884572954,0.6906831877466115,-0.9176474465923411,2.9410970088662896,2.9360345694082817,0.0050624394580078835
S43A13T04,filtered,184,6.133333333333334,False,False,0.23506324059742928,0.1691353702267971,0.1474319501649283,0.21401874356333986,-0.06658679339841156,-0.227399526095526,0.6903286540422359,-0.9177281801377619,2.940611476633539,2.935976743014198,0.00463473361934108
S43A13T04,filtered,185,6.166666666666667,False,False,0.23410206411741108,0.1676930132726556,0.14693300051451158,0.21467864344688747,-0.0677456429323759,-0.22774880752727875,0.6901680340335358,-0.9179168415608145,2.940259700833756,2.935900753460303,0.004358947373452882
S43A13T04,filtered,186,6.2,False,False,0.23311501243172544,0.166307853925407,0.14641400093536394,0.2152772443238578,-0.06886324338849387,-0.2279952458078004,0.6902009762300848,-0.9181962220378852,2.940041649930666,2.9358280964607015,0.004213553469964548
S43A13T04,filtered,187,6.233333333333333,False,False,0.2321053607645176,0.16501237768004196,0.14587481555136686,0.21581647969912277,-0.0699416641477559,-0.22812629428668013,0.6904194842559953,-0.9185457785426754,2.939951318508294,2.935785505265597,0.004165813242697158
S43A13T04,filtered,188,6.266666666666667,False,False,0.23107772667236406,0.16384085099415455,0.1453156513530537,0.21629928824046923,-0.07098363688741555,-0.22813453016500582,0.690808572363141,-0.9189431025281468,2.9399771256866694,2.935801032779956,0.004176092906713169
S43A13T04,filtered,189,6.3,False,False,0.23003989855294835,0.16282679971365976,0.1447372466244595,0.21672897078424902,-0.07199172415978952,-0.2280182952012372,0.6913472018270521,-0.9193654970282893,2.940102650256479,2.935900119228986,0.004202531027492906
S43A13T04,filtered,190,6.333333333333333,False,False,0.22900411985395192,0.16200010715950988,0.14414106097687454,0.21710863650684037,-0.07296757552996583,-0.22778212768519496,0.692009402851637,-0.919791530536832,2.9403076378489637,2.93610199505295,0.004205642796013542
S43A13T04,filtered,191,6.366666666666666,False,True,0.22798761994092523,0.16138393029256295,0.14352944695142275,0.21744081524898484,-0.07391136829756209,-0.2274369432550269,0.6927654911915885,-0.9202024344466153,2.940569196218316,2.936416713396465,0.004152482821850878
S43A13T04,filtered,192,6.4,False,False,0.227012252562185,0.16099167506917594,0.1429057793445911,0.21772729217745704,-0.07482151283286595,-0.22699991604070296,0.6935833075240743,-0.9205832235647773,2.9408630854598723,2.9368430438475004,0.004020041612371905
S43A13T04,filtered,193,6.433333333333334,False,False,0.22610320025972425,0.16082430613917068,0.14227451822658016,0.2179691880744875,-0.07569466984790735,-0.2264940097403616,0.6944294348231018,-0.9209234445634634,2.941165010981921,2.9373673917073977,0.0037976192745232673
S43A13T04,filtered,194,6.466666666666667,False,False,0.22528683195229396,0.16086828804775552,0.14164118615040627,0.21816726767304123,-0.07652608152263496,-0.22594711470684073,0.6952703774095483,-0.921217492116389,2.941451837329631,2.9379638364920613,0.003488000837569505
S43A13T04,filtered,195,6.5,False,False,0.224587954124281,0.16109446057114188,0.14101224951794994,0.21832241544231196,-0.07731016592436202,-0.2253907650057775,0.6960737080127989,-0.9214644730185764,2.941702658501895,2.938595310990287,0.0031073475116079052
S43A13T04,filtered,196,6.533333333333333,False,False,0.2240268498530631,0.16145813312372229,0.14039490751378064,0.21843618017661987,-0.07804127266283922,-0.22485843981115985,0.696809200833227,-0.9216676406443868,2.941899682323358,2.939215869825806,0.0026838124975521183
S43A13T04,filtered,197,6.566666666666666,False,False,0.22361661355369192,0.16190063392744533,0.13979680723169377,0.21851126427832818,-0.0787144570466344,-0.22438349506964456,0.6974499666718323,-0.921833461741477,2.942028909324101,2.939773926058095,0.0022549832660061497
S43A13T04,filtered,198,6.6,False,False,0.22336131345806967,0.1623524607739858,0.13922571749183524,0.2185518276606847,-0.07932611016884947,-0.2239968202854289,0.6979735911255494,-0.9219704114109782,2.9420806069941596,2.9402162677178163,0.0018643392763433297
S43A13T04,filtered,199,6.633333333333334,False,False,0.22325540855295326,0.16273804743672687,0.1386892030658586,0.2185634942772424,-0.07987429121138379,-0.22372436585016314,0.6983632516847529,-0.922087617534916,2.9420495953017656,2.940492604780686,0.0015569905210797153
S43A13T04,filtered,200,6.666666666666667,False,False,0.2232846042660391,0.16298198609903572,0.13819434294446084,0.21855299196564765,-0.0803586490211868,-0.22358473186353217,0.69860875910315,-0.9221934909666822,2.9419353670685315,2.9405603422950777,0.001375024773453859
S43A13T04,filtered,201,6.7,False,False,0.2234279931708485,0.16301634417716582,0.13774752963235973,0.21852741912318568,-0.08077988949082596,-0.22358704311243102,0.6987074381381266,-0.9222944812505577,2.941742066511807,2.940389229022397,0.0013528374894096196
S43A13T04,filtered,202,6.733333333333333,False,False,0.22366098432408774,0.16278850601468553,0.13735437169756942,0.21849320536148065,-0.08113883366391123,-0.22372935079445452,0.6986647380587574,-0.922394088853212,2.941478341643455,2.939965496073806,0.001512845569648924
S43A13T04,filtered,203,6.766666666666667,False,False,0.22395829601238978,0.16226878593788258,0.1370197010014462,0.21845490486165783,-0.08143520386021164,-0.22399779497098427,0.6984944489549748,-0.9224922439259591,2.9411570731386965,2.9392950814169305,0.001861991721765932
S43A13T04,filtered,204,6.8,False,False,0.22429627853662526,0.16145693198127184,0.136747662425482,0.21841401671056904,-0.08166635428508703,-0.2243667296013789,0.6982183997540228,-0.9225851293554017,2.940794966663598,2.9384055402849603,0.0023894263786377046
S43A13T04,filtered,205,6.833333333333333,False,False,0.2246540972061304,0.16038659961729962,0.1365418412759371,0.21836805387654395,-0.08182621260060685,-0.22479995340166298,0.6978655307774874,-0.9226654841791504,2.940411981050215,2.9373462760449236,0.0030657050052913526
S43A13T04,filtered,206,6.866666666666666,False,False,0.22501380083084227,0.15912694429018015,0.1364053655804733,0.21831007401167285,-0.08190470843119954,-0.22525310618246705,0.6974702691084602,-0.9227233752909273,2.9400305549015933,2.9361867984563794,0.0038437564452138417
S43A13T04,filtered,207,6.9,False,False,0.22535988392825831,0.1577806698337764,0.1363409102079028,0.21822883958573536,-0.08188792937783257,-0.22567718594116834,0.6970701887388825,-0.9227473746800509,2.9396745925842493,2.935012832076629,0.0046617605076204605
S43A13T04,filtered,208,6.933333333333334,False,False,0.22567939733746786,0.15647817060802333,0.13635052905558376,0.2181096972891625,-0.08175916823357873,-0.22602302373975672,0.6967030071887805,-0.9227260309285372,2.939368179532834,2.9339202583682495,0.005447921164584368
S43A13T04,filtered,209,6.966666666666667,False,False,0.22596373311966442,0.15536779589681998,0.13643525106762486,0.21793616807007163,-0.08150091700244677,-0.22624643071106423,0.6964030516209048,-0.922649482331969,2.9391340172160776,2.9330070761529328,0.0061269410631448196
S43A13T04,filtered,210,7.0,False,False,0.2262127507860904,0.1546027090570589,0.1365943949074214,0.21769213381401642,-0.08109773890659502,-0.22631361578222328,0.6961974138460765,-0.9225110296282998,2.9389915989011883,2.932363794174849,0.006627804726339281
S43A13T04,filtered,211,7.033333333333333,False,False,0.22644094905711198,0.15432526419309256,0.1368245839656724,0.21736440948706326,-0.08053982552139086,-0.226206376474185,0.696102096506849,-0.922308472981034,2.9389551853110474,2.932062906845279,0.006892278465768342
S43A13T04,filtered,212,7.066666666666666,False,False,0.22668417483841968,0.15465022792017796,0.13711847546428524,0.2169454139050824,-0.07982693844079716,-0.22592650127096545,0.6961185221210282,-0.9220450233919937,2.939031679345261,2.93214832374184,0.006883355603420682
S43A13T04,filtered,213,7.1,False,False,0.22700434882451692,0.1556484820288198,0.13746325156178635,0.21643560831969624,-0.0789723567579099,-0.22549880246945758,0.6962308218002974,-0.921729624269755,2.939218534993153,2.9326257955347,0.006592739458453067
S43A13T04,filtered,214,7.133333333333334,False,False,0.22748940840123047,0.1573330099663478,0.13783895310791097,0.2158453658275336,-0.07800641271962264,-0.22497223273009104,0.6964043309324908,-0.9213765636625818,2.9395018609844654,2.9334554738354344,0.006046387149031052
S43A13T04,filtered,215,7.166666666666667,False,False,0.22824656236050078,0.15964896300460546,0.13821676457765872,0.21519596800508314,-0.07697920342742443,-0.22441863257691863,0.6965856862903459,-0.9210043188672645,2.9398548891547818,2.9345477337219856,0.00530715543279614
S43A13T04,filtered,216,7.2,False,False,0.22938912593864103,0.16246940343010924,0.13855737868454054,0.21451949574878373,-0.07596211706424319,-0.22392881052001837,0.6967048375355662,-0.9206336480555846,2.940236967516407,2.935763256746487,0.004473710769920203
S43A13T04,filtered,217,7.233333333333333,False,False,0.23102017497265134,0.16559793284128907,0.1388095789679351,0.21385748292477313,-0.07504790395683802,-0.2236058667837492,0.6966791551576337,-0.9202850219413828,2.9405932079026327,2.9369181116811713,0.003675096221461338
S43A13T04,filtered,218,7.266666666666667,False,False,0.23321883073494548,0.1687788531409656,0.1389091771057784,0.21325832500926362,-0.07434914790348521,-0.22355592361060897,0.6964196412539794,-0.9199755648645883,2.9408548700360915,2.9377941862827353,0.0030606837533562192
S43A13T04,filtered,219,7.3,False,False,0.23603556465605371,0.17171481348059797,0.13877842892593048,0.21277356934387695,-0.07399514041794647,-0.22387670104351762,0.6958390398073662,-0.9197157408508838,2.94094050299666,2.9381548365327266,0.0027856664639336337
S43A13T04,filtered,220,7.333333333333333,False,False,0.23950033436213455,0.17409112204005356,0.13832603049747474,0.21245334677696723,-0.07412731627949248,-0.22464465274322148,0.6948614155372337,-0.9195060682804552,2.940757798676346,2.9377650647578957,0.002992733918450341
S43A13T04,filtered,221,7.366666666666666,False,False,0.24364185582694703,0.1756051151448298,0.13744776592650712,0.21234132369207998,-0.07489355776557285,-0.22590162394868135,0.6934325463357208,-0.9193341702844022,2.9402060487991872,2.9364149624113134,0.0037910863878738432
S43A13T04,filtered,222,7.4,False,False,0.24850977912258904,0.17599825691966803,0.13602784517538968,0.21246964597541831,-0.07644180080002863,-0.2276421843661721,0.6915302788083681,-0.9191724631745403,2.939179046824474,2.9339446161445712,0.005234430679902591
S43A13T04,filtered,223,7.433333333333334,False,False,0.25418685806092783,0.17508807555735675,0.13394093747048913,0.21285439973048004,-0.07891346225999091,-0.2298028959644033,0.6891738560689131,-0.9189767520333164,2.9375682469930586,2.9302682443163124,0.007300002676746242
S43A13T04,filtered,224,7.466666666666667,False,False,0.26077815847132274,0.1727967107565663,0.1310548775798819,0.21349211586551242,-0.08243723828563052,-0.23225477805734776,0.6864311665921918,-0.9186859446495396,2.935265990821912,2.9253950744202806,0.009870916401631291
S43A13T04,filtered,225,7.5,False,False,0.2683705601619327,0.16917282204827416,0.12723400141332394,0.21435778825810461,-0.08712378684478067,-0.23480011642725535,0.6834229023227973,-0.9182230187500526,2.9321686383045833,2.919444451373853,0.012724186930730408
S43A13T04,filtered,226,7.533333333333333,False,False,0.2769675998186619,0.16440393581074,0.12234305534355874,0.21540475498424488,-0.09306169964068614,-0.23717452628008756,0.6803227646558399,-0.9174972909359274,2.9281794936364935,2.912652923467657,0.015526570168836518
S43A13T04,filtered,227,7.566666666666666,False,False,0.28641794937110626,0.15881699903024593,0.11625161944874181,0.2165666148539549,-0.10031499540521309,-0.23905482803046027,0.677353118880837,-0.9164079469112973,2.923211485009328,2.90537159709333,0.017839887915998
S43A13T04,filtered,228,7.6,False,False,0.2963636273500342,0.15286592399660817,0.10883898508976658,0.21776113370280736,-0.10892214861304078,-0.24007284858562766,0.6747758596365758,-0.9148487082222034,2.917189632328345,2.898052855254163,0.019136777074181932
S43A13T04,filtered,229,7.633333333333334,False,False,0.3062309334576671,0.1471061657372357,0.09999942610646541,0.21889586316136184,-0.11889643705489643,-0.23983474768567234,0.6728786875335855,-0.9127134352192579,2.910053400730242,2.8912265323128246,0.01882686841741732
S43A13T04,filtered,230,7.666666666666667,False,False,0.3152740601591688,0.1421577457962145,0.08964779314583059,0.21987498207044193,-0.13022718892461133,-0.2379449275979788,0.6719574733834124,-0.9099024009813912,2.901759076694022,2.885466730669539,0.016292346024482818
S43A13T04,filtered,231,7.7,False,False,0.32266571277662026,0.1386594650826479,0.07772533472561524,0.22060671072885513,-0.14288137600323988,-0.23403306242811056,0.6722958534150603,-0.9063289158431709,2.892282305105258,2.8813515360209987,0.010930769084259495
S43A13T04,filtered,232,7.733333333333333,False,False,0.32761852945329006,0.13721816867790732,0.0642056006865281,0.2210105672820797,-0.1568049665955516,-0.22778233409225682,0.6741436013751115,-0.9019259354673683,2.8816208826430474,2.8794188124427196,0.0022020702003278103
S43A13T04,filtered,233,7.766666666666667,False,False,0.329518153864147,0.1383576848450509,0.04910021142443306,0.22102374750165213,-0.17192353607721905,-0.21895664101232246,0.6776956057871254,-0.8966522467994479,2.869797815074153,2.8801219211952973,-0.010324106121144094
S43A13T04,filtered,234,7.8,False,False,0.32805092323138324,0.14247234462994635,0.0324641829776616,0.2206060119159707,-0.1881418289383091,-0.2074244037197384,0.6830733946730689,-0.8904977983928073,2.8568645212867176,2.8837895135127067,-0.026924992225989097
S43A13T04,filtered,235,7.833333333333333,False,False,0.32331206055857853,0.14978973866221446,0.01440039374782973,0.21974264060932897,-0.20534224686149924,-0.19317666739662742,0.6903110635283625,-0.8834877309249899,2.84290392106359,2.8905934347688422,-0.04768951370525221
S43A13T04,filtered,236,7.866666666666666,False,False,0.31588038023931253,0.1603465913366728,-0.004937319563865576,0.2184452376542791,-0.22338255721814468,-0.17633751343679246,0.6993471664955768,-0.8756846799323693,2.8280329994741864,2.9005282223116042,-0.07249522283741783
S43A13T04,filtered,237,7.9,False,False,0.3068400969442004,0.17398040344763335,-0.02534301857634876,0.2167504003855742,-0.24209341896192296,-0.1571653326110444,0.7100236443790076,-0.8671889769900519,2.8124043256407782,2.913404705929043,-0.10100038028826486
S43A13T04,filtered,238,7.933333333333334,False,False,0.29771859855714045,0.1903379641449287,-0.046560069387294296,0.21471648109081728,-0.2612765504781116,-0.13604424475656593,0.7220922323942884,-0.8581364771508544,2.7962059455212955,2.92885890419793,-0.1326529586766343
S43A13T04,filtered,239,7.966666666666667,False,False,0.290298401586514,0.2089001339861648,-0.06828563306281003,0.2124188347740258,-0.28070446783683584,-0.11346581063994565,0.7352280825720973,-0.8486938932120429,2.779659091067794,2.9463758788990084,-0.16671678783121457
S43A13T04,filtered,240,8.0,False,False,0.28627827997995564,0.22902064381685078,-0.0901786196120066,0.20994405190660356,-0.30012267151861016,-0.09000208699108524,0.7490496289976505,-0.8390517159887357,2.7630132661217406,2.965326632171793,-0.20231336605005223
S43A13T04,filtered,241,8.033333333333333,False,False,0.2868393160193489,0.24997522544693082,-0.11187123121274206,0.20738371682875378,-0.31925494804149585,-0.06627193122658645,0.7631430970126765,-0.8294150282392629,2.746538483724313,2.985014698369284,-0.2384762146449706
