trial,mode,frame0,nominal_time_s,raw_review_flag,raw_repeated_previous,foot_separation_camera_xz_m,foot_separation_camera_x_m,com_camera_x_m,foot_midpoint_camera_x_m,com_relative_to_foot_midpoint_camera_x_m,com_camera_y_m,foot_midpoint_camera_y_m,com_relative_to_foot_midpoint_camera_y_m,com_camera_z_m,foot_midpoint_camera_z_m,com_relative_to_foot_midpoint_camera_z_m
S43A10T03,raw,0,0.0,False,False,0.34024127799985965,0.31868933105468744,-1.3325995975406548,-1.290997985839844,-0.04160161170081089,-0.18377249451490063,0.7352012939453125,-0.9189737884602132,2.221568197374771,2.19344189453125,0.028126302843521245
S43A10T03,raw,1,0.03333333333333333,False,False,0.34024195727863704,0.3186875,-1.3325997770254494,-1.2909984130859375,-0.04160136393951186,-0.18377251560156727,0.7352003784179688,-0.9189728940195361,2.2215685221536705,2.19344091796875,0.02812760418492033
S43A10T03,raw,2,0.06666666666666667,False,False,0.3127318424802962,0.2895731201171874,-1.3337097175163075,-1.2848920288085939,-0.048817688707713636,-0.18677818756863557,0.7426569213867187,-0.9294351089553543,2.229313872348656,2.220812866210937,0.008501006137718647
S43A10T03,raw,3,0.1,False,False,0.34345178818413247,0.28687756347656235,-1.3348917543136538,-1.3074406127929687,-0.027451141520685063,-0.18433701775922956,0.7295848999023438,-0.9139219176615734,2.2319397344465695,2.1977474365234375,0.03419229792313194
S43A10T03,raw,4,0.13333333333333333,False,False,0.33671954270997534,0.27515112304687506,-1.3340016394270018,-1.306864013671875,-0.027137625755126793,-0.18531223755342838,0.7283345031738282,-0.9136467407272566,2.230903842840959,2.1991104736328126,0.03179336920814624
S43A10T03,raw,5,0.16666666666666666,False,False,0.3483628453229206,0.2797136230468751,-1.33522631248567,-1.307769775390625,-0.02745653709504503,-0.18531452070439913,0.7322323303222656,-0.9175468510266648,2.2303885931639647,2.2015594482421874,0.02882914492177724
S43A10T03,raw,6,0.2,False,False,0.32811543616762084,0.25958007812499995,-1.3366377789953847,-1.307959228515625,-0.028678550479759757,-0.18741800309654194,0.7435189208984375,-0.9309369239949794,2.2340131152348492,2.2029268798828125,0.031086235352036695
S43A10T03,raw,7,0.23333333333333334,False,False,0.3304994337956069,0.2647297363281249,-1.3355986605655514,-1.30636865234375,-0.02923000822180133,-0.18214340979393034,0.7429124145507813,-0.9250558243447116,2.233465711797767,2.2060445556640627,0.02742115613370455
S43A10T03,raw,8,0.26666666666666666,False,False,0.33640729010583315,0.26526501464843766,-1.335627719887958,-1.3060427856445314,-0.029584934243426675,-0.17966521120443546,0.7443290100097657,-0.9239942212142012,2.2351379577035537,2.20621142578125,0.028926531922303766
S43A10T03,raw,9,0.3,False,False,0.34879486973454854,0.28107312011718744,-1.336581121665763,-1.2968196411132813,-0.03976148055248174,-0.1818019626781162,0.7455175170898438,-0.92731947976796,2.23505325099213,2.1984990234375,0.03655422755463
S43A10T03,raw,10,0.3333333333333333,False,False,0.34653752975990054,0.279796142578125,-1.3367522397454226,-1.2969927978515625,-0.03975944189386005,-0.180901667038176,0.7466204223632813,-0.9275220894014573,2.2344315391932943,2.201964721679688,0.03246681751360647
S43A10T03,raw,11,0.36666666666666664,False,False,0.3181194057483287,0.2751787109375001,-1.3355357613854013,-1.2963286132812502,-0.03920714810415116,-0.18292299164615447,0.7665931091308593,-0.9495161007770138,2.237647604448946,2.2403624267578124,-0.002714822308866438
S43A10T03,raw,12,0.4,False,False,0.3195908452308842,0.2748603515625001,-1.3354469175330086,-1.2966796875000002,-0.038767230033008415,-0.18289467308197033,0.7662448120117187,-0.949139485093689,2.2375198283920876,2.2390125732421877,-0.0014927448501000917
S43A10T03,raw,13,0.43333333333333335,False,False,0.3195527882678209,0.27481494140624996,-1.3354386563857286,-1.2966507568359376,-0.038787899549791005,-0.18289403718372205,0.7662438659667969,-0.9491379031505189,2.237517497887274,2.2389810791015625,-0.0014635812142884674
S43A10T03,raw,14,0.4666666666666667,False,False,0.3414643269053901,0.26772399902343746,-1.3328856063233399,-1.3050473022460938,-0.02783830407724608,-0.18228959135903047,0.7461846313476563,-0.9284742227066868,2.2336961131804935,2.2105711669921875,0.023124946188306073
S43A10T03,raw,15,0.5,False,False,0.36408185849838187,0.28250488281249986,-1.3337317677794855,-1.306694091796875,-0.02703767598261053,-0.18133831816868579,0.7425544738769532,-0.923892792045639,2.2382330485651987,2.2130682373046877,0.025164811260510955
S43A10T03,raw,16,0.5333333333333333,False,False,0.3676727957193409,0.2823852539062499,-1.3335930428338196,-1.305681884765625,-0.027911158068194553,-0.18175858467975262,0.7423135070800781,-0.9240720917598307,2.2391397683345042,2.214376708984375,0.024763059350129346
S43A10T03,raw,17,0.5666666666666667,False,False,0.3750021758858816,0.28906787109375,-1.3342120797411312,-1.3016364746093751,-0.03257560513175606,-0.18145436401100795,0.7410449523925782,-0.9224993164035862,2.239786199274884,2.2113310546875002,0.028455144587383963
S43A10T03,raw,18,0.6,False,False,0.3826520461730452,0.2950805664062499,-1.3351711970593132,-1.2957120361328125,-0.0394591609265007,-0.18133405150503962,0.7356036987304688,-0.9169377502355085,2.2433448963301514,2.205718994140625,0.03762590218952644
S43A10T03,raw,19,0.6333333333333333,False,False,0.3842943129043646,0.2967917480468749,-1.3350669781958961,-1.2955018310546875,-0.03956514714120862,-0.18151049734762129,0.7343946228027344,-0.9159051201503556,2.243312165965952,2.2049399414062503,0.038372224559701795
S43A10T03,raw,20,0.6666666666666666,False,False,0.38194602255698745,0.298172119140625,-1.335365934185753,-1.2948580322265626,-0.040507901959190296,-0.17987173904588127,0.7327967834472656,-0.9126685224931469,2.243868045134874,2.2036323242187503,0.04023572091612371
S43A10T03,raw,21,0.7,False,False,0.3693344247591337,0.2853582763671876,-1.3348048309985936,-1.2872527465820314,-0.047552084416562224,-0.18191809951316107,0.7312483520507813,-0.9131664515639424,2.243022686297033,2.199252197265625,0.04377048903140768
S43A10T03,raw,22,0.7333333333333333,False,False,0.3693790736937952,0.28535888671875,-1.3348141647353287,-1.287227294921875,-0.047586869813453614,-0.18191889854211252,0.7312394104003906,-0.9131583089425032,2.2430222663816632,2.1992838134765624,0.04373845290510081
S43A10T03,raw,23,0.7666666666666667,False,False,0.369578595797902,0.28545239257812494,-1.3348314600435822,-1.287403564453125,-0.047427895590457236,-0.18190430265448757,0.731180419921875,-0.9130847225763625,2.2431403817142264,2.199379638671875,0.043760743042351447
S43A10T03,raw,24,0.8,False,False,0.36956315565028913,0.28543762207031254,-1.3348362487004317,-1.2873997192382813,-0.04743652946215038,-0.18190201654679128,0.7311697082519532,-0.9130717247987444,2.2431547995662897,2.1993698730468747,0.04378492651941501
S43A10T03,raw,25,0.8333333333333334,False,False,0.36753381974744836,0.28705749511718737,-1.3342454408489919,-1.2829116821289062,-0.05133375872008572,-0.18190031878932392,0.7259951782226562,-0.9078954970119801,2.2452207264765542,2.1953656005859377,0.04985512589061658
S43A10T03,raw,26,0.8666666666666667,False,False,0.3646007219545527,0.28536633300781244,-1.3351717009668205,-1.2834315795898439,-0.05174012137697659,-0.18185967339519354,0.7285584716796876,-0.9104181450748812,2.245045435886299,2.1960434570312497,0.04900197885504909
S43A10T03,raw,27,0.9,False,False,0.3711735388952155,0.2949053955078125,-1.336306743095638,-1.2785050659179689,-0.05780167717766904,-0.17858385031469076,0.7280494079589843,-0.9066332582736751,2.242963187929721,2.1978988037109377,0.04506438421878345
S43A10T03,raw,28,0.9333333333333333,False,False,0.3682004842225391,0.2958321533203123,-1.33523973274064,-1.2779945678710938,-0.05724516486954623,-0.1788060556687244,0.7293717041015626,-0.908177759770287,2.2429225594271824,2.1966884765624997,0.04623408286468278
S43A10T03,raw,29,0.9666666666666667,False,False,0.36567417080877807,0.29777233886718757,-1.3362209846984063,-1.2767898559570314,-0.059431128741374906,-0.17885844337611834,0.7309452514648438,-0.9098036948409621,2.2428061362918177,2.19325537109375,0.04955076519806756
S43A10T03,raw,30,1.0,False,False,0.3240928089088687,0.2863179931640625,-1.3344838715345584,-1.2926275024414062,-0.04185636909315216,-0.1773592751583591,0.7561899108886719,-0.9335491860470311,2.2472006423260837,2.2430300292968752,0.004170613029208514
S43A10T03,raw,31,1.0333333333333334,False,False,0.3596345405218261,0.3004881591796875,-1.3354374593895864,-1.2854513549804687,-0.04998610440911766,-0.18008750406245785,0.738620391845703,-0.9187078959081609,2.245560997262773,2.2076533203124997,0.037907676950273306
S43A10T03,raw,32,1.0666666666666667,False,False,0.36151013106297425,0.29486987304687484,-1.3351883477436959,-1.2957703857421876,-0.03941796200150827,-0.17971117049530363,0.7292407836914063,-0.9089519541867099,2.248930943504057,2.194923706054688,0.054007237449369416
S43A10T03,raw,33,1.1,False,False,0.374475034261833,0.31344470214843745,-1.336849507576837,-1.2966785278320314,-0.040170979744805546,-0.17753655948914054,0.7269077148437499,-0.9044442743328904,2.2478914701927377,2.1977177734375,0.05017369675523753
S43A10T03,raw,34,1.1333333333333333,False,False,0.3423661608270703,0.30089538574218744,-1.3353584704365946,-1.3067418823242187,-0.028616588112375885,-0.17830044256396502,0.74419970703125,-0.9225001495952151,2.249484602531577,2.22454443359375,0.0249401689378268
S43A10T03,raw,35,1.1666666666666667,False,False,0.3605553051137621,0.302938232421875,-1.3338855498194644,-1.30809423828125,-0.025791311538214456,-0.17832341012745384,0.7295244750976562,-0.90784788522511,2.2509139358607544,2.1993956298828126,0.051518305977941825
S43A10T03,raw,36,1.2,False,False,0.35652473660555534,0.30047753906249985,-1.3343404989072323,-1.30771533203125,-0.026625166875982265,-0.17922917286445814,0.7255038757324219,-0.9047330485968801,2.251767354539097,2.1954501953125,0.05631715922659675
S43A10T03,raw,37,1.2333333333333334,False,False,0.3569196172012492,0.30083178710937486,-1.3344445353552863,-1.3078752441406252,-0.026569291214661117,-0.17925849269464014,0.7253727111816406,-0.9046312038762807,2.2516818454362766,2.1957711181640627,0.05591072727221391
S43A10T03,raw,38,1.2666666666666666,False,False,0.3630901377721122,0.3135059814453125,-1.3336981540491208,-1.3085575561523437,-0.02514059789677714,-0.17690058574499226,0.7218521118164063,-0.8987526975613985,2.2449047541404292,2.1882774658203124,0.056627288320116875
S43A10T03,raw,39,1.3,False,False,0.3424521304625127,0.31647351074218744,-1.3330172887057066,-1.3222144165039063,-0.010802872201800318,-0.18005973187849106,0.7368823547363281,-0.9169420866148192,2.2453790022709357,2.2229451904296873,0.022433811841248374
S43A10T03,raw,40,1.3333333333333333,False,False,0.3425218370365122,0.3161354980468749,-1.3330408764669361,-1.3220616455078125,-0.010979230959123676,-0.18009133854266962,0.7367657775878906,-0.9168571161305603,2.2453322133731297,2.22235400390625,0.022978209466879562
S43A10T03,raw,41,1.3666666666666667,False,False,0.3673726513347201,0.3300087890625001,-1.3307321596367228,-1.324884033203125,-0.005848126433597667,-0.18012389233008075,0.7165164489746094,-0.8966403413046902,2.2415808913188684,2.181009521484375,0.06057136983449318
S43A10T03,raw,42,1.4,False,False,0.37327869500924105,0.33860632324218765,-1.3329203274313077,-1.3279157104492187,-0.005004616982088983,-0.18101258686856622,0.7162407531738282,-0.8972533400423944,2.2427292866674025,2.177910888671875,0.06481839799552747
S43A10T03,raw,43,1.4333333333333333,False,False,0.37670850873702283,0.33765551757812506,-1.3337290977780811,-1.3111156005859375,-0.022613497192143672,-0.1778198690967509,0.7237865600585938,-0.9016064291553447,2.239665175084388,2.1771749267578127,0.06249024832657524
S43A10T03,raw,44,1.4666666666666666,False,False,0.37893293193776767,0.3396623535156249,-1.3331841246961489,-1.3101619873046875,-0.023022137391461417,-0.17667286413989813,0.7229180603027343,-0.8995909244426324,2.244418290732047,2.1758294677734376,0.06858882295860935
S43A10T03,raw,45,1.5,False,False,0.37869374520037286,0.33938183593750004,-1.3334626348542473,-1.30990380859375,-0.023558826260497323,-0.17648515005473522,0.7226159362792969,-0.8991010863340321,2.2444219910076657,2.176072265625,0.06834972538266593
S43A10T03,raw,46,1.5333333333333334,False,False,0.378621960786203,0.339370849609375,-1.3334669452069992,-1.309937744140625,-0.023529201066374128,-0.1764884891087773,0.7226268310546875,-0.8991153201634647,2.244426188805238,2.175955322265625,0.06847086653961298
S43A10T03,raw,47,1.5666666666666667,False,False,0.37862054889542984,0.33937036132812515,-1.3334678785044176,-1.3099372558593751,-0.023530622645042465,-0.17648805324901937,0.7226271667480468,-0.8991152199970662,2.2444259733701446,2.1759554443359375,0.06847052903420714
S43A10T03,raw,48,1.6,False,False,0.37997251438920077,0.34107336425781254,-1.3329336831193228,-1.3100193481445312,-0.02291433497479156,-0.17577373904939414,0.72047265625,-0.8962463952993942,2.2438964279313285,2.175748291015625,0.06814813691570354
S43A10T03,raw,49,1.6333333333333333,False,False,0.37852199140031056,0.3414660644531251,-1.3328046614240086,-1.3101112060546876,-0.02269345536932099,-0.1760853896386451,0.7220722045898438,-0.8981575942284888,2.243767172816056,2.1733221435546874,0.07044502926136875
S43A10T03,raw,50,1.6666666666666667,False,False,0.3785441576276637,0.3414752197265625,-1.3327943139114107,-1.310126159667969,-0.022668154243441707,-0.1760784455191378,0.7220673828125,-0.8981458283316378,2.2437764752700127,2.1733302001953128,0.07044627507469992
S43A10T03,raw,51,1.7,False,False,0.37854791671441745,0.3414770507812499,-1.332793951945768,-1.3101291503906252,-0.022664801555142944,-0.17607873823456444,0.7220692749023438,-0.8981480131369083,2.243776936546994,2.1733363037109372,0.07044063283605695
S43A10T03,raw,52,1.7333333333333334,False,True,0.37854791671441745,0.3414770507812499,-1.332793951945768,-1.3101291503906252,-0.022664801555142944,-0.17607873823456444,0.7220692749023438,-0.8981480131369083,2.243776936546994,2.1733363037109372,0.07044063283605695
S43A10T03,raw,53,1.7666666666666666,False,True,0.37854791671441745,0.3414770507812499,-1.332793951945768,-1.3101291503906252,-0.022664801555142944,-0.17607873823456444,0.7220692749023438,-0.8981480131369083,2.243776936546994,2.1733363037109372,0.07044063283605695
S43A10T03,raw,54,1.8,False,True,0.37854791671441745,0.3414770507812499,-1.332793951945768,-1.3101291503906252,-0.022664801555142944,-0.17607873823456444,0.7220692749023438,-0.8981480131369083,2.243776936546994,2.1733363037109372,0.07044063283605695
S43A10T03,raw,55,1.8333333333333333,False,False,0.37854844355674483,0.3414770507812499,-1.3327938278633262,-1.3101291503906252,-0.022664677472701067,-0.1760786723977203,0.7220693359375,-0.8981480083352202,2.243776705583337,2.173336181640625,0.07044052394271194
S43A10T03,raw,56,1.8666666666666667,False,False,0.37863844362607413,0.34150952148437486,-1.3328023384714225,-1.3100908203125,-0.022711518158922583,-0.17607540402997443,0.7220874633789063,-0.8981628674088807,2.243764861223618,2.173406005859375,0.07035885536424269
S43A10T03,raw,57,1.9,False,True,0.37863844362607413,0.34150952148437486,-1.3328023384714225,-1.3100908203125,-0.022711518158922583,-0.17607540402997443,0.7220874633789063,-0.8981628674088807,2.243764861223618,2.173406005859375,0.07035885536424269
S43A10T03,raw,58,1.9333333333333333,False,True,0.37863844362607413,0.34150952148437486,-1.3328023384714225,-1.3100908203125,-0.022711518158922583,-0.17607540402997443,0.7220874633789063,-0.8981628674088807,2.243764861223618,2.173406005859375,0.07035885536424269
S43A10T03,raw,59,1.9666666666666666,False,False,0.37864018008652606,0.341508056640625,-1.3328012042584534,-1.3100877685546877,-0.022713435703765716,-0.17607485722689567,0.7220871887207032,-0.8981620459475989,2.243762387392807,2.1734053955078125,0.07035699188499445
S43A10T03,raw,60,2.0,False,True,0.37864018008652606,0.341508056640625,-1.3328012042584534,-1.3100877685546877,-0.022713435703765716,-0.17607485722689567,0.7220871887207032,-0.8981620459475989,2.243762387392807,2.1734053955078125,0.07035699188499445
S43A10T03,raw,61,2.033333333333333,False,True,0.37864018008652606,0.341508056640625,-1.3328012042584534,-1.3100877685546877,-0.022713435703765716,-0.17607485722689567,0.7220871887207032,-0.8981620459475989,2.243762387392807,2.1734053955078125,0.07035699188499445
S43A10T03,raw,62,2.066666666666667,False,False,0.36430898509423765,0.3222606201171876,-1.327986166751414,-1.2931702270507812,-0.03481593970063268,-0.17681061736104173,0.7166973266601563,-0.893507944021198,2.242838772230748,2.170006591796875,0.07283218043387318
S43A10T03,raw,63,2.1,False,False,0.36828234223669926,0.3314698486328125,-1.330285039531497,-1.2989212036132813,-0.031363835918215566,-0.17680038310216928,0.7174154357910156,-0.8942158188931849,2.2410425110624925,2.1688552246093753,0.07218728645311723
S43A10T03,raw,64,2.1333333333333333,False,False,0.3734162347330227,0.3323533935546874,-1.3288434670470075,-1.2944186401367188,-0.0344248269102887,-0.17604048921789767,0.7205146484375,-0.8965551376553977,2.240152749381095,2.17915087890625,0.06100187047484518
S43A10T03,raw,65,2.1666666666666665,False,False,0.3740154820090649,0.33176440429687504,-1.3290648282698878,-1.2944982910156249,-0.03456653725426295,-0.17596185385746854,0.7198737487792969,-0.8958356026367654,2.240548805188107,2.1785266113281248,0.06202219385998209
S43A10T03,raw,66,2.2,False,False,0.3740582032812778,0.3317493896484376,-1.3291085289286597,-1.2943480834960939,-0.034760445432565845,-0.17594777430974065,0.7198798828125,-0.8958276571222407,2.2404739880040743,2.1785775146484374,0.06189647335563686
S43A10T03,raw,67,2.2333333333333334,False,False,0.38149449284512743,0.34319543457031254,-1.3306877514719075,-1.2973905639648438,-0.033297187507063786,-0.1774575098891926,0.7188424377441407,-0.8962999476333333,2.2413404505023014,2.17639208984375,0.06494836065855125
S43A10T03,raw,68,2.2666666666666666,False,False,0.38243954419177145,0.342765869140625,-1.3316885214216099,-1.2964141845703123,-0.03527433685129755,-0.1773087696988474,0.7220743103027344,-0.8993830800015818,2.240553464358194,2.1775577392578125,0.06299572510038143
S43A10T03,raw,69,2.3,False,False,0.3834713211502827,0.34354479980468766,-1.3304809159479816,-1.2970652465820312,-0.03341566936595042,-0.17637445708234595,0.7225456848144531,-0.8989201418967991,2.240320887802789,2.1783331298828124,0.061987757919976794
S43A10T03,raw,70,2.3333333333333335,False,False,0.39400030235132805,0.34860693359375006,-1.3318007853792628,-1.301337158203125,-0.03046362717613782,-0.17591326174526456,0.7237572937011718,-0.8996705554464364,2.2400582455916154,2.1799945068359374,0.06006373875567794
S43A10T03,raw,71,2.3666666666666667,False,False,0.3850692674651721,0.34541650390625,-1.3306164371796558,-1.2994781494140626,-0.031138287765593242,-0.17418413928166177,0.7227461547851564,-0.8969302940668181,2.241773660663078,2.176190673828125,0.0655829868349529
S43A10T03,raw,72,2.4,False,False,0.38958143289635677,0.34967272949218753,-1.3313190669619648,-1.3068748168945312,-0.02444425006743356,-0.17744708763715802,0.7203320922851563,-0.8977791799223143,2.244724333243915,2.1740660400390626,0.07065829320485228
S43A10T03,raw,73,2.433333333333333,False,False,0.3850442240346333,0.342154296875,-1.3315493803454246,-1.3158289794921876,-0.015720400853237004,-0.17728680753629472,0.7316113281250001,-0.9088981356612948,2.246736826295887,2.183709716796875,0.06302710949901202
S43A10T03,raw,74,2.466666666666667,False,False,0.3830730570135913,0.3305211181640624,-1.3319245324478637,-1.3298978881835937,-0.0020266442642700166,-0.1783889183752151,0.7325608520507813,-0.9109497704259963,2.252652186860288,2.1852930908203128,0.06735909603997525
S43A10T03,raw,75,2.5,False,False,0.37929376298841727,0.32383361816406264,-1.327669550718925,-1.3336301879882813,0.005960637269356361,-0.1780463324043248,0.7293929138183594,-0.9074392462226841,2.2530684872631404,2.1869254150390622,0.06614307222407811
S43A10T03,raw,76,2.533333333333333,False,False,0.3713736925976018,0.31435498046875,-1.3259432571688226,-1.3408394775390626,0.014896220370240076,-0.17776547699651396,0.7325112609863281,-0.910276737982842,2.254859248323407,2.191257446289063,0.06360180203434407
S43A10T03,raw,77,2.566666666666667,False,False,0.3766145588314244,0.31670141601562496,-1.326003175340603,-1.3432744140625,0.017271238721896953,-0.17828865552761608,0.7329227905273438,-0.9112114460549599,2.257090998062502,2.19392578125,0.06316521681250187
S43A10T03,raw,78,2.6,False,False,0.35619612309584936,0.30402392578125004,-1.3225461458146304,-1.3501219482421876,0.027575802427557194,-0.17994412048606584,0.7349527587890625,-0.9148968792751284,2.2566566201864378,2.1999197998046878,0.056736820381749986
S43A10T03,raw,79,2.6333333333333333,False,False,0.35717552608100916,0.31121142578124994,-1.314297528137975,-1.3567470703125,0.04244954217452501,-0.18462181866616123,0.7237257995605468,-0.9083476182267081,2.2591606090908307,2.188022216796875,0.07113839229395591
S43A10T03,raw,80,2.6666666666666665,False,False,0.3556371351911096,0.3149326171875002,-1.3118382616911253,-1.3631173095703124,0.051279047879187134,-0.1855143169970832,0.7130809020996094,-0.8985952190966926,2.261016157427784,2.1851282958984375,0.07588786152934635
S43A10T03,raw,81,2.7,False,False,0.35051887708781476,0.31222082519531247,-1.3109674544008234,-1.3622742309570313,0.051306776556207856,-0.1860800365075268,0.7128164367675781,-0.8988964732751049,2.263591684309593,2.1817479248046876,0.0818437595049053
S43A10T03,raw,82,2.7333333333333334,False,False,0.3480311623170343,0.3099114990234375,-1.3085155057831521,-1.361640197753906,0.05312469197075398,-0.18776805074538477,0.7119004516601563,-0.8996685024055411,2.267843460612878,2.1809400634765623,0.08690339713631579
S43A10T03,raw,83,2.7666666666666666,False,False,0.3482672461715598,0.3081446533203125,-1.3037745025016076,-1.3709249877929688,0.06715048529136114,-0.18908493163947623,0.7176020202636719,-0.9066869519031482,2.2739752821838186,2.18810205078125,0.08587323140256853
S43A10T03,raw,84,2.8,False,False,0.33677235437000397,0.29451672363281256,-1.2989200998808474,-1.3706760864257812,0.07175598654493376,-0.19099423435370247,0.7074058227539063,-0.8984000571076087,2.278179889153466,2.1889517822265625,0.08922810692690364
S43A10T03,raw,85,2.8333333333333335,False,False,0.33691688018719623,0.2951683349609373,-1.293670149352323,-1.3727445678710937,0.07907441851877062,-0.19284378597764415,0.7079213562011719,-0.9007651421788161,2.2910012424930426,2.188336181640625,0.10266506085241778
S43A10T03,raw,86,2.8666666666666667,False,False,0.3475788678366024,0.30819946289062505,-1.2910602172193049,-1.37283984375,0.08177962653069515,-0.19174562613257243,0.7098320007324219,-0.9015776268649943,2.296236234568467,2.1890804443359375,0.1071557902325293
S43A10T03,raw,87,2.9,False,False,0.3493860347124565,0.31176843261718745,-1.2876485720494242,-1.3748466186523438,0.08719804660291963,-0.19275439623025414,0.706913543701172,-0.8996679399314261,2.3002985889969074,2.185607421875,0.11469116712190752
S43A10T03,raw,88,2.933333333333333,False,False,0.34609512195917996,0.30697314453125,-1.2794233991475246,-1.3773856201171877,0.09796222096966312,-0.1922532617035222,0.7058915710449218,-0.898144832748444,2.308152257303733,2.1934637451171874,0.11468851218654574
S43A10T03,raw,89,2.966666666666667,False,False,0.3538493118854864,0.3101314697265627,-1.2750661455544527,-1.3747124633789063,0.09964631782445355,-0.19133592546268574,0.7060525817871094,-0.8973885072497951,2.3128708953483383,2.197955078125,0.11491581722333821
S43A10T03,raw,90,3.0,False,False,0.3511105416773469,0.30230236816406264,-1.2719862701712459,-1.3816752319335937,0.10968896176234777,-0.1922326927162065,0.708150634765625,-0.9003833274818315,2.3182606592660253,2.2093188476562498,0.10894181160977556
S43A10T03,raw,91,3.033333333333333,False,False,0.366784746464844,0.3096324462890625,-1.266284068826956,-1.3849916381835938,0.11870756935663773,-0.1903092259549838,0.7042467651367188,-0.8945559910917026,2.324992445708438,2.207005737304687,0.11798670840375092
S43A10T03,raw,92,3.066666666666667,False,False,0.3475513995918628,0.29700280761718756,-1.258123373999131,-1.391673889160156,0.133550515161025,-0.18716218529962114,0.7104519348144531,-0.8976141201140743,2.3374857776033906,2.19629150390625,0.14119427369714055
S43A10T03,raw,93,3.1,False,False,0.3359620933988526,0.2862410888671876,-1.2500298930965417,-1.3931486206054688,0.14311872750892718,-0.1852840803365892,0.7048144226074219,-0.890098502944011,2.346982786581671,2.1980572509765626,0.14892553560510846
S43A10T03,raw,94,3.1333333333333333,False,False,0.3300885516928995,0.2890585937500001,-1.2364884970511356,-1.391733642578125,0.15524514552698943,-0.19029796142416483,0.70258203125,-0.8928799926741648,2.360347053092209,2.1990645751953126,0.1612824778968962
S43A10T03,raw,95,3.1666666666666665,False,False,0.31396371634776576,0.2551862792968749,-1.2213190963788103,-1.3821190185546874,0.16079992217587713,-0.18811243095954924,0.7122830200195313,-0.9003954509790805,2.3738835807508196,2.2299312744140627,0.14395230633675693
S43A10T03,raw,96,3.2,False,False,0.3164027618457295,0.2818680419921875,-1.2173343779856662,-1.3444413452148436,0.12710696722917736,-0.18119350132240664,0.72755712890625,-0.9087506302286567,2.380171590843591,2.23049072265625,0.14968086818734117
S43A10T03,raw,97,3.2333333333333334,False,False,0.2926409289458119,0.25499755859375006,-1.2064501064236257,-1.3621855468750002,0.15573544045137444,-0.17568267825637987,0.7107362060546876,-0.8864188843110674,2.3903450615683344,2.221526123046875,0.16881893852145957
S43A10T03,raw,98,3.2666666666666666,False,False,0.27470153518763163,0.24368688964843743,-1.193947396028304,-1.3656891479492188,0.1717417519209148,-0.17178707122892917,0.7035978393554687,-0.8753849105843978,2.402863524388626,2.1975699462890628,0.20529357809956306
S43A10T03,raw,99,3.3,False,False,0.2902081063839741,0.25456762695312496,-1.1821922072532511,-1.36855859375,0.18636638649674886,-0.16698282712962725,0.7132365112304688,-0.880219338360096,2.4185604076068055,2.2115450439453124,0.2070153636614931
S43A10T03,raw,100,3.3333333333333335,False,False,0.23991821997320112,0.20643090820312504,-1.1695326410875901,-1.3900706787109374,0.22053803762334723,-0.15332996069314467,0.6677535400390625,-0.8210835007322071,2.4367403998847985,2.2041685791015624,0.23257182078323613
S43A10T03,raw,101,3.3666666666666667,True,False,0.2787013804177207,0.2461885986328125,-1.1503703235258302,-1.371097839355469,0.22072751582963868,-0.14012341388720068,0.7380711059570313,-0.878194519844232,2.46907292035225,2.1986126708984375,0.27046024945381264
S43A10T03,raw,102,3.4,False,False,0.2672167623179923,0.2355455322265625,-1.138562031264119,-1.3628345336914063,0.22427250242728736,-0.12611880440610657,0.7500554504394532,-0.8761742548455598,2.486505879276444,2.1961939697265627,0.2903119095498812
S43A10T03,raw,103,3.433333333333333,False,False,0.28567493283292894,0.2506712646484375,-1.128623443810314,-1.3657062377929687,0.23708279398265475,-0.11446516095514914,0.7517733764648438,-0.8662385374199929,2.504751829470862,2.1982263183593753,0.3065255111114866
S43A10T03,raw,104,3.466666666666667,False,False,0.28950612562181566,0.24847448730468757,-1.1063662867371356,-1.3688650512695313,0.26249876453239573,-0.10632368717531643,0.7471397094726563,-0.8534633966479728,2.5269737942487462,2.1995257568359374,0.3274480374128088
S43A10T03,raw,105,3.5,True,False,0.30016276128250613,0.2490578613281249,-1.081684669487038,-1.3794154052734375,0.29773073578639964,-0.09052214057628957,0.7407124328613282,-0.8312345734376178,2.556307394880797,2.1985402832031253,0.3577671116776715
S43A10T03,raw,106,3.533333333333333,False,False,0.3094829202068075,0.25926501464843765,-1.0631927868128743,-1.3839624633789063,0.32076967656603195,-0.06980273892575913,0.7284824829101563,-0.7982852218359154,2.579318458252119,2.193640625,0.38567783325211913
S43A10T03,raw,107,3.566666666666667,False,False,0.2672155874665419,0.18572265625000006,-1.0356686588134654,-1.3596881103515623,0.32401945153809697,-0.04589681092140856,0.7293343505859375,-0.7752311615073461,2.6053297992423747,2.2140998535156253,0.3912299457267494
S43A10T03,raw,108,3.6,False,False,0.2792904525844316,0.222747802734375,-1.01917617650025,-1.37529248046875,0.3561163039685,-0.01610236537296328,0.7081221313476562,-0.7242244967206195,2.630697045865978,2.1922547607421876,0.4384422851237906
S43A10T03,raw,109,3.6333333333333333,True,False,0.32626362858164193,0.20725268554687504,-0.7205910442467778,-1.40988427734375,0.6892932330969723,0.3191502354453613,0.2307727813720703,0.088377454073291,2.974563244109079,2.2827349853515626,0.6918282587575164
S43A10T03,raw,110,3.6666666666666665,False,True,0.32626362858164193,0.20725268554687504,-0.7205910442467778,-1.40988427734375,0.6892932330969723,0.3191502354453613,0.2307727813720703,0.088377454073291,2.974563244109079,2.2827349853515626,0.6918282587575164
S43A10T03,raw,111,3.7,False,True,0.32626362858164193,0.20725268554687504,-0.7205910442467778,-1.40988427734375,0.6892932330969723,0.3191502354453613,0.2307727813720703,0.088377454073291,2.974563244109079,2.2827349853515626,0.6918282587575164
S43A10T03,raw,112,3.7333333333333334,False,True,0.32626362858164193,0.20725268554687504,-0.7205910442467778,-1.40988427734375,0.6892932330969723,0.3191502354453613,0.2307727813720703,0.088377454073291,2.974563244109079,2.2827349853515626,0.6918282587575164
S43A10T03,raw,113,3.7666666666666666,False,True,0.32626362858164193,0.20725268554687504,-0.7205910442467778,-1.40988427734375,0.6892932330969723,0.3191502354453613,0.2307727813720703,0.088377454073291,2.974563244109079,2.2827349853515626,0.6918282587575164
S43A10T03,raw,114,3.8,False,True,0.32626362858164193,0.20725268554687504,-0.7205910442467778,-1.40988427734375,0.6892932330969723,0.3191502354453613,0.2307727813720703,0.088377454073291,2.974563244109079,2.2827349853515626,0.6918282587575164
S43A10T03,raw,115,3.8333333333333335,False,True,0.32626362858164193,0.20725268554687504,-0.7205910442467778,-1.40988427734375,0.6892932330969723,0.3191502354453613,0.2307727813720703,0.088377454073291,2.974563244109079,2.2827349853515626,0.6918282587575164
S43A10T03,raw,116,3.8666666666666667,False,True,0.32626362858164193,0.20725268554687504,-0.7205910442467778,-1.40988427734375,0.6892932330969723,0.3191502354453613,0.2307727813720703,0.088377454073291,2.974563244109079,2.2827349853515626,0.6918282587575164
S43A10T03,raw,117,3.9,False,True,0.32626362858164193,0.20725268554687504,-0.7205910442467778,-1.40988427734375,0.6892932330969723,0.3191502354453613,0.2307727813720703,0.088377454073291,2.974563244109079,2.2827349853515626,0.6918282587575164
S43A10T03,raw,118,3.933333333333333,False,True,0.32626362858164193,0.20725268554687504,-0.7205910442467778,-1.40988427734375,0.6892932330969723,0.3191502354453613,0.2307727813720703,0.088377454073291,2.974563244109079,2.2827349853515626,0.6918282587575164
S43A10T03,raw,119,3.966666666666667,False,True,0.32626362858164193,0.20725268554687504,-0.7205910442467778,-1.40988427734375,0.6892932330969723,0.3191502354453613,0.2307727813720703,0.088377454073291,2.974563244109079,2.2827349853515626,0.6918282587575164
S43A10T03,raw,120,4.0,False,True,0.32626362858164193,0.20725268554687504,-0.7205910442467778,-1.40988427734375,0.6892932330969723,0.3191502354453613,0.2307727813720703,0.088377454073291,2.974563244109079,2.2827349853515626,0.6918282587575164
S43A10T03,raw,121,4.033333333333333,False,False,0.35016506979465867,0.21584631347656247,-0.7294627705317133,-1.3963369750976562,0.6668742045659429,0.2704244883794612,0.16864827728271486,0.10177621109674634,2.983279735136922,2.29147265625,0.6918070788869222
S43A10T03,raw,122,4.066666666666666,False,False,0.3590573024205911,0.2176726074218751,-0.7310043464987339,-1.3958399658203127,0.6648356193215788,0.23315595423691818,0.14031593322753905,0.09284002100937913,2.9847421815532527,2.2994173583984376,0.685324823154815
S43A10T03,raw,123,4.1,False,False,0.3687139760168527,0.23291369628906256,-0.7280813578224594,-1.394382751464844,0.6663013936423845,0.1997351880090584,0.13268232727050783,0.06705286073855057,2.9753865620315993,2.3157064208984375,0.6596801411331619
S43A10T03,raw,124,4.133333333333334,False,False,0.39041652001905186,0.24407861328125002,-0.7225274396349133,-1.3871239013671874,0.6645964617322742,0.1801660060735816,0.08397415161132812,0.09619185446225348,2.980298239101786,2.3319715576171873,0.6483266814845985
S43A10T03,raw,125,4.166666666666667,True,False,0.3899072595779528,0.238899169921875,-0.7017117230381499,-1.3766923828125002,0.6749806597743503,0.17746525475348493,0.041712917327880863,0.13575233742560405,2.98809740471828,2.334668701171875,0.653428703546405
S43A10T03,raw,126,4.2,True,False,0.29776155870922677,0.16908837890624984,-0.6817984764952911,-1.354648193359375,0.6728497168640839,0.17595488888781913,-0.03275987339019776,0.20871476227801689,2.991955334646644,2.3096236572265623,0.6823316774200818
S43A10T03,raw,127,4.233333333333333,False,False,0.2775041780682441,0.15152270507812515,-0.664888924238097,-1.333215087890625,0.6683261636525281,0.1990007202867134,-0.05880443954467773,0.25780515983139113,3.009993450709646,2.328434326171875,0.6815591245377712
S43A10T03,raw,128,4.266666666666667,False,False,0.2695257303905892,0.1499578857421875,-0.6476494539500874,-1.3181638793945312,0.6705144254444437,0.22067094157572195,-0.054427694559097295,0.2750986361348192,3.0204494671221473,2.342677490234375,0.6777719768877724
S43A10T03,raw,129,4.3,False,False,0.2785375230877341,0.1518728027343752,-0.6382046863903206,-1.3016942138671874,0.6634895274768668,0.24051063947199475,-0.06312929344177245,0.30363993291376723,3.0130061485010478,2.3563148193359376,0.6566913291651102
S43A10T03,raw,130,4.333333333333333,True,False,0.274984440525286,0.16264416503906243,-0.6424140766737222,-1.2841109008789062,0.641696824205184,0.26547628785945626,-0.031199764251708985,0.29667605211116527,2.9796287580249925,2.36390087890625,0.6157278791187424
S43A10T03,raw,131,4.366666666666666,False,False,0.26701078000132816,0.17992749023437504,-0.6435577511871841,-1.284507080078125,0.640949328890941,0.29586085303079696,0.03651201295852661,0.2593488400722703,2.9769424318041517,2.34605908203125,0.6308833497729016
S43A10T03,raw,132,4.4,False,False,0.26639603389549604,0.17897680664062499,-0.6435032877489322,-1.2840216064453125,0.6405183186963803,0.29574427303146533,0.03622386693954468,0.2595204060919207,2.976877071698932,2.346140869140625,0.6307362025583072
S43A10T03,raw,133,4.433333333333334,False,False,0.39353251763590025,0.2548342285156251,-0.6268187097940555,-1.287737548828125,0.6609188390340696,0.3231713970925376,0.09441484069824219,0.22875655639429543,2.9769047206095562,2.40197265625,0.5749320643595563
S43A10T03,raw,134,4.466666666666667,True,False,0.2391717519616206,0.1738482666015626,-0.6374257193587884,-1.3781533813476563,0.7407276619888679,0.3396747753735202,0.22396937561035157,0.11570539976316863,2.9952078207334454,2.4578277587890627,0.5373800619443827
S43A10T03,raw,135,4.5,False,True,0.2391717519616206,0.1738482666015626,-0.6374257193587884,-1.3781533813476563,0.7407276619888679,0.3396747753735202,0.22396937561035157,0.11570539976316863,2.9952078207334454,2.4578277587890627,0.5373800619443827
S43A10T03,raw,136,4.533333333333333,True,False,0.45792159167095914,0.2859359130859376,-0.6419309497476213,-1.2773682250976561,0.6354372753500348,0.34045730480193775,0.34776213073730466,-0.00730482593536691,2.9593119279926388,2.3949075927734373,0.5644043352192014
S43A10T03,raw,137,4.566666666666666,False,False,0.4223053967775596,0.2568183593750002,-0.6697597641546382,-1.3058892822265626,0.6361295180719244,0.33870530047612896,0.3757685852050781,-0.03706328472894915,2.9586452051365884,2.4017689208984376,0.5568762842381507
S43A10T03,raw,138,4.6,True,False,0.4542051711581299,0.30942077636718746,-0.706699866411143,-1.3638009643554687,0.6571010979443257,0.35006266779012,0.5064024047851563,-0.15633973699503628,2.9252958286488218,2.317361083984375,0.6079347446644467
S43A10T03,raw,139,4.633333333333334,False,False,0.39985226077206276,0.2768375244140624,-0.7170070158710317,-1.3758875122070313,0.6588804963359997,0.35595215190472695,0.5499580383300782,-0.19400588642535121,2.9278015192923057,2.3221478271484375,0.6056536921438682
S43A10T03,raw,140,4.666666666666667,False,False,0.37497880050516214,0.254016357421875,-0.724150834146832,-1.374041259765625,0.6498904256187931,0.358891503456636,0.5712278747558595,-0.21233637129922345,2.919332846612997,2.3207996826171877,0.5985331639958091
S43A10T03,raw,141,4.7,False,False,0.37399315867160754,0.2550805664062501,-0.7284807699547666,-1.3569189453125001,0.6284381753577335,0.3591879197079392,0.5246819763183594,-0.16549405661042027,2.9167386807290403,2.293713500976563,0.6230251797524775
S43A10T03,raw,142,4.733333333333333,True,False,0.32046867875842827,0.21497143554687503,-0.7497298165785306,-1.4283294677734375,0.678599651194907,0.3595786672434365,0.4728656616210938,-0.11328699437765727,2.9021548844265674,2.25963623046875,0.6425186539578176
S43A10T03,raw,143,4.766666666666667,False,False,0.28788063839468775,0.19480493164062485,-0.7467402337473512,-1.43448583984375,0.6877456060963989,0.36330967579576773,0.4332669525146484,-0.06995727671888069,2.909353930193503,2.2608260498046877,0.6485278803888153
S43A10T03,raw,144,4.8,True,False,0.02917807291024614,0.029026000976562605,-0.7272977781799042,-1.3358554077148437,0.6085576295349395,0.36303965308594305,0.33401994323730466,0.029019709848638386,2.8817959172134158,2.14126611328125,0.7405298039321657
S43A10T03,raw,145,4.833333333333333,False,False,0.09832209914891217,0.07926330566406259,-0.7050773166854692,-1.2478640747070313,0.5427867580215621,0.37876945319456373,0.3659545440673828,0.012814909127180918,2.8645137907723877,2.0756673583984373,0.7888464323739504
S43A10T03,raw,146,4.866666666666666,False,False,0.1312768571155446,0.1065974121093749,-0.6907772888686573,-1.21672314453125,0.5259458556625928,0.38452163441019777,0.3855987854003906,-0.0010771509901928433,2.8682799670663113,2.0799239501953126,0.7883560168709987
S43A10T03,raw,147,4.9,False,False,0.030811331930904462,0.02485839843749993,-0.6877297118182442,-1.2752706298828125,0.5875409180645683,0.3730815443714052,0.3461601867675781,0.026921357603827134,2.8778420857603004,2.1323311767578126,0.7455109090024878
S43A10T03,raw,148,4.933333333333334,False,True,0.030811331930904462,0.02485839843749993,-0.6877297118182442,-1.2752706298828125,0.5875409180645683,0.3730815443714052,0.3461601867675781,0.026921357603827134,2.8778420857603004,2.1323311767578126,0.7455109090024878
S43A10T03,raw,149,4.966666666666667,False,False,0.015177782106993302,0.014072753906249957,-0.6729722012564727,-1.2780155029296876,0.6050433016732149,0.36872021365049473,0.32647821044921876,0.04224200320127597,2.8930365456122957,2.1149139404296875,0.7781226051826082
S43A10T03,raw,150,5.0,False,False,0.027932187765823156,0.00548950195312492,-0.6827567588201705,-1.2782764892578125,0.595519730437642,0.36279228763469124,0.28889793395996094,0.0738943536747303,2.889611547242508,2.0938299560546874,0.7957815911878208
S43A10T03,raw,151,5.033333333333333,False,False,0.020251373809922552,0.019527465820312395,-0.6789675386017722,-1.2774129028320313,0.5984453642302592,0.36030972047170856,0.2907918701171875,0.06951785035452107,2.8954493883332675,2.0930600585937498,0.8023893297395177
S43A10T03,raw,152,5.066666666666666,True,False,0.1614569296749433,0.11552502441406243,-0.610609134429419,-1.1305220336914061,0.5199128992619871,0.3449338944133522,0.3228402099609375,0.02209368445241472,2.938997053478546,2.3466092529296874,0.5923878005488588
S43A10T03,raw,153,5.1,True,False,0.17968382699401006,0.12585021972656252,-0.6375471252970526,-1.2164878540039064,0.5789407287068538,0.3477982825486739,0.3234029998779297,0.0243952826707442,2.940116956291953,2.3266915283203122,0.6134254279716407
S43A10T03,raw,154,5.133333333333334,True,False,0.1888524953135579,0.13052514648437485,-0.6181569224643961,-1.169427001953125,0.5512700794887289,0.3416961551822142,0.33286624145507815,0.00882991372713604,2.9475578059876497,2.391148071289063,0.5564097346985868
S43A10T03,raw,155,5.166666666666667,True,False,0.23393544808147015,0.15831738281249996,-0.6582406626248037,-1.2815740966796874,0.6233334340548836,0.35266868004350155,0.3800428009033203,-0.027374120859818774,2.940341146612762,2.3698665771484375,0.5704745694643245
S43A10T03,raw,156,5.2,False,False,0.224941070954819,0.1522015380859374,-0.6659481865391483,-1.2907543334960938,0.6248061469569455,0.34909903097165007,0.3949193725585938,-0.0458203415869437,2.9354478801078745,2.3548780517578125,0.580569828350062
S43A10T03,raw,157,5.233333333333333,False,False,0.23427874134039603,0.15870764160156248,-0.6666429480243266,-1.2909204711914062,0.6242775231670796,0.3494467688107955,0.39272517395019535,-0.043278405139399845,2.933384684146828,2.3582352294921876,0.5751494546546403
S43A10T03,raw,158,5.266666666666667,False,False,0.20407532872030923,0.14425134277343754,-0.6534910365031736,-1.2510501098632814,0.5975590733601077,0.34496965029106663,0.3878330688476562,-0.042863418556589594,2.923487176937693,2.3364410400390625,0.5870461368986306
S43A10T03,raw,159,5.3,True,False,0.2747396700258553,0.17330505371093752,-0.6777443016396392,-1.2818129272460939,0.6040686256064547,0.3581264699881797,0.541232177734375,-0.18310570774619533,2.9323224187992882,2.316437744140625,0.615884674658663
S43A10T03,raw,160,5.333333333333333,False,False,0.31317569642670506,0.20558105468749988,-0.6844317251681479,-1.335173583984375,0.6507418588162271,0.3679840804872933,0.5527005615234375,-0.1847164810361442,2.9257847513746733,2.3110451660156253,0.614739585359048
S43A10T03,raw,161,5.366666666666666,False,False,0.2431308899174595,0.1565224609375,-0.6822217687176579,-1.3003887939453125,0.6181670252276545,0.36104468087122366,0.4990822906494141,-0.13803760977819046,2.921619421286758,2.258082641601563,0.6635367796851952
S43A10T03,raw,162,5.4,False,False,0.15147495272466355,0.0906361083984375,-0.6896666647726736,-1.281883972167969,0.5922173073952953,0.36035942323497233,0.46356639099121094,-0.10320696775623861,2.908026152992565,2.205440673828125,0.7025854791644397
S43A10T03,raw,163,5.433333333333334,False,False,0.056272631767994276,0.017562255859375098,-0.6829954460700275,-1.253809814453125,0.5708143683830974,0.3629209869394357,0.4023313446044922,-0.03941035766505652,2.9045075018081112,2.16964990234375,0.7348575994643611
S43A10T03,raw,164,5.466666666666667,True,False,0.11409041923508136,0.07659960937499988,-0.6927756684695685,-1.3104843750000001,0.6177087065304316,0.36477755054493194,0.3714761505126953,-0.006698599967763341,2.909824564122242,2.1844849853515624,0.7253395787706798
S43A10T03,raw,165,5.5,True,False,0.355791813955337,0.229742919921875,-0.7065786651974975,-1.393340087890625,0.6867614226931276,0.3690293677851695,0.4223341522216797,-0.05330478443651021,2.9381639681651124,2.2738289794921878,0.6643349886729246
S43A10T03,raw,166,5.533333333333333,True,False,0.3648582822838985,0.2389395751953125,-0.7016189750963847,-1.3960015258789062,0.6943825507825215,0.37221570465876885,0.4146583709716797,-0.042442666312910826,2.935895845862462,2.278050048828125,0.6578457970343372
S43A10T03,raw,167,5.566666666666666,False,False,0.3654675893507453,0.2381499023437499,-0.6977152071434536,-1.39299365234375,0.6952784452002965,0.377667583105442,0.41212480163574217,-0.03445721853030015,2.9343962927523464,2.2800880126953125,0.6543082800570339
S43A10T03,raw,168,5.6,False,False,0.3450890805767011,0.22918579101562497,-0.7048763975550478,-1.3944705810546876,0.6895941834996397,0.3709197941360695,0.4258836975097656,-0.05496390337369611,2.9320794701064306,2.2970211181640625,0.635058351942368
S43A10T03,raw,169,5.633333333333334,True,False,0.3709816645933061,0.23934814453124997,-0.7090614019679831,-1.4006727294921877,0.6916113275242046,0.3653116397390447,0.4115999298095703,-0.046288290070525595,2.931900112643028,2.28885986328125,0.643040249361778
S43A10T03,raw,170,5.666666666666667,False,False,0.3678923924461974,0.23373181152343747,-0.708671107634727,-1.4090267944335937,0.7003556867988667,0.36553306840635846,0.4194064483642578,-0.053873379957899314,2.935421849059569,2.2864638671875,0.6489579818720692
S43A10T03,raw,171,5.7,False,False,0.3683498194266399,0.2443034667968751,-0.6782019994809051,-1.3829157714843752,0.7047137720034701,0.37140695452475203,0.44877655029296876,-0.07736959576821673,2.929846788177079,2.2912309570312503,0.6386158311458288
S43A10T03,raw,172,5.733333333333333,True,False,0.19831710953514387,0.11636230468749997,-0.6755761269335314,-1.365363525390625,0.6897873984570937,0.38066369613876,0.486917709350586,-0.10625401321182598,2.923497222398187,2.3528380126953126,0.5706592097028746
S43A10T03,raw,173,5.766666666666667,False,True,0.19831710953514387,0.11636230468749997,-0.6755761269335314,-1.365363525390625,0.6897873984570937,0.38066369613876,0.486917709350586,-0.10625401321182598,2.923497222398187,2.3528380126953126,0.5706592097028746
S43A10T03,raw,174,5.8,False,True,0.19831710953514387,0.11636230468749997,-0.6755761269335314,-1.365363525390625,0.6897873984570937,0.38066369613876,0.486917709350586,-0.10625401321182598,2.923497222398187,2.3528380126953126,0.5706592097028746
S43A10T03,raw,175,5.833333333333333,False,True,0.19831710953514387,0.11636230468749997,-0.6755761269335314,-1.365363525390625,0.6897873984570937,0.38066369613876,0.486917709350586,-0.10625401321182598,2.923497222398187,2.3528380126953126,0.5706592097028746
S43A10T03,raw,176,5.866666666666666,False,True,0.19831710953514387,0.11636230468749997,-0.6755761269335314,-1.365363525390625,0.6897873984570937,0.38066369613876,0.486917709350586,-0.10625401321182598,2.923497222398187,2.3528380126953126,0.5706592097028746
S43A10T03,raw,177,5.9,False,True,0.19831710953514387,0.11636230468749997,-0.6755761269335314,-1.365363525390625,0.6897873984570937,0.38066369613876,0.486917709350586,-0.10625401321182598,2.923497222398187,2.3528380126953126,0.5706592097028746
S43A10T03,raw,178,5.933333333333334,False,True,0.19831710953514387,0.11636230468749997,-0.6755761269335314,-1.365363525390625,0.6897873984570937,0.38066369613876,0.486917709350586,-0.10625401321182598,2.923497222398187,2.3528380126953126,0.5706592097028746
S43A10T03,raw,179,5.966666666666667,False,True,0.19831710953514387,0.11636230468749997,-0.6755761269335314,-1.365363525390625,0.6897873984570937,0.38066369613876,0.486917709350586,-0.10625401321182598,2.923497222398187,2.3528380126953126,0.5706592097028746
S43A10T03,raw,180,6.0,False,True,0.19831710953514387,0.11636230468749997,-0.6755761269335314,-1.365363525390625,0.6897873984570937,0.38066369613876,0.486917709350586,-0.10625401321182598,2.923497222398187,2.3528380126953126,0.5706592097028746
S43A10T03,raw,181,6.033333333333333,False,True,0.19831710953514387,0.11636230468749997,-0.6755761269335314,-1.365363525390625,0.6897873984570937,0.38066369613876,0.486917709350586,-0.10625401321182598,2.923497222398187,2.3528380126953126,0.5706592097028746
S43A10T03,raw,182,6.066666666666666,False,True,0.19831710953514387,0.11636230468749997,-0.6755761269335314,-1.365363525390625,0.6897873984570937,0.38066369613876,0.486917709350586,-0.10625401321182598,2.923497222398187,2.3528380126953126,0.5706592097028746
S43A10T03,raw,183,6.1,False,True,0.19831710953514387,0.11636230468749997,-0.6755761269335314,-1.365363525390625,0.6897873984570937,0.38066369613876,0.486917709350586,-0.10625401321182598,2.923497222398187,2.3528380126953126,0.5706592097028746
S43A10T03,raw,184,6.133333333333334,False,True,0.19831710953514387,0.11636230468749997,-0.6755761269335314,-1.365363525390625,0.6897873984570937,0.38066369613876,0.486917709350586,-0.10625401321182598,2.923497222398187,2.3528380126953126,0.5706592097028746
S43A10T03,raw,185,6.166666666666667,False,True,0.19831710953514387,0.11636230468749997,-0.6755761269335314,-1.365363525390625,0.6897873984570937,0.38066369613876,0.486917709350586,-0.10625401321182598,2.923497222398187,2.3528380126953126,0.5706592097028746
S43A10T03,raw,186,6.2,False,True,0.19831710953514387,0.11636230468749997,-0.6755761269335314,-1.365363525390625,0.6897873984570937,0.38066369613876,0.486917709350586,-0.10625401321182598,2.923497222398187,2.3528380126953126,0.5706592097028746
S43A10T03,raw,187,6.233333333333333,False,True,0.19831710953514387,0.11636230468749997,-0.6755761269335314,-1.365363525390625,0.6897873984570937,0.38066369613876,0.486917709350586,-0.10625401321182598,2.923497222398187,2.3528380126953126,0.5706592097028746
S43A10T03,raw,188,6.266666666666667,False,True,0.19831710953514387,0.11636230468749997,-0.6755761269335314,-1.365363525390625,0.6897873984570937,0.38066369613876,0.486917709350586,-0.10625401321182598,2.923497222398187,2.3528380126953126,0.5706592097028746
S43A10T03,raw,189,6.3,False,True,0.19831710953514387,0.11636230468749997,-0.6755761269335314,-1.365363525390625,0.6897873984570937,0.38066369613876,0.486917709350586,-0.10625401321182598,2.923497222398187,2.3528380126953126,0.5706592097028746
S43A10T03,raw,190,6.333333333333333,False,True,0.19831710953514387,0.11636230468749997,-0.6755761269335314,-1.365363525390625,0.6897873984570937,0.38066369613876,0.486917709350586,-0.10625401321182598,2.923497222398187,2.3528380126953126,0.5706592097028746
S43A10T03,raw,191,6.366666666666666,False,True,0.19831710953514387,0.11636230468749997,-0.6755761269335314,-1.365363525390625,0.6897873984570937,0.38066369613876,0.486917709350586,-0.10625401321182598,2.923497222398187,2.3528380126953126,0.5706592097028746
S43A10T03,raw,192,6.4,False,True,0.19831710953514387,0.11636230468749997,-0.6755761269335314,-1.365363525390625,0.6897873984570937,0.38066369613876,0.486917709350586,-0.10625401321182598,2.923497222398187,2.3528380126953126,0.5706592097028746
S43A10T03,raw,193,6.433333333333334,False,True,0.19831710953514387,0.11636230468749997,-0.6755761269335314,-1.365363525390625,0.6897873984570937,0.38066369613876,0.486917709350586,-0.10625401321182598,2.923497222398187,2.3528380126953126,0.5706592097028746
S43A10T03,raw,194,6.466666666666667,False,True,0.19831710953514387,0.11636230468749997,-0.6755761269335314,-1.365363525390625,0.6897873984570937,0.38066369613876,0.486917709350586,-0.10625401321182598,2.923497222398187,2.3528380126953126,0.5706592097028746
S43A10T03,raw,195,6.5,False,True,0.19831710953514387,0.11636230468749997,-0.6755761269335314,-1.365363525390625,0.6897873984570937,0.38066369613876,0.486917709350586,-0.10625401321182598,2.923497222398187,2.3528380126953126,0.5706592097028746
S43A10T03,raw,196,6.533333333333333,False,True,0.19831710953514387,0.11636230468749997,-0.6755761269335314,-1.365363525390625,0.6897873984570937,0.38066369613876,0.486917709350586,-0.10625401321182598,2.923497222398187,2.3528380126953126,0.5706592097028746
S43A10T03,raw,197,6.566666666666666,False,False,0.2068788346752006,0.12230932617187507,-0.6757597989076831,-1.3648782958984373,0.6891184969907542,0.37975068152258046,0.483599365234375,-0.10384868371179456,2.9234369861877156,2.3490979003906247,0.5743390857970909
S43A10T03,raw,198,6.6,False,False,0.21305027188837364,0.12597070312500014,-0.6761611850509861,-1.36248681640625,0.6863256313552639,0.3794657545302443,0.4822296142578125,-0.10276385972756824,2.92341779329453,2.3452276611328124,0.5781901321617178
S43A10T03,raw,199,6.633333333333334,False,False,0.21328539414190906,0.12611328124999988,-0.6761738785463941,-1.3624227294921876,0.6862488509457935,0.3794497500618514,0.4822096252441407,-0.1027598751822893,2.923416286470776,2.3451024169921877,0.5783138694785883
S43A10T03,raw,200,6.666666666666667,False,False,0.22035954863289828,0.13506689453124987,-0.6812073602522026,-1.3269167480468749,0.6457093877946722,0.37382650092644765,0.48762777709960936,-0.11380127617316171,2.9247382974000087,2.342594482421875,0.5821438149781337
S43A10T03,raw,201,6.7,False,False,0.2502752813542514,0.15787817382812497,-0.6817714943876384,-1.3023280029296875,0.6205565085420491,0.3647986034164336,0.4437081451416016,-0.07890954172516801,2.917056610015025,2.289665771484375,0.6273908385306499
S43A10T03,raw,202,6.733333333333333,False,False,0.19524192875708404,0.11614428710937497,-0.6938888527130784,-1.2962395019531252,0.6023506492400468,0.36341994299382635,0.46111245727539063,-0.09769251428156428,2.896027250494825,2.2489171142578126,0.6471101362370124
S43A10T03,raw,203,6.766666666666667,True,False,0.22508844791402788,0.14027148437500014,-0.6971981012395625,-1.334821044921875,0.6376229436823124,0.35627940788037765,0.44574298095703124,-0.08946357307665359,2.9050606604396525,2.269645263671875,0.6354153967677774
S43A10T03,raw,204,6.8,False,False,0.23579612059649777,0.14793908691406243,-0.6977917629631396,-1.335196228027344,0.6374044650642043,0.35528611866439486,0.44733714294433596,-0.09205102427994111,2.9049186894086185,2.269270751953125,0.6356479374554933
S43A10T03,raw,205,6.833333333333333,False,False,0.408548652043466,0.26037255859374997,-0.7201528937953999,-1.3631776123046877,0.6430247185092878,0.35062801831283874,0.5225018615722656,-0.1718738432594269,2.9134551495809835,2.2760474853515626,0.6374076642294209
S43A10T03,raw,206,6.866666666666666,False,False,0.3933897062327384,0.23616345214843748,-0.7222188838240636,-1.3809850463867188,0.6587661625626552,0.34957501809702424,0.5173958740234376,-0.16782085592641333,2.9167889140651275,2.2797034912109377,0.6370854228541898
S43A10T03,raw,207,6.9,False,False,0.3838991703702692,0.24005590820312506,-0.7231011021428329,-1.3863099365234375,0.6632088343806046,0.3467283177819698,0.5012035369873047,-0.1544752192053349,2.91833149551653,2.276829345703125,0.6415021498134048
S43A10T03,raw,208,6.933333333333334,False,False,0.3753399213740813,0.23324572753906248,-0.7251262496544961,-1.3959365844726563,0.6708103348181602,0.3429217189446679,0.4970685119628906,-0.1541467930182227,2.917885495069991,2.28179296875,0.6360925263199908
S43A10T03,raw,209,6.966666666666667,False,False,0.3621220796957705,0.22504553222656232,-0.7321948271936973,-1.4115422973632814,0.6793474701695841,0.34047386616765096,0.4765487518310547,-0.13607488566340376,2.911379004538496,2.2814189453125,0.6299600592259962
S43A10T03,raw,210,7.0,False,False,0.3773579027163886,0.24473937988281258,-0.7341661980499863,-1.396538513183594,0.6623723151336076,0.33038637289229783,0.46797994995117187,-0.13759357705887404,2.9164869473013466,2.270107177734375,0.6463797695669715
S43A10T03,raw,211,7.033333333333333,False,False,0.388048747511578,0.2428126220703124,-0.7285260056387768,-1.3821333618164062,0.6536073561776294,0.3279247601684546,0.46213685607910154,-0.13421209591064692,2.9137183566369966,2.2940615234375,0.6196568331994965
S43A10T03,raw,212,7.066666666666666,False,False,0.38296257415649315,0.25707006835937496,-0.7277189932344131,-1.3735107421875,0.6457917489530868,0.32341428087951923,0.4598603210449219,-0.13644604016540268,2.909116751560947,2.305437744140625,0.6036790074203218
S43A10T03,raw,213,7.1,True,False,0.3550696127005083,0.24291296386718741,-0.7196047994881465,-1.3791578979492187,0.6595530984610722,0.3079421183559719,0.4582360687255859,-0.15029395036961402,2.903904392923058,2.313310668945313,0.590593723977745
S43A10T03,raw,214,7.133333333333334,False,False,0.333845315782349,0.24159497070312508,-0.7255849427760451,-1.3791375732421876,0.6535526304661424,0.30508821918652373,0.4377153930664063,-0.13262717387988254,2.9027398092290873,2.31244677734375,0.5902930318853374
S43A10T03,raw,215,7.166666666666667,False,False,0.3538606044434672,0.2552725830078124,-0.730788990856549,-1.3837977905273438,0.6530087996707947,0.30134814068157606,0.4101795959472656,-0.10883145526568955,2.901077746579644,2.3110703125,0.5900074340796437
S43A10T03,raw,216,7.2,True,False,0.3492437146188876,0.2513171386718751,-0.7260822290355989,-1.385783935546875,0.6597017065112761,0.29153671032983347,0.3999226684570313,-0.10838595812719781,2.9033514513771643,2.3119139404296876,0.5914375109474768
S43A10T03,raw,217,7.233333333333333,False,False,0.33821017167312495,0.23338256835937488,-0.7419808090100166,-1.38681494140625,0.6448341323962334,0.2853300072547355,0.37170266723632817,-0.08637265998159266,2.8976682338085378,2.3009798583984375,0.5966883754101002
S43A10T03,raw,218,7.266666666666667,False,False,0.31640638354275086,0.2186365966796875,-0.7424064944491423,-1.3826428833007813,0.640236388851639,0.28306541294577064,0.3677960357666016,-0.08473062282083094,2.8954685120897157,2.2977694091796876,0.597699102910028
S43A10T03,raw,219,7.3,False,False,0.26148429526053457,0.18205456542968768,-0.7368034903209522,-1.3602660522460939,0.6234625619251417,0.2829103985929157,0.36312521362304684,-0.08021481503013111,2.89370294523633,2.2822022705078124,0.6115006747285174
S43A10T03,raw,220,7.333333333333333,True,False,0.19765344960336034,0.13614892578125004,-0.7373500121490593,-1.3311738281249998,0.5938238159759406,0.27069251195237065,0.32595828247070313,-0.05526577051833248,2.897966223270721,2.266509765625,0.6314564576457209
S43A10T03,raw,221,7.366666666666666,False,False,0.20667137533086968,0.14069775390624994,-0.7438020685171302,-1.3369614257812499,0.5931593572641197,0.26330332877256624,0.3200123291015625,-0.056709000328996284,2.8898429436350423,2.2732775878906253,0.6165653557444171
S43A10T03,raw,222,7.4,False,False,0.2354095226697406,0.15800561523437517,-0.7608314776525266,-1.349423095703125,0.5885916180505985,0.2588350999037942,0.30222836303710937,-0.04339326313331515,2.879303059489611,2.2880294189453125,0.5912736405442987
S43A10T03,raw,223,7.433333333333334,False,False,0.24676212487114338,0.16073645019531257,-0.7708919359455685,-1.3476976928710938,0.5768057569255253,0.25380673722367253,0.2819264831542969,-0.028119745930624385,2.8803650677060286,2.2847215576171873,0.5956435100888413
S43A10T03,raw,224,7.466666666666667,True,False,0.18804575373525706,0.07345141601562499,-0.773629166639701,-1.3092460937500001,0.5356169271102991,0.2523650796583275,0.36731869506835935,-0.11495361541003185,2.872280028451674,2.2803531494140623,0.5919268790376115
S43A10T03,raw,225,7.5,True,False,0.20896916310843006,0.014890136718750169,-0.7596176997741498,-1.2409783935546876,0.4813606937805378,0.25729938846303074,0.4315060272216797,-0.17420663875864895,2.864559370272129,2.3173452148437503,0.5472141554283785
S43A10T03,raw,226,7.533333333333333,False,False,0.2643106108120099,0.02592968749999991,-0.7680747491276834,-1.233485107421875,0.46541035829419153,0.2659688310138291,0.5004471435546876,-0.23447831254085844,2.8692903642502783,2.34263671875,0.5266536455002782
S43A10T03,raw,227,7.566666666666666,False,False,0.2627743779570071,0.11790527343750012,-0.759606278321118,-1.193590576171875,0.433984297850757,0.26148710585597534,0.49588626098632815,-0.2343991551303528,2.853894264265748,2.3293546142578125,0.5245396500079353
S43A10T03,raw,228,7.6,False,False,0.2649266670950084,0.11425024414062501,-0.7609708589566214,-1.1959622802734375,0.4349914213168161,0.26109391859048126,0.4970388641357422,-0.23594494554526096,2.8530975040764184,2.330758178710938,0.5223393253654804
S43A10T03,raw,229,7.633333333333334,False,False,0.32567657025966723,0.13500451660156254,-0.7663313498100763,-1.1834381713867188,0.4171068215766425,0.27586000520461257,0.5510503845214844,-0.2751903793168718,2.8532902749133213,2.361008056640625,0.49228221827269625
S43A10T03,raw,230,7.666666666666667,False,False,0.3466677508412122,0.16726074218749987,-0.7651951418247818,-1.1593895263671876,0.39419438454240585,0.2747552953874587,0.5425189056396484,-0.26776361025218975,2.843085980512359,2.35844580078125,0.4846401797311093
S43A10T03,raw,231,7.7,False,False,0.3556114734748191,0.1885081787109375,-0.7644558585696535,-1.1450432739257814,0.38058741535612794,0.2700054176853581,0.5360358505249023,-0.26603043283954425,2.8317992894591124,2.3492388916015625,0.4825603978575499
S43A10T03,raw,232,7.733333333333333,False,False,0.3390495945371451,0.22000646972656246,-0.7720450437409391,-1.1388413696289064,0.3667963258879673,0.2616365048058862,0.526017234802246,-0.26438072999635986,2.8148475164630584,2.319816284179687,0.4950312322833712
S43A10T03,raw,233,7.766666666666667,True,False,0.035298297709871,0.006545898437499975,-0.7993964979179402,-1.2463687744140626,0.44697227649612237,0.23552013029518565,0.2886665802001953,-0.05314644990500966,2.794209140673301,2.192572509765625,0.6016366309076759
S43A10T03,raw,234,7.8,False,False,0.024132498515893802,0.0018303222656250728,-0.8019080336510578,-1.2478505859375,0.4459425522864422,0.23426264360659524,0.2867259216308594,-0.052463278024264176,2.790170189636957,2.1863479003906248,0.6038222892463323
S43A10T03,raw,235,7.833333333333333,False,False,0.007598490653027518,0.00742736816406242,-0.8111063964963354,-1.2553540649414061,0.4442476684450707,0.2335493403557365,0.2832185821533203,-0.04966924179758381,2.781365703949917,2.15866162109375,0.622704082856167
S43A10T03,raw,236,7.866666666666666,False,False,0.02912202325536104,0.004800537109375114,-0.8154605610596192,-1.2658265380859375,0.4503659770263183,0.23215493263129588,0.2934380950927734,-0.061283162461477525,2.7696811363345764,2.174894287109375,0.5947868492252013
S43A10T03,raw,237,7.9,False,False,0.025148347317325587,0.01788195800781245,-0.8126386616785704,-1.2614931030273437,0.4488544413487734,0.23117734021493597,0.3038029174804687,-0.07262557726553276,2.7603679742084175,2.16583740234375,0.5945305718646674
S43A10T03,raw,238,7.933333333333334,False,False,0.02736862718447215,0.010494506835937445,-0.8353842052872535,-1.2630490112304686,0.4276648059432151,0.24182137579376836,0.3303426971435547,-0.08852132134978632,2.7780391095492414,2.1657667236328124,0.612272385916429
S43A10T03,raw,239,7.966666666666667,False,False,0.06646574597291416,0.00034631347656244316,-0.8470484464914692,-1.2672713012695314,0.4202228547780622,0.24076135849162184,0.36924595642089847,-0.12848459792927663,2.767146048851233,2.1631838378906254,0.6039622109606078
S43A10T03,raw,240,8.0,True,False,0.23863524500099906,0.13610144042968741,-0.8618716916505129,-1.3116541137695312,0.4497824221190183,0.25206343462665576,0.43568682861328123,-0.18362339398662547,2.7868314191270156,2.2807921142578125,0.5060393048692031
S43A10T03,filtered,0,0.0,False,False,0.34040489226871845,0.31875429533412736,-1.3325935870071202,-1.2906274928297075,-0.041966094177412705,-0.18377568799690128,0.7350697154245063,-0.9188454034214075,2.2214740340838053,2.1931762151885517,0.028297818895253624
S43A10T03,filtered,1,0.03333333333333333,False,False,0.33643054606200157,0.3095747539336591,-1.3331992557767636,-1.292876534676497,-0.04032272110026658,-0.18380380824503081,0.7366556954469927,-0.9204595036920236,2.223496404766014,2.195850689105357,0.0276457156606571
S43A10T03,filtered,2,0.06666666666666667,False,False,0.3332518388173484,0.30073241017008123,-1.333782679266626,-1.2950756110438646,-0.03870706822276149,-0.18381521163327894,0.7382737773999006,-0.9220889890331796,2.2254855311584376,2.1985514002785616,0.02693413087987606
S43A10T03,filtered,3,0.1,False,False,0.33095785013813533,0.29254393525043554,-1.334320644468001,-1.2971630938244147,-0.03715755064358617,-0.18379996111294394,0.7399285183993052,-0.9237284795122491,2.22739909995704,2.2012657957943516,0.026133304162688553
S43A10T03,filtered,4,0.13333333333333333,False,False,0.32956029257347247,0.2852851269396728,-1.3347927115662834,-1.2990838737124584,-0.03570883785382506,-0.183751132715608,0.7416100070364388,-0.9253611397520467,2.229199721558668,2.2039687754983595,0.0252309460603084
S43A10T03,filtered,5,0.16666666666666666,False,False,0.3290147113454336,0.2791748007619048,-1.3351825287521208,-1.3007909547653695,-0.0343915739867513,-0.1836654511532354,0.7432902347022177,-0.9269556858554531,2.230857281796106,2.206619825872212,0.024237455923894036
S43A10T03,filtered,6,0.2,False,False,0.32924717929218167,0.2743630945113855,-1.3354788550817112,-1.302246094815301,-0.0332327602664102,-0.1835434946501492,0.7449221420055345,-0.9284656366556837,2.2323505977132374,2.209162283586698,0.02318831412653921
S43A10T03,filtered,7,0.23333333333333334,False,False,0.3301783256390362,0.27092496739991256,-1.3356762159035618,-1.3034195499772445,-0.03225666592631726,-0.18338944922545414,0.7464416088004349,-0.9298310580258891,2.2336682619460584,2.211525026531074,0.022143235414984197
S43A10T03,filtered,8,0.26666666666666666,False,False,0.33173864817871346,0.26885920870461066,-1.3357751433186988,-1.304289129951945,-0.03148601336675383,-0.18321045013930445,0.747772263945758,-0.9309827140850625,2.234808652638099,2.2136266110532317,0.02118204158486714
S43A10T03,filtered,9,0.3,False,False,0.333872786563609,0.26809279396511165,-1.3357819863505156,-1.3048388902501031,-0.03094309610041246,-0.1830155995515469,0.7488326088069072,-0.931848208358454,2.2357791745957845,2.2153815698368464,0.020397604758938037
S43A10T03,filtered,10,0.3333333333333333,False,False,0.33653416778981105,0.26848998917983047,-1.335708309508541,-1.3050578541959892,-0.030650455312551728,-0.1828147874276786,0.7495446279196122,-0.9323594153472907,2.2365948718651514,2.2167082906056867,0.01988658125946463
S43A10T03,filtered,11,0.36666666666666664,False,False,0.3396739570207251,0.2698652474997443,-1.3355699313709242,-1.3049391553900245,-0.030630775980899694,-0.18261746271316748,0.7498428445527527,-0.9324603072659202,2.237276604024757,2.217537651487552,0.019738952537204923
S43A10T03,filtered,12,0.4,False,False,0.3432290528598133,0.27199869814522826,-1.3353856836448346,-1.304479915706116,-0.030905767938718576,-0.1824315023769228,0.7496826977112702,-0.932114200088193,2.2378490035672027,2.2178214327270376,0.020027570840165154
S43A10T03,filtered,13,0.43333333333333335,False,False,0.347113116450668,0.2746529069555603,-1.3351759929897256,-1.3036820340349293,-0.03149395895479623,-0.1822623087742519,0.7490471819293132,-0.9313094907035651,2.238338428761605,2.2175394860888495,0.020798942672755505
S43A10T03,filtered,14,0.4666666666666667,False,False,0.35121292673847326,0.27758958941031797,-1.3349614003100314,-1.3025538787334803,-0.032407521576551135,-0.1821122347423065,0.7479508931847444,-0.9300631279270509,2.2387710978407562,2.216704736159608,0.022066361681148283
S43A10T03,filtered,15,0.5,False,False,0.3553904771143978,0.2805850651354189,-1.3347611337628582,-1.3011126828182062,-0.033648450944651964,-0.1819803957349692,0.7464409347284227,-0.9284213304633919,2.2391715417740072,2.2153653040238384,0.02380623775016888
S43A10T03,filtered,16,0.5333333333333333,False,False,0.35948980132498387,0.28344343592392685,-1.3345918421941023,-1.2993872689630779,-0.03520457323102444,-0.18186288395876565,0.7445945112625689,-0.9264573952213346,2.239561452165174,2.213603354543114,0.025958097622059917
S43A10T03,filtered,17,0.5666666666666667,False,False,0.3633468297393713,0.2860067231507635,-1.3344665764155506,-1.2974206113038722,-0.03704596511167835,-0.18175335523570443,0.7425134266465494,-0.9242667818822539,2.2399589373374655,2.2115306298881445,0.02842830744932101
S43A10T03,filtered,18,0.6,False,False,0.36680056113444537,0.2881614916631343,-1.3343940793597269,-1.2952716936707858,-0.03912238568894111,-0.18164391897349802,0.7403160487368412,-0.9219599677103392,2.2403781431558123,2.2092809952030987,0.031097147952713566
S43A10T03,filtered,19,0.6333333333333333,False,False,0.3697042025045254,0.28984179322404136,-1.3343784163284806,-1.293016157547195,-0.04136225878128563,-0.18152622846362515,0.7381275743954123,-0.9196538028590375,2.240829154178607,2.2070006427793647,0.033828511399242256
S43A10T03,filtered,20,0.6666666666666666,False,False,0.37193537080032213,0.29102856091217344,-1.3344189471257515,-1.2907453434835268,-0.04367360364222472,-0.18139264560490356,0.7360695918465574,-0.9174622374514609,2.2413180712011145,2.2048368446167643,0.03648122658435016
S43A10T03,filtered,21,0.7,False,False,0.3734047713895055,0.29174585365198724,-1.3345106161048805,-1.28856350206441,-0.04594711404047058,-0.18123734338336767,0.7342499856405453,-0.9154873290239129,2.241847165084197,2.2029262880519913,0.03892087703220559
S43A10T03,filtered,22,0.7333333333333333,False,False,0.3740629213010578,0.2920545648820956,-1.3346445161932357,-1.2865831629024778,-0.04806135329075789,-0.1810572126068796,0.732754164817628,-0.9138113774245076,2.2424150314994926,2.2013840660317654,0.04103096546772722
S43A10T03,filtered,23,0.7666666666666667,False,False,0.37390452739500263,0.29204435208479174,-1.334808669568536,-1.2849188769636803,-0.0498897926048556,-0.18085245705406894,0.7316384322406617,-0.9124908892947307,2.2430167105448175,2.2002943247126723,0.04272238583214527
S43A10T03,filtered,24,0.8,False,False,0.37297015253130095,0.29182460229090523,-1.334988960486491,-1.2836797626285736,-0.05130919785791743,-0.18062679258202644,0.7309260755455296,-0.911552868127556,2.2436437802429703,2.1997034080916165,0.043940372151353824
S43A10T03,filtered,25,0.8333333333333334,False,False,0.3713448816318944,0.29151522093198134,-1.3351701537148422,-1.2829614647942034,-0.05220868892063879,-0.1803872084822343,0.7306064758286521,-0.9109936843108865,2.2442844741224417,2.1996161015873286,0.04466837253511313
S43A10T03,filtered,26,0.8666666666666667,False,False,0.3691538684271828,0.29123792757522815,-1.3353369338043253,-1.2828382581370916,-0.05249867566723365,-0.1801432994351901,0.7306372291327721,-0.9107805285679622,2.2449239017469833,2.199995288564041,0.04492861318294228
S43A10T03,filtered,27,0.9,False,False,0.3665548958973913,0.2911085826830655,-1.335474904872485,-1.2833560746548192,-0.052118830217665835,-0.17990622829757555,0.730948987575549,-0.9108552158731246,2.2455444609005264,2.200765023592827,0.04477943730769951
S43A10T03,filtered,28,0.9333333333333333,False,False,0.3637283833328442,0.29123088178887513,-1.3355714969001071,-1.2845272026922343,-0.05104429420787282,-0.17968742732917473,0.731452478658307,-0.9111399059874817,2.2461265180422534,2.2018167228245553,0.04430979521769807
S43A10T03,filtered,29,0.9666666666666667,False,False,0.3608655703572045,0.2916915660827357,-1.3356167323091526,-1.2863272888590167,-0.04928944345013586,-0.1794971820780702,0.7320469757421222,-0.9115441578201924,2.2466494001869495,2.2030179033416903,0.04363149684525913
S43A10T03,filtered,30,1.0,False,False,0.3581558498826844,0.2925571364616908,-1.335603815593969,-1.288695083781212,-0.04690873181275701,-0.1793432628611641,0.7326293867033333,-0.9119726495644974,2.24709269086214,2.204222694673075,0.04286999618906462
S43A10T03,filtered,31,1.0333333333333334,False,False,0.3557743596694574,0.29387193921719423,-1.335529518859356,-1.291535124995665,-0.04399439386369086,-0.1792297704879905,0.7331031101273795,-0.91233288061537,2.247437762992535,2.2052832156777304,0.042154547314804613
S43A10T03,filtered,32,1.0666666666666667,False,False,0.3538709405757346,0.2956574238580356,-1.3353943470851912,-1.294723270750674,-0.040671076334517275,-0.1791563449703213,0.7333858778393685,-0.9125422228096898,2.247669422687605,2.206060868607492,0.04160855408011299
S43A10T03,filtered,33,1.1,False,False,0.35256141480864056,0.29791235591369514,-1.3352024785366416,-1.298114716931577,-0.03708776160506466,-0.17911785030015442,0.7334159470722039,-0.9125337973723584,2.2477774910551602,2.206436648126353,0.04134084292880713
S43A10T03,filtered,34,1.1333333333333333,False,False,0.3519218453076005,0.3006137909480149,-1.334961487656009,-1.3015538763155825,-0.03340761134042647,-0.1791045988324693,0.7331562036562889,-0.9122608024887582,2.2477581262851003,2.206319684394241,0.04143844189085932
S43A10T03,filtered,35,1.1666666666666667,False,False,0.35198605609358996,0.30371866581571316,-1.334681869562915,-1.3048853020567026,-0.0297965675062124,-0.17910312060595754,0.7325959621615838,-0.9116990827675414,2.2476146922039835,2.2056534165764856,0.04196127562749785
S43A10T03,filtered,36,1.2,False,False,0.35274629617575115,0.3071659216449396,-1.3343763962927144,-1.307964716448081,-0.02641167984463344,-0.17909742206974374,0.7317504723166814,-0.9108478943864252,2.2473580146274217,2.204419004479984,0.04293901014743762
S43A10T03,filtered,37,1.2333333333333334,False,False,0.3541565956808293,0.3108791222876446,-1.3340593442386237,-1.3106691740300556,-0.02339017020856815,-0.17907062143802413,0.7306583396843547,-0.9097289611223788,2.2470059302658805,2.2026358114598192,0.04437011880606123
S43A10T03,filtered,38,1.2666666666666666,False,False,0.35613815326718185,0.31476955782657345,-1.3337456389895463,-1.3129054485183962,-0.020840190471150155,-0.1790068003823275,0.7293772256586667,-0.9083840260409942,2.2465821167646767,2.200359015231423,0.04622310153325371
S43A10T03,filtered,39,1.3,False,False,0.3585860320252307,0.3187398179972212,-1.3334499671289173,-1.314615880926802,-0.01883408620211524,-0.17889287941945126,0.7279782982727953,-0.9068711776922465,2.246114284775093,2.1976746128658116,0.04843967190928122
S43A10T03,filtered,40,1.3333333333333333,False,False,0.361376507978875,0.3226877867162836,-1.3331859042605085,-1.3157811495011127,-0.017404754759395846,-0.17872031132606467,0.7265399593866579,-0.9052602707127226,2.2456318997381435,2.194692273303816,0.05093962643432759
S43A10T03,filtered,41,1.3666666666666667,False,False,0.3643745613842846,0.3265109559088786,-1.332965104771698,-1.3164197023275257,-0.01654540244417224,-0.17848639557229198,0.7251413797671062,-0.9036277753393982,2.2451636686701986,2.1915366474661,0.05362702120409857
S43A10T03,filtered,42,1.4,False,False,0.3674411674467011,0.3301108989009338,-1.3327965923934177,-1.3165839067863154,-0.016212685607102317,-0.17819504725105098,0.7238563390515393,-0.9020513863025903,2.2447350649620086,2.1883378629913537,0.0563972019706549
S43A10T03,filtered,43,1.4333333333333333,False,False,0.37044018199961776,0.3333976957344589,-1.3326861826973921,-1.3163532874250023,-0.01633289527238979,-0.17785690393683046,0.7227478013996198,-0.9006047053364503,2.244366166218091,2.185221995347071,0.05914417087102031
S43A10T03,filtered,44,1.4666666666666666,False,False,0.3732447034229029,0.3362940763524236,-1.332636060790371,-1.3158255128972511,-0.016810547893119754,-0.17748871854382958,0.7218635685896847,-0.8993522871335142,2.2440700464018746,2.182302306386714,0.06176774001516039
S43A10T03,filtered,45,1.5,False,False,0.3757428217152922,0.338739048002632,-1.332644531049748,-1.3151060208820775,-0.017538510167670385,-0.17711205882500097,0.72123324931857,-0.898345308143571,2.2438518993857044,2.179671967036205,0.06417993234949959
S43A10T03,filtered,46,1.5333333333333334,False,False,0.3778426526270465,0.34069079883152886,-1.3327059516834996,-1.3142973097722566,-0.01840864191124303,-0.1767514069152673,0.7208666757598396,-0.897618082675107,2.2437089859612818,2.1773988345512403,0.06631015141004148
S43A10T03,filtered,47,1.5666666666666667,False,False,0.37947652018532174,0.34212871334417194,-1.332810865144119,-1.3134889597173687,-0.019321905426750385,-0.1764318177024768,0.7207537949245193,-0.8971856126269961,2.2436314022080333,2.1755226506521277,0.06810875155590557
S43A10T03,filtered,48,1.6,False,False,0.38060411602888106,0.3430543874424128,-1.3329463348814166,-1.3127493688386638,-0.020196966042752784,-0.17617634643522817,0.7208659702018174,-0.8970423166370456,2.243603575743044,2.174054788351074,0.06954878739197001
S43A10T03,filtered,49,1.6333333333333333,False,False,0.381214445226291,0.34349158205400787,-1.3330964976639637,-1.3121200122741892,-0.02097648538977448,-0.17600348925703255,0.7211585518995548,-0.8971620411565874,2.2436063180622057,2.1729804304498357,0.07062588761236999
S43A10T03,filtered,50,1.6666666666666667,False,False,0.3813263754272231,0.3434850990673415,-1.333243336507478,-1.3116127728376128,-0.021630563669865266,-0.17592489259199004,0.7215745158505775,-0.8974994084425676,2.2436192035304274,2.172262838740574,0.07135636478985363
S43A10T03,filtered,51,1.7,False,False,0.3809876424581808,0.3430985998202478,-1.3333676702059485,-1.3112105809902732,-0.022157089215675274,-0.17594357750061215,0.7220489250299623,-0.8979925025305745,2.2436230132279156,2.171849192467712,0.07177382076020367
S43A10T03,filtered,52,1.7333333333333334,False,True,0.3802722290479933,0.34241141716418344,-1.33345034052428,-1.3108712708950103,-0.022579069629269588,-0.1760528937132052,0.7225139381944852,-0.8985668319076904,2.2436019767083315,2.1716773533796574,0.07192462332867411
S43A10T03,filtered,53,1.7666666666666666,False,True,0.3792761196258892,0.34151444220447313,-1.3334735574821666,-1.3105342411895782,-0.022939316292588385,-0.1762363666937548,0.7229040691552453,-0.899140435849,2.243545566350903,2.1716828610047996,0.07186270534610362
S43A10T03,filtered,54,1.8,False,True,0.3781115372132579,0.3405052021222348,-1.3334223384062787,-1.3101292338086596,-0.02329310459761902,-0.17646853255584335,0.7231613883826169,-0.8996299209384603,2.243449645047757,2.1718054767070907,0.07164416834066634
S43A10T03,filtered,55,1.8333333333333333,False,False,0.37689988183751916,0.33948229089003745,-1.3332859503461274,-1.3095863368364622,-0.023699613509665207,-0.1767167737786835,0.7232403543318946,-0.899957128110578,2.2433168344987355,2.171994673309748,0.07132216118898738
S43A10T03,filtered,56,1.8666666666666667,False,False,0.3757637061400203,0.33853937234322373,-1.333059241703972,-1.3088461965602536,-0.02421304514371836,-0.1769440783705618,0.7231119656992198,-0.9000560440697816,2.2431560530439003,2.1722135980624513,0.07094245498144902
S43A10T03,filtered,57,1.9,False,True,0.37481817369084497,0.33775904309889015,-1.3327437315568158,-1.3078694004306577,-0.02487433112615811,-0.17711255239371018,0.7227669396771788,-0.8998794920708889,2.242981262228676,2.1724412059844185,0.07054005624425752
S43A10T03,filtered,58,1.9333333333333333,False,True,0.3741625377256087,0.3372069147040897,-1.3323483179791569,-1.3066440688100713,-0.025704249169085536,-0.17718742759159367,0.7222176480893527,-0.8994050756809464,2.2428095527024747,2.1726724512010147,0.07013710150146002
S43A10T03,filtered,59,1.9666666666666666,False,False,0.373872240247319,0.3369263390990509,-1.3318894727503474,-1.3051908626669992,-0.026698610083348173,-0.17714123000756232,0.721498586295805,-0.8986398163033673,2.242658784477901,2.1729166179166626,0.06974216656123833
S43A10T03,filtered,60,2.0,False,True,0.3739922523113589,0.336934244454981,-1.33139081088915,-1.3035648615735622,-0.027825949315587684,-0.17695772006222205,0.7206652117169582,-0.8976229317791802,2.242545065630074,2.1731940527592024,0.06935101287087164
S43A10T03,filtered,61,2.033333333333333,False,True,0.3745322478371247,0.3372185535809329,-1.3308819595692531,-1.3018540684916493,-0.02902789107760384,-0.1766351874041345,0.7197910710595634,-0.896426258463698,2.242480399030012,2.173531710870729,0.06894868815928312
S43A10T03,filtered,62,2.066666666666667,False,False,0.37546412244807686,0.33773760949962495,-1.3303967003946602,-1.3001746256974585,-0.03022207469720173,-0.17618869173360985,0.7189632370387218,-0.8951519287723316,2.242470841392551,2.1739580368008493,0.06851280459170184
S43A10T03,filtered,63,2.1,False,False,0.3767222375953969,0.33842192222815815,-1.3299704183648646,-1.298663146974759,-0.031307271390105695,-0.17565088850285948,0.7182761932002485,-0.893927081703108,2.2425154971547316,2.174497759428029,0.06801773772670261
S43A10T03,filtered,64,2.1333333333333333,False,False,0.37820659428609066,0.3391783753261288,-1.3296369555644274,-1.2974668519787471,-0.03217010358568029,-0.1750711677634965,0.7178244334200112,-0.8928956011835077,2.2426066084496417,2.1751671838403883,0.06743942460925334
S43A10T03,filtered,65,2.1666666666666665,False,False,0.37978892843011175,0.33989679976216625,-1.3294250325814816,-1.2967324004763099,-0.032692632105171704,-0.17451296353620388,0.717694172670255,-0.892207136206459,2.242730902222933,2.17597051319357,0.06676038902936332
S43A10T03,filtered,66,2.2,False,False,0.38132148208044,0.3404585579500248,-1.3293544609331704,-1.2965944457685448,-0.03276001516462568,-0.17404925364107632,0.7179546879408887,-0.8920039415819649,2.24287222126995,2.176897635236555,0.0659745860333949
S43A10T03,filtered,67,2.2333333333333334,False,False,0.3826479563395114,0.34074651506162756,-1.3294324208885469,-1.2971649469390472,-0.03226747394949969,-0.1737564551587962,0.7186499118902698,-0.8924063670490661,2.243015307413558,2.1779236699468467,0.0650916374667112
S43A10T03,filtered,68,2.2666666666666666,False,False,0.3836159118654655,0.3406555467623176,-1.3296501170642199,-1.2985241984306488,-0.03112591863357106,-0.1737071135975934,0.7197909752887355,-0.8934980888863289,2.2431504366149815,2.1790104069923713,0.06414002962261023
S43A10T03,filtered,69,2.3,False,False,0.38408967548725564,0.3401025807724949,-1.329980145294839,-1.3007143625981294,-0.02926578269670954,-0.17396196601629027,0.7213504259725103,-0.8953123919888006,2.243278445645388,2.1801095760357168,0.06316886960967105
S43A10T03,filtered,70,2.3333333333333335,False,False,0.3839626622190585,0.3390351251681192,-1.3303749047723534,-1.303736044366583,-0.026638860405770348,-0.17456210925720306,0.7232588311998076,-0.8978209404570107,2.2434155583049598,2.181167701675185,0.062247856629774834
S43A10T03,filtered,71,2.3666666666666667,False,False,0.3831679552511713,0.3374373166530096,-1.3307663654142505,-1.3075481513713063,-0.02321821404294422,-0.1755221031528015,0.7254043887335567,-0.9009264918863582,2.243597336441422,2.1821321119860997,0.06146522445532243
S43A10T03,filtered,72,2.4,False,False,0.3816860216603068,0.3353327273090152,-1.3310674481656408,-1.3120709668773554,-0.01899648128828546,-0.1768248660257489,0.7276360253011409,-0.9044608913268898,2.2438810654670296,2.1829575109351844,0.06092355453184517
S43A10T03,filtered,73,2.433333333333333,False,False,0.37954859080260805,0.3327834801245533,-1.3311751926530004,-1.317192057777203,-0.013983134875797498,-0.17841916134406843,0.7297702502125435,-0.9081894115566119,2.2443459494961573,2.1836124076954775,0.0607335418006798
S43A10T03,filtered,74,2.466666666666667,False,False,0.37683798952060754,0.3298856067882807,-1.3309757712910415,-1.3227743774966902,-0.008201393794351253,-0.18022032223325885,0.7316017640421121,-0.911822086275371,2.245090644474732,2.1840846377399705,0.06100600673476153
S43A10T03,filtered,75,2.5,False,False,0.3736816078844671,0.3267609886779588,-1.3303512633491419,-1.328665732056189,-0.001685531292952902,-0.18211461573206109,0.7329175111606013,-0.9150321268926624,2.246227896299733,2.1843852273496562,0.06184266895007662
S43A10T03,filtered,76,2.533333333333333,False,False,0.37024164323697406,0.32354660150037984,-1.329187931879659,-1.3347086783492514,0.005520746469592552,-0.1839673222674813,0.7335135302472957,-0.9174808525147771,2.2478763613924984,2.184549955723892,0.06332640566860626
S43A10T03,filtered,77,2.566666666666667,False,False,0.36670080271664734,0.32038208665573764,-1.3273855601200377,-1.3407499279853756,0.0133643678653379,-0.18563421920516926,0.733213622905543,-0.9188478421107122,2.250150044248802,2.1846381596626645,0.06551188458613755
S43A10T03,filtered,78,2.6,False,False,0.3632451747921809,0.31739686018991375,-1.3248672156342143,-1.3466484360951014,0.021781220460887152,-0.186975741669968,0.731888554053312,-0.91886429572328,2.2531461543169358,2.1847285957423646,0.06841755857457121
S43A10T03,filtered,79,2.6333333333333333,False,False,0.3600459236266175,0.3146980220330402,-1.3215886378517214,-1.3522815477154957,0.030692909863774265,-0.1878726885506498,0.7294742468943025,-0.9173469354449524,2.2569325198437125,2.1849125020308344,0.07202001781287803
S43A10T03,filtered,80,2.6666666666666665,False,False,0.3572417201683821,0.3123602419930731,-1.3175463090292256,-1.357548829449268,0.040002520420042265,-0.18824199167216657,0.7259872678967019,-0.9142292595688685,2.2615359530926744,2.185284351693506,0.07625160139916831
S43A10T03,filtered,81,2.7,False,False,0.35492382401448347,0.3104185900920211,-1.31278319322786,-1.3623734987515492,0.04959030552368926,-0.18805081805629228,0.7215358400504578,-0.9095866581067501,2.2669330967479304,2.1859311219464903,0.08100197480144011
S43A10T03,filtered,82,2.7333333333333334,False,False,0.35312545077154534,0.3088649758759421,-1.3073911357016101,-1.3667016425651985,0.05931050686358841,-0.18732717200544702,0.7163247002379275,-0.9036518722433745,2.2730452616277126,2.1869211688335835,0.08612409279412914
S43A10T03,filtered,83,2.7666666666666666,False,False,0.3518165601544692,0.307648500352391,-1.3015090260333102,-1.3704996578881787,0.06899063185486853,-0.18616523942939323,0.7106523494923295,-0.8968175889217227,2.2797385715323815,2.1882939609666776,0.09144461056570385
S43A10T03,filtered,84,2.8,False,False,0.3509046011577366,0.3066796434294863,-1.2953160556623537,-1.3737505215926546,0.0784344659303009,-0.18472399121261646,0.7048996471411005,-0.889623638353717,2.2868303604959825,2.1900519545840886,0.0967784059118939
S43A10T03,filtered,85,2.8333333333333335,False,False,0.35024117861599063,0.3058378458445645,-1.2890197469034217,-1.3764495866604693,0.08742983975704766,-0.18321803699808853,0.6995092738908262,-0.8827273108889147,2.2941022387768664,2.1921557745377016,0.10194646423916476
S43A10T03,filtered,86,2.8666666666666667,False,False,0.34963413101254837,0.30498173092346326,-1.2828388852974755,-1.3786005992110828,0.09576171391360733,-0.18190037603708112,0.6949563204201955,-0.8768566964572766,2.301319593515229,2.1945236046585883,0.10679598885664054
S43A10T03,filtered,87,2.9,False,False,0.34886412499864955,0.30396097720790793,-1.2769820238599248,-1.3802125392395117,0.10323051537958694,-0.18103748627338853,0.6917111108835761,-0.8727485971569646,2.3082565714850016,2.1970353060143113,0.11122126547069033
S43A10T03,filtered,88,2.933333333333333,False,False,0.3477045249699144,0.3026287214702097,-1.2716228048164542,-1.3812977227255825,0.10967491790912831,-0.18087806433064785,0.69019628486771,-0.8710743491983579,2.3147248704306933,2.199541306323065,0.1151835641076282
S43A10T03,filtered,89,2.966666666666667,False,False,0.3459429501199207,0.30085335787048084,-1.2668739067058743,-1.3818713874980826,0.11499748079220828,-0.1816175979627447,0.690741054373391,-0.8723586523361356,2.3206040147710536,2.2018757826704234,0.11872823210063022
S43A10T03,filtered,90,3.0,False,False,0.34340261237864944,0.2985287058709072,-1.2627619077558032,-1.381952749648281,0.11919084189247786,-0.18336172777639068,0.6935363248393411,-0.8768980526157318,2.3258702848801636,2.203873144691051,0.12199714018911267
S43A10T03,filtered,91,3.033333333333333,False,False,0.3399613248218491,0.2955817350748797,-1.2592056917927839,-1.381567293231007,0.12236160143822317,-0.18609194216260663,0.6985949133858009,-0.8846868555484075,2.330621175906572,2.2053863717225877,0.12523480418398414
S43A10T03,filtered,92,3.066666666666667,False,False,0.33556609533776993,0.2919773325541113,-1.2560011454242952,-1.380749873024791,0.12474872760049571,-0.18963745996216103,0.705721309110078,-0.8953587690722391,2.3350922404127767,2.2063054180970783,0.1287868223156985
S43A10T03,filtered,93,3.1,False,False,0.3302415654462745,0.2877199386061464,-1.2528147508835796,-1.3795480909304363,0.12673334004685666,-0.1936571172936585,0.7144952122783644,-0.908152329572023,2.3396634597720203,2.2065737208349265,0.13308973893709375
S43A10T03,filtered,94,3.1333333333333333,False,False,0.32409124904139125,0.2828522146853487,-1.249188233486845,-1.378025363023147,0.128837129536302,-0.19763464228111668,0.72427240572344,-0.9219070480045567,2.344852908769044,2.206200856057829,0.13865205271121495
S43A10T03,filtered,95,3.1666666666666665,False,False,0.3172915175278075,0.2774511968692712,-1.2445556695145552,-1.376263125122988,0.13170745560843278,-0.20088986307242293,0.7342053410785869,-0.9350952041510099,2.3512964121894604,2.205269611026559,0.14602680116290134
S43A10T03,filtered,96,3.2,False,False,0.3100794196501639,0.27162259104751163,-1.2382734272237812,-1.374361716375219,0.1360882891514379,-0.20260718043802517,0.7432842075316504,-0.9458913879696755,2.359713092066052,2.2039361660820354,0.1557769259840165
S43A10T03,filtered,97,3.2333333333333334,False,False,0.30273647253310726,0.26549395674110343,-1.2296620667061904,-1.372439610795322,0.14277754408913168,-0.20188111979721252,0.7503972942871521,-0.9522784140843645,2.3708580835441446,2.20242269232505,0.16843539121909457
S43A10T03,filtered,98,3.2666666666666666,False,False,0.2955711909351679,0.2592074974541563,-1.218057967680112,-1.370630812644365,0.15257284496425294,-0.1977770740925893,0.7544073214121905,-0.9521843955047797,2.3854651359813674,2.2010024207878702,0.18446271519349722
S43A10T03,filtered,99,3.3,False,False,0.28890299677562253,0.25291303837083223,-1.2028711248111152,-1.3690803751891418,0.16620925037802659,-0.18940360989009644,0.7542383094067906,-0.943641919296887,2.4041831681832786,2.1999780579530603,0.20420511023021826
S43A10T03,filtered,100,3.3333333333333335,False,False,0.2830490650236931,0.24676155660492438,-1.1836444055221267,-1.3679381360929046,0.1842937305707779,-0.17599111146539245,0.7489657333929642,-0.9249568448583567,2.4275119544236157,2.1996552230068938,0.2278567314167219
S43A10T03,filtered,101,3.3666666666666667,True,False,0.27831375029609984,0.24089937879169865,-1.1601087675315616,-1.367350887496842,0.20724211996528052,-0.15697026938170733,0.7379014246666005,-0.8948716940483078,2.455742827328161,2.200313268169787,0.2554295591583742
S43A10T03,filtered,102,3.4,False,False,0.2749781462505968,0.2354629276599869,-1.13222862890118,-1.3674533194107377,0.23522469050955763,-0.13204316112138917,0.7206641868787543,-0.8527073480001435,2.4889104639029704,2.2021763240897885,0.28673413981318197
S43A10T03,filtered,103,3.433333333333333,False,False,0.27328615809901075,0.2305737360019553,-1.100231881548611,-1.3683581931404887,0.2681263115918777,-0.10123957186264651,0.6972275819454473,-0.7984671538080939,2.526761382123402,2.2053876152256304,0.3213737668977714
S43A10T03,filtered,104,3.466666666666667,False,False,0.2734243270675428,0.22633339662632523,-1.0646199919935762,-1.370146312619375,0.30552632062579876,-0.06495186102595699,0.6679379163380829,-0.7328897773640398,2.5687436852883683,2.209989971420496,0.35875371386787247
S43A10T03,filtered,105,3.5,True,False,0.275495850893394,0.2228182040254889,-1.0261552182328009,-1.372856955501336,0.34670173726853504,-0.023943118205153324,0.6334980959756591,-0.6574412141808124,2.614020888581491,2.2159150123231903,0.39810587625830074
S43A10T03,filtered,106,3.533333333333333,False,False,0.27949361990312505,0.22007346258669247,-0.9858240817012707,-1.376479490258733,0.3906554085574623,0.020674497183687603,0.5949165344481635,-0.5742420372644759,2.6615104656748514,2.2229827293627356,0.43852773631211583
S43A10T03,filtered,107,3.566666666666667,False,False,0.28528017617520374,0.21810775031596785,-0.9447786747130372,-1.3809469290182377,0.43616825430520045,0.06749164258694837,0.5534243488385862,-0.48593270625163776,2.709945262685265,2.2309122007273565,0.4790330619579084
S43A10T03,filtered,108,3.6,False,False,0.2925820951328819,0.21688777198959452,-0.9042598883919297,-1.3861321403472973,0.48187225195536754,0.11488133880185644,0.5103681740001235,-0.395486835198267,2.7579534134828405,2.2393430453131544,0.5186103681696861
S43A10T03,filtered,109,3.6333333333333333,True,False,0.30100228426942555,0.21633473215698484,-0.8655088976104122,-1.3918473674334821,0.52633846982307,0.16110069056603987,0.46708949643569664,-0.30598880586965677,2.8041501715774273,2.2478660721045856,0.5562840994728417
S43A10T03,filtered,110,3.6666666666666665,False,True,0.310048383932201,0.21632332924062192,-0.8296749155424661,-1.3978475648353013,0.5681726492928352,0.20440680439246664,0.42480387314309387,-0.22039706875062723,2.84723347093075,2.2560605421001005,0.5911729288306495
S43A10T03,filtered,111,3.7,False,True,0.3191716969033549,0.21668445860187324,-0.7977280574933232,-1.403837884371976,0.6061098268786529,0.24317720599072218,0.38449427553503246,-0.14131706954431028,2.886074309432792,2.263534653755502,0.62253965567729
S43A10T03,filtered,112,3.7333333333333334,False,True,0.3278101854294442,0.21721248679086091,-0.770385964469652,-1.40948541262525,0.639099448155598,0.2760243558175611,0.34683180442006883,-0.07080744860250776,2.919793368522025,2.269965387232407,0.6498279812896182
S43A10T03,filtered,113,3.7666666666666666,False,True,0.335430416175828,0.21767752804707174,-0.7480616138779006,-1.4144349936393912,0.6663733797614906,0.30189427216150555,0.31213416540082334,-0.010239893239317788,2.9478166347363635,2.2751337532621996,0.6726828814741639
S43A10T03,filtered,114,3.8,False,True,0.34156541729372814,0.21784255711488032,-0.7308376303405812,-1.4183286651715004,0.6874910348309191,0.32014072754652295,0.2803678899492237,0.03977283759729927,2.9699049993739393,2.278951795954898,0.6909532034190411
S43A10T03,filtered,115,3.8333333333333335,False,True,0.3458470789951591,0.21748449612807796,-0.7184696781836711,-1.4208279024085573,0.7023582242248861,0.33056877523311395,0.2511949101078212,0.07937386512529276,2.9861555728735776,2.281478356424732,0.7046772164488457
S43A10T03,filtered,116,3.8666666666666667,False,True,0.3480325488548143,0.2164177030627743,-0.7104185185399882,-1.4216375140657793,0.7112189955257912,0.3334441902820284,0.22405847297405973,0.10938571730796864,2.996975385091949,2.2829215425404494,0.7140538425514995
S43A10T03,filtered,117,3.9,False,True,0.34802414652462554,0.2145176600415204,-0.70590741084747,-1.420529698247703,0.7146222874002329,0.32946844974884254,0.19829827341134887,0.13117017633749367,3.0030308792694203,2.2836269768743405,0.7194039023950798
S43A10T03,filtered,118,3.933333333333333,False,True,0.3458819662596332,0.21174220633506446,-0.7039990538947399,-1.417366477575397,0.713367423680657,0.3197218260808274,0.17328076497006567,0.14644106111076172,3.0051788353209923,2.2840521111506176,0.7211267241703747
S43A10T03,filtered,119,3.966666666666667,False,True,0.3418278821751857,0.20814746759808367,-0.7036844444852467,-1.4121185420348727,0.708434097549626,0.3055797727076114,0.148528385873671,0.15705138683394038,3.004385862568077,2.2847281054093482,0.7196577571587288
S43A10T03,filtered,120,4.0,False,True,0.33623939177418716,0.20389576360169248,-0.7039750396254899,-1.404878483411252,0.7009034437857621,0.2886098466495384,0.12383119184328012,0.1647786548062583,3.001644278089737,2.2862118867101406,0.7154323913795966
S43A10T03,filtered,121,4.033333333333333,False,False,0.3296318191478323,0.19925326554828726,-0.7039895024052865,-1.3958665504714003,0.6918770480661138,0.2704578041760441,0.09932615595966071,0.17113164821638338,2.9978920352512755,2.2890319500955725,0.708860085155703
S43A10T03,filtered,122,4.066666666666666,False,False,0.3226279550172888,0.1945760170546238,-0.7030270632269108,-1.385427417288294,0.6824003540613833,0.2527321409410147,0.07553297041704635,0.17719917052396836,2.993943478449863,2.29363218077125,0.700311297678613
S43A10T03,filtered,123,4.1,False,False,0.3159152441598422,0.19028408218193293,-0.7006210280882398,-1.37401704282989,0.6733960147416501,0.23689619769868664,0.05334014644153984,0.1835560512571468,2.9904362325348677,2.3003184102018968,0.6901178223329709
S43A10T03,filtered,124,4.133333333333334,False,False,0.31019203994031047,0.18682494492786805,-0.6965680412588656,-1.3621794836677554,0.6656114424088898,0.22417603953191356,0.033940977980549625,0.19023506155136394,2.9877976874724443,2.309212530459544,0.6785851570129005
S43A10T03,filtered,125,4.166666666666667,True,False,0.30610602058792885,0.18462871832840322,-0.6909311416483065,-1.35051444771551,0.6595833060672035,0.21549072111538672,0.01872484261433438,0.19676587850105234,2.9862325245700383,2.3202187517550366,0.6660137728150017
S43A10T03,filtered,126,4.2,True,False,0.3041893265749886,0.18405905322811056,-0.6840171955359869,-1.3396373603818224,0.6556201648458354,0.21140941474137176,0.009134676205933558,0.2022747385354382,2.985730756258139,2.333005980424504,0.6527247758336352
S43A10T03,filtered,127,4.233333333333333,False,False,0.3047960878724993,0.18536467464228235,-0.6763316954536005,-1.3301346479019356,0.6538029524483351,0.2121374005995438,0.0065056553831957424,0.20563174521634806,2.9860939970731044,2.347009317231292,0.6390846798418126
S43A10T03,filtered,128,4.266666666666667,False,False,0.3080486477933733,0.18863703448483382,-0.6685159593805172,-1.322517707381273,0.6540017480007558,0.21753034064710938,0.01190266544488311,0.20562767520222627,2.986976288669634,2.3614523503436913,0.6255239383259426
S43A10T03,filtered,129,4.3,False,False,0.3137989488163899,0.193779512621864,-0.6612732629942875,-1.317179515756179,0.6559062527618915,0.227133834373766,0.025974720348931658,0.20115911402483433,2.9879348559650936,2.3753902979662307,0.6125445579988629
S43A10T03,filtered,130,4.333333333333333,True,False,0.32161115458403466,0.2004928570471558,-0.6552912683209321,-1.3143579401964947,0.6590666718755626,0.24024322658004152,0.048843059362835325,0.1914001672172062,2.9884857103021933,2.387772236727132,0.6007134735750612
S43A10T03,filtered,131,4.366666666666666,False,False,0.33077039552530096,0.20828015628711571,-0.6511682229979429,-1.3141095002310532,0.6629412772331104,0.2559771962023655,0.08003632697309586,0.1759408692292696,2.988159022758607,2.397518769860003,0.5906402528986039
S43A10T03,filtered,132,4.4,False,False,0.34032030577874717,0.2164727078919355,-0.6493498147074178,-1.316296598519656,0.6669467838122382,0.2733579216407362,0.1184814152404714,0.1548765064002648,2.9865496087933456,2.4036097158124035,0.5829398929809422
S43A10T03,filtered,133,4.433333333333334,False,False,0.34912886577303437,0.2242758925703292,-0.6500823577380135,-1.3205901394493564,0.670507781711343,0.29139062712221586,0.16255274300422026,0.1288378841179956,2.983358610345471,2.405174926584242,0.5781836837612291
S43A10T03,filtered,134,4.466666666666667,True,False,0.35597848681681366,0.2308318438245025,-0.6533862960846181,-1.3264880989405223,0.6731018028559043,0.3091360154957038,0.2101765994176505,0.09895941607805331,2.9784234392114675,2.401580370698695,0.5768430685127726
S43A10T03,filtered,135,4.5,False,True,0.3596729303246686,0.23529359671094818,-0.6590519984595186,-1.3333491364892909,0.6742971380297723,0.3257703597276072,0.2589813584781441,0.06678900124946313,2.971734163779927,2.392501309088499,0.579232854691428
S43A10T03,filtered,136,4.533333333333333,True,False,0.3591510768474469,0.236903771348554,-0.6666576844583623,-1.3404389074515994,0.6737812229932372,0.34062967790755816,0.3064795070117306,0.03415017089582756,2.9634356946275124,2.377974870961583,0.5854608236659296
S43A10T03,filtered,137,4.566666666666666,False,False,0.35359607888587313,0.23506991817211165,-0.675607254407265,-1.3469854883328818,0.6713782339256168,0.3532362457498659,0.3502640478033394,0.002972197946526478,2.953816274183914,2.358425637449211,0.5953906367347028
S43A10T03,filtered,138,4.6,True,False,0.3425282280715123,0.22942857482435586,-0.6851839874975905,-1.3522393946436977,0.6670554071461072,0.3633074963082244,0.38820030888289264,-0.024892812574668244,2.943283827725322,2.3346599015727163,0.6086239261526059
S43A10T03,filtered,139,4.633333333333334,False,False,0.32587101137437374,0.21989091983797926,-0.6946146901506837,-1.355533141904274,0.6609184517535903,0.3707489334894831,0.41859467398443695,-0.047845740494953826,2.9323326196505017,2.307826933947301,0.6245056857032005
S43A10T03,filtered,140,4.666666666666667,False,False,0.3039822616674083,0.20666460801666675,-0.7031380457756901,-1.3563352340804224,0.6531971883047324,0.3756339035695444,0.4403241879819928,-0.0646902844124484,2.9215033236500028,2.279348606031381,0.642154717618622
S43A10T03,filtered,141,4.7,False,False,0.27764580239919806,0.19024877367683035,-0.7100707095141241,-1.354293882436028,0.6442231729219039,0.3781738441850789,0.4529151013668547,-0.07474125718177582,2.911340018243955,2.2508218189733817,0.6605181992705731
S43A10T03,filtered,142,4.733333333333333,True,False,0.24802315819562482,0.1714020238786218,-0.7148651130337406,-1.3492666407111091,0.6344015276773686,0.37868294045299966,0.45656372111202875,-0.07788078065902909,2.902347741082034,2.2239010500135246,0.6784466910685096
S43A10T03,filtered,143,4.766666666666667,False,False,0.2165692427465278,0.1510861748794603,-0.7171539336776451,-1.341333417658852,0.6241794839812069,0.37754099543849823,0.45209881498080107,-0.07455781954230284,2.894954077653701,2.2001706609163785,0.6947834167373226
S43A10T03,filtered,144,4.8,True,False,0.18491987612023053,0.1303911448920525,-0.716777618852601,-1.3307918699375676,0.6140142510849665,0.375157843903553,0.4408905993745943,-0.0657327554710413,2.889477841384118,2.1810181443265373,0.7084596970575805
S43A10T03,filtered,145,4.833333333333333,False,False,0.1547619923325506,0.11044846467507652,-0.7137930765990829,-1.3181358174573266,0.6043427408582437,0.3719419106838078,0.4247163909364663,-0.05277448025265852,2.886107255328052,2.1675199975623207,0.7185872577657313
S43A10T03,filtered,146,4.866666666666666,False,False,0.12769911212868423,0.0923420422949981,-0.7084634603716512,-1.304018867100923,0.5955554067292718,0.36827465831777695,0.40559680577696244,-0.037322147459185495,2.8848892160510102,2.16035127387242,0.72453794217859
S43A10T03,filtered,147,4.9,False,False,0.1051251795439607,0.07702497619389792,-0.7012307041799462,-1.2892066964641342,0.5879759922841881,0.3644917999451658,0.3856186160839711,-0.021126816138805293,2.885730265681998,2.159728044886317,0.7260022207956807
S43A10T03,filtered,148,4.933333333333334,False,True,0.08812024452895689,0.06525034746462999,-0.6926739400059779,-1.2745222994498082,0.5818483594438303,0.36087137244158035,0.3667608957273747,-0.00588952328579434,2.888408889694242,2.1653891258866778,0.7230197638075642
S43A10T03,filtered,149,4.966666666666667,False,False,0.07738280670070567,0.05752216823884426,-0.6834580293700347,-1.2607888641621778,0.5773308347921431,0.35762814181786556,0.3507399702532017,0.00688817156466387,2.892597778604571,2.176619717931189,0.7159780606733821
S43A10T03,filtered,150,5.0,False,False,0.07320999793176111,0.05407025664012921,-0.6742770907898374,-1.2487748504117673,0.5744977596219298,0.35491338448751913,0.3388861541762795,0.01602723031123965,2.897893830465026,2.192315477370499,0.705578353094527
S43A10T03,filtered,151,5.033333333333333,False,False,0.07551407580464671,0.05485005979762536,-0.6657980799974708,-1.2391453271774182,0.5733472471799475,0.3528188575047636,0.3320616423850856,0.020757215119677985,2.9038530133471823,2.2110813817480377,0.6927716315991446
S43A10T03,filtered,152,5.066666666666666,True,False,0.08384570120816835,0.0595656984909394,-0.6586091991637765,-1.2324228175252974,0.5738136183615209,0.35138371511290145,0.33062462378281593,0.020759091330085522,2.910026823972619,2.231356095096152,0.6786707288764666
S43A10T03,filtered,153,5.1,True,False,0.09742992197830737,0.06771209866508521,-0.6531772294961785,-1.2289598848769538,0.5757826553807753,0.35060320751556784,0.33444013648752163,0.016163071028046205,2.915997016118124,2.2515497891103298,0.6644472270077943
S43A10T03,filtered,154,5.133333333333334,True,False,0.11524209587319867,0.0786302989771428,-0.6498168809993087,-1.228924583039388,0.5791077020400793,0.35043816316833876,0.3429338155413873,0.0075043476269514575,2.9214055430849997,2.2701819065309605,0.6512236365540391
S43A10T03,filtered,155,5.166666666666667,True,False,0.1361115220873419,0.09156908513673323,-0.648674038791672,-1.232298784795216,0.5836247460035441,0.35082446247912963,0.3551808922356377,-0.004356429756508073,2.9259772369518084,2.2860053731288574,0.639971863822951
S43A10T03,filtered,156,5.2,False,False,0.15882346746696913,0.10574608570658572,-0.6497234778785562,-1.238888402039236,0.5891649241606797,0.3516819215707804,0.37001991917465227,-0.01833799760387189,2.929533569848517,2.2981053009663395,0.6314282688821775
S43A10T03,filtered,157,5.233333333333333,False,False,0.18220533338969036,0.1204023190966046,-0.6527803441994954,-1.2483437089373888,0.5955633647378934,0.3529221946723288,0.3861789544633708,-0.03325675979104198,2.9319968132544565,2.3059630996896305,0.626033713564826
S43A10T03,filtered,158,5.266666666666667,False,False,0.20519296017774696,0.13484573088309615,-0.6575235771245763,-1.2601874479333446,0.6026638708087683,0.3544554599648623,0.40240146681232347,-0.0479460068474612,2.9333849150128395,2.3094807642238795,0.62390415078896
S43A10T03,filtered,159,5.3,True,False,0.22687570069378926,0.14848123462160845,-0.6635285717796744,-1.273848162744616,0.6103195909649417,0.35619577366936883,0.41756002350464605,-0.06136424983527722,2.933798332580188,2.3089644514818257,0.6248338810983625
S43A10T03,filtered,160,5.333333333333333,False,False,0.24652052468707972,0.16082685181799783,-0.6703058085956183,-1.2886962376779452,0.6183904290823269,0.3580650652626477,0.4307477752116633,-0.0726827099490156,2.9334007919562954,2.305070761528591,0.6283300304277044
S43A10T03,filtered,161,5.366666666666666,False,False,0.26357748660628433,0.17151742439923034,-0.6773419344093279,-1.3040803608091447,0.6267384263998168,0.35999581120942004,0.441340621744305,-0.08134481053488496,2.932396410110087,2.298722892694701,0.633673517415386
S43A10T03,filtered,162,5.4,False,False,0.2776707647271854,0.1802987803981313,-0.6841398519349314,-1.3193624797724972,0.6352226278375658,0.36193247447316473,0.4490264001535721,-0.08709392568040736,2.931005786246346,2.2910066288730864,0.6399991573732597
S43A10T03,filtered,163,5.433333333333334,False,False,0.28858058016574156,0.18701598993156954,-0.6902547229066808,-1.3339496947374245,0.6436949718307438,0.3638318392829055,0.4538010820798303,-0.08996924279692475,2.9294435344107503,2.2830576623863807,0.6463858720243696
S43A10T03,filtered,164,5.466666666666667,True,False,0.29622139930555086,0.19159938573295787,-0.6953233565464491,-1.347321867549975,0.6519985110035259,0.3656624085473097,0.4559353784553022,-0.0902729699079925,2.9278993336572854,2.275951945900737,0.6519473877565485
S43A10T03,filtered,165,5.5,True,False,0.3006209562446512,0.19405139990519138,-0.6990851712400142,-1.359053989203427,0.6599688179634128,0.36740306466031997,0.45591793979845546,-0.0885148751381355,2.926523979711215,2.270609664943294,0.6559143147679207
S43A10T03,filtered,166,5.533333333333333,True,False,0.3019030534716489,0.19443616753913107,-0.7013937134073782,-1.3688325505054688,0.6674388370980906,0.36904122057306155,0.45438321867075393,-0.08534199809769238,2.925421221986136,2.2677212501939183,0.6576999717922178
S43A10T03,filtered,167,5.566666666666666,False,False,0.3002751957846306,0.19287253725827314,-0.7022185273896777,-1.376465345287758,0.6742468178980803,0.3705707032729524,0.4520328759387573,-0.08146217266580491,2.9246454579720513,2.2677009453662147,0.6569445126058366
S43A10T03,filtered,168,5.6,False,False,0.29602031390949185,0.18952990373865597,-0.7016379348845253,-1.3818843543643942,0.6802464194798689,0.37198961247057316,0.449559365274143,-0.07756975280356981,2.924204722296996,2.27067021038416,0.6535345119128362
S43A10T03,filtered,169,5.633333333333334,True,False,0.2894905091849393,0.18462538858125677,-0.6998239518402612,-1.3851416497633857,0.6853176979231245,0.3732983799723813,0.4475791573330268,-0.07428077736064548,2.9240679185002385,2.2764700633587704,0.6475978551414681
S43A10T03,filtered,170,5.666666666666667,False,False,0.2811001263367846,0.17842049483094358,-0.6970211037742264,-1.3863986290157477,0.6893775252415213,0.3744982176084534,0.44658120181666205,-0.07208298420820863,2.9241749371298815,2.28469868263688,0.6394762544930015
S43A10T03,filtered,171,5.7,False,False,0.2713155891486616,0.17121547589493913,-0.6935212660321074,-1.385909310566191,0.6923880445340836,0.37559008378866676,0.4468939633483976,-0.07130387955973083,2.924448193090943,2.294768445976346,0.6296797471145972
S43A10T03,filtered,172,5.733333333333333,True,False,0.26064020316825215,0.16334020852476527,-0.6896368332779045,-1.3839988408269506,0.6943620075490461,0.3765742248260553,0.4486720109395097,-0.07209778611345441,2.9248041808564635,2.3059752221165777,0.6188289587398859
S43A10T03,filtered,173,5.766666666666667,False,True,0.24959331569054816,0.1551411796651816,-0.6856745049335028,-1.3810387187536648,0.695364213820162,0.37745026573861556,0.4519009727664108,-0.07445070702779522,2.925163852082009,2.3175722005094483,0.6075916515725606
S43A10T03,filtered,174,5.8,False,True,0.23868455144991677,0.14696509081200526,-0.6819117679133834,-1.3774204792357647,0.6955087113223813,0.3782177483482035,0.45641791570762624,-0.07820016735942276,2.9254609199274273,2.328840814483793,0.5966201054436344
S43A10T03,filtered,175,5.833333333333333,False,True,0.22838505288171237,0.13914036349727477,-0.6785777892575349,-1.3735296554563416,0.6949518661988068,0.37887695456902215,0.461943022674371,-0.08306606810534883,2.925647539354811,2.3391522782836986,0.5864952610711125
S43A10T03,filtered,176,5.866666666666666,False,True,0.21909854875573312,0.13195835569293712,-0.6758399397405548,-1.3697217526191525,0.6938818128785977,0.3794298192284343,0.4681178810651781,-0.08868806183674383,2.925697158594543,2.348014760201317,0.5776823983932258
S43A10T03,filtered,177,5.9,False,True,0.21113553275686633,0.12565630036994246,-0.6737966075657283,-1.3663017278568532,0.6925051202911249,0.3798807336986312,0.47454573686301216,-0.09466500316438098,2.92560464843955,2.3551030555771586,0.5705015928623913
S43A10T03,filtered,178,5.933333333333334,False,True,0.2046937913712237,0.12040385353094862,-0.6724763857149902,-1.3635081213021663,0.691031735587176,0.3802370674807956,0.4808296142065332,-0.10059254672573759,2.9253840684710255,2.360269592331133,0.5651144761398923
S43A10T03,filtered,179,5.966666666666667,False,True,0.19984795840373612,0.11629474440734167,-0.6718431810446821,-1.3615025698298706,0.6896593887851885,0.38050928363994224,0.4866051060275126,-0.10609582238757037,2.925064608990205,2.36353749383222,0.5615271151579848
S43A10T03,filtered,180,6.0,False,True,0.1965497401277038,0.11334444272386035,-0.6718063418983158,-1.360365007431189,0.6885586655328733,0.3807105869852342,0.49156574318468627,-0.11085515619945208,2.924685350123764,2.3650780647405063,0.5596072853832577
S43A10T03,filtered,181,6.033333333333333,False,True,0.19463912150584853,0.1114940957313233,-0.6722345646740201,-1.3600944571062326,0.6878598924322125,0.38085611163746663,0.495479986067339,-0.11462387442987237,2.9242895087561234,2.365176324705889,0.5591131840502346
S43A10T03,filtered,182,6.066666666666666,False,True,0.1938655203131975,0.11062033423829876,-0.6729721347249656,-1.3606149791544497,0.6876428444294841,0.3809617181776919,0.498199914185419,-0.11723819600772706,2.923918808745334,2.364189013818235,0.5597297949270987
S43A10T03,filtered,183,6.1,False,True,0.19391678959110564,0.11054997869742422,-0.6738559857109052,-1.3617860766235645,0.6879300909126593,0.38104252246754766,0.49966251058229094,-0.11861998811474328,2.9236085231114153,2.362499805857301,0.5611087172541143
S43A10T03,filtered,184,6.133333333333334,False,True,0.19445330949821898,0.11107824769288976,-0.6747321149825249,-1.3634166742402614,0.6886845592577364,0.3811113130572511,0.49988498519600283,-0.11877367213875173,2.923383613260809,2.3604763113018707,0.5629073019589383
S43A10T03,filtered,185,6.166666666666667,False,True,0.1951441020620136,0.1119888120776551,-0.6754700530267383,-1.3652816758547033,0.6898116228279649,0.3811770287459797,0.49895583366678875,-0.11777880492080905,2.923256244931471,2.3584328911892367,0.5648233537422342
S43A10T03,filtered,186,6.2,False,True,0.19570182673875455,0.11307395609812798,-0.6759743291832676,-1.3671400542623684,0.6911657250791008,0.3812434615730105,0.4970233043510806,-0.11577984277807013,2.923224807718081,2.356602423226572,0.566622384491509
S43A10T03,filtered,187,6.233333333333333,False,True,0.1959136131351281,0.11415319064693663,-0.6761921779517964,-1.3687534209376926,0.6925612429858962,0.3813083247504832,0.4942826979707047,-0.11297437322022147,2.9232744174359366,2.3551190685399144,0.5681553488960223
S43A10T03,filtered,188,6.266666666666667,False,True,0.19566498387087677,0.11508888743929524,-0.676117064299716,-1.3699040480805649,0.6937869837808489,0.38136278320238276,0.4909635259554398,-0.10960074275305703,2.923378748724991,2.3540128936384885,0.5693658550865024
S43A10T03,filtered,189,6.3,False,True,0.1949546608642854,0.11579783119210041,-0.6757879481181059,-1.37041136241388,0.6946234142957741,0.3813914914354377,0.4873170915454844,-0.1059256001100467,2.923502937318364,2.353216017842653,0.570286919475711
S43A10T03,filtered,190,6.333333333333333,False,True,0.19389883716130343,0.11625798001345422,-0.6752845356740758,-1.3701459966156406,0.6948614609415649,0.3813731255585906,0.4836046188582893,-0.10223149329969872,2.923607213034607,2.352578881888955,0.5710283311456519
S43A10T03,filtered,191,6.366666666666666,False,True,0.19272446968925616,0.11651014201076482,-0.6747190609642628,-1.3690405737138132,0.6943215127495503,0.3812813401280255,0.48008571567889413,-0.09880437555086863,2.923650879239637,2.3518943531007146,0.5717565261389224
S43A10T03,filtered,192,6.4,False,True,0.19175216863054717,0.11665468136176704,-0.6742253867469701,-1.3670965207039625,0.6928711339569924,0.3810860328975872,0.4770067724174846,-0.09592073951989744,2.923596243574125,2.350926760633552,0.5726694829405732
S43A10T03,filtered,193,6.433333333333334,False,True,0.19137013099073186,0.1168437278893728,-0.6739464010229738,-1.3643863706660815,0.6904399696431077,0.3807547676707257,0.4745889029785648,-0.09383413530783913,2.9234121274901312,2.349442632114502,0.5739694953756294
S43A10T03,filtered,194,6.466666666666667,False,True,0.19200109779079963,0.11726965561379932,-0.6740207997941058,-1.3610512267677373,0.6870304269736315,0.38025419217989154,0.47301522382396527,-0.09276103164407373,2.923076636040781,2.3472398971418738,0.5758367388989072
S43A10T03,filtered,195,6.5,False,True,0.19406445834953825,0.11815080074898288,-0.674570383664199,-1.3572933301401475,0.6827229464759486,0.3795512972257029,0.472417615737854,-0.0928663185121511,2.922578950016555,2.3441726250837043,0.5784063249328506
S43A10T03,filtered,196,6.533333333333333,False,True,0.19793563622020768,0.11971549930869352,-0.6756889499044715,-1.3533639908214417,0.6776750409169702,0.3786143956092214,0.47286356209497515,-0.09424916648575377,2.921920003641228,2.340168941084212,0.5817510625570157
S43A10T03,filtered,197,6.566666666666666,False,False,0.20390528179623746,0.12218553822069267,-0.6774337324227132,-1.349547489085631,0.6721137566629177,0.37741375208921824,0.474344130424142,-0.09693037833492374,2.9211120244591995,2.335240558428604,0.5858714660305955
S43A10T03,filtered,198,6.6,False,False,0.21214187795580763,0.12576003874613062,-0.6798201339373035,-1.3461419033519393,0.6663217694146358,0.3759218628552603,0.4767645717593826,-0.10084270890412228,2.9201770277914005,2.329483299985151,0.5906937278062494
S43A10T03,filtered,199,6.633333333333334,False,False,0.22266265512540942,0.1306006412499381,-0.6828202178375447,-1.343438129739274,0.6606179119017292,0.37411345589666833,0.47993926534516285,-0.10582580944849451,2.919144464741863,2.3230689626160284,0.5960755021258346
S43A10T03,filtered,200,6.666666666666667,False,False,0.23531801861579268,0.13681865608772315,-0.6863650988841289,-1.3416985807546,0.6553334818704711,0.3719653507953463,0.48359275751064634,-0.11162740671530003,2.9180483079016066,2.3162298028329227,0.601818505068684
S43A10T03,filtered,201,6.7,False,False,0.24979315576556696,0.1444646112458543,-0.6903510164119143,-1.3411371425323133,0.650786126120399,0.3694563653334508,0.4873683804113032,-0.11791201507785243,2.9169239106506364,2.3092376856590393,0.6076862249915971
S43A10T03,filtered,202,6.733333333333333,False,False,0.26562750503840493,0.15352039117070038,-0.6946485217785523,-1.34190190042828,0.6472533786497277,0.3665674751038577,0.4908453722009385,-0.12427789709708081,2.915804984460359,2.3023804490013977,0.6134245354589614
S43A10T03,filtered,203,6.766666666666667,True,False,0.28224960603266386,0.1638939524060361,-0.6991138984506947,-1.344061904695045,0.6449480062443503,0.36328241249538984,0.4935645827270933,-0.13028217023170346,2.9147209985899565,2.295938225369478,0.6187827732204787
S43A10T03,filtered,204,6.8,False,False,0.29902252516483463,0.17541644984522198,-0.7036016940463196,-1.3475988664253635,0.643997172379044,0.3595888302337933,0.4950618138486109,-0.13547298361481763,2.9136952201559714,2.2901623032751703,0.623532916880801
S43A10T03,filtered,205,6.833333333333333,False,False,0.3152937892023108,0.1878415399975315,-0.7079771106794582,-1.3524042057725376,0.6444270950930794,0.35548005695585166,0.49490673154879716,-0.1394266745929455,2.912743491280797,2.2852586232404715,0.6274848680403253
S43A10T03,filtered,206,6.866666666666666,False,False,0.33044334017671156,0.20084666504496185,-0.712126996025412,-1.358281397739772,0.6461544017143601,0.35095735087147945,0.49274425076981854,-0.1417868998983391,2.9118737047372316,2.2813772595848576,0.630496445152374
S43A10T03,filtered,207,6.9,False,False,0.34392330904440976,0.2140362686847901,-0.7159683121903281,-1.3649531560498052,0.6489848438594771,0.3460324315397026,0.48833449561606745,-0.14230206407636486,2.9110858168949454,2.2786083505088444,0.632477466386101
S43A10T03,filtered,208,6.933333333333334,False,False,0.3552844796053512,0.22694713171741987,-0.7194532257126682,-1.37207272464601,0.6526194989333418,0.3407299613253588,0.48158702115704616,-0.14085705983168734,2.9103721531277427,2.276984037049872,0.6333881160778705
S43A10T03,filtered,209,6.966666666666667,False,False,0.36418634069552425,0.2390562913704657,-0.7225703352561209,-1.3792384367185944,0.6566681014624735,0.3350895783425649,0.4725850476001237,-0.1374954692575588,2.9097177351421672,2.2764851855212815,0.6332325496208857
S43A10T03,filtered,210,7.0,False,False,0.37039060944712676,0.2497922474407388,-0.725341993388462,-1.386010739839488,0.6606687464510261,0.32916706770250626,0.46159604044844194,-0.13242897274593568,2.9091003986585116,2.2770511057641443,0.6320492928943673
S43A10T03,filtered,211,7.033333333333333,False,False,0.3737417245190774,0.2585502759534999,-0.7278181336858549,-1.3919310241311527,0.6641128904452978,0.32303430564047847,0.44906604309871323,-0.12603173745823476,2.908490566475574,2.2785902122258674,0.6299003542497066
S43A10T03,filtered,212,7.066666666666666,False,False,0.37414132562336894,0.26471259632618693,-0.7300674281043305,-1.396541757465986,0.6664743293616555,0.31677771995688747,0.43559664401076803,-0.11881892405388056,2.907850677305056,2.2809896386784922,0.6268610386265636
S43A10T03,filtered,213,7.1,True,False,0.3715261217122007,0.26767383265571376,-0.7321669189808955,-1.3994075531325998,0.6672406341517043,0.31049516909904645,0.4219052050131796,-0.11141003591413312,2.907134418366595,2.2841221992149223,0.6230122191516725
S43A10T03,filtered,214,7.133333333333334,False,False,0.3658587962277269,0.2668716778584739,-0.7341914525146456,-1.4001368129625746,0.6659453604479291,0.3042913323344467,0.4087708220138888,-0.1044794896794421,2.906286040621806,2.2878497347566507,0.6184363058651554
S43A10T03,filtered,215,7.166666666666667,False,False,0.35713920319770925,0.26182195800038577,-0.7362042603875213,-1.398403475819471,0.6621992154319497,0.2982719010473398,0.3969702435736702,-0.09869834252633042,2.9052401233815037,2.292022704237554,0.6132174191439499
S43A10T03,filtered,216,7.2,True,False,0.34543845275330215,0.252156486390273,-0.7382498886982379,-1.3939681693685841,0.6557182806703462,0.2925370407604895,0.38720943680811104,-0.09467239604762157,2.903922180558375,2.2964767512281505,0.6074454293302245
S43A10T03,filtered,217,7.233333333333333,False,False,0.33095274889225124,0.23766130060068535,-0.7403503760572239,-1.3866977595308654,0.6463473834736415,0.2871747311231636,0.3800574723776121,-0.09288274125444851,2.902250454798049,2.3010277612950025,0.6012226935030465
S43A10T03,filtered,218,7.266666666666667,False,False,0.3140683403668085,0.21831220839274645,-0.7425051723525922,-1.376581988713562,0.6340768163609698,0.2822546671620317,0.3758897386224372,-0.0936350714604055,2.9001391300154946,2.3054674853026023,0.5946716447128924
S43A10T03,filtered,219,7.3,False,False,0.29542412010774227,0.19430414301384102,-0.7446948169291769,-1.3637456713082963,0.6190508543791193,0.2778234061202905,0.3748470792754035,-0.09702367315511301,2.897503019845502,2.309562023990997,0.5879409958545052
S43A10T03,filtered,220,7.333333333333333,True,False,0.2759530054136729,0.1660707372526007,-0.7468879170164031,-1.3484548465929618,0.6015669295765587,0.2739013641916118,0.37681624327161933,-0.10291487908000752,2.894263579869799,2.3130552773430475,0.5812083025267514
S43A10T03,filtered,221,7.366666666666666,False,False,0.2568745433992112,0.13429083079114168,-0.7490505412490885,-1.3311154288731368,0.5820648876240483,0.27048210848361215,0.3814350916406095,-0.11095298315699736,2.890355871359366,2.3156788457779647,0.5746770255814013
S43A10T03,filtered,222,7.4,False,False,0.23959864884105345,0.09987934960923273,-0.7511568199137556,-1.312263267975014,0.5611064480612583,0.2675341622268786,0.38812347421872045,-0.12058931199184186,2.8857359021241007,2.3171688848423284,0.5685670172817723
S43A10T03,filtered,223,7.433333333333334,False,False,0.2254964162199951,0.06396111672851545,-0.7531993628516245,-1.2925451323903543,0.5393457695387298,0.2650052649435655,0.3961378104537863,-0.1311325455102208,2.8803876135150563,2.3172891841204173,0.563098429394639
S43A10T03,filtered,224,7.466666666666667,True,False,0.21553609233235055,0.02782759591205064,-0.7551980918689862,-1.2726909091060707,0.5174928172370845,0.26282873203500673,0.404644505624488,-0.14181577358948128,2.8743286956916556,2.3158584430038514,0.5584702526878043
S43A10T03,filtered,225,7.5,True,False,0.2099018856131235,0.0071217959764910965,-0.757206241464568,-1.253478199367716,0.49627195790314793,0.26093127562799867,0.41280477871200816,-0.1518735030840095,2.867614414188923,2.3127785611051337,0.5548358530837891
S43A10T03,filtered,226,7.533333333333333,False,False,0.20782665390400165,0.039450527008240366,-0.7593125919529603,-1.235691368807454,0.4763787768544937,0.25924142065007977,0.41986164916075197,-0.1606202285106722,2.8603387303822023,2.308059960673794,0.5522787697084084
S43A10T03,filtered,227,7.566666666666666,False,False,0.2077855048460683,0.06776321265351459,-0.7616394238540559,-1.2200778572670476,0.45843843341299173,0.2576975162716774,0.42521905224986,-0.1675215359781826,2.852632198378009,2.3018396901982765,0.5507925081797325
S43A10T03,filtered,228,7.6,False,False,0.20793515177104627,0.09078553940218548,-0.7643361674991102,-1.2073050473699065,0.44296887987079636,0.25625433440841794,0.4285035358131454,-0.17224920140472744,2.8446564121368927,2.2943884345499814,0.5502679775869113
S43A10T03,filtered,229,7.633333333333334,False,False,0.20654891135076975,0.10743961968996163,-0.7675692065554186,-1.1979211407461006,0.43035193419068196,0.25488738000210037,0.42960077420045795,-0.17471339419835757,2.8365951380302845,2.2861035984501106,0.5504915395801739
S43A10T03,filtered,230,7.666666666666667,False,False,0.20230502688114782,0.11690873747522867,-0.7715087214330043,-1.1923232557754728,0.4208145343424685,0.2535943074514108,0.42866206189200956,-0.17506775444059874,2.828642665629733,2.277487252566454,0.5511554130632792
S43A10T03,filtered,231,7.7,False,False,0.19444386416529139,0.11868627891404371,-0.7763137826467065,-1.1907353580020126,0.4144215753553061,0.25239321566366185,0.4260796736190069,-0.17368645795534504,2.820990297958249,2.269109747268651,0.5518805506895981
S43A10T03,filtered,232,7.733333333333333,False,False,0.18288082920144041,0.11260502070795275,-0.7821170958555055,-1.1931977365025905,0.41108064064708505,0.25131803088987076,0.4224340071646467,-0.17111597627477593,2.8138122284604976,2.261561934009901,0.5522502944505967
S43A10T03,filtered,233,7.766666666666667,True,False,0.16837200885585502,0.0988446917481478,-0.7890108480311371,-1.1995686624942163,0.41055781446307926,0.25041161623933084,0.4184191856930517,-0.16800756945372086,2.807252260702404,2.2554008618907115,0.5518513988116927
S43A10T03,filtered,234,7.8,False,False,0.15282186072381732,0.07791760824451499,-0.7970350130055707,-1.2095377516872237,0.412502738681653,0.2497175984291354,0.41475671951674165,-0.16503912108760624,2.801412870530665,2.2510952055825233,0.5503176649481416
S43A10T03,filtered,235,7.833333333333333,False,False,0.1397202681196647,0.050633978753557685,-0.806169262244611,-1.2226495427418769,0.4164802804972658,0.24927211236868493,0.4121084422247903,-0.16283632985610538,2.796347958546063,2.2489772512724198,0.5473707072736431
S43A10T03,filtered,236,7.866666666666666,False,False,0.13414564708476046,0.01804998938691571,-0.8163293185854075,-1.2383350203406884,0.42200570175528096,0.24909669018688738,0.4109999598679769,-0.1619032696810895,2.7920602890857693,2.2492078510975526,0.5428524379882167
S43A10T03,filtered,237,7.9,False,False,0.14083422778841995,0.018597112697606777,-0.8273682154265609,-1.25594832669106,0.42858011126449913,0.24919335218082161,0.4117642513609805,-0.16257089918015888,2.7885040882279473,2.251759340457382,0.5367447477705651
S43A10T03,filtered,238,7.933333333333334,False,False,0.16075505054363312,0.05796205797495446,-0.8390825104099204,-1.2748057372951564,0.435723226885236,0.24954261678451406,0.41451206732387713,-0.16496945053936307,2.785592637307361,2.256419155907024,0.529173481400337
S43A10T03,filtered,239,7.966666666666667,False,False,0.19083092961978904,0.09866759216159204,-0.8512230801263765,-1.2942240923480544,0.44300101222167787,0.250104689956153,0.41913185707602674,-0.16902716711987376,2.7832100355078255,2.2628141088228597,0.5203959266849658
S43A10T03,filtered,240,8.0,True,False,0.22684089587936043,0.13937849949593728,-0.8635097213183527,-1.3135562082790284,0.45004648696067573,0.2508235971552171,0.425317721745079,-0.17449412458986185,2.781225714901253,2.270452384307747,0.5107733305935058
