trial,mode,frame0,nominal_time_s,raw_review_flag,raw_repeated_previous,foot_separation_camera_xz_m,foot_separation_camera_x_m,com_camera_x_m,foot_midpoint_camera_x_m,com_relative_to_foot_midpoint_camera_x_m,com_camera_y_m,foot_midpoint_camera_y_m,com_relative_to_foot_midpoint_camera_y_m,com_camera_z_m,foot_midpoint_camera_z_m,com_relative_to_foot_midpoint_camera_z_m
S43A13T03,raw,0,0.0,False,False,0.21150242862740576,0.1878428192138672,0.04109939171280052,0.08104837799072265,-0.03994898627792213,-0.2160099262802876,0.7128284606933594,-0.928838386973647,2.9877315206228583,2.919963134765625,0.06776838585723333
S43A13T03,raw,1,0.03333333333333333,False,False,0.21877829097468535,0.18637616157531736,0.039698613595045264,0.08094122219085693,-0.04124260859581167,-0.21790507375663443,0.7000364074707031,-0.9179414812273374,2.984751628680456,2.9176571044921875,0.06709452418826833
S43A13T03,raw,2,0.06666666666666667,False,False,0.24038986906975854,0.195417781829834,0.036776061891696674,0.08724646186828613,-0.05047039997658946,-0.21350459259692636,0.7487604064941407,-0.962264999091067,2.9825525325705766,2.9618105468750002,0.020741985695576393
S43A13T03,raw,3,0.1,False,False,0.23759275802126711,0.20321452617645264,0.03658881171169096,0.0866820740699768,-0.05009326235828584,-0.21257949788586644,0.7494161987304688,-0.9619956966163352,2.9825670210471684,2.9645560302734375,0.018010990773730917
S43A13T03,raw,4,0.13333333333333333,False,False,0.19712938272432268,0.1758886594772339,0.03667235009599975,0.08011159372329711,-0.04343924362729736,-0.2131942507676171,0.7164321289062501,-0.9296263796738672,2.980990507895497,2.91341064453125,0.06757986336424704
S43A13T03,raw,5,0.16666666666666666,False,False,0.20273358818305706,0.17280612659454345,0.03396086144826389,0.08188459539413452,-0.04792373394587063,-0.2131084060113201,0.7096253967285157,-0.9227338027398357,2.9798960505049097,2.9043763427734377,0.07551970773147199
S43A13T03,raw,6,0.2,False,False,0.20984815591295672,0.17430618333816528,0.03377795914345734,0.08314004492759705,-0.04936208578413971,-0.21569171505923243,0.7108626403808593,-0.9265543554400918,2.9778747560858183,2.906232421875,0.07164233421081834
S43A13T03,raw,7,0.23333333333333334,False,False,0.20819110611797748,0.17315169286727908,0.03185646795693703,0.08184473156929016,-0.04998826361235313,-0.22121487972081785,0.6994331970214844,-0.9206480767423023,2.9739780153528486,2.9121018066406252,0.061876208712223324
S43A13T03,raw,8,0.26666666666666666,False,False,0.20744813915519575,0.17515783405303956,0.031284567687409004,0.08206067037582397,-0.05077610268841497,-0.21900691878581816,0.7035927429199219,-0.92259966170574,2.9734888370306174,2.9102098388671873,0.06327899816343008
S43A13T03,raw,9,0.3,False,False,0.20451910857868533,0.16962308406829835,0.02977274819594149,0.08402265596389771,-0.054249907767956226,-0.22096474793013582,0.6945271911621094,-0.9154919390922451,2.9697001792132043,2.910248291015625,0.059451888197579184
S43A13T03,raw,10,0.3333333333333333,False,False,0.21239341374326737,0.16488701438903808,0.027896111604462016,0.08734308338165284,-0.05944697177719082,-0.2261049284224934,0.6915743103027343,-0.9176792387252277,2.9679838095550424,2.922554321289063,0.04542948826597959
S43A13T03,raw,11,0.36666666666666664,False,False,0.20774488719966125,0.1587212953567505,0.026620437528676384,0.09156852102279664,-0.06494808349412026,-0.22738801856668614,0.6930373229980469,-0.920425341564733,2.968605909303909,2.9144876708984375,0.0541182384054717
S43A13T03,raw,12,0.4,False,False,0.21278186776387917,0.1604908666610718,0.02681791326276508,0.09006187868118286,-0.06324396541841779,-0.23170481143270333,0.6888320922851563,-0.9205369037178597,2.968649720181549,2.9367164306640627,0.03193328951748642
S43A13T03,raw,13,0.43333333333333335,False,False,0.20251301846031666,0.1512891960144043,0.024712313230829962,0.09305437660217285,-0.06834206337134288,-0.23375656242196735,0.6809057922363282,-0.9146623546582955,2.9640630477494736,2.91653662109375,0.0475264266557236
S43A13T03,raw,14,0.4666666666666667,False,False,0.20532253976727816,0.1526335163116455,0.022911536947698416,0.093896803855896,-0.07098526690819758,-0.23405343482410723,0.6804924316406251,-0.9145458664647323,2.9638580389153266,2.9229951171875,0.040862921727826684
S43A13T03,raw,15,0.5,False,False,0.21064790093574837,0.14355779457092285,0.022411314119225485,0.09415889263153075,-0.07174757851230526,-0.238712426717095,0.6617546081542969,-0.9004670348713919,2.9613160790685074,2.923301513671875,0.03801456539663217
S43A13T03,raw,16,0.5333333333333333,False,False,0.22721433799726662,0.1524921245574951,0.021411251156574596,0.10295303440093995,-0.08154178324436535,-0.24501133629927205,0.6423293151855469,-0.887340651484819,2.95767094016787,2.92371484375,0.03395609641787001
S43A13T03,raw,17,0.5666666666666667,False,False,0.24527610904210026,0.14200200271606445,0.02027532531907637,0.10316454124450683,-0.08288921592543046,-0.2463939031440535,0.6414567565917969,-0.8878506597358504,2.9570346667678526,2.9247034912109378,0.03233117555691489
S43A13T03,raw,18,0.6,False,False,0.23420288712243048,0.13664552307128908,0.020256295038441285,0.10132944488525392,-0.08107314984681263,-0.24400314169179835,0.6591668090820313,-0.9031699507738297,2.960148072327541,2.9256146240234377,0.03453344830410332
S43A13T03,raw,19,0.6333333333333333,False,False,0.2507813271120548,0.13185017395019533,0.020179720342728504,0.10768566131591797,-0.08750594097318948,-0.24627583696692465,0.6509813842773438,-0.8972572212442684,2.9581380140784153,2.914419189453125,0.04371882462529042
S43A13T03,raw,20,0.6666666666666666,False,False,0.2428177483161476,0.13489365005493165,0.020006836019136085,0.10619354057312011,-0.08618670455398403,-0.24745579697274717,0.64140625,-0.8888620469727471,2.956723410993209,2.9159907226562503,0.040732688336958756
S43A13T03,raw,21,0.7,False,False,0.2464285497041451,0.14493559265136718,0.019214281775589134,0.11273703765869142,-0.09352275588310228,-0.2476320504781052,0.63245166015625,-0.8800837106343552,2.9561918864700094,2.9135506591796876,0.042641227290321826
S43A13T03,raw,22,0.7333333333333333,False,False,0.235094084415997,0.12714482879638672,0.019027226905655614,0.09956148147583008,-0.08053425457017446,-0.25062521627899786,0.6306942749023438,-0.8813194911813416,2.956000460216622,2.9085489501953123,0.04745151002130976
S43A13T03,raw,23,0.7666666666666667,False,False,0.24699959321869724,0.1350899848937988,0.018381168213490433,0.11011171531677247,-0.09173054710328203,-0.24439346430722428,0.6622481689453126,-0.9066416332525369,2.9585815544054994,2.935590087890625,0.022991466514874492
S43A13T03,raw,24,0.8,False,False,0.23103102021286126,0.13743643951416018,0.01898740241053753,0.11129494857788086,-0.09230754616734332,-0.2434155391673735,0.6604084472656251,-0.9038239864329985,2.9589439977846026,2.9154431152343747,0.04350088255022788
S43A13T03,raw,25,0.8333333333333334,False,False,0.24284950321598253,0.1570584716796875,0.018777356892544797,0.12676153564453124,-0.10798417875198645,-0.24227565274303559,0.666680389404297,-0.9089560421473326,2.962214956058409,2.9223154296875,0.03989952637090877
S43A13T03,raw,26,0.8666666666666667,False,False,0.2348158750562453,0.14592277145385743,0.020238658927962883,0.1089862003326416,-0.08874754140467872,-0.24620309279564254,0.6443219299316407,-0.8905250227272833,2.959204101903471,2.918174560546875,0.04102954135659598
S43A13T03,raw,27,0.9,False,False,0.22958938417438182,0.13118846893310548,0.019177603933681713,0.1005019416809082,-0.08132433774722649,-0.24578446340216792,0.6476357116699218,-0.8934201750720898,2.9600606152377833,2.906951538085938,0.05310907715184543
S43A13T03,raw,28,0.9333333333333333,False,False,0.2311310803136301,0.14052878952026368,0.019370125350882866,0.10806794166564941,-0.08869781631476654,-0.24126525425596704,0.6691383361816406,-0.9104035904376077,2.962533555525123,2.922397583007813,0.04013597251731005
S43A13T03,raw,29,0.9666666666666667,False,False,0.23721195790722932,0.14314031219482423,0.019673587083826407,0.1065370216369629,-0.08686343455313648,-0.24135629546362206,0.6661860961914063,-0.9075423916550284,2.96276982612129,2.9180137939453124,0.044756032175977456
S43A13T03,raw,30,1.0,False,False,0.2359366829728006,0.14123110771179198,0.020081804123941973,0.1002385721206665,-0.08015676799672453,-0.24254384279090294,0.6456466674804688,-0.8881905102713717,2.9588741834055523,2.907859619140625,0.05101456426492712
S43A13T03,raw,31,1.0333333333333334,False,False,0.24151835829238447,0.1471765079498291,0.019528047678411493,0.10475564861297608,-0.08522760093456458,-0.24246703816151635,0.6496143798828125,-0.8920814180443288,2.9597227965474824,2.910976318359375,0.04874647818810729
S43A13T03,raw,32,1.0666666666666667,False,False,0.2427171826841945,0.1426346893310547,0.020073520030580095,0.10651311492919922,-0.08643959489861913,-0.23955816061066101,0.667885009765625,-0.9074431703762861,2.9621466512090278,2.91663037109375,0.04551628011527775
S43A13T03,raw,33,1.1,False,False,0.23890928924634694,0.14265481567382815,0.020220985304798753,0.10582978820800781,-0.08560880290320906,-0.24077955007174853,0.6646789855957032,-0.9054585356674517,2.958204546730977,2.9157868652343755,0.042417681496601745
S43A13T03,raw,34,1.1333333333333333,False,False,0.23355301054755517,0.14340666198730467,0.020741192429716105,0.10507311248779297,-0.08433192005807687,-0.24190490319765007,0.6638887329101563,-0.9057936361078063,2.9590834941249455,2.9103779296875,0.04870556443744567
S43A13T03,raw,35,1.1666666666666667,False,False,0.22909033776926943,0.14268741035461424,0.02207100512558824,0.10289353847503663,-0.08082253334944839,-0.2398913893835786,0.6570315551757813,-0.8969229445593598,2.9583638372439975,2.89731298828125,0.061050848962747484
S43A13T03,raw,36,1.2,False,False,0.22486595310607682,0.14786223793029787,0.02183358932014711,0.10548193645477295,-0.08364834713462585,-0.2408463665508598,0.6649747619628906,-0.9058211285137504,2.955944147282633,2.916205078125,0.03973906915763292
S43A13T03,raw,37,1.2333333333333334,False,False,0.23318361276050437,0.14455559158325196,0.022616857706384035,0.1045853328704834,-0.08196847516409936,-0.24178128525787773,0.6659856567382814,-0.9077669419961591,2.9551654721874536,2.926421630859375,0.028743841328078723
S43A13T03,raw,38,1.2666666666666666,False,False,0.22912798710197194,0.14799112892150879,0.023107624147929776,0.10380601024627686,-0.08069838609834709,-0.24217568179025734,0.6692210388183594,-0.9113967206086167,2.9558241818942586,2.9224620361328126,0.033362145761445916
S43A13T03,raw,39,1.3,False,False,0.22424522181943934,0.14479656791687012,0.024978213942999112,0.10383323764801025,-0.07885502370501114,-0.2415021936426104,0.6666528625488282,-0.9081550561914385,2.953809482026543,2.916417236328125,0.0373922456984177
S43A13T03,raw,40,1.3333333333333333,False,False,0.2254457193147516,0.14398755836486818,0.024293875253786363,0.10292974376678467,-0.07863586851299831,-0.24304551211526854,0.6639309692382813,-0.9069764813535499,2.9523877440366304,2.918722290039063,0.033665453997567596
S43A13T03,raw,41,1.3666666666666667,False,False,0.23939963022805022,0.1468171482086182,0.02486047575273629,0.10415418529510498,-0.0792937095423687,-0.2424409539732186,0.6689799499511719,-0.9114209039243906,2.9518319479617503,2.9323179931640624,0.019513954797687916
S43A13T03,raw,42,1.4,False,False,0.23344907422656797,0.14361920547485352,0.02398094027489385,0.1054111614227295,-0.08143022114783564,-0.2428476358937929,0.6666451110839844,-0.9094927469777773,2.9489247824294837,2.9276748046875003,0.02124997774198345
S43A13T03,raw,43,1.4333333333333333,False,False,0.22850172475494696,0.14665782928466797,0.024259242989002377,0.10460210037231446,-0.08034285738331208,-0.24226538644018764,0.6667417297363281,-0.9090071161765156,2.9483798984351166,2.92777587890625,0.02060401952886659
S43A13T03,raw,44,1.4666666666666666,False,False,0.235465655468648,0.14271002197265625,0.02360222863351082,0.10644631958007814,-0.08284409094656732,-0.2422963386667903,0.6669845581054688,-0.909280896772259,2.9485605234912313,2.921675048828125,0.0268854746631062
S43A13T03,raw,45,1.5,False,False,0.23761774848770031,0.14080592727661131,0.026070200198435912,0.10758315086364746,-0.08151295066521155,-0.24214635192387987,0.6633192443847656,-0.9054655963086455,2.946511906092538,2.9098397216796874,0.036672184412850584
S43A13T03,raw,46,1.5333333333333334,False,False,0.2371652373826518,0.14194038009643556,0.02525727138339169,0.1073656711578369,-0.08210839977444521,-0.2426836970148563,0.6686395874023437,-0.9113232844172,2.945617839713888,2.9217589111328124,0.023858928581075745
S43A13T03,raw,47,1.5666666666666667,False,False,0.2319249510112766,0.14303574752807616,0.025844277754079846,0.10559223365783692,-0.07974795590375708,-0.24175584793004876,0.6673053283691406,-0.9090611762991894,2.944809504232782,2.916731201171875,0.028078303060906862
S43A13T03,raw,48,1.6,False,False,0.24319499120776766,0.16699327850341797,0.02777159002947836,0.11838965225219726,-0.0906180622227189,-0.24034713150463718,0.6671165161132813,-0.9074636476179184,2.9456101984698084,2.9167889404296874,0.028821258040121034
S43A13T03,raw,49,1.6333333333333333,False,False,0.2048545044474975,0.1510768451690674,0.02748857787862064,0.10079136562347413,-0.07330278774485349,-0.23780052942861638,0.6730455322265625,-0.9108460616551789,2.9460050343929316,2.918279052734375,0.027725981658556442
S43A13T03,raw,50,1.6666666666666667,False,False,0.21354419313241838,0.14809717178344728,0.02925438877660802,0.10352190971374511,-0.0742675209371371,-0.23746121289176134,0.6765978698730468,-0.9140590827648082,2.945866896530791,2.9152138671875,0.03065302934329095
S43A13T03,raw,51,1.7,False,False,0.22329361711459267,0.14735558891296385,0.030846476727057245,0.10458599948883057,-0.07373952276177333,-0.23719561044878104,0.6779815063476563,-0.9151771167964373,2.944913528471763,2.9024227294921876,0.042490798979575306
S43A13T03,raw,52,1.7333333333333334,False,False,0.24947394401751316,0.16625903320312502,0.030194013839792803,0.11579243469238282,-0.08559842085259001,-0.2355109961961422,0.6841590270996094,-0.9196700232957516,2.9461122892884113,2.9188265380859377,0.027285751202473563
S43A13T03,raw,53,1.7666666666666666,False,False,0.2342306887225714,0.15364727401733397,0.032530726238454814,0.11191450691223145,-0.07938378067377663,-0.23527742971433552,0.6809233703613282,-0.9162008000756637,2.9443044984514755,2.9139722900390623,0.03033220841241313
S43A13T03,raw,54,1.8,False,False,0.2318821797145787,0.15161832427978517,0.03276290158793446,0.11315668869018555,-0.08039378710225109,-0.23579243174825393,0.6802301330566406,-0.9160225648048945,2.9436405202817504,2.91284716796875,0.030793352313000177
S43A13T03,raw,55,1.8333333333333333,False,False,0.22166224637855186,0.14262611770629882,0.03162050968465403,0.10506233787536622,-0.07344182819071218,-0.23934261349950148,0.676580810546875,-0.9159234240463765,2.9424791336093916,2.9174007568359377,0.025078376773453925
S43A13T03,raw,56,1.8666666666666667,False,False,0.22582879650133325,0.14147467041015624,0.03250407336052171,0.10707156372070313,-0.07456749036018143,-0.23728844411508196,0.6795245361328126,-0.9168129802478946,2.9410236064023145,2.9149138183593752,0.026109788042939286
S43A13T03,raw,57,1.9,False,False,0.21771085920832814,0.14029612731933594,0.03234213878769028,0.10779732513427734,-0.07545518634658706,-0.23636949445032307,0.6753487854003907,-0.9117182798507137,2.940214958719564,2.8956202392578128,0.04459471946175109
S43A13T03,raw,58,1.9333333333333333,False,False,0.24564453312587184,0.16273236465454102,0.032795358286814166,0.12248519706726076,-0.08968983878044659,-0.23623072742189807,0.68088427734375,-0.9171150047656481,2.939854889828969,2.9125485839843748,0.02730630584459437
S43A13T03,raw,59,1.9666666666666666,False,False,0.22996474486042223,0.14890750885009765,0.032928639908192836,0.11223659896850587,-0.07930795906031303,-0.23827699139586048,0.6717171630859375,-0.909994154481798,2.9381933495217734,2.9174340820312503,0.020759267490523037
S43A13T03,raw,60,2.0,False,False,0.23318927332346326,0.1452474594116211,0.03473059937639236,0.1145344123840332,-0.07980381300764083,-0.23806644604165714,0.6728968811035156,-0.9109633271451728,2.937429228594168,2.90793896484375,0.029490263750417967
S43A13T03,raw,61,2.033333333333333,False,False,0.24535929481059857,0.14806987380981446,0.034251812976913286,0.11480333518981933,-0.08055152221290604,-0.23354343049184656,0.6778533935546875,-0.9113968240465341,2.9400386574115025,2.9104354248046875,0.029603232606814966
S43A13T03,raw,62,2.066666666666667,False,False,0.2367691592800094,0.14824591064453127,0.03419442669211196,0.11368309020996094,-0.07948866351784897,-0.23348760954094164,0.6801677551269532,-0.9136553646678948,2.9405088581863175,2.90270654296875,0.03780231521756727
S43A13T03,raw,63,2.1,False,False,0.2372128961974302,0.15126365661621094,0.03542018205675271,0.11429022979736328,-0.07887004774061057,-0.23145544590945916,0.6815487365722657,-0.9130041824817248,2.9392253977588534,2.910569702148438,0.028655695610415588
S43A13T03,raw,64,2.1333333333333333,False,False,0.21915854104467525,0.14702206420898437,0.03506804818405572,0.10772367858886718,-0.07265563040481146,-0.2385768363704731,0.6739544067382812,-0.9125312431087543,2.936847739739194,2.91910498046875,0.017742759270443997
S43A13T03,raw,65,2.1666666666666665,False,False,0.23647959211014385,0.14841726303100586,0.035592898983230495,0.11092984199523927,-0.07533694301200877,-0.2341346118248813,0.6774485778808594,-0.9115831897057407,2.9368799498877243,2.922415405273438,0.014464544614286368
S43A13T03,raw,66,2.2,False,False,0.22973702967955767,0.14787003707885743,0.03516687062519672,0.1096112003326416,-0.07444432970744488,-0.237581901091017,0.6744709167480469,-0.9120528178390639,2.934897149952822,2.9221734619140625,0.012723688038759562
S43A13T03,raw,67,2.2333333333333334,False,False,0.22124086553742664,0.14556832885742188,0.035542560267838086,0.11096002197265625,-0.07541746170481817,-0.23490326147110657,0.6820845336914063,-0.9169877951625129,2.9359990009134656,2.9069184570312503,0.02908054388221526
S43A13T03,raw,68,2.2666666666666666,False,False,0.237946631864895,0.1746819725036621,0.035526387051393084,0.1263019733428955,-0.09077558629150242,-0.236135601875981,0.6726714172363282,-0.9088070191123092,2.9375909485455627,2.92218798828125,0.01540296026431287
S43A13T03,raw,69,2.3,False,False,0.23221855333313038,0.14593907546997067,0.03734298770547545,0.11106357383728026,-0.07372058613180481,-0.23567997243240849,0.68511962890625,-0.9207996013386585,2.935777030184263,2.9125958251953126,0.023181204988950377
S43A13T03,raw,70,2.3333333333333335,False,False,0.2288271704201907,0.14742589950561524,0.0383107258767741,0.10914776802062989,-0.07083704214385579,-0.23435447713927582,0.6797282104492188,-0.9140826875884946,2.935532736013313,2.900468627929688,0.03506410808362537
S43A13T03,raw,71,2.3666666666666667,False,True,0.2288271704201907,0.14742589950561524,0.0383107258767741,0.10914776802062989,-0.07083704214385579,-0.23435447713927582,0.6797282104492188,-0.9140826875884946,2.935532736013313,2.900468627929688,0.03506410808362537
S43A13T03,raw,72,2.4,False,False,0.21788917775777789,0.14630001449584962,0.03770093000195453,0.10911966133117676,-0.07141873132922223,-0.23444785733350776,0.6799266662597656,-0.9143745235932734,2.9343971203366532,2.91334130859375,0.021055811742903163
S43A13T03,raw,73,2.433333333333333,False,False,0.23813214796669388,0.16124861907958984,0.0390640563351447,0.12814563369750978,-0.08908157736236508,-0.23503944042754193,0.6790836181640625,-0.9141230585916045,2.9336195688311557,2.9178890380859377,0.01573053074521802
S43A13T03,raw,74,2.466666666666667,False,False,0.22586121473276524,0.14696693420410156,0.03920785048402738,0.12087570953369142,-0.08166785904966403,-0.2354999204417354,0.6806946411132813,-0.9161945615550167,2.9310633297502453,2.9158004150390626,0.015262914711182685
S43A13T03,raw,75,2.5,False,False,0.24305149474410762,0.15736170959472656,0.03907758436208597,0.13682193756103517,-0.0977443531989492,-0.23368409391898426,0.684703094482422,-0.9183871884014062,2.9335882486681184,2.9186710205078126,0.014917228160305829
S43A13T03,raw,76,2.533333333333333,False,False,0.24291091235268186,0.1572187042236328,0.03907414793223657,0.1367749557495117,-0.09770080781727514,-0.23368407132050642,0.6847325134277344,-0.9184165847482408,2.933561507769689,2.9185452880859373,0.015016219683751775
S43A13T03,raw,77,2.566666666666667,False,False,0.23270383954096632,0.14476629257202145,0.03985072968858986,0.13211757087707518,-0.09226684118848533,-0.23246002589952783,0.6824083557128906,-0.9148683816124185,2.930298601218892,2.907374145507813,0.02292445571107926
S43A13T03,raw,78,2.6,False,False,0.23670874881518789,0.14914632034301759,0.04057741738093618,0.13014003562927245,-0.08956261824833628,-0.2332832227524245,0.6794403686523438,-0.9127235914047683,2.9297917010537584,2.8989327392578126,0.030858961795945827
S43A13T03,raw,79,2.6333333333333333,False,False,0.24917755008853013,0.15306415939331056,0.04022754442364022,0.12929966163635254,-0.08907211721271233,-0.23249953017972513,0.6846024169921876,-0.9171019471719127,2.9288137195750332,2.906275390625,0.02253832895003338
S43A13T03,raw,80,2.6666666666666665,False,False,0.24393922822048553,0.14323881149291992,0.03703123235675501,0.13387565040588378,-0.09684441804912877,-0.2349589868808716,0.6799202880859375,-0.9148792749668091,2.9238049014832246,2.9038621826171873,0.019942718866037268
S43A13T03,raw,81,2.7,False,False,0.2395113466134312,0.1348549270629883,0.03661375693100261,0.13383474349975585,-0.09722098656875325,-0.23524176277669367,0.6751615295410156,-0.9104032923177092,2.9219429729166757,2.8921796874999997,0.029763285416676055
S43A13T03,raw,82,2.7333333333333334,False,False,0.2721477406963532,0.16575401306152343,0.03529100782837654,0.1514837417602539,-0.11619273393187735,-0.23394879781444214,0.6815580139160156,-0.9155068117304577,2.9175187481255547,2.9125517578125,0.004966990313054698
S43A13T03,raw,83,2.7666666666666666,False,False,0.2662299361756386,0.162758056640625,0.028857937804817005,0.16198498535156253,-0.13312704754674554,-0.2308213811549127,0.6847913818359375,-0.9156127629908501,2.9131779731004346,2.918591552734375,-0.005413579633940291
S43A13T03,raw,84,2.8,False,False,0.2805688141721563,0.16580880737304687,0.026540137706450917,0.16655758666992188,-0.14001744896347096,-0.23400849652474742,0.6756837158203126,-0.90969221234506,2.906802036970757,2.8926116943359377,0.01419034263481933
S43A13T03,raw,85,2.8333333333333335,False,False,0.2697323594158906,0.14165695190429692,0.02233209179251421,0.17152708435058595,-0.14919499255807173,-0.23470809301665665,0.6629674682617188,-0.8976755612783754,2.898380847836678,2.883150390625,0.01523045721167815
S43A13T03,raw,86,2.8666666666666667,False,False,0.29390262712694487,0.14140245056152345,0.01702948600527114,0.18854532623291015,-0.171515840227639,-0.23527211200621098,0.6518453979492187,-0.8871175099554297,2.8913716811514356,2.8575101318359377,0.033861549315497896
S43A13T03,raw,87,2.9,False,False,0.28828046614168534,0.11455805969238281,0.00965593712913268,0.17915355682373046,-0.16949761969459778,-0.23633552693129345,0.6359545593261718,-0.8722900862574653,2.8798539641866094,2.8486868896484374,0.031167074538172024
S43A13T03,raw,88,2.933333333333333,False,False,0.2968881053943195,0.11387380218505862,0.00507779644776878,0.18162807083129884,-0.17655027438353005,-0.23370962925049527,0.6443988037109375,-0.8781084329614328,2.875183973715297,2.853013427734375,0.022170545980922274
S43A13T03,raw,89,2.966666666666667,False,False,0.29031671950804727,0.13473010253906248,-0.0048951895861886205,0.202822509765625,-0.2077176993518136,-0.21947487458047368,0.6679536437988282,-0.8874285183793018,2.867141943745595,2.8536186523437497,0.013523291401845494
S43A13T03,raw,90,3.0,False,False,0.2742475015927535,0.08875541687011718,-0.016014862060741757,0.18080020904541017,-0.19681507110615193,-0.20837874236677492,0.6980375061035156,-0.9064162484702905,2.8603771291722824,2.85894287109375,0.0014342580785324799
S43A13T03,raw,91,3.033333333333333,False,False,0.28267887719359097,0.12332035827636717,-0.02540304179081586,0.19811139678955078,-0.22351443858036663,-0.2021286666822583,0.7057455444335938,-0.9078742111158521,2.8512855844107654,2.87532177734375,-0.024036192932984424
S43A13T03,raw,92,3.066666666666667,False,False,0.2886853560715616,0.140400764465332,-0.04135057759963653,0.1941510581970215,-0.23550163579665803,-0.19574082372104995,0.7164810791015626,-0.9122219028226125,2.837797760470403,2.873946044921875,-0.036148284451472
S43A13T03,raw,93,3.1,False,False,0.2575133668203031,0.10709291076660157,-0.05573304358133201,0.171234992980957,-0.22696803656228903,-0.19085033414258132,0.7106256713867187,-0.9014760055293001,2.825391109288683,2.85303466796875,-0.02764355868006696
S43A13T03,raw,94,3.1333333333333333,False,False,0.2912080767962406,0.15480596160888668,-0.07352259927232276,0.18385354995727538,-0.2573761492295981,-0.1724769691687325,0.7352935485839844,-0.9077705177527169,2.810914480316415,2.8718345947265624,-0.06092011441014744
S43A13T03,raw,95,3.1666666666666665,False,False,0.3024296801046241,0.16162168121337891,-0.09839314517567996,0.16063300704956057,-0.2590261522252405,-0.158091379229379,0.7396266784667969,-0.8977180576961759,2.7879190366236384,2.86961083984375,-0.08169180322011149
S43A13T03,raw,96,3.2,False,False,0.28875639963128186,0.14626635742187505,-0.11657137673185526,0.15748416137695315,-0.2740555381088084,-0.14599958552980744,0.7441287536621094,-0.8901283391919168,2.770162075966909,2.881246826171875,-0.11108475020496567
S43A13T03,raw,97,3.2333333333333334,False,False,0.26497313984175247,0.13698570251464845,-0.13495363223150036,0.14583448028564455,-0.2807881125171449,-0.12472087913756214,0.7612174377441406,-0.8859383168817028,2.750668511053367,2.88682373046875,-0.13615521941538322
S43A13T03,raw,98,3.2666666666666666,False,False,0.234192984572127,0.12753653717041014,-0.15547925752322336,0.14611771774291993,-0.30159697526614326,-0.10448455956988785,0.7820148315429687,-0.8864993911128566,2.733446308355064,2.878787353515625,-0.14534104516056123
S43A13T03,raw,99,3.3,False,False,0.22282309629528205,0.14318690490722658,-0.18103178301265235,0.15089757537841797,-0.3319293583910703,-0.09342009054679698,0.7494604797363281,-0.8428805702831251,2.7147743053975564,2.8535054931640627,-0.13873118776650628
S43A13T03,raw,100,3.3333333333333335,False,False,0.21987509691104923,0.058588607788085945,-0.20066029794577836,0.20326749420166015,-0.4039277921474385,-0.06739262287904851,0.738676727294922,-0.8060693501739704,2.691567058648961,2.8159671630859373,-0.12440010443697647
S43A13T03,raw,101,3.3666666666666667,False,False,0.12845996221825462,0.05123695373535156,-0.22017726192455095,0.2259270706176758,-0.44610433254222676,-0.05243049823688427,0.6872543334960938,-0.739684831732978,2.671921987624773,2.838902709960937,-0.16698072233616434
S43A13T03,raw,102,3.4,False,False,0.09215648649577318,0.08638192749023435,-0.23953556093933198,0.2285597076416016,-0.4680952685809336,-0.020198964604239204,0.6931187744140626,-0.7133177390183018,2.6675520021247774,2.95260888671875,-0.2850568845939727
S43A13T03,raw,103,3.433333333333333,False,False,0.1696011433100182,0.15032951354980467,-0.2855221252493904,0.1735660171508789,-0.4590881424002693,0.016217659188176553,0.6827423400878907,-0.6665246808997142,2.6322416781114786,2.8568385009765627,-0.2245968228650841
S43A13T03,raw,104,3.466666666666667,False,False,0.16661864853686195,0.16202131652832033,-0.32061505775670324,0.14824781036376955,-0.4688628681204728,0.06672765208182255,0.6948312683105469,-0.6281036162287243,2.608675900406823,2.8371102294921875,-0.22843432908536432
S43A13T03,raw,105,3.5,False,False,0.18513244093105838,0.18255128479003901,-0.35623314020029145,0.13620288848876952,-0.492436028689061,0.11067577995646488,0.6792425842285157,-0.5685668042720509,2.593864427655598,2.8601499023437498,-0.2662854746881518
S43A13T03,raw,106,3.533333333333333,False,False,0.2164689011529256,0.1933057098388672,-0.38888214691884015,0.12414252471923828,-0.5130246716380784,0.17955960280786665,0.6868501586914062,-0.5072905558835396,2.5617200099264816,2.84877734375,-0.2870573338235185
S43A13T03,raw,107,3.566666666666667,False,False,0.23716634036582326,0.197029239654541,-0.4196001852963971,0.08873740959167481,-0.508337594888072,0.23203157330711724,0.715475830078125,-0.4834442567710078,2.558280440972579,2.9424736328125,-0.38419319183992107
S43A13T03,raw,108,3.6,False,False,0.22943673703589657,0.19853263092041015,-0.4618323027978296,0.08860520553588867,-0.5504375083337183,0.28898835510387566,0.7141553344726563,-0.4251669793687807,2.5230163243866284,2.9173508300781252,-0.39433450569149686
S43A13T03,raw,109,3.6333333333333333,True,False,0.42862502072902076,0.4041118927001953,-0.5264571624296439,0.019204246520996088,-0.54566140895064,0.30734724834351085,0.5106846160888672,-0.20333736774535632,2.51553334893271,3.072205322265625,-0.5566719733329153
S43A13T03,raw,110,3.6666666666666665,True,False,0.25035274467704055,0.1890594825744629,-0.5287747334973195,0.1238115062713623,-0.6525862397686818,0.3493652460781535,0.537294189453125,-0.1879289433749715,2.5251604918025787,3.075003173828125,-0.5498426820255462
S43A13T03,raw,111,3.7,True,False,0.2660923299113909,0.12558863067626955,-0.5581613277642028,0.10194138717651367,-0.6601027149407165,0.3283794592688675,0.39490339660644536,-0.06652393733757783,2.5045394627139324,3.1007155761718748,-0.5961761134579424
S43A13T03,raw,112,3.7333333333333334,True,False,0.08473168580575019,0.056057678222656254,-0.644831412333905,-0.1343321990966797,-0.5104992132372252,0.3327530156942486,0.3372228317260742,-0.004469816031825613,2.453093451222296,3.0157684326171874,-0.5626749813948915
S43A13T03,raw,113,3.7666666666666666,True,False,0.2467653127710401,0.17254981231689454,-0.64448032884783,0.017705020904541013,-0.6621853497523711,0.31916020566809117,0.180244873046875,0.13891533262121616,2.462237006744097,3.075977783203125,-0.6137407764590281
S43A13T03,raw,114,3.8,True,False,0.01157208451505808,0.002344825744628909,-0.6600136539810971,0.08835747146606446,-0.7483711254471616,0.324843133015564,0.24214804077148439,0.08269509224407962,2.436877341344486,2.9683476562499997,-0.5314703149055138
S43A13T03,raw,115,3.8333333333333335,False,False,0.020051344856209196,0.006095798492431644,-0.6661813496223167,0.047777601242065426,-0.7139589508643821,0.310529823167558,0.18380948638916017,0.12672033677839784,2.4269297822953386,2.9297059326171873,-0.5027761503218486
S43A13T03,raw,116,3.8666666666666667,False,False,0.0463949741824397,0.03354787826538086,-0.6885890902204121,0.025638959884643556,-0.7142280501050557,0.29187813382246985,0.1080072193145752,0.18387091450789467,2.4227832301207277,2.940808349609375,-0.5180251194886472
S43A13T03,raw,117,3.9,False,False,0.040393330913515206,0.024619199752807616,-0.7039167874667098,0.0023752117156982423,-0.706291999182408,0.27658162560209304,0.06396180725097658,0.21261981835111646,2.4210321442593186,2.9138858642578125,-0.4928537199984939
S43A13T03,raw,118,3.933333333333333,False,False,0.07066779153264566,0.054706237792968744,-0.7167674167837781,-0.06302494812011719,-0.6537424686636609,0.26021827467002934,-0.0632287254333496,0.32344700010337896,2.414944374905889,2.875850341796875,-0.46090596689098584
S43A13T03,raw,119,3.966666666666667,False,False,0.09852165107975135,0.07493631792068482,-0.7329106089084607,-0.03504552817344666,-0.6978650807350141,0.2549921294278428,-0.0494081244468689,0.3044002538747117,2.409506979395562,2.8514770507812504,-0.44197007138568845
S43A13T03,raw,120,4.0,True,False,0.09846442840367121,0.09443492889404302,-0.7691823593759736,-0.15890019607543945,-0.6102821633005341,0.25682554803757274,-0.08011075496673584,0.33693630300430855,2.4121347603311407,2.802552734375,-0.39041797404385914
S43A13T03,raw,121,4.033333333333333,False,False,0.08073241032379781,0.07897941589355467,-0.7933469470023383,-0.20473998260498047,-0.5886069643973578,0.25932169816658324,-0.1145778923034668,0.37389959047005006,2.406040561656908,2.82990478515625,-0.42386422349934216
S43A13T03,raw,122,4.066666666666666,False,False,0.11593135098964974,0.10491967773437502,-0.7965969167479909,-0.2199363098144531,-0.5766606069335378,0.2621170764171939,-0.1419909439086914,0.40410802032588533,2.411943324254399,2.8336173095703128,-0.42167398531591394
S43A13T03,raw,123,4.1,False,False,0.10079726604978409,0.09938665771484378,-0.8063133030316996,-0.21442254638671876,-0.5918907566449808,0.26678842540732034,-0.14307636260986328,0.4098647880171836,2.4130003121724624,2.785234619140625,-0.3722343069681626
S43A13T03,raw,124,4.133333333333334,False,False,0.17384826494288638,0.16200665283203125,-0.8083347743348545,-0.246998291015625,-0.5613364833192295,0.26897167290453095,-0.1622084846496582,0.43118015755418915,2.4212118478069686,2.8150078125,-0.3937959646930316
S43A13T03,raw,125,4.166666666666667,False,False,0.21047736231100053,0.15884854125976564,-0.8110698749465997,-0.25642637634277343,-0.5546434986038262,0.2702033517457374,-0.14781396484375,0.4180173165894874,2.429173458884199,2.8411315917968754,-0.41195813291267624
S43A13T03,raw,126,4.2,False,False,0.25350395334155373,0.17882238769531253,-0.8090088044759165,-0.2635650634765625,-0.545443740999354,0.2730995959014022,-0.1255987777709961,0.3986983736723983,2.4328661444985027,2.8535086669921874,-0.4206425224936847
S43A13T03,raw,127,4.233333333333333,False,False,0.29497371748148454,0.20295211791992188,-0.8082662167637797,-0.26297630310058595,-0.5452899136631938,0.2768420462873055,-0.1028076114654541,0.3796496577527596,2.440011195376545,2.8757437744140626,-0.4357325790375177
S43A13T03,raw,128,4.266666666666667,False,False,0.33876697554901264,0.22449230957031252,-0.8078457826516477,-0.26037603759765626,-0.5474697450539915,0.28132289595735266,-0.07472000980377197,0.35604290576112463,2.447277058568855,2.888263916015625,-0.44098685744677013
S43A13T03,raw,129,4.3,False,False,0.37187328244750867,0.3490183334350586,-0.8154760680216365,-0.2981547737121582,-0.5173212943094783,0.2790154974185425,-0.08741131782531739,0.3664268152438599,2.4368954934479037,2.8307960205078126,-0.39390052705990897
S43A13T03,raw,130,4.333333333333333,False,False,0.37185094351797093,0.3568041534423828,-0.8125445023236125,-0.288848503112793,-0.5236959992108196,0.2773011961273635,-0.0980664496421814,0.3753676457695449,2.4358682408723147,2.8223599853515626,-0.38649174447924795
S43A13T03,raw,131,4.366666666666666,False,False,0.3841709357222414,0.36890631103515625,-0.8054084863004466,-0.26751739501953126,-0.5378910912809154,0.277473557962724,-0.09532319688796997,0.37279675485069397,2.437752113319618,2.8211203613281253,-0.38336824800850744
S43A13T03,raw,132,4.4,False,False,0.37708195372427666,0.3185008697509766,-0.7913171655454462,-0.2325531234741211,-0.5587640420713251,0.2780881200495592,-0.08265079689025878,0.36073891693981797,2.4442385741407153,2.868282470703125,-0.4240438965624098
S43A13T03,raw,133,4.433333333333334,True,False,0.3702069225244936,0.36671988296508795,-0.7830590852945022,-0.23447709465026856,-0.5485819906442336,0.2765960854359454,-0.15708370018005371,0.43367978561599907,2.439458582171762,2.7440985107421874,-0.3046399285704253
S43A13T03,raw,134,4.466666666666667,False,False,0.3845103920979628,0.37668823242187505,-0.774667414075292,-0.20491452026367188,-0.5697528938116202,0.28200128134416447,-0.10190816116333007,0.38390944250749454,2.4416544903445763,2.8194462890625003,-0.377791798717924
S43A13T03,raw,135,4.5,False,False,0.3631785348045957,0.3625104124546051,-0.7662567668279904,-0.17900446784496307,-0.5872522989830273,0.28388249377137914,-0.08953343582153321,0.37341592959291237,2.4374754429243755,2.7782901611328126,-0.3408147182084371
S43A13T03,raw,136,4.533333333333333,False,False,0.40035979179466896,0.3966120071411133,-0.7584014409858632,-0.16881777572631837,-0.5895836652595448,0.2873373933245731,-0.05810443878173829,0.3454418321063114,2.4413560498523634,2.83196435546875,-0.3906083056163867
S43A13T03,raw,137,4.566666666666666,False,False,0.3742618863620609,0.37414088058471684,-0.7487457952712334,-0.12970681190490724,-0.6190389833663261,0.29237121765058505,-0.00951144409179687,0.30188266174238193,2.4389318507814206,2.8266619873046874,-0.3877301365232668
S43A13T03,raw,138,4.6,False,False,0.3672003784205418,0.3666057434082031,-0.7320305135006864,-0.0840137176513672,-0.6480167958493191,0.29444416432650516,0.03209353637695313,0.26235062794955205,2.4445417109846144,2.853985717773438,-0.4094440067888234
S43A13T03,raw,139,4.633333333333334,False,False,0.2894488161379619,0.2769988250732422,-0.696586702801794,-0.0007100448608398369,-0.6958766579409542,0.2989883808120391,0.06258386230468752,0.23640451850735159,2.4471893347061804,2.9094344482421874,-0.46224511353600706
S43A13T03,raw,140,4.666666666666667,False,False,0.3014671522304269,0.2580988693237305,-0.6919597471806347,0.020763217926025382,-0.7127229651066601,0.3055769166588032,0.09756144332885744,0.20801547332994577,2.4476585702222278,2.9010599365234375,-0.45340136630120975
S43A13T03,raw,141,4.7,True,False,0.46705529041544847,0.26809463500976566,-0.7224193726274295,-0.0356656494140625,-0.686753723213367,0.30423150320441317,0.23176170349121095,0.07246979971320222,2.429772473045012,2.7746240234375,-0.34485155039248827
S43A13T03,raw,142,4.733333333333333,True,False,0.16163444104295321,0.1283268642425537,-0.7379846804318122,-0.0873437089920044,-0.6506409714398078,0.30068285794660826,0.1659369468688965,0.13474591107771175,2.4615487754626857,2.925972290039063,-0.4644235145763771
S43A13T03,raw,143,4.766666666666667,True,False,0.04709340880603124,0.04225496673583984,-0.7179159179969066,-0.11645062637329101,-0.6014652916236156,0.309370161835593,0.2095367889404297,0.09983337289516331,2.4585637112539382,2.9905844726562503,-0.532020761402312
S43A13T03,raw,144,4.8,True,False,0.14877631763920995,0.01431852340698242,-0.6939895480249323,-0.06056584358215332,-0.633423704442779,0.3234894322263038,0.37808860778808595,-0.054599175561782176,2.463028734959145,2.9439271240234373,-0.48089838906429216
S43A13T03,raw,145,4.833333333333333,True,False,0.11532917754979224,0.0836965789794922,-0.700377514260856,-0.11526334381103516,-0.5851141704498208,0.33277653527326995,0.2899168472290039,0.04285968804426604,2.4520189219672948,3.0152313232421877,-0.5632124012748929
S43A13T03,raw,146,4.866666666666666,True,False,0.15276453957828628,0.10186207580566406,-0.701625775830348,-0.1378456497192383,-0.5637801261111097,0.3385401565547939,0.30141008758544924,0.037130068969344676,2.434820144359285,2.9673040771484374,-0.5324839327891522
S43A13T03,raw,147,4.9,False,False,0.15679409920467785,0.10270844268798827,-0.697400103564703,-0.14452880477905272,-0.5528712987856502,0.3378904308183341,0.3135699768066406,0.02432045401169347,2.429054319030084,2.9528636474609375,-0.5238093284308536
S43A13T03,raw,148,4.933333333333334,True,False,0.12925197796276203,0.08360688781738276,-0.6962947164313418,-0.16989627838134763,-0.5263984380499942,0.33131104932895056,0.31452120971679687,0.01678983961215369,2.424445000762689,2.9445555419921874,-0.5201105412294984
S43A13T03,raw,149,4.966666666666667,True,False,0.25882377353345215,0.14170825386047364,-0.6510182459745864,0.03911910915374756,-0.690137355128334,0.32774231629524286,0.3442751770019531,-0.01653286070671023,2.4442353101564382,2.8291146240234375,-0.38487931386699925
S43A13T03,raw,150,5.0,False,False,0.26642465987795005,0.14834823608398437,-0.6459212446525379,0.03991725921630859,-0.6858385038688465,0.32317590521058975,0.30393318176269535,0.019242723447894405,2.448044671268885,2.8326215820312504,-0.38457691076236555
S43A13T03,raw,151,5.033333333333333,True,False,0.27396614181713314,0.19106594467163085,-0.627853506699745,0.044145021438598636,-0.6719985281383437,0.31567542207953647,0.3449889831542969,-0.029313561074760408,2.4608811387002274,2.876704345703125,-0.41582320700289754
S43A13T03,raw,152,5.066666666666666,False,False,0.2865289054815849,0.16356916809082034,-0.6322371778923309,0.04583170318603516,-0.678068881078366,0.31674258260766863,0.2972956008911133,0.019446981716555345,2.463491927745287,2.91416943359375,-0.4506775058484629
S43A13T03,raw,153,5.1,False,False,0.29243256212712093,0.16311331176757812,-0.630991862844394,0.04248652648925781,-0.6734783893336518,0.31131916915195884,0.2673967361450195,0.04392243300693932,2.4617023144301227,2.8942593994140626,-0.43255708498393997
S43A13T03,raw,154,5.133333333333334,False,False,0.2954706878856465,0.1648309898376465,-0.6310764933561057,0.04589598274230958,-0.6769724760984153,0.3093231407768667,0.2591851272583008,0.050138013518565894,2.4608992327299695,2.888767333984375,-0.42786810125440544
S43A13T03,raw,155,5.166666666666667,True,False,0.06887796861325794,0.022735893249511696,-0.6179726591022684,0.08005827713012695,-0.6980309362323953,0.3050964472921259,0.3399312286376953,-0.03483478134556939,2.4599643478133726,2.877580200195313,-0.4176158523819402
S43A13T03,raw,156,5.2,False,False,0.05655717163476476,0.016302188873291018,-0.6225116243714207,0.03988222312927246,-0.6623938475006932,0.30690978039350686,0.30986130523681643,-0.002951524843309572,2.460629359711623,2.90141015625,-0.44078079653837676
S43A13T03,raw,157,5.233333333333333,False,False,0.04818230637625241,0.011407212257385252,-0.6435009653847016,-0.013143174648284912,-0.6303577907364166,0.29961072628200786,0.2997542953491211,-0.00014356906711326944,2.444980813655318,2.9137041015625,-0.4687232879071819
S43A13T03,raw,158,5.266666666666667,False,False,0.03667962816081473,0.007333889007568359,-0.6479836369687603,-0.05135253715515137,-0.5966310998136088,0.3003095491862846,0.2869240951538086,0.013385454032475985,2.4391459838654597,2.9232880859375,-0.48414210207204045
S43A13T03,raw,159,5.3,False,False,0.020554369380527772,0.00275141143798828,-0.6560229281678889,-0.0890790367126465,-0.5669438914552424,0.3037590275294039,0.27840708923339846,0.02535193829600546,2.427090894924092,2.9207894287109375,-0.4936985337868456
S43A13T03,raw,160,5.333333333333333,False,False,0.013002810563864363,0.010752593994140636,-0.6639962016497097,-0.11258192443847656,-0.5514142772112332,0.3043466279114441,0.28947020721435546,0.014876420697088666,2.420082599232883,2.9262183837890627,-0.5061357845561796
S43A13T03,raw,161,5.366666666666666,True,False,0.021269294621703128,0.02120034790039063,-0.6602748747631667,-0.1396570587158203,-0.5206178160473465,0.30215815186168943,0.28509888458251953,0.0170592672791699,2.4150220572973513,2.9189395751953127,-0.5039175178979614
S43A13T03,raw,162,5.4,False,False,0.032997418684909,0.03119386291503906,-0.6681699127083631,-0.15887093353271484,-0.5092989791756483,0.29205444520807333,0.27013233184814456,0.021922113359928774,2.412528056956839,2.93287646484375,-0.5203484078869112
S43A13T03,raw,163,5.433333333333334,False,False,0.04048598988164818,0.039720489501953116,-0.660040372189642,-0.15301133728027344,-0.5070290349093685,0.29183218385045046,0.27672160339355467,0.015110580456895784,2.4111953347141206,2.9442281494140623,-0.5330328146999417
S43A13T03,raw,164,5.466666666666667,True,False,0.17634114432755763,0.040578186035156255,-0.525830667423712,0.1740723571777344,-0.6999030246014464,0.3252066405489706,0.4222163848876953,-0.09700974433872472,2.2224376706984756,2.40643896484375,-0.18400129414527422
S43A13T03,raw,165,5.5,True,False,0.1911411116868486,0.004041091918945305,-0.5515279158361641,0.15278763580322266,-0.7043155516393867,0.3247789989107035,0.39542489624023436,-0.07064589732953086,2.2801956235142535,2.4166888427734374,-0.1364932192591839
S43A13T03,raw,166,5.533333333333333,True,False,0.10457208583841837,0.10026458740234376,-0.4559290897886299,0.23265786743164063,-0.6885869572202705,0.3457308930006481,0.6054989318847657,-0.2597680388841176,2.3751750716573308,2.9537905273437497,-0.5786154556864189
S43A13T03,raw,167,5.566666666666666,True,False,0.12546642327960478,0.1192181510925293,-0.5694890142944724,0.004383478164672848,-0.5738724924591453,0.33759359157860896,0.44818539428710935,-0.11059180270850039,2.3521806278296533,2.49931396484375,-0.1471333370140968
S43A13T03,raw,168,5.6,False,True,0.12546642327960478,0.1192181510925293,-0.5694890142944724,0.004383478164672848,-0.5738724924591453,0.33759359157860896,0.44818539428710935,-0.11059180270850039,2.3521806278296533,2.49931396484375,-0.1471333370140968
S43A13T03,raw,169,5.633333333333334,False,True,0.12546642327960478,0.1192181510925293,-0.5694890142944724,0.004383478164672848,-0.5738724924591453,0.33759359157860896,0.44818539428710935,-0.11059180270850039,2.3521806278296533,2.49931396484375,-0.1471333370140968
S43A13T03,raw,170,5.666666666666667,False,True,0.12546642327960478,0.1192181510925293,-0.5694890142944724,0.004383478164672848,-0.5738724924591453,0.33759359157860896,0.44818539428710935,-0.11059180270850039,2.3521806278296533,2.49931396484375,-0.1471333370140968
S43A13T03,raw,171,5.7,False,True,0.12546642327960478,0.1192181510925293,-0.5694890142944724,0.004383478164672848,-0.5738724924591453,0.33759359157860896,0.44818539428710935,-0.11059180270850039,2.3521806278296533,2.49931396484375,-0.1471333370140968
S43A13T03,raw,172,5.733333333333333,False,False,0.15386015199443479,0.15385881423950196,-0.5764234653220855,-0.02085089683532715,-0.5555725684867584,0.3388510779869949,0.49458392333984375,-0.15573284535284887,2.3629121467198404,2.6299453125000003,-0.2670331657801599
S43A13T03,raw,173,5.766666666666667,False,False,0.17931141848963342,0.16267718887329102,-0.5779696404752099,-0.03294429588317871,-0.5450253445920312,0.3332108637533993,0.5128929290771485,-0.17968206532374914,2.389909566635741,2.7732042236328125,-0.38329465699707166
S43A13T03,raw,174,5.8,False,False,0.16940942166787135,0.16755189132690432,-0.5788686963000765,-0.048546152114868166,-0.5303225441852084,0.3366458945151913,0.5371104583740234,-0.2004645638588321,2.386101880415796,2.7996842041015624,-0.41358232368576653
S43A13T03,raw,175,5.833333333333333,True,False,0.18129979269207924,0.18114360427856446,-0.5697816257692263,-0.04138899803161622,-0.5283926277376101,0.33422035573965414,0.5476242370605469,-0.21340388132089272,2.393287938434195,2.831964111328125,-0.4386761728939299
S43A13T03,raw,176,5.866666666666666,True,False,0.20004727111990453,0.19959116792678833,-0.5816487722143794,-0.10389115309715272,-0.4777576191172267,0.34878114798895754,0.5897539367675781,-0.2409727887786206,2.388984215513776,2.814320556640625,-0.42533634112684915
S43A13T03,raw,177,5.9,True,False,0.19238891681639206,0.1908943862915039,-0.6098223263649066,-0.1944921989440918,-0.4153301274208148,0.37167057740118004,0.7031191101074219,-0.33144853270624186,2.363396575257909,2.7629129638671874,-0.3995163886092783
S43A13T03,raw,178,5.933333333333334,False,False,0.1918137333874431,0.18938197326660156,-0.6031348611907108,-0.2201195602416992,-0.3830153009490116,0.37699503295672965,0.7698433227539063,-0.3928482897971767,2.368896189409055,2.7718215332031253,-0.4029253437940703
S43A13T03,raw,179,5.966666666666667,False,False,0.19030564786831997,0.1877071990966797,-0.6032203909669178,-0.22305191802978516,-0.38016847293713263,0.37712115887814385,0.773109375,-0.39598821612185614,2.3690777829242564,2.7727126464843748,-0.40363486356011835
S43A13T03,raw,180,6.0,True,False,0.2207797157453475,0.04832178497314453,-0.5950768616538479,-0.14007732772827147,-0.4549995339255764,0.3202557764883926,0.4184820861816406,-0.09822630969324803,2.339010744487684,2.6126286621093753,-0.2736179176216913
S43A13T03,raw,181,6.033333333333333,False,False,0.2078243624190599,0.05208819580078124,-0.5865860017905101,-0.11284996032714845,-0.4737360414633617,0.31684191425877367,0.41075048828125005,-0.09390857402247638,2.3423200254212753,2.630928466796875,-0.2886084413755996
S43A13T03,raw,182,6.066666666666666,False,False,0.20108019779368128,0.03747825622558594,-0.584350172476107,-0.12011653900146485,-0.46423363347464214,0.3377227039084449,0.519675048828125,-0.1819523449196801,2.341587477141107,2.64676318359375,-0.3051757064526428
S43A13T03,raw,183,6.1,False,False,0.2140535862561049,0.04236972808837891,-0.5712832468195576,-0.12858622360229494,-0.4426970232172626,0.3589556117088446,0.601923095703125,-0.24296748399428036,2.3607789836097504,2.6612609863281254,-0.300482002718375
S43A13T03,raw,184,6.133333333333334,True,False,0.20765051806402404,0.10449021530151367,-0.5576052769385567,-0.010823030471801758,-0.5467822464667549,0.3331813710479817,0.45357421875000004,-0.12039284770201836,2.421866961806945,2.8142855224609375,-0.3924185606539927
S43A13T03,raw,185,6.166666666666667,False,False,0.2384616081071525,0.0958747673034668,-0.5573421516393391,-0.08773594093322755,-0.4696062107061115,0.3297216096412576,0.5150138397216797,-0.18529223008042212,2.417236034912579,2.8462696533203125,-0.42903361840773346
S43A13T03,raw,186,6.2,False,False,0.23550665723837577,0.1205321522951126,-0.5487972181428464,-0.059638960778713224,-0.4891582573641332,0.3125720484012633,0.43124969482421877,-0.11867764642295547,2.4333644894359163,2.8072625732421876,-0.3738980838062713
S43A13T03,raw,187,6.233333333333333,True,False,0.10035489379400624,0.08737681961059571,-0.5297234216842199,0.10325404930114747,-0.6329774709853674,0.305385355207452,0.4854326477050781,-0.18004729249762608,2.4296293759256207,2.7722880859375,-0.3426587100118792
S43A13T03,raw,188,6.266666666666667,False,False,0.07734288047778914,0.05188332366943359,-0.5259250639245314,0.1367097816467285,-0.66263484557126,0.29500943311074274,0.3833425598144531,-0.08833312670371035,2.4338473557609572,2.72997412109375,-0.2961267653327928
S43A13T03,raw,189,6.3,False,False,0.11269665660387805,0.06822164154052736,-0.5060218738076813,0.13460364151000978,-0.6406255153176911,0.2869660336400146,0.36703501892089846,-0.08006898528088385,2.443728675278407,2.7308106689453124,-0.28708199366690534
S43A13T03,raw,190,6.333333333333333,False,False,0.037324226558564294,0.022953788757324234,-0.5034616166224292,0.10138730239868166,-0.6048489190211108,0.28104621719914785,0.37665965270996093,-0.09561343551081308,2.4653005437841293,2.8241284179687502,-0.3588278741846209
S43A13T03,raw,191,6.366666666666666,True,False,0.10309420465700385,0.08607628631591797,-0.49466655751371624,0.10805482864379884,-0.6027213861575151,0.2737336378686018,0.41508349609375006,-0.14134985822514828,2.478752748452199,2.934782958984375,-0.45603021053217585
S43A13T03,raw,192,6.4,True,False,0.19915727033287384,0.10583273315429687,-0.4794111929202438,0.12034226989746094,-0.5997534628177048,0.26237523546538877,0.4141615600585937,-0.15178632459320496,2.5077834639647465,3.014596435546875,-0.5068129715821286
S43A13T03,raw,193,6.433333333333334,False,False,0.20839499235916475,0.10817237091064454,-0.47609822690904274,0.11765327072143555,-0.5937514976304783,0.2582678952032478,0.4163763732910156,-0.15810847808776785,2.5195879934553265,3.0346756591796877,-0.5150876657243613
S43A13T03,raw,194,6.466666666666667,False,False,0.2091449075548501,0.10053784942626955,-0.4738767866335745,0.12289632797241212,-0.5967731146059867,0.2523248234371096,0.42445777893066405,-0.17213295549355445,2.5303566205257635,3.0525620117187504,-0.5222053911929869
S43A13T03,raw,195,6.5,True,False,0.05314627071463846,0.04882682800292969,-0.4895355198543918,0.09524080657958983,-0.5847763264339816,0.23766798286780225,0.38448521423339843,-0.14681723136559618,2.5752905203604834,3.163790283203125,-0.5884997628426416
S43A13T03,raw,196,6.533333333333333,False,False,0.04509463490344593,0.04490402221679689,-0.4876385636504355,0.09566766357421877,-0.5833062272246543,0.2352803431551342,0.4060121765136719,-0.1707318333585377,2.583520225762156,3.1636097412109376,-0.5800895154487815
S43A13T03,raw,197,6.566666666666666,False,False,0.03149780921911197,0.017419723510742197,-0.4972565716060296,0.0748967514038086,-0.5721533230098382,0.23351302812351413,0.43108381652832034,-0.1975707884048062,2.5949507830320724,3.1697362060546874,-0.574785423022615
S43A13T03,raw,198,6.6,True,False,0.27224988844858866,0.1182243194580078,-0.5017571331167379,0.034119232177734375,-0.5358763652944722,0.22580876650288892,0.42609524536132815,-0.20028647885843923,2.571924809808422,3.031675537109375,-0.4597507273009529
S43A13T03,raw,199,6.633333333333334,False,False,0.303260792792163,0.15654692077636717,-0.5037775560237219,-0.0066347427368164055,-0.49714281328690546,0.21998091324354882,0.4413446197509766,-0.2213637065074278,2.5845284915966498,3.04064013671875,-0.4561116451221001
S43A13T03,raw,200,6.666666666666667,False,False,0.16686163373060955,0.09313472938537598,-0.5075748913413691,-0.06364329051971436,-0.4439316008216548,0.21721459042072513,0.4436878814697266,-0.22647329104900146,2.6104708620609913,3.10011083984375,-0.4896399777827587
S43A13T03,raw,201,6.7,True,False,0.05586183889298961,0.047181903839111326,-0.508612186165288,-0.06550124168395996,-0.44311094448132804,0.22278687225594745,0.4113300018310547,-0.18854312957510727,2.6604980344250984,3.22538427734375,-0.5648862429186519
S43A13T03,raw,202,6.733333333333333,False,False,0.04971233368390122,0.0016973190307617153,-0.5142272398786536,-0.0782689552307129,-0.43595828464794073,0.22636176322790177,0.4447614440917969,-0.21839968086389513,2.6755758968501633,3.246690307617188,-0.5711144107670245
S43A13T03,raw,203,6.766666666666667,True,False,0.2848585260728685,0.1042180366516113,-0.5079495844669589,-0.09801207542419434,-0.4099375090427646,0.21476112966961663,0.49733091735839846,-0.2825697876887818,2.632836258385179,3.089737060546875,-0.4569008021616958
S43A13T03,raw,204,6.8,False,False,0.3545754391276059,0.1571717929840088,-0.5035580954920345,-0.09629665660858155,-0.4072614388834529,0.21388851438869902,0.5146754913330078,-0.3007869769443088,2.6359988470503892,3.0633968505859377,-0.42739800353554847
S43A13T03,raw,205,6.833333333333333,False,False,0.371669303020234,0.1746193609237671,-0.5014367229983051,-0.09942799043655397,-0.4020087325617511,0.20667146226184638,0.5131920013427734,-0.306520539080927,2.6389400912591015,3.05794873046875,-0.4190086392096486
S43A13T03,raw,206,6.866666666666666,False,False,0.36829509933789706,0.18190649890899657,-0.49671200169554885,-0.08831812810897827,-0.4083938735865706,0.21248155584146852,0.5193153381347657,-0.30683378229329716,2.638056793266807,3.04667822265625,-0.4086214293894428
S43A13T03,raw,207,6.9,False,False,0.3656757715389635,0.1895292196273804,-0.5011597288447973,-0.08196561479568482,-0.4191941140491125,0.20923626531049705,0.5142467041015626,-0.30501043879106554,2.639007298291523,3.0453482666015628,-0.40634096831003985
S43A13T03,raw,208,6.933333333333334,False,False,0.3582046139605954,0.1950819035768509,-0.49610782097121153,-0.09683372777700425,-0.39927409319420726,0.21037568103638501,0.5070349578857422,-0.2966592768493571,2.6543824878594546,3.0534958496093747,-0.39911336174992007
S43A13T03,raw,209,6.966666666666667,False,False,0.358433167722457,0.19524778115749358,-0.49605398011035456,-0.09692235881090164,-0.3991316212994529,0.21030792186632866,0.5067169952392578,-0.2964090733729292,2.6545186853102796,3.0536773681640623,-0.39915868285378275
S43A13T03,raw,210,7.0,False,False,0.36329685105052234,0.21814926910400392,-0.5005615350474982,-0.1299616813659668,-0.3705998536815314,0.2107813351560448,0.5194148712158203,-0.3086335360597755,2.6530764132121023,3.0632220458984376,-0.4101456326863353
S43A13T03,raw,211,7.033333333333333,False,False,0.3879315304143615,0.23159948348999027,-0.5090197725882936,-0.16128665351867677,-0.3477331190696168,0.21137554507168327,0.5373102416992188,-0.32593469662753555,2.665321706692715,3.0484548339843753,-0.38313312729166027
S43A13T03,raw,212,7.066666666666666,False,False,0.3879971980182215,0.2380044403076172,-0.5104554236406978,-0.18326456451416015,-0.32719085912653767,0.23081104583833065,0.5922086181640625,-0.3613975723257318,2.64722159491792,2.9986417236328125,-0.3514201287148926
S43A13T03,raw,213,7.1,False,False,0.38078826579652525,0.2394982681274414,-0.5110815457653852,-0.20590995407104493,-0.30517159169434027,0.2414488358303131,0.6374173889160156,-0.39596855308570256,2.6480492707846564,2.9732255859375,-0.32517631515284373
S43A13T03,raw,214,7.133333333333334,False,False,0.36985692304997125,0.22090575408935548,-0.49767531123623787,-0.1937959327697754,-0.3038793784664625,0.2511861309531692,0.6573065490722656,-0.4061204181190964,2.652375389022051,2.9534880371093752,-0.3011126480873241
S43A13T03,raw,215,7.166666666666667,False,False,0.3390877786797138,0.2042490005493164,-0.49359808198019767,-0.2136042289733887,-0.27999385300680896,0.2576685863731625,0.6835991821289062,-0.42593059575574377,2.658268970933978,2.9610577392578126,-0.3027887683238344
S43A13T03,raw,216,7.2,False,False,0.30289303364582926,0.14810239410400391,-0.4673317057156206,-0.16778185653686523,-0.2995498491787554,0.2600858559485956,0.7097712707519531,-0.4496854148033575,2.660386025700588,2.8951575927734376,-0.23477156707284985
S43A13T03,raw,217,7.233333333333333,False,False,0.1723512833683247,0.055091819763183586,-0.43623292436473143,-0.1174267463684082,-0.3188061779963232,0.2595127529529681,0.7013203735351563,-0.4418076205821882,2.6490296295528237,2.7984040527343748,-0.14937442318155103
S43A13T03,raw,218,7.266666666666667,False,False,0.21598641472546143,0.08074800872802736,-0.4348524961508401,-0.12707162857055665,-0.30778086758028345,0.2615822725072552,0.704690673828125,-0.4431084013208698,2.663342956712947,2.8110604248046878,-0.14771746809174058
S43A13T03,raw,219,7.3,False,False,0.24427674996464285,0.11815792846679689,-0.44818844475022707,-0.16943121337890624,-0.2787572313713208,0.2583110324010945,0.7208244934082031,-0.4625134610071086,2.6849541167777327,2.8557396240234376,-0.17078550724570496
S43A13T03,raw,220,7.333333333333333,False,False,0.28288418048141506,0.18775697326660157,-0.44853390582660263,-0.23476372528076173,-0.2137701805458409,0.2593299719394769,0.7557656860351563,-0.4964357140956794,2.7014470608983605,2.8845496826171875,-0.18310262171882696
S43A13T03,raw,221,7.366666666666666,True,False,0.415732178859095,0.36947935104370117,-0.4149051604449316,-0.15400733375549316,-0.2608978266894384,0.26973179253426094,0.6774768981933594,-0.4077451056590985,2.7111529871118014,2.9203250732421875,-0.20917208613038607
S43A13T03,raw,222,7.4,False,False,0.3535338254389549,0.29216765594482424,-0.4112149382404824,-0.2170653419494629,-0.1941495962910195,0.2724505877123745,0.7340174865722656,-0.4615668988598911,2.7084399564989257,2.8968922119140625,-0.18845225541513688
S43A13T03,raw,223,7.433333333333334,True,False,0.5118066890770502,0.4607444458007812,-0.4000108395519231,-0.1368092041015625,-0.2632016354503606,0.2747922356933061,0.6412745971679688,-0.3664823614746627,2.7071875989610086,2.9066313476562504,-0.19944374869524184
S43A13T03,raw,224,7.466666666666667,False,False,0.5889941848786493,0.5544238433837891,-0.38198718444176893,-0.14699910736083985,-0.2349880770809291,0.27109729542832234,0.626801483154297,-0.3557041877259746,2.7174458862556468,2.965674560546875,-0.2482286742912283
S43A13T03,raw,225,7.5,True,False,0.4322981510274716,0.36401259231567384,-0.3588490509465577,-0.24591786766052248,-0.11293118328603524,0.278397606831723,0.7629961547851563,-0.48459854795343327,2.7113232753060608,2.8408538818359377,-0.1295306065298769
S43A13T03,raw,226,7.533333333333333,True,False,0.06904753663709678,0.02417861938476562,-0.2965162975984637,0.159732421875,-0.4562487194734637,0.24713054604350773,0.4179077606201172,-0.17077721457660947,2.627801880826418,2.928266845703125,-0.30046496487670726
S43A13T03,raw,227,7.566666666666666,True,False,0.21755434065467497,0.015144012451171807,-0.35365199242716594,-0.5021273956298828,0.1484754032027169,0.2260033560482177,0.4842231903076172,-0.2582198342593995,2.668963531117755,2.7559481201171874,-0.08698458899943251
S43A13T03,raw,228,7.6,True,False,0.20301130449249324,0.004239105224609352,-0.32637230798473843,-0.4975756072998047,0.17120329931506628,0.22741668159469589,0.5092380523681641,-0.28182137077346825,2.6758800855793883,2.7590955810546873,-0.08321549547529905
S43A13T03,raw,229,7.633333333333334,True,False,0.21156601729108898,0.01514907836914059,-0.3122816311482436,-0.4711737518310547,0.1588921206828111,0.23294175167925096,0.5738869018554688,-0.3409451501762178,2.6883615694217617,2.783175048828125,-0.09481347940636331
S43A13T03,raw,230,7.666666666666667,True,False,0.23444638270063434,0.01850308227539066,-0.30151927439467385,-0.41562876892089845,0.1141094945262246,0.23562657303488077,0.5690477600097656,-0.3334211869748849,2.702453957427535,2.7005855712890625,0.0018683861384722888
S43A13T03,raw,231,7.7,True,False,0.21241859669377888,0.013517852783203221,-0.2872949704712906,-0.4058094024658203,0.11851443199452971,0.24301021449084806,0.5921785888671875,-0.3491683743763395,2.708629208958397,2.6739515380859373,0.034677670872459654
S43A13T03,raw,232,7.733333333333333,True,False,0.2740459170515486,0.12584219360351567,-0.2771531445789358,-0.4365186004638672,0.1593654558849314,0.2550259837936913,0.6391692504882813,-0.38414326669459004,2.7366689385512677,2.69221923828125,0.04444970027001771
S43A13T03,raw,233,7.766666666666667,False,True,0.2740459170515486,0.12584219360351567,-0.2771531445789358,-0.4365186004638672,0.1593654558849314,0.2550259837936913,0.6391692504882813,-0.38414326669459004,2.7366689385512677,2.69221923828125,0.04444970027001771
S43A13T03,raw,234,7.8,False,False,0.28952820240274657,0.15280697631835938,-0.277126746556786,-0.43969728088378907,0.16257053432700308,0.2583670734152316,0.6447539672851563,-0.38638689386992475,2.7383401913375423,2.692991455078125,0.045348736259417155
S43A13T03,raw,235,7.833333333333333,True,False,0.5671814016683308,0.48774157381057737,-0.2571766529738178,-0.24719674849510193,-0.009979904478715884,0.23237846769422207,0.620636932373047,-0.38825846467882486,2.7435037907946316,2.7651213378906254,-0.02161754709599384
S43A13T03,raw,236,7.866666666666666,True,False,0.3533239217201573,0.3367918930053711,-0.2330030101172909,-0.07753099441528322,-0.1554720157020077,0.20834186073027358,0.5147981872558594,-0.30645632652558574,2.7087815926699506,2.6060927734375,0.10268881923245043
S43A13T03,raw,237,7.9,True,False,0.5709354088109969,0.498543960571289,-0.23337328084389586,-0.16683946990966797,-0.06653381093422789,0.22323433723220848,0.5987102355957031,-0.37547589836349465,2.74882501231295,2.686364013671875,0.062460998641074905
S43A13T03,raw,238,7.933333333333334,True,False,0.3727902966427509,0.2761893615722657,-0.2611837185848904,-0.38401103210449217,0.12282731351960174,0.20595508457888437,0.6164811096191407,-0.41052602504025637,2.7736768826097014,2.653823486328125,0.11985339628157643
S43A13T03,raw,239,7.966666666666667,True,False,0.3875501496045806,0.3085226135253906,-0.2498174639673632,-0.4426417083740234,0.19282424440666018,0.19425818357474584,0.624400360107422,-0.4301421765326761,2.778888025847785,2.7129752197265624,0.06591280612122263
S43A13T03,raw,240,8.0,False,False,0.35292436454518816,0.27877365112304686,-0.25365343332840196,-0.4781690826416016,0.22451564931319962,0.16978142681718417,0.5666172485351563,-0.3968358217179721,2.7948732546101827,2.8216402587890625,-0.026767004178879894
S43A13T03,filtered,0,0.0,False,False,0.21126717208546647,0.18764309453577763,0.04106948983381774,0.08105067833867428,-0.039981188504856546,-0.21598665889306973,0.71334303878217,-0.9293296976752397,2.9878012289949343,2.9202450093571892,0.06755621963774505
S43A13T03,filtered,1,0.03333333333333333,False,False,0.21080653345840203,0.18642962756791745,0.0397681011600998,0.0810280475419718,-0.041259946381872005,-0.21555995014183488,0.7147081513057625,-0.9302681014475973,2.986049477660978,2.9200426496019434,0.06600682805903446
S43A13T03,filtered,2,0.06666666666666667,False,False,0.2103589373082942,0.1851423525880577,0.038466789056965406,0.08104981608111843,-0.04258302702415302,-0.21523967305769076,0.7157847683883998,-0.9310244414460905,2.984286604863792,2.919821163472938,0.06446544139085386
S43A13T03,filtered,3,0.1,False,False,0.2099105015535556,0.18368887227545586,0.037163772455433695,0.0811615057403111,-0.043997733284877404,-0.21512975276514312,0.7163338006085684,-0.9314635533737116,2.982501846446609,2.919597360303175,0.06290448614343402
S43A13T03,filtered,4,0.13333333333333333,False,False,0.20946302678838144,0.18198967432070948,0.03585817550783722,0.0814059312649278,-0.04554775575709058,-0.2153203088382382,0.7161503526815123,-0.9314706615197504,2.9806865184858924,2.919390148582413,0.06129636990347942
S43A13T03,filtered,5,0.16666666666666666,False,False,0.2090388947458797,0.1799843135875297,0.03455044327354921,0.08182150186757695,-0.047271058594027734,-0.21588145877719495,0.7150777846148104,-0.9309592433920053,2.9788354045622665,2.919219415862246,0.059615988700020495
S43A13T03,filtered,6,0.2,False,False,0.20868392379166087,0.17763609388529555,0.03324266541506952,0.08244046107421996,-0.04919779565915044,-0.2168585467749535,0.7130182504756957,-0.9298767972506492,2.976947971706406,2.9191043629896347,0.0578436087167713
S43A13T03,filtered,7,0.23333333333333334,False,False,0.20846710764305001,0.17493494076398267,0.031938785002644784,0.0832871366841582,-0.051348351681513416,-0.21826913350316596,0.7099389727704539,-0.9282081062736198,2.9750293116390796,2.9190614414108813,0.05596787022819827
S43A13T03,filtered,8,0.26666666666666666,False,False,0.2084763578347922,0.1718983090533085,0.030644674781435545,0.08437631133583115,-0.053731636554395605,-0.2201019426359436,0.7058738887226824,-0.925975831358626,2.973090714764048,2.9191021662617604,0.053988548502287514
S43A13T03,filtered,9,0.3,False,False,0.2088098203567751,0.1685701197486278,0.02936807074603617,0.08571185117554106,-0.056343780429504886,-0.22231780825619102,0.7009206820284146,-0.9232384902846056,2.9711498030291184,2.9192311405607994,0.051918662468319
S43A13T03,filtered,10,0.3333333333333333,False,False,0.20956310885100374,0.16501785955633225,0.02811836242411856,0.08728573998540887,-0.059167377561290306,-0.2248525172119214,0.6952335555188272,-0.9200860727307485,2.969230173538662,2.9194446162754826,0.04978555726317957
S43A13T03,filtered,11,0.36666666666666664,False,False,0.21081384741448808,0.16132809624085487,0.02690625017679821,0.0890776566743865,-0.06217140649758829,-0.22762130371709094,0.6890123855559063,-0.9166336892729972,2.967360536496459,2.919729845100849,0.047630691395609936
S43A13T03,filtered,12,0.4,False,False,0.21260600514617642,0.15760075958586084,0.025743290940596488,0.09105520613701729,-0.0653119151964208,-0.23052463973470638,0.682489118349682,-0.9130137580843883,2.965573367197022,2.9200653573776103,0.04550800981941183
S43A13T03,filtered,13,0.43333333333333335,False,False,0.21493720449515819,0.15394260824349404,0.024641363813712232,0.09317487026235569,-0.06853350644864345,-0.2334548811819011,0.6759124193745476,-0.9093673005564487,2.963903130527748,2.920422178551488,0.043480951976259785
S43A13T03,filtered,14,0.4666666666666667,False,False,0.2177520587900558,0.1504603448187526,0.02361209439391431,0.09538369177382536,-0.07177159737991104,-0.23630328141586263,0.6695316701419224,-0.905834951557785,2.9623841753400066,2.9207658735837807,0.04161830175622594
S43A13T03,filtered,15,0.5,False,False,0.220943480371088,0.14725385403856614,0.022666280700071068,0.09762164363371718,-0.07495536293364612,-0.23896687187066196,0.6635814218497105,-0.9025482937203724,2.9610484317959918,2.9210592183749258,0.03998921342106598
S43A13T03,filtered,16,0.5333333333333333,False,False,0.22436209869838367,0.14441002172806602,0.021813363152641693,0.09982457623241266,-0.07801121307977096,-0.24135473470814892,0.6582673616036234,-0.8996220963117724,2.959923073349469,2.9212652421876615,0.03865783116180754
S43A13T03,filtered,17,0.5666666666666667,False,False,0.22783208316156325,0.14199754659182917,0.021060976306306663,0.10192757891439758,-0.08086660260809092,-0.24339325119137425,0.6537547228530567,-0.8971479740444309,2.9590283221463585,2.9213503665330336,0.037677955613324876
S43A13T03,filtered,18,0.6,False,False,0.23117041181462566,0.1400630845121443,0.020414611334495965,0.10386854690866666,-0.08345393557417069,-0.2450299972704739,0.6501598797243605,-0.8951898769948344,2.9583755788425936,2.9212873781411766,0.03708820070141705
S43A13T03,filtered,19,0.6333333333333333,False,False,0.2342062639150345,0.1386289693324549,0.019877406817781967,0.10559171420972535,-0.08571430739194338,-0.24623606757514116,0.6475456143171285,-0.8937816818922697,2.9579660432521595,2.9210580071181953,0.036908036133964206
S43A13T03,filtered,20,0.6666666666666666,False,False,0.23679764354112015,0.1376926394438031,0.019450072808285267,0.10705090099590045,-0.08760082818761518,-0.24700673176306812,0.6459202545243004,-0.8929269862873684,2.957789961080093,2.92065492585154,0.03713503522855266
S43A13T03,filtered,21,0.7,False,False,0.23884324149661723,0.13722777259233776,0.019130941205313716,0.10821223273665881,-0.08908129153134509,-0.2473604528866502,0.6452405724648513,-0.8926010253515015,2.9578265865511826,2.9200830306722763,0.03774355587890632
S43A13T03,filtered,22,0.7333333333333333,False,False,0.240288581262608,0.1371870014150024,0.018916125753654173,0.10905611743725813,-0.09013999168360395,-0.2473364158222474,0.6454180387164847,-0.8927544545387321,2.958044894958754,2.91935991111984,0.03868498383891383
S43A13T03,filtered,23,0.7666666666666667,False,False,0.24112644681135315,0.13750596076361674,0.018799768543162183,0.10957831609465264,-0.09077854755149045,-0.24699081548043048,0.6463277735642666,-0.8933185890446971,2.958405018130738,2.918515449974695,0.039889568156043165
S43A13T03,filtered,24,0.8,False,False,0.24139234388831052,0.13810831721054592,0.01877434719951847,0.10979000661254189,-0.09101565941302342,-0.24639223189747084,0.6478193486261548,-0.8942115805236256,2.958860315358099,2.917590534545605,0.041269780812493995
S43A13T03,filtered,25,0.8333333333333334,False,False,0.24115626017076713,0.13891136236233567,0.01883101787241365,0.10971681911684637,-0.09088580124443273,-0.24561646722205577,0.6497284897018663,-0.895344956923922,2.9593599384928084,2.9166349018391218,0.042725036653686654
S43A13T03,filtered,26,0.8666666666666667,False,False,0.24051225257529776,0.13983172257935866,0.018959973046941837,0.10939690538636218,-0.09043693233942035,-0.2447412357560359,0.6518887243778756,-0.8966299601339115,2.9598517082673523,2.9157041919939304,0.04414751627342195
S43A13T03,filtered,27,0.9,False,False,0.23956740641553695,0.14079075118549572,0.019150799189790412,0.10887818968909657,-0.08972739049930616,-0.24384108343344207,0.6541421031393904,-0.8979831865728325,2.9602850936730674,2.9148563465123782,0.04542874716068912
S43A13T03,filtered,28,0.9333333333333333,False,False,0.2384315049663005,0.14171922190974742,0.01939282610633396,0.10821502344870719,-0.08882219734237323,-0.2429828712558451,0.6563482845995241,-0.8993311558553692,2.9606140797057727,2.9141475559325185,0.04646652377325422
S43A13T03,filtered,29,0.9666666666666667,False,False,0.2372083720977856,0.14256102508661386,0.019675466266217075,0.10746452167292135,-0.08778905540670427,-0.2422220942650709,0.6583914879542281,-0.900613582219299,2.96079972089669,2.9136280269573325,0.047171693939357606
S43A13T03,filtered,30,1.0,False,False,0.23598938927139415,0.14327566858019808,0.019988546860494383,0.10668288619923719,-0.0866943393387428,-0.24160023066657763,0.660185048542082,-0.9017852792086597,2.960812206659327,2.913337890957988,0.04747431570133909
S43A13T03,filtered,31,1.0333333333333334,False,False,0.23484924488301379,0.14383949085611195,0.02032263880048913,0.10592201490432944,-0.0855993761038403,-0.24114323171026095,0.6616735365081889,-0.9028167682184499,2.9606323059043507,2.91330360371683,0.04732870218752083
S43A13T03,filtered,32,1.0666666666666667,False,False,0.23384364547512607,0.14424559390665737,0.020669384576170718,0.10522665805361808,-0.08455727347744736,-0.24086117819944514,0.66283259075737,-0.9036937689568152,2.960252108013808,2.913535181817436,0.04671692619637158
S43A13T03,filtered,33,1.1,False,False,0.2330085642583047,0.14450259197213552,0.021021820922734358,0.10463231917209005,-0.0836104982493557,-0.2407490494119995,0.6636667654986717,-0.9044158149106711,2.9596750303151795,2.9140245791271657,0.04565045118801381
S43A13T03,filtered,34,1.1333333333333333,False,False,0.2323606243924385,0.14463234422960722,0.021374683516996517,0.104164017900599,-0.08278933438360248,-0.24078847915418924,0.6642057788226443,-0.9049942579768335,2.9589151142320307,2.9147454267015167,0.04416968753051398
S43A13T03,filtered,35,1.1666666666666667,False,False,0.2318983569579839,0.1446668940054657,0.02172467115600194,0.10383594709916537,-0.08211127594316342,-0.24095031499663896,0.664499594589439,-0.905449909586078,2.957995679676159,2.9156542456670804,0.042341434009078416
S43A13T03,filtered,36,1.2,False,False,0.23160424649646372,0.14464487336352208,0.022070638328689184,0.10365197584469789,-0.08158133751600871,-0.24119775289730438,0.6646127693089934,-0.9058105222062978,2.9569474472803465,2.916693104994465,0.04025434228588143
S43A13T03,filtered,37,1.2333333333333334,False,False,0.23144759173304308,0.1446076510677562,0.022413680193551538,0.1036068815022583,-0.08119320130870676,-0.2414897920142834,0.6646184666034469,-0.9061082586177303,2.9558062689311555,2.917793549167027,0.038012719764128455
S43A13T03,filtered,38,1.2666666666666666,False,False,0.23138821126192977,0.14459550549802272,0.022757074780050308,0.1036881424889848,-0.08093106770893449,-0.24178474443729767,0.6645924956335061,-0.9063772400708038,2.9546106277021225,2.918881482779878,0.03572914492224433
S43A13T03,filtered,39,1.3,False,False,0.23138091059791913,0.14464409358448854,0.023106054955856225,0.10387809086047223,-0.080772035904616,-0.24204354199868006,0.664607677543433,-0.906651219542113,2.953399078310436,2.919882589367389,0.03351648894304704
S43A13T03,filtered,40,1.3333333333333333,False,False,0.23138044233762292,0.1447814629607453,0.023467397362607525,0.1041562105195652,-0.08068881315695767,-0.24223260668897334,0.6647287937576866,-0.90696140044666,2.9522077987140727,2.920727797025733,0.031480001688339865
S43A13T03,filtered,41,1.3666666666666667,False,False,0.2313465058013131,0.14502581716667484,0.023848835778084915,0.10450137131815443,-0.08065253554006951,-0.24232609108824749,0.6650083262015284,-0.9073344172897759,2.95106841282645,2.9213582942605787,0.02971011856587147
S43A13T03,filtered,42,1.4,False,False,0.23124821609436197,0.14538419231191013,0.02425832959443138,0.10489380940023135,-0.08063547980579996,-0.2423073483067381,0.6654831623260477,-0.9077905106327857,2.9500062241128258,2.921729648184269,0.028276575928556813
S43A13T03,filtered,43,1.4333333333333333,False,False,0.23106747104091097,0.14585213813930684,0.024703240769791107,0.10531669728072339,-0.08061345651093228,-0.24216955395129222,0.6661724037230556,-0.9083419576743479,2.949038970773366,2.921814677387176,0.027224293386189924
S43A13T03,filtered,44,1.4666666666666666,False,False,0.23080076832694055,0.14641441849059877,0.025189490869826334,0.10575719072663789,-0.08056769985681156,-0.24191547148362086,0.6670763805786943,-0.9089918520623153,2.9481761763775656,2.9216048698106163,0.026571306566949282
S43A13T03,filtered,45,1.5,False,False,0.23045924902538517,0.1470466597506513,0.02572078029381548,0.10620689071307654,-0.08048611041926106,-0.24155642220334675,0.6681769294850793,-0.9097333516884261,2.9474191268646575,2.921110292680381,0.02630883418427654
S43A13T03,filtered,46,1.5333333333333334,False,False,0.2300670150829729,0.14771778771063093,0.026297952304718823,0.10666171440236646,-0.08036376209764765,-0.24111058670760088,0.6694389350341816,-0.9105495217417825,2.9467614582480612,2.9203580954736434,0.026403362774417793
S43A13T03,filtered,47,1.5666666666666667,False,False,0.22965802270597135,0.14839301291875467,0.026918574535219945,0.10712122547918995,-0.08020265094397,-0.24060082062628368,0.6708130650595818,-0.9114138856858656,2.9461902924763734,2.9193898377304732,0.026800454745900204
S43A13T03,filtered,48,1.6,False,False,0.22927203161977677,0.14903706331885722,0.02757679142018774,0.10758752684245589,-0.08001073542226815,-0.2400522084799156,0.6722395483019405,-0.9122917567818561,2.9456878156699764,2.9182579660780155,0.02742984959196093
S43A13T03,filtered,49,1.6333333333333333,False,False,0.22895015528792462,0.1496173321901443,0.02826347512500013,0.10806386269206368,-0.07980038756706355,-0.23948960105558675,0.6736527587353848,-0.9131423597909716,2.9452331576030253,2.9170218113516078,0.028211346251417524
S43A13T03,filtered,50,1.6666666666666667,False,False,0.22873050785561228,0.15010661774989886,0.02896667350041031,0.10855310752548464,-0.07958643402507433,-0.23893538033929596,0.6749862931481695,-0.9139216734874654,2.944804407815118,2.915743477127424,0.029060930687693887
S43A13T03,filtered,51,1.7,False,False,0.2286443152326266,0.15048518125585664,0.029672325164687454,0.1090563323190529,-0.07938400715436544,-0.23840767025976034,0.6761781696115188,-0.9145858398712792,2.9443805951981434,2.914483951531916,0.02989664366622735
S43A13T03,filtered,52,1.7333333333333334,False,False,0.22871270999248747,0.15074193857571044,0.030365187409671746,0.1095716308540245,-0.07920644344435275,-0.23791916233935947,0.6771757450149776,-0.9150949073543371,2.943943465830807,2.913299705204821,0.030643760625985728
S43A13T03,filtered,53,1.7666666666666666,False,False,0.22894432178686175,0.15087471431609062,0.03102990478990355,0.11009336208671572,-0.07906345729681216,-0.23747665684668393,0.6779399572420037,-0.9154166140886877,2.943478917686832,2.912239952291217,0.031238965395615104
S43A13T03,filtered,54,1.8,False,False,0.22933373870953383,0.15088961096565004,0.03165213629256789,0.11061192083565234,-0.07895978454308444,-0.2370813391220428,0.6784485437462849,-0.9155298828683277,2.942977987898736,2.9113446613662015,0.03163332653253459
S43A13T03,filtered,55,1.8333333333333333,False,False,0.22986094035297372,0.15079965915745625,0.032219656870209126,0.11111409406289882,-0.0788944371926897,-0.2367297265045179,0.6786979690707671,-0.9154276955752849,2.942437333934272,2.910643321121615,0.03179401281265726
S43A13T03,filtered,56,1.8666666666666667,False,False,0.2304918441647724,0.15062300101902476,0.032723353649008635,0.11158399955204673,-0.0788606459030381,-0.23641514379605372,0.6787038996974176,-0.9151190434934713,2.9418591986135167,2.9101544003932,0.03170479822031691
S43A13T03,filtered,57,1.9,False,False,0.2311801064329229,0.15038090267218063,0.03315804635837873,0.11200454354432751,-0.07884649718594877,-0.23612952398099402,0.6785001827895383,-0.9146297067705322,2.941250894458708,2.909885398320135,0.03136549613857298
S43A13T03,filtered,58,1.9333333333333333,False,False,0.23187024102815382,0.1500958874584173,0.033523073351926905,0.11235927938307197,-0.07883620603114506,-0.235865293467738,0.6781364026784116,-0.9140016961461496,2.9406238803470175,2.9098333582625915,0.03079052208442601
S43A13T03,filtered,59,1.9666666666666666,False,False,0.23250196508389914,0.14979023054505347,0.0338225973058891,0.11263450591635099,-0.07881190861046189,-0.23561709176790754,0.6776741941060314,-0.9132912858739389,2.9399925293967644,2.9099857153814748,0.030006814015289596
S43A13T03,filtered,60,2.0,False,False,0.2330154901263419,0.14948496866029565,0.03406559739369178,0.11282141733412418,-0.0787558199404324,-0.2353830949861787,0.677182576504521,-0.9125656714906997,2.939372700138347,2.9103213579095026,0.029051342228844312
S43A13T03,filtered,61,2.033333333333333,False,False,0.23335730567894294,0.14919947157193036,0.03426552743398831,0.11291810854924503,-0.07865258111525672,-0.2351657580353145,0.6767326351572627,-0.9118983931925772,2.9387802240932723,2.910811801706495,0.027968422386777547
S43A13T03,filtered,62,2.066666666666667,False,False,0.2334858976518571,0.1489515118532964,0.03443963283110551,0.1129312524133775,-0.078491619582272,-0.23497185662733683,0.6763919126804424,-0.9113637693077792,2.9382294143668277,2.9114224031269202,0.026807011239907474
S43A13T03,filtered,63,2.1,False,False,0.2333768279121523,0.14875767241576449,0.034607933917396035,0.11287729385196624,-0.07826935993457021,-0.2348117895223697,0.676218890114276,-0.9110306796366457,2.9377316850845214,2.9121135637116193,0.025618121372902092
S43A13T03,filtered,64,2.1333333333333333,False,False,0.23302666764016397,0.14863386043281498,0.034791900159392194,0.11278304580325522,-0.07799114564386303,-0.23469818621611455,0.6762579342124804,-0.910956120428595,2.937294353722724,2.912841909477592,0.024452444245131932
S43A13T03,filtered,65,2.1666666666666665,False,False,0.23245539902348394,0.148595661535527,0.035012858605717276,0.11268561625362258,-0.07767275764790531,-0.23464394747028366,0.6765350688013543,-0.911179016271638,2.936919679957784,2.9135614557708482,0.023358224186935672
S43A13T03,filtered,66,2.2,False,False,0.2317070459098244,0.14865827559773417,0.03529020020009884,0.1126316391718492,-0.07734143897175036,-0.23465991897188157,0.6770548941783116,-0.9117148131501931,2.9366041766828697,2.914224793810759,0.02237938287211083
S43A13T03,filtered,67,2.2333333333333334,False,False,0.23084844046267544,0.14883582666999773,0.03563946772682941,0.1126758213540211,-0.07703635362719169,-0.23475245597783237,0.6777989286264536,-0.912551384604286,2.936338211382237,2.914784354017736,0.021553857364501106
S43A13T03,filtered,68,2.2666666666666666,False,False,0.22996617063021005,0.1491399313159918,0.036070427254658435,0.11287885118783203,-0.0768084239331736,-0.23492117364729267,0.6787255788477451,-0.9136467524950378,2.936105898766795,2.9151938086900553,0.020912090076739887
S43A13T03,filtered,69,2.3,False,False,0.22916188699506657,0.14957753316161398,0.03658523881371181,0.11330474516645161,-0.0767195063527398,-0.23515718882183964,0.6797718608472596,-0.9149290496690993,2.9358852683379615,2.915409665703229,0.02047560263473258
S43A13T03,filtered,70,2.3333333333333335,False,False,0.22854628716127176,0.1501481530547446,0.037176849541803995,0.11401773535048437,-0.07684088580868037,-0.23544213987116114,0.6808568906669981,-0.9162990305381592,2.935648673742431,2.915393069606883,0.02025560413554839
S43A13T03,filtered,71,2.3666666666666667,False,True,0.2282322431931707,0.15084084543322868,0.0378277318086763,0.11507882702468247,-0.07725109521600618,-0.23574821891909886,0.6818870486447063,-0.9176352675638051,2.935363395227547,2.915111765069851,0.02025163015769582
S43A13T03,filtered,72,2.4,False,False,0.22832767399127218,0.15163127125986856,0.038509078416530895,0.1165421805913864,-0.0780331021748555,-0.23603936481855384,0.6827625970025428,-0.9188019618210966,2.9349923732351852,2.914542095661428,0.02045027757375717
S43A13T03,filtered,73,2.433333333333333,False,False,0.2289288453445025,0.15247937591758512,0.03918054594644119,0.11845149481640214,-0.07927094886996094,-0.23627364856479022,0.6833854060810634,-0.9196590546458536,2.934495001283557,2.913670822462996,0.020824178820560757
S43A13T03,filtered,74,2.466666666666667,False,False,0.23011474590478895,0.15332818104514456,0.03979060543417252,0.12083658963352306,-0.08104598419935055,-0.23640674228802286,0.6836673289413591,-0.9200740712293819,2.9338279009756834,2.9124964728220246,0.021331428153658738
S43A13T03,filtered,75,2.5,False,False,0.23194299066434346,0.15410415390697751,0.0402775175687317,0.12371040554202681,-0.08343288797329511,-0.23639620940660525,0.6835386685738236,-0.9199348779804288,2.932945602602116,2.9110298929927536,0.02191570960936229
S43A13T03,filtered,76,2.533333333333333,False,False,0.23444734755145644,0.1547195058635681,0.04057089957109164,0.12706665132998793,-0.08649575175889629,-0.23620620130176642,0.6829561186699744,-0.9191623199717408,2.9318010628590194,2.9092936990888525,0.022507363770166933
S43A13T03,filtered,77,2.566666666666667,False,False,0.2376365443097259,0.1550765993475012,0.040593796359557795,0.1308783370426988,-0.09028454068314101,-0.2358120118726267,0.6819095392528371,-0.9177215511254638,2.9303459680024395,2.9073204089021254,0.02302555910031412
S43A13T03,filtered,78,2.6,False,False,0.24149363363397694,0.15507442323899512,0.04026511443870772,0.13509741530290534,-0.09483230086419761,-0.23520384367203936,0.6804269610311353,-0.9156308047031747,2.9285307969126837,2.9051491902230255,0.023381606689658163
S43A13T03,filtered,79,2.6333333333333333,False,False,0.24597503426579415,0.1546168482446088,0.03950222901332175,0.13965570961819998,-0.10015348060487822,-0.23438909585154558,0.6785773007967806,-0.9129663966483261,2.926304653274033,2.902821364312377,0.02348328896165608
S43A13T03,filtered,80,2.6666666666666665,False,False,0.2510085349795728,0.15362212082441568,0.03822353927104766,0.1444672236845208,-0.10624368441347315,-0.2333925106073071,0.6764704116952147,-0.9098629223025219,2.9236149167212244,2.900375031523309,0.0232398851979152
S43A13T03,filtered,81,2.7,False,False,0.2564900525764558,0.15203282489091124,0.03635072923276575,0.1494317988748253,-0.11308106964205955,-0.23225362276486777,0.6742542768782236,-0.9065078996430913,2.920406804731019,2.8978394097247606,0.022567395006258373
S43A13T03,filtered,82,2.7333333333333334,False,False,0.26227965569728795,0.1498253656623305,0.033810496405921674,0.15443992757022026,-0.12062943116429858,-0.23102115161945477,0.6721093663077742,-0.903130517927229,2.916622974065021,2.895229663350318,0.021393310714703073
S43A13T03,filtered,83,2.7666666666666666,False,False,0.2681980899129324,0.147017938817332,0.03053554023815134,0.15937835960418945,-0.1288428193660381,-0.22974425156719736,0.6702403921716316,-0.8999846437388289,2.912203315818658,2.8925431204360588,0.019660195382599444
S43A13T03,filtered,84,2.8,False,False,0.27402552646398376,0.14367596276169942,0.02646465747207492,0.1641359888830863,-0.1376713314110114,-0.22846088463879652,0.6688658927536839,-0.8973267773924805,2.9070851051261544,2.8897577977673112,0.017327307358843136
S43A13T03,filtered,85,2.8333333333333335,False,False,0.27950432675819653,0.1399140822513525,0.021541870118525284,0.16860941084336184,-0.14706754072483655,-0.22718396927009776,0.6682062212631147,-0.8953901905332124,2.9012036504527012,2.886834054671549,0.014369595781152267
S43A13T03,filtered,86,2.8666666666666667,False,False,0.2843472127965786,0.13589409112953557,0.015714609806190143,0.17270752695022695,-0.15699291714403682,-0.2258863609179523,0.6684705921439613,-0.8943569530619137,2.894493546103865,2.8837199554875883,0.010773590616276696
S43A13T03,filtered,87,2.9,False,False,0.28825144763734645,0.13181844693612133,0.008931093403677039,0.1763546553807687,-0.16742356197709166,-0.22448608853893404,0.6698438288075145,-0.8943299173464485,2.8868905668183795,2.8803605338364764,0.006530032981903133
S43A13T03,filtered,88,2.933333333333333,False,False,0.2909186462580115,0.1279194248881997,0.001137140514201127,0.179491785652921,-0.17835464513871988,-0.2228335580704178,0.6724733647120489,-0.8953069227824667,2.878334161213758,2.876710634306669,0.0016235269070890013
S43A13T03,filtered,89,2.966666666666667,False,False,0.292078862001553,0.12444434391231907,-0.007727206927307139,0.1820758694759222,-0.18980307640322933,-0.22070258996634803,0.6764568952827188,-0.8971594852490669,2.868770411909948,2.8727504031212083,-0.003979991211260359
S43A13T03,filtered,90,3.0,False,False,0.29151677947371174,0.12163765909076021,-0.017730811622655173,0.18407733507879176,-0.20180814670144692,-0.21778713662240015,0.6818309025174989,-0.899618039139899,2.858155248153792,2.868501882684921,-0.010346634531128718
S43A13T03,filtered,91,3.033333333333333,False,False,0.28909725352004856,0.11972103002016865,-0.028953804112758313,0.1854763015880788,-0.2144301057008371,-0.2137052922897061,0.6885601320255093,-0.9022654243152154,2.84645763661394,2.864044632430038,-0.017586995816098128
S43A13T03,filtered,92,3.066666666666667,False,False,0.2847870473203518,0.11887273132965817,-0.04148865845871162,0.18625820334374066,-0.2277468618024523,-0.2080117468369297,0.6965280486595785,-0.9045397954965082,2.8336624506852286,2.85952795475523,-0.02586550407000132
S43A13T03,filtered,93,3.1,False,False,0.27866938515123246,0.11920796498967476,-0.05543950038567125,0.1864096641554827,-0.24184916454115396,-0.2002191554831194,0.7055283705608709,-0.9057475260439903,2.8197727359831695,2.8551772429848485,-0.035404507001679075
S43A13T03,filtered,94,3.1333333333333333,False,False,0.27094781985734856,0.1207617589955105,-0.07091927625751077,0.18591545199999918,-0.25683472825750997,-0.1898280396228968,0.7152579910913689,-0.9050860307142656,2.8048111500979047,2.851292250179109,-0.04648110008120421
S43A13T03,filtered,95,3.1666666666666665,False,False,0.2619360091648437,0.12347618128822488,-0.08804458528182636,0.18475717747789355,-0.2728017627597199,-0.1763638693767873,0.7253119164944359,-0.9016757858712232,2.7888204503011425,2.848235720291535,-0.059415269990392705
S43A13T03,filtered,96,3.2,False,False,0.25203060618939793,0.12719353722502674,-0.10692820941953013,0.18291408131994358,-0.2898422907394737,-0.15941900194486358,0.7351812137941144,-0.894600215738978,2.7718630189844604,2.846411791778344,-0.07454877279388361
S43A13T03,filtered,97,3.2333333333333334,False,False,0.24166619771156447,0.13165701733874918,-0.12766964799321648,0.18036582320935723,-0.3080354712025737,-0.1386962730638993,0.7442552948059308,-0.8829515678698301,2.754019534290696,2.8462347923124676,-0.09221525802177144
S43A13T03,filtered,98,3.2666666666666666,False,False,0.23125482560354105,0.13651987742449084,-0.15034424932409013,0.17709670103515446,-0.3274409503592446,-0.11405037875229486,0.7518300647772685,-0.8658804435295634,2.7353869935201636,2.848090361366869,-0.11270336784670532
S43A13T03,filtered,99,3.3,False,False,0.22111838311131088,0.1413636298930498,-0.17499179412246502,0.173100284636887,-0.348092078759352,-0.08552284982288605,0.7571234493671829,-0.842646299190069,2.7160763637192913,2.8522921025457744,-0.13621573882648308
S43A13T03,filtered,100,3.3333333333333335,False,False,0.21142872472124755,0.14572489320419252,-0.20160558507082915,0.16838314057398224,-0.3699887256448114,-0.053366498658911285,0.7592995119334149,-0.8126660105923262,2.696210157800472,2.8590380026330076,-0.16282784483253554
S43A13T03,filtered,101,3.3666666666666667,False,False,0.20217391477248137,0.14912951786943762,-0.23012319638398876,0.16296624667178866,-0.3930894430557774,-0.018055755952417284,0.7575017488042661,-0.7755575047566834,2.6759202132606936,2.868371491008068,-0.19245127774737458
S43A13T03,filtered,102,3.4,False,False,0.19316515429574455,0.15113147340173227,-0.26042000741275456,0.15688290945447714,-0.4173029168672317,0.019719685622308025,0.7508952157347415,-0.7311755301124334,2.6553458884935033,2.8801521176178113,-0.22480622912430803
S43A13T03,filtered,103,3.433333333333333,False,False,0.1840866305798275,0.15135289197247348,-0.2923064723552972,0.15017251467489368,-0.4424789870301909,0.05907910190850548,0.7387159656368915,-0.6796368637283859,2.63463279841792,2.894040324564295,-0.25940752614637486
S43A13T03,filtered,104,3.466666666666667,False,False,0.17457535733684287,0.14952082071124828,-0.32552977069314165,0.14287020594243932,-0.468399976635581,0.09899233717882121,0.7203250001924028,-0.6213326630135816,2.6139320993297135,2.9094996735292065,-0.295567574199493
S43A13T03,filtered,105,3.5,False,False,0.1643085530884297,0.1454958511416069,-0.3597800683003201,0.13499347992295443,-0.4947735482232746,0.13833647072520333,0.6952627432305221,-0.5569262725053188,2.593400216242812,2.9258182447841286,-0.3324180285413165
S43A13T03,filtered,106,3.533333333333333,False,False,0.1530765566860287,0.13928805595475868,-0.39470114408548757,0.12652754585907613,-0.5212286899445637,0.17596354507992645,0.6632991458517308,-0.4873356007718043,2.5731987980555204,2.9421488942941347,-0.3689500962386143
S43A13T03,filtered,107,3.566666666666667,False,False,0.14082697749014553,0.13105667284124578,-0.4299046602907866,0.11741194911215863,-0.5473166094029452,0.21077396161717732,0.624474134096257,-0.41370017247907964,2.553494599603827,2.957565860751309,-0.40407126114748193
S43A13T03,filtered,108,3.6,False,False,0.12767485885233926,0.12109171244934305,-0.4649869382171681,0.10753125630571735,-0.5725181945228854,0.24178926856582755,0.5791233552689381,-0.33733408670311055,2.534458937503638,2.9711331228877027,-0.43667418538406455
S43A13T03,filtered,109,3.6333333333333333,True,False,0.11388002122861696,0.1097779716273811,-0.4995468017141446,0.09671245235334143,-0.596259254067486,0.26821783559514445,0.5278851205443413,-0.2596672849491969,2.5162663600989896,2.9819782109645914,-0.46571185086560174
S43A13T03,filtered,110,3.6666666666666665,True,False,0.09979561593476884,0.09754450939577333,-0.533202911770513,0.08473108821627161,-0.6179339999867847,0.2895073895791593,0.4716860154960887,-0.1821786259169294,2.499092219578144,2.9893641467198107,-0.49027192714166645
S43A13T03,filtered,111,3.7,True,False,0.08579265245343728,0.0848050971553638,-0.5656090613484402,0.07132719892353574,-0.636936260271976,0.30537954538876616,0.4117046808054792,-0.10632513541671301,2.483108939570564,2.9927520229231916,-0.5096430833526275
S43A13T03,filtered,112,3.7333333333333334,True,False,0.07216658943560716,0.07189705156816222,-0.5964661310401945,0.05623070715258755,-0.6526968381927821,0.31584317861005934,0.34931549404840545,-0.03347231543834611,2.4684809287330403,2.991847517264235,-0.5233665885311947
S43A13T03,filtered,113,3.7666666666666666,True,False,0.05903780120652465,0.059026806547193354,-0.6255297985416101,0.03919461090836142,-0.6647244094499715,0.32118555391289877,0.286016017841047,0.03516953607185175,2.455358283661984,2.9866262990795533,-0.5312680154175693
S43A13T03,filtered,114,3.8,True,False,0.04627096507755154,0.04623032594472458,-0.6526135996309227,0.020032924347817276,-0.6726465239787399,0.3219422982907813,0.22334384745769048,0.09859845083309082,2.443869626712375,2.977335621389372,-0.5334659946769968
S43A13T03,filtered,115,3.8333333333333335,False,False,0.03345880684440345,0.033354960742784906,-0.6775874876715959,-0.0013406985370174682,-0.6762467891345785,0.3188493385173563,0.16278968342959382,0.15605965508776248,2.4341146043956674,2.964472076127448,-0.5303574717317807
S43A13T03,filtered,116,3.8666666666666667,False,False,0.020076237276822465,0.020066810098083858,-0.7003725548824127,-0.024878298460217465,-0.6754942564221952,0.312781578925683,0.10571394955833133,0.20706762936735165,2.4261567001464557,2.9487381571172735,-0.5225814569708178
S43A13T03,filtered,117,3.9,False,False,0.007321366504911926,0.005884441903674348,-0.7209329863321213,-0.050371524930226154,-0.6705614614018952,0.3046842049949406,0.05327404092847186,0.2514101640664687,2.4200170700187713,2.930982565645376,-0.5109654956266048
S43A13T03,filtered,118,3.933333333333333,False,False,0.01575986282305818,0.00976355021034328,-0.7392665580385172,-0.07743810503141735,-0.6618284530070998,0.29550295804738025,0.006368361509403812,0.28913459653797646,2.4156700821094406,2.912130818165439,-0.4964607360559983
S43A13T03,filtered,119,3.966666666666667,False,False,0.03603368658475277,0.027462754540975784,-0.7553950337600239,-0.10552363448306937,-0.6498713992769546,0.2861195138823729,-0.03439820532992326,0.32051771921229616,2.4130411333411668,2.8931134916004386,-0.48007235825927186
S43A13T03,filtered,120,4.0,True,False,0.060329675379443316,0.047726906776738284,-0.7693556659300856,-0.13391984620833663,-0.635435819721749,0.27729726840451296,-0.06872471755472559,0.34602198595923855,2.412007143773245,2.8747993084536585,-0.4627921646804136
S43A13T03,filtered,121,4.033333333333333,False,False,0.08824998359201403,0.07091106122090618,-0.781194702029963,-0.1617987120263796,-0.6193959900035834,0.2696415087711387,-0.09660005465725532,0.366241563428394,2.412399908673629,2.857939281783976,-0.4455393731103472
S43A13T03,filtered,122,4.066666666666666,False,False,0.11939911876540701,0.0971338228272105,-0.7909633987408717,-0.18825998359192933,-0.6027034151489424,0.2635763015355873,-0.11826614345576399,0.3818424449913513,2.4140122457792,2.843126474501614,-0.42911422872241367
S43A13T03,filtered,123,4.1,False,False,0.15309254728061336,0.12621786503416915,-0.7987166217713576,-0.2123882962509049,-0.5863283255204527,0.25933865811313755,-0.13416258859384964,0.39350124670698716,2.4166066345411124,2.830773823543632,-0.4141671890025198
S43A13T03,filtered,124,4.133333333333334,False,False,0.18834883613010614,0.15765639158388994,-0.8045137236181807,-0.2333149088555779,-0.5711988147626028,0.25698884134348876,-0.14485857798288557,0.40184741932637436,2.4199258302518545,2.8211102286831524,-0.40118439843129794
S43A13T03,filtered,125,4.166666666666667,False,False,0.22393359123504544,0.1906108587597807,-0.8084210933620698,-0.2502786291639129,-0.5581424641981569,0.2564342298384654,-0.1509791893716112,0.4074134192100766,2.423704770754845,2.8141930067775673,-0.3904882360227222
S43A13T03,filtered,126,4.2,False,False,0.2584309178388357,0.223942363392529,-0.8105155901402924,-0.26268050310448354,-0.5478350870358089,0.25746309154836333,-0.15313377566580783,0.41059686721417116,2.4276829938929607,2.809933131595473,-0.3822501377025125
S43A13T03,filtered,127,4.233333333333333,False,False,0.2903351007414489,0.256275863381519,-0.8108880136725721,-0.27012739294197935,-0.5407606207305928,0.25978401325492845,-0.1518538668270945,0.41163788008202296,2.4316167592932016,2.8081286156762397,-0.3765118563830381
S43A13T03,filtered,128,4.266666666666667,False,False,0.3181560097709674,0.28609310437118457,-0.8096458240218072,-0.2724605583976224,-0.5371852656241848,0.26306661028323375,-0.1475469864473845,0.41061359673061826,2.4352901181722237,2.808501048044116,-0.3732109298718922
S43A13T03,filtered,129,4.3,False,False,0.34053032481798495,0.3118470732631703,-0.8069144807640493,-0.26976668391251274,-0.5371477968515366,0.2669794691449313,-0.14047102125868485,0.40745049040361614,2.438524288880724,2.8107306747562752,-0.3722063858755513
S43A13T03,filtered,130,4.333333333333333,False,False,0.3563293526924539,0.3320882846338564,-0.802837004138418,-0.2623703468521437,-0.5404666572862742,0.27122197931869674,-0.13073147211224695,0.4019534514309437,2.441184854161834,2.814486384956325,-0.37330153079449113
S43A13T03,filtered,131,4.366666666666666,False,False,0.3647535484899537,0.3455915043446797,-0.7975716381157846,-0.2508085684600322,-0.5467630696557524,0.2755476814318569,-0.11830130491924229,0.39384898635109916,2.4431864733584927,2.819448341926299,-0.3762618685678061
S43A13T03,filtered,132,4.4,False,False,0.3654040305542023,0.35147084339919693,-0.7912877846930035,-0.23578969827243804,-0.5554980864205655,0.27977787300503987,-0.1030605125439711,0.38283838554901095,2.4444949734695776,2.825322523297734,-0.38082754982815636
S43A13T03,filtered,133,4.433333333333334,True,False,0.35832244867378465,0.34927164416537454,-0.7841606447159168,-0.21814031658414815,-0.5660203281317687,0.28380534264812207,-0.08485021074524544,0.36865555339336753,2.4451268264660455,2.8318478470918604,-0.3867210206258149
S43A13T03,filtered,134,4.466666666666667,False,False,0.3439925639093145,0.33902925138361983,-0.7763652078169088,-0.1987449643452378,-0.577620243471671,0.28758913350716797,-0.0635344086723963,0.35112354217956426,2.445146125186274,2.838797637672137,-0.39365151248586283
S43A13T03,filtered,135,4.5,False,False,0.3232998928195201,0.3212875172402324,-0.7680703514355425,-0.17848420522424985,-0.5895861462112926,0.2911420733902969,-0.03906172824097533,0.3302038016312722,2.4446592356562817,2.845977776240965,-0.4013185405846831
S43A13T03,filtered,136,4.533333333333333,False,False,0.297449933743723,0.29707352683005644,-0.759433814344125,-0.15817669761695793,-0.6012571167271671,0.29451338797754345,-0.01151940101939107,0.30603278899693453,2.4438073387202146,2.853223924005225,-0.40941658528501046
S43A13T03,filtered,137,4.566666666666666,False,False,0.2678512157808795,0.26782923864375957,-0.7505986951248825,-0.13853055325539018,-0.6120681418694923,0.2977690023664864,0.018827172093954445,0.27894183027253194,2.442757094230175,2.8603997394029483,-0.4176426451727733
S43A13T03,filtered,138,4.6,False,False,0.23597740447893503,0.23530511608140472,-0.7416918983046884,-0.12010828425233898,-0.6215836140523494,0.30097213344093116,0.05151428941491356,0.2494578440260176,2.441689685810693,2.867397157626039,-0.42570747181534596
S43A13T03,filtered,139,4.633333333333334,False,False,0.20323406669009456,0.20142491519646183,-0.7328246348738943,-0.10330815335638491,-0.6295164815175094,0.3041665070248157,0.08588197414077649,0.2182845328840392,2.440788551659946,2.8741387474371836,-0.43335019577723743
S43A13T03,filtered,140,4.666666666666667,False,False,0.1708721026822492,0.16813409716905006,-0.7240947202362629,-0.0883628710097359,-0.6357318492265269,0.3073640472705914,0.12109837130713565,0.18626567596345578,2.440226190250871,2.880581121738385,-0.4403549314875139
S43A13T03,filtered,141,4.7,True,False,0.14001491830586266,0.13724638822948065,-0.7155900554280643,-0.07535452282364402,-0.6402355326044202,0.31053824469001623,0.1562042650505463,0.15433397963946993,2.4401505535829533,2.886717561412112,-0.4465670078291586
S43A13T03,filtered,142,4.733333333333333,True,False,0.11191027650944263,0.1103034600400283,-0.7073923896252933,-0.06424261533742599,-0.6431497742878672,0.31362368641537963,0.1901733298639457,0.12345035655143394,2.4406716977001257,2.8925775845573916,-0.45190588685726585
S43A13T03,filtered,143,4.766666666666667,True,False,0.08858055340854863,0.08846138757896503,-0.6995803063027338,-0.05490048152974996,-0.6446798247729839,0.31652150356733366,0.22198215028916993,0.09453935327816373,2.4418495309976755,2.898221262761127,-0.45637173176345147
S43A13T03,filtered,144,4.8,True,False,0.07380422510442554,0.07241455571277244,-0.6922304015143871,-0.04715426384505668,-0.6450761376693304,0.3191098292383259,0.25068316944364033,0.0684266597946856,2.4436836545738254,2.903726686835375,-0.46004303226154963
S43A13T03,filtered,145,4.833333333333333,True,False,0.07220103667939602,0.06236340125955232,-0.6854158529682858,-0.040818497723026294,-0.6445973552452595,0.3212578315449591,0.2754736171948151,0.045784214350144015,2.4461063864043244,2.9091700705188464,-0.4630636841145219
S43A13T03,filtered,146,4.866666666666666,True,False,0.08369816007152547,0.0580273869251287,-0.6792019982843972,-0.03572304063746991,-0.6434789576469273,0.3228415403569583,0.29575409159111643,0.02708744876584185,2.4489800598076776,2.914599421310215,-0.46561936150253747
S43A13T03,filtered,147,4.9,False,False,0.10287391468367516,0.05869960657510215,-0.673639097455916,-0.031727668969176795,-0.6419114284867392,0.32375955463520206,0.31117170801015537,0.012587846625046695,2.452099547656473,2.920004290829956,-0.4679047431734831
S43A13T03,filtered,148,4.933333333333334,True,False,0.1246307511801002,0.06333508949203381,-0.6687530648544118,-0.028722884523450648,-0.6400301803309612,0.3239468060371343,0.3216444117216102,0.0023023943155241477,2.4552006617250552,2.9252855691609154,-0.4700849074358602
S43A13T03,filtered,149,4.966666666666667,True,False,0.14576092242606226,0.07066173579169853,-0.6645355188765958,-0.026617995133676325,-0.6379175237429194,0.32338484329450523,0.327364957351715,-0.0039801140572097715,2.4579746101163558,2.9302303132328733,-0.47225570311651754
S43A13T03,filtered,150,5.0,False,False,0.16420441488542767,0.0793012004867496,-0.6609349082128038,-0.02531994403445804,-0.6356149641783457,0.32210754677197506,0.328784974267305,-0.006677427495329957,2.4600880950827304,2.9344969368268536,-0.47440884174412323
S43A13T03,filtered,151,5.033333333333333,True,False,0.1785390839676278,0.08788704668195416,-0.6578506416822077,-0.024708236659317043,-0.6331424050228907,0.32020172286199033,0.32658126438170043,-0.006379541519710097,2.461207961133438,2.937615568447465,-0.4764076073140271
S43A13T03,filtered,152,5.066666666666666,False,False,0.1877998212471731,0.09516899089519679,-0.6551320127123232,-0.024612297234815464,-0.6305197154775077,0.3178025958423788,0.32160786472820496,-0.003805268885826163,2.461028645904448,2.939006968110939,-0.47797832220649106
S43A13T03,filtered,153,5.1,False,False,0.1914265652924139,0.10009476585116425,-0.652583253664858,-0.024797468856986027,-0.6277857848078721,0.3150847458199022,0.31483834966185886,0.00024639615804333825,2.459300140669042,2.938021205190217,-0.4787210645211748
S43A13T03,filtered,154,5.133333333333334,False,False,0.18924041820671755,0.10186459494583935,-0.6499753159888556,-0.024964625019538663,-0.6250106909693169,0.31224948144232345,0.30730330005721407,0.004946181385109383,2.455853823573208,2.9339945999874253,-0.47814077641421715
S43A13T03,filtered,155,5.166666666666667,True,False,0.1814112544005413,0.09995700049579068,-0.6470640375181198,-0.024766157653371604,-0.6222978798647482,0.3095099467391911,0.30002783652675247,0.00948211021243861,2.4506234549212698,2.9263205872836275,-0.4756971323623578
S43A13T03,filtered,156,5.2,False,False,0.16840962643757548,0.09412814198275479,-0.643613355923649,-0.023838280980405375,-0.6197750749432436,0.30707542161345724,0.293973655886003,0.013101765727454251,2.4436588563311625,2.9145275824156585,-0.4708687260844959
S43A13T03,filtered,157,5.233333333333333,False,False,0.1509505292804458,0.08438965377307128,-0.639421306756677,-0.021846585813905903,-0.6175747209427711,0.3051362808116742,0.28998921697636987,0.015147063835304342,2.435130333538554,2.898355018732763,-0.4632246851942088
S43A13T03,filtered,158,5.266666666666667,False,False,0.12994746931687223,0.07097170656060012,-0.6343458548453387,-0.01853908125972934,-0.6158067735856093,0.30385093713720296,0.2887707053746855,0.015080231762517438,2.4253227078703548,2.8778178140171846,-0.45249510614682986
S43A13T03,filtered,159,5.3,False,False,0.10651381222569734,0.054278607709402495,-0.6283272754989959,-0.013799025438007092,-0.6145282500609889,0.3033358338424734,0.29083527992118763,0.012500553921285795,2.414618821649451,2.8532498372538004,-0.43863101560434936
S43A13T03,filtered,160,5.333333333333333,False,False,0.0821088271562359,0.03484372207785066,-0.6214039096137645,-0.007689027114325238,-0.6137148824994392,0.30365920024858445,0.29650696994721853,0.007152230301365914,2.403473478075469,2.825318564011556,-0.42184508593608694
S43A13T03,filtered,161,5.366666666666666,True,False,0.05916679317904286,0.013289040015569189,-0.6137186858614032,-0.00047838528412815634,-0.6132403005772751,0.3048388814142058,0.3059145390006028,-0.0010756575863969942,2.392379847932067,2.795005935027212,-0.402626087095145
S43A13T03,filtered,162,5.4,False,False,0.04322294573518518,0.009707336253335619,-0.6055147843733193,0.007352591438314811,-0.6128673758116341,0.3068441378348197,0.3189997365027619,-0.012155598667942247,2.381831297943674,2.7635541962781214,-0.38172289833444717
S43A13T03,filtered,163,5.433333333333334,False,False,0.043716744288301176,0.033434793544768436,-0.5971200907159705,0.015134707448715421,-0.6122547981646859,0.3096009256469923,0.33553369424541657,-0.02593276859842425,2.372282248294976,2.732379766438184,-0.360097518143208
S43A13T03,filtered,164,5.466666666666667,True,False,0.059393563453952636,0.057166021982857966,-0.5889214816713636,0.022058380340237934,-0.6109798620116015,0.3129998503149898,0.3551388537155097,-0.0421390034005199,2.3641119488546076,2.702962398540713,-0.33885044968610556
S43A13T03,filtered,165,5.5,True,False,0.0804079510838219,0.08016780878664846,-0.5813312910265584,0.0272448463927779,-0.6085761374193364,0.31690577105408607,0.37731378129725057,-0.0604080102431645,2.357594909564603,2.67672048097339,-0.31912557140878706
S43A13T03,filtered,166,5.533333333333333,True,False,0.10171936295778228,0.10171051003693178,-0.5747493262923938,0.029833219639055684,-0.6045825459314496,0.32116794454109987,0.4014585588661998,-0.08029061432509993,2.3528811169301918,2.6548857113148063,-0.3020045943846146
S43A13T03,filtered,167,5.566666666666666,True,False,0.12124673262729792,0.1210800186490892,-0.5695243935910725,0.029074266872355307,-0.5985986604634278,0.3256296465503287,0.42689909373523716,-0.10126944718490843,2.349988167227131,2.638391175715356,-0.288403008488225
S43A13T03,filtered,168,5.6,False,True,0.137867282084148,0.13759537858051374,-0.5659193626434593,0.02442066161598035,-0.5903400242594397,0.3301363923026171,0.45290957422694544,-0.12277318192432835,2.348806165453471,2.627785901103881,-0.27897973565041
S43A13T03,filtered,169,5.633333333333334,False,True,0.15085009293354498,0.1506338776491054,-0.5640833816083903,0.01560364844367039,-0.5796870300520607,0.33454216293396477,0.4787332391797016,-0.14419107624573685,2.3491148432993176,2.623186293246305,-0.2740714499469874
S43A13T03,filtered,170,5.666666666666667,False,True,0.15972678767716159,0.15966370515810896,-0.5640340257204626,0.0026873742171342266,-0.5667213999375968,0.33871339083706803,0.5036024254945637,-0.16488903465749566,2.350611022252459,2.6242708360769864,-0.2736598138245272
S43A13T03,filtered,171,5.7,False,True,0.16429643192333734,0.1642823528344878,-0.5656510755940097,-0.013905616023463671,-0.5517454595705461,0.3425308047714498,0.5267593107053252,-0.1842285059338754,2.3529434548464034,2.6303194936777436,-0.2773760388313402
S43A13T03,filtered,172,5.733333333333333,False,False,0.16467861191012995,0.16425714975018557,-0.5686824246140456,-0.033401364378075254,-0.5352810602359703,0.3458895313539743,0.547478745596427,-0.20158921424245263,2.3557513422564793,2.640294037314744,-0.2845426950582648
S43A13T03,filtered,173,5.766666666666667,False,False,0.16137957139700743,0.15956292382145107,-0.5727614488718993,-0.054714451580752506,-0.5180469972911468,0.3486980489085127,0.5650940487403573,-0.2163959998318446,2.358702522519393,2.6529506852082134,-0.29424816268882026
S43A13T03,filtered,174,5.8,False,False,0.15534238904145176,0.1504110082885689,-0.5774341472070742,-0.07651823131680141,-0.5009159158902727,0.35087666775844467,0.5790257016429035,-0.22814903388445879,2.3615274699304214,2.666972633540011,-0.3054451636095896
S43A13T03,filtered,175,5.833333333333333,True,False,0.14793638127445094,0.1372638328779203,-0.5821935502303391,-0.09733976392374495,-0.4848537863065942,0.3523561656265367,0.5888117304692697,-0.236455564842733,2.3640458111573843,2.681107788386614,-0.3170619772292298
S43A13T03,filtered,176,5.866666666666666,True,False,0.14080846781088688,0.12083023751310591,-0.58651835311402,-0.11567148333771746,-0.4708468697763025,0.35307705762209657,0.5941374374210279,-0.2410603797989313,2.3661829695006205,2.6942965775332457,-0.32811360803262524
S43A13T03,filtered,177,5.9,True,False,0.13550645447915632,0.10203838956149006,-0.5899124695717785,-0.13008997856421228,-0.45982249100756617,0.35298976443758834,0.594861308000608,-0.24187154356301965,2.3679756793639215,2.7057761534695186,-0.3378004741055971
S43A13T03,filtered,178,5.933333333333334,False,False,0.1328989656172069,0.081985616897776,-0.5919422347243432,-0.13937150824900332,-0.4525707264753398,0.35205570605606756,0.5910335792106719,-0.23897787315460434,2.3695663269465994,2.7151503441722085,-0.34558401722560905
S43A13T03,filtered,179,5.966666666666667,False,False,0.13269844820577326,0.06186731213328328,-0.5922682846048897,-0.14259407956396186,-0.4496742050409278,0.3502491363712458,0.5829042241482921,-0.23265508777704635,2.371187221991008,2.722418894007779,-0.35123167201677097
S43A13T03,filtered,180,6.0,True,False,0.13349558970323083,0.04288994758195584,-0.5906696741653334,-0.13921710109078997,-0.45145257307454345,0.3475593801213558,0.5709179817566914,-0.2233586016353356,2.3731368546998817,2.727964260416618,-0.35482740571673643
S43A13T03,filtered,181,6.033333333333333,False,False,0.1333038308274744,0.026175747684582334,-0.5870585110664677,-0.1291316484831127,-0.45792686258335497,0.34399305331964647,0.5556953996759302,-0.2117023463562837,2.3757508408307952,2.7324988668095216,-0.35674802597872635
S43A13T03,filtered,182,6.066666666666666,False,False,0.13020182044483083,0.012668294556200527,-0.581484212545102,-0.11267704891488337,-0.46880716363021857,0.3395758406194453,0.5380004304878984,-0.19842458986845307,2.379370553324442,2.7369797073917144,-0.35760915406727234
S43A13T03,filtered,183,6.1,False,False,0.12276666171494666,0.0030489816520106044,-0.5741273626177034,-0.09062251522468565,-0.4835048473930177,0.33435345573258063,0.5186966624200102,-0.1843432066874296,2.3843123811627964,2.74250015349635,-0.3581877723335536
S43A13T03,filtered,184,6.133333333333334,True,False,0.11027633883377816,0.0023263784280671274,-0.5652839822460112,-0.06411563639935784,-0.5011683458466534,0.3283915094545982,0.49869554754461665,-0.17030403809001843,2.390840196419551,2.75017050887496,-0.35933031245540903
S43A13T03,filtered,185,6.166666666666667,False,False,0.0927742971294484,0.0034633144914409733,-0.5553417589958772,-0.0346023641786572,-0.5207393948172201,0.3217741411577195,0.47890086768347184,-0.15712672652575232,2.3991430374083014,2.7609992739647353,-0.36185623655643395
S43A13T03,filtered,186,6.2,False,False,0.07109326216830879,0.0007321827140801991,-0.5447503615198975,-0.0037254743748859447,-0.5410248871450116,0.31460142155519333,0.46015408908263794,-0.1455526675274446,2.409319335898422,2.775786324069582,-0.36646698817115997
S43A13T03,filtered,187,6.233333333333333,True,False,0.04703649767409208,0.0051617867050932735,-0.5339883503276582,0.02678986801155111,-0.5607782183392094,0.30698569191137204,0.4431852006904258,-0.13619950877905374,2.4213683306760334,2.795037489895991,-0.3736691592199577
S43A13T03,filtered,188,6.266666666666667,False,False,0.025114179700849355,0.013239378602667988,-0.5235293689105155,0.05525397586837166,-0.5787833447788872,0.29904714812143907,0.4285731420608027,-0.12952599393936365,2.4351886950286765,2.8189075916429474,-0.38371889661427083
S43A13T03,filtered,189,6.3,False,False,0.02258163942024158,0.022333331213286386,-0.5138102533928726,0.0801245088974665,-0.593934762290339,0.29090908607177446,0.4167190628246633,-0.12580997675288885,2.450583905302335,2.847176064825068,-0.3965921595227333
S43A13T03,filtered,190,6.333333333333333,False,False,0.04026099525529669,0.031190765859095873,-0.5052034441993972,0.10010378797161176,-0.605307232171009,0.2826932797133896,0.4078344953386073,-0.12514121562521768,2.4672735037030002,2.8792561744182805,-0.4119826707152803
S43A13T03,filtered,191,6.366666666666666,True,False,0.0579895681567542,0.038581903629862926,-0.4979956431756511,0.11421460013234397,-0.612210243307995,0.2745159553698227,0.4019451682612356,-0.1274292128914129,2.4849091523201303,2.9142357049823637,-0.4293265526622334
S43A13T03,filtered,192,6.4,True,False,0.07035051272844535,0.04340440727548839,-0.49237407055928456,0.12184968121970083,-0.6142237517789854,0.26648475458852294,0.3989097661163217,-0.13242501152779873,2.503094219362317,2.950944216422111,-0.447849997059794
S43A13T03,filtered,193,6.433333333333334,False,False,0.07530151864630563,0.0447734226493364,-0.48842098643844795,0.12279250754458741,-0.6112134939830354,0.25869695202772836,0.3984515858297042,-0.13975463380197584,2.521405565106364,2.9880397423363014,-0.4666341772299374
S43A13T03,filtered,194,6.466666666666667,False,False,0.07176811997321833,0.04208918461915162,-0.4861164090056495,0.11720952294233752,-0.603325931947987,0.2512390302100447,0.40019988919409366,-0.14896085898404898,2.539416190069829,3.0241064077904816,-0.4846902177206527
S43A13T03,filtered,195,6.5,True,False,0.05936371926545321,0.03507664337352369,-0.4853482517364136,0.10561623983281213,-0.5909644915692257,0.24418752977984778,0.40373691002300405,-0.15954938024315626,2.5567174610679784,3.057753988305502,-0.5010365272375235
S43A13T03,filtered,196,6.533333333333333,False,False,0.03835184635038421,0.02379462525558304,-0.48592847994950106,0.08882159099614549,-0.5747500709456466,0.23761091459555492,0.40864601775138765,-0.17103510315583273,2.572939733508049,3.08771092767758,-0.5147711941695312
S43A13T03,filtered,197,6.566666666666666,False,False,0.010158698270163177,0.008615196898468333,-0.48761341536465397,0.06785633300893226,-0.5554697483735862,0.23157203794025397,0.4145564934378616,-0.18298445549760764,2.5877703316895615,3.1129036542879245,-0.525133322598363
S43A13T03,filtered,198,6.6,True,False,0.026961651608735905,0.009823208824286347,-0.49012604365057677,0.04389212733132365,-0.5340181709819004,0.22613068973238093,0.4211807285879138,-0.19505003885553285,2.6009680229710335,3.1325169526534946,-0.5315489296824611
S43A13T03,filtered,199,6.633333333333334,False,False,0.06739906707663819,0.030683026223151562,-0.493178132362653,0.01815811913899269,-0.5113362515016457,0.22134566140499737,0.42834037073561115,-0.20699470933061379,2.6123733157830666,3.146032365522549,-0.5336590497394824
S43A13T03,filtered,200,6.666666666666667,False,False,0.11118074721021266,0.05300772773824361,-0.49649014705442546,-0.008138582097387471,-0.48835156495703796,0.21727579589469137,0.4359789487554337,-0.21870315286074232,2.621914116912098,3.153243820688646,-0.5313297037765481
S43A13T03,filtered,201,6.7,True,False,0.15621171935724712,0.07580683201144987,-0.49980733642233116,-0.03388307028663921,-0.46592426613569193,0.2139795981477129,0.4441597350937877,-0.2301801369460748,2.629606496798808,3.154251641202345,-0.5246451444035367
S43A13T03,filtered,202,6.733333333333333,False,False,0.2005462874886802,0.0981378009927863,-0.502910893529926,-0.05810937902961931,-0.4448015145003067,0.21151316084595134,0.4530489488438345,-0.24153578799788317,2.6355505357602493,3.1494376375057707,-0.5138871017455213
S43A13T03,filtered,203,6.766666666666667,True,False,0.2424052460243472,0.11917773259242023,-0.5056237221346516,-0.08004132962945655,-0.42558239250519503,0.20992639491683265,0.4628857728595104,-0.25295937794267775,2.639921464794793,3.1394250185943964,-0.4995035537996033
S43A13T03,filtered,204,6.8,False,False,0.2802644355298735,0.13827913416230725,-0.5078109687589568,-0.09911671655663526,-0.4086942522023216,0.20925781930634235,0.47394194779080084,-0.2646841284844585,2.6429565727944975,3.1250273954800667,-0.4820708226855692
S43A13T03,filtered,205,6.833333333333333,False,False,0.3129268709191867,0.1550057839437573,-0.5093760473997455,-0.11499560118110341,-0.3943804462186421,0.20952842581032777,0.4864748150835361,-0.27694638927320836,2.644938616699926,3.107191229758828,-0.4622526130589022
S43A13T03,filtered,206,6.866666666666666,False,False,0.33956874246111374,0.16914659707760396,-0.5102533205964014,-0.1275547169586914,-0.38269860363771,0.2107353543118481,0.5006785107698145,-0.2899431564579664,2.6461767192347643,3.08693577701206,-0.44075905777729574
S43A13T03,filtered,207,6.9,False,False,0.3597576959487709,0.18070738309250722,-0.5103988633068254,-0.13687078389340174,-0.37352807941342364,0.2128462544776257,0.5166384669476143,-0.30379221246998855,2.6469859414181607,3.065293988694328,-0.4183080472761671
S43A13T03,filtered,208,6.933333333333334,False,False,0.3734447719781079,0.18988230137327983,-0.5097808051479791,-0.14319583265699337,-0.3665849724909857,0.2157952422810149,0.5342943733855661,-0.3184991311045512,2.647666848537189,3.0432570940624144,-0.39559024552522537
S43A13T03,filtered,209,6.966666666666667,False,False,0.3809331311010887,0.19700857912264172,-0.508370629580705,-0.14692747543962273,-0.3614431541410823,0.21948126732262127,0.5534162284997326,-0.3339349611771113,2.6484864327757536,3.021724830784359,-0.37323839800860537
S43A13T03,filtered,210,7.0,False,False,0.38282758128308003,0.2025095376809953,-0.5061365377282575,-0.14857653444526356,-0.357560003282994,0.22376949038048505,0.5735970538371012,-0.3498275634566162,2.649661707843329,3.001462667758357,-0.35180095991502824
S43A13T03,filtered,211,7.033333333333333,False,False,0.37996898813288127,0.20683206313970998,-0.5030396101567199,-0.14873371169600827,-0.3543058984607117,0.22849594861390235,0.5942643103807707,-0.36576836176686833,2.6513471527556054,2.983066965975453,-0.33171981321984756
S43A13T03,filtered,212,7.066666666666666,False,False,0.3733570818186332,0.21038525110149722,-0.49903308170529653,-0.14803624539389873,-0.3509968363113978,0.2334753939449837,0.6147101628748664,-0.3812347689298826,2.6536269589717296,2.966938886347511,-0.3133119273757812
S43A13T03,filtered,213,7.1,False,False,0.3640645403902012,0.21348696770792117,-0.49406464075155665,-0.14713492848170293,-0.3469297122698537,0.23851177716747937,0.6341386816339416,-0.3956269044664622,2.6565127344395307,2.9532679324510536,-0.29675519801152284
S43A13T03,filtered,214,7.133333333333334,False,False,0.3531455075308083,0.21632444284622426,-0.48808132268423815,-0.14666159636591067,-0.3414197263183275,0.24341047215013065,0.6517260873073203,-0.4083156151571896,2.6599469490207857,2.9420261957644525,-0.2820792467436668
S43A13T03,filtered,215,7.166666666666667,False,False,0.34154399017773146,0.21893372949677992,-0.48103631754005705,-0.14719727836532664,-0.3338390391747304,0.24799104571721853,0.6666884821283885,-0.41869743641116997,2.6638119828192024,2.9329744914222875,-0.2691625086030851
S43A13T03,filtered,216,7.2,False,False,0.3300121942754559,0.22120096216046564,-0.4728968631607086,-0.14924161735091732,-0.3236552458097913,0.2520992237118413,0.6783503940900006,-0.42625117037815935,2.6679441855226997,2.92568146761046,-0.25773728208776037
S43A13T03,filtered,217,7.233333333333333,False,False,0.31905404253731895,0.22288593527920367,-0.4636523398510257,-0.1531847783537793,-0.3104675614972464,0.25561670884945603,0.6862070501355924,-0.4305903412861363,2.672151905263199,2.919556309900817,-0.24740440463761804
S43A13T03,filtered,218,7.266666666666667,False,False,0.30891066057070743,0.22366579534508618,-0.45332170221206597,-0.15928371768808156,-0.29403798452398444,0.2584676759001443,0.6899736685262443,-0.4315059926261,2.6762360438270085,2.9138947817612655,-0.23765873793425696
S43A13T03,filtered,219,7.3,False,False,0.29959812575154837,0.22319388875511634,-0.44195945925281094,-0.16764517922407643,-0.2743142800287345,0.2606210877233634,0.6896162031991537,-0.42899511547579033,2.6800113911287404,2.9079370777233216,-0.22792568659458112
S43A13T03,filtered,220,7.333333333333333,False,False,0.29099312364153157,0.22116640455901543,-0.42965953172818877,-0.17821795546475774,-0.251441576263431,0.2620884075326513,0.6853597782038274,-0.42327137067117615,2.683326834330704,2.9009344531219803,-0.2176076187912761
S43A13T03,filtered,221,7.366666666666666,True,False,0.282945548188229,0.21738781054329476,-0.4165564708493338,-0.19079668297820115,-0.22575978787113263,0.2629167827321215,0.6776733347407139,-0.4147565520085924,2.686082564481199,2.8922200608418067,-0.20613749636060774
S43A13T03,filtered,222,7.4,False,False,0.27538695216610815,0.21182558261301437,-0.40282371474530165,-0.20503868971801756,-0.1977850250272841,0.2631782921869147,0.6672315345758955,-0.40405324238898077,2.6882426348861963,2.8812781501429328,-0.19303551525673646
S43A13T03,filtered,223,7.433333333333334,True,False,0.2684042355992871,0.20464562343349682,-0.38866878588331577,-0.22049420493007593,-0.16817458095323984,0.2629563289652325,0.6548574432520619,-0.39190111428682933,2.6898416511067773,2.8678050400677684,-0.17796338896099106
S43A13T03,filtered,224,7.466666666666667,False,False,0.26225727352612954,0.19622209125613765,-0.37432558370526586,-0.2366486813483003,-0.13767690235696556,0.2623305830786307,0.6414516672502525,-0.37912108417162177,2.690984950692066,2.851755280501095,-0.16077032980902928
S43A13T03,filtered,225,7.5,True,False,0.2573338226138678,0.18711887505113842,-0.3600441822405222,-0.25297423397196606,-0.10706994826855615,0.261362345981758,0.6279151761443189,-0.3665528301625609,2.6918422907891983,2.8333672573590594,-0.14152496656986102
S43A13T03,filtered,226,7.533333333333333,True,False,0.25405325828349884,0.17804414943227145,-0.34607877642218116,-0.2689855047163435,-0.07709327170583763,0.2600819397765493,0.6150737944246538,-0.3549918546481045,2.6926357149799096,2.813164151340761,-0.1205284363608512
S43A13T03,filtered,227,7.566666666666666,True,False,0.25275019563025175,0.1697836191121418,-0.3326746070116843,-0.2842939039605961,-0.04838070305108816,0.25847995017990333,0.6036121753306747,-0.34513222515077135,2.693622827071226,2.7919284596111877,-0.09830563253996161
S43A13T03,filtered,228,7.6,True,False,0.253581739625466,0.16312145646306797,-0.3200548121605815,-0.29865346393913644,-0.02140134822144507,0.25650360322806953,0.5940239600185604,-0.33752035679049086,2.695077086173402,2.770650970921981,-0.07557388474857873
S43A13T03,filtered,229,7.633333333333334,True,False,0.25649569087939317,0.15875989842325486,-0.308408193584052,-0.31199173336662894,0.0035835397825769166,0.254059087876756,0.5865828962041042,-0.3325238083273482,2.697266914063227,2.750457820540621,-0.05319090647739433
S43A13T03,filtered,230,7.666666666666667,True,False,0.2612685004162206,0.1572486190213689,-0.29787884729403735,-0.3244204035281889,0.026541556234151553,0.25101993844542914,0.5813371825558478,-0.33031724411041863,2.7004353730059063,2.7325217052846407,-0.032086332278734364
S43A13T03,filtered,231,7.7,True,False,0.26758766833196534,0.1589333057546663,-0.2885584997284471,-0.3362226533769358,0.047664153648488694,0.2472408316132769,0.5781265569416515,-0.33088572532837457,2.7047819673570683,2.717965212422749,-0.013183245065680804
S43A13T03,filtered,232,7.733333333333333,True,False,0.27513707956976896,0.16392967067473102,-0.28048221873101237,-0.3478172815626469,0.06733506283163454,0.24257542366663998,0.5766190383599596,-0.33404361469331967,2.7104478057341685,2.707765285934779,0.0026825197993893823
S43A13T03,filtered,233,7.766666666666667,False,True,0.28365283674700087,0.17212502195508234,-0.27362794335086,-0.35970310363414915,0.08607516028328915,0.23689626163945307,0.5763621169504343,-0.33946585531098117,2.717504996664874,2.702667993115222,0.014837003549652117
S43A13T03,filtered,234,7.8,False,False,0.2929393110510451,0.18320525501838736,-0.26792000504140095,-0.3723902620384241,0.10447025699702317,0.2301144394258679,0.5768418272554392,-0.3467273878295713,2.725950791173286,2.703121940687849,0.022828850485437258
S43A13T03,filtered,235,7.833333333333333,True,False,0.3028544009574063,0.19670144112133542,-0.26323650625643374,-0.38632744811744624,0.12309094186101249,0.2221965977523043,0.5775426716795162,-0.35534607392721196,2.7357066606246923,2.7092369976527317,0.026469662971960517
S43A13T03,filtered,236,7.866666666666666,True,False,0.3132815820875051,0.21204770948069618,-0.25942009626666046,-0.4018350975302572,0.14241500126359674,0.2131771032252178,0.5780017800417301,-0.3648246768165123,2.746622214521628,2.720772571891269,0.025849642630358716
S43A13T03,filtered,237,7.9,True,False,0.3241047800859447,0.22864120991549441,-0.25629136028503763,-0.4190541213845925,0.1627627610995549,0.20316375956756186,0.5778518712138914,-0.37468811164632954,2.758483612138679,2.737156786057265,0.021326826081413675
S43A13T03,filtered,238,7.933333333333334,True,False,0.3351948115450814,0.24589567521134764,-0.2536637459591604,-0.43791767004972004,0.18425392409055963,0.19233613756600326,0.5768493112018864,-0.38451317363588317,2.77102589055463,2.757534782504815,0.013491108049815015
S43A13T03,filtered,239,7.966666666666667,True,False,0.3464080553785795,0.263282232568913,-0.25135872701209605,-0.45815008363329845,0.2067913566212024,0.18093646578021425,0.57488558201413,-0.3939491162339157,2.7839484129298913,2.7808413693286576,0.0031070436012337055
S43A13T03,filtered,240,8.0,False,False,0.3575926971886379,0.2803541422109159,-0.24921978694085994,-0.47929310944287906,0.23007332250201912,0.16925389482730016,0.5719825257774325,-0.40272863095013234,2.796932440865423,2.805890630798925,-0.008958189933502059
