trial,mode,frame0,nominal_time_s,raw_review_flag,raw_repeated_previous,foot_separation_camera_xz_m,foot_separation_camera_x_m,com_camera_x_m,foot_midpoint_camera_x_m,com_relative_to_foot_midpoint_camera_x_m,com_camera_y_m,foot_midpoint_camera_y_m,com_relative_to_foot_midpoint_camera_y_m,com_camera_z_m,foot_midpoint_camera_z_m,com_relative_to_foot_midpoint_camera_z_m
S43A12T01,raw,0,0.0,False,False,0.2936368289905997,0.07502050781250014,-1.4336206756076293,-1.2224573974609374,-0.2111632781466919,-0.1478164614261189,0.6809648132324219,-0.8287812746585408,2.015268648868754,2.0619213256835938,-0.046652676814839644
S43A12T01,raw,1,0.03333333333333333,False,False,0.2916880831793588,0.07356945800781256,-1.4324150566653715,-1.2191666870117188,-0.21324836965365268,-0.14825171198267867,0.6816934814453126,-0.8299451934279913,2.014826226656362,2.05896923828125,-0.044143011624888207
S43A12T01,raw,2,0.06666666666666667,False,False,0.29503933289047213,0.07436779785156244,-1.432656078544475,-1.2182212524414062,-0.21443482610306885,-0.14850659468356886,0.6787485961914063,-0.8272551908749751,2.014449942057375,2.057603637695313,-0.043153695637937695
S43A12T01,raw,3,0.1,False,False,0.2994216366109373,0.08271179199218759,-1.4313951883610336,-1.2142366333007812,-0.2171585550602524,-0.14800999137010926,0.6842613830566406,-0.8322713744267499,2.0118491374139613,2.0508113403320314,-0.038962202918070066
S43A12T01,raw,4,0.13333333333333333,False,False,0.2951863036417429,0.07987304687499996,-1.4325163521204904,-1.212852783203125,-0.21966356891736538,-0.1485970943589481,0.6789386596679687,-0.8275357540269168,2.0137393240843053,2.051608215332031,-0.037868891247725855
S43A12T01,raw,5,0.16666666666666666,False,False,0.2949299140871806,0.058671997070312454,-1.4266901061440618,-1.2009684448242188,-0.22572166131984295,-0.14486538866550425,0.6809994506835938,-0.825864839349098,2.018636349675285,2.069259582519531,-0.05062323284424597
S43A12T01,raw,6,0.2,False,False,0.2920210876585892,0.05861596679687486,-1.4234291849564473,-1.1884490966796877,-0.23498008827675965,-0.14571209471526775,0.6787474975585938,-0.8244595922738616,2.0213478678676706,2.079836120605469,-0.05848825273779834
S43A12T01,raw,7,0.23333333333333334,False,False,0.290843549439389,0.060566772460937335,-1.4230505755277847,-1.1847747192382814,-0.23827585628950332,-0.1457023856807502,0.6769191589355469,-0.8226215446162971,2.0225945824441864,2.086886474609375,-0.06429189216518871
S43A12T01,raw,8,0.26666666666666666,False,False,0.290794338906316,0.060589599609375044,-1.423085578973124,-1.1846982421874999,-0.23838733678562418,-0.14574012429947447,0.6768797607421875,-0.822619885041662,2.022678513856527,2.0867607421875,-0.06408222833097277
S43A12T01,raw,9,0.3,False,True,0.290794338906316,0.060589599609375044,-1.423085578973124,-1.1846982421874999,-0.23838733678562418,-0.14574012429947447,0.6768797607421875,-0.822619885041662,2.022678513856527,2.0867607421875,-0.06408222833097277
S43A12T01,raw,10,0.3333333333333333,False,True,0.290794338906316,0.060589599609375044,-1.423085578973124,-1.1846982421874999,-0.23838733678562418,-0.14574012429947447,0.6768797607421875,-0.822619885041662,2.022678513856527,2.0867607421875,-0.06408222833097277
S43A12T01,raw,11,0.36666666666666664,False,False,0.29171215277247337,0.07820031738281252,-1.4243071550555642,-1.184792663574219,-0.23951449148134518,-0.14586642098946492,0.6801056823730469,-0.8259721033625118,2.020366637011487,2.0783645629882814,-0.05799792597679421
S43A12T01,raw,12,0.4,False,False,0.28938197657250025,0.06281628417968754,-1.4242346825517926,-1.1879369506835937,-0.2362977318681989,-0.14497045929824884,0.6816977233886719,-0.8266681826869207,2.0201314496033542,2.0745078125000003,-0.05437636289664605
S43A12T01,raw,13,0.43333333333333335,False,False,0.2851072661627127,0.08092419433593734,-1.4274203706539013,-1.2007767944335939,-0.2266435762203074,-0.14909915463603765,0.6736110229492187,-0.8227101775852563,2.012681123018562,2.0620324096679687,-0.04935128664940658
S43A12T01,raw,14,0.4666666666666667,False,False,0.28901874394921745,0.07639453124999984,-1.4282580138228078,-1.2043311767578126,-0.22392683706499517,-0.14479278526002803,0.6831890563964844,-0.8279818416565125,2.012957991207583,2.0598162841796874,-0.04685829297210464
S43A12T01,raw,15,0.5,False,False,0.2889387070637109,0.07095520019531243,-1.4272855634480224,-1.2014574584960938,-0.22582810495192862,-0.1447595363657316,0.6841280212402344,-0.828887557605966,2.01201485972096,2.057079040527344,-0.04506418080638408
S43A12T01,raw,16,0.5333333333333333,False,False,0.2866583486378769,0.07025451660156246,-1.4275777456104743,-1.2039342651367186,-0.2236434804737557,-0.14522163300822424,0.6834527587890624,-0.8286743917972866,2.008908089838432,2.051071533203125,-0.04216344336469291
S43A12T01,raw,17,0.5666666666666667,False,False,0.28912779892803286,0.07097204589843753,-1.4277017185893226,-1.202327087402344,-0.22537463118697865,-0.1445608016343982,0.6831466369628907,-0.8277074385972889,2.01013652480961,2.053394775390625,-0.043258250581014845
S43A12T01,raw,18,0.6,False,True,0.28912779892803286,0.07097204589843753,-1.4277017185893226,-1.202327087402344,-0.22537463118697865,-0.1445608016343982,0.6831466369628907,-0.8277074385972889,2.01013652480961,2.053394775390625,-0.043258250581014845
S43A12T01,raw,19,0.6333333333333333,False,False,0.29071287855823424,0.07437500000000008,-1.4285816581198354,-1.20856103515625,-0.2200206229635855,-0.14425505488306806,0.6853623962402344,-0.8296174511233025,2.0047286141937097,2.0436572875976564,-0.03892867340394668
S43A12T01,raw,20,0.6666666666666666,False,False,0.2915962172666677,0.05649584960937504,-1.4218255680209817,-1.1971712646484374,-0.22465430337254433,-0.14000024269548628,0.6913430480957031,-0.8313432907911894,2.013413766020052,2.063243347167969,-0.0498295811479168
S43A12T01,raw,21,0.7,False,False,0.29056937736568633,0.07228564453124986,-1.4208018034327092,-1.195466796875,-0.22533500655770933,-0.14192629777752808,0.6839468994140625,-0.8258731971915906,2.0123419690947246,2.0695093383789063,-0.057167369284181646
S43A12T01,raw,22,0.7333333333333333,False,False,0.29325377727318386,0.0794366455078126,-1.420087595498112,-1.1933449096679687,-0.22674268583014334,-0.14166775467222473,0.6821975402832031,-0.8238652949554278,2.0136983540835116,2.0754282836914064,-0.06172992960789481
S43A12T01,raw,23,0.7666666666666667,False,False,0.2960638644654276,0.08299365234375,-1.4194796418265871,-1.1905467529296874,-0.22893288889689978,-0.1416524752977528,0.6806062927246094,-0.8222587680223622,2.013609148272735,2.076033935546875,-0.06242478727413969
S43A12T01,raw,24,0.8,False,False,0.2996092555879158,0.09871093749999993,-1.4215442479663594,-1.198607421875,-0.22293682609135934,-0.14245707671491617,0.6791585083007813,-0.8216155850156974,2.008307685108567,2.068927734375,-0.06062004926643283
S43A12T01,raw,25,0.8333333333333334,False,False,0.30298203543033225,0.07782458496093736,-1.4229701526570286,-1.1920828247070312,-0.23088732794999745,-0.14007384058278935,0.6886813049316407,-0.8287551455144301,2.009699732912361,2.060491943359375,-0.050792210447013986
S43A12T01,raw,26,0.8666666666666667,False,False,0.28856546332219846,0.018997314453125025,-1.416384313477007,-1.1781768798828125,-0.2382074335941946,-0.13827606922391716,0.6869761352539063,-0.8252522044778234,2.0282588366784755,2.09860888671875,-0.0703500500402745
S43A12T01,raw,27,0.9,False,True,0.28856546332219846,0.018997314453125025,-1.416384313477007,-1.1781768798828125,-0.2382074335941946,-0.13827606922391716,0.6869761352539063,-0.8252522044778234,2.0282588366784755,2.09860888671875,-0.0703500500402745
S43A12T01,raw,28,0.9333333333333333,False,True,0.28856546332219846,0.018997314453125025,-1.416384313477007,-1.1781768798828125,-0.2382074335941946,-0.13827606922391716,0.6869761352539063,-0.8252522044778234,2.0282588366784755,2.09860888671875,-0.0703500500402745
S43A12T01,raw,29,0.9666666666666667,False,True,0.28856546332219846,0.018997314453125025,-1.416384313477007,-1.1781768798828125,-0.2382074335941946,-0.13827606922391716,0.6869761352539063,-0.8252522044778234,2.0282588366784755,2.09860888671875,-0.0703500500402745
S43A12T01,raw,30,1.0,False,False,0.27494368889306803,0.0002166748046874556,-1.4150132832579203,-1.181148254394531,-0.23386502886338922,-0.1369305813942419,0.6899035339355468,-0.8268341153297887,2.029809707237494,2.1198109130859377,-0.09000120584844362
S43A12T01,raw,31,1.0333333333333334,False,False,0.26796970329240216,0.00788195800781244,-1.4181122419796084,-1.1874318237304688,-0.23068041824913954,-0.13586737530360618,0.6968602600097656,-0.8327276353133718,2.0344015046653205,2.1339217529296874,-0.0995202482643669
S43A12T01,raw,32,1.0666666666666667,False,False,0.2726669457470806,0.0347626953125002,-1.4109622734591625,-1.180646728515625,-0.23031554494353745,-0.1363514962739218,0.69892431640625,-0.8352758126801718,2.02872717993899,2.1380595703125,-0.10933239037351017
S43A12T01,raw,33,1.1,False,False,0.276696065860621,0.0426788330078125,-1.4108523117207157,-1.1794142456054688,-0.23143806611524687,-0.13630004327455758,0.6984188232421875,-0.8347188665167451,2.0286332735207195,2.1369970703125,-0.10836379679178032
S43A12T01,raw,34,1.1333333333333333,False,False,0.2760087057290477,0.0022972412109374396,-1.41947427447433,-1.1885188598632812,-0.23095541461104885,-0.1313620240745343,0.706001953125,-0.8373639771995343,2.0336378338165337,2.137878356933594,-0.10424052311706022
S43A12T01,raw,35,1.1666666666666667,False,False,0.2745985850384895,0.034437133789062546,-1.413777385927448,-1.1824330444335938,-0.2313443414938543,-0.13256427162808387,0.7064742126464845,-0.8390384842745684,2.028886508938208,2.1399787597656252,-0.11109225082741725
S43A12T01,raw,36,1.2,False,False,0.2825230659225509,0.050073120117187564,-1.4124263636906296,-1.1787144165039063,-0.23371194718672328,-0.13361203855684595,0.7030305175781251,-0.8366425561349711,2.0278533980101727,2.1363720703125,-0.10851867230232726
S43A12T01,raw,37,1.2333333333333334,False,False,0.28495792758939115,0.06765759277343752,-1.4094299062000661,-1.1708764038085937,-0.23855350239147244,-0.13640931783726137,0.6970252990722656,-0.833434616909527,2.028795131191432,2.1353626098632814,-0.10656747867184935
S43A12T01,raw,38,1.2666666666666666,False,False,0.28219354264769486,0.024944824218749995,-1.4176269228935954,-1.1795754394531248,-0.23805148344047056,-0.132904228529052,0.7023348388671875,-0.8352390673962395,2.0361944860411385,2.136806640625,-0.10061215458386163
S43A12T01,raw,39,1.3,False,False,0.28210417817166766,0.048599121093749975,-1.4097099554005912,-1.1725997314453125,-0.2371102239552787,-0.13321785876852701,0.7035570373535156,-0.8367748961220426,2.031924547296604,2.1395113525390625,-0.10758680524245845
S43A12T01,raw,40,1.3333333333333333,False,False,0.2819115279351347,0.02503076171874996,-1.4160214615544733,-1.180587158203125,-0.23543430335134818,-0.13291041665383552,0.7026113586425782,-0.8355217752964137,2.033938482386349,2.1341590576171874,-0.10022057523083827
S43A12T01,raw,41,1.3666666666666667,False,False,0.2848080591984521,0.05288562011718767,-1.4110564973121134,-1.1738773803710938,-0.23717911694101956,-0.133589687269109,0.7044273681640625,-0.8380170554331715,2.0327734966782476,2.140775695800781,-0.1080021991225335
S43A12T01,raw,42,1.4,False,False,0.2809837446803635,0.020157592773437427,-1.4195879017840236,-1.1834788208007812,-0.23610908098324246,-0.13375935394641214,0.7038936157226563,-0.8376529696690684,2.0385497480224557,2.13875341796875,-0.10020366994629448
S43A12T01,raw,43,1.4333333333333333,False,False,0.2782414958166039,0.05641308593750005,-1.4108723048459433,-1.1743388671875001,-0.23653343765844315,-0.1353322520902639,0.7010700988769532,-0.836402350967217,2.035400576975464,2.1481832275390627,-0.11278265056359871
S43A12T01,raw,44,1.4666666666666666,False,True,0.2782414958166039,0.05641308593750005,-1.4108723048459433,-1.1743388671875001,-0.23653343765844315,-0.1353322520902639,0.7010700988769532,-0.836402350967217,2.035400576975464,2.1481832275390627,-0.11278265056359871
S43A12T01,raw,45,1.5,False,False,0.2851954201119572,0.11539306640624991,-1.4153743067484361,-1.1840592041015625,-0.2313151026468736,-0.13753041155328646,0.6924418640136718,-0.8299722755669583,2.0222765629268813,2.122819091796875,-0.10054252886999349
S43A12T01,raw,46,1.5333333333333334,False,False,0.29422183535485624,0.10070874023437493,-1.4187362232962726,-1.1844357910156251,-0.23430043228064745,-0.13733934943443626,0.6943630981445312,-0.8317024475789675,2.0179060392966646,2.0972628784179688,-0.0793568391213042
S43A12T01,raw,47,1.5666666666666667,False,False,0.2911601453849168,0.07591174316406235,-1.4204569499476807,-1.1846367797851562,-0.23582017016252443,-0.13851253345964343,0.6919177551269531,-0.8304302885865965,2.0161426888193046,2.0803109130859374,-0.06416822426663282
S43A12T01,raw,48,1.6,False,False,0.2814500901365892,0.024689208984374877,-1.420635299743996,-1.1803509521484377,-0.24028434759555828,-0.13490159086081632,0.6958699035644531,-0.8307714944252694,2.030840749142905,2.102283752441406,-0.07144300329850095
S43A12T01,raw,49,1.6333333333333333,False,False,0.2879221476600779,0.0626579589843752,-1.4134341452520593,-1.1748538818359375,-0.23858026341612182,-0.1391079858070379,0.6908222045898438,-0.8299301903968817,2.029300191400378,2.1204052124023436,-0.09110502100196571
S43A12T01,raw,50,1.6666666666666667,False,False,0.282454329152117,0.02426745605468761,-1.4218378226455337,-1.184284362792969,-0.23755345985256482,-0.13759361217596483,0.6879852294921875,-0.8255788416681524,2.035676697080133,2.124668334960938,-0.08899163788080466
S43A12T01,raw,51,1.7,False,False,0.2710268571389716,0.006076049804687456,-1.4242249409194092,-1.1943670043945311,-0.22985793652487807,-0.13829179801539931,0.6881340026855469,-0.8264258007009462,2.036540784319233,2.1284849853515624,-0.09194420103232925
S43A12T01,raw,52,1.7333333333333334,False,False,0.26535217059385996,0.040887573242187614,-1.423275034488112,-1.2003370971679688,-0.22293793732014322,-0.13878476017141483,0.695255859375,-0.8340406195464148,2.0210267600982394,2.1052519531250002,-0.08422519302676079
S43A12T01,raw,53,1.7666666666666666,False,False,0.2829599595212415,0.07174206542968742,-1.425437291379487,-1.2058488159179688,-0.21958847546151827,-0.13818364357914634,0.6959551086425781,-0.8341387522217245,2.0178657559059543,2.0906529541015626,-0.0727871981956083
S43A12T01,raw,54,1.8,False,False,0.2930562305091256,0.09465563964843748,-1.4272650815571355,-1.2099360961914063,-0.2173289853657292,-0.13877689539221488,0.6953675231933594,-0.8341444185855742,2.014087690953827,2.07617578125,-0.062088090296172904
S43A12T01,raw,55,1.8333333333333333,False,False,0.3007034321651588,0.09870898437499998,-1.4305331744684482,-1.21472314453125,-0.2158100299371981,-0.14121633850879228,0.6916411437988281,-0.8328574823076205,2.005548155250901,2.050569274902344,-0.04502111965144273
S43A12T01,raw,56,1.8666666666666667,False,False,0.3071735668171681,0.10118530273437498,-1.431025025378881,-1.216438720703125,-0.2145863046757559,-0.1417190625606914,0.6888692321777343,-0.8305882947384258,2.0040663211974303,2.0402796630859377,-0.03621334188850733
S43A12T01,raw,57,1.9,False,False,0.30264260548477295,0.06332800292968765,-1.430520503086329,-1.2153424682617189,-0.21517803482461018,-0.1408767648747806,0.689966064453125,-0.8308428293279057,2.0037801065020835,2.0316167602539066,-0.027836653751823093
S43A12T01,raw,58,1.9333333333333333,False,False,0.30281351692702624,0.056503173828124975,-1.4274788713340842,-1.2046397705078125,-0.22283910082627179,-0.13694436827048137,0.7009732971191407,-0.8379176653896221,2.007951532034583,2.036950378417969,-0.028998846383386123
S43A12T01,raw,59,1.9666666666666666,False,False,0.29767048890972164,0.03756530761718735,-1.4262613144089553,-1.2005249633789061,-0.2257363510300492,-0.1397375638784732,0.698130126953125,-0.8378676908315983,2.005966945727515,2.032668151855469,-0.026701206127953903
S43A12T01,raw,60,2.0,False,False,0.29822244891130073,0.032579711914062504,-1.4266574974055395,-1.1928095092773439,-0.23384798812819563,-0.13931870207477748,0.7005097045898437,-0.8398284066646212,2.0059321523973392,2.0284462890625,-0.022514136665160667
S43A12T01,raw,61,2.033333333333333,False,False,0.2977369998329211,0.021713012695312672,-1.427841791275766,-1.1944313354492189,-0.23341045582654707,-0.13541195508518153,0.7070974426269532,-0.8425093977121347,2.007380030479281,2.0260064086914062,-0.018626378212125427
S43A12T01,raw,62,2.066666666666667,False,False,0.2876121571622526,0.003144165039062452,-1.4237429274592597,-1.201941101074219,-0.22180182638504076,-0.13177342982225168,0.7219875488281251,-0.8537609786503768,2.0126396968901457,2.0098809814453125,0.002758715444833193
S43A12T01,raw,63,2.1,False,True,0.2876121571622526,0.003144165039062452,-1.4237429274592597,-1.201941101074219,-0.22180182638504076,-0.13177342982225168,0.7219875488281251,-0.8537609786503768,2.0126396968901457,2.0098809814453125,0.002758715444833193
S43A12T01,raw,64,2.1333333333333333,False,False,0.28035687683224814,0.0028242187500000515,-1.4210855127785316,-1.2054299316406252,-0.2156555811379064,-0.13196610648706505,0.7287990417480469,-0.860765148235112,2.013816066756649,2.0005525512695312,0.013263515487117683
S43A12T01,raw,65,2.1666666666666665,False,False,0.25990738634392224,0.06244738769531244,-1.4199898479461424,-1.2121170043945313,-0.20787284355161106,-0.1558572949464475,0.7020490112304687,-0.8579063061769162,2.031506645712533,2.007248352050781,0.024258293661751917
S43A12T01,raw,66,2.2,False,False,0.2557230256954277,0.07852819824218749,-1.4195104755272305,-1.2175933227539062,-0.20191715277332434,-0.15562930368683078,0.7124974975585938,-0.8681268012454246,2.02732662362737,2.005319091796875,0.022007531830495086
S43A12T01,raw,67,2.2333333333333334,False,False,0.2596561899828146,0.08561218261718762,-1.4169207103028052,-1.2277640991210936,-0.18915661118171156,-0.1614978999938938,0.7169392395019532,-0.878437139495847,2.0241693298401247,1.9982430419921875,0.025926287847937157
S43A12T01,raw,68,2.2666666666666666,True,False,0.24033168625098061,0.10078747558593748,-1.4118933216103569,-1.266810729980469,-0.1450825916298879,-0.16142742321636813,0.6789327392578125,-0.8403601624741807,2.0338413903408337,1.9537947998046876,0.08004659053614605
S43A12T01,raw,69,2.3,True,False,0.32147490910217985,0.11086474609374997,-1.4430217766021523,-1.3125838623046877,-0.13043791429746454,-0.18701206278362978,0.7248231201171875,-0.9118351829008173,2.0577816261371544,1.95885400390625,0.09892762223090434
S43A12T01,raw,70,2.3333333333333335,True,False,0.2567020155814325,0.09629016113281264,-1.4332041850557273,-1.3720300903320313,-0.06117409472369606,-0.16236466473872804,0.7151388244628907,-0.8775034892016187,2.079809522602553,1.9765333251953128,0.10327619740724003
S43A12T01,raw,71,2.3666666666666667,True,False,0.021712615057783526,0.013531494140624822,-1.4256539315542882,-1.3075421142578125,-0.11811181729647569,-0.1787454671671919,0.7421275939941406,-0.9208730611613325,2.1169159053788804,2.094936279296875,0.02197962608200532
S43A12T01,raw,72,2.4,False,False,0.13917505388327603,0.12055090332031271,-1.4254288227226237,-1.3928054809570312,-0.03262334176559256,-0.15343386209800855,0.7781320495605468,-0.9315659116585554,2.1046904755664113,2.079605224609375,0.025085250957036287
S43A12T01,raw,73,2.433333333333333,False,False,0.2110869926084386,0.1929168701171875,-1.4262659811391587,-1.4338523559570313,0.00758637481787261,-0.15987355273719106,0.7799603881835937,-0.9398339409207848,2.1079217224620974,2.0658011474609372,0.042120575001160176
S43A12T01,raw,74,2.466666666666667,True,False,0.23045335989854812,0.20805383300781233,-1.42015834702136,-1.4623092651367187,0.04215091811535876,-0.17230451828982846,0.7344380187988282,-0.9067425370886566,2.122054193276152,2.0495986938476562,0.0724554994284956
S43A12T01,raw,75,2.5,False,False,0.20216401169237458,0.1652281494140626,-1.4078900875452294,-1.4618517456054687,0.05396165806023934,-0.1802395891392953,0.7108380737304687,-0.891077662869764,2.1333439779147203,2.043351135253906,0.08999284266081409
S43A12T01,raw,76,2.533333333333333,False,False,0.19602991793000682,0.157524169921875,-1.3991755776458576,-1.4688472900390623,0.06967171239320469,-0.1811994189031992,0.7137691345214844,-0.8949685534246836,2.1432832106169193,2.0336192626953125,0.10966394792160683
S43A12T01,raw,77,2.566666666666667,False,False,0.14561149899399778,0.12015917968750012,-1.3860274036017008,-1.4393963623046875,0.053368958702986635,-0.17691519884273438,0.7082632141113281,-0.8851784129540625,2.1593507885278327,2.0396675415039063,0.11968324702392641
S43A12T01,raw,78,2.6,False,False,0.22039673830108,0.17268420410156238,-1.3826801909818325,-1.4686331176757812,0.08595292669394872,-0.1714940062611673,0.7161930541992187,-0.887687060460386,2.163472831916273,2.017050170898438,0.14642266101783497
S43A12T01,raw,79,2.6333333333333333,False,False,0.10612530506926196,0.10164880371093754,-1.3615586325674365,-1.4292776489257815,0.06771901635834499,-0.16564689143409675,0.7231546630859376,-0.8888015545200343,2.191506242152651,2.069361572265625,0.12214466988702632
S43A12T01,raw,80,2.6666666666666665,False,False,0.07613497445768848,0.07604394531250014,-1.346654688893958,-1.397589599609375,0.050934910715417114,-0.15319769620088497,0.740430419921875,-0.8936281161227599,2.2111821020758833,2.1052259521484373,0.10595614992744595
S43A12T01,raw,81,2.7,False,False,0.0812547869358811,0.08124621582031244,-1.3340465343814412,-1.4047175903320313,0.07067105595059009,-0.14829607242275938,0.7415333251953125,-0.8898293976180718,2.226809781955984,2.095025146484375,0.1317846354716088
S43A12T01,raw,82,2.7333333333333334,False,False,0.09724321694732123,0.09710449218749995,-1.3223823170714826,-1.434123291015625,0.1117409739441424,-0.13203068962872713,0.7620291137695313,-0.8940598033982584,2.239589110226726,2.078345703125,0.1612434071017259
S43A12T01,raw,83,2.7666666666666666,False,False,0.18132272630064716,0.15868298339843756,-1.318684746415491,-1.4848417358398438,0.16615698942435286,-0.1199391461505731,0.7655207214355468,-0.8854598675861199,2.251024295651914,2.0489695434570314,0.20205475219488278
S43A12T01,raw,84,2.8,False,False,0.21099688038748668,0.17541918945312518,-1.302342233244909,-1.503570068359375,0.20122783511446585,-0.10221306206351202,0.7859764099121094,-0.8881894719756214,2.271086646642467,2.0432319335937503,0.22785471304871674
S43A12T01,raw,85,2.8333333333333335,False,False,0.22074155888998687,0.19108190917968737,-1.287902952424918,-1.513754333496094,0.22585138107117597,-0.09540535730618044,0.7619955139160157,-0.8574008712221961,2.287064522045359,2.0436140747070315,0.24345044733832744
S43A12T01,raw,86,2.8666666666666667,False,False,0.11994918712957556,0.1094561767578126,-1.2527816751710474,-1.4728493041992188,0.22006762902817134,-0.07206347204044164,0.7710953674316406,-0.8431588394720823,2.3228087536003694,2.0726324462890626,0.2501763073113068
S43A12T01,raw,87,2.9,False,False,0.12519060609823596,0.12150439453124995,-1.234295897600971,-1.4841435546875,0.2498476570865289,-0.0524051220049533,0.7654151611328125,-0.8178202831377658,2.3455202654768454,2.067419677734375,0.2781005877424705
S43A12T01,raw,88,2.933333333333333,False,False,0.17063186984711992,0.16292871093749994,-1.2156641061300422,-1.5033023681640625,0.2876382620340203,-0.019892362840890868,0.7533916320800782,-0.7732839949209691,2.3592747729256516,2.060258544921875,0.2990162280037767
S43A12T01,raw,89,2.966666666666667,False,False,0.18140999895016194,0.17922900390625007,-1.1942120479860083,-1.5093824462890626,0.31517039830305427,0.009243687112250138,0.7433410644531251,-0.734097377340875,2.3910637238372865,2.0594357299804686,0.33162799385681785
S43A12T01,raw,90,3.0,False,False,0.214042543066886,0.18398474121093766,-1.1397074185921279,-1.3683441772460938,0.22863675865396593,0.05948914452863658,0.7386063232421876,-0.6791171787135509,2.4079361247572764,2.0204763793945313,0.3874597453627451
S43A12T01,raw,91,3.033333333333333,False,False,0.162543136298878,0.1395982666015625,-1.1349464974154828,-1.4570120239257813,0.3220655265102985,0.08781802901734287,0.7202587890625001,-0.6324407600451571,2.4520424738218747,2.0762883300781247,0.37575414374374994
S43A12T01,raw,92,3.066666666666667,False,False,0.16637955280182193,0.1601948242187501,-1.0897626111009064,-1.4075540771484376,0.31779146604753117,0.159288018399853,0.7905602722167969,-0.631272253816944,2.500151465375454,2.1711877441406253,0.32896372123482864
S43A12T01,raw,93,3.1,False,False,0.17194166595830573,0.1332325439453126,-1.0804527410362472,-1.4585514526367187,0.3780987116004715,0.21123547163581405,0.7953346557617188,-0.5840991841259048,2.543107993203168,2.2119984130859374,0.3311095801172308
S43A12T01,raw,94,3.1333333333333333,False,False,0.18852285722897205,0.07753613281250016,-1.0660960171848897,-1.4813436279296877,0.415247610744798,0.2843925992632531,0.8425376892089844,-0.5581450899457313,2.5872491655609897,2.2554571533203127,0.331792012240677
S43A12T01,raw,95,3.1666666666666665,True,False,0.15945199223559442,0.14562976074218748,-1.0232977852816985,-1.4750608520507813,0.45176306676908284,0.39427388231137805,0.9904656372070313,-0.5961917548956532,2.6642691506154037,2.4508341064453125,0.21343504417009118
S43A12T01,raw,96,3.2,True,False,0.08550650372686437,0.018202270507812646,-0.94472917691892,-1.2858897094726562,0.34116053255373624,0.34383125635316164,0.5073319549560547,-0.163500698602893,2.711148527638418,2.4055465087890626,0.30560201884935534
S43A12T01,raw,97,3.2333333333333334,True,False,0.08459854466881173,0.08427868652343751,-0.9444417442858936,-1.4111790161132813,0.4667372718273878,0.3741803079787718,0.59732373046875,-0.2231434224899782,2.737720898004093,2.440866455078125,0.29685444292596763
S43A12T01,raw,98,3.2666666666666666,True,False,0.08604789901057933,0.0740362548828124,-0.9202202430643259,-1.4577471313476562,0.5375268882833303,0.3998956434820115,0.59302734375,-0.19313170026798848,2.7329474303298937,2.374784423828125,0.3581630065017687
S43A12T01,raw,99,3.3,True,False,0.18297998591225917,0.12225659179687498,-0.8990270683666893,-1.4352840576171877,0.5362569892504984,0.39151134495760154,0.49439183044433593,-0.1028804854867344,2.7437949941638946,2.3211573486328128,0.42263764553108185
S43A12T01,raw,100,3.3333333333333335,True,False,0.14737308608338903,0.08945544433593744,-0.9406733518898142,-1.5449016723632814,0.6042283204734672,0.355050178543042,0.4216138916015625,-0.06656371305852049,2.7346132786251283,2.2228295898437502,0.511783688781378
S43A12T01,raw,101,3.3666666666666667,False,True,0.14737308608338903,0.08945544433593744,-0.9406733518898142,-1.5449016723632814,0.6042283204734672,0.355050178543042,0.4216138916015625,-0.06656371305852049,2.7346132786251283,2.2228295898437502,0.511783688781378
S43A12T01,raw,102,3.4,True,False,0.13481677477027487,0.060287109374999925,-0.9432125886080187,-1.560136962890625,0.6169243742826063,0.3119075308226637,0.30767727661132815,0.004230254211335549,2.7518945184338657,2.2212708740234373,0.5306236444104284
S43A12T01,raw,103,3.433333333333333,True,False,0.29979805980864205,0.17694323730468753,-0.9474430845734413,-1.5400209350585938,0.5925778504851525,0.24464577602396623,0.07483082580566407,0.16981495021830217,2.7460605952804995,2.063973083496094,0.6820875117844056
S43A12T01,raw,104,3.466666666666667,False,False,0.2300602801013625,0.18810583496093747,-0.9243012144914432,-1.4636410522460939,0.5393398377546507,0.22829913011648567,-0.009070809841156009,0.2373699399576417,2.7647192626121058,2.0710220336914062,0.6936972289206995
S43A12T01,raw,105,3.5,False,False,0.27623325800396087,0.1767115478515624,-0.9133864251267596,-1.4620973510742188,0.5487109259474592,0.22291319290883546,-0.03282433032989502,0.2557375232387305,2.792840341001815,2.1277841796875,0.6650561613143151
S43A12T01,raw,106,3.533333333333333,False,False,0.27627816668644634,0.21106384277343748,-0.9142088523770687,-1.4268040161132813,0.5125951637362126,0.23026790146474838,-0.0982718162536621,0.3285397177184105,2.7993849427097834,2.1111080322265625,0.6882769104832209
S43A12T01,raw,107,3.566666666666667,True,False,0.496501262871595,0.39688085937499995,-0.9207808090006147,-1.4681800537109375,0.5473992447103229,0.23776366372924904,-0.08110121345520019,0.3188648771844492,2.8172847951145115,2.191083984375,0.6262008107395114
S43A12T01,raw,108,3.6,False,False,0.5958870865080887,0.4936142578125,-0.922538301275373,-1.4588020019531251,0.5362637006777522,0.24895746737528815,-0.06354295349121096,0.3125004208664991,2.8279790985194664,2.2200577392578125,0.6079213592616539
S43A12T01,raw,109,3.6333333333333333,False,False,0.6208145155111273,0.5186431884765623,-0.9248413491365888,-1.4223732299804688,0.49753188084388,0.24600706894970553,-0.070541841506958,0.31654891045666356,2.8337156784435176,2.255991943359375,0.5777237350841427
S43A12T01,raw,110,3.6666666666666665,True,False,0.35887549423622533,0.3229892578125,-0.9043107494385498,-1.273780029296875,0.36946927985832523,0.24763226819312636,-0.17046412658691407,0.41809639478004046,2.8302418179851,2.2068988037109376,0.6233430142741625
S43A12T01,raw,111,3.7,False,False,0.3413535525576924,0.3140704345703125,-0.8986315227949515,-1.2543764038085938,0.3557448810136423,0.25482823496917006,-0.17892354583740236,0.4337517808065724,2.833664133558161,2.2197822265625002,0.6138819069956609
S43A12T01,raw,112,3.7333333333333334,False,False,0.3280764984260953,0.30156665039062514,-0.897182099514954,-1.2524090576171876,0.3552269581022336,0.2499249080008228,-0.17790586090087893,0.4278307689017017,2.838805468522048,2.2235472412109374,0.6152582273111107
S43A12T01,raw,113,3.7666666666666666,False,False,0.347027969824134,0.30073974609375,-0.9022771877431358,-1.2415379638671875,0.3392607761240517,0.2426785660132923,-0.1616530647277832,0.4043316307410755,2.8403155452170368,2.2233895263671872,0.6169260188498495
S43A12T01,raw,114,3.8,False,False,0.2697182501121002,0.20655834960937502,-0.916463929453989,-1.2855498046875,0.369085875233511,0.228242967935832,-0.17230064392089844,0.40054361185673043,2.8515603201479913,2.2707958984375,0.5807644217104913
S43A12T01,raw,115,3.8333333333333335,False,False,0.31337993858169716,0.20310083007812496,-0.9244771899901465,-1.330035400390625,0.40555821040047846,0.2325504600405651,-0.08372329902648926,0.31627375906705435,2.8271055757743113,2.1539667968750003,0.6731387788993111
S43A12T01,raw,116,3.8666666666666667,False,False,0.2790995970902806,0.19315026855468753,-0.9270261520053384,-1.3148873901367188,0.3878612381313804,0.24164402463965395,-0.08868364143371582,0.3303276660733698,2.8195501556992477,2.1815745849609374,0.6379755707383103
S43A12T01,raw,117,3.9,False,False,0.34765778240101863,0.23104870605468752,-0.92688950519294,-1.3595618286132813,0.43267232342034134,0.24912906274792934,-0.004890233308076858,0.2540192960560062,2.8070164927757912,2.126393371582031,0.6806231211937601
S43A12T01,raw,118,3.933333333333333,False,False,0.38374020818222654,0.2680117187500002,-0.9372325470681786,-1.3505484619140624,0.4133159148458838,0.25427778812588236,0.04376548290252685,0.2105123052233555,2.7838606347149466,2.1089742431640626,0.674886391550884
S43A12T01,raw,119,3.966666666666667,True,False,0.3665020862669345,0.24247644042968752,-0.9475076674283396,-1.3783477172851564,0.4308400498568168,0.26150089671641397,0.11609531784057617,0.1454055788758378,2.774296167680836,2.122192565917969,0.652103601762867
S43A12T01,raw,120,4.0,False,False,0.35522060710839437,0.23006530761718746,-0.9551586182283635,-1.4072777709960937,0.4521191527677303,0.27766118955823665,0.11311370849609376,0.1645474810621429,2.760868812426345,2.1167094726562503,0.6441593397700949
S43A12T01,raw,121,4.033333333333333,False,False,0.37294981753768464,0.2244649658203126,-0.9903976764124166,-1.4134059448242189,0.4230082684118023,0.2996440286502265,0.11077358055114744,0.18887044809907905,2.75649594404958,2.100843566894531,0.6556523771550489
S43A12T01,raw,122,4.066666666666666,False,False,0.23794201505421952,0.12525048828124996,-1.0108764838215498,-1.4902301025390625,0.4793536187175127,0.32059780239654245,0.14942414951324462,0.17117365288329783,2.754789432576486,2.088673889160156,0.6661155434163297
S43A12T01,raw,123,4.1,False,False,0.1795050720150176,0.10459509277343737,-0.996475239477975,-1.5206141967773439,0.5241389572993689,0.3315745390800308,0.2111171207427979,0.12045741833723292,2.7694881279778576,2.112248779296875,0.6572393486809824
S43A12T01,raw,124,4.133333333333334,False,False,0.2888675215433805,0.20460742187500003,-0.9836985200928393,-1.4863287353515626,0.5026302152587233,0.3286763261639423,0.2623252220153809,0.06635110414856144,2.7581819581695184,2.0861622314453125,0.6720197267242058
S43A12T01,raw,125,4.166666666666667,False,False,0.33769892518063116,0.2568288574218751,-0.9913559004385606,-1.492945556640625,0.5015896562020643,0.3322555651706927,0.2990362777709961,0.033219287399696595,2.742019352474003,2.0482407836914063,0.6937785687825966
S43A12T01,raw,126,4.2,False,False,0.25617335272025704,0.19870837402343766,-0.9866064824468496,-1.513089538574219,0.5264830561273693,0.3361080434982555,0.33580588531494143,0.00030215818331408295,2.734774890409324,2.0600035400390624,0.6747713503702615
S43A12T01,raw,127,4.233333333333333,False,False,0.2909522933243868,0.23134387207031248,-0.9984150895286795,-1.5041433715820314,0.5057282820533519,0.33585355921904114,0.37863401794433593,-0.04278045872529479,2.727198432794016,2.0472229614257813,0.6799754713682349
S43A12T01,raw,128,4.266666666666667,False,False,0.2901169800969364,0.2285450439453125,-1.014840479386144,-1.5186283569335939,0.5037878775474498,0.3343741427232918,0.38269725036621094,-0.04832310764291914,2.718518367488346,2.061569763183594,0.6569486043047519
S43A12T01,raw,129,4.3,False,False,0.24390659609476217,0.18970520019531256,-1.0254693784076627,-1.5321664428710937,0.506697064463431,0.3356835135109357,0.3759008941650391,-0.04021738065410335,2.716062527344268,2.059391296386719,0.6566712309575489
S43A12T01,raw,130,4.333333333333333,False,False,0.17614259719336725,0.13202490234374986,-1.0303266567881302,-1.552041259765625,0.5217146029774948,0.33257166600005406,0.36984904479980474,-0.03727737879975068,2.710325620129323,2.0679344482421875,0.6423911718871356
S43A12T01,raw,131,4.366666666666666,False,False,0.18207192849262765,0.13305578613281255,-1.0378246910301516,-1.5573810424804688,0.5195563514503172,0.3337102400493852,0.37590539550781255,-0.042195155458427336,2.6994979060635163,2.0433480834960935,0.6561498225674227
S43A12T01,raw,132,4.4,False,False,0.20101339466104504,0.15287963867187493,-1.0422551860726306,-1.559277099609375,0.5170219135367444,0.3255887613738925,0.3751816101074219,-0.04959284873352943,2.6947008165157187,2.038461669921875,0.6562391465938435
S43A12T01,raw,133,4.433333333333334,False,False,0.2005651939277813,0.15199645996093758,-1.0489068890310334,-1.5796232299804687,0.5307163409494353,0.3205647004892229,0.3743279876708985,-0.053763287181675556,2.6959903927391564,2.0355482177734374,0.660442174965719
S43A12T01,raw,134,4.466666666666667,False,False,0.1917318418990405,0.14425195312499994,-1.0516535501321007,-1.5797353515625001,0.5280818014303994,0.31816911029183675,0.376578125,-0.05840901470816323,2.69020386736491,2.0337669067382813,0.6564369606266287
S43A12T01,raw,135,4.5,False,False,0.17665849319948887,0.1330690917968751,-1.0570061098534704,-1.567466064453125,0.5104599545996547,0.3134946993607219,0.3801868896484375,-0.06669219028771561,2.6823013080117577,2.0187894287109374,0.6635118793008203
S43A12T01,raw,136,4.533333333333333,False,False,0.23723878008676497,0.1878193359375,-1.0553453630554122,-1.5530771484375,0.49773178538208795,0.3212945931263288,0.4205972442626953,-0.0993026511363665,2.6768586783170654,1.9976109008789065,0.6792477774381589
S43A12T01,raw,137,4.566666666666666,False,False,0.2608587517997665,0.20296875000000014,-1.0578461371258137,-1.583613037109375,0.5257668999835614,0.31943028311854726,0.44124165344238286,-0.1218113703238356,2.677277596170755,1.9887168579101564,0.6885607382605987
S43A12T01,raw,138,4.6,False,False,0.2737675705059471,0.2142899169921877,-1.0613639041426457,-1.5863207397460939,0.5249568356034482,0.3170944072924799,0.44622956848144535,-0.12913516118896545,2.6715787608146804,1.9942738647460936,0.6773048960685868
S43A12T01,raw,139,4.633333333333334,False,False,0.2855022116942479,0.224311767578125,-1.0594665385313664,-1.5836566162109373,0.5241900776795709,0.3156733743725545,0.4518450469970703,-0.1361716726245158,2.670343177763777,2.000816589355469,0.6695265884083081
S43A12T01,raw,140,4.666666666666667,False,False,0.30035529843344994,0.2373428955078123,-1.0595704187505297,-1.5912924194335938,0.5317220006830641,0.3144902131607022,0.45150621032714844,-0.13701599716644625,2.675020458845597,1.9925662231445314,0.6824542357010657
S43A12T01,raw,141,4.7,False,False,0.2876066596883836,0.22524536132812512,-1.0540912920450016,-1.5778774414062502,0.5237861493612486,0.30868568105640404,0.44992855834960943,-0.1412428772932054,2.6729881618692097,2.0182236328125,0.6547645290567097
S43A12T01,raw,142,4.733333333333333,False,False,0.29420941721056626,0.22850378417968753,-1.0545614396808616,-1.5629966430664064,0.5084352033855448,0.30758042604984004,0.46327598571777345,-0.15569555966793341,2.6695648577343816,2.0274517211914063,0.6421131365429753
S43A12T01,raw,143,4.766666666666667,False,False,0.29356476195694675,0.22552343750000015,-1.0555370070438992,-1.5671650390625,0.5116280320186009,0.3032378324159887,0.47291790771484377,-0.1696800752988551,2.6686844318265326,2.0271788940429687,0.6415055377835639
S43A12T01,raw,144,4.8,False,False,0.30481571373422023,0.23215148925781248,-1.0526592882375603,-1.5737582397460939,0.5210989515085336,0.3020122300788809,0.4833163757324219,-0.18130414565354103,2.669958936372573,2.0349405517578125,0.6350183846147606
S43A12T01,raw,145,4.833333333333333,False,False,0.3103067931007007,0.23493493652343744,-1.0505806965015545,-1.5727412719726563,0.5221605754711018,0.29751874626768327,0.4949811706542969,-0.19746242438661366,2.6688033828344553,2.029258056640625,0.6395453261938302
S43A12T01,raw,146,4.866666666666666,False,False,0.3278436977741003,0.24996252441406241,-1.0497727171129723,-1.5481372680664063,0.498364550953434,0.2946143876672556,0.5026998443603516,-0.20808545669309603,2.6593402459518467,2.0475216064453123,0.6118186395065344
S43A12T01,raw,147,4.9,False,False,0.3328993412670134,0.25254577636718745,-1.048709358766879,-1.5422973022460937,0.49358794347921475,0.2926662385256335,0.5034761199951172,-0.2108098814694837,2.65681391805012,2.069140625,0.5876732930501198
S43A12T01,raw,148,4.933333333333334,False,False,0.33522428951967714,0.2546282958984374,-1.047753321820058,-1.5527700805664062,0.5050167587463481,0.29004738582714235,0.5059625091552734,-0.21591512332813106,2.6581523826647953,2.06697705078125,0.5911753318835453
S43A12T01,raw,149,4.966666666666667,False,False,0.3214979327487725,0.23908752441406245,-1.0465809985557712,-1.5658090209960938,0.5192280224403225,0.28639600826339057,0.5023149719238281,-0.21591896366043756,2.656940744035883,2.0706079711914063,0.5863327728444769
S43A12T01,raw,150,5.0,False,False,0.2974582521835868,0.2206612548828124,-1.0444190199388652,-1.5719244995117188,0.5275054795728535,0.2834318440977645,0.4908220672607422,-0.20739022316297767,2.6545357699056087,2.0774427490234375,0.5770930208821712
S43A12T01,raw,151,5.033333333333333,False,False,0.295116681685478,0.21794616699218738,-1.0449450877970168,-1.570887634277344,0.5259425464803271,0.28469386231941685,0.5097562713623047,-0.22506240904288788,2.6481576243127147,2.0646090087890627,0.583548615523652
S43A12T01,raw,152,5.066666666666666,False,False,0.2893421330315887,0.21462231445312496,-1.0462935991915796,-1.5551689453125,0.5088753461209203,0.28331893552594106,0.5179296264648438,-0.2346106909389027,2.6491072488599836,2.074808776855469,0.5742984720045148
S43A12T01,raw,153,5.1,False,False,0.28622768502007884,0.21402209472656253,-1.046938443188191,-1.5466493530273437,0.4997109098391528,0.28182559376366595,0.5227748718261719,-0.24094927806250593,2.6434626378019397,2.089122253417969,0.5543403843839707
S43A12T01,raw,154,5.133333333333334,False,False,0.28702424371131574,0.2132562255859376,-1.047461166285049,-1.5472994995117189,0.4998383332266698,0.28298087096040075,0.5346144714355469,-0.2516336004751461,2.64220764923108,2.09943115234375,0.5427764968873299
S43A12T01,raw,155,5.166666666666667,False,False,0.2830765198989074,0.21053015136718756,-1.0505184331828885,-1.5535159301757813,0.5029974969928928,0.2808356762350435,0.5379496917724609,-0.25711401553741736,2.6396067569379698,2.105642700195313,0.5339640567426569
S43A12T01,raw,156,5.2,False,False,0.2764109641852415,0.2027608642578127,-1.0542927825874897,-1.5650020141601564,0.5107092315726667,0.2800243940356445,0.5426880950927735,-0.262663701057129,2.6365484128387697,2.1082703857421876,0.5282780270965821
S43A12T01,raw,157,5.233333333333333,False,False,0.24451309051326944,0.17375695800781243,-1.0634768025223105,-1.594039733886719,0.5305629313644085,0.28089662292174583,0.5443912200927734,-0.2634945971710276,2.639196288350906,2.1409019775390625,0.4982943108118434
S43A12T01,raw,158,5.266666666666667,False,False,0.17511997192661513,0.12577795410156267,-1.0709798355200648,-1.6333462524414064,0.5623664169213416,0.28167985226418707,0.5522174224853516,-0.2705375702211645,2.6511647384884096,2.2024478759765627,0.44871686251184695
S43A12T01,raw,159,5.3,False,False,0.1650280844674748,0.14936511230468752,-1.077405678108131,-1.6281145629882814,0.5507088848801505,0.2860119900213316,0.6207549438476563,-0.3347429538263247,2.660593862956608,2.273458618164063,0.38713524479254513
S43A12T01,raw,160,5.333333333333333,False,False,0.18650314033999008,0.18246142578125002,-1.0779992553983084,-1.6117391357421877,0.5337398803438793,0.28460301998969767,0.6412224731445313,-0.3566194531548336,2.656614892961517,2.32549560546875,0.3311192874927671
S43A12T01,raw,161,5.366666666666666,False,False,0.19196069946781202,0.19194567871093748,-1.087629767742187,-1.6046764526367188,0.5170466848945319,0.2865400589020382,0.6692741394042969,-0.3827340805022587,2.6545070841262253,2.36686669921875,0.28764038490747534
S43A12T01,raw,162,5.4,False,False,0.21702817389105064,0.2159733886718751,-1.0876632222676406,-1.5888179931640625,0.5011547708964219,0.28520792557325186,0.6518238830566406,-0.36661595748338877,2.650273104419471,2.3741962890625,0.27607681535697104
S43A12T01,raw,163,5.433333333333334,False,False,0.21472716451671198,0.2133455810546876,-1.094262416998083,-1.5914609985351564,0.4971985815370734,0.2811865707003514,0.6572137145996094,-0.376027143899258,2.6449263388109903,2.377131469726563,0.2677948690844274
S43A12T01,raw,164,5.466666666666667,False,False,0.22312812992396383,0.22312805175781247,-1.0997492612120234,-1.5861173706054688,0.4863681093934453,0.2797875191215634,0.6595355529785156,-0.3797480338569522,2.6482607355854433,2.3794002685546873,0.26886046703075595
S43A12T01,raw,165,5.5,False,False,0.24151767757139186,0.24109582519531236,-1.107400928547165,-1.5929320678710939,0.4855311393239288,0.279873330579205,0.66853564453125,-0.38866231395204504,2.644009264568283,2.389072265625,0.25493699894328303
S43A12T01,raw,166,5.533333333333333,False,False,0.24204944366566283,0.2380885009765623,-1.1269456033653535,-1.6168836059570313,0.48993800259167775,0.28169183261868713,0.7147321777343749,-0.4330403451156878,2.639259274291594,2.4057437744140624,0.2335154998775315
S43A12T01,raw,167,5.566666666666666,False,False,0.25370821033732927,0.24454577636718744,-1.134088783745622,-1.6240936889648439,0.4900049052192219,0.28390141067868874,0.7195579528808593,-0.4356565422021706,2.6348650209115347,2.4277001953125,0.2071648255990346
S43A12T01,raw,168,5.6,False,False,0.2586190702791128,0.24540954589843755,-1.1441506115010942,-1.6181063842773438,0.47395577277624956,0.2925300006465689,0.7349819641113282,-0.4424519634647593,2.627663124618649,2.4753206787109376,0.15234244590771118
S43A12T01,raw,169,5.633333333333334,False,False,0.2558210749123327,0.245593505859375,-1.1570710229400665,-1.6220372314453124,0.46496620850524595,0.29011157772874535,0.734432891845703,-0.4443213141169577,2.6190908084980378,2.502684814453125,0.11640599404491292
S43A12T01,raw,170,5.666666666666667,False,False,0.25744141542093024,0.2491297607421874,-1.1666380325147336,-1.6016670532226562,0.4350290207079226,0.2851827871065459,0.7220549926757813,-0.43687220556923545,2.613613726432145,2.5174752197265624,0.09613850670558266
S43A12T01,raw,171,5.7,False,False,0.27036538756558415,0.262420654296875,-1.1652269757975269,-1.5662093505859376,0.4009823747884107,0.2906229319294026,0.7416089172363282,-0.4509859853069256,2.6137860902692513,2.5400174560546875,0.07376863421456381
S43A12T01,raw,172,5.733333333333333,False,False,0.2686677880646587,0.26164379882812483,-1.1747516931404296,-1.54792041015625,0.37316871701582044,0.2976606519876166,0.7598624267578125,-0.46220177477019586,2.6070143125590586,2.5596968994140625,0.047317413144996046
S43A12T01,raw,173,5.766666666666667,False,False,0.2724691472292087,0.2675313720703125,-1.1769708714645513,-1.5214506225585938,0.3444797510940425,0.29448034787876287,0.7656866455078125,-0.47120629762904964,2.6051884807814423,2.579989013671875,0.02519946710956722
S43A12T01,raw,174,5.8,False,False,0.2633118799032746,0.2589208984375,-1.1865934407977274,-1.4965946044921874,0.31000116369445996,0.2932265742959421,0.7647938537597656,-0.4715672794638235,2.598251158379047,2.6038433837890627,-0.005592225410015583
S43A12T01,raw,175,5.833333333333333,True,False,0.17480778256230423,0.16880590820312502,-1.209589163577891,-1.5228482666015626,0.31325910302367155,0.28031195243665447,0.7206419982910156,-0.44033004585436114,2.6060583171185288,2.6453883056640626,-0.03932998854553382
S43A12T01,raw,176,5.866666666666666,False,False,0.13256443214379812,0.12664233398437497,-1.209111103495141,-1.5339141845703126,0.32480308107517164,0.27596748826795603,0.7136705322265625,-0.4377030439586065,2.6030208610845267,2.66325537109375,-0.0602345100092232
S43A12T01,raw,177,5.9,True,False,0.14177113156669754,0.14176110839843736,-1.2156286647345902,-1.5381649780273436,0.32253631329275345,0.2922191505631346,0.7698010559082031,-0.47758190534506856,2.5919442001576334,2.6734400634765625,-0.08149586331892911
S43A12T01,raw,178,5.933333333333334,False,False,0.18668437686273884,0.18147509765625003,-1.2073209230329454,-1.4776748046875001,0.27035388165455476,0.3188918550802954,0.8646461791992188,-0.5457543241189234,2.570385223633462,2.6977061767578125,-0.12732095312435066
S43A12T01,raw,179,5.966666666666667,True,False,0.19237695555799905,0.17490246582031266,-1.184440026370551,-1.3792904663085936,0.19485043993804263,0.33365812111196685,0.9206962890625,-0.5870381679505332,2.562087898997561,2.7405460205078125,-0.17845812151025164
S43A12T01,raw,180,6.0,False,False,0.18989596712195242,0.14743994140624994,-1.1877337747152914,-1.3397626953125,0.15202892059720852,0.33786334661879347,0.9093173217773437,-0.5714539751585502,2.5516935090985466,2.743311767578125,-0.19161825847957825
S43A12T01,raw,181,6.033333333333333,True,False,0.20333052937425636,0.1621611328124999,-1.2033971073943175,-1.2820587158203125,0.07866160842599501,0.36415476656238754,0.9901603088378906,-0.6260055422755031,2.5562856097598625,2.8124055175781253,-0.25611990781826277
S43A12T01,raw,182,6.066666666666666,False,False,0.2050085453485394,0.19260156250000016,-1.2020789018592,-1.213094482421875,0.011015580562675042,0.36271810334288324,1.022791931152344,-0.6600738278094607,2.5779497990757916,2.90905224609375,-0.3311024470179582
S43A12T01,raw,183,6.1,False,False,0.2128310879582024,0.21279772949218745,-1.2045812941601155,-1.1467202758789061,-0.057861018281209375,0.3739831135283038,1.0612860717773438,-0.68730295824904,2.603010533634301,3.019507568359375,-0.41649703472507404
S43A12T01,raw,184,6.133333333333334,False,False,0.23097245490665008,0.22911755371093756,-1.2092314090884029,-1.1090482788085938,-0.10018313027980907,0.36477714145115275,1.0576707153320313,-0.6928935738808786,2.6025185570902205,3.0978017578125003,-0.4952832007222798
S43A12T01,raw,185,6.166666666666667,True,False,0.07558540997431984,0.03250524902343743,-1.2528461746254311,-1.2717842407226563,0.018938066097225148,0.3465791946773689,0.9339653625488281,-0.5873861678714591,2.598151851777727,3.0516505126953124,-0.4534986609175853
S43A12T01,raw,186,6.2,False,False,0.08898678449628976,0.008982910156249968,-1.2744879104986246,-1.34173486328125,0.06724695278262538,0.3261579915194949,0.9092008666992188,-0.5830428751797239,2.578614454080154,3.033423828125,-0.4548093740448462
S43A12T01,raw,187,6.233333333333333,False,False,0.12430462609465144,0.05465771484375015,-1.2837644829228614,-1.325056884765625,0.041292401842763615,0.3270143526370738,0.9458812255859375,-0.6188668729488637,2.571417305670235,3.054317626953125,-0.48290032128288995
S43A12T01,raw,188,6.266666666666667,True,False,0.17698408020236958,0.09341027832031235,-1.2953483140371447,-1.2875243530273437,-0.007823961009800984,0.32719937773604096,0.9512718505859374,-0.6240724728498965,2.545834462969373,3.0179036865234377,-0.47206922355406444
S43A12T01,raw,189,6.3,False,False,0.22200714700545177,0.1447803955078124,-1.2840838606044678,-1.2418370971679686,-0.042246763436499135,0.3210949783742555,0.9568092346191408,-0.6357142562448853,2.528552176041325,3.012100341796875,-0.48354816575555004
S43A12T01,raw,190,6.333333333333333,False,True,0.22200714700545177,0.1447803955078124,-1.2840838606044678,-1.2418370971679686,-0.042246763436499135,0.3210949783742555,0.9568092346191408,-0.6357142562448853,2.528552176041325,3.012100341796875,-0.48354816575555004
S43A12T01,raw,191,6.366666666666666,True,False,0.2318956667845054,0.18448095703125,-1.270453389556059,-1.1570457763671875,-0.11340761318887149,0.3209516074068331,0.9618064880371093,-0.6408548806302763,2.5296514956573093,3.0014212646484375,-0.4717697689911282
S43A12T01,raw,192,6.4,False,False,0.2533133830884069,0.21724682617187496,-1.276038854115154,-1.1126352539062498,-0.1634036002089041,0.3183741536154781,0.9488369140624999,-0.6304627604470219,2.5067132609753067,2.9982508544921878,-0.4915375935168811
S43A12T01,raw,193,6.433333333333334,True,False,0.3026052828813828,0.2439952392578124,-1.394720314123429,-1.3793257446289062,-0.01539456949452278,0.0067801260151086635,0.3757550506591797,-0.368974924644071,2.2474905664391733,2.605428955078125,-0.35793838863895155
S43A12T01,raw,194,6.466666666666667,False,True,0.3026052828813828,0.2439952392578124,-1.394720314123429,-1.3793257446289062,-0.01539456949452278,0.0067801260151086635,0.3757550506591797,-0.368974924644071,2.2474905664391733,2.605428955078125,-0.35793838863895155
S43A12T01,raw,195,6.5,False,True,0.3026052828813828,0.2439952392578124,-1.394720314123429,-1.3793257446289062,-0.01539456949452278,0.0067801260151086635,0.3757550506591797,-0.368974924644071,2.2474905664391733,2.605428955078125,-0.35793838863895155
S43A12T01,raw,196,6.533333333333333,False,True,0.3026052828813828,0.2439952392578124,-1.394720314123429,-1.3793257446289062,-0.01539456949452278,0.0067801260151086635,0.3757550506591797,-0.368974924644071,2.2474905664391733,2.605428955078125,-0.35793838863895155
S43A12T01,raw,197,6.566666666666666,False,True,0.3026052828813828,0.2439952392578124,-1.394720314123429,-1.3793257446289062,-0.01539456949452278,0.0067801260151086635,0.3757550506591797,-0.368974924644071,2.2474905664391733,2.605428955078125,-0.35793838863895155
S43A12T01,raw,198,6.6,False,True,0.3026052828813828,0.2439952392578124,-1.394720314123429,-1.3793257446289062,-0.01539456949452278,0.0067801260151086635,0.3757550506591797,-0.368974924644071,2.2474905664391733,2.605428955078125,-0.35793838863895155
S43A12T01,raw,199,6.633333333333334,False,True,0.3026052828813828,0.2439952392578124,-1.394720314123429,-1.3793257446289062,-0.01539456949452278,0.0067801260151086635,0.3757550506591797,-0.368974924644071,2.2474905664391733,2.605428955078125,-0.35793838863895155
S43A12T01,raw,200,6.666666666666667,False,True,0.3026052828813828,0.2439952392578124,-1.394720314123429,-1.3793257446289062,-0.01539456949452278,0.0067801260151086635,0.3757550506591797,-0.368974924644071,2.2474905664391733,2.605428955078125,-0.35793838863895155
S43A12T01,raw,201,6.7,False,True,0.3026052828813828,0.2439952392578124,-1.394720314123429,-1.3793257446289062,-0.01539456949452278,0.0067801260151086635,0.3757550506591797,-0.368974924644071,2.2474905664391733,2.605428955078125,-0.35793838863895155
S43A12T01,raw,202,6.733333333333333,False,True,0.3026052828813828,0.2439952392578124,-1.394720314123429,-1.3793257446289062,-0.01539456949452278,0.0067801260151086635,0.3757550506591797,-0.368974924644071,2.2474905664391733,2.605428955078125,-0.35793838863895155
S43A12T01,raw,203,6.766666666666667,False,True,0.3026052828813828,0.2439952392578124,-1.394720314123429,-1.3793257446289062,-0.01539456949452278,0.0067801260151086635,0.3757550506591797,-0.368974924644071,2.2474905664391733,2.605428955078125,-0.35793838863895155
S43A12T01,raw,204,6.8,False,True,0.3026052828813828,0.2439952392578124,-1.394720314123429,-1.3793257446289062,-0.01539456949452278,0.0067801260151086635,0.3757550506591797,-0.368974924644071,2.2474905664391733,2.605428955078125,-0.35793838863895155
S43A12T01,raw,205,6.833333333333333,False,True,0.3026052828813828,0.2439952392578124,-1.394720314123429,-1.3793257446289062,-0.01539456949452278,0.0067801260151086635,0.3757550506591797,-0.368974924644071,2.2474905664391733,2.605428955078125,-0.35793838863895155
S43A12T01,raw,206,6.866666666666666,False,True,0.3026052828813828,0.2439952392578124,-1.394720314123429,-1.3793257446289062,-0.01539456949452278,0.0067801260151086635,0.3757550506591797,-0.368974924644071,2.2474905664391733,2.605428955078125,-0.35793838863895155
S43A12T01,raw,207,6.9,False,True,0.3026052828813828,0.2439952392578124,-1.394720314123429,-1.3793257446289062,-0.01539456949452278,0.0067801260151086635,0.3757550506591797,-0.368974924644071,2.2474905664391733,2.605428955078125,-0.35793838863895155
S43A12T01,raw,208,6.933333333333334,False,True,0.3026052828813828,0.2439952392578124,-1.394720314123429,-1.3793257446289062,-0.01539456949452278,0.0067801260151086635,0.3757550506591797,-0.368974924644071,2.2474905664391733,2.605428955078125,-0.35793838863895155
S43A12T01,raw,209,6.966666666666667,False,True,0.3026052828813828,0.2439952392578124,-1.394720314123429,-1.3793257446289062,-0.01539456949452278,0.0067801260151086635,0.3757550506591797,-0.368974924644071,2.2474905664391733,2.605428955078125,-0.35793838863895155
S43A12T01,raw,210,7.0,False,True,0.3026052828813828,0.2439952392578124,-1.394720314123429,-1.3793257446289062,-0.01539456949452278,0.0067801260151086635,0.3757550506591797,-0.368974924644071,2.2474905664391733,2.605428955078125,-0.35793838863895155
S43A12T01,raw,211,7.033333333333333,False,True,0.3026052828813828,0.2439952392578124,-1.394720314123429,-1.3793257446289062,-0.01539456949452278,0.0067801260151086635,0.3757550506591797,-0.368974924644071,2.2474905664391733,2.605428955078125,-0.35793838863895155
S43A12T01,raw,212,7.066666666666666,False,True,0.3026052828813828,0.2439952392578124,-1.394720314123429,-1.3793257446289062,-0.01539456949452278,0.0067801260151086635,0.3757550506591797,-0.368974924644071,2.2474905664391733,2.605428955078125,-0.35793838863895155
S43A12T01,raw,213,7.1,False,True,0.3026052828813828,0.2439952392578124,-1.394720314123429,-1.3793257446289062,-0.01539456949452278,0.0067801260151086635,0.3757550506591797,-0.368974924644071,2.2474905664391733,2.605428955078125,-0.35793838863895155
S43A12T01,raw,214,7.133333333333334,False,False,0.23880775169600987,0.2255467529296875,-1.4122934966176814,-1.4074358520507813,-0.004857644566900188,-0.010966392408654175,0.38631939697265627,-0.39728578938131043,2.2431783021807257,2.627785400390625,-0.38460709820989925
S43A12T01,raw,215,7.166666666666667,True,False,0.2145850861820985,0.20867041015624999,-1.4183999790306128,-1.440815673828125,0.022415694797512264,-0.041241653266417495,0.3742476806640625,-0.41548933393048,2.2458454837435453,2.69125,-0.44540451625645483
S43A12T01,raw,216,7.2,True,False,0.33912011322416263,0.2503214111328125,-1.4457739178974418,-1.323794006347656,-0.12197991154978571,-0.0887347066649239,0.655582763671875,-0.7443174703367988,2.197035046008905,2.4943504638671876,-0.2973154178582824
S43A12T01,raw,217,7.233333333333333,False,True,0.33912011322416263,0.2503214111328125,-1.4457739178974418,-1.323794006347656,-0.12197991154978571,-0.0887347066649239,0.655582763671875,-0.7443174703367988,2.197035046008905,2.4943504638671876,-0.2973154178582824
S43A12T01,raw,218,7.266666666666667,False,True,0.33912011322416263,0.2503214111328125,-1.4457739178974418,-1.323794006347656,-0.12197991154978571,-0.0887347066649239,0.655582763671875,-0.7443174703367988,2.197035046008905,2.4943504638671876,-0.2973154178582824
S43A12T01,raw,219,7.3,False,True,0.33912011322416263,0.2503214111328125,-1.4457739178974418,-1.323794006347656,-0.12197991154978571,-0.0887347066649239,0.655582763671875,-0.7443174703367988,2.197035046008905,2.4943504638671876,-0.2973154178582824
S43A12T01,raw,220,7.333333333333333,False,True,0.33912011322416263,0.2503214111328125,-1.4457739178974418,-1.323794006347656,-0.12197991154978571,-0.0887347066649239,0.655582763671875,-0.7443174703367988,2.197035046008905,2.4943504638671876,-0.2973154178582824
S43A12T01,raw,221,7.366666666666666,False,False,0.31547322497292596,0.2733475341796876,-1.4422261652866752,-1.3792673950195313,-0.06295877026714392,-0.13093665706747976,0.6626756591796875,-0.7936123162471673,2.1811265558666655,2.4812406005859375,-0.30011404471927206
S43A12T01,raw,222,7.4,True,False,0.32644864141253416,0.25019433593750007,-1.4379112818601687,-1.3377706298828125,-0.10014065197735622,-0.12170192127168795,0.7239143066406251,-0.8456162279123131,2.175032947500661,2.4710974121093754,-0.2960644646087145
S43A12T01,raw,223,7.433333333333334,False,False,0.30204295730723973,0.23571826171874988,-1.4479959691629272,-1.3570694580078126,-0.09092651115511452,-0.14653372498869358,0.6908018493652344,-0.8373355743539279,2.1603186304634248,2.4223817138671873,-0.2620630834037625
S43A12T01,raw,224,7.466666666666667,True,False,0.2787246333679736,0.25921386718749995,-1.432845071257609,-1.40606494140625,-0.026780129851359025,-0.16860349888779175,0.6314003601074218,-0.8000038589952136,2.1414876873249344,2.357839721679688,-0.21635203435475336
S43A12T01,raw,225,7.5,False,False,0.2936330599108231,0.27737194824218747,-1.4322551102652135,-1.4203619995117187,-0.011893110753494751,-0.17861041424193433,0.6458764953613282,-0.8244869096032625,2.139127066720916,2.3380968017578123,-0.1989697350368962
S43A12T01,raw,226,7.533333333333333,True,False,0.29691522094047385,0.2703475341796875,-1.4345356100972944,-1.4204061889648436,-0.014129421132450748,-0.18926413389588032,0.6737721557617188,-0.8630362896575992,2.1422046362192466,2.2913912353515626,-0.14918659913231602
S43A12T01,raw,227,7.566666666666666,False,False,0.30857100404839166,0.2602739257812501,-1.432585853642088,-1.405802978515625,-0.026782875126462935,-0.1905754457905581,0.6813929443359376,-0.8719683901264956,2.13675186348095,2.25824365234375,-0.12149178886279977
S43A12T01,raw,228,7.6,False,False,0.3057211819728162,0.239894287109375,-1.4294892628851728,-1.4074703369140624,-0.022018925971110326,-0.1983856779463205,0.6765688781738282,-0.8749545561201486,2.1261202578223766,2.2193500976562497,-0.09322983983387312
S43A12T01,raw,229,7.633333333333334,False,False,0.32306708475388424,0.23398437500000013,-1.4316593059814555,-1.4070050048828127,-0.02465430109864286,-0.19761150023137078,0.688793212890625,-0.8864047131219958,2.1209294806022037,2.191932861328125,-0.07100338072592116
S43A12T01,raw,230,7.666666666666667,False,False,0.3488628987411226,0.2489521484374999,-1.4335146394047833,-1.4093745117187502,-0.02414012768603313,-0.2002508712025922,0.7010252380371094,-0.9012761092397016,2.1184417992088322,2.1685796508789066,-0.05013785167007434
S43A12T01,raw,231,7.7,False,False,0.35463092751781805,0.2625056152343752,-1.424421770026217,-1.4245852050781251,0.00016343505190818952,-0.20386291752517752,0.6967907104492188,-0.9006536279743963,2.1159449321209025,2.144343444824219,-0.028398512703316392
S43A12T01,raw,232,7.733333333333333,False,False,0.3545426335144745,0.26654553222656263,-1.4238057929857857,-1.4248961791992187,0.0010903862134330478,-0.20438952550199685,0.6975782165527344,-0.9019677420547313,2.1151068226492935,2.135936706542969,-0.02082988389367557
S43A12T01,raw,233,7.766666666666667,False,False,0.35356996547678077,0.23876330566406256,-1.417850798755662,-1.4360971069335937,0.018246308177931825,-0.1978133547688578,0.7002999267578125,-0.8981132815266704,2.104053008366423,2.1081516113281253,-0.00409860296170228
S43A12T01,raw,234,7.8,False,False,0.3656817780484097,0.24712121582031243,-1.41683271027604,-1.4345881958007811,0.017755485524741044,-0.1966217024292986,0.7026768188476562,-0.8992985212769549,2.100101374585301,2.091184997558594,0.00891637702670689
S43A12T01,raw,235,7.833333333333333,False,False,0.36568284297379716,0.24712292480468756,-1.4168324859910673,-1.4345880737304688,0.017755587739401557,-0.19662191013464864,0.70267724609375,-0.8992991562283987,2.1001009262029178,2.09118017578125,0.008920750421667734
S43A12T01,raw,236,7.866666666666666,False,False,0.344546927229483,0.22030029296874987,-1.4127642850850761,-1.4280903320312501,0.01532604694617401,-0.19264600952890076,0.7230320434570312,-0.915678052985932,2.0941041263607834,2.0677733154296876,0.026330810931095794
S43A12T01,raw,237,7.9,False,False,0.3426429954238108,0.21623657226562498,-1.4121338075638887,-1.41719384765625,0.005060040092361273,-0.1860908534966192,0.7432527770996094,-0.9293436305962286,2.090859993633145,2.0573993530273436,0.03346064060580156
S43A12T01,raw,238,7.933333333333334,False,False,0.326904680030148,0.2096982421875,-1.408724972958314,-1.4153616943359375,0.0066367213776235,-0.18407278801559018,0.7440873413085938,-0.9281601293241839,2.089519333744686,2.0504342041015624,0.039085129643123384
S43A12T01,raw,239,7.966666666666667,False,False,0.3248798564802552,0.21204687499999997,-1.4083213266418442,-1.4125577392578126,0.00423641261596841,-0.18402929877795618,0.7440897216796876,-0.9281190204576437,2.088522632581567,2.0465771484375,0.041945484144066736
S43A12T01,raw,240,8.0,False,False,0.33730842870578,0.18782446289062515,-1.4065274434915955,-1.4068502197265627,0.00032277623496712593,-0.1754225933553376,0.7455399169921875,-0.9209625103475251,2.0818052646636658,2.050256652832031,0.0315486118316346
S43A12T01,filtered,0,0.0,False,False,0.2939511004351761,0.07505406191727881,-1.4336343659711142,-1.2221935554763306,-0.21144081049478358,-0.14788155216810034,0.6807112444817272,-0.8285927966498274,2.015254107713805,2.0614089839832044,-0.04615487626939929
S43A12T01,filtered,1,0.03333333333333333,False,False,0.2936618163011127,0.07272410374836924,-1.4320906807096827,-1.216504597352658,-0.21558608335702467,-0.14766232345323035,0.6801080453675131,-0.8277703688207435,2.016488733489457,2.064727373504038,-0.04823864001458089
S43A12T01,filtered,2,0.06666666666666667,False,False,0.29332275825523196,0.07042991029232804,-1.4306008772768566,-1.2110353540937857,-0.21956552318307088,-0.14743917836741033,0.6795646917333991,-0.8270038701008093,2.017671942315647,2.0679594943855344,-0.05028755206988755
S43A12T01,filtered,3,0.1,False,False,0.29292674629076565,0.06829988635620632,-1.4292190205210258,-1.2059763676393846,-0.22324265288164113,-0.147216563952565,0.6791106548527249,-0.8263272188052899,2.018733745654124,2.0709386550282356,-0.05220490937411171
S43A12T01,filtered,4,0.13333333333333333,False,False,0.29247387734964,0.06646119228302494,-1.4279921401717834,-1.2014947005432242,-0.22649743962855928,-0.1469986856136604,0.6787697344533175,-0.8257684200669778,2.019608601348939,2.0735062702168783,-0.05389766886793934
S43A12T01,filtered,5,0.16666666666666666,False,False,0.29197351846533715,0.0650304239098276,-1.4269570396957998,-1.1977239137243805,-0.22923312597141932,-0.14678903296412754,0.6785586109850872,-0.8253476439492147,2.020239451630918,2.0755210340401424,-0.05528158240922432
S43A12T01,filtered,6,0.2,False,False,0.29144554386027677,0.0641040524409684,-1.426137803710586,-1.1947560199230276,-0.23138178378755847,-0.14658998382560354,0.6784857781004228,-0.8250757619260263,2.0205816442208886,2.0768681043631254,-0.056286460142236816
S43A12T01,filtered,7,0.23333333333333334,False,False,0.2909202910149176,0.0637493322159961,-1.425544197668877,-1.192636021738356,-0.23290817593052093,-0.14640251821631156,0.6785509625898971,-0.8249534808062087,2.0206064716858885,2.0774677464301963,-0.0568612747443078
S43A12T01,filtered,8,0.26666666666666666,False,False,0.29043676070729474,0.06399644826488449,-1.4251710982401693,-1.1913595178701324,-0.2338115803700369,-0.1462260627607118,0.6787451293937645,-0.8249711921544763,2.020304027957492,2.0772827455784544,-0.05697871762096218
S43A12T01,filtered,9,0.3,False,True,0.2900387904859319,0.06483267186794928,-1.424999020130087,-1.1908736740925545,-0.23412534603753254,-0.1460584717762781,0.679051143654324,-0.825109615430602,2.0196850763769274,2.076323839550836,-0.05663876317390848
S43A12T01,filtered,10,0.3333333333333333,False,True,0.28976929745880686,0.06619921226930026,-1.4249957186428326,-1.1910816113311582,-0.2339141073116744,-0.14589613598289847,0.6794451182286599,-0.8253412542115584,2.01878165929338,2.074652467317846,-0.05587080802446609
S43A12T01,filtered,11,0.36666666666666664,False,False,0.2896631707250008,0.06799129806631865,-1.4251187543464832,-1.1918499796789335,-0.2332687746675497,-0.14573419567032517,0.6798984153676697,-0.8256326110379949,2.017646256632266,2.07238028995061,-0.05473403331834392
S43A12T01,filtered,12,0.4,False,False,0.2897398910389672,0.07006180373691118,-1.4253188167216326,-1.1930191932106222,-0.2322996235110104,-0.1455668247358374,0.6803802008108711,-0.8259470255467085,2.016349414132654,2.0696651940101605,-0.053315779877506575
S43A12T01,filtered,13,0.43333333333333335,False,False,0.2899973123788686,0.07222847271195953,-1.425543528753795,-1.1944155317840042,-0.2311279969697908,-0.1453875472968228,0.6808603757733886,-0.8262479230702114,2.014975899004335,2.0667038053271365,-0.05172790632280133
S43A12T01,filtered,14,0.4666666666666667,False,False,0.29040810091081076,0.07428449887463962,-1.4257414043696055,-1.1958641092912656,-0.22987729507833987,-0.14518955065426817,0.6813126473380903,-0.8265021979923585,2.013619585269799,2.06372087685228,-0.050101291582481
S43A12T01,filtered,15,0.5,False,False,0.290919998429518,0.076011934474006,-1.4258656131279093,-1.1972015943265075,-0.22866401880140175,-0.14496596701232256,0.6817174509039489,-0.8266834179162714,2.012377405218188,2.060956222811574,-0.04857881759338589
S43A12T01,filtered,16,0.5333333333333333,False,False,0.2914603863245476,0.07719711464690682,-1.4258772253815393,-1.1982875693481088,-0.2275896560334305,-0.14471010997362835,0.6820644185559475,-0.8267745285295758,2.0113428106414526,2.0586501134939845,-0.04730730285253193
S43A12T01,filtered,17,0.5666666666666667,False,False,0.291944728526064,0.07764704700184688,-1.4257476651776915,-1.1990135337889072,-0.2267341313887843,-0.1444156677415061,0.6823541008280796,-0.8267697685695856,2.0105992548756455,2.0570281936862673,-0.04642893881062182
S43A12T01,filtered,18,0.6,False,True,0.29228760276561366,0.07720552938382852,-1.4254601816500705,-1.1993087849390638,-0.2261513967110067,-0.14407686988686486,0.6825986988178028,-0.8266755687046676,2.0102142262565112,2.056287031152482,-0.046072804895970876
S43A12T01,filtered,19,0.6333333333333333,False,False,0.29241441747645663,0.07576765149107367,-1.4250102527715378,-1.1991427233053096,-0.22586752946622823,-0.14368865527155827,0.6828216468320942,-0.8265103021036525,2.0102343331442416,2.056581342541217,-0.04634700939697556
S43A12T01,filtered,20,0.6666666666666666,False,False,0.29227170604566705,0.07329132849212194,-1.4244049456691452,-1.1985234916806249,-0.22588145398852033,-0.14324687273601033,0.6830559957574813,-0.8263028684934917,2.010681863175085,2.058013797750477,-0.047331934575391976
S43A12T01,filtered,21,0.7,False,False,0.29183413285422544,0.06980462726262449,-1.4236613619569423,-1.1974932289794065,-0.2261681329775358,-0.14274854206173138,0.6833416729726645,-0.8260902150343958,2.011553122269929,2.060628093168025,-0.049074970898096204
S43A12T01,filtered,22,0.7333333333333333,False,False,0.29110698408820623,0.06540789204336206,-1.422804382405428,-1.1961205600795362,-0.2266838223258918,-0.14219219052805263,0.6837218216064811,-0.8259140121345337,2.0128187128760935,2.0644057356182572,-0.05158702274216376
S43A12T01,filtered,23,0.7666666666666667,False,False,0.29012382906550716,0.060270058057489084,-1.421863983227889,-1.1944912145696112,-0.22737276865827782,-0.14157826164982135,0.6842385345720765,-0.8258167962218979,2.0144257487105794,2.0692667169919097,-0.05484096828133023
S43A12T01,filtered,24,0.8,False,False,0.2889400490330786,0.05461904315480659,-1.420872421024116,-1.1926978415235063,-0.2281745795006096,-0.14090957034973137,0.6849283820234798,-0.8258379523732112,2.0163018386088942,2.075074003714348,-0.05877216510545358
S43A12T01,filtered,25,0.8333333333333334,False,False,0.2876238178032496,0.04872669095288784,-1.419861574478063,-1.190830146167055,-0.22903142831100798,-0.14019175671737394,0.6858181727447759,-0.8260099294621498,2.018360518750013,2.081641527652294,-0.06328100890228106
S43A12T01,filtered,26,0.8666666666666667,False,False,0.28624663936674366,0.04288934300397362,-1.4188606920680624,-1.1889664117184964,-0.22989428034956605,-0.1394336726015206,0.6869213838713804,-0.826355056472901,2.0205076839305303,2.088745152208403,-0.0682374682778728
S43A12T01,filtered,27,0.9,False,True,0.28487550531487404,0.03740566272649182,-1.4178947331225271,-1.1871672920769178,-0.23072744104560927,-0.1386476249248822,0.6882356390674904,-0.8268832639923727,2.0226484772632447,2.096135903455365,-0.07348742619212034
S43A12T01,filtered,28,0.9333333333333333,False,True,0.28356807775730014,0.03255373491877411,-1.4169834128116796,-1.1854724860328725,-0.23151092677880714,-0.13784939907672966,0.6897415187532295,-0.8275909178299592,2.024694054312095,2.1035546070237983,-0.07886055271170322
S43A12T01,filtered,29,0.9666666666666667,False,True,0.2823712001413545,0.028569648541472814,-1.4161409786822796,-1.1839005591874323,-0.2322404194948473,-0.13705799609407565,0.6914028578214164,-0.8284608539154921,2.026567648976381,2.1107469660842564,-0.0841793171078753
S43A12T01,filtered,30,1.0,False,False,0.28132186328408165,0.025629693990063096,-1.4153766653750492,-1.1824518023894182,-0.2329248629856311,-0.13629503847704158,0.6931685402487646,-0.8294635787258062,2.0282094350244604,2.1174780652267886,-0.08926863020232823
S43A12T01,filtered,31,1.0333333333333334,False,False,0.2804489560076578,0.0238379671037261,-1.4146957028000753,-1.181113647575203,-0.2335820552248722,-0.13558383012033692,0.6949756515865544,-0.8305594817068913,2.029579792410631,2.123545299790615,-0.0939655073799841
S43A12T01,filtered,32,1.0666666666666667,False,False,0.2797740381596967,0.023220610264284902,-1.4141006977858517,-1.179867846734691,-0.23423285105116065,-0.13494809348456777,0.6967537155293794,-0.8317018090139472,2.0306607382289585,2.128788817259339,-0.09812807903038046
S43A12T01,filtered,33,1.1,False,False,0.27931004154605565,0.023727209226176882,-1.4135931749540898,-1.17869839571192,-0.23489477924216984,-0.1344104480991171,0.698429634606635,-0.832840082705752,2.0314554510623672,2.133098717890843,-0.10164326682847591
S43A12T01,filtered,34,1.1333333333333333,False,False,0.2790579719909349,0.025239095555807278,-1.4131750521495827,-1.177599079569765,-0.23557597257981766,-0.13399073418367458,0.6999328895366831,-0.8339236237203577,2.0319859861610996,2.136418489075914,-0.10443250291481432
S43A12T01,filtered,35,1.1666666666666667,False,False,0.27900288054057243,0.027583575293726792,-1.4128498397905642,-1.1765795438950388,-0.2362702958955254,-0.1337043185978669,0.7012005340000821,-0.834904852597949,2.0322894306131785,2.138744426427122,-0.10645499581394358
S43A12T01,filtered,36,1.2,False,False,0.27911109799056766,0.03055250014400701,-1.4126233904113106,-1.1756689545668038,-0.23695443584450682,-0.13356054276231816,0.7021815523805467,-0.8357420951428649,2.03241286955042,2.1401211010283063,-0.10770823147788633
S43A12T01,filtered,37,1.2333333333333334,False,False,0.2793306722963696,0.033923181437627514,-1.4125040807320264,-1.174916580171999,-0.23758750056002742,-0.13356147991187645,0.7028402219472681,-0.8364017018591445,2.032407618618356,2.1406332392360916,-0.10822562061773544
S43A12T01,filtered,38,1.2666666666666666,False,False,0.27959612052973654,0.03747945460231428,-1.4125023781544173,-1.1743889872353657,-0.2381133909190516,-0.1337011598275267,0.7031582274781348,-0.8368593873056616,2.032323221879781,2.140394662073572,-0.108071440193791
S43A12T01,filtered,39,1.3,False,False,0.2798373278442135,0.041030739228099744,-1.4126298195082223,-1.174163941235014,-0.2384658782732083,-0.13396539253609502,0.7031354020247901,-0.837100794560885,2.032201720072656,2.1395351633512947,-0.10733344327863881
S43A12T01,filtered,40,1.3333333333333333,False,False,0.279991177285058,0.04442718752446462,-1.4128975043186238,-1.1743215146430355,-0.23857598967558835,-0.13433227945054335,0.702789098591392,-0.8371213780419354,2.0320726668699662,2.138186373804926,-0.10611370693495958
S43A12T01,filtered,41,1.3666666666666667,False,False,0.28001369510383345,0.04756943346560161,-1.4133142700977663,-1.1749332758594822,-0.23838099423828418,-0.13477344356512808,0.7021523217150356,-0.8369257652801637,2.0319493168118785,2.136467754357768,-0.10451843754588941
S43A12T01,filtered,42,1.4,False,False,0.27989033671893704,0.05041199798659646,-1.4138847662071599,-1.1760507321823113,-0.2378340340248486,-0.13525594355374831,0.7012708554575708,-0.8365267990113192,2.031826333467963,2.1344738821188467,-0.10264754865088355
S43A12T01,filtered,43,1.4333333333333333,False,False,0.2796424509022208,0.052960023264313705,-1.4146076699248777,-1.1776943937328272,-0.2369132761920505,-0.13574476536436592,0.7001997074353019,-0.8359444727996679,2.0316792737113536,2.13226413787587,-0.1005848641645164
S43A12T01,filtered,44,1.4666666666666666,False,True,0.2793287095676243,0.05525965684259626,-1.4154742893884196,-1.1798448887582391,-0.23562940063018045,-0.1362057159297898,0.6989992410320078,-0.8352049569617976,2.0314659951142953,2.1298557741761655,-0.09838977906187019
S43A12T01,filtered,45,1.5,False,False,0.2790411101551833,0.05738304379594639,-1.4164677712076887,-1.1824374784513778,-0.23403029275631093,-0.1366084845328411,0.6977313849643594,-0.8343398694972005,2.0311300084287,2.12722113846686,-0.09609113003815972
S43A12T01,filtered,46,1.5333333333333334,False,False,0.27889585362942376,0.05940947150248177,-1.4175630767025256,-1.1853610871829297,-0.23220198951959592,-0.1369295957418167,0.6964562877859022,-0.8333858835277189,2.0306056563769657,2.124289546178433,-0.09368388980146714
S43A12T01,filtered,47,1.5666666666666667,False,False,0.27901990562697004,0.06140469958500949,-1.4187278140430486,-1.1884625907857778,-0.23026522325727083,-0.137154960182717,0.6952297244498347,-0.8323846846325517,2.0298248469623594,2.120953947754535,-0.09112910079217551
S43A12T01,filtered,48,1.6,False,False,0.2795344138516669,0.06340084000566093,-1.4199239211918577,-1.1915566143289604,-0.2283673068628973,-0.13728174026532575,0.6941014663767568,-0.8313832066420825,2.0287249130269793,2.1170821246609943,-0.088357211634015
S43A12T01,filtered,49,1.6333333333333333,False,False,0.2805364973824564,0.06537926643102154,-1.4211100957781626,-1.194440518704472,-0.22666957707369062,-0.1373192892245026,0.6931147038014942,-0.8304339930259967,2.027257025211567,2.1125317107782386,-0.0852746855666715
S43A12T01,filtered,50,1.6666666666666667,False,False,0.2820813238375253,0.06725887341726544,-1.4222447732075505,-1.1969136521053827,-0.2253311211021678,-0.13728899245099233,0.6923064718806338,-0.8295954643316261,2.025394473264706,2.1071679123605485,-0.08177343909584245
S43A12T01,filtered,51,1.7,False,False,0.28416679284448565,0.06889154863755831,-1.42328937379917,-1.198799368278831,-0.22449000552033915,-0.13722293615564926,0.6917088953774169,-0.8289318315330662,2.023140071928609,2.100882447526943,-0.07774237559833397
S43A12T01,filtered,52,1.7333333333333334,False,False,0.28672332801536826,0.070065985409409,-1.4242114833289992,-1.19996783480374,-0.22424364852525924,-0.1371614433366122,0.6913509470062605,-0.8285123903428727,2.0205319581879118,2.093611998235126,-0.07308004004721402
S43A12T01,filtered,53,1.7666666666666666,False,False,0.2896109606872406,0.07052002170875538,-1.424987607622722,-1.200357337823796,-0.22463026979892597,-0.1371496417494456,0.691260327165323,-0.8284099689147686,2.0176471319765357,2.0853544002388356,-0.06770726826229989
S43A12T01,filtered,54,1.8,False,False,0.2926249213727551,0.06996066511167665,-1.4256051571347088,-1.1999916915554065,-0.22561346557930229,-0.13723335189822472,0.6914650305491689,-0.8286983824473936,2.014602245869965,2.0761808999300997,-0.06157865406013485
S43A12T01,filtered,55,1.8333333333333333,False,False,0.29550948899912616,0.0680899950285645,-1.4260633745073341,-1.1989915188928186,-0.22707185561451548,-0.13745469203540994,0.6919941762650983,-0.8294488683005082,2.011551354205801,2.066243065407789,-0.054691711201988014
S43A12T01,filtered,56,1.8666666666666667,False,False,0.2979783013407517,0.06463436446142223,-1.426373014774768,-1.1975775927735022,-0.2287954220012658,-0.13784787784516894,0.6928777449748769,-0.8307256228200458,2.0086805665570324,2.055773318876019,-0.0470927523189868
S43A12T01,filtered,57,1.9,False,False,0.299738180512377,0.05937386085081431,-1.4265547164243888,-1.1960650926981717,-0.23048962372621706,-0.1384357329809627,0.6941449854166046,-0.8325807183975673,2.0061997925371524,2.045078518803096,-0.0388787262659438
S43A12T01,filtered,58,1.9333333333333333,False,False,0.3005130814610617,0.05216888459763669,-1.426636148786263,-1.1948484797259984,-0.2317876690602647,-0.1392274104100213,0.6958214142319255,-0.8350488246419467,2.0043319961737187,2.0345265276043123,-0.030194531430593585
S43A12T01,filtered,59,1.9666666666666666,False,False,0.3000650649599664,0.04298096243508498,-1.4266481696674633,-1.1943776409706253,-0.23227052869683806,-0.1402177441887472,0.6979245243629567,-0.8381422685517039,2.0033005850772168,2.024526227548829,-0.021225642471612183
S43A12T01,filtered,60,2.0,False,False,0.298210052823228,0.031885480536378186,-1.4266203569796387,-1.1951268970443056,-0.2314934599353331,-0.1413885027281208,0.7004585229766661,-0.841847025704787,2.003315732863227,2.015501975515482,-0.012186242652254986
S43A12T01,filtered,61,2.033333333333333,False,False,0.29482727785298096,0.019074817447958248,-1.426576370057297,-1.1975592932252623,-0.22901707683203476,-0.14271160128128205,0.7034086224516611,-0.8461202237329432,2.0045605651077234,2.0078639990841016,-0.0033034339763782228
S43A12T01,filtered,62,2.066666666666667,False,False,0.28986254097294833,0.0048512847670010295,-1.4265296347384653,-1.2020892060657489,-0.2244404286727164,-0.1441540663972241,0.7067355875337334,-0.8508896539309576,2.0071782216388403,2.0019767090279155,0.00520151261092483
S43A12T01,filtered,63,2.1,False,True,0.28332642812832676,0.010389750736350623,-1.4264798215725578,-1.2090466121904506,-0.2174332093821072,-0.14568425227481072,0.7103713756819262,-0.856055627956737,2.011260832088053,1.998127301734456,0.0131335303535971
S43A12T01,filtered,64,2.1333333333333333,False,False,0.2752893624221566,0.026185273045475466,-1.4264104971790916,-1.2186463375559566,-0.207764159623135,-0.14727852256851917,0.7142167709411886,-0.8614952935097078,2.016841397563273,1.9964973024920927,0.02034409507118018
S43A12T01,filtered,65,2.1666666666666665,False,False,0.2658756574761225,0.04203646838451469,-1.4262881820527282,-1.2309652238127324,-0.1953229582399958,-0.14892737365682293,0.718141879018485,-0.867069252675308,2.0238894504754414,1.9971398029219203,0.02674964755352116
S43A12T01,filtered,66,2.2,False,False,0.2552585323390498,0.05744433548106298,-1.4260628600351408,-1.2459294439514657,-0.18013341608367517,-0.15063983266396835,0.7219902006353613,-0.8726300332993298,2.03231116216992,1.999965021160578,0.03234614100934219
S43A12T01,filtered,67,2.2333333333333334,False,False,0.24365735349895526,0.07194599836794935,-1.4256697791576909,-1.263313240866493,-0.16235653829119778,-0.1524449580778294,0.7255867191453691,-0.8780316772231985,2.0419542859431035,2.004736422835021,0.037217863108082394
S43A12T01,filtered,68,2.2666666666666666,True,False,0.2313372749800045,0.08514855829723111,-1.4250321903100478,-1.2827492519721,-0.1422829383379478,-0.1543894328100089,0.7287500310820271,-0.883139463892036,2.0526179722704034,2.011078969485932,0.041539002784471535
S43A12T01,filtered,69,2.3,True,False,0.21861011078965123,0.09675748034603315,-1.424064521331443,-1.3037494469456488,-0.12031507438579414,-0.156530578515616,0.731308042003698,-0.8878386205193141,2.064067095449394,2.01850012730699,0.04556696814240402
S43A12T01,filtered,70,2.3333333333333335,True,False,0.20583388931268146,0.10659691565084017,-1.422675409460424,-1.3257346806272867,-0.0969407288331372,-0.15892461923462045,0.7331161970786708,-0.8920408163132912,2.0760503190375363,2.0264231312589573,0.049627187778578996
S43A12T01,filtered,71,2.3666666666666667,True,False,0.1934073361802077,0.11461997362747556,-1.4207700363885698,-1.3480700773938201,-0.07269995899474968,-0.16161063808464116,0.7340766894234524,-0.8956873275080935,2.088320742343353,2.0342307574989342,0.05408998484441874
S43A12T01,filtered,72,2.4,False,False,0.18175488389198047,0.12090773341783279,-1.4182513354625192,-1.370103016861314,-0.048148318601205276,-0.1645913358918572,0.7341566720176114,-0.8987480079094685,2.100657655093187,2.041316643979434,0.059341011113752895
S43A12T01,filtered,73,2.433333333333333,False,False,0.17129846805776164,0.1256566757340054,-1.4150198601290707,-1.3912004380251226,-0.02381942210394805,-0.16781233367409223,0.7334032672933818,-0.901215600967474,2.1128877198375053,2.0471401629681885,0.06574755686931688
S43A12T01,filtered,74,2.466666666666667,True,False,0.1624155832037181,0.12915518730723297,-1.4109723884857588,-1.4107825192288468,-0.00018986925691200085,-0.17114227676501775,0.731953174792007,-0.9030954515570249,2.1249038263568063,2.051280125606119,0.07362370075068725
S43A12T01,filtered,75,2.5,False,False,0.1553897687591826,0.1317508017611546,-1.4059996479532215,-1.4283504676651408,0.022350819711919323,-0.17435632058123882,0.7300349379697173,-0.9043912585509561,2.1366799279300728,2.0534822851591175,0.08319764277095532
S43A12T01,filtered,76,2.533333333333333,False,False,0.15036816482222112,0.13381083703676544,-1.3999838255585264,-1.4435070571966238,0.04352323163809735,-0.1771256484681949,0.7279624238330148,-0.9050880723012097,2.148280370552224,2.053695749345225,0.0945846212069994
S43A12T01,filtered,77,2.566666666666667,False,False,0.14734464890305227,0.13567998179058072,-1.3927967317965813,-1.4559695421715815,0.06317281037500022,-0.17901545691941198,0.7261187410206713,-0.9051341979400833,2.159862548979779,2.0520940124451434,0.10776853653463547
S43A12T01,filtered,78,2.6,False,False,0.14617890745194215,0.13763904955359219,-1.3842995660930293,-1.465575484932804,0.0812759188397747,-0.17949333527945052,0.7249306070379438,-0.9044239423173943,2.1716721497571347,2.0490773395982993,0.12259481015883544
S43A12T01,filtered,79,2.6333333333333333,False,False,0.14664293780212667,0.13986942492554255,-1.3743451613252595,-1.4722827128705358,0.09793755154527628,-0.17794918459007453,0.7248340099442219,-0.9027831945342963,2.184030750946253,2.045254621347712,0.13877612959854124
S43A12T01,filtered,80,2.6666666666666665,False,False,0.1484704529297985,0.14242755607508628,-1.3627833562406293,-1.4761649541761686,0.11338159793553926,-0.17372680832968823,0.7262328414393955,-0.8999596497690837,2.197316117927845,2.0414044912927993,0.15591162663504576
S43A12T01,filtered,81,2.7,False,False,0.15138465943878562,0.14523314131581655,-1.3494697740882784,-1.477404642996177,0.1279348689078985,-0.16616613739871927,0.7294529645469945,-0.8956191019457138,2.211936135528072,2.038417367298201,0.1735187682298709
S43A12T01,filtered,82,2.7333333333333334,False,False,0.1550950374867039,0.14807343009561635,-1.3342778125928119,-1.4762839682436306,0.14200615565081876,-0.15465381915538898,0.7346948796608908,-0.8893486988162798,2.228297911697754,2.0372220103769654,0.19107590132078878
S43A12T01,filtered,83,2.7666666666666666,False,False,0.15927207126617957,0.15062441050202668,-1.3171131330348635,-1.4731745789427362,0.15606144590787263,-0.13867872367261222,0.7419887203489046,-0.8806674440215169,2.246774130167537,2.0387020315150863,0.2080720986524507
S43A12T01,filtered,84,2.8,False,False,0.16351935047434016,0.15248776226074523,-1.2979294453386565,-1.4685256255340748,0.17059618019541833,-0.11788793165040086,0.7511556852301177,-0.8690436168805186,2.267669163700121,2.0436093184569777,0.22405984524314349
S43A12T01,filtered,85,2.8333333333333335,False,False,0.16736156062437774,0.15324054260719278,-1.27674399477912,-1.4628492080420237,0.18610521326290375,-0.092138101279566,0.761780123092815,-0.853918224372381,2.2911877271497194,2.052482390110522,0.23870533703919738
S43A12T01,filtered,86,2.8666666666666667,False,False,0.17025785466055,0.15249288242720782,-1.2536509285618935,-1.4567019947455784,0.20305106618368485,-0.06153688546723739,0.7731962604270072,-0.8347331458942445,2.31740889666418,2.0655780204332372,0.2518308762309429
S43A12T01,filtered,87,2.9,False,False,0.1716393437584499,0.14994771731611878,-1.228830702478245,-1.4506618830627822,0.2218311805845372,-0.02646937412541038,0.7844929302960557,-0.8109623044214661,2.3462681084248445,2.082823963315648,0.26344414510919645
S43A12T01,filtered,88,2.933333333333333,False,False,0.17096236056517403,0.14545592545026143,-1.2025538984523771,-1.44529912323893,0.24274522478655292,0.012394592393986216,0.7945385958956184,-0.7821440035016322,2.3775492605986335,2.1037991950022827,0.27375006559635073
S43A12T01,filtered,89,2.966666666666667,False,False,0.16776770712906597,0.1390602874513267,-1.1751782537630964,-1.4411422472309785,0.26596399346788213,0.05411497716749192,0.8020274778737555,-0.7479125007062636,2.410888288139745,2.1277458140112624,0.2831424741284825
S43A12T01,filtered,90,3.0,False,False,0.16173947108278575,0.13102244899622706,-1.1471383154160568,-1.43864029342738,0.29150197801132327,0.09751884111633785,0.8055457726327355,-0.7080269315163976,2.4457886068907464,2.1536137550161873,0.29217485187455905
S43A12T01,filtered,91,3.033333333333333,False,False,0.15276395166173481,0.12182851117988891,-1.1189278688390663,-1.4381239952056186,0.31919612636655237,0.14125909929256694,0.8036549403646083,-0.6623958410720413,2.4816477096444824,2.1801360471746873,0.3015116624697951
S43A12T01,filtered,92,3.066666666666667,False,False,0.14100039982141946,0.11217088258713681,-1.0910760719868746,-1.439769593824177,0.3486935218373024,0.1838912413878285,0.7949870595207259,-0.6110958181328974,2.5177930514863642,2.205928839698628,0.31186421178773616
S43A12T01,filtered,93,3.1,False,False,0.1269946655586661,0.10290641889585417,-1.0641189677156857,-1.443569548504846,0.3794505807891604,0.22396248695700366,0.7783455410689462,-0.5543830541119426,2.553524316395688,2.2296072560712816,0.3239170603244066
S43A12T01,filtered,94,3.1333333333333333,False,False,0.1119009059136452,0.09499341292724961,-1.038568661418981,-1.449314502939632,0.41074584152065086,0.2601062591133414,0.7528033255478859,-0.4926970664345445,2.5881583514361233,2.249905769605583,0.3382525818305404
S43A12T01,filtered,95,3.1666666666666665,True,False,0.09790616568954864,0.08941241003900702,-1.0148828573423154,-1.4565903515874887,0.4417074942451733,0.29113394467772274,0.7177902577745918,-0.4266563130968691,2.621072616460111,2.265790614553385,0.35528200190672576
S43A12T01,filtered,96,3.2,True,False,0.08875210796616102,0.08707783871821206,-0.9934375814357397,-1.464793132133854,0.4713555506981144,0.31611582084606354,0.6731617652146552,-0.35704594436859166,2.6517430181918504,2.276552032101951,0.3751909860898994
S43A12T01,filtered,97,3.2333333333333334,True,False,0.0891385655197136,0.08874882355446401,-0.974505741190376,-1.4731628305688842,0.49865708937850817,0.3344438254470786,0.6192422494167429,-0.28479842396966426,2.6797725128458993,2.2818659820563023,0.39790653078959703
S43A12T01,filtered,98,3.2666666666666666,True,False,0.10143139072393943,0.09494810738197468,-0.9582436775818552,-1.4808351749958533,0.522591497413998,0.34587046979786246,0.5568386012011475,-0.21096813140328502,2.704907834390011,2.2818181814223877,0.42308965296762313
S43A12T01,filtered,99,3.3,True,False,0.12369393391125638,0.1058976535803573,-0.9446870873640265,-1.4869083348678176,0.5422212475037911,0.35052046551236077,0.48722173784082884,-0.13670127232846807,2.727043025236766,2.2768875846062553,0.45015544063051083
S43A12T01,filtered,100,3.3333333333333335,True,False,0.15239706661254432,0.12147822492058236,-0.9337567177528963,-1.4905194082019089,0.5567626904490126,0.3488742936626914,0.41207675575157343,-0.06320246208888203,2.74620994016022,2.2678911403902147,0.47831879977000513
S43A12T01,filtered,101,3.3666666666666667,False,True,0.18466909871476714,0.14121813403678263,-0.9252731815458731,-1.4909239636245109,0.5656507820786377,0.34172566816928934,0.3334249172680669,0.008300750901222453,2.762557356292768,2.2558962000910654,0.5066611562017025
S43A12T01,filtered,102,3.4,True,False,0.21845979007745542,0.16431361252491783,-0.9189792515686784,-1.4875709687939924,0.568591717225314,0.33011730973947556,0.2535229958221756,0.07659431391729998,2.7763215486427546,2.2421106786507456,0.534210869992009
S43A12T01,filtered,103,3.433333333333333,True,False,0.2521974187773902,0.18968010554235426,-0.9145672066220768,-1.4801653602994773,0.5655981536774005,0.3152613640071451,0.1747472811621052,0.1405140828450399,2.787792017468107,2.227763478083359,0.560028539384748
S43A12T01,filtered,104,3.466666666666667,False,False,0.28456074148157423,0.2160305795214137,-0.9117083228109681,-1.468711350352971,0.5570030275420028,0.2984519558218884,0.09947063408336203,0.19898132173852634,2.7972763834812313,2.213988465228721,0.5832879182525104
S43A12T01,filtered,105,3.5,False,False,0.3143884574229498,0.24197398078893428,-0.9100814896852949,-1.4535312484729328,0.5434497587876379,0.2809776638851489,0.029941280936802806,0.25103638294834607,2.8050682809736758,2.2017243909908446,0.6033438899828312
S43A12T01,filtered,106,3.533333333333333,False,False,0.34066972870031575,0.26612465438422017,-0.9093981783418962,-1.435256912115474,0.5258587337735777,0.2640411383449251,-0.03182846048461399,0.2958695988295391,2.811421435542647,2.1916407278986236,0.6197807076440234
S43A12T01,filtered,107,3.566666666666667,True,False,0.3625750797805584,0.2872121379006578,-0.9094215459518806,-1.4147936588158123,0.5053721128639317,0.2486917958276824,-0.0841565420419193,0.33284833786960166,2.8165321304924475,2.184095876008878,0.6324362544835695
S43A12T01,filtered,108,3.6,False,False,0.37950203193436227,0.30418051061852025,-0.9099782391804963,-1.393259265909684,0.4832810267291878,0.23577573017404532,-0.12576338990138602,0.3615391200754313,2.820531098680015,2.1791300726084355,0.6414010260715797
S43A12T01,filtered,109,3.6333333333333333,False,False,0.3911181492393671,0.31626749703094137,-0.9109623495595257,-1.3719032439357464,0.46094089437622066,0.22590494247826093,-0.15581873107320074,0.38172367355146164,2.8234846885774267,2.1764912184001677,0.6469934701772591
S43A12T01,filtered,110,3.6666666666666665,True,False,0.3973892565279868,0.3230557221445074,-0.9123318650763083,-1.3520136156458702,0.43968175056956194,0.21944599438229284,-0.1739618712819116,0.39340786566420444,2.8254040940178755,2.1756882387832217,0.6497158552346538
S43A12T01,filtered,111,3.7,False,False,0.3985845606834018,0.32449163989910246,-0.9140987503283813,-1.3348197335451681,0.42072098321678686,0.21652645771895968,-0.1802961220444884,0.39682257976344804,2.826260623329684,2.1760639490990203,0.6501966742306635
S43A12T01,filtered,112,3.7333333333333334,False,False,0.3952540539914062,0.3208712966179972,-0.9163143870089857,-1.3214000681395457,0.40508568113056,0.21705623475095345,-0.1753596230971041,0.39241585784805755,2.826004489427501,2.1768779329211245,0.6491265565063764
S43A12T01,filtered,113,3.7666666666666666,False,False,0.3881771318649081,0.3127957505556087,-0.9190524585832307,-1.3126033393385421,0.3935508807553114,0.22076003502809388,-0.16007597602929488,0.38083601105738873,2.8245844561301707,2.1773897346554563,0.6471947214747145
S43A12T01,filtered,114,3.8,False,False,0.37828498525900245,0.30110215276812435,-0.9223914427866217,-1.3089899068758535,0.3865984640892318,0.22721701360616042,-0.13568889837232226,0.36290591197848265,2.8219658621761834,2.1769336071869034,0.64503225498928
S43A12T01,filtered,115,3.8333333333333335,False,False,0.36656331995698865,0.28677880500478214,-0.9263986942837639,-1.3107981641173407,0.38439946983357687,0.23590373036852733,-0.10368555940726033,0.3395892897757877,2.8181450101004937,2.174977906910538,0.6431671031899557
S43A12T01,filtered,116,3.8666666666666667,False,False,0.35394651958316625,0.27087370459661275,-0.9311177017000176,-1.317938069223894,0.3868203675238764,0.24623706736645312,-0.06571341381549392,0.311950481181947,2.8131585699049255,2.171164671743115,0.6419938981618105
S43A12T01,filtered,117,3.9,False,False,0.3412190035100427,0.25440610053898194,-0.9365595567364278,-1.3300112217279818,0.39345166499155404,0.25761440937944324,-0.02349524811311411,0.28110965749255734,2.8070874060353366,2.165327594656813,0.6417598113785234
S43A12T01,filtered,118,3.933333333333333,False,False,0.3289423151660572,0.2382895219456418,-0.9426990591813624,-1.3463543687436617,0.4036553095622992,0.2694491283087379,0.02125316612805539,0.24819596218068252,2.8000549834976693,2.157489168262113,0.6425658152355562
S43A12T01,filtered,119,3.966666666666667,True,False,0.3174243396023817,0.223272831817243,-0.9494752823281258,-1.3661011699358108,0.41662588760768493,0.2812001151694946,0.06689892297545649,0.21430119219403812,2.7922211468768188,2.1478399317074333,0.6443812151693855
S43A12T01,filtered,120,4.0,False,False,0.3067379673215669,0.20990341355635955,-0.9567959121064228,-1.3882556514884496,0.43145973938202686,0.2923947087930155,0.11195809421220604,0.18043661458080945,2.7837725196345655,2.136704294473816,0.6470682251607496
S43A12T01,filtered,121,4.033333333333333,False,False,0.2967825319236234,0.19851394192831706,-0.9645443078333626,-1.4117701341267357,0.44722582629337304,0.30264484768093863,0.1551495985406543,0.14749524914028433,2.7749109992986085,2.1244982422918377,0.6504127570067708
S43A12T01,filtered,122,4.066666666666666,False,False,0.28736882837183936,0.18923162379954195,-0.9725880488036318,-1.4356205385489504,0.46303248974531863,0.31165662129504024,0.1954350971188045,0.11622152417623574,2.7658418243904905,2.111684350893314,0.6541574734971767
S43A12T01,filtered,123,4.1,False,False,0.2783038963319298,0.18200656217669953,-0.9807877383049761,-1.4588727849758611,0.478085046670885,0.31923364167938406,0.23204394101356965,0.08718970066581441,2.7567624942620697,2.0987290311217395,0.6580334631403302
S43A12T01,filtered,124,4.133333333333334,False,False,0.2694564492210631,0.1766541835075064,-0.9890050153927906,-1.4807353780619321,0.4917303626691415,0.3252748281769397,0.26448290037547406,0.06079192780146564,2.747853492773813,2.0860659503497976,0.6617875424240154
S43A12T01,filtered,125,4.166666666666667,False,False,0.2607937758519783,0.17290559905550507,-0.9971090284104228,-1.5005950201817435,0.5034859917713207,0.32976732837261313,0.2925310482198199,0.03723628015279323,2.739271372679304,2.074068297598231,0.6652030750810729
S43A12T01,filtered,126,4.2,False,False,0.25239057045362406,0.17045941804427067,-1.0049809880513811,-1.5180340105086305,0.5130530224572494,0.3327754088411748,0.3162207686034483,0.016554640237726514,2.731144368980038,2.0630311672527,0.6681132017273379
S43A12T01,filtered,127,4.233333333333333,False,False,0.24441616806398023,0.16902890440162466,-1.0125167726690705,-1.5328300440074776,0.5203132713384071,0.3344262482041949,0.33580643457497017,-0.0013801863707752493,2.7235703814307155,2.053164000359729,0.6704063810709866
S43A12T01,filtered,128,4.266666666666667,False,False,0.23710875751494093,0.16837940890923497,-1.0196278464533428,-1.544940625754458,0.5253127793011152,0.33489364898099705,0.3517228706327695,-0.016829221651772475,2.7166169333581585,2.0445918886159955,0.672025044742163
S43A12T01,filtered,129,4.3,False,False,0.23074455943788988,0.1683525732140514,-1.0262409360833489,-1.554475512570127,0.5282345764867782,0.3343807427449921,0.36453626667528527,-0.030155523930293193,2.7103225895803744,2.037363724360602,0.6729588652197722
S43A12T01,filtered,130,4.333333333333333,False,False,0.2256080280349856,0.16887568016439558,-1.0322969834969795,-1.561661301373471,0.5293643178764915,0.3331027814006879,0.3748907027672939,-0.04178792136660603,2.7046992963954026,2.0314647373934123,0.6732345590019904
S43A12T01,filtered,131,4.366666666666666,False,False,0.22196667116852153,0.16995646388597718,-1.0377498637793825,-1.5668024860506697,0.5290526222712872,0.33127107343656337,0.38345380800902207,-0.0521827345724587,2.699735174255393,2.026830914870725,0.6729042593846684
S43A12T01,filtered,132,4.4,False,False,0.22005149349507508,0.17166544088701197,-1.0425652545815884,-1.5702430466677515,0.5276777920861631,0.3290790292452249,0.3908652345347232,-0.0617862052894983,2.69539742320152,2.023363121096721,0.672034302104799
S43A12T01,filtered,133,4.433333333333334,False,False,0.22004179058461706,0.17410917080771382,-1.0467198994317455,-1.5723320060949968,0.5256121066632513,0.3266911212632357,0.3976915129348231,-0.07100039167158739,2.6916351622254275,2.0209393389764636,0.6706958232489639
S43A12T01,filtered,134,4.466666666666667,False,False,0.22205176585312417,0.17739866700679974,-1.050201353186289,-1.5733955052534807,0.5231941520671917,0.32423534681790206,0.4043904326605561,-0.08015508584265402,2.6883821854964904,2.0194242265127986,0.6689579589836918
S43A12T01,filtered,135,4.5,False,False,0.2261168883539568,0.18161740621543676,-1.0530081596395262,-1.5737169333296,0.5207087736900737,0.32179951554121505,0.41128736734156934,-0.08948785180035429,2.685559752684105,2.0186759828017307,0.6668837698823742
S43A12T01,filtered,136,4.533333333333333,False,False,0.23218001198814567,0.18679307039341198,-1.0551503073250101,-1.5735256216378746,0.5183753143128644,0.31943138750402283,0.418564992511023,-0.09913360500700019,2.683079615080659,2.0185512123334246,0.6645284027472345
S43A12T01,filtered,137,4.566666666666666,False,False,0.2400798764028005,0.19287639654363775,-1.0566497498998615,-1.5729936718390691,0.5163439219392076,0.31714238715165427,0.42626671217893286,-0.10912432502727859,2.680847499766013,2.0189089489381136,0.6619385508278994
S43A12T01,filtered,138,4.6,False,False,0.2495460343027802,0.19972945700916722,-1.0575407644148824,-1.572239721983617,0.5146989575687346,0.31491433913974276,0.4343129351929871,-0.11939859605324432,2.6787672263588753,2.0196151743228725,0.6591520520360028
S43A12T01,filtered,139,4.633333333333334,False,False,0.2602035643391699,0.2071245036153735,-1.0578699496969717,-1.5713379138950803,0.5134679641981086,0.3127084419866096,0.4425282422048902,-0.1298198002182806,2.6767455213032476,2.0205490136290307,0.6561965076742169
S43A12T01,filtered,140,4.666666666666667,False,False,0.27158862743742423,0.21475333287634846,-1.0576957283537791,-1.5703300426801894,0.5126343143264103,0.31047553589767973,0.45067656655802346,-0.14020103066034373,2.6746974396327996,2.0216113394360464,0.6530861001967532
S43A12T01,filtered,141,4.7,False,False,0.28317337689891925,0.22224608473694096,-1.057087296673291,-1.5692388452301302,0.5121515485568393,0.3081666459227518,0.45850085870442003,-0.15033421278166825,2.6725521283579017,2.0227358448272192,0.6498162835306824
S43A12T01,filtered,142,4.733333333333333,False,False,0.2943970599717063,0.22919755181395907,-1.0561230527687528,-1.568080592581662,0.5119575398129093,0.30574279505314106,0.4657633632182713,-0.16002056816513022,2.6702584982065565,2.02390187266391,0.6463566255426465
S43A12T01,filtered,143,4.766666666666667,False,False,0.30469963389408955,0.23519848771025287,-1.054888611186029,-1.5668755392415932,0.5119869280555642,0.30318317921438315,0.4722826291224198,-0.16909944990803666,2.667790240693771,2.0251475486166957,0.6426426920770751
S43A12T01,filtered,144,4.8,False,False,0.31355452290397484,0.2398690681110054,-1.0534745707069308,-1.5656552825416061,0.5121807118346753,0.30049096535866465,0.4779636919044534,-0.17747272654578877,2.665149560290447,2.0265811939376377,0.6385683663528092
S43A12T01,filtered,145,4.833333333333333,False,False,0.32049780355401863,0.24289156380449928,-1.0519742337693017,-1.5644666221498298,0.5124923883805281,0.29769619804616204,0.48281848274375494,-0.1851222846975929,2.6623690037217758,2.0283887018208633,0.6339803019009125
S43A12T01,filtered,146,4.866666666666666,False,False,0.32515184400885877,0.24403940826975945,-1.0504814774976785,-1.5633720137301501,0.5128905362324716,0.2948555593669342,0.48697439264530795,-0.19211883327837376,2.659510866833197,2.0308346212105475,0.6286762456226493
S43A12T01,filtered,147,4.9,False,False,0.32724216711224263,0.2432001591685602,-1.0490889485157935,-1.5624471235530004,0.5133581750372069,0.29204900132760325,0.49066998436509196,-0.1986209830374887,2.6566638397278983,2.0342551284544808,0.6224087112734176
S43A12T01,filtered,148,4.933333333333334,False,False,0.3266070935137582,0.24039033671721488,-1.0478867005888584,-1.561776272450048,0.5138895718611896,0.28937353904759655,0.49423802398220273,-0.20486448493460618,2.6539367983402866,2.0390418529180376,0.614894945422249
S43A12T01,filtered,149,4.966666666666667,False,False,0.3232005947089702,0.23576074245188727,-1.0469613224245358,-1.5614466883353257,0.51448536591079,0.2869347390134441,0.49807720277461254,-0.21114246376116846,2.6514499419922957,2.0456165804369073,0.6058333615553884
S43A12T01,filtered,150,5.0,False,False,0.3170897398865054,0.22959158224042642,-1.0463955211946676,-1.561542468361416,0.5151469471667485,0.28483664322919156,0.5026150358929591,-0.21777839266376753,2.6493237824528797,2.054398068041582,0.5949257144112976
S43A12T01,filtered,151,5.033333333333333,False,False,0.3084490729341866,0.22227749204128844,-1.0462680451789157,-1.5621390053129378,0.5158709601340221,0.28317102408730593,0.5082653545820569,-0.22509433049475097,2.6476667780276526,2.0657634130885243,0.5819033649391283
S43A12T01,filtered,152,5.066666666666666,False,False,0.2975550442699774,0.21430334191775868,-1.046653756449692,-1.563298392063862,0.5166446356141698,0.282006955876803,0.5153844616004575,-0.23337750572365445,2.6465626432621505,2.080007464020004,0.5665551792421466
S43A12T01,filtered,153,5.1,False,False,0.2847840001063725,0.20621241919817246,-1.0476236115646338,-1.5650660234293674,0.5174424118647336,0.2813817099325223,0.5242303241763768,-0.2428486142438545,2.646058520420999,2.097304480324366,0.5487540400966333
S43A12T01,filtered,154,5.133333333333334,False,False,0.27061684029779953,0.19856921401904337,-1.049244283753051,-1.5674683087865464,0.5182240250334955,0.2812939276701877,0.5349290927941712,-0.25363516512398354,2.646155248134647,2.117676518563521,0.528478729571126
S43A12T01,filtered,155,5.166666666666667,False,False,0.2556517215045675,0.19191950375587985,-1.0515771713013662,-1.570511133732757,0.5189339624313909,0.28169989864282297,0.5474527470648449,-0.26575284842202196,2.646800889667896,2.14097276351142,0.5058281261564761
S43A12T01,filtered,156,5.2,False,False,0.24062211415242707,0.18675071721760594,-1.054676588306007,-1.5741785073006156,0.5195019189946086,0.28251357232427865,0.561610804943128,-0.27909723261884933,2.647888484406077,2.1668632278352415,0.4810252565708355
S43A12T01,filtered,157,5.233333333333333,False,False,0.2264096102203645,0.18345562214369537,-1.0585870265098654,-1.578430744000713,0.5198437174908477,0.28361066957356273,0.5770578444960723,-0.2934471749225096,2.6492586715488238,2.194848970786789,0.4544097007620347
S43A12T01,filtered,158,5.266666666666667,False,False,0.2140281550396832,0.18230219785095336,-1.0633395066874158,-1.5832015910207389,0.519862084333323,0.2848369442384883,0.5933171656514764,-0.3084802214129881,2.6507074288356614,2.224289364022509,0.42641806481315214
S43A12T01,filtered,159,5.3,False,False,0.20454317634953065,0.18341212301788934,-1.068947195483344,-1.5883939364134074,0.5194467409300634,0.2860202937796887,0.6098193785536951,-0.3237990847740064,2.6519987075069245,2.254445143029428,0.39755356447749657
S43A12T01,filtered,160,5.333333333333333,False,False,0.1988940410880853,0.18674964626877455,-1.0754006330688766,-1.5938741112296637,0.5184734781607871,0.2869860518967473,0.6259531825891909,-0.33896713069244355,2.6528812713369536,2.2845342384088725,0.36834703292808113
S43A12T01,filtered,161,5.366666666666666,False,False,0.19764093736308724,0.19212176599776964,-1.0826630769936947,-1.599465278642302,0.5168022016486074,0.2875744420517151,0.6411242425539554,-0.3535498005022403,2.653108607884071,2.313795893840618,0.3393127140434533
S43A12T01,filtered,162,5.4,False,False,0.20074822413859433,0.19918970796729019,-1.090666592783006,-1.604940904351687,0.514274311568681,0.28765885756658743,0.6548170151477628,-0.36715815758117537,2.652460415205725,2.341557522264244,0.31090289294148077
S43A12T01,filtered,163,5.433333333333334,False,False,0.20754571294294522,0.20749075608950096,-1.099309586406015,-1.610019724077218,0.5107101376712031,0.28716339169625443,0.6666537439768729,-0.3794903522806185,2.6507639096878943,2.3672982397443314,0.2834656699435629
S43A12T01,filtered,164,5.466666666666667,False,False,0.21689774143393448,0.21646866554240018,-1.1084564563970452,-1.6143638679127805,0.5059074115157354,0.28607789884407786,0.6764446998890128,-0.39036680104493493,2.64791307264849,2.390703081539993,0.25720999110849707
S43A12T01,filtered,165,5.5,False,False,0.22746695075826343,0.22551025190056562,-1.117939932107745,-1.6175817960588939,0.49964186395114885,0.28446885205596406,0.6842241277889329,-0.3997552757329689,2.643883967891041,2.411702509927225,0.23218145796381595
S43A12T01,filtered,166,5.533333333333333,False,False,0.23794154295654416,0.23398535864963899,-1.1275664601890993,-1.6192374166067436,0.49167095641764424,0.2824843932450159,0.6902672626251569,-0.407782869380141,2.638744424430468,2.4304928813547653,0.20825154307570282
S43A12T01,filtered,167,5.566666666666666,False,False,0.2471746288985929,0.24128727751021084,-1.137124719072448,-1.6188662118474935,0.4817414927750454,0.2803522648111678,0.6950851521671207,-0.41473288735595293,2.6326566861516687,2.4475349417263486,0.18512174442532014
S43A12T01,filtered,168,5.6,False,False,0.254250072641799,0.24687081984890513,-1.1463970088580564,-1.615998454806899,0.4696014459488427,0.2783697670514364,0.6993957955547433,-0.4210260285033069,2.6258720736919914,2.4635290527078713,0.16234302098412012
S43A12T01,filtered,169,5.633333333333334,False,False,0.2585055759771042,0.25028557793327844,-1.1551729183927244,-1.6101887400624157,0.45501582166969134,0.27688549282724007,0.7040721625061976,-0.4271866696789576,2.61871726528731,2.479367619276172,0.13934964601113808
S43A12T01,filtered,170,5.666666666666667,False,False,0.25953494204525285,0.25120242141241333,-1.1632643526525093,-1.601050181755693,0.43778582910318375,0.27627331882161404,0.7100698493128786,-0.4337965304912646,2.6115724551067094,2.4960669988428537,0.11550545626385578
S43A12T01,filtered,171,5.7,False,False,0.25718023555818825,0.2494318889580549,-1.1705207501130832,-1.588290844313459,0.4177700942003757,0.276899930582078,0.7183392703961792,-0.44143933981410116,2.6048423524128395,2.5146829343842674,0.09015941802857208
S43A12T01,filtered,172,5.733333333333333,False,False,0.2515179049022235,0.2449337971768042,-1.1768431635600969,-1.5717493545836443,0.3949061910235474,0.27908795647794205,0.7297291707068694,-0.45064121422892733,2.5989216962607684,2.536215165803691,0.0627065304570773
S43A12T01,filtered,173,5.766666666666667,False,False,0.24284024417594044,0.23781803959548475,-1.1821958416294671,-1.551426271601093,0.3692304299716258,0.2830774994919317,0.7448896628160728,-0.46181216332414116,2.5941576239991644,2.5615082157720606,0.03264940822710383
S43A12T01,filtered,174,5.8,False,False,0.23163290243589846,0.22833713152086688,-1.186614044550351,-1.527507722674982,0.340893678124631,0.28898939520943806,0.764183751301029,-0.47519435609159094,2.5908117871402205,2.591156285314482,-0.0003444981742615205
S43A12T01,filtered,175,5.833333333333333,True,False,0.21854900135747496,0.2168715207846199,-1.190207056984314,-1.5003780982085182,0.31017104122420425,0.29679380406925,0.7876162592943323,-0.49082245522508233,2.5890254916597275,2.6254205959271104,-0.036395104267382905
S43A12T01,filtered,176,5.866666666666666,False,False,0.20437977012268796,0.20390898912406508,-1.1931557121565313,-1.470619258046132,0.27746354588960065,0.3062876975250025,0.8147881404377912,-0.5085004429127887,2.588791289220774,2.6641672618387355,-0.07537597261796147
S43A12T01,filtered,177,5.9,True,False,0.19001961962186575,0.19001959355366727,-1.1957041898703624,-1.4389947309500961,0.2432905410797337,0.3170843822050118,0.8448823568425317,-0.5277979746375199,2.589934306566166,2.706832789412582,-0.11689848284641569
S43A12T01,filtered,178,5.933333333333334,False,False,0.1764197932848891,0.17582755237436887,-1.1981463575652374,-1.4064187279115148,0.20827237034627744,0.328617424105039,0.8766849471280889,-0.5480675230230498,2.592106133615933,2.7524225609117208,-0.160316427295788
S43A12T01,filtered,179,5.966666666666667,True,False,0.16452035039142307,0.1619813154046228,-1.2008074368203847,-1.3739113192859873,0.1731038824656026,0.34016023208091195,0.9086418194818663,-0.5684815874009543,2.5947932833691394,2.799545224070119,-0.20475194070097968
S43A12T01,filtered,180,6.0,False,False,0.15515092720420506,0.14912285378788614,-1.2040222390054867,-1.3425426648383256,0.13852042583283897,0.3508612252448204,0.9389484879548545,-0.5880872627100342,2.597341110962015,2.846482923288261,-0.2491418123262461
S43A12T01,filtered,181,6.033333333333333,True,False,0.1489072131058532,0.13785705383539604,-1.2081115668108338,-1.313370516465013,0.10525894965417915,0.3597930641636167,0.9656667741989422,-0.6058737100353255,2.598992701810129,2.8912940105562557,-0.2923013087461266
S43A12T01,filtered,182,6.066666666666666,False,False,0.1460452669344931,0.12872207598651908,-1.2133585801690168,-1.2873761211688801,0.07401754099986335,0.3660130104935595,0.9868597623988389,-0.6208467519052794,2.5989407238707307,2.9319415819920756,-0.33300085812134483
S43A12T01,filtered,183,6.1,False,False,0.14645978605699736,0.1221616731426658,-1.2199869547774354,-1.2654039757115003,0.04541702093406497,0.3686302343433931,1.0007343086111673,-0.6321040742677742,2.596388742888691,2.9664382671902496,-0.37004952430155846
S43A12T01,filtered,184,6.133333333333334,False,False,0.14977771547225094,0.11850072145968271,-1.2281425236953765,-1.248110558388196,0.019968034692819492,0.3668749403435107,1.005779366154272,-0.6389044258107612,2.590617203691448,2.992995525032545,-0.40237832134109697
S43A12T01,filtered,185,6.166666666666667,True,False,0.1555193232371254,0.11792551152449038,-1.2378798144212968,-1.2359262373135917,-0.0019535771077050512,0.360163635316085,1.0008883926376844,-0.6407247573215994,2.581048366535034,3.010164588110693,-0.4291162215756592
S43A12T01,filtered,186,6.2,False,False,0.16323870548878644,0.12047054829142834,-1.2491545171428502,-1.2290331856067718,-0.020121331536078424,0.34815478516948456,0.9854551470185908,-0.6373003618491062,2.5673041065861146,3.016956353048908,-0.4496522464627932
S43A12T01,filtered,187,6.233333333333333,False,False,0.17258935350358498,0.12601357727675233,-1.2618224904973978,-1.227360549101765,-0.034461941395632856,0.3307895443419655,0.9594341759970368,-0.6286446316550713,2.5492507319746958,3.012928987254965,-0.4636782552802692
S43A12T01,filtered,188,6.266666666666667,True,False,0.18331669042398502,0.1342801935674105,-1.2756454692172954,-1.2305965506013659,-0.04504891861592952,0.30831318912339295,0.9233600743805286,-0.6150468852571356,2.527025873235,2.998234700578922,-0.4712088273439221
S43A12T01,filtered,189,6.3,False,False,0.19521006948265499,0.14485867913883044,-1.2903032099611385,-1.2382158661589195,-0.05208734380221891,0.2812743079595906,0.8783229872873481,-0.5970486793277576,2.5010439872944716,2.9736207533934547,-0.472576766098983
S43A12T01,filtered,190,6.333333333333333,False,True,0.208048861658338,0.1572247288119959,-1.3054114086367987,-1.2495195752752775,-0.05589183336152126,0.2505006140190679,0.8259015705870938,-0.5754009565680258,2.4719789712146745,2.9403839733897232,-0.46840500217504877
S43A12T01,filtered,191,6.366666666666666,True,False,0.22156601447822166,0.1707746221599813,-1.3205443461529311,-1.263684281042929,-0.05686006511000219,0.21705231375007492,0.7680584621405897,-0.5510061483905148,2.4407246009371066,2.900282401069126,-0.4595578001320195
S43A12T01,filtered,192,6.4,False,False,0.2354385335054112,0.1848643721990595,-1.3352608730135673,-1.279816575974574,-0.05544429703899323,0.18215610251495346,0.7070069049907752,-0.5248508024758218,2.408335758959956,2.8554117255678753,-0.4470759666079194
S43A12T01,filtered,193,6.433333333333334,True,False,0.24930282037142804,0.1988516146793844,-1.349132042924389,-1.2970088457339037,-0.05212319719048519,0.14712483172937854,0.6450601156488278,-0.4979352839194493,2.375955429165825,2.8080574720734086,-0.4321020429075837
S43A12T01,filtered,194,6.466666666666667,False,True,0.2627859005735082,0.21213662569723146,-1.3617684862656738,-1.3143924378846092,-0.04737604838106457,0.11326944694412294,0.584476900280049,-0.471207453335926,2.3447339600549393,2.7605360831770236,-0.4158021231220843
S43A12T01,filtered,195,6.5,False,True,0.27554136488768505,0.2241989280216936,-1.3728455227459002,-1.3311844963277208,-0.04166102641817937,0.08181069986006335,0.5273175411754321,-0.4455068413153687,2.315747917480973,2.7150388324535184,-0.39929091497254543
S43A12T01,filtered,196,6.533333333333333,False,True,0.2872799263717072,0.23462644802926969,-1.382124091675637,-1.3467253104547856,-0.03539878122085138,0.053798230884612636,0.4753229119271246,-0.42152468104251195,2.28992584071509,2.673491815464903,-0.3835659747498128
S43A12T01,filtered,197,6.566666666666666,False,True,0.29778719274601867,0.24313502874623616,-1.3894658481917228,-1.3605038643233913,-0.028961983868331487,0.030043864716157994,0.42982717447158514,-0.39978330975542714,2.26798737881853,2.637443176737908,-0.369455797919378
S43A12T01,filtered,198,6.6,False,True,0.30692453643227163,0.24957715848722883,-1.3948412201049272,-1.3721703539062164,-0.022670866198710726,0.011074459718582348,0.3917105683809856,-0.38063610866240327,2.2504007441047684,2.6079855438476853,-0.3575847997429169
S43A12T01,filtered,199,6.633333333333334,False,True,0.31461250988461265,0.2539398891167677,-1.3983297955185436,-1.381535667153814,-0.01679412836472971,-0.002892380681149126,0.3613942396079043,-0.3642866202890534,2.237361404957429,2.585717791882086,-0.3483563869246571
S43A12T01,filtered,200,6.666666666666667,False,True,0.3208000969321383,0.2563329508698693,-1.400113047953616,-1.3885590479496135,-0.011554000004002418,-0.01194870656925027,0.33887439910043937,-0.35082310566968966,2.228792733735222,2.5707462581355713,-0.34195352440034954
S43A12T01,filtered,201,6.7,False,True,0.3254269669175099,0.25696890724706734,-1.400460030784948,-1.3933262371485544,-0.007133793636393548,-0.016473938986052136,0.32378896843270305,-0.3402629074187552,2.2243672079337564,2.5627218490933132,-0.3383546411595568
S43A12T01,filtered,202,6.733333333333333,False,True,0.32838902030108175,0.25613775825530816,-1.3997072224601532,-1.3960211690630908,-0.0036860533970624054,-0.017093057814625428,0.31550676747773776,-0.3325998252923632,2.2235449700280006,2.560906517427518,-0.3373615473995173
S43A12T01,filtered,203,6.766666666666667,False,True,0.3295187101519102,0.25417866073643025,-1.3982341310008088,-1.3968947098790347,-0.0013394211217740981,-0.014619879269441303,0.31322756213088165,-0.32784744140032296,2.2256252476931406,2.56426058922552,-0.3386353415323793
S43A12T01,filtered,204,6.8,False,True,0.3285899724730868,0.2514513986409319,-1.3964365427090841,-1.3962339186595267,-0.00020262404955739832,-0.009990935283391865,0.3160810507323325,-0.32607198601572435,2.22980540434937,2.571541496901826,-0.3417360925524564
S43A12T01,filtered,205,6.833333333333333,False,True,0.3253531695213388,0.24830994496092273,-1.3946994159888995,-1.3943349093738489,-0.0003645066150506082,-0.004195765510681451,0.3232140603722705,-0.327409825882952,2.235242235628715,2.581404589001333,-0.3461623533726179
S43A12T01,filtered,206,6.866666666666666,False,True,0.31959951492125704,0.2450799749135415,-1.3933713816574416,-1.3914816596857809,-0.0018897219716607072,0.0017908173605462195,0.3338576111142764,-0.3320667937537302,2.241110491269304,2.592497699184335,-0.3513872079150313
S43A12T01,filtered,207,6.9,False,True,0.31124881342554855,0.24204159328885289,-1.3927426315315172,-1.3879321521600683,-0.004810479371448961,0.0070696318203616396,0.34736872074543834,-0.3402990889250767,2.2466543786096205,2.6035428392909195,-0.356888460681299
S43A12T01,filtered,208,6.933333333333334,False,True,0.30045014311242835,0.2394179055241692,-1.3930276794224123,-1.3839121721025966,-0.009115507319815697,0.010867377299071565,0.3632454217123,-0.35237804441322845,2.251228861538592,2.61340047082147,-0.3621716092828784
S43A12T01,filtered,209,6.966666666666667,False,True,0.2876816867520889,0.23736946216125965,-1.394354088419351,-1.3796160567536853,-0.014738031665665785,0.012573634204191267,0.38111698149854595,-0.3685433472943547,2.2543287686059017,2.6211140359719955,-0.36678526736609385
S43A12T01,filtered,210,7.0,False,True,0.27383021098633764,0.23599409529595028,-1.3967578025892886,-1.3752128182711738,-0.0215449843181148,0.011763314025000957,0.4007143275068998,-0.3889510134818988,2.2556049361667223,2.6259345499282083,-0.370329613761486
S43A12T01,filtered,211,7.033333333333333,False,True,0.26021757450855904,0.23533127991675507,-1.4001852281703902,-1.3708554512535434,-0.029329776916846795,0.008204507442749632,0.4218278289267918,-0.4136233214840422,2.2548677278661073,2.627326875294448,-0.37245914742834074
S43A12T01,filtered,212,7.066666666666666,False,True,0.24851878654104764,0.23536990884178288,-1.404501708662251,-1.3666909546489698,-0.03781075401328127,0.0018527882304557536,0.44426065249061464,-0.4424078642601589,2.2520792090924715,2.6249606837457806,-0.3728814746533091
S43A12T01,filtered,213,7.1,False,True,0.24050123761610892,0.23605826462583246,-1.4095055617660794,-1.3628686767267877,-0.04663688503929175,-0.007166065371713979,0.46778580305492623,-0.4749518684266402,2.247335962777735,2.6186899908414825,-0.3713540280637475
S43A12T01,filtered,214,7.133333333333334,False,False,0.23756769634945815,0.23731498762547787,-1.4149464281483524,-1.3595450138445866,-0.05540141430376577,-0.0185823172194241,0.49211375504321886,-0.5106960722626429,2.2408449878198695,2.6085255191459007,-0.3676805313260312
S43A12T01,filtered,215,7.166666666666667,True,False,0.24025836335758968,0.23903994938426898,-1.4205463580014852,-1.3568831970389683,-0.0636631609625169,-0.03201449605930015,0.5168754951129706,-0.5488899911722708,2.232895324022611,2.594604042519412,-0.36170871849680086
S43A12T01,filtered,216,7.2,True,False,0.24802599034483538,0.2411241150563217,-1.4260218649295289,-1.3550477823000349,-0.070974082629494,-0.04700450752102301,0.5416231672530764,-0.5886276747740994,2.223828016772106,2.577158363972046,-0.35333034719994005
S43A12T01,filtered,217,7.233333333333333,False,True,0.2594625360881038,0.24345769180237742,-1.431105134077348,-1.354194388067227,-0.07691074601012104,-0.06305272138778051,0.565847747740893,-0.6289004691286735,2.2140068031580835,2.556490772778731,-0.3424839696206474
S43A12T01,filtered,218,7.266666666666667,False,True,0.27280176639518966,0.24593609344995437,-1.43556269511667,-1.3544560524376916,-0.08110664267897838,-0.07965052681118795,0.5890106946110379,-0.6686612214222258,2.2037915114155036,2.532951815429386,-0.3291603040138824
S43A12T01,filtered,219,7.3,False,True,0.28638332375236975,0.24846349381721367,-1.4392101538159867,-1.3559281813856576,-0.08328197243032909,-0.09630843032371189,0.6105846645407735,-0.7068930948644854,2.1935156679324153,2.5069251100757066,-0.31340944214329136
S43A12T01,filtered,220,7.333333333333333,False,True,0.2989207082338709,0.25095398383655576,-1.4419219901519393,-1.358654336475969,-0.08326765367597044,-0.11257845209827905,0.6300973919180566,-0.7426758440163357,2.183469256830836,2.4788178575473516,-0.2953486007165158
S43A12T01,filtered,221,7.366666666666666,False,False,0.3095889069678998,0.2533305813662936,-1.4436359294628915,-1.3626150340112049,-0.08102089545168667,-0.12807026876998331,0.6471727438227148,-0.7752430125926981,2.1738870335492932,2.4490557839580447,-0.27516875040875144
S43A12T01,filtered,222,7.4,True,False,0.318001347286534,0.25552255356693765,-1.4443519180747404,-1.3677213288822996,-0.07663058919244081,-0.14246117621461715,0.6615637127238864,-0.8040248889385035,2.1649423071281673,2.4180806126422025,-0.25313830551403527
S43A12T01,filtered,223,7.433333333333334,False,False,0.3241314860918511,0.2574616825255005,-1.4441262266832078,-1.373814319282722,-0.07031190740048587,-0.15550044316724368,0.6731734849570734,-0.8286739281243171,2.156745713642729,2.3863478953330874,-0.22960218169035862
S43A12T01,filtered,224,7.466666666666667,True,False,0.3282117003734712,0.2590782172824504,-1.4430616116311927,-1.3806709469245557,-0.06239066470663701,-0.16700896490247222,0.6820624648311093,-0.8490714297335815,2.1493482249725417,2.354323165617412,-0.20497494064487043
S43A12T01,filtered,225,7.5,False,False,0.3306289759881711,0.2602972944706661,-1.4412947483218972,-1.388015701786349,-0.05327904653554816,-0.17687530207246333,0.6884409657489836,-0.865316267821447,2.142747474568556,2.3224748755811495,-0.17972740101259355
S43A12T01,filtered,226,7.533333333333333,True,False,0.3318308905134249,0.2610365667594612,-1.4389822922862552,-1.3955371764745381,-0.04344511581171706,-0.1850492219410149,0.6926489521623316,-0.8776981741033465,2.136896423393719,2.291263342129182,-0.15436691873546327
S43A12T01,filtered,227,7.566666666666666,False,False,0.3322515862434973,0.26120565265011764,-1.436286920072369,-1.4029079289208406,-0.033378991151528314,-0.19153377943278532,0.6951255381329003,-0.8866593175656856,2.131713415677314,2.2611258257004376,-0.12941241002312376
S43A12T01,filtered,228,7.6,False,False,0.33226306244747816,0.2607078200773314,-1.4333645688222771,-1.4098058412198817,-0.023558727602395413,-0.1963768196994981,0.6963718047798169,-0.892748624479315,2.1270927641298565,2.2324587413825645,-0.10536597725270802
S43A12T01,filtered,229,7.633333333333334,False,False,0.3321518498880879,0.2594440536439373,-1.4303538576575625,-1.4159351068634116,-0.014418750794150892,-0.19966258618982205,0.6969108554668713,-0.8965734416566933,2.12291513694795,2.2055987242999207,-0.08268358735197046
S43A12T01,filtered,230,7.666666666666667,False,False,0.332116247845743,0.2573193520131998,-1.4273683711845266,-1.4210451090813507,-0.006323262103175908,-0.2015039068505054,0.6972489193246081,-0.8987528261751134,2.119057174935306,2.180804733437501,-0.061747558502195155
S43A12T01,filtered,231,7.7,False,False,0.3322764675593711,0.25425078726322514,-1.424492153300208,-1.4249457246592927,0.0004535713590847479,-0.20203522812201696,0.6978408247879988,-0.8998760529100158,2.115399928870733,2.15824351979235,-0.04284359092161738
S43A12T01,filtered,232,7.733333333333333,False,False,0.33269005332291507,0.25017656958620504,-1.4217784331536298,-1.427517953716425,0.005739520562795253,-0.2014065881570231,0.6990624060351531,-0.9004689941921762,2.111835859898298,2.1379805914394114,-0.02614473154111341
S43A12T01,filtered,233,7.766666666666667,False,False,0.3333672709995313,0.24506514060506812,-1.4192513134632438,-1.4287191961743049,0.009467882711061026,-0.1997784786320793,0.7011914947421131,-0.9009699733741924,2.108274277737426,2.1199783088518194,-0.01170403111439322
S43A12T01,filtered,234,7.8,False,False,0.33428423651860234,0.23892320478688145,-1.416909915248221,-1.4285829381239075,0.0116730228756865,-0.1973174456690239,0.7043981991435716,-0.9017156448125955,2.1046451956690166,2.104102003706954,0.0005431919620626502
S43A12T01,filtered,235,7.833333333333333,False,False,0.33539389728911717,0.23180162584252262,-1.4147343051504164,-1.427213049981962,0.01247874483154554,-0.19419222751530948,0.7087442784032346,-0.9029365059185441,2.1009016547476933,2.090134124230574,0.010767530517119095
S43A12T01,filtered,236,7.866666666666666,False,False,0.33663585795247764,0.223798269500473,-1.4126924376271983,-1.4247733091361934,0.012080871508995061,-0.19057021848415137,0.7141906589557465,-0.9047608774398979,2.0970206140612992,2.0777954752909737,0.0192251387703255
S43A12T01,filtered,237,7.9,False,False,0.3379456657587057,0.21505715164107997,-1.410747324401295,-1.421473117939387,0.010725793538091999,-0.1866140802899198,0.7206115643598551,-0.9072256446497748,2.093002524646196,2.066771751333476,0.026230773312720057
S43A12T01,filtered,238,7.933333333333334,False,False,0.33926328442725356,0.2057636207976996,-1.4088636930184104,-1.4175506679740717,0.008686974955661286,-0.18247838523179805,0.7278133708415782,-0.9102917560733762,2.088869710593178,2.056742858433494,0.03212685215968403
S43A12T01,filtered,239,7.966666666666667,False,False,0.3405398279885257,0.1961357243128583,-1.4070135065656382,-1.413254979889817,0.006241473324178903,-0.17830625995438965,0.735556161817712,-0.9138624217721016,2.084663682334047,2.04741207712651,0.0372516052075369
S43A12T01,filtered,240,8.0,False,False,0.3417415716586992,0.1864123300061744,-1.4051798755024807,-1.4088283069653698,0.003648431462889068,-0.17422609104206707,0.743576016802753,-0.9178021078448201,2.080441514066063,2.0385319962048714,0.04190951786119168
