trial,mode,frame0,nominal_time_s,raw_review_flag,raw_repeated_previous,foot_separation_camera_xz_m,foot_separation_camera_x_m,com_camera_x_m,foot_midpoint_camera_x_m,com_relative_to_foot_midpoint_camera_x_m,com_camera_y_m,foot_midpoint_camera_y_m,com_relative_to_foot_midpoint_camera_y_m,com_camera_z_m,foot_midpoint_camera_z_m,com_relative_to_foot_midpoint_camera_z_m
S43A12T03,raw,0,0.0,False,False,0.263738367490637,0.2423482666015626,-1.4703575621902576,-1.3938799438476561,-0.07647761834260147,-0.16137740506568382,0.7179165649414063,-0.8792939700070901,2.0875443036265566,2.1379628906250003,-0.050418586998443704
S43A12T03,raw,1,0.03333333333333333,False,False,0.2521746996457773,0.21872705078125,-1.4753289385016453,-1.3834552001953124,-0.09187373830633283,-0.15199494854881943,0.7348667602539063,-0.8868617088027257,2.0909364879980945,2.1515943603515626,-0.06065787235346809
S43A12T03,raw,2,0.06666666666666667,False,True,0.2521746996457773,0.21872705078125,-1.4753289385016453,-1.3834552001953124,-0.09187373830633283,-0.15199494854881943,0.7348667602539063,-0.8868617088027257,2.0909364879980945,2.1515943603515626,-0.06065787235346809
S43A12T03,raw,3,0.1,False,False,0.24754892075391052,0.2119337158203125,-1.4732524568490883,-1.3820127563476563,-0.09123970050143204,-0.14586472055792502,0.7398257751464844,-0.8856904957044094,2.089604534466167,2.1614703369140624,-0.07186580244789553
S43A12T03,raw,4,0.13333333333333333,False,False,0.24163613641373602,0.18496472167968747,-1.4725495756853322,-1.3674241333007813,-0.1051254423845509,-0.14234925577013352,0.7628287353515625,-0.905177991121696,2.0896889585790754,2.1720782470703126,-0.08238928849123717
S43A12T03,raw,5,0.16666666666666666,False,False,0.23789894450947538,0.1664869384765626,-1.4726326962821894,-1.3588703002929687,-0.11376239598922067,-0.13444723622652494,0.7576028442382812,-0.8920500804648062,2.090980037804762,2.1784100341796875,-0.08742999637492543
S43A12T03,raw,6,0.2,False,False,0.24261817690875281,0.14903405761718758,-1.470769703019992,-1.3455557250976562,-0.1252139779223358,-0.1333068052214432,0.7774637451171875,-0.9107705503386307,2.090440786796546,2.1834641113281252,-0.09302332453157902
S43A12T03,raw,7,0.23333333333333334,False,True,0.24261817690875281,0.14903405761718758,-1.470769703019992,-1.3455557250976562,-0.1252139779223358,-0.1333068052214432,0.7774637451171875,-0.9107705503386307,2.090440786796546,2.1834641113281252,-0.09302332453157902
S43A12T03,raw,8,0.26666666666666666,False,False,0.25828496419566294,0.009442504882812397,-1.4629125758382235,-1.2958899536132813,-0.16702262222494224,-0.15070582402665147,0.7335280151367187,-0.8842338391633702,2.0884041912247815,2.1884650878906253,-0.10006089666584383
S43A12T03,raw,9,0.3,False,True,0.25828496419566294,0.009442504882812397,-1.4629125758382235,-1.2958899536132813,-0.16702262222494224,-0.15070582402665147,0.7335280151367187,-0.8842338391633702,2.0884041912247815,2.1884650878906253,-0.10006089666584383
S43A12T03,raw,10,0.3333333333333333,False,True,0.25828496419566294,0.009442504882812397,-1.4629125758382235,-1.2958899536132813,-0.16702262222494224,-0.15070582402665147,0.7335280151367187,-0.8842338391633702,2.0884041912247815,2.1884650878906253,-0.10006089666584383
S43A12T03,raw,11,0.36666666666666664,False,True,0.25828496419566294,0.009442504882812397,-1.4629125758382235,-1.2958899536132813,-0.16702262222494224,-0.15070582402665147,0.7335280151367187,-0.8842338391633702,2.0884041912247815,2.1884650878906253,-0.10006089666584383
S43A12T03,raw,12,0.4,False,True,0.25828496419566294,0.009442504882812397,-1.4629125758382235,-1.2958899536132813,-0.16702262222494224,-0.15070582402665147,0.7335280151367187,-0.8842338391633702,2.0884041912247815,2.1884650878906253,-0.10006089666584383
S43A12T03,raw,13,0.43333333333333335,False,True,0.25828496419566294,0.009442504882812397,-1.4629125758382235,-1.2958899536132813,-0.16702262222494224,-0.15070582402665147,0.7335280151367187,-0.8842338391633702,2.0884041912247815,2.1884650878906253,-0.10006089666584383
S43A12T03,raw,14,0.4666666666666667,False,True,0.25828496419566294,0.009442504882812397,-1.4629125758382235,-1.2958899536132813,-0.16702262222494224,-0.15070582402665147,0.7335280151367187,-0.8842338391633702,2.0884041912247815,2.1884650878906253,-0.10006089666584383
S43A12T03,raw,15,0.5,False,True,0.25828496419566294,0.009442504882812397,-1.4629125758382235,-1.2958899536132813,-0.16702262222494224,-0.15070582402665147,0.7335280151367187,-0.8842338391633702,2.0884041912247815,2.1884650878906253,-0.10006089666584383
S43A12T03,raw,16,0.5333333333333333,False,True,0.25828496419566294,0.009442504882812397,-1.4629125758382235,-1.2958899536132813,-0.16702262222494224,-0.15070582402665147,0.7335280151367187,-0.8842338391633702,2.0884041912247815,2.1884650878906253,-0.10006089666584383
S43A12T03,raw,17,0.5666666666666667,False,True,0.25828496419566294,0.009442504882812397,-1.4629125758382235,-1.2958899536132813,-0.16702262222494224,-0.15070582402665147,0.7335280151367187,-0.8842338391633702,2.0884041912247815,2.1884650878906253,-0.10006089666584383
S43A12T03,raw,18,0.6,False,True,0.25828496419566294,0.009442504882812397,-1.4629125758382235,-1.2958899536132813,-0.16702262222494224,-0.15070582402665147,0.7335280151367187,-0.8842338391633702,2.0884041912247815,2.1884650878906253,-0.10006089666584383
S43A12T03,raw,19,0.6333333333333333,False,True,0.25828496419566294,0.009442504882812397,-1.4629125758382235,-1.2958899536132813,-0.16702262222494224,-0.15070582402665147,0.7335280151367187,-0.8842338391633702,2.0884041912247815,2.1884650878906253,-0.10006089666584383
S43A12T03,raw,20,0.6666666666666666,False,True,0.25828496419566294,0.009442504882812397,-1.4629125758382235,-1.2958899536132813,-0.16702262222494224,-0.15070582402665147,0.7335280151367187,-0.8842338391633702,2.0884041912247815,2.1884650878906253,-0.10006089666584383
S43A12T03,raw,21,0.7,False,True,0.25828496419566294,0.009442504882812397,-1.4629125758382235,-1.2958899536132813,-0.16702262222494224,-0.15070582402665147,0.7335280151367187,-0.8842338391633702,2.0884041912247815,2.1884650878906253,-0.10006089666584383
S43A12T03,raw,22,0.7333333333333333,False,True,0.25828496419566294,0.009442504882812397,-1.4629125758382235,-1.2958899536132813,-0.16702262222494224,-0.15070582402665147,0.7335280151367187,-0.8842338391633702,2.0884041912247815,2.1884650878906253,-0.10006089666584383
S43A12T03,raw,23,0.7666666666666667,False,False,0.2583036526112754,0.00941308593750012,-1.4629095879531313,-1.29587353515625,-0.16703605279688127,-0.15070579683179652,0.7335224914550782,-0.8842282882868747,2.0884026062187884,2.1884637451171876,-0.10006113889839918
S43A12T03,raw,24,0.8,False,False,0.25830709438499405,0.009407104492187512,-1.4629091976226654,-1.2958699340820314,-0.16703926354063392,-0.15070585426362962,0.733521484375,-0.8842273386386296,2.0884021954905156,2.188462890625,-0.10006069513448423
S43A12T03,raw,25,0.8333333333333334,False,True,0.25830709438499405,0.009407104492187512,-1.4629091976226654,-1.2958699340820314,-0.16703926354063392,-0.15070585426362962,0.733521484375,-0.8842273386386296,2.0884021954905156,2.188462890625,-0.10006069513448423
S43A12T03,raw,26,0.8666666666666667,False,True,0.25830709438499405,0.009407104492187512,-1.4629091976226654,-1.2958699340820314,-0.16703926354063392,-0.15070585426362962,0.733521484375,-0.8842273386386296,2.0884021954905156,2.188462890625,-0.10006069513448423
S43A12T03,raw,27,0.9,False,True,0.25830709438499405,0.009407104492187512,-1.4629091976226654,-1.2958699340820314,-0.16703926354063392,-0.15070585426362962,0.733521484375,-0.8842273386386296,2.0884021954905156,2.188462890625,-0.10006069513448423
S43A12T03,raw,28,0.9333333333333333,False,False,0.2587460953132491,2.8442382812521316e-05,-1.45485643502916,-1.2763723754882812,-0.17848405954087876,-0.15316944895813284,0.7130513305664062,-0.8662207795245391,2.0815881446564095,2.1846376953125,-0.10304955065609045
S43A12T03,raw,29,0.9666666666666667,False,True,0.2587460953132491,2.8442382812521316e-05,-1.45485643502916,-1.2763723754882812,-0.17848405954087876,-0.15316944895813284,0.7130513305664062,-0.8662207795245391,2.0815881446564095,2.1846376953125,-0.10304955065609045
S43A12T03,raw,30,1.0,False,False,0.2643368188401103,0.010546508789062381,-1.4503541382131278,-1.263933288574219,-0.18642084963890881,-0.1542974433175405,0.6828561096191407,-0.8371535529366811,2.076976003793553,2.172230773925781,-0.09525477013222794
S43A12T03,raw,31,1.0333333333333334,False,True,0.2643368188401103,0.010546508789062381,-1.4503541382131278,-1.263933288574219,-0.18642084963890881,-0.1542974433175405,0.6828561096191407,-0.8371535529366811,2.076976003793553,2.172230773925781,-0.09525477013222794
S43A12T03,raw,32,1.0666666666666667,False,False,0.2691319060316865,0.013876586914062683,-1.4485188483506015,-1.253018737792969,-0.1955001105576326,-0.15422612304664793,0.6812539367675782,-0.8354800598142261,2.075910121956891,2.16537255859375,-0.08946243663685882
S43A12T03,raw,33,1.1,False,True,0.2691319060316865,0.013876586914062683,-1.4485188483506015,-1.253018737792969,-0.1955001105576326,-0.15422612304664793,0.6812539367675782,-0.8354800598142261,2.075910121956891,2.16537255859375,-0.08946243663685882
S43A12T03,raw,34,1.1333333333333333,False,False,0.27151977220947254,0.014960571289062585,-1.4480572661634623,-1.2474440307617187,-0.20061323540174358,-0.15456437668518194,0.6812550659179688,-0.8358194426031508,2.0755363936063556,2.1625584106445315,-0.08702201703817591
S43A12T03,raw,35,1.1666666666666667,False,False,0.2730575225310775,0.03195507812499998,-1.4428602387515173,-1.233766845703125,-0.20909339304839225,-0.1568469807952466,0.6783300476074219,-0.8351770284026685,2.0752460128423027,2.1624220581054687,-0.08717604526316602
S43A12T03,raw,36,1.2,False,False,0.28059675592649747,0.04251989746093732,-1.4401248542265113,-1.2247583618164062,-0.21536649241010508,-0.15667391064314273,0.6748019409179687,-0.8314758515611115,2.0715978553489918,2.1550888671875,-0.08349101183850838
S43A12T03,raw,37,1.2333333333333334,False,False,0.28483070184721326,0.05064916992187518,-1.4374095454515718,-1.2153115234375,-0.2220980220140718,-0.15695623365937628,0.6688826599121094,-0.8258388935714857,2.0706989940559017,2.1521893310546876,-0.08149033699878583
S43A12T03,raw,38,1.2666666666666666,False,False,0.28526966969554673,0.05040917968750014,-1.4355620057090894,-1.207281005859375,-0.2282809998497144,-0.1556055036402504,0.6691392822265625,-0.8247447858668129,2.069062020686351,2.1509998779296877,-0.08193785724333669
S43A12T03,raw,39,1.3,False,False,0.2866416470647706,0.06535913085937484,-1.4325071519679822,-1.1997310791015625,-0.23277607286641966,-0.15698886976311643,0.6641102905273437,-0.8210991602904602,2.0703542254496514,2.1542095336914064,-0.08385530824175502
S43A12T03,raw,40,1.3333333333333333,False,False,0.2884786894555737,0.061284912109375034,-1.4330198584600844,-1.1962218017578126,-0.23679805670227183,-0.15775406296734854,0.6599109802246094,-0.8176650431919579,2.0681861532298744,2.145503051757813,-0.07731689852793844
S43A12T03,raw,41,1.3666666666666667,False,False,0.29398579026701943,0.06710839843749983,-1.4301459557492568,-1.1890516357421874,-0.24109432000706943,-0.15272024470933843,0.6699075622558593,-0.8226278069651978,2.06518274474217,2.141524536132813,-0.07634179139064301
S43A12T03,raw,42,1.4,False,False,0.2990870327159094,0.07155932617187499,-1.4315428990004253,-1.18886669921875,-0.24267619978167532,-0.15171786173182053,0.6704341430664063,-0.8221520047982268,2.065383104203133,2.143298400878906,-0.07791529667577324
S43A12T03,raw,43,1.4333333333333333,False,False,0.2928892875936442,0.06456848144531246,-1.4293731022141958,-1.1878546752929688,-0.24151842692122694,-0.15672580551186077,0.6623712158203126,-0.8190970213321733,2.0643078248214275,2.138835754394531,-0.07452792957310361
S43A12T03,raw,44,1.4666666666666666,False,False,0.2943482779961705,0.06615979003906247,-1.4283746939639133,-1.1840137329101563,-0.24436096105375693,-0.15561400838901385,0.6604855651855469,-0.8160995735745608,2.0627463982512144,2.1355557861328127,-0.0728093878815983
S43A12T03,raw,45,1.5,False,False,0.295091659386827,0.06573828124999981,-1.4277939852537427,-1.181529541015625,-0.24626444423811766,-0.15611324710702165,0.6593906860351563,-0.815503933142178,2.062241132768284,2.1334797973632815,-0.07123866459499739
S43A12T03,raw,46,1.5333333333333334,False,False,0.28318236959413706,0.020859130859375075,-1.4346540425261325,-1.1918292236328125,-0.24282481889331997,-0.1516355653090509,0.6695872497558594,-0.8212228150649102,2.066274202686135,2.137424560546875,-0.07115035786073998
S43A12T03,raw,47,1.5666666666666667,False,False,0.27796688821631754,0.025894042968749975,-1.4273982135671945,-1.187689453125,-0.23970876044219458,-0.15396966117107494,0.6653698120117187,-0.8193394731827937,2.0623583094662634,2.1488616333007813,-0.08650332383451786
S43A12T03,raw,48,1.6,False,False,0.27910573144862355,0.030177734375000043,-1.4267791249116537,-1.184337890625,-0.24244123428665376,-0.1543013903382272,0.6643387145996094,-0.8186401049378366,2.0626822226903205,2.1520428466796875,-0.08936062398936695
S43A12T03,raw,49,1.6333333333333333,False,False,0.2762332636029564,0.00880505371093765,-1.435154179999755,-1.1899186401367188,-0.24523553986303614,-0.15163636441577213,0.6693667602539062,-0.8210031246696783,2.064483102428302,2.158780700683594,-0.09429759825529205
S43A12T03,raw,50,1.6666666666666667,False,False,0.279137844223448,0.04258813476562495,-1.4267459499021486,-1.1768175048828127,-0.24992844501933598,-0.1537629473648337,0.6738711547851562,-0.82763410214999,2.0665114733507286,2.1746575927734377,-0.10814611942270913
S43A12T03,raw,51,1.7,False,False,0.2874338298687144,0.06166894531250011,-1.4231205178583148,-1.1731857910156251,-0.2499347268426897,-0.15202489093868138,0.6689583740234375,-0.8209832649621189,2.063759915896897,2.174217468261719,-0.11045755236482169
S43A12T03,raw,52,1.7333333333333334,False,False,0.29623289705645545,0.07002441406250015,-1.4255746958272022,-1.1710604248046876,-0.25451427102251456,-0.15267316364424546,0.6657681884765625,-0.8184413521208079,2.0650215884194725,2.1747618408203127,-0.10974025240084018
S43A12T03,raw,53,1.7666666666666666,False,False,0.29721842760526407,0.0711696777343751,-1.425333116521059,-1.1710748291015625,-0.2542582874194965,-0.1526711032978338,0.6661532287597656,-0.8188243320575994,2.065069839965545,2.1740524902343754,-0.10898265026883047
S43A12T03,raw,54,1.8,False,False,0.2972190770622815,0.07117041015625003,-1.4253330141857743,-1.17107470703125,-0.25425830715452435,-0.15267111815982903,0.6661530151367188,-0.8188241332965478,2.0650698259701343,2.1740522460937504,-0.10898242012361603
S43A12T03,raw,55,1.8333333333333333,False,False,0.3020862765433238,0.07633435058593752,-1.4243021657556771,-1.1700814819335936,-0.2542206838220835,-0.15772496803157238,0.6748084716796875,-0.8325334397112598,2.0641372233932915,2.16848974609375,-0.10435252270045847
S43A12T03,raw,56,1.8666666666666667,False,True,0.3020862765433238,0.07633435058593752,-1.4243021657556771,-1.1700814819335936,-0.2542206838220835,-0.15772496803157238,0.6748084716796875,-0.8325334397112598,2.0641372233932915,2.16848974609375,-0.10435252270045847
S43A12T03,raw,57,1.9,False,False,0.30424669275865596,0.07848278808593756,-1.4241458553464963,-1.1694323120117187,-0.2547135433347776,-0.1562113350650632,0.670267822265625,-0.8264791573306882,2.062849127846989,2.167344177246094,-0.10449504939910526
S43A12T03,raw,58,1.9333333333333333,False,False,0.30299142567727905,0.07951831054687486,-1.422360081954638,-1.1700651855468749,-0.25229489640776315,-0.1571115526361743,0.6574105224609375,-0.8145220750971117,2.0628596366116105,2.1698031616210938,-0.10694352500948323
S43A12T03,raw,59,1.9666666666666666,False,False,0.28976249053326314,0.03936193847656244,-1.4290533366948706,-1.1825798950195314,-0.24647344167533913,-0.15323135965452456,0.6610101623535156,-0.8142415220080401,2.0663284761048883,2.1732393188476564,-0.10691084274276808
S43A12T03,raw,60,2.0,False,True,0.28976249053326314,0.03936193847656244,-1.4290533366948706,-1.1825798950195314,-0.24647344167533913,-0.15323135965452456,0.6610101623535156,-0.8142415220080401,2.0663284761048883,2.1732393188476564,-0.10691084274276808
S43A12T03,raw,61,2.033333333333333,False,False,0.2894473557871552,0.038900512695312583,-1.429047322221729,-1.1827777709960938,-0.2462695512256352,-0.15320980251610042,0.6611064758300781,-0.8143162783461785,2.06634385017786,2.1733751831054686,-0.10703133292760869
S43A12T03,raw,62,2.066666666666667,False,False,0.28942622874737134,0.03886840820312498,-1.4290474860662925,-1.1827884521484375,-0.24625903391785497,-0.1532093113036824,0.6611134338378906,-0.814322745141573,2.0663439704261735,2.1733814697265625,-0.10703749930038908
S43A12T03,raw,63,2.1,False,False,0.2874066886647568,0.06713256835937487,-1.4185257581983546,-1.17773486328125,-0.24079089491710448,-0.15495835266200986,0.6515260314941407,-0.8064843841561505,2.0691165336761146,2.1952679443359377,-0.12615141065982316
S43A12T03,raw,64,2.1333333333333333,False,True,0.2874066886647568,0.06713256835937487,-1.4185257581983546,-1.17773486328125,-0.24079089491710448,-0.15495835266200986,0.6515260314941407,-0.8064843841561505,2.0691165336761146,2.1952679443359377,-0.12615141065982316
S43A12T03,raw,65,2.1666666666666665,False,False,0.2880933558750956,0.08667932128906264,-1.4156699378841717,-1.1726959838867188,-0.24297395399745292,-0.15588236666479977,0.64637158203125,-0.8022539486960498,2.070695105139208,2.205748901367188,-0.13505379622797964
S43A12T03,raw,66,2.2,False,False,0.2879354090687406,0.08537829589843748,-1.4150361607862496,-1.1707135620117186,-0.244322598774531,-0.1592525435658596,0.6369137573242187,-0.7961663008900783,2.069722317101588,2.2029903564453126,-0.13326803934372444
S43A12T03,raw,67,2.2333333333333334,False,False,0.28851093250988663,0.08524035644531258,-1.4145460617504502,-1.1690259399414062,-0.24552012180904392,-0.15897064331546534,0.6365147094726562,-0.7954853527881216,2.0692962615401407,2.2030173339843753,-0.1337210724442346
S43A12T03,raw,68,2.2666666666666666,False,False,0.29059173634288116,0.08754638671875004,-1.4134129443806953,-1.16775927734375,-0.24565366703694536,-0.1592344901311516,0.6329832153320313,-0.7922177054631829,2.0683889172465126,2.2046864013671876,-0.136297484120675
S43A12T03,raw,69,2.3,False,True,0.29059173634288116,0.08754638671875004,-1.4134129443806953,-1.16775927734375,-0.24565366703694536,-0.1592344901311516,0.6329832153320313,-0.7922177054631829,2.0683889172465126,2.2046864013671876,-0.136297484120675
S43A12T03,raw,70,2.3333333333333335,False,False,0.29092435751270185,0.08796826171874983,-1.4131997844824524,-1.1672811279296875,-0.2459186565527649,-0.15911961068501645,0.6329143676757812,-0.7920339783607977,2.067953172064044,2.2048184814453125,-0.1368653093812684
S43A12T03,raw,71,2.3666666666666667,False,False,0.290930006788521,0.08797924804687507,-1.4131964459465332,-1.1672808837890627,-0.24591556215747046,-0.1591176555053043,0.6329159240722656,-0.7920335795775699,2.0679546748653523,2.2048240966796877,-0.13686942181433537
S43A12T03,raw,72,2.4,False,True,0.290930006788521,0.08797924804687507,-1.4131964459465332,-1.1672808837890627,-0.24591556215747046,-0.1591176555053043,0.6329159240722656,-0.7920335795775699,2.0679546748653523,2.2048240966796877,-0.13686942181433537
S43A12T03,raw,73,2.433333333333333,False,True,0.290930006788521,0.08797924804687507,-1.4131964459465332,-1.1672808837890627,-0.24591556215747046,-0.1591176555053043,0.6329159240722656,-0.7920335795775699,2.0679546748653523,2.2048240966796877,-0.13686942181433537
S43A12T03,raw,74,2.466666666666667,False,False,0.2909408735714007,0.08798132324218733,-1.413180965573005,-1.1672723999023438,-0.24590856567066122,-0.15910753613328238,0.6329335327148438,-0.7920410688481261,2.067919007070783,2.2048572998046874,-0.13693829273390445
S43A12T03,raw,75,2.5,False,True,0.2909408735714007,0.08798132324218733,-1.413180965573005,-1.1672723999023438,-0.24590856567066122,-0.15910753613328238,0.6329335327148438,-0.7920410688481261,2.067919007070783,2.2048572998046874,-0.13693829273390445
S43A12T03,raw,76,2.533333333333333,False,False,0.29480412059614225,0.09030334472656265,-1.4103836237354548,-1.165348327636719,-0.24503529609873587,-0.15897717589832072,0.6417173461914063,-0.800694522089727,2.063766566623347,2.207173095703125,-0.1434065290797779
S43A12T03,raw,77,2.566666666666667,False,True,0.29480412059614225,0.09030334472656265,-1.4103836237354548,-1.165348327636719,-0.24503529609873587,-0.15897717589832072,0.6417173461914063,-0.800694522089727,2.063766566623347,2.207173095703125,-0.1434065290797779
S43A12T03,raw,78,2.6,False,False,0.2729436590038871,0.022681274414062536,-1.4232957284521202,-1.2183340454101563,-0.20496168304196383,-0.13051751123255131,0.7180624694824219,-0.8485799807149732,2.0440854407412865,2.1126012573242186,-0.06851581658293204
S43A12T03,raw,79,2.6333333333333333,False,True,0.2729436590038871,0.022681274414062536,-1.4232957284521202,-1.2183340454101563,-0.20496168304196383,-0.13051751123255131,0.7180624694824219,-0.8485799807149732,2.0440854407412865,2.1126012573242186,-0.06851581658293204
S43A12T03,raw,80,2.6666666666666665,False,True,0.2729436590038871,0.022681274414062536,-1.4232957284521202,-1.2183340454101563,-0.20496168304196383,-0.13051751123255131,0.7180624694824219,-0.8485799807149732,2.0440854407412865,2.1126012573242186,-0.06851581658293204
S43A12T03,raw,81,2.7,False,True,0.2729436590038871,0.022681274414062536,-1.4232957284521202,-1.2183340454101563,-0.20496168304196383,-0.13051751123255131,0.7180624694824219,-0.8485799807149732,2.0440854407412865,2.1126012573242186,-0.06851581658293204
S43A12T03,raw,82,2.7333333333333334,False,True,0.2729436590038871,0.022681274414062536,-1.4232957284521202,-1.2183340454101563,-0.20496168304196383,-0.13051751123255131,0.7180624694824219,-0.8485799807149732,2.0440854407412865,2.1126012573242186,-0.06851581658293204
S43A12T03,raw,83,2.7666666666666666,False,False,0.2632247263801012,0.057512573242187504,-1.4257025932150955,-1.2425958862304687,-0.18310670698462683,-0.13079343210896718,0.7255176696777343,-0.8563111017867016,2.0403416096362395,2.0893346557617187,-0.04899304612547928
S43A12T03,raw,84,2.8,False,False,0.2154794877266152,0.05593347167968754,-1.4313705939584584,-1.289583801269531,-0.14178679268892735,-0.13167560994166289,0.7461989135742189,-0.8778745235158818,2.032713679154974,2.046479919433594,-0.013766240278620057
S43A12T03,raw,85,2.8333333333333335,False,False,0.05680700529498536,0.010140869140625064,-1.4223440855489506,-1.2563568115234376,-0.16598727402551305,-0.13174412696838733,0.7360686645507812,-0.8678127915191686,2.047330670380644,2.102323486328125,-0.054992815947481066
S43A12T03,raw,86,2.8666666666666667,False,False,0.16275190511558404,0.14299377441406236,-1.4193133406967624,-1.3266996459960938,-0.0926136947006686,-0.13750975340507354,0.7467667846679688,-0.8842765380730423,2.054378509095285,2.04165966796875,0.012718841126534652
S43A12T03,raw,87,2.9,False,False,0.19892346933099136,0.16157287597656245,-1.4126767901004897,-1.3461661987304687,-0.06651059137002102,-0.13791108611403716,0.7241023559570312,-0.8620134420710683,2.0629538711663264,1.9975333862304687,0.06542048493585773
S43A12T03,raw,88,2.933333333333333,False,False,0.20238871892513638,0.14670837402343762,-1.4078602257888952,-1.3424800415039062,-0.06538018428498904,-0.1320633759025076,0.7356976013183594,-0.867760977220867,2.0619037200887664,1.9765726318359376,0.08533108825282887
S43A12T03,raw,89,2.966666666666667,False,False,0.20399895015370012,0.12884057617187494,-1.4021561578059418,-1.3308802490234375,-0.07127590878250434,-0.12761191852129805,0.7552752685546875,-0.8828871870759856,2.062549359448896,1.9640468139648437,0.09850254548405246
S43A12T03,raw,90,3.0,True,False,0.21770452684501979,0.132824462890625,-1.389454822454548,-1.3423215332031249,-0.04713328925142313,-0.12690950652328942,0.7498963012695312,-0.8768058077928207,2.0802536244048015,1.936884948730469,0.14336867567433265
S43A12T03,raw,91,3.033333333333333,False,False,0.2242487391637891,0.11300903320312505,-1.3714762716123101,-1.35292529296875,-0.018550978643560034,-0.11895006394087584,0.7391864318847656,-0.8581364958256414,2.0933960379711896,1.942822998046875,0.1505730399243146
S43A12T03,raw,92,3.066666666666667,False,False,0.23635040507444385,0.11026660156249979,-1.3481349211670974,-1.33094091796875,-0.01719400319834752,-0.10999297526086588,0.7510486450195313,-0.8610416202803972,2.1111737517115428,1.955039123535156,0.15613462817638668
S43A12T03,raw,93,3.1,False,False,0.24501496858270463,0.11976318359375004,-1.3340088564174364,-1.3403435058593751,0.006334649441938733,-0.098073932909794,0.7465550842285156,-0.8446290171383096,2.1215351743622923,1.958648620605469,0.16288655375682337
S43A12T03,raw,94,3.1333333333333333,False,False,0.26725726183744525,0.11980590820312509,-1.3131819867480203,-1.3232138671875,0.010031880439479668,-0.0709556069735674,0.7858210144042969,-0.8567766213778643,2.1383550396638706,1.9659047241210938,0.1724503155427768
S43A12T03,raw,95,3.1666666666666665,False,False,0.26154539617110323,0.1307728271484374,-1.2997474661466806,-1.3297373657226563,0.029989899575975754,-0.05266097756876224,0.7912184753417969,-0.8438794529105591,2.1503468258952974,1.960534423828125,0.18981240206717231
S43A12T03,raw,96,3.2,False,False,0.2612326255258385,0.13551818847656238,-1.2806995054412476,-1.3375687866210937,0.05686928117984613,-0.04038248955761709,0.7830462646484375,-0.8234287542060547,2.169647402438039,1.9616102294921873,0.2080371729458519
S43A12T03,raw,97,3.2333333333333334,False,False,0.27201415211321894,0.12375488281249991,-1.259035191695957,-1.3430731201171875,0.08403792842123048,-0.008819080644154677,0.7832223815917969,-0.7920414622359516,2.1937348274714776,1.9496192626953124,0.24411556477616525
S43A12T03,raw,98,3.2666666666666666,False,False,0.256329530094136,0.14476098632812495,-1.2448966801457648,-1.3617100830078126,0.11681340286204778,0.010755932605013547,0.7760414428710938,-0.7652855102660803,2.2147661631504945,1.9524500732421877,0.2623160899083068
S43A12T03,raw,99,3.3,False,False,0.26054346389267613,0.15320227050781243,-1.2087766699828588,-1.3481087036132813,0.13933203363042246,0.04671718391783543,0.7763505249023438,-0.7296333409845084,2.2486493610333156,1.9535579833984373,0.29509137763487825
S43A12T03,raw,100,3.3333333333333335,False,False,0.24714503559480183,0.1526240234374998,-1.1824441834863162,-1.3542034912109375,0.17175930772462134,0.08451241948613304,0.76277978515625,-0.6782673656701169,2.2789724300075807,1.9518615722656252,0.3271108577419555
S43A12T03,raw,101,3.3666666666666667,True,False,0.2593674798277428,0.10035083007812484,-1.1177100179700248,-1.2676300048828124,0.14991998691278763,0.1547572014469599,0.8519207763671875,-0.6971635749202276,2.339892506762668,2.0535279541015625,0.2863645526611056
S43A12T03,raw,102,3.4,True,False,0.19727679963325098,0.18308593750000002,-1.1193485802146292,-1.3888416748046875,0.2694930945900582,0.18584001338151557,0.7798115844726563,-0.5939715710911407,2.3399173879285637,1.9610078735351564,0.37890951439340737
S43A12T03,raw,103,3.433333333333333,True,False,0.2729570020360952,0.08235949707031232,-1.0545219158553008,-1.3455452270507813,0.2910233111954805,0.26047446782617795,0.8529038696289062,-0.5924294018027283,2.4474150716636953,2.221905517578125,0.2255095540855705
S43A12T03,raw,104,3.466666666666667,True,False,0.14056537590423088,0.12817907714843746,-1.02467569541674,-1.3326555786132812,0.30797988319654124,0.2913029914384765,0.7374385986328125,-0.446135607194336,2.4412000569048997,2.07759326171875,0.3636067951861497
S43A12T03,raw,105,3.5,True,False,0.17247885201039528,0.155411865234375,-1.060254337197195,-1.5719924316406249,0.5117380944434298,0.31504272960955826,0.6478623962402343,-0.3328196666306761,2.49224410952,2.1189365234375,0.3733075860824999
S43A12T03,raw,106,3.533333333333333,True,False,0.03034479217036051,0.028197021484374973,-0.957199399977484,-1.3921988525390625,0.43499945256157846,0.3652342570829159,0.6480445556640626,-0.2828102985811467,2.5533788302408857,2.2330218505859376,0.32035697965494814
S43A12T03,raw,107,3.566666666666667,True,False,0.05025277725786977,0.05009851074218741,-0.9468867890232933,-1.4122269897460937,0.46534020072280047,0.37697262428829664,0.6178380126953125,-0.24086538840701582,2.5699925671986095,2.2009902343750003,0.36900233282360917
S43A12T03,raw,108,3.6,True,False,0.1285547990750363,0.12223095703125009,-0.9277474015447333,-1.442255859375,0.5145084578302666,0.381519338215374,0.5821260986328125,-0.20060676041743852,2.581625117273764,2.1717211914062498,0.4099039258675141
S43A12T03,raw,109,3.6333333333333333,True,False,0.054486990376186185,0.003143432617187525,-0.9496644363587322,-1.6313098754882813,0.6816454391295491,0.2909160926688097,0.28571136474609377,0.005204727922715924,2.721501411874894,2.523449829101563,0.19805158277333135
S43A12T03,raw,110,3.6666666666666665,False,False,0.09559520374502417,0.02587731933593762,-0.9350001074906662,-1.6272116088867188,0.6922115013960526,0.2964446484926764,0.30204363250732424,-0.0055989840146478675,2.730118426122895,2.507197387695313,0.22292103842758193
S43A12T03,raw,111,3.7,True,False,0.14882790276643462,0.057128784179687475,-0.9566359679582144,-1.7047760620117187,0.7481400940535043,0.3063360204896457,0.31831625366210936,-0.011980233172463661,2.6944339688848182,2.4177691650390623,0.276664803845756
S43A12T03,raw,112,3.7333333333333334,False,False,0.12364277018149541,0.053209106445312404,-0.9331248644670083,-1.6777826538085938,0.7446577893415856,0.29036590705682824,0.34160159301757814,-0.0512356859607499,2.685032326654145,2.3185437011718752,0.3664886254822699
S43A12T03,raw,113,3.7666666666666666,True,False,0.05933619170558277,0.015236206054687562,-0.9595158719900065,-1.7111041870117187,0.7515883150217122,0.24249183314840256,0.21530004119873047,0.027191791949672084,2.649113086635226,2.2196667480468752,0.4294463385883507
S43A12T03,raw,114,3.8,True,False,0.29535638247526186,0.17035876464843747,-0.9423023830338834,-1.622626525878906,0.6803241428450227,0.21550985614583354,0.10946605682373048,0.10604379932210306,2.632448469853294,2.0273501586914064,0.6050983111618877
S43A12T03,raw,115,3.8333333333333335,False,False,0.29995977120665135,0.16703222656249994,-0.919992071310206,-1.537451416015625,0.617459344705419,0.2159744750735473,0.06187185525894165,0.15410261981460566,2.646335349501347,1.9908391723632812,0.6554961771380658
S43A12T03,raw,116,3.8666666666666667,False,False,0.22554035765986824,0.13024475097656252,-0.9142889910498595,-1.4759006958007812,0.5616117047509217,0.21760018532635872,0.0003276691436767572,0.21727251618268195,2.6576277682804994,2.016012145996094,0.6416156222844056
S43A12T03,raw,117,3.9,False,False,0.2658710335010863,0.16038378906249995,-0.900606048046045,-1.451669189453125,0.55106314140708,0.2296633513972341,-0.004180622100830075,0.23384397349806418,2.6673170066850833,1.9916831665039063,0.675633840181177
S43A12T03,raw,118,3.933333333333333,False,False,0.3011542513821755,0.15068994140624992,-0.8905536101692116,-1.3951534423828127,0.504599832213601,0.25209166091908336,-0.039530530929565426,0.2916221918486488,2.673979820892304,2.0163191528320312,0.6576606680602728
S43A12T03,raw,119,3.966666666666667,False,False,0.3425985339307082,0.1895838623046875,-0.8779167178156915,-1.3647792358398438,0.48686251802415237,0.26838777994614915,-0.03211804580688478,0.3005058257530339,2.6893948841172834,2.012845642089844,0.6765492420274395
S43A12T03,raw,120,4.0,True,False,0.3497504864104592,0.17574511718749997,-0.8681911160627793,-1.32809619140625,0.4599050753434706,0.2858131414730114,0.0010529098510742158,0.2847602316219372,2.7013907958793877,2.0401949462890627,0.661195849590325
S43A12T03,raw,121,4.033333333333333,False,False,0.3665371940160135,0.17550952148437493,-0.8660686933510638,-1.3121527099609374,0.4460840166098735,0.291106122952225,0.02142648696899415,0.26967963598323086,2.708601397757481,2.0529046020507815,0.6556967957066995
S43A12T03,raw,122,4.066666666666666,False,False,0.36221886233468814,0.1754680175781249,-0.8707846779657373,-1.2995145263671875,0.4287298484014501,0.295922978685036,0.04295825958251954,0.25296471910251644,2.7209020032907976,2.0558244628906253,0.6650775404001723
S43A12T03,raw,123,4.1,False,False,0.35068983516899743,0.15982910156249996,-0.8775838823354614,-1.2808145751953126,0.40323069285985125,0.30620662658883696,0.06990267944335937,0.2363039471454776,2.720930613751029,2.0411495361328127,0.6797810776182165
S43A12T03,raw,124,4.133333333333334,False,False,0.3479733379253837,0.1471671142578126,-0.8798120817607651,-1.2916283569335938,0.4118162751728287,0.30543953833098525,0.10306016445159913,0.20237937387938612,2.7297967747457657,2.0319376831054687,0.6978590916402969
S43A12T03,raw,125,4.166666666666667,True,False,0.33149788336382446,0.17186474609375013,-0.8729194101715859,-1.289177001953125,0.4162575917815391,0.2896252601949775,0.15750001907348632,0.13212524112149115,2.738330628461391,2.0574885864257815,0.6808420420356094
S43A12T03,raw,126,4.2,False,False,0.33693371069127037,0.18248132324218758,-0.8859940847948538,-1.2796461791992186,0.3936520944043649,0.2910735224836802,0.19822570419311525,0.09284781829056493,2.7373289212828658,2.0710989990234374,0.6662299222594283
S43A12T03,raw,127,4.233333333333333,False,False,0.3539043881084189,0.20548376464843754,-0.8882113099756765,-1.2703571166992187,0.38214580672354215,0.28284078068448615,0.21386836242675783,0.06897241825772832,2.738697711094845,2.0692329101562503,0.6694648009385946
S43A12T03,raw,128,4.266666666666667,False,False,0.3309991495032922,0.17648291015624995,-0.897601622128209,-1.28636181640625,0.388760194278041,0.28138905214029236,0.24205147552490236,0.03933757661539,2.732435306666131,2.06793994140625,0.6644953652598811
S43A12T03,raw,129,4.3,False,False,0.3266351569929012,0.1834492187500001,-0.8986339591182861,-1.2843439941406252,0.385710035022339,0.28740580645738856,0.2555426483154297,0.031863158141958836,2.728016902330638,2.0629931640625,0.6650237382681379
S43A12T03,raw,130,4.333333333333333,False,False,0.31277233560169626,0.15985034179687507,-0.9071640503050222,-1.3038535156250002,0.39668946531997795,0.2946611851133786,0.26951241302490236,0.025148772088476212,2.7232395828723455,2.062476257324219,0.6607633255481264
S43A12T03,raw,131,4.366666666666666,False,False,0.2705525770548983,0.10690722656250018,-0.9142299215433847,-1.3393867187500001,0.4251567972066155,0.3059635519118807,0.28112648010253904,0.024837071809341638,2.712438423291753,2.064975524902344,0.6474628983894091
S43A12T03,raw,132,4.4,False,False,0.1503419494117689,0.000670532226562548,-0.9216444840600955,-1.3414739379882814,0.41982945392818594,0.3129546359050578,0.27694594192504884,0.03600869398000894,2.705063331755993,2.087900573730469,0.6171627580255241
S43A12T03,raw,133,4.433333333333334,False,False,0.12950284032101392,0.028630126953125057,-0.9250257434439662,-1.3832703857421875,0.45824464229822137,0.3120910869038616,0.300583366394043,0.01150772050981863,2.7072005584590593,2.1095023803710937,0.5976981780879655
S43A12T03,raw,134,4.466666666666667,False,False,0.0741417751070302,0.023880371093749853,-0.9355852915106183,-1.4205753173828124,0.4849900258721941,0.31084073190331507,0.3227183685302734,-0.011877636626958343,2.7086848251011286,2.1295140380859374,0.5791707870151912
S43A12T03,raw,135,4.5,False,False,0.09784846268310554,0.0620133056640626,-0.9389938201009616,-1.4318474731445314,0.4928536530435699,0.30225686407560437,0.32339347076416014,-0.02113660668855577,2.695667801167607,2.1187929687500002,0.576874832417607
S43A12T03,raw,136,4.533333333333333,False,False,0.09780657936342792,0.05273413085937517,-0.9427618617868319,-1.4459082031250001,0.5031463413381683,0.30392593307012983,0.3294075393676758,-0.025481606297545978,2.689742055257992,2.10495654296875,0.5847855122892418
S43A12T03,raw,137,4.566666666666666,True,False,0.09569003514949913,0.09515869140624988,-0.9693569146924862,-1.5212288818359374,0.5518719671434512,0.31221673898652674,0.36692156219482425,-0.054704823208297504,2.6944818936940518,2.0957489013671875,0.5987329923268643
S43A12T03,raw,138,4.6,False,False,0.1177815152381249,0.1025870361328125,-0.9781351932781157,-1.5594373168945312,0.5813021236164155,0.3182602378026756,0.3925170440673828,-0.07425680626470721,2.687186875311242,2.0902138671875,0.5969730081237419
S43A12T03,raw,139,4.633333333333334,False,False,0.18983850216056417,0.15303112792968743,-0.979016752245691,-1.585453552246094,0.606436800000403,0.3221339257248683,0.40695922851562505,-0.08482530279075673,2.6907166091206824,2.1157761230468752,0.5749404860738072
S43A12T03,raw,140,4.666666666666667,False,False,0.1608043687403796,0.12907067871093747,-0.9656632400218954,-1.5632361450195313,0.5975729049976359,0.32123280333048415,0.4107287292480469,-0.08949592591756272,2.6911976581197723,2.1173883056640626,0.5738093524557097
S43A12T03,raw,141,4.7,False,False,0.005596159288277316,0.005493896484374927,-0.9441185858479257,-1.50430126953125,0.5601826836833244,0.3228320062493179,0.3974768524169922,-0.0746448461676743,2.677529504254649,2.091274658203125,0.5862548460515238
S43A12T03,raw,142,4.733333333333333,True,False,0.3678424949945828,0.27423620605468746,-0.9218255667653595,-1.3799395141601565,0.45811394739479694,0.3183300177670123,0.36440576171875,-0.04607574395173769,2.662162291082444,1.990003356933594,0.6721589341488499
S43A12T03,raw,143,4.766666666666667,False,False,0.2846027595086769,0.20073449707031243,-0.9269732274096538,-1.4320759887695313,0.5051027613598775,0.3191836377171443,0.3759050750732422,-0.056721437356097915,2.6565232545821087,2.0208001098632815,0.6357231447188272
S43A12T03,raw,144,4.8,False,False,0.3200214623109342,0.2538466796875001,-0.929282153881133,-1.4344202880859376,0.5051381342048046,0.32222372867527543,0.35611814880371095,-0.03389442012843552,2.652347047616031,2.0238853759765627,0.6284616716394682
S43A12T03,raw,145,4.833333333333333,False,False,0.2347152893957584,0.177070556640625,-0.9360983690773327,-1.47940966796875,0.5433112988914174,0.33362894110187696,0.4083785705566406,-0.07474962945476366,2.647035460921254,2.0101058349609375,0.6369296259603163
S43A12T03,raw,146,4.866666666666666,False,False,0.08286785955265369,0.04409606933593735,-0.9513543465542185,-1.5347625122070312,0.5834081656528127,0.3370336008546122,0.43458428955078127,-0.09755068869616906,2.6605891446931267,2.0354854736328125,0.6251036710603142
S43A12T03,raw,147,4.9,False,False,0.026860797273273066,0.018071899414062287,-0.9662750428604067,-1.5806712036132813,0.6143961607528746,0.32851353643319087,0.4305159149169922,-0.10200237848380134,2.663280171603269,2.0685555419921875,0.5947246296110813
S43A12T03,raw,148,4.933333333333334,True,False,0.061143679633436906,0.049178222656249826,-0.9229445437307281,-1.508263916015625,0.5853193722848969,0.3405337314221373,0.4712032775878906,-0.13066954616575333,2.670467187625496,2.1074147949218753,0.5630523927036206
S43A12T03,raw,149,4.966666666666667,False,False,0.08218396095127861,0.06837390136718757,-0.9259283042918037,-1.5099896850585939,0.5840613807667902,0.33470934284002707,0.49354953002929686,-0.1588401871892698,2.663164221489708,2.1088387451171875,0.5543254763725205
S43A12T03,raw,150,5.0,False,False,0.08330219378616502,0.06918017578125002,-0.9260046415148632,-1.5098142089843751,0.583809567469512,0.33477164629654577,0.4938058319091797,-0.15903418561263394,2.6631263493131203,2.108944091796875,0.5541822575162452
S43A12T03,raw,151,5.033333333333333,True,False,0.12276781126773634,0.10405468749999991,-0.9455845130668074,-1.5489324951171874,0.6033479820503801,0.3346920341609618,0.511332534790039,-0.1766405006290772,2.6523404605777037,2.079178039550781,0.5731624210269226
S43A12T03,raw,152,5.066666666666666,True,False,0.20038476545195788,0.1680220947265625,-0.9546850165907864,-1.5898347778320314,0.635149761241245,0.3413857231482967,0.5270147247314454,-0.1856290015831487,2.634831869783082,2.0505054321289062,0.5843264376541759
S43A12T03,raw,153,5.1,False,False,0.23297280592841707,0.18877441406250006,-0.9531025857957769,-1.5883037109375002,0.6352011251417233,0.3395541242225001,0.5357708435058595,-0.19621671928335938,2.624155440128505,2.0244183959960935,0.5997370441324117
S43A12T03,raw,154,5.133333333333334,False,False,0.26032933592750795,0.20561645507812498,-0.9541107375638906,-1.5807451171875,0.6266343796236093,0.3416063282062833,0.5450060119628906,-0.20339968375660727,2.6191927644657675,2.0032568359375,0.6159359285282675
S43A12T03,raw,155,5.166666666666667,False,False,0.2756886419570109,0.21600659179687498,-0.9573959152019291,-1.573142333984375,0.615746418782446,0.33945051816788024,0.5525822753906251,-0.21313175722274486,2.616859686718653,1.9942911376953125,0.6225685490233404
S43A12T03,raw,156,5.2,False,False,0.2875442083837857,0.22918908691406248,-0.9576795522026129,-1.5697785034179688,0.6120989512153558,0.34037037512050705,0.5619629211425781,-0.221592546022071,2.614785619884083,1.9773419189453127,0.6374437009387703
S43A12T03,raw,157,5.233333333333333,False,False,0.3841460151156108,0.29070947265625,-0.9659263135025098,-1.5533565673828127,0.5874302538803029,0.33599974908046987,0.5216035156250001,-0.1856037665445302,2.61157425076832,1.9396618652343751,0.6719123855339448
S43A12T03,raw,158,5.266666666666667,False,False,0.46243875989822564,0.34985974121093744,-0.9685778668446582,-1.5293436889648437,0.5607658221201856,0.32759840974252974,0.4989817810058593,-0.1713833712633296,2.608110813255788,1.9155151367187502,0.6925956765370378
S43A12T03,raw,159,5.3,False,False,0.5083060492166543,0.38132324218750013,-0.9714041119458761,-1.5141334228515624,0.5427293109056863,0.325498393555594,0.49020831298828127,-0.16470991943268726,2.6033730110249698,1.9210597534179688,0.682313257607001
S43A12T03,raw,160,5.333333333333333,False,False,0.5298741962606073,0.3993894042968751,-0.9775675828760954,-1.5145369873046874,0.5369694044285921,0.32179748480616005,0.4825570526123047,-0.16075956780614464,2.6055768652840428,1.9249520263671875,0.6806248389168552
S43A12T03,raw,161,5.366666666666666,False,False,0.5337657875476223,0.4021649169921875,-0.978290570790524,-1.5146538696289062,0.5363632988383823,0.32057854652404727,0.4823540802001953,-0.16177553367614805,2.6052757589863873,1.9254847412109375,0.6797910177754498
S43A12T03,raw,162,5.4,True,False,0.5262241686427113,0.4007019042968749,-0.9800127395301874,-1.472166748046875,0.49215400851668756,0.3108994143383426,0.4724626159667969,-0.16156320162845428,2.608816785851583,1.9655349731445315,0.6432818127070514
S43A12T03,raw,163,5.433333333333334,False,False,0.5196824468274238,0.3806416015624998,-0.9833151306864742,-1.4986131591796874,0.5152980284932132,0.29778389445652237,0.5033656311035156,-0.20558173664699325,2.6084008296944834,1.978923400878906,0.6294774288155773
S43A12T03,raw,164,5.466666666666667,False,False,0.5223805572867858,0.372315673828125,-0.9903015581449661,-1.5085051269531249,0.5182035688081588,0.2956226682202232,0.5112308959960937,-0.21560822777587052,2.6091095406018874,1.9942165527343751,0.6148929878675122
S43A12T03,raw,165,5.5,False,False,0.5342473525156223,0.37901013183593757,-1.004277365743122,-1.519947448730469,0.5156700829873468,0.29339837347721875,0.5161529541015625,-0.22275458062434372,2.6126594305875805,2.0066336669921876,0.606025763595393
S43A12T03,raw,166,5.533333333333333,False,False,0.41630361808223043,0.2956440429687499,-1.0142431434332402,-1.5631995849609375,0.5489564415276973,0.2923264503617679,0.5630177612304688,-0.27069131086870085,2.611621256862947,2.058762023925781,0.5528592329371658
S43A12T03,raw,167,5.566666666666666,False,False,0.32719221164768514,0.2470239257812501,-1.0265726779825326,-1.5808984375000001,0.5543257595174675,0.29842160697670783,0.5838621826171875,-0.28544057564047964,2.6087770331259783,2.105560546875,0.5032164862509783
S43A12T03,raw,168,5.6,False,False,0.29489443443005403,0.19833911132812498,-1.0498348309993475,-1.6253062744140627,0.5754714434147152,0.29369115303165366,0.5693492126464843,-0.27565805961483064,2.6325467270349647,2.161585693359375,0.47096103367558984
S43A12T03,raw,169,5.633333333333334,False,False,0.2650035093418136,0.18575976562500007,-1.043473797618176,-1.6166070556640624,0.5731332580458863,0.29008142917856927,0.5824270935058593,-0.29234566432729003,2.625315524620455,2.1758060302734377,0.4495094943470175
S43A12T03,raw,170,5.666666666666667,False,False,0.27345789723389613,0.21830834960937495,-1.0359377525962157,-1.5873332519531251,0.5513954993569095,0.2874941152799946,0.6123322448730468,-0.32483812959305225,2.605201963507845,2.1672128906249997,0.4379890728828455
S43A12T03,raw,171,5.7,False,False,0.23379545586741082,0.18215466308593742,-1.038504039332763,-1.5588926391601563,0.5203885998273934,0.2840429428059514,0.6072662353515625,-0.32322329254561116,2.601845100006822,2.170204345703125,0.4316407543036971
S43A12T03,raw,172,5.733333333333333,False,False,0.19975128386783736,0.16333862304687496,-1.0331978921160012,-1.5239332275390625,0.49073533542306125,0.288512145367525,0.6167882080078125,-0.3282760626402875,2.5905724535250347,2.1471835937500003,0.4433888597750344
S43A12T03,raw,173,5.766666666666667,False,False,0.23997369375214642,0.21964355468749996,-1.0440474735446188,-1.54597412109375,0.5019266475491313,0.30121618303208564,0.6695133361816407,-0.368297153149555,2.5966778013311984,2.152148071289062,0.44452973004213625
S43A12T03,raw,174,5.8,False,False,0.23696110297990222,0.21011059570312485,-1.0530289645865647,-1.549486572265625,0.49645760767906033,0.3003276799176867,0.6853381958007813,-0.38501051588309454,2.5986881231790613,2.1998118896484375,0.39887623353062374
S43A12T03,raw,175,5.833333333333333,False,False,0.24181487035504706,0.2138670654296877,-1.0658937110961855,-1.572590026855469,0.5066963157592834,0.29112444551640304,0.6850484619140624,-0.3939240163976594,2.6094496055520158,2.2395169677734375,0.3699326377785783
S43A12T03,raw,176,5.866666666666666,False,False,0.23030863233036825,0.20740222167968758,-1.0768372901641863,-1.5718208618164062,0.49498357165221996,0.29184080312801763,0.6911799621582031,-0.39933915903018546,2.60956360577028,2.2582500000000003,0.3513136057702795
S43A12T03,raw,177,5.9,False,False,0.22963390864502367,0.20846838378906263,-1.0841234626546383,-1.5770176391601562,0.4928941765055179,0.2925524196850345,0.7136005554199218,-0.42104813573488736,2.6138975533456574,2.2746727294921874,0.3392248238534701
S43A12T03,raw,178,5.933333333333334,False,False,0.22358816699062747,0.20212353515625003,-1.1009294059098966,-1.5932156982421875,0.4922862923322908,0.2947564637118901,0.7227480163574219,-0.4279915526455318,2.605557659428604,2.2764349365234375,0.3291227229051663
S43A12T03,raw,179,5.966666666666667,False,False,0.24682310932451676,0.2324742431640625,-1.111955832551674,-1.5835730590820314,0.4716172265303573,0.2975659033078109,0.7306791381835938,-0.43311323487578285,2.6008713593016872,2.2972689208984374,0.30360243840324985
S43A12T03,raw,180,6.0,False,False,0.2441210745132308,0.22912402343750005,-1.1155310053192027,-1.5758007812500001,0.46026977593079743,0.29723640051592654,0.7426556091308594,-0.44541920861493284,2.5973345473706995,2.3122196044921877,0.2851149428785118
S43A12T03,raw,181,6.033333333333333,False,False,0.2509559847151782,0.24406250000000007,-1.1345538547132643,-1.582853515625,0.4482996609117358,0.2966255468038087,0.7640250244140625,-0.4673994776102538,2.593774980502474,2.3249837646484375,0.26879121585403665
S43A12T03,raw,182,6.066666666666666,False,False,0.2526442072951629,0.24712780761718744,-1.1395208603863598,-1.5852474975585937,0.44572663717223393,0.2986402926215085,0.7618880920410156,-0.4632477994195071,2.587823656088446,2.3303902587890626,0.2574333972993834
S43A12T03,raw,183,6.1,False,False,0.2625027362633473,0.25565270996093736,-1.1434662461390523,-1.5731130981445314,0.42964685200547903,0.2979958091908381,0.747572509765625,-0.4495767005747868,2.5845915929896117,2.33376171875,0.2508298742396118
S43A12T03,raw,184,6.133333333333334,False,False,0.2569827675204639,0.24469677734374984,-1.1601587438414835,-1.5655633544921876,0.4054046106507041,0.298344806432963,0.7506225891113281,-0.45227778267836505,2.5757845335485885,2.356046142578125,0.21973839097046355
S43A12T03,raw,185,6.166666666666667,False,False,0.2526948724276722,0.2291015624999999,-1.1672471649304994,-1.567337158203125,0.4000899932726256,0.29839799689239876,0.7389761657714844,-0.44057816887908563,2.572103710632645,2.367946655273437,0.2041570553592078
S43A12T03,raw,186,6.2,False,False,0.2561818755134552,0.2254272460937501,-1.1703258951483257,-1.5638126220703126,0.39348672692198683,0.2988533147808557,0.7232974243164063,-0.4244441095355506,2.571067014518342,2.375653198242188,0.19541381627615406
S43A12T03,raw,187,6.233333333333333,True,False,0.2651952377914838,0.23698779296875006,-1.1747962766539177,-1.5314608154296874,0.35666453877576965,0.3005405905273153,0.7561667785644531,-0.45562618803713784,2.5672724385434593,2.40297314453125,0.16429929401220944
S43A12T03,raw,188,6.266666666666667,False,False,0.2569953241633755,0.23016845703124988,-1.179159347544465,-1.52429833984375,0.3451389922992849,0.2981304321910904,0.7661179809570313,-0.4679875487659409,2.5661718180490314,2.434050903320313,0.13212091472871856
S43A12T03,raw,189,6.3,False,False,0.2684110168053344,0.23244494628906254,-1.182340647485438,-1.5054503784179687,0.3231097309325306,0.29497093152427667,0.7729033203125,-0.4779323887882233,2.5594526631733046,2.4555733642578126,0.10387929891549197
S43A12T03,raw,190,6.333333333333333,False,False,0.27512527699905576,0.23014807128906245,-1.1893833521180865,-1.4833063354492189,0.2939229833311323,0.2889820197378647,0.7873711547851563,-0.4983891350472916,2.557231040575503,2.4628533935546875,0.09437764702081575
S43A12T03,raw,191,6.366666666666666,False,False,0.27309979211036056,0.2155375976562499,-1.1930008057429657,-1.4660159912109374,0.27301518546797165,0.2818375241043606,0.7920429077148439,-0.5102053836104833,2.554006738519839,2.4807078857421874,0.07329885277765147
S43A12T03,raw,192,6.4,False,False,0.2770786548633743,0.197652587890625,-1.1922709973452232,-1.454288818359375,0.2620178210141517,0.27668426816021346,0.7724153747558594,-0.49573110659564595,2.5450234140953887,2.4953773193359376,0.04964609475945103
S43A12T03,raw,193,6.433333333333334,True,False,0.28265790094891946,0.18220703124999993,-1.1844542674948162,-1.40628466796875,0.22183040047393376,0.29069105419493263,0.7983409423828125,-0.5076498881878799,2.5258012950961692,2.50086669921875,0.02493459587741942
S43A12T03,raw,194,6.466666666666667,False,False,0.30629867663899835,0.19219177246093744,-1.188017181732536,-1.3980864868164065,0.21006930508387045,0.2934315544657083,0.7933733520507813,-0.499941797585073,2.517592939339691,2.5230831298828127,-0.00549019054312172
S43A12T03,raw,195,6.5,False,False,0.2797598701599949,0.15981542968750007,-1.1840841212452862,-1.3666856689453124,0.18260154770002623,0.2991653533814173,0.8045625610351563,-0.505397207653739,2.504638085449834,2.5086463623046877,-0.004008276854853943
S43A12T03,raw,196,6.533333333333333,False,False,0.26640973513029587,0.15758386230468746,-1.1803806405952437,-1.3417216186523437,0.16134097805710002,0.29730752113335723,0.80044580078125,-0.5031382796478928,2.49212099396739,2.489853271484375,0.002267722483014989
S43A12T03,raw,197,6.566666666666666,False,False,0.2569728097050164,0.16422082519531256,-1.184836044321056,-1.3388438110351562,0.1540077667141002,0.30310522790969624,0.7931499938964843,-0.4900447659867881,2.474808022321158,2.4802899169921875,-0.00548189467102933
S43A12T03,raw,198,6.6,False,False,0.2602983646979909,0.15397778320312505,-1.1882550664245124,-1.3277581787109374,0.13950311228642498,0.3047251425259621,0.7843114318847657,-0.4795862893588036,2.4472155202875223,2.473219482421875,-0.026003962134352854
S43A12T03,raw,199,6.633333333333334,False,False,0.26128252900187754,0.13785131835937503,-1.1875219714536285,-1.325083740234375,0.13756176878074644,0.3094863135165176,0.7808123168945313,-0.4713260033780137,2.428697986919849,2.47013720703125,-0.04143922011140111
S43A12T03,raw,200,6.666666666666667,True,False,0.2701967531208563,0.1537250976562501,-1.219983157295331,-1.2955179443359377,0.07553478704060668,0.32104612685132417,0.8013689575195313,-0.48032283066820713,2.411470434451981,2.484032958984375,-0.07256252453239398
S43A12T03,raw,201,6.7,False,False,0.2671795998299067,0.15858972167968766,-1.222012015173893,-1.2918070678710938,0.06979505269720088,0.32145882361721706,0.7952443237304687,-0.47378550011325166,2.4024716266058594,2.48542333984375,-0.08295171323789052
S43A12T03,raw,202,6.733333333333333,False,False,0.22279036027186075,0.12934851074218745,-1.2140503175336075,-1.2537232055664063,0.03967288803279878,0.3256899973209031,0.7559835510253907,-0.43029355370448763,2.3907690067342227,2.4645732421875,-0.0738042354532773
S43A12T03,raw,203,6.766666666666667,False,False,0.23124969386831212,0.15604870605468757,-1.231088392601127,-1.208879577636719,-0.022208814964407964,0.3376370587959722,0.784485595703125,-0.4468485369071528,2.389989863301125,2.4719660644531247,-0.08197620115199955
S43A12T03,raw,204,6.8,True,False,0.16830625928109336,0.15306103515625002,-1.24218852780515,-1.1678763427734375,-0.07431218503171255,0.32205157598295536,0.7714061279296875,-0.4493545519467322,2.3765850321477164,2.4398864746093754,-0.06330144246165892
S43A12T03,raw,205,6.833333333333333,True,False,0.21011112291243467,0.16072827148437496,-1.2558325754256983,-1.1774960937499999,-0.0783364816756984,0.32879280969659935,0.7914270935058594,-0.46263428380926,2.382261445819143,2.464098022460938,-0.08183657664179478
S43A12T03,raw,206,6.866666666666666,True,False,0.19048296633236217,0.18096179199218754,-1.2570918009313237,-1.1222974243164061,-0.13479437661491755,0.35577090805861644,0.8947798461914063,-0.5390089381327898,2.4072466917224484,2.54046484375,-0.13321815202755172
S43A12T03,raw,207,6.9,True,False,0.19584254896685283,0.19579345703125006,-1.2960310696630248,-1.1038670654296876,-0.19216400423333724,0.3683263363172655,0.9911104431152343,-0.6227841067979688,2.3634669908137345,2.62139013671875,-0.2579231459050155
S43A12T03,raw,208,6.933333333333334,False,True,0.19584254896685283,0.19579345703125006,-1.2960310696630248,-1.1038670654296876,-0.19216400423333724,0.3683263363172655,0.9911104431152343,-0.6227841067979688,2.3634669908137345,2.62139013671875,-0.2579231459050155
S43A12T03,raw,209,6.966666666666667,False,True,0.19584254896685283,0.19579345703125006,-1.2960310696630248,-1.1038670654296876,-0.19216400423333724,0.3683263363172655,0.9911104431152343,-0.6227841067979688,2.3634669908137345,2.62139013671875,-0.2579231459050155
S43A12T03,raw,210,7.0,False,True,0.19584254896685283,0.19579345703125006,-1.2960310696630248,-1.1038670654296876,-0.19216400423333724,0.3683263363172655,0.9911104431152343,-0.6227841067979688,2.3634669908137345,2.62139013671875,-0.2579231459050155
S43A12T03,raw,211,7.033333333333333,False,True,0.19584254896685283,0.19579345703125006,-1.2960310696630248,-1.1038670654296876,-0.19216400423333724,0.3683263363172655,0.9911104431152343,-0.6227841067979688,2.3634669908137345,2.62139013671875,-0.2579231459050155
S43A12T03,raw,212,7.066666666666666,False,True,0.19584254896685283,0.19579345703125006,-1.2960310696630248,-1.1038670654296876,-0.19216400423333724,0.3683263363172655,0.9911104431152343,-0.6227841067979688,2.3634669908137345,2.62139013671875,-0.2579231459050155
S43A12T03,raw,213,7.1,False,True,0.19584254896685283,0.19579345703125006,-1.2960310696630248,-1.1038670654296876,-0.19216400423333724,0.3683263363172655,0.9911104431152343,-0.6227841067979688,2.3634669908137345,2.62139013671875,-0.2579231459050155
S43A12T03,raw,214,7.133333333333334,True,False,0.29143237132397276,0.2907861328125001,-1.4890016229888516,-1.91390087890625,0.4248992559173983,0.11913787963293154,0.7241716918945313,-0.6050338122615998,2.2789753994136936,2.7740374755859376,-0.49506207617224396
S43A12T03,raw,215,7.166666666666667,False,True,0.29143237132397276,0.2907861328125001,-1.4890016229888516,-1.91390087890625,0.4248992559173983,0.11913787963293154,0.7241716918945313,-0.6050338122615998,2.2789753994136936,2.7740374755859376,-0.49506207617224396
S43A12T03,raw,216,7.2,False,True,0.29143237132397276,0.2907861328125001,-1.4890016229888516,-1.91390087890625,0.4248992559173983,0.11913787963293154,0.7241716918945313,-0.6050338122615998,2.2789753994136936,2.7740374755859376,-0.49506207617224396
S43A12T03,raw,217,7.233333333333333,False,True,0.29143237132397276,0.2907861328125001,-1.4890016229888516,-1.91390087890625,0.4248992559173983,0.11913787963293154,0.7241716918945313,-0.6050338122615998,2.2789753994136936,2.7740374755859376,-0.49506207617224396
S43A12T03,raw,218,7.266666666666667,False,True,0.29143237132397276,0.2907861328125001,-1.4890016229888516,-1.91390087890625,0.4248992559173983,0.11913787963293154,0.7241716918945313,-0.6050338122615998,2.2789753994136936,2.7740374755859376,-0.49506207617224396
S43A12T03,raw,219,7.3,False,True,0.29143237132397276,0.2907861328125001,-1.4890016229888516,-1.91390087890625,0.4248992559173983,0.11913787963293154,0.7241716918945313,-0.6050338122615998,2.2789753994136936,2.7740374755859376,-0.49506207617224396
S43A12T03,raw,220,7.333333333333333,False,True,0.29143237132397276,0.2907861328125001,-1.4890016229888516,-1.91390087890625,0.4248992559173983,0.11913787963293154,0.7241716918945313,-0.6050338122615998,2.2789753994136936,2.7740374755859376,-0.49506207617224396
S43A12T03,raw,221,7.366666666666666,False,True,0.29143237132397276,0.2907861328125001,-1.4890016229888516,-1.91390087890625,0.4248992559173983,0.11913787963293154,0.7241716918945313,-0.6050338122615998,2.2789753994136936,2.7740374755859376,-0.49506207617224396
S43A12T03,raw,222,7.4,False,True,0.29143237132397276,0.2907861328125001,-1.4890016229888516,-1.91390087890625,0.4248992559173983,0.11913787963293154,0.7241716918945313,-0.6050338122615998,2.2789753994136936,2.7740374755859376,-0.49506207617224396
S43A12T03,raw,223,7.433333333333334,False,True,0.29143237132397276,0.2907861328125001,-1.4890016229888516,-1.91390087890625,0.4248992559173983,0.11913787963293154,0.7241716918945313,-0.6050338122615998,2.2789753994136936,2.7740374755859376,-0.49506207617224396
S43A12T03,raw,224,7.466666666666667,False,True,0.29143237132397276,0.2907861328125001,-1.4890016229888516,-1.91390087890625,0.4248992559173983,0.11913787963293154,0.7241716918945313,-0.6050338122615998,2.2789753994136936,2.7740374755859376,-0.49506207617224396
S43A12T03,raw,225,7.5,False,True,0.29143237132397276,0.2907861328125001,-1.4890016229888516,-1.91390087890625,0.4248992559173983,0.11913787963293154,0.7241716918945313,-0.6050338122615998,2.2789753994136936,2.7740374755859376,-0.49506207617224396
S43A12T03,raw,226,7.533333333333333,False,True,0.29143237132397276,0.2907861328125001,-1.4890016229888516,-1.91390087890625,0.4248992559173983,0.11913787963293154,0.7241716918945313,-0.6050338122615998,2.2789753994136936,2.7740374755859376,-0.49506207617224396
S43A12T03,raw,227,7.566666666666666,False,True,0.29143237132397276,0.2907861328125001,-1.4890016229888516,-1.91390087890625,0.4248992559173983,0.11913787963293154,0.7241716918945313,-0.6050338122615998,2.2789753994136936,2.7740374755859376,-0.49506207617224396
S43A12T03,raw,228,7.6,False,True,0.29143237132397276,0.2907861328125001,-1.4890016229888516,-1.91390087890625,0.4248992559173983,0.11913787963293154,0.7241716918945313,-0.6050338122615998,2.2789753994136936,2.7740374755859376,-0.49506207617224396
S43A12T03,raw,229,7.633333333333334,False,True,0.29143237132397276,0.2907861328125001,-1.4890016229888516,-1.91390087890625,0.4248992559173983,0.11913787963293154,0.7241716918945313,-0.6050338122615998,2.2789753994136936,2.7740374755859376,-0.49506207617224396
S43A12T03,raw,230,7.666666666666667,False,True,0.29143237132397276,0.2907861328125001,-1.4890016229888516,-1.91390087890625,0.4248992559173983,0.11913787963293154,0.7241716918945313,-0.6050338122615998,2.2789753994136936,2.7740374755859376,-0.49506207617224396
S43A12T03,raw,231,7.7,False,True,0.29143237132397276,0.2907861328125001,-1.4890016229888516,-1.91390087890625,0.4248992559173983,0.11913787963293154,0.7241716918945313,-0.6050338122615998,2.2789753994136936,2.7740374755859376,-0.49506207617224396
S43A12T03,raw,232,7.733333333333333,False,True,0.29143237132397276,0.2907861328125001,-1.4890016229888516,-1.91390087890625,0.4248992559173983,0.11913787963293154,0.7241716918945313,-0.6050338122615998,2.2789753994136936,2.7740374755859376,-0.49506207617224396
S43A12T03,raw,233,7.766666666666667,False,True,0.29143237132397276,0.2907861328125001,-1.4890016229888516,-1.91390087890625,0.4248992559173983,0.11913787963293154,0.7241716918945313,-0.6050338122615998,2.2789753994136936,2.7740374755859376,-0.49506207617224396
S43A12T03,raw,234,7.8,False,True,0.29143237132397276,0.2907861328125001,-1.4890016229888516,-1.91390087890625,0.4248992559173983,0.11913787963293154,0.7241716918945313,-0.6050338122615998,2.2789753994136936,2.7740374755859376,-0.49506207617224396
S43A12T03,raw,235,7.833333333333333,False,True,0.29143237132397276,0.2907861328125001,-1.4890016229888516,-1.91390087890625,0.4248992559173983,0.11913787963293154,0.7241716918945313,-0.6050338122615998,2.2789753994136936,2.7740374755859376,-0.49506207617224396
S43A12T03,raw,236,7.866666666666666,False,True,0.29143237132397276,0.2907861328125001,-1.4890016229888516,-1.91390087890625,0.4248992559173983,0.11913787963293154,0.7241716918945313,-0.6050338122615998,2.2789753994136936,2.7740374755859376,-0.49506207617224396
S43A12T03,raw,237,7.9,False,True,0.29143237132397276,0.2907861328125001,-1.4890016229888516,-1.91390087890625,0.4248992559173983,0.11913787963293154,0.7241716918945313,-0.6050338122615998,2.2789753994136936,2.7740374755859376,-0.49506207617224396
S43A12T03,raw,238,7.933333333333334,False,True,0.29143237132397276,0.2907861328125001,-1.4890016229888516,-1.91390087890625,0.4248992559173983,0.11913787963293154,0.7241716918945313,-0.6050338122615998,2.2789753994136936,2.7740374755859376,-0.49506207617224396
S43A12T03,raw,239,7.966666666666667,False,True,0.29143237132397276,0.2907861328125001,-1.4890016229888516,-1.91390087890625,0.4248992559173983,0.11913787963293154,0.7241716918945313,-0.6050338122615998,2.2789753994136936,2.7740374755859376,-0.49506207617224396
S43A12T03,raw,240,8.0,True,False,0.28115457319920006,0.28115222167968756,-1.5093547989443528,-1.9662683715820313,0.4569135726376785,0.12613712990610113,0.7772060241699219,-0.6510688942638208,2.2846693604353847,2.77881591796875,-0.49414655753336545
S43A12T03,filtered,0,0.0,False,False,0.2640913040193141,0.2428304503822496,-1.4705128261723404,-1.3944048076541522,-0.07610801851818816,-0.1613089548706871,0.7184883902955446,-0.8797973451662316,2.0876610076823274,2.1381890400417234,-0.05052803235939596
S43A12T03,filtered,1,0.03333333333333333,False,False,0.2514644157121577,0.22046134758735358,-1.4703849425697788,-1.3843604469447426,-0.08602449562503622,-0.15754080720060418,0.7253729104079498,-0.882913717608554,2.088100470206774,2.146141027151569,-0.05804055694479526
S43A12T03,filtered,2,0.06666666666666667,False,True,0.24142556678881558,0.19815959033581798,-1.4702051599294133,-1.3743452620754244,-0.09585989785398885,-0.1539555363543806,0.7318437217609096,-0.8857992581152903,2.0885020296769916,2.1538602553661406,-0.06535822568914895
S43A12T03,filtered,3,0.1,False,False,0.23419562485250453,0.17603996343256423,-1.4699424873966893,-1.3644398313342714,-0.10550265606241793,-0.1507135503940529,0.7375917871600316,-0.8883053375540845,2.088844664891067,2.161140500555464,-0.07229583566439679
S43A12T03,filtered,4,0.13333333333333333,False,False,0.22984539633255308,0.15424785562195242,-1.4695748029509421,-1.3547360315075943,-0.11483877144334786,-0.14794914870628334,0.7423664319077816,-0.890315580614065,2.089112607175996,2.1678008349187423,-0.07868822774274653
S43A12T03,filtered,5,0.16666666666666666,False,False,0.2282626687572912,0.1329678179486773,-1.4690915075030044,-1.3453390017031799,-0.12375250579982455,-0.14576095574118028,0.7459942166689909,-0.8917551724101712,2.0892967206122224,2.173695979248935,-0.08439925863671283
S43A12T03,filtered,6,0.2,False,False,0.2291457221261851,0.1124252485482864,-1.4684949330593353,-1.3363665110261491,-0.1321284220331862,-0.14420566039261953,0.7483905183191455,-0.892596178711765,2.08939522502361,2.1787240502202625,-0.08932882519665242
S43A12T03,filtered,7,0.23333333333333334,False,True,0.23203096431409695,0.09288048976874519,-1.4678003428988717,-1.3279454725143731,-0.13985487038449862,-0.14329556743768782,0.7495627656401476,-0.8928583330778354,2.0894136783846915,2.1828311308464494,-0.09341745246175792
S43A12T03,filtered,8,0.26666666666666666,False,False,0.23634841525551858,0.07461573137092326,-1.4670345246617518,-1.3202057654942374,-0.14682875916751437,-0.14300006321574907,0.749605151164372,-0.8926052143801211,2.0893642138440947,2.1860123570988583,-0.09664814325476367
S43A12T03,filtered,9,0.3,False,True,0.2414892950874908,0.057916145565003685,-1.4662331348500448,-1.3132719207260029,-0.15296121412404196,-0.1432506942537615,0.7486855251214902,-0.8919362193752517,2.0892641047475644,2.1883095016980363,-0.09904539695047188
S43A12T03,filtered,10,0.3333333333333333,False,True,0.24686991348826662,0.043047479285311496,-1.4654370860185926,-1.307253528788433,-0.15818355723015953,-0.14394920338368428,0.7470259679111603,-0.8909751712948446,2.0891338000730104,2.1898053202487606,-0.1006715201757502
S43A12T03,filtered,11,0.36666666666666664,False,True,0.2519822010126817,0.03023278385069128,-1.4646883612779793,-1.3022354110867822,-0.1624529501911971,-0.14497760361892764,0.7448791425229179,-0.8898567461418455,2.0889946253523846,2.190615179125861,-0.10162055377347645
S43A12T03,filtered,12,0.4,False,True,0.25642771571351924,0.019631024356897564,-1.4640256866090258,-1.2982686279823694,-0.16575705862665635,-0.14620922201691178,0.7425028838286607,-0.8887121058455725,2.0888663755795323,2.1908766867374636,-0.10201031115793135
S43A12T03,filtered,13,0.43333333333333335,False,True,0.2599357583835398,0.011320003617584229,-1.4634804888544892,-1.2953632983768286,-0.1681171904776606,-0.14751962277788058,0.7401355596874756,-0.8876551824653561,2.0887650346129987,2.190738184132275,-0.10197314951927616
S43A12T03,filtered,14,0.4666666666666667,False,True,0.26236752526884416,0.005285439510855916,-1.4630735211398398,-1.293483998194588,-0.16958952294525176,-0.1487964126410084,0.7379745482839368,-0.8867709609249452,2.088700840611752,2.1903470090576063,-0.10164616844585428
S43A12T03,filtered,15,0.5,False,True,0.26370835559434863,0.0014172657708797498,-1.462812457180313,-1.2925482311619163,-0.17026422601839664,-0.14994712041201305,0.7361597569245467,-0.8861068773365598,2.0886768817100125,2.1898384289787183,-0.10116154726870574
S43A12T03,filtered,16,0.5333333333333333,False,True,0.2640501215942538,0.0004865924909669417,-1.46269065296852,-1.2924281653096288,-0.17026248765889118,-0.15090459592518102,0.7347635205699512,-0.8856681164951322,2.0886883546755746,2.189326049756187,-0.10063769508061249
S43A12T03,filtered,17,0.5666666666666667,False,True,0.2635660791137694,0.0007094774561398065,-1.4626871606493916,-1.2929555385527243,-0.16973162209666737,-0.15162965839072692,0.7337875353249348,-0.8854171937156617,2.0887225569691825,2.1888943597547232,-0.10017180278554072
S43A12T03,filtered,18,0.6,False,True,0.2624810476273524,0.0004005786493779251,-1.4627679660710964,-1.2939293830912222,-0.1688385829798742,-0.15211100754198495,0.7331667763060463,-0.8852777838480312,2.088759615229523,2.1885938799577547,-0.09983426472823176
S43A12T03,filtered,19,0.6333333333333333,False,True,0.26104040392381056,0.002451702702967795,-1.4628883180188095,-1.295126017566886,-0.16776230045192353,-0.1523626653458292,0.7327796888437648,-0.885142354189594,2.0887738866635526,2.1884391768225178,-0.09966529015896519
S43A12T03,filtered,20,0.6666666666666666,False,True,0.2594817294337942,0.005031505965845895,-1.4629959309586427,-1.2963106150555623,-0.16668531590308033,-0.15241941989590924,0.732463384655449,-0.8848828045513583,2.0887359097978417,2.1884097738463444,-0.09967386404850265
S43A12T03,filtered,21,0.7,False,True,0.258012702147162,0.007731049092001507,-1.4630347796084051,-1.2972495742503192,-0.16578520535808594,-0.152330882690283,0.7320321647055579,-0.8843630473958408,2.0886147326494626,2.18845378655401,-0.09983905390454728
S43A12T03,filtered,22,0.7333333333333333,False,True,0.2567977468065357,0.010167730480943327,-1.4629491661354943,-1.2977228963655905,-0.16522626976990384,-0.15215483974497795,0.73129745682236,-0.8834522965673379,2.0883804138255275,2.188493918027028,-0.10011350420150045
S43A12T03,filtered,23,0.7666666666666667,False,False,0.25595412512928056,0.012005620987969978,-1.4626877306549815,-1.297535795062568,-0.16515193559241337,-0.15195057698524975,0.7300872114937699,-0.8820377884790196,2.0880064783707954,2.1884352994827094,-0.10042882111191398
S43A12T03,filtered,24,0.8,False,False,0.25555601391161953,0.012972082490198433,-1.4622070925213841,-1.2965288343532775,-0.16567825816810666,-0.15177279818725814,0.7282629402533637,-0.8800357384406219,2.0874721168313526,2.1881745508910297,-0.10070243405967716
S43A12T03,filtered,25,0.8333333333333334,False,True,0.2556433797136306,0.012869856391880985,-1.4614748514455131,-1.2945859936707311,-0.16688885777478202,-0.15166664113638342,0.7257328889081672,-0.8773995300445506,2.0867639426384224,2.1876093749855965,-0.10084543234717414
S43A12T03,filtered,26,0.8666666666666667,False,True,0.2562317325974073,0.01158415745321939,-1.4604717397240494,-1.291640194106899,-0.16883154561715052,-0.1516641494331871,0.7224602796175422,-0.8741244290507293,2.0858771671473586,2.1866479857209047,-0.10077081857354608
S43A12T03,filtered,27,0.9,False,True,0.25731935982873283,0.009084634656936208,-1.4591927941371055,-1.287675978854613,-0.1715168152824924,-0.15178238988336099,0.7184660863957417,-0.8702484762791027,2.08481610901343,2.185217707369786,-0.1004015983563562
S43A12T03,filtered,28,0.9333333333333333,False,False,0.25889015661081605,0.005422350302133561,-1.4576475011543482,-1.282729216498617,-0.17491828465573112,-0.15202323515250007,0.7138263736574748,-0.8658496088099749,2.083594018711987,2.1832721579673438,-0.09967813925535696
S43A12T03,filtered,29,0.9666666666666667,False,True,0.26091210686382615,0.0007221756490469744,-1.455858953839743,-1.2768838785181356,-0.1789750753216075,-0.15237467368373356,0.7086647677627834,-0.861039441446517,2.0822322623449767,2.180796542747375,-0.09856428040239829
S43A12T03,filtered,30,1.0,False,False,0.2633331677830789,0.0048287931174024745,-1.4538621350758603,-1.2702661212328734,-0.18359601384298685,-0.15281337679666748,0.703141089068207,-0.8559544658648746,2.080758963684656,2.177810719445957,-0.0970517557613011
S43A12T03,filtered,31,1.0333333333333334,False,True,0.26607726779199686,0.010996026829246608,-1.4517015024802113,-1.2630360663079436,-0.18866543617226772,-0.15330815619884147,0.6974374972069043,-0.8507456534057458,2.0792072432074415,2.1743698466657517,-0.09516260345831018
S43A12T03,filtered,32,1.0666666666666667,False,False,0.2690431114228075,0.017514655492531395,-1.4494280911338222,-1.2553778132336415,-0.1940502779001807,-0.1538238897543685,0.691743661879342,-0.8455675516337104,2.0776132138332213,2.1705625781881266,-0.0929493643549053
S43A12T03,filtered,33,1.1,False,True,0.27210759636475823,0.024107845203990674,-1.4470963695624985,-1.2474883250118503,-0.1996080445506483,-0.15432548108011002,0.6862424542094357,-0.8405679352895458,2.0760138948834066,2.1665069115689226,-0.09049301668551601
S43A12T03,filtered,34,1.1333333333333333,False,False,0.2751342554082678,0.03050536465270759,-1.444761083749106,-1.2395659002827828,-0.20519518346632326,-0.15478144735161206,0.6810974728310828,-0.8358789201826948,2.074445191507236,2.162343933128926,-0.08789874162168987
S43A12T03,filtered,35,1.1666666666666667,False,False,0.2779857203305763,0.03646120016044696,-1.4424743065854921,-1.231798978291777,-0.21067532829371505,-0.15516679437528172,0.6764434086975152,-0.8316102030727969,2.0729400619835885,2.158229821315588,-0.08528975933199945
S43A12T03,filtered,36,1.2,False,False,0.28053817134663944,0.04176907868900437,-1.440282879853615,-1.2243560142153762,-0.2159268656382387,-0.1554649309015294,0.6723798614844285,-0.827844792385958,2.0715269661155586,2.1543265760684642,-0.08279960995290558
S43A12T03,filtered,37,1.2333333333333334,False,False,0.2826952877581783,0.046274822778061386,-1.4382263957705907,-1.2173771074142437,-0.2208492883563471,-0.15566848605048372,0.668968801455273,-0.8246372875057568,2.070228659740897,2.1507920328366907,-0.08056337309579353
S43A12T03,filtered,38,1.2666666666666666,False,False,0.284399342775984,0.049884608652448925,-1.4363358177165477,-1.2109679602349916,-0.22536785748155608,-0.15577901428435875,0.6662354732341811,-0.8220144875185398,2.0690613765276034,2.1477697936989077,-0.07870841717130439
S43A12T03,filtered,39,1.3,False,False,0.2856376428551265,0.052568442105616286,-1.4346327869625106,-1.2051965885427247,-0.2294361984197859,-0.15580569075572032,0.6641722022900451,-0.8199778930457655,2.0680344197084723,2.145379758756413,-0.07734533904794061
S43A12T03,filtered,40,1.3333333333333333,False,False,0.2864433147281165,0.05435850776826712,-1.4331296063885781,-1.2000930009546897,-0.23303660543388838,-0.15576320534983368,0.6627443193669833,-0.818507524716817,2.067150172214184,2.143709959512872,-0.07655978729868806
S43A12T03,filtered,41,1.3666666666666667,False,False,0.2868903274572043,0.05534247113230273,-1.4318298366982223,-1.1956518227873216,-0.23617801391090065,-0.15566914646441676,0.6618972785808861,-0.8175664250453029,2.066404521463949,2.14281037117666,-0.07640584971271114
S43A12T03,filtered,42,1.4,False,False,0.28708347204859996,0.05565228645567322,-1.430729389992671,-1.1918375818214006,-0.23889180817127031,-0.15554121746358765,0.661564015876377,-0.8171052333399647,2.065787682025827,2.142689301595418,-0.07690161956959063
S43A12T03,filtered,43,1.4333333333333333,False,False,0.2871447012426207,0.05544953864193869,-1.429817964985113,-1.1885921213337722,-0.2412258436513408,-0.15539464441789508,0.6616716700504283,-0.8170663144683233,2.065285382894142,2.1433128125105005,-0.07802742961635856
S43A12T03,filtered,44,1.4666666666666666,False,False,0.28719766887957415,0.05490876342893247,-1.429080642745159,-1.1858433901204113,-0.2432372526247477,-0.15524011120395018,0.6621469535185784,-0.8173870647225286,2.064880364699786,2.144607421668906,-0.07972705696912019
S43A12T03,filtered,45,1.5,False,False,0.287352444596334,0.05420048401824662,-1.4284994557995154,-1.1835147076852892,-0.24498474811422621,-0.1550824990148233,0.6629196918533646,-0.8180021908681879,2.0645541058897208,2.1464660688115096,-0.08191196292178882
S43A12T03,filtered,46,1.5333333333333334,False,False,0.28769221515511617,0.05347581555495373,-1.4280547589437826,-1.181533538926283,-0.24652122001749954,-0.15492061707394722,0.663924322205375,-0.8188449392793222,2.064288667916349,2.1487570225618895,-0.0844683546455407
S43A12T03,filtered,47,1.5666666666666667,False,False,0.28826339055933725,0.05285437991062514,-1.427726266996894,-1.1798388513698252,-0.24788741562706873,-0.15474799792965452,0.6650994214333623,-0.8198474193630169,2.0640685217780614,2.1513350879699837,-0.0872665661919223
S43A12T03,filtered,48,1.6,False,False,0.28907003726794434,0.05241692743992288,-1.4274936797977025,-1.1783862723532543,-0.24910740744444815,-0.15455470420282236,0.6663855967459481,-0.8209403009487705,2.0638821971084487,2.1540541841698433,-0.09017198706139462
S43A12T03,filtered,49,1.6333333333333333,False,False,0.290073086691809,0.052203500919892676,-1.4273368818721635,-1.177150503022078,-0.25018637885008554,-0.15432996544701874,0.6677222900331956,-0.8220522554802143,2.0637235859397567,2.1567801407198663,-0.09305655478010966
S43A12T03,filtered,50,1.6666666666666667,False,False,0.2911943761147126,0.052217260057703996,-1.4272357747029472,-1.1761247565925654,-0.2511110181103817,-0.15406534604708316,0.6690442017282905,-0.8231095477753736,2.063592740940807,2.1594024492883284,-0.09580970834752156
S43A12T03,filtered,51,1.7,False,False,0.29232524784205477,0.052433307620292746,-1.4271698631766048,-1.175317334866807,-0.2518525283097979,-0.15375805024332195,0.670278116256505,-0.824036166499827,2.063496035206256,2.1618437332805542,-0.09834769807429833
S43A12T03,filtered,52,1.7333333333333334,False,False,0.2933390914291492,0.05281113617160549,-1.427117764316427,-1.174745797791569,-0.25237196652485805,-0.153413910218587,0.6713409001266241,-0.824754810345211,2.063445597869183,2.1640658730388855,-0.10062027516970273
S43A12T03,filtered,53,1.7666666666666666,False,False,0.2941068197980872,0.0533087638258658,-1.427056827386853,-1.174429473926005,-0.25262735346084786,-0.15304958779775119,0.672139343399674,-0.8251889311974252,2.0634580043034956,2.166072038000844,-0.10261403369734845
S43A12T03,filtered,54,1.8,False,False,0.294513854587315,0.053896342494381244,-1.426963045000501,-1.1743812691818085,-0.25258177581869257,-0.15269355680725408,0.6725723310068166,-0.8252658878140706,2.0635522759444958,2.1679042975812957,-0.10435202163679991
S43A12T03,filtered,55,1.8333333333333333,False,False,0.2944768568191824,0.05456705616749802,-1.4268113949142878,-1.1745998326460234,-0.25221156226826436,-0.15238552445364825,0.6725355756563548,-0.8249211001100031,2.0637473248567546,2.1696369599150094,-0.10588963505825477
S43A12T03,filtered,56,1.8666666666666667,False,True,0.29395828276608604,0.055343482150453926,-1.4265766868404275,-1.1750631214614462,-0.2515135653789813,-0.15217409377181287,0.6719288403470849,-0.8241029341188978,2.0640590527606877,2.1713662623705035,-0.10730720960981577
S43A12T03,filtered,57,1.9,False,False,0.29297692681059745,0.056278216238771606,-1.4262349072812535,-1.1757242759323692,-0.2505106313488843,-0.15211265655733816,0.670665253889875,-0.8227779104472132,2.06449737374679,2.173197449710102,-0.10870007596331188
S43A12T03,filtered,58,1.9333333333333333,False,False,0.2916129104321209,0.05744837304218686,-1.4257649704490332,-1.1765104883145396,-0.24925448213449353,-0.15225372186445144,0.6686820093546686,-0.82093573121912,2.0650634659399483,2.175230573139962,-0.11016710720001388
S43A12T03,filtered,59,1.9666666666666666,False,False,0.29000600988773595,0.05894444760859163,-1.4251507080429384,-1.1773252508683485,-0.24782545717458992,-0.15264210762269054,0.6659514657289809,-0.8185935733516714,2.065747563834329,2.177546490050595,-0.11179892621626619
S43A12T03,filtered,60,2.0,False,True,0.28834670332637885,0.060854838060178995,-1.4243828772328373,-1.1780540332104046,-0.2463288440224327,-0.15330762634077832,0.6624914779647251,-0.8157991043055034,2.0665275770268052,2.180194523582866,-0.11366694655606091
S43A12T03,filtered,61,2.033333333333333,False,False,0.2868598381800714,0.06324796574886182,-1.4234609436929446,-1.1785730997237285,-0.24488784396921615,-0.15425805298415865,0.6583736866386862,-0.8126317396228449,2.0673687633625706,2.1831830577513656,-0.11581429438879498
S43A12T03,filtered,62,2.066666666666667,False,False,0.285781439620156,0.06615430294584579,-1.4223944089531972,-1.1787608657813136,-0.24363354317188368,-0.15547324904018534,0.6537285264044973,-0.8092017754446826,2.068224599229178,2.186474021412153,-0.11824942218297485
S43A12T03,filtered,63,2.1,False,False,0.2853300255633511,0.06955068415738208,-1.4212034964880473,-1.1785109313378004,-0.24269256515024695,-0.1569013126668845,0.6487458745697217,-0.8056471872366062,2.0690388838848426,2.1899817920452684,-0.12094290816042585
S43A12T03,filtered,64,2.1333333333333333,False,True,0.2856749251622325,0.07334903931947911,-1.4199190805235498,-1.177745738357304,-0.24217334216624575,-0.15845752074930958,0.6436705581471678,-0.8021280788964773,2.069748997336786,2.193576577638572,-0.12382758030178564
S43A12T03,filtered,65,2.1666666666666665,False,False,0.28690535123173644,0.07739119189430288,-1.418581822807905,-1.1764296830742222,-0.24215213973368277,-0.16002662538053153,0.6387923559027461,-0.7988189812832776,2.0702901127538094,2.1970918656000187,-0.12680175284620931
S43A12T03,filtered,66,2.2,False,False,0.28900488990180906,0.08145068897012608,-1.4172405614728802,-1.1745804780395046,-0.24266008343337564,-0.16146877645477345,0.6344306422714667,-0.7958994187262401,2.0706000556370663,2.200335112771103,-0.12973505713403677
S43A12T03,filtered,67,2.2333333333333334,False,False,0.2918360588552288,0.08524186424905533,-1.4159500604627882,-1.172277602069402,-0.24367245839338625,-0.16262898562827582,0.6309143797542611,-0.793543365382537,2.070624413748223,2.203100532680841,-0.13247611893261801
S43A12T03,filtered,68,2.2666666666666666,False,False,0.29513834566627245,0.08843556733140301,-1.4147682700678457,-1.169666797384468,-0.24510147268337756,-0.1633496552944855,0.6285587225464133,-0.7919083778408988,2.0703214439712516,2.2051826444361105,-0.13486120046485883
S43A12T03,filtered,69,2.3,False,True,0.2985409668422892,0.09068030141273642,-1.4137532664215111,-1.1669597709310333,-0.2467934954904778,-0.16348530596523825,0.6276399884449395,-0.7911252944101778,2.0696663031929736,2.206389196709726,-0.13672289351675238
S43A12T03,filtered,70,2.3333333333333335,False,False,0.30158927105635797,0.09162695751768157,-1.4129600326848262,-1.164428528612842,-0.2485315040719842,-0.16291828628825256,0.6283711306303366,-0.7912894169185891,2.0686541561639817,2.206552171301243,-0.13789801513726108
S43A12T03,filtered,71,2.3666666666666667,False,False,0.30378201397079807,0.09095496081079801,-1.41243722255767,-1.162394111495582,-0.250043111062088,-0.16157398158916192,0.630880043750714,-0.792454025339876,2.0673017876791917,2.2055357938973947,-0.13823400621820303
S43A12T03,filtered,72,2.4,False,True,0.3046159522944183,0.08839748140584702,-1.4122240147444638,-1.1612099012597281,-0.2510141134847357,-0.15943388557593854,0.635193029168857,-0.7946269147447955,2.065647469317508,2.2032408165616615,-0.13759334724415329
S43A12T03,filtered,73,2.433333333333333,False,True,0.30363412733694106,0.08376342108686874,-1.4123471320848038,-1.1612401002611286,-0.2511070318236752,-0.1565448948967637,0.6412254978829741,-0.7977703927797378,2.0637489978852988,2.199604761472175,-0.13585576358687623
S43A12T03,filtered,74,2.466666666666667,False,False,0.3004744129749658,0.07695416514160724,-1.4128180672421042,-1.1628344433555144,-0.2499836238865898,-0.15302334607814014,0.6487815030654271,-0.8018048491435673,2.061680023507452,2.1945982957320114,-0.13291827222455943
S43A12T03,filtered,75,2.5,False,True,0.2949150711684939,0.06797356425834833,-1.4136305326261667,-1.1663006305863752,-0.24732990203979144,-0.14905264328440784,0.6575629888063608,-0.8066156320907686,2.0595250035737567,2.188218402386505,-0.12869339881274833
S43A12T03,filtered,76,2.533333333333333,False,False,0.28691407294507165,0.05693024516574452,-1.414758138624436,-1.1718763433965105,-0.2428817952279254,-0.1448738107253696,0.6671887661304812,-0.8120625768558507,2.057373331765743,2.180479475087264,-0.12310614332152081
S43A12T03,filtered,77,2.566666666666667,False,True,0.2766387992415051,0.04403208091640942,-1.4161523031318928,-1.1797029825064635,-0.23644932062542923,-0.14076891455195434,0.6772222570437754,-0.8179911715957298,2.0553133713658003,2.1714038385752135,-0.11609046720941318
S43A12T03,filtered,78,2.6,False,False,0.2644823868219809,0.02957340608676562,-1.4177404080443097,-1.1898034065114607,-0.22793700153284902,-0.1370379873970627,0.687206079728632,-0.8242440671256948,2.0534272387644132,2.1610134268437697,-0.10758618807935649
S43A12T03,filtered,79,2.6333333333333333,False,True,0.25106223457033094,0.013916252825017406,-1.4194242455828607,-1.2020659271312208,-0.2173583184516399,-0.13397079196519368,0.6967006927948007,-0.8306714847599944,2.0517872080494057,2.149324382389256,-0.0975371743398501
S43A12T03,filtered,80,2.6666666666666665,False,True,0.23719477700319305,0.002532572042295511,-1.4210788389189193,-1.216236609895919,-0.2048422290230003,-0.1318154080877102,0.7053236810108184,-0.8371390890985286,2.05045451933886,2.1363461357731706,-0.08589161643431042
S43A12T03,filtered,81,2.7,False,True,0.22383881654979343,0.019346414224296282,-1.4225517754748505,-1.2319215283438103,-0.19063024713104015,-0.1307461508652622,0.7127859368083649,-0.8435320876736271,2.049481163165921,2.1220860756560462,-0.07260491249012535
S43A12T03,filtered,82,2.7333333333333334,False,True,0.21199968090445517,0.03610345509335344,-1.423663252249051,-1.2486000277508977,-0.17506322449815337,-0.1308336656145629,0.7189210240426784,-0.8497546896572413,2.0489148884410584,2.1065602544561495,-0.05764536601509107
S43A12T03,filtered,83,2.7666666666666666,False,False,0.2025939800127838,0.05240904274958247,-1.424207091658188,-1.2656492882732915,-0.15855780338489645,-0.1320201540998188,0.7237044135830778,-0.8557245676828966,2.0488072680644516,2.0898097615587665,-0.04100249349431495
S43A12T03,filtered,84,2.8,False,False,0.1962963801809347,0.06791390129563069,-1.423953031824743,-1.282379574711277,-0.14157345711346614,-0.13410254144012987,0.7272600238734656,-0.8613625653135955,2.049224196125697,2.0719215307503234,-0.022697334624626198
S43A12T03,filtered,85,2.8333333333333335,False,False,0.1934198297300882,0.08232693280157388,-1.4226506136793435,-1.2980785827330104,-0.12457203094633318,-0.13672599011868083,0.7298525201994961,-0.8665785103181769,2.0502577375827626,2.0530515385231425,-0.0027938009403798425
S43A12T03,filtered,86,2.8666666666666667,False,False,0.1938885128246701,0.09542190331430467,-1.4200349658829057,-1.3120623240783575,-0.10797264180454813,-0.13938952241860428,0.7318650374456864,-0.8712545598642907,2.05203786496752,2.03344769573143,0.018590169236090137
S43A12T03,filtered,87,2.9,False,False,0.19731926062833496,0.10703792664516776,-1.4158347168573546,-1.3237291352153633,-0.09210558164199134,-0.1414646596972356,0.7337632915302554,-0.875227951227491,2.0547423557254847,2.013469317997959,0.041273037727525885
S43A12T03,filtered,88,2.933333333333333,False,False,0.20315881680825806,0.11707428581274226,-1.4097821346577406,-1.3326127451073773,-0.07716938955036334,-0.1422269777151442,0.7360483260976106,-0.8782753038127549,2.0586030387453618,1.9935999355217606,0.06500310322360114
S43A12T03,filtered,89,2.966666666666667,False,False,0.21079800363479528,0.12548071871981104,-1.4016254094866658,-1.3384299838616354,-0.06319542562503044,-0.14089937869098565,0.7392012949772886,-0.8801006736682743,2.0639067043142076,1.9744503988573965,0.08945630545681116
S43A12T03,filtered,90,3.0,True,False,0.21961917061150385,0.1322447895743799,-1.391142757453931,-1.3411187141550132,-0.05002404329891785,-0.1367047726870732,0.7436246066148873,-0.8803293793019604,2.0709893410721,1.9567497585614948,0.11423958251060506
S43A12T03,filtered,91,3.033333333333333,False,False,0.22898611585463505,0.1373783080917228,-1.3781577534187976,-1.3408619471247951,-0.03729580629400253,-0.1289248326496637,0.7495843685449148,-0.8785092011945785,2.080222923856618,1.941322229317804,0.13890069453881382
S43A12T03,filtered,92,3.066666666666667,False,False,0.23821361875527836,0.14090488153856318,-1.3625550195906797,-1.3380948556052812,-0.02446016398539852,-0.11696063305005576,0.7571593036764381,-0.8741199367264939,2.0919947088499034,1.9290496628780418,0.16294504597186155
S43A12T03,filtered,93,3.1,False,False,0.24655137468083296,0.14285054486211157,-1.3442951366120142,-1.3334924820885792,-0.010802654523434985,-0.1003903942015997,0.7662011272514075,-0.8665915214530072,2.106679834506528,1.9208202991680121,0.18585953533851596
S43A12T03,filtered,94,3.1333333333333333,False,False,0.25319952831808745,0.1432390020383476,-1.3234274423585248,-1.3279372941458163,0.004509851787291463,-0.07901931596215374,0.7763107649740199,-0.8553300809361736,2.1246088959656726,1.9174660644993162,0.20714283146635637
S43A12T03,filtered,95,3.1666666666666665,False,False,0.2573549940463628,0.14209236353218913,-1.3000992807531329,-1.3224672840135085,0.02236800326037569,-0.05291665976011513,0.786833782511944,-0.8397504422720592,2.1460329611052984,1.9196922282346962,0.2263407328706022
S43A12T03,filtered,96,3.2,False,False,0.2582767910820273,0.13943745987800593,-1.2745602968837972,-1.3182069427486285,0.043646645864831246,-0.02243586242674693,0.7968770407994652,-0.8193129032262121,2.171089127367196,1.9280046648414237,0.24308446252577243
S43A12T03,filtered,97,3.2333333333333334,False,False,0.2553555163602415,0.1353169598707562,-1.247160575696817,-1.316285049659607,0.06912447396279009,0.011785462006980395,0.8053469773510586,-0.7935615153440783,2.19977008593066,1.9426411167255693,0.25712896920509065
S43A12T03,filtered,98,3.2666666666666666,False,False,0.2481742145629078,0.12980374512206994,-1.2183418032007114,-1.31774467953732,0.0994028763366086,0.04884730046422609,0.8110081541022,-0.7621608536379738,2.2319011893538594,1.9635135227809948,0.2683876665728646
S43A12T03,filtered,99,3.3,False,False,0.236552298227362,0.12301640305196138,-1.1886211812196021,-1.3234520097167193,0.13483082849711714,0.08763068034079557,0.8125589408455178,-0.7249282605047223,2.267128168044597,1.9901684941611153,0.27695967388348164
S43A12T03,filtered,100,3.3333333333333335,False,False,0.22056902569685063,0.11513338283268748,-1.158568510380426,-1.3340112697781312,0.17544275939770526,0.126860695071052,0.8087195689616191,-0.6818588738905671,2.304917908801863,2.021772259905589,0.28314564889627425
S43A12T03,filtered,101,3.3666666666666667,True,False,0.2005680015607952,0.10640335833096337,-1.1287776039052322,-1.3496933911110487,0.2209157872058165,0.16518509501564155,0.7983264487002081,-0.6331413536845665,2.344573639933071,2.0571248309040286,0.28744880902904235
S43A12T03,filtered,102,3.4,True,False,0.17715029838796797,0.09714965750818005,-1.0998339175544893,-1.3703854805163207,0.27055156296183136,0.20126269706840375,0.7804257439879465,-0.5791630469195428,2.3852645512725683,2.0947058051762637,0.2905587460963046
S43A12T03,filtered,103,3.433333333333333,True,False,0.15117474705489167,0.08776720393270887,-1.072280879357212,-1.3955671091995334,0.32328622984232136,0.23385457204841567,0.7543588641706456,-0.5205042921222299,2.426068440031413,2.132751333925194,0.29331710610621897
S43A12T03,filtered,104,3.466666666666667,True,False,0.12381107810334607,0.07871119479190813,-1.046587782749916,-1.4243175935023789,0.3777298107524629,0.2619102930444191,0.7198328347171088,-0.4579225416726897,2.4660245654800317,2.1693585571441663,0.2966660083358654
S43A12T03,filtered,105,3.5,True,False,0.09677217339751439,0.07047761641780403,-1.023122195876551,-1.4553560466662465,0.43223385078969545,0.28464160178045517,0.6769694516772615,-0.39232784989680636,2.5041926758903887,2.2026106406598096,0.30158203523057914
S43A12T03,filtered,106,3.533333333333333,True,False,0.07307962390710565,0.063576578644162,-1.0021295992783363,-1.4871131834046478,0.4849835841263115,0.3015767237634949,0.6263286336835112,-0.3247519099200163,2.539713289169673,2.230712776648974,0.30900051252069893
S43A12T03,filtered,107,3.566666666666667,True,False,0.058747060008451625,0.05850024982993873,-0.9837223962297624,-1.5178309092015447,0.5341085129717823,0.3125901893394724,0.5689033188099746,-0.25631312947050217,2.5718638864173546,2.2521275112053325,0.31973637521202214
S43A12T03,filtered,108,3.6,True,False,0.06108902968521434,0.05568782407672357,-0.9678795895620209,-1.5456829147320204,0.5778033251699994,0.3179052506326512,0.5060854248582022,-0.188180174225551,2.6001057952638695,2.265696850074685,0.3344089451891845
S43A12T03,filtered,109,3.6333333333333333,True,False,0.07814666261566033,0.05549039040595227,-0.9544573709529982,-1.5689071285730705,0.6144497576200723,0.3180685913791859,0.4396045967454427,-0.1215360053662568,2.624117223074796,2.2707389920275736,0.35337823104722244
S43A12T03,filtered,110,3.6666666666666665,False,False,0.10220287980591637,0.058138751885013384,-0.9432097411373634,-1.5859392508946863,0.6427295097573229,0.3138997165513231,0.37144350856698605,-0.05754379201566295,2.643809111836673,2.267109342216706,0.37669976961996676
S43A12T03,filtered,111,3.7,True,False,0.12887428511184415,0.06371713214466412,-0.9338172101623705,-1.5955359421308195,0.661718731968449,0.3064198694496553,0.3037352057180427,0.0026846637316126354,2.659322122480083,2.2552185878437547,0.4041035346363282
S43A12T03,filtered,112,3.7333333333333334,False,False,0.15644731186727226,0.07214530838517397,-0.9259207546755104,-1.596876729364023,0.6709559746885125,0.2967672672708413,0.2386492460165115,0.0581180212543298,2.6710049473845388,2.2360047989333873,0.4350001484511514
S43A12T03,filtered,113,3.7666666666666666,True,False,0.18423770885037563,0.08317106097098348,-0.9191576516371955,-1.5896353426970218,0.6704776910598262,0.2861066486557354,0.17827416392007556,0.10783248473565982,2.6793760751866036,2.2108612753131496,0.468514799873454
S43A12T03,filtered,114,3.8,True,False,0.21189093037592352,0.09637400240594585,-0.913195639643014,-1.5740138688304883,0.6608182291874743,0.2755414596371541,0.12450402106409897,0.15103743857305513,2.685072847581478,2.1815265807303437,0.5035462668511341
S43A12T03,filtered,115,3.8333333333333335,False,False,0.2390948872832354,0.11118094040762139,-0.9077620993860575,-1.5507365207950348,0.6429744214089773,0.2660364472313101,0.07893652907899516,0.18709991815231491,2.6887929263373076,2.1499472299168216,0.538845696420486
S43A12T03,filtered,116,3.8666666666666667,False,False,0.26545258073484235,0.1268920457309144,-0.9026655548764166,-1.521003570433029,0.6183380155566123,0.25835706918981155,0.04278945711087548,0.21556761207893607,2.6912339628580035,2.118126257904907,0.5731077049530966
S43A12T03,filtered,117,3.9,False,False,0.2904333917458518,0.14271632552351732,-0.89780768840813,-1.4864096272789529,0.5886019388708229,0.2530301447763116,0.016840796674262765,0.2361893481020488,2.693037256292386,2.087972042575811,0.6050652137165748
S43A12T03,filtered,118,3.933333333333333,False,False,0.313373247387704,0.15781430436930788,-0.8931851133605758,-1.448833556827644,0.5556484434670682,0.25032781619298844,0.0013965050245501182,0.2489313111684383,2.694740525095956,2.0611611817459696,0.6335793433499863
S43A12T03,filtered,119,3.966666666666667,False,False,0.33350796016255496,0.1713454039854465,-0.888881225866655,-1.4103095901916407,0.5214283643249857,0.2502744523634742,-0.0037123189568152096,0.2539867713202894,2.6967437170070063,2.0390271244289395,0.6577165925780668
S43A12T03,filtered,120,4.0,True,False,0.35002822846561354,0.18251727071902724,-0.8850494335563616,-1.3728903985734102,0.48784096501704866,0.25267389297829795,0.0008968870961447648,0.2517770058821532,2.6992902226732123,2.0224830104378593,0.676807212235353
S43A12T03,filtered,121,4.033333333333333,False,False,0.3621467733682063,0.19063419200847842,-0.8818898361747015,-1.338513048785381,0.4566232126106794,0.25715264612397115,0.01421119502121692,0.24294145110275422,2.702464147579761,2.011983287369429,0.6904808602103318
S43A12T03,filtered,122,4.066666666666666,False,False,0.3691695944598966,0.19514173447029703,-0.8796219432394107,-1.3088779099628236,0.42925596672341293,0.26321348892696916,0.0348975970566533,0.22831589187031587,2.706202642359617,2.007524672261992,0.6986779700976249
S43A12T03,filtered,123,4.1,False,False,0.370564530625471,0.1956648082025092,-0.878456231238172,-1.285348934368872,0.40689270313070003,0.27029345674730954,0.0613948633892861,0.20889859335802344,2.710320871973384,2.008683368491835,0.7016375034815492
S43A12T03,filtered,124,4.133333333333334,False,False,0.36602120773080643,0.1920365182776802,-0.8785672765816153,-1.2688815320945313,0.390314255512916,0.2778204267495194,0.09201488994394635,0.18580553680557305,2.714546152820189,2.0146824840437794,0.6998636687764095
S43A12T03,filtered,125,4.166666666666667,True,False,0.35549716862615227,0.1843154335656212,-0.8800708887254449,-1.2599817629015213,0.3799108741760764,0.28526330684088774,0.12504615023933943,0.1602171566015483,2.7185571815343947,2.024481534435888,0.6940756470985066
S43A12T03,filtered,126,4.2,False,False,0.3392457244996137,0.17278933185598522,-0.883007167091848,-1.2586980231836014,0.37569085609175334,0.2921720706395925,0.15885206573985372,0.13332000489973878,2.722024141039668,2.036878825668356,0.6851453153713121
S43A12T03,filtered,127,4.233333333333333,False,False,0.3178220444671743,0.15796412058903941,-0.887330780361697,-1.2646440143273523,0.3773132339656553,0.29820534055835485,0.191957896610147,0.10624744394820784,2.724645767096955,2.050617357516363,0.674028409580592
S43A12T03,filtered,128,4.266666666666667,False,False,0.29206533848701377,0.14053752076904913,-0.8929090820176007,-1.277049687981556,0.3841406059639554,0.30314471902826806,0.2231210264665644,0.08002369256170366,2.726180117922445,2.0644855376093103,0.6616945803131347
S43A12T03,filtered,129,4.3,False,False,0.26305670178365853,0.12135823577935101,-0.8995279908211496,-1.294835166132027,0.39530717531087733,0.306896431267894,0.2513811214317177,0.05551530983617631,2.7264667059586825,2.0774052708528767,0.6490614351058057
S43A12T03,filtered,130,4.333333333333333,False,False,0.23205417171755816,0.10137264773791399,-0.9069049297442033,-1.316701376188502,0.4097964464442987,0.309481944316978,0.27608840813497776,0.03339353618200025,2.7254387041466464,2.088501682727391,0.6369370214192553
S43A12T03,filtered,131,4.366666666666666,False,False,0.20040859181014853,0.0815624690312664,-0.9147075723281561,-1.3412303395090692,0.4265227671809131,0.311019992031336,0.29691005445798724,0.014109937573348774,2.723125007652842,2.0971506490556937,0.6259743585971482
S43A12T03,filtered,132,4.4,False,False,0.16946573505721912,0.06287804959835608,-0.9225767220383426,-1.3669877055043196,0.44441098346597696,0.31170284292986683,0.31381618677095213,-0.0021133438410853023,2.719642907239344,2.103002265549426,0.616640641689918
S43A12T03,filtered,133,4.433333333333334,False,False,0.14046171235194221,0.04617299820369736,-0.9301513691236906,-1.3926202257879605,0.46246885666426996,0.31176971998008174,0.32704831399091555,-0.015278594010833813,2.7151829271496464,2.1059802643920573,0.609202662757589
S43A12T03,filtered,134,4.466666666666667,False,False,0.11442051677048166,0.03214622518339483,-0.9370938437286089,-1.4169414040159376,0.47984756028732867,0.31148007231915864,0.33707378172847985,-0.025593709409321208,2.7099879435373158,2.1062590817240014,0.6037288618133143
S43A12T03,filtered,135,4.5,False,False,0.09206673087131022,0.021297310244721368,-0.9431130189425985,-1.4389995219736793,0.49588650303108084,0.3110889791245615,0.34453033702313063,-0.03344135789856911,2.7043290061483263,2.104221743766214,0.6001072623821124
S43A12T03,filtered,136,4.533333333333333,False,False,0.07377713098178178,0.013900174793030073,-0.9479837109940085,-1.4581236035532017,0.5101398925591932,0.31082641119191795,0.35016498605791607,-0.03933857486599812,2.6984803425465325,2.100402935924906,0.5980774066216266
S43A12T03,filtered,137,4.566666666666666,True,False,0.05961342707043762,0.009998418238137852,-0.9515607653835596,-1.4739445857493934,0.5223838203658338,0.3108814594419757,0.3547711519299117,-0.043889692487936005,2.692695860133951,2.0954225201627086,0.5972733399712422
S43A12T03,filtered,138,4.6,False,False,0.04948221156163956,0.009423477509522549,-0.9537867868059687,-1.486390937703679,0.5326041508977103,0.3113920275126282,0.35912778270057527,-0.04773575518794709,2.6871891213220658,2.0899153396634125,0.5972737816586533
S43A12T03,filtered,139,4.633333333333334,False,False,0.043384038685002686,0.011834190293824598,-0.9546930343989929,-1.4956600828243365,0.5409670484253436,0.3124399334477079,0.36394361293932687,-0.05150367949161899,2.6821183036073446,2.084463360546028,0.5976549430613165
S43A12T03,filtered,140,4.666666666666667,False,False,0.041493631585305786,0.016773667198146214,-0.9543936156397385,-1.502169069153861,0.5477754535141225,0.3140509157334979,0.36980931248532256,-0.055758396751824646,2.6775771215832815,2.079536013528119,0.5980411080551624
S43A12T03,filtered,141,4.7,False,False,0.04379997684783234,0.023736956404614817,-0.9530737128001849,-1.5064897953519738,0.5534160825517889,0.3161987180070933,0.37715979497148555,-0.060961076964392236,2.6735921295744993,2.0754439891966294,0.5981481403778699
S43A12T03,filtered,142,4.733333333333333,True,False,0.04973740555286348,0.03224120310956424,-0.9509730987717898,-1.509275511228946,0.5583024124571562,0.318812243495173,0.3862484964457957,-0.06743625295062267,2.670126280464037,2.0723107029870302,0.5978155774770069
S43A12T03,filtered,143,4.766666666666667,False,False,0.05842734008813684,0.04188922583149579,-0.9483665811123748,-1.5111860673644961,0.5628194862521213,0.3217847167225721,0.39713493089143326,-0.07535021416886117,2.667088117842817,2.070064203090582,0.5970239147522349
S43A12T03,filtered,144,4.8,False,False,0.06913151532132424,0.052417900473682444,-0.9455432079034463,-1.5128193470357714,0.5672761391323251,0.32498384524699536,0.4096862335907889,-0.08470238834379351,2.664345547039212,2.068450510306506,0.5958950367327063
S43A12T03,filtered,145,4.833333333333333,False,False,0.0814411603213848,0.0637245112425413,-0.9427860580464384,-1.5146554421879206,0.5718693841414821,0.3282621094103216,0.4235926787271799,-0.09533056931685835,2.6617427849407282,2.0670673701646756,0.5946754147760527
S43A12T03,filtered,146,4.866666666666666,False,False,0.09526853035211184,0.07586710166696498,-0.9403542361094807,-1.5170185289791362,0.5766642928696556,0.3314664923469217,0.4383963041412482,-0.10692981179432648,2.6591188484444004,2.065415338566103,0.5937035098782975
S43A12T03,filtered,147,4.9,False,False,0.11077716390803212,0.08903842074890478,-0.9384683398431063,-1.5200592689921386,0.5815909291490323,0.33444716652418854,0.45353083955521767,-0.11908367303102912,2.656325827991318,2.0629612333184317,0.5933645946728863
S43A12T03,filtered,148,4.933333333333334,True,False,0.12829410131942212,0.1035167502199612,-0.937300225401201,-1.5237581938407798,0.5864579684395789,0.33706485169494266,0.468370201879833,-0.13130535018489037,2.6532452253323546,2.0592075041305375,0.5940377212018171
S43A12T03,filtered,149,4.966666666666667,False,False,0.1482112549055019,0.11960014197907043,-0.9369674221181238,-1.5279482239101478,0.5909808017920241,0.33919673214883805,0.48228200402675125,-0.1430852718779132,2.6498008245067752,2.0537602197180584,0.5960406047887168
S43A12T03,filtered,150,5.0,False,False,0.17088093364801002,0.13753291167784076,-0.9375320984889588,-1.5323524924213792,0.5948203939324204,0.3407409542088487,0.4946819361827677,-0.15394098197391898,2.6459669073775545,2.0463882952916634,0.599578612085891
S43A12T03,filtered,151,5.033333333333333,True,False,0.1965142194468851,0.15743432425185455,-0.9390040944666671,-1.536632195252314,0.597628100785647,0.3416198104334882,0.5050846169226628,-0.1634648064891746,2.641771094635027,2.037067341680225,0.6047037529548018
S43A12T03,filtered,152,5.066666666666666,True,False,0.2250930742004392,0.1792391743270021,-0.9413472410981667,-1.5404383913381943,0.5990911502400276,0.3417817548788248,0.5131466384395281,-0.17136488356070334,2.637291643729064,2.0260030493090033,0.6112885944200608
S43A12T03,filtered,153,5.1,False,False,0.2563068910562424,0.20265850246712547,-0.944488005462153,-1.5434615903873747,0.5989735849252218,0.3412023913778641,0.5186980653584514,-0.1774956739805873,2.6326496049667867,2.013631158000188,0.6190184469665985
S43A12T03,filtered,154,5.133333333333334,False,False,0.28952202008076644,0.2271662379539403,-0.9483254350972978,-1.5454735648371218,0.597148129739824,0.3398845473902656,0.5217595636820223,-0.18187501629175667,2.6279967584860837,2.0005935558666876,0.6274032026193961
S43A12T03,filtered,155,5.166666666666667,False,False,0.3237891503348208,0.25201445665519784,-0.952741427455971,-1.5463570216516964,0.5936155941957254,0.337857506022927,0.5225435642180056,-0.1846860581950786,2.6235006661951616,1.9876926024273507,0.635808063767811
S43A12T03,filtered,156,5.2,False,False,0.3578890021026558,0.27627657093648494,-0.957610498407627,-1.546120410873063,0.588509912465436,0.33517543443775677,0.5214392927480084,-0.1862638583102516,2.619328428230916,1.975828086544394,0.6435003416865219
S43A12T03,filtered,157,5.233333333333333,False,False,0.39041228112918297,0.29891451368430055,-0.9628084393249752,-1.544897023942089,0.5820885846171138,0.33191503045803894,0.518982986312535,-0.1870679558544961,2.615630809563149,1.9659230498846538,0.649707759678495
S43A12T03,filtered,158,5.266666666666667,False,False,0.41986587740938064,0.3188631966596309,-0.9682194974204592,-1.542929410956488,0.5747099135360287,0.3281724171371098,0.5158160035953095,-0.18764358645819973,2.6125282993995507,1.9588458375466378,0.6536824618529129
S43A12T03,filtered,159,5.3,False,False,0.44479431222469273,0.33512351299406284,-0.9737419504435186,-1.5405417922198898,0.5667998417763712,0.32405934688986093,0.5126346710336489,-0.18857532414378797,2.610100405370669,1.9553360685323404,0.6547643368383287
S43A12T03,filtered,160,5.333333333333333,False,False,0.4639037574117936,0.346854129144216,-0.9792921412701847,-1.5381043620921995,0.5588122208220148,0.3196988258917787,0.510136451286155,-0.1904376253943763,2.6083791031510573,1.955941730685125,0.6524373724659323
S43A12T03,filtered,161,5.366666666666666,False,False,0.47617572955624604,0.3534523799281075,-0.9848071664229637,-1.53599405108903,0.5511868846660662,0.31522032493805735,0.5089672875713065,-0.19374696263324914,2.6073469069916437,1.960973369553928,0.6463735374377158
S43A12T03,filtered,162,5.4,True,False,0.48095880033803495,0.35461572472389724,-0.9902464635331395,-1.5345563730637621,0.5443099095306226,0.31075479214511204,0.5096747368395906,-0.1989199446944786,2.6069395484428717,1.9704795116441793,0.6364600367986923
S43A12T03,filtered,163,5.433333333333334,False,False,0.4780292048772707,0.3503773018763374,-0.9955925182103212,-1.5340724696241859,0.5384799514138646,0.30642971378143147,0.5126707933710598,-0.20624107958962834,2.6070527990755052,1.9842452546092777,0.6228075444662275
S43A12T03,filtered,164,5.466666666666667,False,False,0.46761477376262583,0.341111881664387,-1.0008508262010718,-1.5347344822160738,0.533883656015002,0.30236447307849595,0.518207218532061,-0.21584274545356502,2.607552592222529,2.001813619560384,0.6057389726621447
S43A12T03,filtered,165,5.5,False,False,0.45038075696712687,0.32751163915663173,-1.0060491291382527,-1.5366311018881165,0.5305819727498637,0.29866622892841455,0.5263648718144237,-0.22769864288600916,2.6082873228807877,2.022527047407698,0.5857602754730897
S43A12T03,filtered,166,5.533333333333333,False,False,0.4273803792567433,0.31053428505091873,-1.0112358261698449,-1.539743770086138,0.5285079439162932,0.2954264791295528,0.5370571436158973,-0.24163066448634452,2.6091010554763474,2.0455845610027774,0.56351649447357
S43A12T03,filtered,167,5.566666666666666,False,False,0.39997685965763596,0.29132885213261384,-1.016477385213842,-1.543952735797244,0.527475350583402,0.29271839525001,0.5500462791181755,-0.2573278838681655,2.6098463536240986,2.0701087886871594,0.5397375649369391
S43A12T03,filtered,168,5.6,False,False,0.3697465921418576,0.27114653506709163,-1.0218545660533926,-1.5490511885440403,0.5271966224906477,0.29059493251799046,0.5649702881729178,-0.2743753556549274,2.6103955575348796,2.0952163682196887,0.5151791893151909
S43A12T03,filtered,169,5.633333333333334,False,False,0.3383745706026689,0.2512452069809834,-1.0274573384743575,-1.5547650953887815,0.527307756914424,0.28908764480557864,0.5813773515453461,-0.29228970673976745,2.6106495535855063,2.120085262279523,0.49056429130598334
S43A12T03,filtered,170,5.666666666666667,False,False,0.3075521012361738,0.23279648716276435,-1.0333785282146826,-1.560776204924326,0.5273976767096433,0.288206086282667,0.5987642056541975,-0.31055811937153055,2.6105433762171573,2.1440131766417165,0.46653019957544073
S43A12T03,filtered,171,5.7,False,False,0.27888238384988784,0.2168035357923539,-1.039706427213359,-1.5667458905049951,0.5270394632916362,0.2879376671293603,0.6166149179359492,-0.32867725080658894,2.610048316761685,2.166462462835205,0.44358585392647987
S43A12T03,filtered,172,5.733333333333333,False,False,0.25379136202702934,0.2040362470368915,-1.0465168221387648,-1.5723379699551039,0.525821147816339,0.28824785366925504,0.6344367197409003,-0.3461888660716453,2.609170546498935,2.187088433171362,0.42208211332757317
S43A12T03,filtered,173,5.766666666666667,False,False,0.23343254141031483,0.19498843349343242,-1.0538650795783258,-1.5772392066014298,0.523374127023104,0.28908065987225756,0.6517900871028643,-0.3627094272306068,2.6079465557936907,2.205749712891457,0.4021968429022338
S43A12T03,filtered,174,5.8,False,False,0.2185759747442473,0.18985922329965899,-1.061779035890723,-1.5811767197192073,0.5193976838284842,0.2903594583808533,0.6683109842586263,-0.37795152587777303,2.606435942122632,2.222500904236936,0.38393503788569605
S43A12T03,filtered,175,5.833333333333333,False,False,0.20949733929417064,0.1885585111897623,-1.0702534480306052,-1.5839319062451014,0.5136784582144962,0.2919882314891011,0.6837240388647848,-0.39173580737568375,2.6047122372950833,2.237569282552138,0.36714295474294545
S43A12T03,filtered,176,5.866666666666666,False,False,0.20592397311360144,0.19073416785337405,-1.0792466625123014,-1.585350656943905,0.5061039944316037,0.29385346849308935,0.6978463292481047,-0.4039928607550154,2.6028525536030274,2.2513183859292303,0.3515341676737971
S43A12T03,filtered,177,5.9,False,False,0.20709875137669362,0.19581700918060618,-1.08867996684091,-1.5853496588696512,0.4966696920287412,0.2958269757847879,0.7105823610193602,-0.41475538523457234,2.6009268653917106,2.2642021579289384,0.33672470746277217
S43A12T03,filtered,178,5.933333333333334,False,False,0.21195570913689224,0.20307837501916515,-1.0984398299349762,-1.583918478784548,0.4854786488495717,0.29776988069326354,0.7219116233489963,-0.42414174265573273,2.5989877438227684,2.276713763313063,0.32227398050970546
S43A12T03,filtered,179,5.966666666666667,False,False,0.2193275732726663,0.21169460777065208,-1.1083829519834578,-1.5811170096203018,0.47273405763684395,0.2995380646098958,0.7318707800333095,-0.4323327154234137,2.597061339817011,2.289333349441628,0.3077279903753829
S43A12T03,filtered,180,6.0,False,False,0.22810714075267802,0.22081273147056568,-1.1183437675484547,-1.5770678246645677,0.4587240571161131,0.3009891489429095,0.7405330131499979,-0.43954386420708835,2.595140364736185,2.302478907013803,0.29266145772238206
S43A12T03,filtered,181,6.033333333333333,False,False,0.23734021555098186,0.22961213917919676,-1.1281438117815552,-1.571943094097707,0.44379928231615184,0.3019909830628315,0.7479872575442625,-0.44599627448143103,2.5931797420858937,2.316464025343654,0.2767157167422396
S43A12T03,filtered,182,6.066666666666666,False,False,0.24626838092437026,0.2373579937055157,-1.1376021934347171,-1.565946017411278,0.4283438239765609,0.30243136136094845,0.7543200186902326,-0.4518886573292841,2.5910954827519928,2.3314657659728315,0.25962971677916125
S43A12T03,filtered,183,6.1,False,False,0.25434503782207124,0.24344320674889408,-1.1465463349617138,-1.559287218104308,0.4127408831425943,0.30222845053268416,0.7596021480132967,-0.4573736974806126,2.5887671580533116,2.3475051185500284,0.24126203950328318
S43A12T03,filtered,184,6.133333333333334,False,False,0.26123710428537106,0.24741714927091163,-1.1548221441394155,-1.5521572011135165,0.397335056974101,0.3013411681933526,0.7638823705582991,-0.4625412023649465,2.5860441028949244,2.3644415823679736,0.22160252052695073
S43A12T03,filtered,185,6.166666666666667,False,False,0.26681462699040814,0.2490005297394633,-1.1623028685030976,-1.544696720937997,0.3823938524348993,0.2997785529685796,0.7671885531553477,-0.46741000018676815,2.582755180305736,2.3819823730126384,0.20077280729309743
S43A12T03,filtered,186,6.2,False,False,0.27112594370717563,0.24808704046136865,-1.1688960406935993,-1.5369676528334208,0.36807161213982154,0.2976070367171842,0.7695367249117947,-0.4719296881946105,2.578721596668895,2.399705638041744,0.17901595862715114
S43A12T03,filtered,187,6.233333333333333,True,False,0.27435586077183965,0.24473332501366984,-1.1745481305486083,-1.528927585056887,0.3543794545082788,0.2949544994926636,0.7709468013396735,-0.4759923018470099,2.5737719050034884,2.417095947158902,0.1566759578445862
S43A12T03,filtered,188,6.266666666666667,False,False,0.27676699506882446,0.2391395049859526,-1.1792467551411554,-1.5204117348119954,0.34116497967084003,0.2920100768888815,0.771462930320616,-0.4794528534317345,2.567758012875138,2.433589284710412,0.1341687281647257
S43A12T03,filtered,189,6.3,False,False,0.2786290258693662,0.23162290168863664,-1.183020535510844,-1.5111258210331906,0.3281052855223465,0.28901890569607863,0.7711755021485429,-0.4821565964524643,2.5605707679931227,2.4486239076693876,0.11194686032373502
S43A12T03,filtered,190,6.333333333333333,False,False,0.28014600241075416,0.2225877113305832,-1.1859369032494689,-1.5006531158501466,0.3147162126006777,0.28627133190763765,0.7702412791892586,-0.4839699472816209,2.5521535723906066,2.4616928305822583,0.09046074180834829
S43A12T03,filtered,191,6.366666666666666,False,False,0.28139597118283155,0.21249327822979325,-1.1880983285849205,-1.4884779979831237,0.30037966939820326,0.28408654573855574,0.7688979166826322,-0.48481137094407645,2.5425125098338164,2.4723934352462065,0.07011907458760991
S43A12T03,filtered,192,6.4,False,False,0.28229732815067565,0.20182331127734177,-1.189637545755597,-1.4740269557620114,0.2843894100064144,0.2827911197490015,0.7674694381594875,-0.48467831841048603,2.5317216789403685,2.4804698247983743,0.05125185414199418
S43A12T03,filtered,193,6.433333333333334,True,False,0.28261101119900917,0.19105795924339186,-1.1907123786628846,-1.4567262094577025,0.2660138307948179,0.28269346750251567,0.7663600135619753,-0.4836665460594596,2.5199228033000582,2.4858440604687218,0.034078742831336495
S43A12T03,filtered,194,6.466666666666667,False,False,0.28197851695981746,0.1806501531272413,-1.1915007143323606,-1.4360730821241026,0.24457236779174196,0.2840557651450021,0.7660346178476349,-0.48197885270263285,2.5073187132128076,2.488633304595039,0.018685408617768573
S43A12T03,filtered,195,6.5,False,False,0.27998688893530427,0.17100708597236225,-1.1921960361712243,-1.4117161439986181,0.21952010782739384,0.2870653385975666,0.7669867123247682,-0.4799213737272016,2.494160912933533,2.489151075612349,0.005009837321184207
S43A12T03,filtered,196,6.533333333333333,False,False,0.27624708190604935,0.1624771742785025,-1.1930037257781247,-1.383537231004135,0.1905335052260102,0.2918078667654684,0.7696948266765691,-0.4778869599111007,2.480732096574875,2.4878921948868733,-0.007160098311998375
S43A12T03,filtered,197,6.566666666666666,False,False,0.2704724199217051,0.15534236688086933,-1.194138094485208,-1.3517269587969887,0.15758886431178065,0.2982449403451134,0.7745716251920396,-0.4763266848469262,2.4673250790990657,2.485502441757207,-0.018177362658141405
S43A12T03,filtered,198,6.6,False,False,0.26254743878726605,0.14981526756679275,-1.1958198477938646,-1.316844579144405,0.12102473135054037,0.30619850497673806,0.7819104969607094,-0.4757119919839713,2.454220089222281,2.482735291130612,-0.02851520190833101
S43A12T03,filtered,199,6.633333333333334,False,False,0.25258157656992103,0.14604024019843131,-1.1982734591707542,-1.279853172666936,0.08157971349618176,0.3153444739489727,0.7918357039224072,-0.4764912299734345,2.441662660404453,2.48039925228447,-0.0387365918800171
S43A12T03,filtered,200,6.666666666666667,True,False,0.24094488892225444,0.1440974843497922,-1.2017237787177326,-1.2421223799727772,0.040398601255044575,0.3252173017256079,0.804262473304387,-0.4790451715787791,2.429844404605454,2.4793001454815338,-0.049455740876079624
S43A12T03,filtered,201,6.7,False,False,0.22828287321368465,0.14400901000820587,-1.2063911668259888,-1.2053931682064496,-0.0009979986195391977,0.3352265693063706,0.8188730131255704,-0.48364644381919975,2.4188887383229902,2.4801830676478986,-0.061294329324908414
S43A12T03,filtered,202,6.733333333333333,False,False,0.21550340813889562,0.14574549577202034,-1.2124845500350165,-1.1717024018146298,-0.04078214822038673,0.34468567716790066,0.8351132254872908,-0.49042754831939017,2.408843161805373,2.4836787753613923,-0.07483561355601909
S43A12T03,filtered,203,6.766666666666667,False,False,0.20372027615316735,0.14923317041737838,-1.220192052588649,-1.1432689807854364,-0.07692307180321256,0.35285163261259533,0.8522129554146174,-0.49936132280202206,2.399679015168893,2.49025876199802,-0.09057974682912695
S43A12T03,filtered,204,6.8,True,False,0.19412908675781265,0.1543600888864074,-1.2296692443379535,-1.122347642111556,-0.10732160222639764,0.3589737465200275,0.8692301101652413,-0.5102563636452138,2.391298825037111,2.5002024760614407,-0.10890365102432975
S43A12T03,filtered,205,6.833333333333333,True,False,0.18779960339822008,0.16098145132421604,-1.2410255203691445,-1.1110607103551873,-0.1299648100139572,0.36234793542943994,0.8851161796445046,-0.5227682442150647,2.3835505090644484,2.5135790058754033,-0.13002849681095485
S43A12T03,filtered,206,6.866666666666666,True,False,0.18541873626290042,0.16892390559764459,-1.2543096262099782,-1.111221607522903,-0.1430880186870751,0.36237239069936855,0.8987979237433076,-0.536425533043939,2.376246928069414,2.530244259016892,-0.15399733094747825
S43A12T03,filtered,207,6.9,True,False,0.18709778038372815,0.1779890469511729,-1.2694957882226579,-1.124166288700596,-0.14532949952206176,0.35859976282778344,0.9092676466646076,-0.5506678838368242,2.3691886644676305,2.549853331017407,-0.18066466654977642
S43A12T03,filtered,208,6.933333333333334,False,True,0.19237090791870837,0.18795655099151798,-1.286472222298903,-1.150609544358503,-0.13586267794039997,0.3507808376208453,0.9156729158488885,-0.5648920782280433,2.3621875386959705,2.5718865288295567,-0.20969899013358617
S43A12T03,filtered,209,6.966666666666667,False,True,0.2003924428287153,0.19858751787675555,-1.3050339031058393,-1.1905420407653193,-0.11449186234052,0.3388950387820627,0.9173960888348217,-0.578501050052759,2.3550882987256503,2.5956865127811257,-0.24059821405547543
S43A12T03,filtered,210,7.0,False,True,0.21020364271826938,0.20962864067643028,-1.3248813273530367,-1.2431809975527166,-0.08170032980032005,0.32316400972687004,0.9141147307962774,-0.5909507210694074,2.3477861414120866,2.6205033260056263,-0.27271718459353966
S43A12T03,filtered,211,7.033333333333333,False,True,0.22093464222749853,0.22081772284974188,-1.345626574634765,-1.3069827039963533,-0.03864387063841179,0.3040459644616029,0.9058359056205785,-0.6017899411589755,2.340238221586576,2.645543717255907,-0.3053054956693311
S43A12T03,filtered,212,7.066666666666666,False,True,0.2318972036596908,0.23189085809638632,-1.366807276494685,-1.379719076725748,0.012911800231062864,0.2822103318003992,0.8929001872933553,-0.6106898554929561,2.332468016159698,2.670021106418794,-0.33755309025909597
S43A12T03,filtered,213,7.1,False,True,0.24259376715305317,0.24259127221149757,-1.3879082154882367,-1.4586138086320157,0.070705593143779,0.25849425315152696,0.8759546948125049,-0.6174604416609779,2.324562250462483,2.693202738182614,-0.368640487720131
S43A12T03,filtered,214,7.133333333333334,True,False,0.25268458433295743,0.25267945750058085,-1.4083893064429227,-1.5405271628604864,0.1321378564175637,0.23384448050037054,0.8558980340782665,-0.6220535535778959,2.3166609587879923,2.7144509616527013,-0.397790002864709
S43A12T03,filtered,215,7.166666666666667,False,True,0.2619439917738722,0.2619438723047318,-1.4277178119133642,-1.6221729998126335,0.1944551878992693,0.20924988517220763,0.8338032402997955,-0.6245533551275878,2.3089420298947294,2.733256120619572,-0.4243140907248426
S43A12T03,filtered,216,7.2,False,True,0.27022270301686224,0.2702112049804608,-1.445401970154892,-1.7003479814335027,0.25494601127861083,0.18567088065038884,0.8108272138555496,-0.6251563332051607,2.301602178905822,2.7492592156030735,-0.44765703669725143
S43A12T03,filtered,217,7.233333333333333,False,True,0.2774227217911021,0.27735507586139474,-1.4610228940487628,-1.7721516275923732,0.31112873354361037,0.16397241038796953,0.7881164176730633,-0.6241440072850938,2.2948366137577887,2.762263283502878,-0.4674266697450893
S43A12T03,filtered,218,7.266666666666667,False,True,0.2834851212083651,0.28330210625034313,-1.4742616967242537,-1.8351771850331602,0.3609154883089065,0.14486669684282008,0.7667186217836879,-0.6218519249408678,2.2888196927483992,2.7722332987373854,-0.4834136059889862
S43A12T03,filtered,219,7.3,False,True,0.2883873963130197,0.2880345163463023,-1.4849192971540817,-1.8876568737930763,0.4027375766389947,0.12887076498494673,0.7475093044330676,-0.6186385394481209,2.283688613163164,2.779285272353418,-0.49559665919025386
S43A12T03,filtered,220,7.333333333333333,False,True,0.2921456629132433,0.2915887848231766,-1.4929271671035342,-1.9285504067320474,0.4356232396285131,0.11628202914987877,0.731139183692818,-0.6148571545429393,2.2795316851434153,2.783666034180156,-0.5041343490367405
S43A12T03,filtered,221,7.366666666666666,False,True,0.29481713600141024,0.29405034891821535,-1.4983482640022003,-1.9575719289331555,0.4592236649309551,0.1071732218650931,0.7180066069296055,-0.6108333850645125,2.27638211352618,2.785725844924628,-0.5093437313984479
S43A12T03,filtered,222,7.4,False,True,0.2964995377187671,0.2955447750766551,-1.5013684044411955,-1.975156842680624,0.4737884382394286,0.10140591923843839,0.7082555601753535,-0.6068496409369151,2.2742175272184744,2.7858864315627843,-0.5116689043443099
S43A12T03,filtered,223,7.433333333333334,False,True,0.297325783289961,0.29622622211844374,-1.5022792375831793,-1.9823756129408898,0.48009637535771055,0.09866012366191526,0.701797250394581,-0.6031371267326657,2.2729648492598615,2.7846072295448616,-0.5116423802850001
S43A12T03,filtered,224,7.466666666666667,False,True,0.29745396891803727,0.2962643023324798,-1.5014546782067342,-1.980806018399163,0.47935134019242875,0.09847598684495738,0.6983508726995582,-0.5998748858546008,2.272509563096996,2.782352541648254,-0.5098429785512582
S43A12T03,filtered,225,7.5,False,True,0.2970539864373475,0.295830591301679,-1.4993230987378756,-1.9723780865867888,0.4730549878489132,0.10030290746297135,0.6974975225399656,-0.5971946150769942,2.272708051058231,2.7795620101820817,-0.5068539591238506
S43A12T03,filtered,226,7.533333333333333,False,True,0.29629283684521524,0.29508603552142065,-1.4963377435829384,-1.9592070252856355,0.46286928170269714,0.10355095570813234,0.6987403677583839,-0.5951894120502516,2.273401484128296,2.776626296703885,-0.5032248125755889
S43A12T03,filtered,227,7.566666666666666,False,True,0.29532088123940886,0.29417036748470093,-1.4929477383249834,-1.9434289397297757,0.4504812014047923,0.10763983154994043,0.7015641736041558,-0.5939243420542154,2.274429728858852,2.7738692380423133,-0.49943950918346136
S43A12T03,filtered,228,7.6,False,True,0.29426094185961066,0.29319438531951425,-1.4895717681882488,-1.9270522692293441,0.43748050104109537,0.11204127001809264,0.7054880016485614,-0.5934467316304688,2.2756438885091597,2.7715370724896724,-0.49589318398051274
S43A12T03,filtered,229,7.633333333333334,False,True,0.29320151462068705,0.2922356231174392,-1.4865760573244744,-1.9118350536048463,0.4252589962803719,0.1163118435168925,0.7101062355781066,-0.5937943920612141,2.276916377054555,2.7697946761880274,-0.49287829913347236
S43A12T03,filtered,230,7.666666666666667,False,True,0.2921945780478647,0.2913375691569029,-1.4842577603142721,-1.8991947599620562,0.4149369996477841,0.12011433706703502,0.7151148282764009,-0.5950004912093659,2.278147792769005,2.7687281774074695,-0.49058038463846465
S43A12T03,filtered,231,7.7,False,True,0.2912577644069107,0.2905122235463866,-1.482834342634563,-1.8901538669573297,0.40731952432276675,0.12322714427905992,0.7203215953745643,-0.5970944510955044,2.279270265039752,2.7683528704471483,-0.48908260540739645
S43A12T03,filtered,232,7.733333333333333,False,True,0.29038011692726534,0.289745462414013,-1.4824390291525003,-1.8853210701398884,0.4028820409873881,0.12554231903436788,0.7256412787193892,-0.6000989596850214,2.280247347550729,2.7686250576937264,-0.48837771014299713
S43A12T03,filtered,233,7.766666666666667,False,True,0.28953033115730614,0.2890044241172809,-1.483121975004024,-1.8849051127965493,0.40178313779252517,0.12705391311532874,0.7310777666943333,-0.6040238535790046,2.281070882241601,2.7694563155328256,-0.48838543329122475
S43A12T03,filtered,234,7.8,False,True,0.2886662434834203,0.2882459764986054,-1.484856481041781,-1.888756042911818,0.40389956187003695,0.12783895715237997,0.7366971222156189,-0.608858165063239,2.281755529682175,2.770728697804462,-0.48897316812228686
S43A12T03,filtered,235,7.833333333333333,False,True,0.2877443362711941,0.2874252748755044,-1.4875493409497806,-1.8964272342298298,0.4088778932800492,0.128033859439811,0.7425958198243316,-0.6145619603845207,2.2823318319107404,2.7723095360563406,-0.48997770414560016
S43A12T03,filtered,236,7.866666666666666,False,True,0.28672813966908567,0.28650347893413475,-1.4910542622457341,-1.9072507885786965,0.41619652633296234,0.12780909699343124,0.7488687768835172,-0.6210596798900859,2.2828387346072065,2.7740647363840827,-0.49122600177687614
S43A12T03,filtered,237,7.9,False,True,0.28559461246485446,0.28545385270274526,-1.4951872352178661,-1.9204188911539308,0.4252316559360647,0.12734487959832086,0.7555813903876432,-0.6282365107893223,2.2833164498651755,2.7758697710854743,-0.4925533212202988
S43A12T03,filtered,238,7.933333333333334,False,True,0.2843378785227745,0.28426570506761606,-1.4997427173488582,-1.9350642096108186,0.4353214922619604,0.12681003038987546,0.7627489321269849,-0.6359389017371094,2.2838004027837018,2.7776178828496185,-0.49381748006591675
S43A12T03,filtered,239,7.966666666666667,False,True,0.28297007009034714,0.2829459104940688,-1.5045095438838731,-1.9503333798777052,0.445823835993832,0.12634571451965854,0.7703254372956347,-0.6439797227759763,2.2843167975059924,2.7792253271422975,-0.49490852963630516
S43A12T03,filtered,240,8.0,True,False,0.2815194451724478,0.28151804693158056,-1.5092855615802565,-1.9654488739417029,0.45616331236144636,0.12605494039019294,0.7782028128113546,-0.6521478724211617,2.2848800902900925,2.7806337493728317,-0.49575365908273916
