trial,mode,frame0,nominal_time_s,raw_review_flag,raw_repeated_previous,foot_separation_camera_xz_m,foot_separation_camera_x_m,com_camera_x_m,foot_midpoint_camera_x_m,com_relative_to_foot_midpoint_camera_x_m,com_camera_y_m,foot_midpoint_camera_y_m,com_relative_to_foot_midpoint_camera_y_m,com_camera_z_m,foot_midpoint_camera_z_m,com_relative_to_foot_midpoint_camera_z_m
S43A10T04,raw,0,0.0,False,False,0.2924263204523574,0.2019223632812499,-1.2706631892689955,-1.2524703369140626,-0.018192852354932842,-0.18240173678004856,0.7684108581542969,-0.9508125949343454,2.3127256680485044,2.2879975585937498,0.024728109454754676
S43A10T04,raw,1,0.03333333333333333,False,False,0.2828191740135014,0.1893861083984376,-1.2742460715879669,-1.2541166381835938,-0.02012943340437312,-0.18239520393298442,0.7708800659179688,-0.9532752698509532,2.311320393143265,2.2904205322265625,0.020899860916702373
S43A10T04,raw,2,0.06666666666666667,False,False,0.28315930978317816,0.18970446777343764,-1.2742835023673729,-1.2546289672851563,-0.019654535082216595,-0.18234127625319738,0.7708201904296875,-0.9531614666828849,2.3114423212127315,2.2906746826171878,0.020767638595543758
S43A10T04,raw,3,0.1,False,False,0.2793136514652551,0.19214355468749988,-1.2763708901876054,-1.2500246582031251,-0.026346231984480273,-0.18276080676676604,0.7732442321777344,-0.9560050389445005,2.3120058457543906,2.2892557373046873,0.022750108449703266
S43A10T04,raw,4,0.13333333333333333,False,False,0.2793057689104301,0.19219287109375016,-1.2763720353232149,-1.25000390625,-0.026368129073214952,-0.1827678908510359,0.7732327575683593,-0.9560006484193952,2.3120260404766304,2.2892830810546876,0.02274295942194282
S43A10T04,raw,5,0.16666666666666666,False,False,0.2736673839914153,0.17350964355468745,-1.276238131943031,-1.2592973022460938,-0.01694082969693711,-0.1815322365733902,0.7749620666503907,-0.9564943032237809,2.3082797863381708,2.3016777343749997,0.006602051963171096
S43A10T04,raw,6,0.2,False,False,0.27365788431031907,0.1735032958984375,-1.276306176178868,-1.2594807739257812,-0.01682540225308693,-0.18153219829779224,0.7748626098632813,-0.9563948081610735,2.3082073324491534,2.3015545654296874,0.006652767019466044
S43A10T04,raw,7,0.23333333333333334,False,False,0.26362709891915803,0.17232690429687492,-1.2770255513457476,-1.25646923828125,-0.020556313064497678,-0.18192740706538432,0.7746735534667969,-0.9566009605321812,2.3095235897588293,2.2984251708984376,0.011098418860391757
S43A10T04,raw,8,0.26666666666666666,False,False,0.26941391922132635,0.1759072265624999,-1.2772979661692587,-1.2547662353515625,-0.022531730817696216,-0.18249887943069734,0.7716208801269531,-0.9541197595576504,2.305830718966931,2.2981201171874996,0.007710601779431503
S43A10T04,raw,9,0.3,False,False,0.2703640574968445,0.17910363769531257,-1.2768041628627684,-1.2695215454101563,-0.007282617452612161,-0.1823406966493073,0.7594884643554687,-0.941829161004776,2.3050488118017074,2.2889395751953128,0.016109236606394628
S43A10T04,raw,10,0.3333333333333333,False,False,0.2762012570863112,0.18248303222656248,-1.2768996299288375,-1.2696515502929686,-0.0072480796358689314,-0.18303625187345499,0.7584937133789063,-0.9415299652523612,2.3061191167943407,2.287871704101563,0.018247412692777853
S43A10T04,raw,11,0.36666666666666664,False,False,0.2848217758794881,0.18439721679687504,-1.2767036975380643,-1.270370361328125,-0.006333336209939366,-0.18295430287710093,0.7631182861328125,-0.9460725890099134,2.308444319322367,2.2886424560546876,0.0198018632676793
S43A10T04,raw,12,0.4,False,False,0.2797934034528085,0.18323657226562506,-1.275860730082178,-1.27129150390625,-0.004569226175928032,-0.1808905888483909,0.7635807189941406,-0.9444713078425315,2.3068047813580774,2.288829345703125,0.01797543565495241
S43A10T04,raw,13,0.43333333333333335,False,False,0.27996820090438895,0.18320446777343746,-1.2758079073657806,-1.2715225219726562,-0.004285385393124397,-0.18100244028012238,0.7638129882812501,-0.9448154285613725,2.306916398833477,2.2887105712890623,0.0182058275444148
S43A10T04,raw,14,0.4666666666666667,False,False,0.27986785422795385,0.18320288085937508,-1.2758198971369865,-1.27151220703125,-0.004307690105736617,-0.18101190815785415,0.7638301086425782,-0.9448420168004323,2.3068968455018206,2.288622192382813,0.018274653119007667
S43A10T04,raw,15,0.5,False,False,0.2798573894447601,0.18320324707031266,-1.2758208611822561,-1.2715112915039062,-0.004309569678349945,-0.1810125246537183,0.7638302307128906,-0.9448427553666089,2.3068965292513726,2.2886148681640623,0.01828166108731022
S43A10T04,raw,16,0.5333333333333333,False,False,0.2798175357082586,0.18319677734374995,-1.2758203324086412,-1.27150341796875,-0.0043169144398911286,-0.18101630336973812,0.7638304748535156,-0.9448467782232537,2.306894068362242,2.2885869140625,0.018307154299741946
S43A10T04,raw,17,0.5666666666666667,False,False,0.27755011404974456,0.1869539794921875,-1.2792870751467018,-1.2796815795898437,0.0003945044431419298,-0.18542712540488124,0.7595189819335937,-0.944946107338475,2.305939086654364,2.2885971679687502,0.017341918685613855
S43A10T04,raw,18,0.6,False,False,0.2848114922882423,0.18896179199218754,-1.2782516627246074,-1.2740590209960936,-0.004192641728513857,-0.18290041874809582,0.7667796936035156,-0.9496801123516114,2.30468903762155,2.2919079589843747,0.01278107863717537
S43A10T04,raw,19,0.6333333333333333,False,False,0.27811774502603526,0.18461840820312503,-1.2783555299593488,-1.2750194091796876,-0.003336120779661167,-0.18308184362851526,0.7695915222167968,-0.9526733658453121,2.3069403462340574,2.2898299560546875,0.017110390179369883
S43A10T04,raw,20,0.6666666666666666,False,False,0.27813204323018326,0.18464489746093737,-1.2783517042414985,-1.2750261840820314,-0.003325520159467077,-0.18308626073088227,0.7695787048339844,-0.9526649655648667,2.3069510046600312,2.2898536376953125,0.017097366964718752
S43A10T04,raw,21,0.7,False,False,0.2788631776628541,0.18731665039062495,-1.2787916022906343,-1.2754881591796876,-0.0033034431109466578,-0.18272397162987064,0.7670421447753906,-0.9497661164052612,2.305557416024972,2.288841064453125,0.01671635157184692
S43A10T04,raw,22,0.7333333333333333,False,False,0.27755601190946316,0.18571813964843753,-1.2805968309515838,-1.268234069824219,-0.012362761127364896,-0.18152881069924987,0.7673734436035157,-0.9489022543027655,2.306006863228232,2.2915498046875,0.014457058540731982
S43A10T04,raw,23,0.7666666666666667,False,False,0.2807010225410248,0.18773010253906253,-1.279861427398819,-1.2695446166992186,-0.010316810699600332,-0.1825356811392326,0.76517333984375,-0.9477090209829826,2.305173223717015,2.28726513671875,0.01790808699826485
S43A10T04,raw,24,0.8,False,False,0.2818818870797625,0.1908187255859375,-1.2797060023369717,-1.2651177368164062,-0.01458826552056558,-0.1816675198696504,0.7638174743652344,-0.9454849942348849,2.3037507153100663,2.2880057373046876,0.015744978005378663
S43A10T04,raw,25,0.8333333333333334,False,False,0.2748779506425508,0.18573645019531249,-1.2807117192291224,-1.2661801147460938,-0.014531604483028593,-0.18133608543686844,0.7745703430175781,-0.9559064284544465,2.304930594989006,2.293443115234375,0.01148747975463138
S43A10T04,raw,26,0.8666666666666667,False,False,0.26394196280038673,0.1814210205078124,-1.2834364436587093,-1.2643678588867187,-0.019068584771990693,-0.17941105305649635,0.7806642761230469,-0.9600753291795432,2.3035880846465795,2.2962216796875,0.0073664049590793645
S43A10T04,raw,27,0.9,False,False,0.2640987902323849,0.18141357421874993,-1.2833968015578832,-1.264341552734375,-0.019055248823508064,-0.1794232891949791,0.7806355285644532,-0.9600588177594322,2.3036188498438817,2.2962779541015625,0.007340895742319109
S43A10T04,raw,28,0.9333333333333333,False,False,0.26411296139977125,0.18141638183593756,-1.2833951177502152,-1.2643381958007813,-0.01905692194943387,-0.17942559136716688,0.7806305236816407,-0.9600561150488075,2.303621566657482,2.296298095703125,0.007323470954356814
S43A10T04,raw,29,0.9666666666666667,False,False,0.2654644136585464,0.18024731445312492,-1.2835630315984847,-1.263435302734375,-0.02012772886410974,-0.17960857280109255,0.7800097045898438,-0.9596182773909363,2.303675655853496,2.2966165771484377,0.007059078705058397
S43A10T04,raw,30,1.0,False,False,0.27103411231700664,0.18354760742187493,-1.2831183336732452,-1.2694085693359376,-0.01370976433730764,-0.17833768909916317,0.7818924255371094,-0.9602301146362725,2.3015410286422977,2.2983409423828127,0.00320008625948498
S43A10T04,raw,31,1.0333333333333334,False,False,0.26534482408972615,0.17920190429687488,-1.2829693369805097,-1.2706108398437501,-0.012358497136759627,-0.17972728722714956,0.7846378173828126,-0.9643651046099622,2.303259298417127,2.299105224609375,0.004154073807752123
S43A10T04,raw,32,1.0666666666666667,False,False,0.2653766574889838,0.179211181640625,-1.2829680634800587,-1.2706243896484377,-0.012343673831620938,-0.17971739916510146,0.7846102294921875,-0.9643276286572889,2.303222395334118,2.299068603515625,0.004153791818493069
S43A10T04,raw,33,1.1,False,True,0.2653766574889838,0.179211181640625,-1.2829680634800587,-1.2706243896484377,-0.012343673831620938,-0.17971739916510146,0.7846102294921875,-0.9643276286572889,2.303222395334118,2.299068603515625,0.004153791818493069
S43A10T04,raw,34,1.1333333333333333,False,False,0.26665141849092666,0.17423388671874984,-1.282938379225222,-1.2667275390625,-0.016210840162722118,-0.17913325714574388,0.7812622680664063,-0.9603955252121502,2.2997752396650992,2.3027198486328126,-0.0029446089677134246
S43A10T04,raw,35,1.1666666666666667,False,False,0.26675357816809747,0.1741998291015625,-1.2829970325411908,-1.2666268920898438,-0.016370140451346993,-0.17913318674580364,0.7812466735839844,-0.960379860329788,2.2997509565496004,2.3028071289062497,-0.003056172356649345
S43A10T04,raw,36,1.2,False,False,0.26674618786103477,0.17428869628906263,-1.2829967756649348,-1.2666028442382813,-0.016393931426653463,-0.17913766928464425,0.7812730102539063,-0.9604106795385505,2.299738145264409,2.3027800292968754,-0.003041884032466413
S43A10T04,raw,37,1.2333333333333334,False,True,0.26674618786103477,0.17428869628906263,-1.2829967756649348,-1.2666028442382813,-0.016393931426653463,-0.17913766928464425,0.7812730102539063,-0.9604106795385505,2.299738145264409,2.3027800292968754,-0.003041884032466413
S43A10T04,raw,38,1.2666666666666666,False,True,0.26674618786103477,0.17428869628906263,-1.2829967756649348,-1.2666028442382813,-0.016393931426653463,-0.17913766928464425,0.7812730102539063,-0.9604106795385505,2.299738145264409,2.3027800292968754,-0.003041884032466413
S43A10T04,raw,39,1.3,False,True,0.26674618786103477,0.17428869628906263,-1.2829967756649348,-1.2666028442382813,-0.016393931426653463,-0.17913766928464425,0.7812730102539063,-0.9604106795385505,2.299738145264409,2.3027800292968754,-0.003041884032466413
S43A10T04,raw,40,1.3333333333333333,False,False,0.26191514097044344,0.17213793945312506,-1.2823754123312654,-1.2643958740234376,-0.017979538307827836,-0.179483815925461,0.7793426818847656,-0.9588264978102267,2.298593978105843,2.300359130859375,-0.0017651527535322842
S43A10T04,raw,41,1.3666666666666667,False,False,0.26192782870760767,0.17214184570312496,-1.2823781649141965,-1.2644028320312501,-0.017975332882946393,-0.17948357140445065,0.7793436279296875,-0.9588271993341382,2.29859465553506,2.3003770751953123,-0.0017824196602522768
S43A10T04,raw,42,1.4,False,False,0.26124944566560643,0.17364843750000003,-1.2819145253889646,-1.2688431396484376,-0.013071385740526908,-0.17892866898587173,0.776200927734375,-0.9551295967202467,2.2978992707774832,2.2996419677734377,-0.001742696995954418
S43A10T04,raw,43,1.4333333333333333,False,False,0.2632379001472643,0.17341479492187495,-1.2820488475893685,-1.2684732666015623,-0.013575580987806202,-0.17862200844188797,0.7767618103027344,-0.9553838187446224,2.2987047693400444,2.2999271240234376,-0.0012223546833931564
S43A10T04,raw,44,1.4666666666666666,False,True,0.2632379001472643,0.17341479492187495,-1.2820488475893685,-1.2684732666015623,-0.013575580987806202,-0.17862200844188797,0.7767618103027344,-0.9553838187446224,2.2987047693400444,2.2999271240234376,-0.0012223546833931564
S43A10T04,raw,45,1.5,False,False,0.26705930490424373,0.17661022949218763,-1.2827138566617453,-1.2643261108398438,-0.018387745821901502,-0.1785795880631874,0.7757025756835938,-0.9542821637467812,2.3007032572306887,2.2952467041015625,0.005456553129126185
S43A10T04,raw,46,1.5333333333333334,False,True,0.26705930490424373,0.17661022949218763,-1.2827138566617453,-1.2643261108398438,-0.018387745821901502,-0.1785795880631874,0.7757025756835938,-0.9542821637467812,2.3007032572306887,2.2952467041015625,0.005456553129126185
S43A10T04,raw,47,1.5666666666666667,False,True,0.26705930490424373,0.17661022949218763,-1.2827138566617453,-1.2643261108398438,-0.018387745821901502,-0.1785795880631874,0.7757025756835938,-0.9542821637467812,2.3007032572306887,2.2952467041015625,0.005456553129126185
S43A10T04,raw,48,1.6,False,True,0.26705930490424373,0.17661022949218763,-1.2827138566617453,-1.2643261108398438,-0.018387745821901502,-0.1785795880631874,0.7757025756835938,-0.9542821637467812,2.3007032572306887,2.2952467041015625,0.005456553129126185
S43A10T04,raw,49,1.6333333333333333,False,False,0.2762220739622795,0.1900562744140626,-1.2825090621968376,-1.2712833862304689,-0.011225675966368698,-0.17922923854797163,0.7718491516113282,-0.9510783901592998,2.301262461287506,2.2944691162109376,0.006793345076568258
S43A10T04,raw,50,1.6666666666666667,False,False,0.2748350264561995,0.19692968749999995,-1.2832543407860955,-1.265327880859375,-0.017926459926720373,-0.18040126144974034,0.7713439331054688,-0.9517451945552091,2.301438856784746,2.2874324951171876,0.01400636166755831
S43A10T04,raw,51,1.7,False,True,0.2748350264561995,0.19692968749999995,-1.2832543407860955,-1.265327880859375,-0.017926459926720373,-0.18040126144974034,0.7713439331054688,-0.9517451945552091,2.301438856784746,2.2874324951171876,0.01400636166755831
S43A10T04,raw,52,1.7333333333333334,False,False,0.2748068514459052,0.19684875488281262,-1.2832556769078276,-1.2652996215820314,-0.01795605532579625,-0.18039504481505453,0.7713310546875001,-0.9517260995025546,2.3014423342728123,2.2874479980468747,0.013994336225937598
S43A10T04,raw,53,1.7666666666666666,False,False,0.28222075028904425,0.1932475585937501,-1.2851172456251485,-1.2632777099609376,-0.02183953566421093,-0.18083603789433722,0.7701223449707031,-0.9509583828650403,2.3006870409683837,2.292371337890625,0.008315703077758752
S43A10T04,raw,54,1.8,False,False,0.27537299990006103,0.18943273925781257,-1.2843285360752776,-1.2631416625976564,-0.02118687347762127,-0.17960834861628272,0.7737569274902344,-0.9533652761065171,2.3010315786641264,2.292742919921875,0.008288658742251265
S43A10T04,raw,55,1.8333333333333333,False,False,0.27534818316228765,0.18944946289062492,-1.284296139139639,-1.2632125244140626,-0.021083614725576405,-0.17959579762314812,0.7737129821777344,-0.9533087798008826,2.3009854564866306,2.2925738525390624,0.008411603947568125
S43A10T04,raw,56,1.8666666666666667,False,False,0.279967673521147,0.18504760742187498,-1.2854667053677218,-1.26582861328125,-0.019638092086471826,-0.1805946634377856,0.7742098693847657,-0.9548045328225513,2.2989010811485353,2.2984822998046877,0.00041878134384765175
S43A10T04,raw,57,1.9,False,False,0.26926244991057835,0.18349304199218763,-1.2837697676529811,-1.2717116088867186,-0.012058158766262483,-0.18047131731036006,0.7777355346679687,-0.9582068519783288,2.3042568635844884,2.2984449462890626,0.00581191729542585
S43A10T04,raw,58,1.9333333333333333,False,False,0.2761792557621731,0.19003833007812498,-1.2852958595432935,-1.275597900390625,-0.009697959152668467,-0.1808262872696107,0.7815548400878907,-0.9623811273575014,2.3064713963085564,2.3013228759765627,0.0051485203319936446
S43A10T04,raw,59,1.9666666666666666,False,False,0.27898351551191647,0.192877685546875,-1.2848139458736374,-1.2748775634765626,-0.009936382397074839,-0.18019477229240013,0.7820370178222656,-0.9622317901146658,2.3057940286104244,2.29831201171875,0.00748201689167427
S43A10T04,raw,60,2.0,False,False,0.2742431978968556,0.18142834472656255,-1.283895151035543,-1.2718290405273436,-0.01206611050819939,-0.18190330488873355,0.7808793029785156,-0.9627826078672491,2.309230245033127,2.30144384765625,0.00778639737687703
S43A10T04,raw,61,2.033333333333333,False,False,0.27830132526157375,0.18896911621093748,-1.2830654556163503,-1.2726303100585938,-0.010435145557756487,-0.18223088332413695,0.7820264892578125,-0.9642573725819494,2.3107835057775072,2.2985621337890625,0.012221371988444751
S43A10T04,raw,62,2.066666666666667,False,False,0.2822099295970849,0.19289050292968746,-1.27941102211006,-1.2772269897460937,-0.0021840323639663595,-0.18347826126791592,0.7773319091796875,-0.9608101704476034,2.314501264792471,2.2937174072265627,0.02078385756590828
S43A10T04,raw,63,2.1,False,False,0.28014533315963175,0.19238452148437513,-1.278875819672463,-1.2736977539062502,-0.005178065766212825,-0.18236535249565056,0.7795869140625,-0.9619522665581506,2.316008466320436,2.293591674804688,0.02241679151574827
S43A10T04,raw,64,2.1333333333333333,False,False,0.28542961797247457,0.19198315429687507,-1.276306700258798,-1.2766514892578127,0.00034478899901468907,-0.18436036115816393,0.7753858337402344,-0.9597461948983983,2.316795837776341,2.295125,0.021670837776341045
S43A10T04,raw,65,2.1666666666666665,False,False,0.2921586598570448,0.2061248779296876,-1.2731635456423522,-1.2804373168945313,0.007273771252179095,-0.18331895503739465,0.7789691772460938,-0.9622881322834884,2.326307932911011,2.284282958984375,0.042024973926635845
S43A10T04,raw,66,2.2,False,False,0.2951876959820262,0.20702124023437496,-1.2707723877616057,-1.2801839599609375,0.009411572199331752,-0.18302212504740467,0.78135400390625,-0.9643761289536547,2.329315654909974,2.291384033203125,0.03793162170684905
S43A10T04,raw,67,2.2333333333333334,False,False,0.29508623022454417,0.21163464355468742,-1.2682636589566991,-1.2840557250976563,0.015792066140957184,-0.18353112261739926,0.7833154296875,-0.9668465523048992,2.3352198192877838,2.2860051269531247,0.04921469233465903
S43A10T04,raw,68,2.2666666666666666,False,False,0.29469096937890615,0.2061571044921875,-1.2685537458318732,-1.2806690063476562,0.012115260515783044,-0.18469310724330582,0.78732470703125,-0.9720178142745558,2.3373262491987097,2.2922379150390624,0.0450883341596473
S43A10T04,raw,69,2.3,False,False,0.29720109539214873,0.20039245605468747,-1.2655219582882458,-1.2787654418945311,0.013243483606285356,-0.18275312228445637,0.7875270996093751,-0.9702802218938315,2.340516236128667,2.296561889648437,0.04395434648022967
S43A10T04,raw,70,2.3333333333333335,False,False,0.30306863526453054,0.20396582031249988,-1.2641471309571706,-1.2821243896484376,0.017977258691266984,-0.18189554790896922,0.7905821838378906,-0.9724777317468598,2.3444723735680215,2.299620971679688,0.0448514018883337
S43A10T04,raw,71,2.3666666666666667,False,False,0.294705545890792,0.19885070800781257,-1.2572400115123157,-1.2824862670898438,0.02524625557752813,-0.17987947182137695,0.7900875549316406,-0.9699670267530176,2.346745575145683,2.2891326904296876,0.05761288471599535
S43A10T04,raw,72,2.4,False,False,0.30069702191434267,0.19947229003906242,-1.2534701575590619,-1.285434997558594,0.031964839999532035,-0.17973651365680102,0.7890838012695313,-0.9688203149263322,2.351399351145388,2.2914158935546878,0.05998345759070034
S43A10T04,raw,73,2.433333333333333,False,False,0.3012228812806951,0.20228491210937505,-1.249826410960796,-1.2907110595703126,0.04088464860951668,-0.17743213897820528,0.7843648376464845,-0.9617969766246898,2.35615400191277,2.2981947021484377,0.05795929976433234
S43A10T04,raw,74,2.466666666666667,False,False,0.3035969573620636,0.20283300781250002,-1.2454193723658011,-1.2938876953125,0.048468322946698894,-0.17968161502058289,0.7796853332519531,-0.959366948272536,2.361962964910197,2.2949228515625,0.067040113347697
S43A10T04,raw,75,2.5,False,False,0.3026963748112544,0.20720593261718756,-1.2413960716135286,-1.2930001831054687,0.05160411149194011,-0.18006334946047495,0.7815519104003906,-0.9616152598608656,2.3680512695236566,2.2966365966796873,0.0714146728439693
S43A10T04,raw,76,2.533333333333333,False,False,0.3026965527851823,0.20720593261718734,-1.2413960409284874,-1.2930000610351562,0.05160402010666876,-0.18006332145062912,0.7815519409179688,-0.9616152623685978,2.3680513586207548,2.2966364746093753,0.07141488401137952
S43A10T04,raw,77,2.566666666666667,False,False,0.3148111095125353,0.22882336425781236,-1.2278799190302137,-1.2773947143554687,0.049514795325255045,-0.17718905944634492,0.7886292419433594,-0.9658183013897043,2.385690413791584,2.300267333984375,0.08542307980720887
S43A10T04,raw,78,2.6,False,False,0.31235617452043446,0.22842602539062495,-1.222457261837395,-1.2772357177734375,0.05477845593604247,-0.17598764890027932,0.7888053894042968,-0.9647930383045761,2.3898996039415654,2.3058110351562497,0.08408856878531568
S43A10T04,raw,79,2.6333333333333333,False,False,0.3039892134462751,0.22453210449218752,-1.212551536451289,-1.2730772094726563,0.06052567302136724,-0.17575100144408468,0.7905784606933595,-0.9663294621374441,2.3961578045927836,2.3063806152343753,0.08977718935840828
S43A10T04,raw,80,2.6666666666666665,False,False,0.3030455794981102,0.21900537109374985,-1.2058041815575382,-1.2722872314453126,0.06648304988777443,-0.1721231892545207,0.7902542114257813,-0.9623774006803021,2.4007848395981,2.30409716796875,0.0966876716293501
S43A10T04,raw,81,2.7,False,False,0.30270515200840503,0.22110351562500008,-1.1997213846318764,-1.2747254638671874,0.07500407923531105,-0.1735576382554552,0.7902551879882813,-0.9638128262437365,2.4090338647849454,2.3019464111328123,0.10708745365213312
S43A10T04,raw,82,2.7333333333333334,False,False,0.3117521362829215,0.21024401855468766,-1.1847672437143861,-1.2976222534179689,0.11285500970358275,-0.1725911305418163,0.7740304870605469,-0.9466216176023632,2.422792020399296,2.2890987548828123,0.13369326551648353
S43A10T04,raw,83,2.7666666666666666,False,False,0.31646737264675007,0.22512170410156251,-1.1757589477187769,-1.2980366821289062,0.12227773441012935,-0.17028804381110577,0.7765852661132813,-0.946873309924387,2.432986462979599,2.2969825439453126,0.13600391903428655
S43A10T04,raw,84,2.8,False,False,0.31674040484939964,0.22700976562499986,-1.1697614812147816,-1.2992984619140624,0.12953698069928077,-0.1701710507407928,0.7789223937988281,-0.9490934445396209,2.4459434465456464,2.2986510009765624,0.14729244556908405
S43A10T04,raw,85,2.8333333333333335,False,False,0.3163815426013385,0.23415771484374992,-1.1549025889796245,-1.2976220703124999,0.14271948133287538,-0.16757579596818725,0.7715880737304688,-0.9391638696986561,2.45957576299128,2.2931834716796873,0.16639229131159272
S43A10T04,raw,86,2.8666666666666667,False,False,0.33302861442160203,0.2425607910156251,-1.1448777766245912,-1.3060860595703125,0.16120828294572132,-0.16465897770025362,0.7586616821289063,-0.9233206598291599,2.4719682602883135,2.2803873291015626,0.1915809311867509
S43A10T04,raw,87,2.9,False,False,0.32555387124146007,0.24009960937500008,-1.1339633241008733,-1.3137196044921875,0.1797562803913142,-0.16019334912750893,0.7654224243164063,-0.9256157734439152,2.4860169342365586,2.2914287109375,0.19458822329905878
S43A10T04,raw,88,2.933333333333333,False,False,0.3289075413304802,0.2414436035156251,-1.125488830035462,-1.3103930664062502,0.18490423637078823,-0.15606132275062148,0.7664874877929688,-0.9225488105435903,2.498605100576903,2.2952005615234374,0.20340453905346578
S43A10T04,raw,89,2.966666666666667,False,False,0.32846329941707997,0.24128051757812496,-1.1086882637900461,-1.3038988037109376,0.19521053992089143,-0.15378913670015182,0.7721134338378906,-0.9259025705380424,2.5140326137799183,2.2995894775390626,0.21444313624085565
S43A10T04,raw,90,3.0,False,False,0.32584154655810993,0.23647644042968752,-1.0901451486112663,-1.3031456909179688,0.2130005423067025,-0.14611554439865052,0.7766818542480469,-0.9227973986466974,2.5389991981996642,2.3018197021484377,0.23717949605122657
S43A10T04,raw,91,3.033333333333333,False,False,0.3266705499947777,0.23981884765625017,-1.0702154945656714,-1.3076654052734376,0.2374499107077661,-0.1357795296202304,0.7722552185058593,-0.9080347481260898,2.5626724236091336,2.296211669921875,0.26646075368725874
S43A10T04,raw,92,3.066666666666667,False,False,0.3238290428755327,0.2377635498046875,-1.057548606528198,-1.3071262817382814,0.24957767521008334,-0.12163906645021938,0.7736217956542969,-0.8952608621045163,2.576826088911923,2.299843139648438,0.27698294926348543
S43A10T04,raw,93,3.1,False,False,0.32506252182900575,0.24521032714843738,-1.0309200266088987,-1.3060391235351563,0.2751190969262576,-0.10429176343841369,0.7723941650390624,-0.8766859284774762,2.6053612442481113,2.2979007568359373,0.307460487412174
S43A10T04,raw,94,3.1333333333333333,False,False,0.3408528762524208,0.25854309082031257,-1.014535230858811,-1.3086038208007813,0.2940685899419704,-0.0842407761870416,0.7762041931152344,-0.860444969302276,2.624936054169328,2.2895352783203125,0.3354007758490156
S43A10T04,raw,95,3.1666666666666665,False,False,0.3400650316723278,0.26342407226562514,-0.9922117043277655,-1.306081787109375,0.31387008278160955,-0.060142068121433086,0.7711272888183593,-0.8312693569397924,2.6496967076420437,2.2914490966796874,0.35824761096235624
S43A10T04,raw,96,3.2,False,False,0.3633273974130907,0.29105456542968744,-0.9702290308933618,-1.3174418334960938,0.347212802602732,-0.036642458003659464,0.7520617065429688,-0.7887041645466283,2.679401879111569,2.2873907470703125,0.39201113204125626
S43A10T04,raw,97,3.2333333333333334,False,False,0.3625854954327147,0.28806213378906254,-0.9402092424883223,-1.3233416137695313,0.383132371281209,-0.005713448561495634,0.744457763671875,-0.7501712122333706,2.7065444392608256,2.3009383544921875,0.405606084768638
S43A10T04,raw,98,3.2666666666666666,False,False,0.3741383178477501,0.28525402832031244,-0.911850609720983,-1.3296588745117188,0.41780826479073585,0.036611170328637394,0.7339185180664063,-0.6973073477377689,2.732483716826776,2.29771875,0.4347649668267759
S43A10T04,raw,99,3.3,True,False,0.43350246702621953,0.24751037597656245,-0.8535574077793582,-1.3438506469726563,0.49029323919329815,0.13985269034945633,0.6982070617675782,-0.5583543714181218,2.805687004489194,2.3127409667968752,0.49294603769231893
S43A10T04,raw,100,3.3333333333333335,False,True,0.43350246702621953,0.24751037597656245,-0.8535574077793582,-1.3438506469726563,0.49029323919329815,0.13985269034945633,0.6982070617675782,-0.5583543714181218,2.805687004489194,2.3127409667968752,0.49294603769231893
S43A10T04,raw,101,3.3666666666666667,True,False,0.40045800827734945,0.21517541503906257,-0.8315439727198306,-1.3428215942382813,0.5112776215184507,0.20384832771001712,0.7085095214843751,-0.5046611937743579,2.853389883741798,2.28557080078125,0.5678190829605478
S43A10T04,raw,102,3.4,True,False,0.23152940634960642,0.0032327880859375213,-0.7582578801888208,-1.1758414916992188,0.417583611510398,0.2778507605524973,0.7867456665039063,-0.508894905951409,2.844749775742481,2.2472734375,0.597476338242481
S43A10T04,raw,103,3.433333333333333,True,False,0.05421154718953629,0.002767333984375009,-0.6583198366622607,-1.0935786132812502,0.4352587766189895,0.325272031932091,0.5298410644531251,-0.2045690325210341,2.943802709414472,2.2712122802734376,0.6725904291410343
S43A10T04,raw,104,3.466666666666667,False,True,0.05421154718953629,0.002767333984375009,-0.6583198366622607,-1.0935786132812502,0.4352587766189895,0.325272031932091,0.5298410644531251,-0.2045690325210341,2.943802709414472,2.2712122802734376,0.6725904291410343
S43A10T04,raw,105,3.5,True,False,0.30592030940891746,0.20828063964843757,-0.6647499225763989,-1.2797300415039063,0.6149801189275075,0.3216715796518069,0.1628164291381836,0.15885515051362334,3.005647496503254,2.3097915039062498,0.695855992597004
S43A10T04,raw,106,3.533333333333333,False,True,0.30592030940891746,0.20828063964843757,-0.6647499225763989,-1.2797300415039063,0.6149801189275075,0.3216715796518069,0.1628164291381836,0.15885515051362334,3.005647496503254,2.3097915039062498,0.695855992597004
S43A10T04,raw,107,3.566666666666667,False,True,0.30592030940891746,0.20828063964843757,-0.6647499225763989,-1.2797300415039063,0.6149801189275075,0.3216715796518069,0.1628164291381836,0.15885515051362334,3.005647496503254,2.3097915039062498,0.695855992597004
S43A10T04,raw,108,3.6,True,False,0.2612265798252303,0.176806884765625,-0.637963003981304,-1.261746826171875,0.6237838221905709,0.32488127428617036,0.11981044769287111,0.20507082659329925,3.024383004957371,2.3403161621093753,0.6840668428479955
S43A10T04,raw,109,3.6333333333333333,True,False,0.32804553782959833,0.2154638671875,-0.6339039361657418,-1.262737060546875,0.6288331243811333,0.29338994747870306,0.0003159122467041014,0.293074035231999,3.0634370836554945,2.3952725830078125,0.668164500647682
S43A10T04,raw,110,3.6666666666666665,True,False,0.27094014562549296,0.19453344726562505,-0.6241897704580034,-1.2527171630859377,0.6285273926279343,0.2189858259263302,-0.055095497608184815,0.27408132353451503,3.0536802102518843,2.401083129882813,0.6525970803690715
S43A10T04,raw,111,3.7,False,False,0.24883886843464828,0.1865321044921875,-0.6262730335998468,-1.2527111206054689,0.6264380870056221,0.2051527257711357,-0.08275670051574707,0.28790942628688276,3.0701980268251967,2.4250054931640626,0.6451925336611342
S43A10T04,raw,112,3.7333333333333334,False,False,0.25403472594500304,0.1753010253906251,-0.6221483934476376,-1.2482305908203126,0.626082197372675,0.17176459136855707,-0.1473586006164551,0.31912319198501216,3.0820545468091436,2.4418613281250003,0.6401932186841433
S43A10T04,raw,113,3.7666666666666666,False,False,0.2725373610975268,0.1889354248046875,-0.6191399526516702,-1.2330689086914064,0.6139289560397362,0.15507954635938379,-0.20983616638183594,0.3649157127412197,3.0933463422950993,2.4682070312500004,0.6251393110450989
S43A10T04,raw,114,3.8,False,False,0.27372820476095205,0.19476416015624998,-0.6131230171326276,-1.2096600341796875,0.5965370170470599,0.14166834395313765,-0.24699913787841798,0.38866748183155564,3.0979425359231434,2.4877290039062503,0.6102135320168931
S43A10T04,raw,115,3.8333333333333335,False,False,0.27029334126089927,0.19314501953125007,-0.5986181792665957,-1.171238037109375,0.5726198578427792,0.13876415020799368,-0.2877528533935547,0.42651700360154843,3.098369103322794,2.5153518066406253,0.5830172966821685
S43A10T04,raw,116,3.8666666666666667,False,False,0.3032210509114793,0.22736828613281257,-0.5845411307465491,-1.1484609985351564,0.5639198677886073,0.14327413265653421,-0.30002416992187503,0.44329830257840924,3.0988670722140514,2.5347172851562503,0.5641497870578012
S43A10T04,raw,117,3.9,False,False,0.3055377027823026,0.23871911621093767,-0.5796224830375984,-1.1225482788085936,0.5429257957709952,0.15205035645897874,-0.3106954498291016,0.4627458062880803,3.100415467391608,2.5564337158203125,0.5439817515712955
S43A10T04,raw,118,3.933333333333333,False,False,0.33818742388577994,0.25776287841796874,-0.566579689916213,-1.1017575988769532,0.5351779089607402,0.17036489277888808,-0.3151522216796875,0.4855171144585756,3.101388317794773,2.5704976806640625,0.5308906371307107
S43A10T04,raw,119,3.966666666666667,False,False,0.3371613041504021,0.2603768920898438,-0.5581970772971734,-1.0854447326660157,0.5272476553688423,0.18258226455821167,-0.3138492736816406,0.4964315382398523,3.0965822858598506,2.5768458251953126,0.519736460664538
S43A10T04,raw,120,4.0,False,False,0.3655437390962976,0.2856256103515624,-0.573691091010116,-1.0792415161132811,0.5055504251031652,0.20058892440683196,-0.2996846160888672,0.5002735404956992,3.098912747174356,2.5803345947265623,0.5185781524477937
S43A10T04,raw,121,4.033333333333333,False,False,0.3871059040777768,0.2892922363281252,-0.5771487529658628,-1.081997314453125,0.5048485614872622,0.2118049404172754,-0.27655599975585937,0.4883609401731348,3.0940881424418034,2.5729365234375,0.5211516190043035
S43A10T04,raw,122,4.066666666666666,False,False,0.29609471118187214,0.20321337890625002,-0.6144980446032433,-1.1347772216796876,0.5202791770764443,0.23320396602594562,-0.2052588348388672,0.4384628008648128,3.0974770706580137,2.5805413818359373,0.5169356888220764
S43A10T04,raw,123,4.1,False,False,0.4224267486882026,0.3218849487304688,-0.6166908632413133,-1.1237409973144532,0.5070501340731399,0.2371307083046705,-0.1684548568725586,0.4055855651772291,3.0853256403051046,2.521400756835938,0.5639248834691668
S43A10T04,raw,124,4.133333333333334,True,False,0.4928385129082762,0.3780380859375001,-0.6185112645640364,-1.1360983886718752,0.5175871241078388,0.26308226753048425,-0.11071642303466797,0.37379869056515225,3.0590862292912258,2.464645263671875,0.5944409656193508
S43A10T04,raw,125,4.166666666666667,False,False,0.5309141922387605,0.415284912109375,-0.6460899909568532,-1.17731787109375,0.5312278801368968,0.2754886553183126,-0.042529985427856444,0.3180186407461691,3.0371856741251473,2.4223948974609373,0.61479077666421
S43A10T04,raw,126,4.2,True,False,0.49953761591985024,0.360822509765625,-0.6344024731619433,-1.2107037353515626,0.5763012621896193,0.2914665112749799,0.0904410400390625,0.2010254712359174,2.9769763479975335,2.411768798828125,0.5652075491694086
S43A10T04,raw,127,4.233333333333333,False,False,0.33540672874107724,0.23070861816406252,-0.6106559690041076,-1.1512704467773438,0.5406144777732362,0.2984241229845293,0.1435854034423828,0.1548387195421465,2.9611430381681676,2.3706986083984374,0.5904444297697302
S43A10T04,raw,128,4.266666666666667,True,False,0.49953162746188484,0.32991796875,-0.6267193165881078,-1.2541519775390624,0.6274326609509546,0.3191668640128949,0.2711333541870117,0.048033509825883225,2.9874967963583132,2.4025257568359377,0.5849710395223755
S43A10T04,raw,129,4.3,True,False,0.47304005225013995,0.3058249511718749,-0.6340555481764895,-1.2885614013671876,0.6545058531906981,0.33436999213821833,0.3601817474365234,-0.025811755298305095,3.0059212510955833,2.3795711669921875,0.6263500841033958
S43A10T04,raw,130,4.333333333333333,True,False,0.5334131589690491,0.35492895507812516,-0.6486316290728517,-1.2964652099609375,0.6478335808880858,0.3433977013419179,0.4776589813232422,-0.1342612799813243,2.999669893117193,2.3601510009765625,0.6395188921406305
S43A10T04,raw,131,4.366666666666666,True,False,0.44509037202596624,0.24983752441406248,-0.6465674814666386,-1.2347074584960938,0.5881399770294552,0.3553819973543475,0.6136429443359375,-0.25826094698158997,2.990810118067783,2.3521676025390628,0.6386425155287201
S43A10T04,raw,132,4.4,False,False,0.4380252619534965,0.27344165039062496,-0.6524451575684131,-1.2375086669921875,0.5850635094237744,0.36178547762375707,0.6853847351074218,-0.32359925748366475,2.984779249632107,2.3704578857421876,0.6143213638899194
S43A10T04,raw,133,4.433333333333334,True,False,0.43846906479786557,0.2689525146484375,-0.6492438374737785,-1.2478793334960936,0.5986354960223151,0.37048530724136747,0.6833789978027345,-0.312893690561367,2.9721482700133532,2.3766749267578122,0.595473343255541
S43A10T04,raw,134,4.466666666666667,True,False,0.4139712420045552,0.26897033691406236,-0.6605979674771066,-1.2717233276367188,0.6111253601596122,0.36212581767565255,0.6107255859375,-0.2485997682618475,2.9677225035832207,2.3528333740234375,0.6148891295597831
S43A10T04,raw,135,4.5,False,False,0.40683880506981873,0.2856602783203126,-0.6714742414012281,-1.2982666625976562,0.6267924211964281,0.3567083702334254,0.5453953247070313,-0.18868695447360595,2.9623770937197866,2.3335410156250003,0.6288360780947864
S43A10T04,raw,136,4.533333333333333,False,False,0.365301633706942,0.2354512939453126,-0.6696311248869874,-1.2933204956054687,0.6236893707184813,0.34490963785207723,0.48126083374023443,-0.1363511958881572,2.9584236777778066,2.2766268310546875,0.681796846723119
S43A10T04,raw,137,4.566666666666666,False,False,0.39395287858141875,0.2621416015625,-0.6678409210607896,-1.3040345458984375,0.6361936248376479,0.34953494067050594,0.4333806610107422,-0.08384572034023624,2.953647700544044,2.2837210693359378,0.669926631208106
S43A10T04,raw,138,4.6,True,False,0.25553557683531986,0.17685510253906234,-0.6159779226439045,-1.2053866577148438,0.5894087350709393,0.34893124228315714,0.3860733795166016,-0.03714213723344445,2.9514205768882267,2.3545755615234376,0.5968450153647891
S43A10T04,raw,139,4.633333333333334,False,False,0.3603399019051785,0.24730993652343747,-0.6388980494723301,-1.2717544555664062,0.6328564060940761,0.3493026202717151,0.32028700256347653,0.029015617708238572,2.957842694181879,2.3433828125,0.6144598816818791
S43A10T04,raw,140,4.666666666666667,True,False,0.42339470827207903,0.2895943603515625,-0.6327248136577855,-1.2962506713867188,0.6635258577289332,0.3564781707563078,0.2904234161376953,0.06605475461861249,2.9694340606283376,2.337454711914063,0.6319793487142746
S43A10T04,raw,141,4.7,True,False,0.46504528723199196,0.32993408203124996,-0.6352294533160773,-1.2924237060546875,0.6571942527386102,0.36684955820956294,0.2828057250976562,0.08404383311190672,2.986034518714064,2.3162069091796873,0.6698276095343765
S43A10T04,raw,142,4.733333333333333,False,False,0.4775040745293729,0.33654919433593733,-0.6353970999993747,-1.2881384887695313,0.6527413887701566,0.3610427158410534,0.28698484802246094,0.07405786781859247,2.9847902846564147,2.3176881103515625,0.6671021743048522
S43A10T04,raw,143,4.766666666666667,False,False,0.51420069050548,0.3610656738281248,-0.6324877542395636,-1.2832686767578125,0.6507809225182489,0.3553864185324075,0.3307808074951172,0.02460561103729031,2.9854488200980205,2.3215866699218752,0.6638621501761452
S43A10T04,raw,144,4.8,False,False,0.5100324538636205,0.3576971435546876,-0.6320157146628135,-1.2743139038085938,0.6422981891457803,0.34340558794966314,0.339349853515625,0.004055734434038116,2.9895682936053034,2.316532958984375,0.6730353346209283
S43A10T04,raw,145,4.833333333333333,False,False,0.5324135404702705,0.37346533203125,-0.6301421336324163,-1.2674888916015625,0.6373467579691462,0.3428121196786757,0.408783935546875,-0.06597181586819928,2.991455315754399,2.3197291259765622,0.6717261897778366
S43A10T04,raw,146,4.866666666666666,False,False,0.5065492727583774,0.37096813964843744,-0.6225625925880122,-1.240515319824219,0.6179527272362068,0.34533584879654966,0.41983866882324217,-0.0745028200266925,2.99712048477731,2.34638818359375,0.65073230118356
S43A10T04,raw,147,4.9,False,False,0.4801100505102092,0.34024890136718766,-0.6239571368472413,-1.264135925292969,0.6401787884457276,0.3482481129829176,0.4831101226806641,-0.13486200969774653,2.9990646589948544,2.351173095703125,0.6478915632917293
S43A10T04,raw,148,4.933333333333334,False,False,0.4732670954033275,0.3300972900390624,-0.6265607585378877,-1.2712962036132813,0.6447354450753936,0.35330661692800386,0.5130399017333984,-0.15973328480539456,2.9941898479168327,2.3460765380859376,0.6481133098308951
S43A10T04,raw,149,4.966666666666667,False,False,0.45898566023861737,0.3132803955078125,-0.6361339207889316,-1.2789645385742188,0.6428306177852872,0.3572226359299776,0.5483985290527345,-0.19117589312275685,2.982697073100415,2.34382470703125,0.6388723660691649
S43A10T04,raw,150,5.0,False,False,0.4407392390149747,0.29831689453125,-0.6326018150506116,-1.2889719238281252,0.6563701087775136,0.36146082891807496,0.5518387145996094,-0.19037788568153446,2.9767381462125213,2.3446755371093753,0.632062609103146
S43A10T04,raw,151,5.033333333333333,False,False,0.42151292893361697,0.2862587890624999,-0.6436244584130898,-1.29192041015625,0.6482959517431602,0.3564736449988517,0.5477114562988281,-0.1912378112999764,2.974970783889825,2.3364869384765625,0.6384838454132624
S43A10T04,raw,152,5.066666666666666,False,False,0.42432906711504825,0.28506982421874993,-0.6467752172666765,-1.2944306640624998,0.6476554467958233,0.35555415455507394,0.5354453125,-0.1798911579449261,2.967730853051472,2.3263189697265627,0.6414118833249094
S43A10T04,raw,153,5.1,False,False,0.406464186430241,0.2635172119140625,-0.6547002428867906,-1.2996642456054688,0.6449640027186782,0.352785242392639,0.5233513336181641,-0.17056609122552513,2.9684690011006674,2.316486328125,0.6519826729756675
S43A10T04,raw,154,5.133333333333334,False,False,0.40656794924533074,0.2531826171875,-0.6584688738653521,-1.3089752197265625,0.6505063458612104,0.35024441948356655,0.5113912658691406,-0.16114684638557408,2.968871093775755,2.3093273925781252,0.65954370119763
S43A10T04,raw,155,5.166666666666667,False,False,0.38379147352592113,0.2365908203125,-0.6601159501274197,-1.3141909179687499,0.6540749678413301,0.3504205186835661,0.498682388305664,-0.14826186962209792,2.97150749823642,2.2959808349609374,0.6755266632754826
S43A10T04,raw,156,5.2,False,False,0.40253264181762566,0.2524812011718751,-0.6658130091328621,-1.3233243408203126,0.6575113316874505,0.3474239094704411,0.46057940673828124,-0.11315549726784013,2.966140930785754,2.3070386962890623,0.6591022344966917
S43A10T04,raw,157,5.233333333333333,False,False,0.3962351913474577,0.25942700195312507,-0.6687952044468064,-1.3273085937500002,0.6585133893031938,0.34871863497661026,0.4488046569824219,-0.10008602200581163,2.9652847167415524,2.29481787109375,0.6704668456478022
S43A10T04,raw,158,5.266666666666667,False,False,0.4004116429595826,0.2623682861328125,-0.6665744032662543,-1.3278897094726563,0.661315306206402,0.35041788471804036,0.4447100524902344,-0.09429216777219401,2.964314288959516,2.292046630859375,0.6722676581001412
S43A10T04,raw,159,5.3,False,False,0.3971370775204144,0.25603173828125003,-0.668053123573835,-1.326455078125,0.658401954551165,0.3507099175073358,0.4605705261230469,-0.10986060861571106,2.9644810997353446,2.29273291015625,0.6717481895790947
S43A10T04,raw,160,5.333333333333333,False,False,0.41682541574401044,0.27244812011718755,-0.6613592156383542,-1.3343440551757813,0.672984839537427,0.34868160741543264,0.45680706787109376,-0.10812546045566113,2.9722196894852235,2.3038880615234376,0.6683316279617859
S43A10T04,raw,161,5.366666666666666,False,False,0.4099471661444156,0.2667857666015625,-0.6623917406080455,-1.332755065917969,0.6703633253099235,0.3485670525991827,0.4576235504150391,-0.10905649781585641,2.9726714422209755,2.3034133300781248,0.6692581121428507
S43A10T04,raw,162,5.4,False,False,0.4174528898814667,0.27314184570312494,-0.6607354303889529,-1.322101806640625,0.661366376251672,0.34688519303000775,0.4818413696289062,-0.13495617659889847,2.9735645582344996,2.3171123046875,0.6564522535469997
S43A10T04,raw,163,5.433333333333334,False,False,0.4135061682679576,0.2802117919921876,-0.6636653787223932,-1.3225978393554687,0.6589324606330755,0.34761696693624206,0.49730987548828126,-0.1496929085520392,2.9721008684699974,2.3258536376953125,0.6462472307746849
S43A10T04,raw,164,5.466666666666667,False,False,0.41263785203850395,0.28156152343749996,-0.6609814849124045,-1.3253804931640625,0.664399008251658,0.3513351414060085,0.5073812255859376,-0.15604608417992905,2.9766236355103044,2.3289298095703126,0.6476938259399918
S43A10T04,raw,165,5.5,False,False,0.41784362425312593,0.29116748046874985,-0.6628728314149728,-1.3185830078125,0.6557101763975273,0.35432237182708143,0.5174502258300782,-0.16312785400299673,2.974500392676216,2.3306578369140625,0.6438425557621534
S43A10T04,raw,166,5.533333333333333,False,False,0.4410015524635791,0.3099508056640625,-0.6658595408865605,-1.3052520141601565,0.6393924732735959,0.3560421225567859,0.5329658203125001,-0.17692369775571415,2.970551433874932,2.3222420654296876,0.6483093684452443
S43A10T04,raw,167,5.566666666666666,False,False,0.43006250600956186,0.298001953125,-0.664301892115046,-1.312105712890625,0.6478038207755791,0.35672999895655005,0.5402908020019531,-0.18356080304540306,2.967008347170333,2.330401489257812,0.6366068579125206
S43A10T04,raw,168,5.6,False,False,0.43121755573805154,0.30202355957031246,-0.6632655032773169,-1.3036820678710939,0.6404165645937769,0.3561501797981821,0.5449063720703125,-0.18875619227213036,2.9673402353138787,2.3239888916015627,0.643351343712316
S43A10T04,raw,169,5.633333333333334,False,False,0.43115912497169434,0.30196899414062495,-0.6632724845187282,-1.3037314453125,0.6404589607937717,0.3561548587518967,0.5449501953125,-0.18879533656060332,2.9673501061774195,2.3240421142578125,0.643307991919607
S43A10T04,raw,170,5.666666666666667,False,False,0.41199903024157775,0.28552111816406245,-0.6718376596756862,-1.3091838989257814,0.6373462392500951,0.35629483833977177,0.5455484924316406,-0.18925365409186884,2.956274703184884,2.3326689453125002,0.6236057578723839
S43A10T04,raw,171,5.7,False,False,0.41677102823937784,0.28580346679687496,-0.6737095724388338,-1.3093690185546876,0.6356594461158538,0.35969266705286307,0.5469084777832032,-0.1872158107303401,2.953373512237704,2.3189760742187504,0.6343974380189534
S43A10T04,raw,172,5.733333333333333,True,False,0.247074814605706,0.17351416015624999,-0.6348461670424086,-1.22101171875,0.5861655517075914,0.36200042982853525,0.4646740417480469,-0.10267361191951163,2.9629681886508528,2.3550416259765625,0.6079265626742902
S43A10T04,raw,173,5.766666666666667,True,False,0.3942034144923082,0.19437548828125006,-0.6502536951166041,-1.2574576416015626,0.6072039464849585,0.358086131758112,0.5839432067871093,-0.22585707502899732,2.965993304040922,2.4051267089843753,0.5608665950565466
S43A10T04,raw,174,5.8,False,False,0.39705292019960114,0.1948580322265625,-0.6507618437250428,-1.2591859741210936,0.6084241303960508,0.35795607666168905,0.5800873260498047,-0.22213124938811568,2.966199532787806,2.404902465820313,0.561297066967493
S43A10T04,raw,175,5.833333333333333,False,False,0.3918422495551579,0.1882584228515627,-0.6512081929253161,-1.2574011840820312,0.6061929911567151,0.3571634306128535,0.5789996948242188,-0.22183626421136526,2.9662314631765923,2.4009779052734377,0.5652535579031546
S43A10T04,raw,176,5.866666666666666,False,False,0.3906783375308897,0.18807482910156237,-0.6515500909313227,-1.2577601928710938,0.6062101019397711,0.35684563710962647,0.5766945648193359,-0.21984892770970943,2.9660272975245374,2.399517333984375,0.5665099635401623
S43A10T04,raw,177,5.9,False,False,0.32768656818383635,0.19466577148437492,-0.6486287847071255,-1.260114013671875,0.6114852289647494,0.3568988019640434,0.5351636352539062,-0.1782648332898628,2.9774343063725754,2.385808349609375,0.5916259567632003
S43A10T04,raw,178,5.933333333333334,False,False,0.34407850757766617,0.20163989257812487,-0.6490756208788493,-1.2674964599609375,0.6184208390820882,0.3531079970332141,0.5214952545166016,-0.1683872574833875,2.975980856958192,2.3792955322265623,0.5966853247316295
S43A10T04,raw,179,5.966666666666667,False,False,0.3050612755712584,0.18930078125000005,-0.6616563033805383,-1.2456739501953125,0.5840176468147742,0.35681777717758045,0.520255142211914,-0.1634373650343336,2.994541979660271,2.3837862548828124,0.6107557247774587
S43A10T04,raw,180,6.0,False,False,0.37554561812785886,0.2150023193359376,-0.6521202961669044,-1.2556835327148437,0.6035632365479393,0.35507744446763034,0.47995458984375,-0.12487714537611966,2.9754038740201256,2.3626077880859375,0.6127960859341881
S43A10T04,raw,181,6.033333333333333,False,False,0.37970244954048193,0.21805187988281238,-0.6582735450947573,-1.2872283325195313,0.628954787424774,0.3557211427710737,0.47792465209960944,-0.12220350932853574,2.9806325027975995,2.370824096679687,0.6098084061179123
S43A10T04,raw,182,6.066666666666666,False,False,0.30399631172820757,0.1935086669921875,-0.6614565829227141,-1.3098694458007811,0.648412862878067,0.35829844860995635,0.46132409667968755,-0.10302564806973119,2.9847413650079853,2.3685369873046875,0.6162043777032977
S43A10T04,raw,183,6.1,False,False,0.27897023274085986,0.15965905761718746,-0.6685833982977277,-1.3202792358398439,0.6516958375421161,0.35737585494882745,0.4723444671630859,-0.11496861221425847,2.988266678741551,2.3603475341796876,0.6279191445618633
S43A10T04,raw,184,6.133333333333334,False,False,0.3230099698013238,0.1847261962890625,-0.6669212528418724,-1.3217979125976562,0.6548766597557838,0.349831699511517,0.4743645172119141,-0.12453281770039709,2.989755997490477,2.3578292236328124,0.6319267738576646
S43A10T04,raw,185,6.166666666666667,False,False,0.3346554820793692,0.19226208496093755,-0.6703768871680035,-1.3155372924804687,0.6451604053124652,0.35111877861668145,0.47666244506835936,-0.12554366645167792,2.989404617770488,2.3549383544921874,0.6344662632783007
S43A10T04,raw,186,6.2,False,False,0.33577405222087364,0.1934406738281249,-0.6693240956793789,-1.307438232421875,0.6381141367424961,0.35026276239171233,0.48771794128417967,-0.13745517889246733,2.9868665042852918,2.3452476806640625,0.6416188236212292
S43A10T04,raw,187,6.233333333333333,False,False,0.4634904154355073,0.3017038574218751,-0.671573391614872,-1.3021370849609375,0.6305636933460655,0.34960310097552855,0.5201871337890626,-0.17058403281353401,2.978434974343768,2.3266708984375,0.651764075906268
S43A10T04,raw,188,6.266666666666667,False,False,0.4493985730545306,0.29630517578125004,-0.6737580961470093,-1.2939179687500002,0.6201598726029909,0.3496666627102948,0.5111371307373047,-0.16147046802700993,2.9751221398195336,2.3183160400390626,0.656806099780471
S43A10T04,raw,189,6.3,False,False,0.4470262023594304,0.3028031005859375,-0.6690559387555381,-1.292489562988281,0.623433624232743,0.34116472623564453,0.5019054412841797,-0.16074071504853515,2.9777163888322677,2.3128701171875,0.6648462716447678
S43A10T04,raw,190,6.333333333333333,False,False,0.46212373288793185,0.3149670410156249,-0.6727153590062718,-1.295781005859375,0.6230656468531033,0.33540065566489297,0.4913361053466797,-0.15593544968178674,2.9793537857640358,2.3154979248046876,0.6638558609593481
S43A10T04,raw,191,6.366666666666666,False,False,0.4523822944258031,0.30933349609375016,-0.6738127972079861,-1.29294384765625,0.6191310504482639,0.3320478022116933,0.4856283111572266,-0.15358050894553332,2.977580813335181,2.311060791015625,0.6665200223195562
S43A10T04,raw,192,6.4,False,False,0.45814139699678985,0.3196063232421875,-0.6810618500529325,-1.2971626586914062,0.6161008086384737,0.32583951173417786,0.4526917724609375,-0.12685226072675965,2.9802876393016406,2.3095672607421873,0.6707203785594533
S43A10T04,raw,193,6.433333333333334,False,False,0.4632563503294642,0.32964172363281263,-0.6843036117255433,-1.3051458129882811,0.6208422012627378,0.32100128776875336,0.4264713745117188,-0.10547008674296543,2.975567378008846,2.3056226806640625,0.6699446973447833
S43A10T04,raw,194,6.466666666666667,False,False,0.46017372951507546,0.3395217285156249,-0.683492966315528,-1.3117061767578124,0.6282132104422844,0.31275994602681273,0.40100482177734376,-0.08824487575053103,2.9817327902688855,2.303399658203125,0.6783331320657604
S43A10T04,raw,195,6.5,False,False,0.44588224454640435,0.3186191406250001,-0.6854760250231016,-1.31234619140625,0.6268701663831484,0.3025477574882442,0.3694911346435547,-0.06694337715531051,2.98273613549394,2.2965756835937503,0.6861604519001898
S43A10T04,raw,196,6.533333333333333,False,False,0.40374549647167224,0.2856187744140626,-0.6880499024592168,-1.3175053100585938,0.629455407599377,0.2957219375663607,0.3472530670166016,-0.05153112945024085,2.980354965292897,2.3000694580078127,0.6802855072850842
S43A10T04,raw,197,6.566666666666666,False,False,0.39734045442541327,0.2831098632812501,-0.6874126142710372,-1.3043016357421875,0.6168890214711503,0.28890020834813035,0.34082870483398436,-0.051928496485854014,2.976408100219788,2.30015283203125,0.6762552681885383
S43A10T04,raw,198,6.6,False,False,0.37369115070919845,0.2711341552734374,-0.6912179729042527,-1.2969323120117187,0.605714339107466,0.27931874210517094,0.3420791931152344,-0.06276045101006344,2.9679635804434445,2.3001218261718748,0.6678417542715698
S43A10T04,raw,199,6.633333333333334,False,False,0.35810611537070847,0.26120678710937506,-0.6887844773887467,-1.290202880859375,0.6014184034706284,0.27079665627244887,0.33727044677734375,-0.06647379050489488,2.9646115944887215,2.299212280273437,0.6653993142152843
S43A10T04,raw,200,6.666666666666667,False,False,0.3141001163507965,0.23066564941406265,-0.7004967474979152,-1.2927837524414063,0.5922870049434911,0.26521700430329526,0.32772212219238284,-0.06250511788908758,2.95678093857898,2.325899169921875,0.6308817686571051
S43A10T04,raw,201,6.7,False,False,0.2906512345921113,0.20344848632812496,-0.7009097787768555,-1.2960447998046876,0.5951350210278321,0.255894993094014,0.30677337646484376,-0.05087838337082978,2.949352010673827,2.3206906738281248,0.6286613368457021
S43A10T04,raw,202,6.733333333333333,False,False,0.29211370022385713,0.21120312500000016,-0.7066573174950475,-1.2812081298828124,0.574550812387765,0.2512085406580831,0.30223687744140626,-0.051028336783323136,2.9454331610391455,2.3275323486328126,0.617900812406333
S43A10T04,raw,203,6.766666666666667,False,False,0.2669185223000957,0.18294763183593754,-0.7173230147040449,-1.2903811645507814,0.5730581498467365,0.24583274983108921,0.28489451599121096,-0.03906176616012175,2.93506858519055,2.3361251220703125,0.5989434631202375
S43A10T04,raw,204,6.8,False,False,0.14721839267297243,0.06966857910156254,-0.717587012950349,-1.2486408081054687,0.5310537951551197,0.23782981005423579,0.29509088134765626,-0.05726107129342048,2.9389765317915244,2.3071617431640625,0.6318147886274619
S43A10T04,raw,205,6.833333333333333,True,False,0.13062364297850979,0.04980224609374995,-0.7143041962538852,-1.2228861083984375,0.5085819121445523,0.2358206391305543,0.29527218627929686,-0.05945154714874257,2.943441689430066,2.3188900146484377,0.6245516747816282
S43A10T04,raw,206,6.866666666666666,False,False,0.22106037083229482,0.11049389648437513,-0.7255466747758021,-1.25752392578125,0.5319772510054479,0.22884189577534397,0.282431381225586,-0.053589485450242,2.9356622536328096,2.38072509765625,0.5549371559765595
S43A10T04,raw,207,6.9,False,False,0.12391331723107359,0.051932617187500085,-0.7371343527904822,-1.2214359130859376,0.48430156029545535,0.2259853842523401,0.28942514038085937,-0.06343975612851926,2.918623379871337,2.3335472412109377,0.5850761386603991
S43A10T04,raw,208,6.933333333333334,False,False,0.21283791287548004,0.11971691894531267,-0.7368925565691717,-1.2420917358398438,0.505199179270672,0.22812005929913584,0.28370951843261716,-0.05558945913348132,2.908722351101487,2.3693734130859374,0.5393489380155496
S43A10T04,raw,209,6.966666666666667,False,False,0.09259362661673416,0.04978100585937506,-0.7320821879055118,-1.2190218505859376,0.48693966268042577,0.2237401855860189,0.27602917480468747,-0.05228898921866856,2.887499958501168,2.32489501953125,0.5626049389699177
S43A10T04,raw,210,7.0,False,False,0.007051863382835814,0.00607666015625008,-0.7381759041628121,-1.200181884765625,0.46200598060281284,0.2166557287552665,0.27854556274414066,-0.061889833988874154,2.876484395845947,2.282995849609375,0.5934885462365722
S43A10T04,raw,211,7.033333333333333,False,False,0.012631241658272792,0.009301391601562514,-0.7433373993095159,-1.2005291137695313,0.4571917144600154,0.21537120173626023,0.28648608398437503,-0.0711148822481148,2.8641644693378816,2.267255615234375,0.5969088541035066
S43A10T04,raw,212,7.066666666666666,False,False,0.0114346963437475,0.005450195312499906,-0.7565234234302421,-1.203811279296875,0.4472878558666328,0.2131976861333761,0.2997951354980469,-0.08659744936467081,2.856987696710907,2.2574826660156253,0.5995050306952816
S43A10T04,raw,213,7.1,False,False,0.0077641789156807535,0.001970336914062454,-0.7574641036583528,-1.2040624389648438,0.44659833530649096,0.21309868676483223,0.30228677368164064,-0.0891880869168084,2.8557860620155866,2.255557983398438,0.6002280786171488
S43A10T04,raw,214,7.133333333333334,False,False,0.04032952357663771,0.04017065429687494,-0.7817029843482136,-1.2102211914062502,0.42851820705803656,0.22075509971939955,0.32250059509277346,-0.1017454953733739,2.841003609499852,2.224007080078125,0.6169965294217272
S43A10T04,raw,215,7.166666666666667,False,False,0.10255995797895583,0.0835314941406251,-0.786357140035963,-1.24101806640625,0.454660926370287,0.2237097711092545,0.3403945465087891,-0.11668477539953459,2.8420964303153755,2.2564105224609374,0.5856859078544381
S43A10T04,raw,216,7.2,True,False,0.26092527199986765,0.14808190917968744,-0.8016699590776877,-1.2758493041992187,0.47417934512153104,0.2311912849662799,0.38758914184570314,-0.15639785687942326,2.8651773436716668,2.3185711669921876,0.5466061766794792
S43A10T04,raw,217,7.233333333333333,False,False,0.24937580917787,0.13984069824218737,-0.8065573800348858,-1.2749728393554687,0.4684154593205829,0.23782074175748716,0.4110000610351563,-0.17317931927766914,2.849025890287389,2.3293101806640624,0.5197157096233265
S43A10T04,raw,218,7.266666666666667,False,False,0.22009802957266683,0.11297473144531245,-0.816353400262668,-1.2871176147460939,0.47076421448342587,0.23646323631013846,0.45244544982910156,-0.2159822135189631,2.8311049036232285,2.35243701171875,0.47866789190447845
S43A10T04,raw,219,7.3,False,False,0.24091859743256613,0.12457617187500003,-0.8280482763020662,-1.2874742431640627,0.45942596686199644,0.2392773887182082,0.4856961364746094,-0.2464187477564012,2.820842497697133,2.3519213867187503,0.46892111097838285
S43A10T04,raw,220,7.333333333333333,False,False,0.2593166994986602,0.14417993164062515,-0.8566672364958481,-1.2894957275390624,0.4328284910432143,0.24915246148522036,0.5313245544433594,-0.282172092958139,2.8220358775926475,2.361222412109375,0.46081346548327273
S43A10T04,raw,221,7.366666666666666,False,False,0.2790558184490507,0.1511763916015625,-0.8620883338863549,-1.2724138793945312,0.41032554550817635,0.24892041659979453,0.5855554199218751,-0.3366350033220806,2.8112672018344025,2.3611402587890624,0.45012694304534007
S43A10T04,raw,222,7.4,True,False,0.34523212228220473,0.20355603027343738,-0.8736485047050299,-1.2927489624023438,0.41910045769731397,0.2566098572302675,0.6034470520019531,-0.3468371947716856,2.7854358406646287,2.4218463134765624,0.36358952718806625
S43A10T04,raw,223,7.433333333333334,True,False,0.343012264818759,0.20686352539062502,-0.8919909430290734,-1.2890325927734376,0.3970416497443642,0.25598368887410583,0.62092431640625,-0.3649406275321442,2.7821426469751036,2.425816040039063,0.3563266069360407
S43A10T04,raw,224,7.466666666666667,True,False,0.3400787191341763,0.2118753662109374,-0.9058044993450906,-1.2783821411132812,0.37257764176819064,0.24919797676884775,0.6482384643554688,-0.3990404875866211,2.7601112641275853,2.4287979736328125,0.33131329049477287
S43A10T04,raw,225,7.5,False,False,0.33214831211922624,0.20671264648437515,-0.9245328216820181,-1.27938134765625,0.3548485259742318,0.24451368735446768,0.6561060791015625,-0.41159239174709483,2.751896919071561,2.4305434570312503,0.3213534620403107
S43A10T04,raw,226,7.533333333333333,False,False,0.3478661631954332,0.21528393554687497,-0.9302168641590332,-1.2820286865234376,0.35181182236440445,0.22861694057357348,0.6643249816894532,-0.4357080411158797,2.723586944632227,2.442598876953125,0.2809880676791021
S43A10T04,raw,227,7.566666666666666,False,False,0.3244302876551409,0.21656701660156252,-0.9427078881001775,-1.2770527954101563,0.3343449073099788,0.23126810542781082,0.6646257629394532,-0.43335765751164235,2.716746321557116,2.4296143798828123,0.2871319416743039
S43A10T04,raw,228,7.6,False,False,0.304382160475126,0.20871594238281244,-0.9464221964892497,-1.2736404418945313,0.32721824540528155,0.23602106903547468,0.6742993774414063,-0.4382783084059316,2.710634959578355,2.4247750244140627,0.28585993516429253
S43A10T04,raw,229,7.633333333333334,False,False,0.33666726019744264,0.23918994140625016,-0.9574277887368963,-1.270736328125,0.31330853938810366,0.22963303119240588,0.6843958740234375,-0.45476284283103163,2.7011864394134393,2.4349376220703123,0.266248817343127
S43A10T04,raw,230,7.666666666666667,False,False,0.25053671460798804,0.16941955566406253,-0.9664475101277021,-1.2392578735351565,0.27281036340745435,0.23399096049926837,0.6947690734863281,-0.46077811298705973,2.6914081885228076,2.4124133300781248,0.27899485844468286
S43A10T04,raw,231,7.7,False,False,0.2543972831891775,0.16988037109374998,-0.9775362618539565,-1.224776123046875,0.24723986119291852,0.23330628945561488,0.7121562194824219,-0.47884993002680704,2.6762252094840155,2.41639013671875,0.25983507276526563
S43A10T04,raw,232,7.733333333333333,False,False,0.23655378550048803,0.15866931152343744,-0.9889903288117521,-1.2170521850585938,0.22806185624684172,0.2315586343397467,0.7291867370605469,-0.49762810272080027,2.659766904424466,2.4074943847656254,0.25227251965884046
S43A10T04,raw,233,7.766666666666667,False,False,0.2393973477240779,0.1628304443359374,-1.003050122790001,-1.2247445678710938,0.2216944450810927,0.22346593635875042,0.7234734497070312,-0.5000075133482808,2.6497128172889464,2.3977065429687503,0.25200627432019607
S43A10T04,raw,234,7.8,False,False,0.23056126765821877,0.1481688232421876,-1.0164126422826474,-1.2369335327148439,0.22052089043219647,0.22811163170673684,0.7206397399902345,-0.4925281082834976,2.6364354722867946,2.398447265625,0.23798820666179443
S43A10T04,raw,235,7.833333333333333,False,False,0.20916206721815772,0.12650561523437487,-1.0323144620066276,-1.2474639892578125,0.21514952725118497,0.22893292597431827,0.7265352783203125,-0.49760235234599426,2.60702470938818,2.4026815185546875,0.20434319083349273
S43A10T04,raw,236,7.866666666666666,False,False,0.21395198454473172,0.13026037597656237,-1.0420526225304525,-1.2480432739257812,0.20599065139532868,0.2288240341393372,0.72812109375,-0.49929705961066284,2.5921140202567616,2.4045816650390623,0.1875323552176993
S43A10T04,raw,237,7.9,False,False,0.19119093791250816,0.13180773925781253,-1.056250567320082,-1.2575755004882814,0.20132493316819944,0.21493346232397081,0.7295143127441406,-0.5145808504201698,2.5712843042217406,2.4111966552734376,0.16008764894830296
S43A10T04,raw,238,7.933333333333334,False,False,0.19874729957335474,0.12841967773437513,-1.073333185076718,-1.2608802490234376,0.1875470639467196,0.20958824093940315,0.7305101928710938,-0.5209219519316906,2.5529984973544324,2.4122655029296878,0.14073299442474463
S43A10T04,raw,239,7.966666666666667,False,False,0.1917993881387632,0.1281988525390625,-1.0816243444155234,-1.2674999389648436,0.18587559454932023,0.2108105546363019,0.7341282348632813,-0.5233176802269793,2.540762743942485,2.412013427734375,0.12874931620810992
S43A10T04,raw,240,8.0,False,False,0.18580536176781084,0.12881665039062495,-1.0914981048289252,-1.2668209228515626,0.17532281802263738,0.2091119419052478,0.7327152709960938,-0.523603329090846,2.5367347751339437,2.4032010498046876,0.13353372532925611
S43A10T04,raw,241,8.033333333333333,False,False,0.18210488191476204,0.1364064941406249,-1.1131517860364761,-1.2685592041015625,0.1554074180650864,0.20013531090586825,0.742049041748047,-0.5419137308421788,2.5162118363586017,2.4090693359374997,0.10714250042110196
S43A10T04,filtered,0,0.0,False,False,0.29234048361530035,0.20197446716818268,-1.2707019353931435,-1.2521784761247103,-0.01852345926843313,-0.18236613021844617,0.7683966972021046,-0.9507628274205507,2.312748770985765,2.28793287319619,0.024815897789574937
S43A10T04,filtered,1,0.03333333333333333,False,False,0.2884884244730348,0.19758131633715004,-1.2718323708397827,-1.2529966766289893,-0.018835694210793452,-0.1822874923415598,0.7689557354060381,-0.951243227747598,2.311993864273585,2.28931675011878,0.022677114154805
S43A10T04,filtered,2,0.06666666666666667,False,False,0.28481668926191167,0.19334519655852134,-1.272921721501041,-1.253889479502957,-0.019032241998084176,-0.18221278017408946,0.7694634553560273,-0.9516762355301168,2.311250465587459,2.290635199260093,0.02061526632736621
S43A10T04,filtered,3,0.1,False,False,0.2814766293017095,0.18941763036881754,-1.273930934684172,-1.2549025932850069,-0.019028341399165205,-0.1821448290033849,0.7698555630143609,-0.9520003920177458,2.3105322168540323,2.2918168383556976,0.01871537849833471
S43A10T04,filtered,4,0.13333333333333333,False,False,0.2785967977452567,0.18593066436232686,-1.2748266384654792,-1.2560704908346976,-0.018756147630781594,-0.18208655115957617,0.770077600755706,-0.9521641519152821,2.309851832814672,2.292800098066949,0.017051734747723035
S43A10T04,filtered,5,0.16666666666666666,False,False,0.27627443012536795,0.18298899272304592,-1.275583654619627,-1.257412403643449,-0.018171250976178,-0.1820407978678923,0.7700901376882668,-0.9521309355561591,2.3092205585428665,2.2935376632675473,0.015682895275319186
S43A10T04,filtered,6,0.2,False,False,0.27456952875172114,0.18066426962782067,-1.2761868033559438,-1.25892966637073,-0.017257136985213917,-0.18201015479818702,0.7698725189429161,-0.9518826737411031,2.308647677137951,2.2939996711531587,0.014648005984792434
S43A10T04,filtered,7,0.23333333333333334,False,False,0.2735019256887403,0.17899200480508215,-1.2766318522151774,-1.2606046830211213,-0.016027169194056112,-0.18199668324026683,0.7694248519711505,-0.9514215352114174,2.3081400940037584,2.294175420048087,0.013964673955671358
S43A10T04,filtered,8,0.26666666666666666,False,False,0.27305141739003175,0.17797119478315393,-1.2769255472727241,-1.2624016279674042,-0.014523919305319932,-0.1820016299176178,0.7687681033883225,-0.9507697333059403,2.3077020250544074,2.2940734944422614,0.013628530612145973
S43A10T04,filtered,9,0.3,False,False,0.27316080749750343,0.1775665908459636,-1.2770847528049318,-1.2642688265664854,-0.012815926238446407,-0.1820251376302152,0.7679423788342138,-0.949967516464429,2.3073348134482297,2.2937203709902936,0.013614442457936082
S43A10T04,filtered,10,0.3333333333333333,False,False,0.2737414819977138,0.17771327032875672,-1.277134806456179,-1.2661425993095001,-0.010992207146678812,-0.18206599492879896,0.7670036357104633,-0.9490696306392622,2.307036892312786,2.29315771763134,0.01387917468144595
S43A10T04,filtered,11,0.36666666666666664,False,False,0.27468097743243064,0.178322986370276,-1.2771072629146314,-1.267952216880817,-0.00915504603381434,-0.182121464849475,0.7660192136567028,-0.9481406785061778,2.3068038998712574,2.292438714875468,0.014365184995789537
S43A10T04,filtered,12,0.4,False,False,0.27585188609735883,0.179291643099998,-1.2770372445619658,-1.2696255145380801,-0.007411730023885621,-0.18218722959450215,0.7650626470479007,-0.9472498766424029,2.306628940068926,2.291623800175385,0.01500513989354113
S43A10T04,filtered,13,0.43333333333333335,False,False,0.2771213718605821,0.180507190173556,-1.2769606394244315,-1.2710946613679641,-0.00586597805646738,-0.1822574794576066,0.764208244107085,-0.9464657235646916,2.3065029686432994,2.290776256069848,0.015726712573451263
S43A10T04,filtered,14,0.4666666666666667,False,False,0.27836055085742667,0.18185725367002914,-1.2769113845741722,-1.2723015759705878,-0.004609808603584398,-0.18232516032359378,0.7635258843075137,-0.9458510446311075,2.306415274063139,2.2899580319638604,0.01645724209927879
S43A10T04,filtered,15,0.5,False,False,0.27945302865136057,0.18323591067509493,-1.2769190489992368,-1.2732025223001888,-0.003716526699047984,-0.18238237565248794,0.7630764123718643,-0.9454587880243522,2.3063540167079233,2.2892261171827863,0.017127899525136936
S43A10T04,filtered,16,0.5333333333333333,False,False,0.28030198078747565,0.18454915588006093,-1.2770068881534191,-1.273771501008442,-0.0032353871449770644,-0.18242091802820998,0.7629079093962565,-0.9453288274244664,2.3063067887953297,2.2886296836378452,0.01767710515748444
S43A10T04,filtered,17,0.5666666666666667,False,False,0.280835310205756,0.1857187796206754,-1.2771904887729881,-1.274002163632404,-0.003188325140584203,-0.1824328851994703,0.7630530152729591,-0.9454859004724294,2.306261161469164,2.2882081064767634,0.018053054992400508
S43A10T04,filtered,18,0.6,False,False,0.2810085981729848,0.18668455666243045,-1.2774770637283188,-1.2739081092570654,-0.0035689544712533827,-0.18241131971473915,0.7635273749455836,-0.9459386946603228,2.306205192844424,2.2879898661157148,0.01821532672870907
S43A10T04,filtered,19,0.6333333333333333,False,False,0.28080576606866414,0.18740481436260614,-1.2778653991051823,-1.273521565347505,-0.004343833757677329,-0.18235080312599483,0.764329193661019,-0.9466799967870139,2.306127879935746,2.2879922477758203,0.018135632159925752
S43A10T04,filtered,20,0.6666666666666666,False,False,0.2802375634474956,0.1878555918731517,-1.278346404758224,-1.2728905953586116,-0.005455809399612432,-0.1822479374866331,0.7654398187331382,-0.9476877562197712,2.306019546513004,2.28822169346454,0.017797853048463708
S43A10T04,filtered,21,0.7,False,False,0.27933817502404135,0.18802870755644085,-1.278904178950052,-1.2720751040924831,-0.006829074857568784,-0.18210165883356547,0.7668252187992604,-0.9489268776328258,2.3058721665657194,2.2886746296980025,0.017197536867716856
S43A10T04,filtered,22,0.7333333333333333,False,False,0.27816038049967684,0.18792911342254826,-1.279517469240158,-1.2711420160877676,-0.008375453152390522,-0.18191334787882799,0.7684382038738776,-0.9503515517527056,2.305679628179234,2.2893385908890957,0.01634103729013825
S43A10T04,filtered,23,0.7666666666666667,False,False,0.27676979520058254,0.18757193176379738,-1.2801613957758415,-1.2701600719960533,-0.01000132377978824,-0.1816867290082167,0.7702212157586202,-0.9519079447668369,2.3054379446140008,2.2901934782349542,0.015244466379046528
S43A10T04,filtered,24,0.8,False,False,0.27523875936319125,0.18697954341962797,-1.2808092986916044,-1.2691947147014637,-0.011614583990140703,-0.18142757577696933,0.7721095126935688,-0.9535370884705381,2.3051454180007838,2.2912128299174657,0.013932588083318098
S43A10T04,filtered,25,0.8333333333333334,False,False,0.2736404276745534,0.1861790360314799,-1.2814345769210485,-1.2683035165945782,-0.013131060326470267,-0.18114326517218796,0.7740345698998394,-0.9551778350720274,2.304802756511704,2.2923650226906043,0.012437733821099695
S43A10T04,filtered,26,0.8666666666666667,False,False,0.27204354224551636,0.18520023333556668,-1.282012399550596,-1.2675325328762153,-0.014479866674380837,-0.1808422402892845,0.775927517178048,-0.9567697574673325,2.3044131388826132,2.2936143704322633,0.010798768450349883
S43A10T04,filtered,27,0.9,False,False,0.270508261625666,0.1840744231705247,-1.2825211910062537,-1.2669138597961476,-0.015607331210106157,-0.18053344911084585,0.7777224376223262,-0.9582558867331721,2.3039822121183584,2.294922126436887,0.009060085681471541
S43A10T04,filtered,28,0.9333333333333333,False,False,0.2690832812802864,0.18283379296590518,-1.2829438159602402,-1.2664645434496755,-0.01647927251056469,-0.18022582457656794,0.7793593614720449,-0.9595851860486129,2.30351800102618,2.2962474290996093,0.007270571926570657
S43A10T04,filtered,29,0.9666666666666667,False,False,0.267804335825291,0.18151147763005127,-1.2832684168870596,-1.2661868402113643,-0.01708157667569532,-0.1799278585463817,0.780786809614033,-0.9607146681604147,2.3030307040697426,2.2975482522828403,0.00548245178690232
S43A10T04,filtered,30,1.0,False,False,0.26669403830184324,0.18014203647766136,-1.2834888845231676,-1.2660696918724152,-0.017419192650752313,-0.17964730170993326,0.7819637734292281,-0.9616110751391613,2.3025323509264553,2.2987824298671042,0.0037499210593510135
S43A10T04,filtered,31,1.0333333333333334,False,False,0.2657629000809231,0.1787621129056276,-1.2836049668000573,-1.266091164041557,-0.01751380275850023,-0.17939099649474657,0.782861059587678,-0.9622520560824246,2.3020363044492242,2.299908817339891,0.0021274871093330816
S43A10T04,filtered,32,1.0666666666666667,False,False,0.2650112923316996,0.1774110007634495,-1.283622042998123,-1.2662215189550117,-0.01740052404311143,-0.17916482489414687,0.7834619755234916,-0.9626268004176385,2.3015566038601287,2.300888631612434,0.0006679722476947703
S43A10T04,filtered,33,1.1,False,True,0.2644320550237804,0.1761308491976561,-1.2835506053638912,-1.2664265615076227,-0.017124043856268534,-0.1789737322567551,0.7837623779210818,-0.9627361101778369,2.301107166071627,2.3016869752845475,-0.0005798092129203347
S43A10T04,filtered,34,1.1333333333333333,False,False,0.2640134272879442,0.1749662831617016,-1.2834054996461617,-1.266670911083735,-0.0167345885624266,-0.17882177513772346,0.7837701469213514,-0.9625919220590748,2.300700885868617,2.3022745071573176,-0.001573621288700533
S43A10T04,filtered,35,1.1666666666666667,False,False,0.2637419599196907,0.1739632950863519,-1.283204979410763,-1.266920905618232,-0.01628407379253094,-0.17871213868058775,0.7835041782155991,-0.9622163168961869,2.3003486999685547,2.3026291727090307,-0.002280472740475936
S43A10T04,filtered,36,1.2,False,False,0.2636050775617714,0.17316736566041646,-1.282969627987014,-1.2671469266350073,-0.015822701352006696,-0.1786470773721865,0.7829930007534702,-0.9616400781256567,2.30005870065683,2.3027378635401448,-0.002679162883314934
S43A10T04,filtered,37,1.2333333333333334,False,True,0.2635929898473913,0.17262088667221498,-1.282721198434502,-1.2673250301409693,-0.01539616829353263,-0.17862775134749145,0.7822731287623756,-0.9609008801098671,2.2998353976841632,2.3025978407413357,-0.0027624430571724368
S43A10T04,filtered,38,1.2666666666666666,False,True,0.2636997143939286,0.17236007331168857,-1.282481418026304,-1.2674378634478762,-0.015043554578427765,-0.17865395614949753,0.7813872450656051,-0.9600412012151026,2.2996792290931687,2.3022177401429076,-0.0025385110497389007
S43A10T04,filtered,39,1.3,False,True,0.2639230742793757,0.17241165390350188,-1.282270801065642,-1.2674749298563193,-0.014795871209322797,-0.17872377327406877,0.7803822925384516,-0.9591060658125203,2.299586410708463,2.301617981994996,-0.002031571286532863
S43A10T04,filtered,40,1.3333333333333333,False,False,0.26426366624660635,0.17278969922424192,-1.2821075132848259,-1.26743232312218,-0.014675190162645846,-0.17883319758614435,0.77930752765118,-0.9581407252373244,2.299549189991084,2.300830435839023,-0.0012812458479389832
S43A10T04,filtered,41,1.3666666666666667,False,False,0.26472295207282964,0.17349299062995072,-1.2820063325934603,-1.2673120875637278,-0.014694245029732489,-0.1789758212271939,0.7782125702886683,-0.9571883915158622,2.299556534328188,2.2998972424681634,-0.00034070813997555405
S43A10T04,filtered,42,1.4,False,False,0.2653007834804621,0.17450331831854715,-1.2819777536262302,-1.267121367545736,-0.014856386080494222,-0.1791426676795725,0.7771454722228783,-0.9562881399024508,2.2995952396186277,2.298868765604302,0.0007264740143257953
S43A10T04,filtered,43,1.4333333333333333,False,False,0.2659928021744684,0.17578504436843412,-1.282027285789459,-1.2668714953401363,-0.015155790449322692,-0.17932227072383272,0.7761508256368481,-0.9554730963606808,2.2996513965372136,2.297800730554341,0.0018506659828725347
S43A10T04,filtered,44,1.4666666666666666,False,True,0.2667882297382628,0.17728616109743167,-1.2821549943931276,-1.2665771348353414,-0.015577859557786233,-0.17950107889655376,0.7752679435562797,-0.9547690224528335,2.299712104467741,2.296750698006769,0.0029614064609719826
S43A10T04,filtered,45,1.5,False,False,0.26766855066011136,0.178940931006484,-1.2823553301214305,-1.266255557132569,-0.01609977298886145,-0.17966423622292627,0.7745291642734712,-0.9541934004963974,2.2997672827660303,2.295774109150828,0.003993173615202128
S43A10T04,filtered,46,1.5333333333333334,False,True,0.2686074830027429,0.18067402320032944,-1.2826172820974926,-1.2659260793983191,-0.016691202699173457,-0.17979674601782894,0.7739583581704412,-0.9537551041882701,2.299811401693809,2.2949202133688096,0.0048911883249993515
S43A10T04,filtered,47,1.5666666666666667,False,True,0.269572433718504,0.18240588086425058,-1.2829248733620089,-1.2656096560639285,-0.017315217298080388,-0.1798849701768954,0.773569742416351,-0.9534547125932464,2.2998449460839736,2.2942282416291833,0.005616704454790344
S43A10T04,filtered,48,1.6,False,True,0.27052738109170027,0.18405888677235405,-1.2832579947575826,-1.2653285759552286,-0.01792941880235399,-0.17991835740148002,0.7733671302703484,-0.9532854876718284,2.2998754367444088,2.293724208075377,0.0061512286690317275
S43A10T04,filtered,49,1.6333333333333333,False,False,0.27143686444946646,0.18556376178670275,-1.2835935449473495,-1.265106193522351,-0.018487351424998355,-0.17989123753933783,0.7733437500820555,-0.9532349876213932,2.2999178683847283,2.293418702059097,0.0064991663256313
S43A10T04,filtered,50,1.6666666666666667,False,False,0.272270545370794,0.1868655560549073,-1.283906812523489,-1.2649666093979746,-0.018940203125514365,-0.1798044737447997,0.7734827579513475,-0.9532872316961472,2.2999944761419546,2.2933059694089266,0.00668850673302801
S43A10T04,filtered,51,1.7,False,True,0.27300767970139106,0.18792859011947582,-1.284173003783431,-1.2649342162081985,-0.019238787575232452,-0.179666737289982,0.773758532587481,-0.953425269877463,2.3001338104942555,2.2933644760476373,0.006769334446618203
S43A10T04,filtered,52,1.7333333333333334,False,False,0.2736408289647193,0.188739780580782,-1.2843687905527397,-1.2650330394105866,-0.019335751142153024,-0.1794951680771836,0.7741387796158561,-0.9536339476930397,2.3003691751721798,2.2935590055847666,0.006810169587413206
S43A10T04,filtered,53,1.7666666666666666,False,False,0.27417824044619454,0.18930993777593308,-1.2844737307903413,-1.2652858276820012,-0.019187903108340176,-0.17931521132763203,0.7745873882393914,-0.9539025995670235,2.3007365559152673,2.2938441774777925,0.006892378437474811
S43A10T04,filtered,54,1.8,False,False,0.27464451163826914,0.18967283412816038,-1.2844714050947934,-1.2657128795265575,-0.018758525568235873,-0.17915947850973032,0.7750678835044216,-0.9542273620141519,2.301272230548373,2.294169101566731,0.007103128981641671
S43A10T04,filtered,55,1.8333333333333333,False,False,0.2750793871776279,0.18988208405803375,-1.284350118539706,-1.26633062862765,-0.01801948991205604,-0.17906556573771767,0.7755472146427853,-0.954612780380503,2.3020102946387455,2.2944827299942814,0.007527564644464135
S43A10T04,filtered,56,1.8666666666666667,False,False,0.27553477224198086,0.1900061168725602,-1.284103042105365,-1.2671500471635389,-0.016952994941826116,-0.17907286959145274,0.7759995292726936,-0.9550723988641463,2.3029803556594963,2.2947393515074017,0.008241004152094611
S43A10T04,filtered,57,1.9,False,False,0.2760702498960611,0.19012173082220052,-1.2837277119967032,-1.2681749622613014,-0.015552749735401772,-0.1792185596174753,0.7764095206612371,-0.9556280802787125,2.304205638768388,2.294903615926895,0.009302022841493063
S43A10T04,filtered,58,1.9333333333333333,False,False,0.2767475387243674,0.19030686383052164,-1.2832248665931585,-1.2694004152862317,-0.013824451306926777,-0.17953298755054414,0.7767749150196743,-0.9563079025702185,2.3057017091871965,2.294954491735167,0.010747217452029556
S43A10T04,filtered,59,1.9666666666666666,False,False,0.27762441413265426,0.19063328861606177,-1.2825966753128026,-1.2708112258196957,-0.011785449493106892,-0.18003492316361736,0.777107697815778,-0.9571426209793954,2.3074759535146,2.2948876515599634,0.01258830195463645
S43A10T04,filtered,60,2.0,False,False,0.2787486474398919,0.19115993280049093,-1.2818444944348053,-1.2723809494136846,-0.009463545021120678,-0.1807270929184007,0.7774337657837707,-0.9581608587021714,2.309527881978855,2.2947159424441192,0.014811939534735696
S43A10T04,filtered,61,2.033333333333333,False,False,0.2801525035490312,0.19192744444943077,-1.2809663629399275,-1.2740714354803007,-0.006894927459626832,-0.18159254823283374,0.7777908304040031,-0.9593833786368369,2.3118502245751182,2.294467813388172,0.01738241118694628
S43A10T04,filtered,62,2.066666666666667,False,False,0.2818482926828069,0.1929544849338043,-1.2799545163380586,-1.2758331917753827,-0.004121324562675888,-0.1825923949178133,0.7782245770538865,-0.9608169719716998,2.314430706114577,2.2941838164168016,0.020246889697775217
S43A10T04,filtered,63,2.1,False,False,0.2838254014479651,0.1942360540956769,-1.2787932376042528,-1.2776067371743416,-0.001186500429911197,-0.1836653666606851,0.778783283350247,-0.9624486500109322,2.3172543082351655,2.293911538827836,0.023342769407329378
S43A10T04,filtered,64,2.1333333333333333,False,False,0.28604913451292496,0.19574396004995553,-1.2774573722456724,-1.2793250690414806,0.001867696795808227,-0.18472961962733486,0.7795112981942816,-0.9642409178216165,2.3203057692959175,2.293699531818822,0.02660623747709545
S43A10T04,filtered,65,2.1666666666666665,False,False,0.2884615790684267,0.19742935971856013,-1.2759118024620033,-1.2809172837888179,0.005005481326814554,-0.18568696325689685,0.7804419569708825,-0.9661289202277793,2.3235720431328297,2.293590946299676,0.029981096833153753
S43A10T04,filtered,66,2.2,False,False,0.290984561185888,0.19922713510894763,-1.2741121009307639,-1.2823132728640534,0.008201171933289508,-0.18642953043833244,0.7815906381067248,-0.9680201685450572,2.3270444399609977,2.2936176497918064,0.03342679016919137
S43A10T04,filtered,67,2.2333333333333334,False,False,0.2935246034494027,0.2010617469697149,-1.2720064708983823,-1.2834492804735742,0.011442809575191948,-0.18684864059723968,0.782948736417165,-0.9697973770144047,2.3307202093053347,2.2937955686337386,0.036924640671596176
S43A10T04,filtered,68,2.2666666666666666,False,False,0.29597962975487996,0.20285412626817734,-1.269538934657912,-1.2842739674672141,0.014735032809302107,-0.18684533971147732,0.7844793298049866,-0.9713246695164639,2.3346033939539392,2.294121878735029,0.04048151521891041
S43A10T04,filtered,69,2.3,False,False,0.2982470108755254,0.20452912099152276,-1.2666535710443212,-1.2847544947244445,0.018100923680123282,-0.18634183507104263,0.7861152439439083,-0.9724570790149509,2.3387048793672154,2.2945744687051755,0.04413041066203993
S43A10T04,filtered,70,2.3333333333333335,False,False,0.3002324158887526,0.20602300043899335,-1.2632994420691033,-1.2848820372382195,0.021582595169116203,-0.18529280679118745,0.7877600753666731,-0.9730528821578606,2.3430416741480453,2.295113843571026,0.047927830577019215
S43A10T04,filtered,71,2.3666666666666667,False,False,0.3018588378524711,0.20729051802172438,-1.2594357088993298,-1.2846760847396097,0.02524037584027994,-0.1836954017168206,0.7892925215766249,-0.9729879232934455,2.3476355700381597,2.2956873538019487,0.05194821623621104
S43A10T04,filtered,72,2.4,False,False,0.3030751011986015,0.20831103554240538,-1.2550363372089712,-1.284186891870028,0.02915055466105687,-0.18159662687169092,0.7905740957611282,-0.9721707226328191,2.3525114288591533,2.296235353587682,0.05627607527147127
S43A10T04,filtered,73,2.433333333333333,False,False,0.3038631353543824,0.20909321293046323,-1.250093747882857,-1.2834955220155437,0.033401774132686635,-0.1790968839807446,0.7914599859450224,-0.9705568699257671,2.3576954141507014,2.2966986438323955,0.06099677031830586
S43A10T04,filtered,74,2.466666666666667,False,False,0.3042433163668008,0.20967777293806011,-1.2446207929576159,-1.2827110884454966,0.03809029548788079,-0.17634854224217342,0.7918124718879312,-0.9681610141301047,2.3632135154878915,2.2970263654637932,0.06618715002409825
S43A10T04,filtered,75,2.5,False,False,0.3042772384563223,0.2101378748695304,-1.238650534453029,-1.2819650291297227,0.04331449467669368,-0.1735487421549458,0.791515962271989,-0.9650647044269347,2.369090697076343,2.2971833991711432,0.07190729790519956
S43A10T04,filtered,76,2.533333333333333,False,False,0.3040673822902259,0.21057669516608546,-1.2322334743512253,-1.2814025407092804,0.04916906635805507,-0.17092605482169823,0.7904923916264406,-0.9614184464481388,2.375350938589098,2.297156314646916,0.07819462394218224
S43A10T04,filtered,77,2.566666666666667,False,False,0.30375329579191024,0.21112193588260064,-1.2254321186166006,-1.2811716140914926,0.05573949547489199,-0.16872116961680234,0.7887154592317573,-0.9574366288485596,2.382018330568643,2.296957004675651,0.0850613258929922
S43A10T04,filtered,78,2.6,False,False,0.303504093621593,0.21191717875681593,-1.2183130398154964,-1.281410421635865,0.06309738182036861,-0.16716241294773906,0.786222042234445,-0.9533844551821841,2.389119249479455,2.2966233368655598,0.09249591261389511
S43A10T04,filtered,79,2.6333333333333333,False,False,0.3035073108352604,0.21311027428945195,-1.2109369068271654,-1.2822340630785687,0.07129715625140332,-0.16643756085529465,0.7831191109897959,-0.9495566718450905,2.3966854829532287,2.296216447770842,0.1004690351823867
S43A10T04,filtered,80,2.6666666666666665,False,False,0.3039544178109089,0.21483928702039212,-1.20334724551661,-1.2837218472462397,0.08037460172962962,-0.1666640344879936,0.7795846448593289,-0.9462486793473225,2.4047580204536807,2.295814668495748,0.10894335195793259
S43A10T04,filtered,81,2.7,False,False,0.305023627790499,0.21721687751110674,-1.195558947199641,-1.2859063431888202,0.09034739598917918,-0.16786008870431463,0.7758614028709254,-0.9437214915752401,2.413391085561102,2.2955044743559565,0.11788661120514554
S43A10T04,filtered,82,2.7333333333333334,False,False,0.30686101492648366,0.22031434194310728,-1.1875477191975372,-1.2887653671414971,0.10121764794395993,-0.16991994846531286,0.7722429352714884,-0.9421628837368012,2.422655879494832,2.2953692514055684,0.1272866280892635
S43A10T04,filtered,83,2.7666666666666666,False,False,0.30956139614991457,0.22414679870203824,-1.1792417454279343,-1.2922178865834386,0.11297614115550436,-0.1725959511468061,0.7690518949131631,-0.9416478460599691,2.4326434455857013,2.2954770221759255,0.1371664234097758
S43A10T04,filtered,84,2.8,False,False,0.31315085075872406,0.22866115769344564,-1.1705167747570087,-1.2961245386899316,0.12560776393292294,-0.17549056699128912,0.7666114661837787,-0.9421020331750678,2.4434660625783824,2.2958685252489284,0.14759753732945402
S43A10T04,filtered,85,2.8333333333333335,False,False,0.3175730350807842,0.23372849373411708,-1.161195671791003,-1.3002931043951373,0.13909743260413432,-0.17806066932150413,0.7652115027758903,-0.9432721720973944,2.455256638214815,2.2965471592493323,0.15870947896548282
S43A10T04,filtered,86,2.8666666666666667,False,False,0.32268145005295784,0.2391422486431074,-1.1510531530001373,-1.3044888797554344,0.15343572675529704,-0.17963561467928402,0.7650716750863511,-0.9447072897656351,2.4681657051701666,2.2974722557765554,0.1706934493936112
S43A10T04,filtered,87,2.9,False,False,0.3282394400751923,0.2446233056062732,-1.1398260084693794,-1.308449470316384,0.1686234618470046,-0.17944960762607357,0.7663044951873893,-0.9457541028134628,2.4823558135611745,2.2985569292591634,0.18379888430201108
S43A10T04,filtered,88,2.933333333333333,False,False,0.33392895755399005,0.24983243148529333,-1.127228607325408,-1.3119031263336722,0.18467451900826415,-0.1766875365993921,0.7688814427501498,-0.9455689793495419,2.4979933545935413,2.2996713752395808,0.19832197935396056
S43A10T04,filtered,89,2.966666666666667,False,False,0.33936815001497644,0.2543899039537938,-1.1129729453771644,-1.3145893605616672,0.2016164151845028,-0.17054207881186118,0.7726055059953798,-0.943147584807241,2.515238117959069,2.3006519813211126,0.21458613663795623
S43A10T04,filtered,90,3.0,False,False,0.34413679843955636,0.257901384091056,-1.0967919670233532,-1.3162802705127565,0.2194883034894033,-0.16027851206709864,0.7770932468876561,-0.9373717589547548,2.5342311555408674,2.301316022123056,0.23291513341781123
S43A10T04,filtered,91,3.033333333333333,False,False,0.3478077121509749,0.25998833101667196,-1.0784644339996565,-1.3168007509050028,0.2383363169053463,-0.1453024831495969,0.7817689944839417,-0.9270714776335386,2.555081767431721,2.3014810875683684,0.2536006798633528
S43A10T04,filtered,92,3.066666666666667,False,False,0.3499814567189844,0.2603205667272892,-1.057839273996429,-1.31604566012431,0.25820638612788094,-0.12522511119848767,0.7858729868641181,-0.9110980980626058,2.577854615074915,2.3009878041564864,0.27686681091842846
S43A10T04,filtered,93,3.1,False,False,0.35032129539390106,0.2586480784026586,-1.0348571696440916,-1.3139920299475665,0.2791348603034749,-0.09991938066404216,0.7884842692185288,-0.8884036498825709,2.602558075242222,2.2997239116998616,0.30283416354236037
S43A10T04,filtered,94,3.1333333333333333,False,False,0.3485849869790615,0.2548288833171597,-1.0095671792216112,-1.3107046122830504,0.30113743306143914,-0.06956190124454792,0.7885579869288126,-0.8581198881733605,2.6291349575679615,2.2976474069966644,0.3314875505712971
S43A10T04,filtered,95,3.1666666666666665,False,False,0.34465014175157044,0.24884985548869265,-0.9821364354992205,-1.3063334644220126,0.3241970289227921,-0.034654834132696856,0.7849754828779507,-0.8196303170106476,2.657456605146303,2.294806304607699,0.36265030053860414
S43A10T04,filtered,96,3.2,False,False,0.3385302409147572,0.24083787068308005,-0.9528514488116272,-1.301102893376124,0.34825144456449675,0.003975901364283973,0.776604429188781,-0.7726285278244971,2.6873211802877988,2.2913526239482076,0.39596855633959116
S43A10T04,filtered,97,3.2333333333333334,False,False,0.33037921228706923,0.23105946821677414,-0.9221102208303135,-1.2952918935804525,0.373181672750139,0.04520819176873736,0.7623652150616226,-0.7171570232928852,2.718456616672273,2.2875485064333825,0.43090811023889053
S43A10T04,filtered,98,3.2666666666666666,False,False,0.32048362482839343,0.21990839542634566,-0.890405206182623,-1.2892071714658142,0.39880196528319123,0.0876768992384409,0.7412990920867454,-0.6536221928483045,2.750528319561183,2.283762893096465,0.46676542646471786
S43A10T04,filtered,99,3.3,True,False,0.3092430518158317,0.20788177035337818,-0.8582980643464164,-1.283150869086545,0.42485280474012854,0.12985007568623708,0.7126332487064136,-0.5827831730201766,2.7831512553149245,2.2804579268618195,0.502693328453105
S43A10T04,filtered,100,3.3333333333333335,False,True,0.2971408052531556,0.19554698949571847,-0.8263880283287109,-1.2773860545768836,0.45099802624817265,0.17012332422961424,0.675838118425552,-0.5057147941959377,2.815905637767242,2.27816513496212,0.5377405028051219
S43A10T04,filtered,101,3.3666666666666667,True,False,0.28470880660311876,0.1835027046183364,-0.7952764731056394,-1.2721037886385729,0.47682731553293345,0.20692539682220426,0.6306728475726919,-0.4237474507504877,2.848355043436732,2.2774524213515015,0.5709026220852307
S43A10T04,filtered,102,3.4,True,False,0.2724914666961995,0.17233798078248053,-0.765530791511097,-1.2673959419376963,0.5018651504265993,0.23882666849450732,0.5772159215648858,-0.3383892530703785,2.880065518113937,2.2788838609594686,0.6011816571544686
S43A10T04,filtered,103,3.433333333333333,True,False,0.2610136668808909,0.1625939584432594,-0.7376508910626149,-1.2632377854200638,0.5255868943574489,0.2646414408472845,0.5158793636649863,-0.2512379228177018,2.9106241118700242,2.282975130965986,0.6276489809040382
S43A10T04,filtered,104,3.466666666666667,False,True,0.25075689371149634,0.15473189948222732,-0.7120414572636299,-1.2594836189509029,0.547442161687273,0.28351521606733376,0.4474064917454458,-0.16389127567811201,2.9396553206292753,2.2901480373727825,0.6495072832564928
S43A10T04,filtered,105,3.5,True,False,0.24214522437450697,0.14911045035571324,-0.6889925791596904,-1.25587735560025,0.5668847764405597,0.29498916457550356,0.37285470319893177,-0.07786553862342821,2.9668341244146768,2.300687918507457,0.6661462059072196
S43A10T04,filtered,106,3.533333333333333,False,True,0.23553973141038728,0.14597348746266592,-0.6686704503005041,-1.2520781738204656,0.5834077235199615,0.2990358957767658,0.29356589710545566,0.00546999867131015,2.9918946788438268,2.3147076868089247,0.6771869920349021
S43A10T04,filtered,107,3.566666666666667,False,True,0.23123718642080235,0.14544830188108082,-0.6511187488110141,-1.247699336429382,0.596580587618368,0.296063146839443,0.21112772547532976,0.08493542136411325,3.014634199137277,2.332121903014,0.682512296123277
S43A10T04,filtered,108,3.6,True,False,0.22946815109211102,0.14755244483199137,-0.6362701124861913,-1.2423563697653777,0.6060862572791864,0.2868848700633692,0.1273287938969469,0.1595560761664223,3.0349121164933233,2.3526335963481975,0.6822785201451258
S43A10T04,filtered,109,3.6333333333333333,True,False,0.23039140566972305,0.15220655347403733,-0.6239660222965377,-1.2357193106369397,0.611753288340402,0.27266212572037624,0.04411025844852021,0.22855186727185603,3.05264511407344,2.3757356123578806,0.6769095017155595
S43A10T04,filtered,110,3.6666666666666665,True,False,0.23408533063997353,0.15925005942404225,-0.6139825381833535,-1.2275629032032558,0.6135803650199023,0.2548188701042714,-0.0364848156527569,0.2913036857570283,3.0677990921613314,2.4007271669855723,0.6670719251757591
S43A10T04,filtered,111,3.7,False,False,0.24054000018253405,0.16845686703284568,-0.6060588019582323,-1.2178085907620702,0.6117497888038379,0.23493989287559877,-0.11236417207189256,0.34730406494749133,3.0803794098072723,2.42674510164788,0.6536343081593925
S43A10T04,filtered,112,3.7333333333333334,False,False,0.2496541646633958,0.17954877494738453,-0.5999250875983393,-1.2065529050224255,0.6066278174240862,0.21465958748502556,-0.18144201607052451,0.3961016035555501,3.0904208661635777,2.4528081619104127,0.637612704253165
S43A10T04,filtered,113,3.7666666666666666,False,False,0.261238833117454,0.1922054240210873,-0.5953274376570061,-1.1940783054871447,0.5987508678301385,0.19555080077747258,-0.24169903193728504,0.4372498327147576,3.097978808074158,2.477871550193962,0.6201072578801963
S43A10T04,filtered,114,3.8,False,False,0.27502587648306426,0.20607067428480863,-0.5920465235237738,-1.1808444764001584,0.5887979528763846,0.17902266963786534,-0.2912481457137043,0.4702708153515696,3.1031224966824063,2.500888110848941,0.6022343858334653
S43A10T04,filtered,115,3.8333333333333335,False,False,0.29067832862364373,0.2207563373290662,-0.5899092134245755,-1.1674603029696258,0.5775510895450503,0.166235183479071,-0.32840668398961914,0.49464186746869016,3.1059314724290528,2.52087186387835,0.5850596085507029
S43A10T04,filtered,116,3.8666666666666667,False,False,0.3077996315452136,0.2358449501442974,-0.5887923043519188,-1.154638949615749,0.5658466452638302,0.1580363724575543,-0.3517742319680398,0.5098106044255941,3.106495178592878,2.536959270149541,0.5695359084433371
S43A10T04,filtered,117,3.9,False,False,0.32594103592537477,0.2508936619111364,-0.588618840804249,-1.1431403835489484,0.5545215427446994,0.15492573992217323,-0.3603137027539963,0.5152394426761695,3.1049156013275048,2.548463630141773,0.5564519711857319
S43A10T04,filtered,118,3.933333333333333,False,False,0.34460834910694316,0.2654412711048102,-0.5893482804405907,-1.1337070979537585,0.5443588175131677,0.15704509488884524,-0.35343115682564874,0.510476251714494,3.101312223499553,2.5549184137513334,0.5463938097482197
S43A10T04,filtered,119,3.966666666666667,False,False,0.36327036393832307,0.2790200136260109,-0.5909623764396432,-1.1269995282565464,0.5360371518169031,0.16419555662749433,-0.3310480721821778,0.4952436288096721,3.0958282297068553,2.55610608611176,0.5397221435950952
S43A10T04,filtered,120,4.0,False,False,0.381371422362953,0.2911729335648864,-0.5934489700056952,-1.1235376472153382,0.530088677209643,0.17587742714154475,-0.2936583927042975,0.46953581984584225,3.088636687882394,2.5520700946216595,0.5365665932607344
S43A10T04,filtered,121,4.033333333333333,False,False,0.3983498693373495,0.301476677006572,-0.596785912082899,-1.12365448968692,0.5268685776040211,0.19134803107236842,-0.24236207746848845,0.4337101085408569,3.079945398154345,2.543109037535371,0.5368363606189739
S43A10T04,filtered,122,4.066666666666666,False,False,0.4136629447748313,0.3095684731401829,-0.6009270937154394,-1.127466005350326,0.5265389116348866,0.20969160939975584,-0.17886726843095774,0.3885588778307136,3.0699992485387204,2.529753529235453,0.5402457193032673
S43A10T04,filtered,123,4.1,False,False,0.4268172415004508,0.31517505656516287,-0.605792127093591,-1.1348598488317017,0.5290677217381107,0.22989495347977587,-0.10545470959224762,0.3353496630720235,3.059079230241589,2.5127277665143612,0.5463514637272278
S43A10T04,filtered,124,4.133333333333334,True,False,0.43740249080546734,0.31814049073546136,-0.6112606699383626,-1.1455037177627438,0.5342430478243813,0.25092264356178434,-0.02490067107953143,0.27582331464131576,3.047497698143458,2.4928991232621582,0.5545985748812998
S43A10T04,filtered,125,4.166666666666667,False,False,0.44512535653804114,0.318449409109957,-0.6171718100593031,-1.1588718789555301,0.541700068896227,0.2717864228797271,0.059641810896440266,0.21214461198328682,3.035589949197038,2.471220102543395,0.5643698466536433
S43A10T04,filtered,126,4.2,True,False,0.44983930986543774,0.31624219481756755,-0.6233283942530143,-1.17428680062093,0.5509584063679156,0.2916042724824067,0.14479938626906774,0.14680488621333898,3.02370265715899,2.4486675299553484,0.5750351272036416
S43A10T04,filtered,127,4.233333333333333,False,False,0.45156663270691144,0.3118191093648379,-0.6295057408532917,-1.190971509204272,0.5614657683509804,0.3096460155016243,0.22716417575217424,0.08248183974945006,3.012180074316425,2.4261839099476057,0.5859961643688192
S43A10T04,filtered,128,4.266666666666667,True,False,0.45050917239782234,0.3056313205693739,-0.6354638373020727,-1.2081075263259562,0.5726436890238835,0.32536363629839055,0.30349649130674483,0.021867144991645715,3.001349137718367,2.4046253890162657,0.5967237487021015
S43A10T04,filtered,129,4.3,True,False,0.4470455483261269,0.2982580639065828,-0.6409618929737747,-1.224893058866464,0.5839311658926892,0.3384058281831999,0.37092893140120436,-0.032523103218004445,2.9915046798093123,2.3847198530398845,0.6067848267694278
S43A10T04,filtered,130,4.333333333333333,True,False,0.44171389747106515,0.29037064596032747,-0.6457739836959453,-1.240596489114731,0.5948225054187857,0.3486174847470822,0.42715449327917093,-0.07853700853208873,2.9828958588413084,2.367037468636985,0.6158583902043233
S43A10T04,filtered,131,4.366666666666666,True,False,0.43518067024890034,0.28268549088779893,-0.649704478223067,-1.2546010557320324,0.6048965775089654,0.3560258531147904,0.4705812917721913,-0.11455543865740092,2.9757147388705265,2.3519746331665266,0.623740105704
S43A10T04,filtered,132,4.4,False,False,0.4281971624217879,0.2759097727415396,-0.6526019730780553,-1.266437794060237,0.6138358209821816,0.36081582852922156,0.5004383559185345,-0.1396225273893129,2.9700877189386605,2.339751000656428,0.6303367182822326
S43A10T04,filtered,133,4.433333333333334,True,False,0.4215461978954992,0.2706842187707048,-0.6543705794517605,-1.2758051495950042,0.6214345701432438,0.36329736822001524,0.5168207446622233,-0.15352337644220804,2.9660702838033695,2.3304181515983875,0.635652132204982
S43A10T04,filtered,134,4.466666666666667,True,False,0.415981730342643,0.2675282897014464,-0.654977603226732,-1.28257502029366,0.6275974170669281,0.36386823718911,0.5206675763143614,-0.15679933912525146,2.963645350449908,2.323877677237903,0.6397676732120048
S43A10T04,filtered,135,4.5,False,False,0.4121645679378514,0.2667930576263311,-0.6544569314284746,-1.286786173924729,0.6323292424962544,0.3629752827284723,0.5136729562490236,-0.15069767352055136,2.9627253181380886,2.319906001591428,0.6428193165466607
S43A10T04,filtered,136,4.533333333333333,False,False,0.41059862909400224,0.26862667170489996,-0.652907772726263,-1.2886269215271524,0.6357191488008894,0.36107719318250725,0.4981364858142323,-0.13705929263172506,2.9631577805103753,2.318183158845667,0.6449746216647081
S43A10T04,filtered,137,4.566666666666666,False,False,0.4115743779899229,0.2729563394712964,-0.6504887739066831,-1.2884095531146182,0.6379207792079351,0.3586112649664701,0.4767662350416154,-0.1181549700751453,2.9647347056261157,2.3183229263228253,0.6464117793032904
S43A10T04,filtered,138,4.6,True,False,0.4151284432694127,0.27948932389113534,-0.6474079171611095,-1.286539347488811,0.6391314303277015,0.3559661253744443,0.4524519958183527,-0.09648587044390844,2.9672047171321174,2.3199021029318283,0.6473026142002891
S43A10T04,filtered,139,4.633333333333334,False,False,0.4210288333807275,0.2877336828673851,-0.643908956661578,-1.2834809786285795,0.6395720219670015,0.35346169163180974,0.42802968992924295,-0.07456799829743321,2.9702879122233115,2.3224872327983226,0.6478006794249889
S43A10T04,filtered,140,4.666666666666667,True,False,0.42879194782218466,0.2970375270541339,-0.6402554387639922,-1.2797249053599722,0.63946946659598,0.3513369496437063,0.4060586181932129,-0.05472166854950655,2.973692439870724,2.325657625902106,0.6480348139686183
S43A10T04,filtered,141,4.7,True,False,0.4377312664731045,0.3066436506639949,-0.6367135371617295,-1.2757559157830385,0.639042378621309,0.3497454703199107,0.38863171823590664,-0.03888624791599593,2.977131860667633,2.329024059905244,0.6481078007623893
S43A10T04,filtered,142,4.733333333333333,False,False,0.44703089113070754,0.31575472317816033,-0.6335350054329013,-1.272025480983289,0.6384904755503876,0.34875800173985166,0.37723535090631244,-0.028477349166460775,2.9803421517356057,2.3322430117917916,0.6480991399438141
S43A10T04,filtered,143,4.766666666666667,False,False,0.4558328073927002,0.3236030280065907,-0.6309415041903235,-1.26892903104996,0.6379875268596364,0.34837102211771376,0.37266981093436347,-0.024298788816649708,2.983097142221538,2.3350266280966476,0.6480705141248904
S43A10T04,filtered,144,4.8,False,False,0.4633257702227166,0.3295181575427102,-0.6291114117546424,-1.266788763218271,0.6376773514636287,0.34851983294857347,0.37503539332329766,-0.02651556037472419,2.9852211956514134,2.3371488757740524,0.648072319877361
S43A10T04,filtered,145,4.833333333333333,False,False,0.46882521323327286,0.33298620373105936,-0.6281699974814101,-1.2658421656816343,0.6376721682002242,0.3490946157653402,0.38378218060350205,-0.03468756483816188,2.9865981092524354,2.338448418397445,0.6481496908549902
S43A10T04,filtered,146,4.866666666666666,False,False,0.47183615946681995,0.3336948072870307,-0.6281835501413962,-1.2662361043209605,0.6380525541795643,0.34995785589150286,0.39781549167397645,-0.047857635782473595,2.9871754740517438,2.3388287526279363,0.6483467214238074
S43A10T04,filtered,147,4.9,False,False,0.47209388309507316,0.331559846253048,-0.6291577345473078,-1.2680260675049058,0.6388683329575979,0.3509616298373156,0.41564381223754787,-0.06468218240023227,2.986964112251063,2.3382560551817506,0.6487080570693124
S43A10T04,filtered,148,4.933333333333334,False,False,0.4695797566003412,0.326731384182706,-0.6310401214483501,-1.2711799821774368,0.6401398607290867,0.35196343486987447,0.4355525152143038,-0.08358908034442936,2.9860326443587946,2.336755078637382,0.6492775657214125
S43A10T04,filtered,149,4.966666666666667,False,False,0.4645123116345151,0.31957854478088543,-0.633726521493042,-1.275585889562766,0.6418593680697241,0.35283948727779557,0.455785075895466,-0.10294558861767045,2.9844976915386465,2.334403341263366,0.6500943502752805
S43A10T04,filtered,150,5.0,False,False,0.4573160232382064,0.31065500504366605,-0.6370704764328289,-1.2810626934568239,0.643992217023995,0.3534947104194369,0.4747138606222821,-0.12121915020284518,2.9825106370854098,2.3313238141709673,0.6511868229144424
S43A10T04,filtered,151,5.033333333333333,False,False,0.44857254842821365,0.3006485909326082,-0.6408950413751401,-1.2873731656596994,0.6464781242845593,0.35386895654535866,0.4909847650014104,-0.13711580845605176,2.9802422046125323,2.327676330485193,0.6525658741273395
S43A10T04,filtered,152,5.066666666666666,False,False,0.4389608391943774,0.29031984687426116,-0.6450058495444029,-1.2942384100137407,0.6492325604693379,0.35393933837521485,0.5036236504494191,-0.1496843120742043,2.977866317646279,2.323648016247769,0.6542183013985103
S43A10T04,filtered,153,5.1,False,False,0.42919336361623817,0.28043531731695004,-0.6492043988474004,-1.3013530439638679,0.6521486451164674,0.3537188660933681,0.5120971873350132,-0.15837832124164508,2.975544759139199,2.319443144810431,0.6561016143287679
S43A10T04,filtered,154,5.133333333333334,False,False,0.4199552997026513,0.2717015717436351,-0.653300542694188,-1.3084004448419622,0.6550999021477741,0.353251870078227,0.5163257950589858,-0.1630739249807588,2.973414042565372,2.3152729102097585,0.6581411323556137
S43A10T04,filtered,155,5.166666666666667,False,False,0.41185193462301384,0.2647057308437504,-0.6571233015015988,-1.3150675136330676,0.6579442121314688,0.3526069177615439,0.5166513053116427,-0.1640443875500988,2.9715756515691947,2.311345665812146,0.6602299857570486
S43A10T04,filtered,156,5.2,False,False,0.40536699074788285,0.2598674710144613,-0.6605293216584113,-1.321058517099027,0.6605291954406157,0.35186808740647996,0.5137662563543088,-0.16189816894782888,2.9700904330490214,2.3078581570854855,0.662232275963536
S43A10T04,filtered,157,5.233333333333333,False,False,0.40083214185941907,0.25740629943413396,-0.663408572139027,-1.3261076667052518,0.6626990945662248,0.3511255323101836,0.5086149580768529,-0.15748942576666924,2.968977482087345,2.3049881818754683,0.6639893002118766
S43A10T04,filtered,158,5.266666666666667,False,False,0.3984067273254536,0.257326434380055,-0.6656871556454452,-1.3299901701239212,0.664303014478476,0.3504662544892975,0.5022784012465861,-0.15181214675728855,2.968217385839679,2.302888946203219,0.6653284396364598
S43A10T04,filtered,159,5.3,False,False,0.3980672209985548,0.2594200413561176,-0.6673273884164321,-1.332531542732515,0.6652041543160829,0.34996591409577416,0.49585563271171396,-0.1458897186159398,2.967759247650733,2.3016851730387966,0.6660740746119362
S43A10T04,filtered,160,5.333333333333333,False,False,0.3996077503046258,0.26328800988238443,-0.668325539128748,-1.3336149916379683,0.6652894525092202,0.34968234322447367,0.49035345098576905,-0.14067110776129538,2.9675305384441653,2.301470802154975,0.6660597362891902
S43A10T04,filtered,161,5.366666666666666,False,False,0.402654254309231,0.2683760384860592,-0.6687077865300156,-1.333186687264286,0.6644789007342703,0.3496512285668139,0.4865943974426638,-0.1369431688758499,2.967448557943929,2.302307932279244,0.665140625664685
S43A10T04,filtered,162,5.4,False,False,0.4066942470396742,0.2740226319989125,-0.6685250407887797,-1.3312587261572109,0.6627336853684311,0.3498841969531459,0.4851503287608173,-0.13526613180767144,2.9674321602397873,2.3042265405970337,0.6632056196427536
S43A10T04,filtered,163,5.433333333333334,False,False,0.411121505320328,0.279514781930718,-0.6678472703141003,-1.3279095763382274,0.6600623060241271,0.350369302014876,0.4863057108763543,-0.13593640886147834,2.967412419064517,2.3072244966662243,0.6601879223982925
S43A10T04,filtered,164,5.466666666666667,False,False,0.41529163243586603,0.2841466435294313,-0.6667578923419769,-1.3232817991695232,0.6565239068275462,0.3510736888777409,0.49005153593463724,-0.13897784705689636,2.967341074230254,2.3112674779356963,0.6560735962945579
S43A10T04,filtered,165,5.5,False,False,0.4185819876708498,0.2872764591960997,-0.6653486420288657,-1.3175768760454971,0.6522282340166314,0.3519480249864171,0.4961077615230154,-0.1441597365365983,2.9671958919662877,2.3162885806867317,0.650907311279556
S43A10T04,filtered,166,5.533333333333333,False,False,0.42044876706755063,0.28837729675034174,-0.6637151595182381,-1.3110470493054778,0.6473318897872397,0.35293214397385625,0.5039696721785691,-0.1510375282047129,2.9669824539689014,2.3221876701132818,0.6447947838556196
S43A10T04,filtered,167,5.566666666666666,False,False,0.42047491220558575,0.28707783591620517,-0.6619533591145038,-1.3039842246534008,0.642030865538897,0.3539612668626284,0.5129717496931339,-0.15901048283050545,2.966732317807202,2.3288307765194753,0.6379015412877265
S43A10T04,filtered,168,5.6,False,False,0.4184043281384008,0.28319038525363904,-0.6601564987866165,-1.2967061789756986,0.6365496801890821,0.3549721462592389,0.5223616028842433,-0.16738945662500437,2.9664979146490245,2.3360500640796382,0.6304478505693862
S43A10T04,filtered,169,5.633333333333334,False,False,0.4141599563198909,0.27672445884022023,-0.6584127741008465,-1.2895405637155615,0.6311277896147149,0.3559085236791081,0.531376253828366,-0.17546773014925787,2.9663449195898846,2.34364502202855,0.6226998975613345
S43A10T04,filtered,170,5.666666666666667,False,False,0.40784519268354,0.2678854817668126,-0.6568032300101161,-1.2828074682492447,0.6260042382391287,0.35672539058454383,0.5393135365826115,-0.18258814599806766,2.9663431025714213,2.3513855202613114,0.6149575823101099
S43A10T04,filtered,171,5.7,False,False,0.39972982515450645,0.2570594081551314,-0.6553998158946133,-1.276801575832855,0.6214017599382418,0.35739168785403175,0.5455924121270336,-0.18820072427300183,2.9665568135189195,2.3590172228167328,0.6075395907021868
S43A10T04,filtered,172,5.733333333333333,True,False,0.3902230702591039,0.2447851065497988,-0.6542634908962445,-1.271775162356132,0.6175116714598875,0.35789125052994375,0.5497974835520401,-0.1919062330220963,2.967036259425303,2.366269583830719,0.600766675594584
S43A10T04,filtered,173,5.766666666666667,True,False,0.379837420340405,0.23171719137508706,-0.6534423953391878,-1.2679233067640994,0.6144809114249116,0.3582219874861656,0.5517047422418747,-0.19348275475570909,2.967810596919842,2.3728663080030117,0.5949442889168304
S43A10T04,filtered,174,5.8,False,False,0.369147837951913,0.21858248321794838,-0.6529702123688775,-1.2653726582378102,0.6124024458689327,0.3583934616769701,0.5512874306215314,-0.1928939689445613,2.968883611803449,2.378537804861417,0.590345806942032
S43A10T04,filtered,175,5.833333333333333,False,False,0.35875123101583495,0.20613343843914222,-0.652864925610453,-1.2641749125482435,0.6113099869377906,0.358423189581211,0.5487027296952995,-0.19027954011408854,2.9702324215911187,2.383034868246333,0.5871975533447857
S43A10T04,filtered,176,5.866666666666666,False,False,0.3492308668133941,0.19510172607255205,-0.6531282145950228,-1.264305788292554,0.6111775736975311,0.3583320944438943,0.5442616490012829,-0.18592955455738863,2.971809261641571,2.386142619702914,0.5856666419386571
S43A10T04,filtered,177,5.9,False,False,0.34112910686859166,0.18615472001732813,-0.6537457117071601,-1.2656697924354103,0.6119240807282502,0.358139616777595,0.5383859050998412,-0.1802462883222462,2.973546046131816,2.3876936897800536,0.5858523563517624
S43A10T04,filtered,178,5.933333333333334,False,False,0.33492936722428746,0.1798571186535849,-0.6546882753655069,-1.268110478305864,0.6134222029403572,0.35785900210108,0.5315566228682556,-0.17369762076717554,2.975361075196604,2.3875796669595726,0.5877814082370314
S43A10T04,filtered,179,5.966666666666667,False,False,0.33104484882987656,0.17663930759992397,-0.6559143258519923,-1.2714252984632985,0.6155109726113063,0.3574932504790288,0.5242602929932393,-0.16676704251421048,2.9771670246846083,2.3857599888669174,0.5914070358176908
S43A10T04,filtered,180,6.0,False,False,0.32980852319763443,0.1767735304437532,-0.6573731601967289,-1.2753836160617267,0.6180104558649978,0.3570321310559158,0.5169375035142165,-0.15990537245830072,2.9788792297160853,2.382267643192937,0.5966115865231485
S43A10T04,filtered,181,6.033333333333333,False,False,0.3314579547666684,0.18035847806964744,-0.6590090309990286,-1.27974603509487,0.6207370040958413,0.3564505481185417,0.5099395078051985,-0.15348895968665677,2.980423268441628,2.377211248726507,0.6032120197151212
S43A10T04,filtered,182,6.066666666666666,False,False,0.33611125311728746,0.18731256053840784,-0.6607656609909331,-1.2842830051563188,0.6235173441653856,0.3557084071639163,0.5034967256396445,-0.14778831847572826,2.981740964408639,2.370773275584359,0.6109676888242799
S43A10T04,filtered,183,6.1,False,False,0.34373632005300664,0.19737586170991372,-0.6625907876587098,-1.2887906942051197,0.6261999065464099,0.35475198522006357,0.4977018886106156,-0.14294990339055202,2.982794137638205,2.3632043301169023,0.6195898075213027
S43A10T04,filtered,184,6.133333333333334,False,False,0.3541216456741879,0.21012054945749647,-0.6644403024566035,-1.2931024193944851,0.6286621169378817,0.353516673871293,0.49250888320529296,-0.13899220933399997,2.983565718389362,2.3548135801940964,0.6287521381952654
S43A10T04,filtered,185,6.166666666666667,False,False,0.36685939961987485,0.2249692743480567,-0.6662815726781006,-1.2970944612271866,0.630812888549086,0.3519308484058475,0.4877466026943792,-0.1358157542885317,2.984058159548271,2.345955544863984,0.638102614684287
S43A10T04,filtered,186,6.2,False,False,0.3813487594397704,0.24122080536349033,-0.6680956092123584,-1.3006858006524986,0.6325901914401402,0.34992053127741574,0.48314549920285327,-0.13322496792543753,2.984289406593298,2.33701363368688,0.647275772906418
S43A10T04,filtered,187,6.233333333333333,False,False,0.39682120706160107,0.25808182186669115,-0.6698778614318667,-1.3038321186453659,0.6339542572134992,0.34741446811141413,0.4783732261933152,-0.13095875808190105,2.9842869714655764,2.3283810045750437,0.6559059668905327
S43A10T04,filtered,188,6.266666666666667,False,False,0.41238364977444497,0.2747034384078253,-0.6716375667735359,-1.3065151700265125,0.6348776032529766,0.3443492217890043,0.4730749366165166,-0.12872571482751233,2.984080875511366,2.320439514124632,0.663641361386734
S43A10T04,filtered,189,6.3,False,False,0.42707224655982207,0.29022073622712785,-0.6733957391572583,-1.3087292747548962,0.6353335355976379,0.3406739133774096,0.4669135477276618,-0.1262396343502522,2.983696351705629,2.3135377499442686,0.6701586017613606
S43A10T04,filtered,190,6.333333333333333,False,False,0.43990984780161213,0.30379336745719,-0.6751820285303829,-1.3104670679663122,0.6352850394359293,0.33635429319334254,0.4596056163004534,-0.12325132310711084,2.983147213787502,2.3079693402425745,0.6751778735449276
S43A10T04,filtered,191,6.366666666666666,False,False,0.4499616117608684,0.3146452232485464,-0.6770308068306011,-1.311706757684199,0.6346759508535978,0.3313759032823623,0.45094932228383056,-0.11957341900146823,2.9824307098070553,2.303952906300364,0.6784778035066914
S43A10T04,filtered,192,6.4,False,False,0.4563852849225101,0.3221012263932419,-0.6789769208632437,-1.31240294297491,0.6334260221116663,0.32574618386081844,0.4408422976834717,-0.11509611382265328,2.981524493962569,2.3016151306062467,0.6799093633563222
S43A10T04,filtered,193,6.433333333333334,False,False,0.4584741517296557,0.3256195073551009,-0.6810515924509513,-1.3124825752241476,0.6314309827731963,0.31949546957314073,0.42928847350119004,-0.1097930039280493,2.980386099016586,2.3009784298834033,0.6794076691331825
S43A10T04,filtered,194,6.466666666666667,False,False,0.45569166879949075,0.32481751749579635,-0.683278938276942,-1.3118469671817115,0.6285680289047695,0.312676906148544,0.41639454335807824,-0.10371763720953425,2.9789550045541073,2.3019546228625933,0.677000381691514
S43A10T04,filtered,195,6.5,False,False,0.4476974285943785,0.31949098580791735,-0.6856735277910987,-1.310379958772658,0.6247064309815592,0.30536538554076864,0.4023578617521447,-0.09699247621137608,2.9771571083405135,2.3043457474212454,0.6728113609192681
S43A10T04,filtered,196,6.533333333333333,False,False,0.43436448750688644,0.3096249985776438,-0.6882393019710475,-1.3079615359859047,0.6197222340148572,0.2976556420800206,0.38744845193944655,-0.08979280985942595,2.974911150689867,2.307852799693169,0.6670583509966979
S43A10T04,filtered,197,6.566666666666666,False,False,0.41578832452859776,0.29539684490598495,-0.6909700453306684,-1.3044854664989345,0.6135154211682661,0.2896596710820769,0.37198819957982887,-0.08232852849775196,2.9721364401333847,2.312092642153678,0.6600437979797067
S43A10T04,filtered,198,6.6,False,False,0.3922878028292985,0.27717060462847387,-0.6938514471467008,-1.2998789453166464,0.6060274981699456,0.28150362589218686,0.3563302333176339,-0.07482660742544706,2.96876109887596,2.316622680398624,0.6521384184773362
S43A10T04,filtered,199,6.633333333333334,False,False,0.36439850522977246,0.2554837504354881,-0.6968646168316163,-1.2941218955980358,0.5972572787664195,0.27332432422324837,0.34084099405610246,-0.06751666983285409,2.9647299949798787,2.320972182522894,0.6437578124569847
S43A10T04,filtered,200,6.666666666666667,False,False,0.33285873106437797,0.23102629621136672,-0.6999907471140822,-1.2872634786022554,0.5872727314881733,0.2652654576688662,0.3258866809335291,-0.060621223264662905,2.960011552875507,2.3246783743427764,0.6353331785327305
S43A10T04,filtered,201,6.7,False,False,0.2985883193959774,0.20461326035604244,-0.703216464286632,-1.279433541456671,0.5762170771700391,0.25747355920968285,0.31182478019937776,-0.054351220989694915,2.954602726769289,2.327324767769147,0.6272779590001423
S43A10T04,filtered,202,6.733333333333333,False,False,0.2626603598088404,0.17715143940101274,-0.7065392857040395,-1.2708471573337015,0.564307871629662,0.2500937526819913,0.29900039020095837,-0.04890663751896707,2.948531572110889,2.3285786555659076,0.6199529165449813
S43A10T04,filtered,203,6.766666666666667,False,False,0.22626582532199352,0.14960171132671007,-0.7099725384618839,-1.261801052123671,0.5518285136617872,0.2432652947141136,0.2877461957740596,-0.04448090105994598,2.9418570473831513,2.328224417184083,0.6136326301990684
S43A10T04,filtered,204,6.8,False,False,0.19067124116302914,0.12293830694377395,-0.7135490933228075,-1.2526615063290651,0.5391124130062577,0.23711693000284156,0.27838433294244136,-0.041267402939599795,2.9346659114463836,2.32618929552373,0.6084766159226533
S43A10T04,filtered,205,6.833333333333333,True,False,0.15716962347006783,0.09810668775219589,-0.7173233412538997,-1.2438441944276435,0.5265208531737438,0.23176211735894783,0.2712280942959795,-0.03946597693703166,2.927066839513615,2.322558665182651,0.6045081743309639
S43A10T04,filtered,206,6.866666666666666,False,False,0.12702478780919332,0.07598182901975137,-0.7213709843734003,-1.2357872886153896,0.5144163042419893,0.22729424410150734,0.26658148601151016,-0.039287241910002824,2.919182150032395,2.317578526336078,0.6016036236963171
S43A10T04,filtered,207,6.9,False,False,0.10140804254597358,0.05732880653090411,-0.7257864173598529,-1.2289199197783334,0.5031335024184804,0.22378202239842201,0.26473504241981555,-0.04095302002139353,2.911137796532855,2.3116439924441226,0.5994938040887323
S43A10T04,filtered,208,6.933333333333334,False,False,0.0813238699131532,0.04276760925335932,-0.7306777198586962,-1.223628674182593,0.4929509543238968,0.2212653407895298,0.2659569730587163,-0.04469163226918649,2.9030525070891393,2.3052738195782387,0.5977786875109006
S43A10T04,filtered,209,6.966666666666667,False,False,0.06752329043327925,0.032744038226928396,-0.7361595394370934,-1.2202251450858397,0.48406560564874623,0.21975191197445973,0.27047956351748487,-0.05072765154302514,2.895027117545881,2.2990724331172987,0.5959546844285821
S43A10T04,filtered,210,7.0,False,False,0.06043334174188019,0.027508394145630666,-0.7423443892775439,-1.2189176119877798,0.47657322271023594,0.21921509736611988,0.27848165356811966,-0.059266556201999776,2.887135209764875,2.293682290491102,0.5934529192737732
S43A10T04,filtered,211,7.033333333333333,False,False,0.06017963999428728,0.027103386794833595,-0.7493330863973228,-1.2197896696960862,0.4704565832987634,0.21959328448550494,0.2900688436742508,-0.07047555918874585,2.879416105945293,2.289730602199464,0.5896855037458288
S43A10T04,filtered,212,7.066666666666666,False,False,0.06668448993643714,0.03136230082254943,-0.7572051902680889,-1.2227880858735496,0.46558289560546073,0.22079113364664638,0.30525371232619913,-0.08446257867955276,2.8718710727307597,2.2877752474768025,0.5840958252539572
S43A10T04,filtered,213,7.1,False,False,0.07964970319238816,0.039917916789877106,-0.7660103518220552,-1.227721370635333,0.4617110188132777,0.22268289126109936,0.3239386656744182,-0.10125577441331884,2.8644632639972065,2.2882550309046263,0.5762082330925802
S43A10T04,filtered,214,7.133333333333334,False,False,0.09844122378007596,0.05222203248638313,-0.7757614429279671,-1.234269567097721,0.45850812416975395,0.2251177937869914,0.34590403032005934,-0.12078623653306794,2.8571215119194115,2.2914491607430003,0.5656723511764112
S43A10T04,filtered,215,7.166666666666667,False,False,0.12207176391377177,0.06757470937381105,-0.7864302110459014,-1.2420047159001033,0.4555745048542019,0.22792737484791634,0.3708036293396413,-0.14287625449172495,2.8497476149897984,2.297449998401687,0.5522976165881115
S43A10T04,filtered,216,7.2,True,False,0.149283426169197,0.08516166270965542,-0.7979460061001661,-1.2504204241092192,0.4524744180090531,0.23093426384558607,0.39816938885600406,-0.16723512501041798,2.8422263336925537,2.3061518234193077,0.536074510273246
S43A10T04,filtered,217,7.233333333333333,False,False,0.17865065556625156,0.10409761016268915,-0.8101978754302362,-1.2589680949179596,0.44877021948772333,0.23396185892961863,0.42742559035925975,-0.19346373142964113,2.8344369548352644,2.3172567397726374,0.517180215062627
S43A10T04,filtered,218,7.266666666666667,False,False,0.20867787064417614,0.12347296626225357,-0.8230400395367976,-1.267096747908782,0.4440567083719844,0.23684410265489947,0.45791232928871084,-0.22106822663381137,2.82626507841684,2.330297118642467,0.49596795977437313
S43A10T04,filtered,219,7.3,False,False,0.23789211299918314,0.14240105897745803,-0.8363004687096571,-1.2742930467818199,0.43799257807216274,0.23943451239764274,0.4889166984007305,-0.24948218600308775,2.8176132495463846,2.344672338727853,0.4729409108185316
S43A10T04,filtered,220,7.333333333333333,False,False,0.26493001016395773,0.16006305149448452,-0.8497920012142216,-1.2801181767267562,0.4303261755125346,0.24161363743413827,0.5197093201770059,-0.2780956827428676,2.808409208300944,2.3596962315486474,0.4487129767522968
S43A10T04,filtered,221,7.366666666666666,False,False,0.2886148512468222,0.17574794883764233,-0.8633252002188673,-1.2842385584081697,0.4209133581893024,0.2432942358225684,0.5495832216265866,-0.3062889858040182,2.7986108408719383,2.3746507009619764,0.42396013990996195
S43A10T04,filtered,222,7.4,True,False,0.30801865516111016,0.18888541553075733,-0.8767219609400582,-1.2864479956792738,0.40972603473921565,0.24442367854731722,0.5778917572034943,-0.33346807865617706,2.7882073415580066,2.388840539310375,0.39936680224763155
S43A10T04,filtered,223,7.433333333333334,True,False,0.3225049280039057,0.1990695910168836,-0.8898287706961052,-1.2866796526916902,0.39685088199558494,0.2449833742826101,0.6040823738991836,-0.35909899961657354,2.7772165782517524,2.4016445251627245,0.37557205308902786
S43A10T04,filtered,224,7.466666666666667,True,False,0.33174942987400374,0.20607263825437938,-0.9025285064595286,-1.2850071568916335,0.3824786504321048,0.2449853327343546,0.6277234576972723,-0.3827381249629177,2.765679129743756,2.4125584264673,0.3531207032764563
S43A10T04,filtered,225,7.5,False,False,0.33573820073935917,0.20984737888701455,-0.9147497331157288,-1.2816350431746044,0.3668853100588756,0.2444663069199442,0.6485222349082611,-0.4040559279883169,2.753649870446086,2.421226472305326,0.3324233981407603
S43A10T04,filtered,226,7.533333333333333,False,False,0.3347440401403886,0.21051903568204877,-0.9264726378458568,-1.2768796157021196,0.35040697785626285,0.24348023115025766,0.6663326211645548,-0.4228523900142972,2.741188267195191,2.42745908600979,0.31372918118540083
S43A10T04,filtered,227,7.566666666666666,False,False,0.3292843931439318,0.20836679186910123,-0.93773098921998,-1.2711420441987393,0.33341105497875934,0.24208986195432475,0.6811528920293384,-0.4390630300750136,2.728348691211151,2.4312360575024368,0.2971126337087142
S43A10T04,filtered,228,7.6,False,False,0.3200650106224777,0.20379654993721896,-0.9486098223376026,-1.26487608073021,0.31626625839260736,0.24035860492538258,0.6931139707654586,-0.452755365840076,2.7151720247626483,2.4326957276636794,0.28247629709896893
S43A10T04,filtered,229,7.633333333333334,False,False,0.3079147169019862,0.19730688337050917,-0.9592388956623592,-1.2585531438942135,0.29931424823185426,0.2383434596515498,0.7024598893258119,-0.46411642967426214,2.7016796669079564,2.432112021625362,0.26956764528259436
S43A10T04,filtered,230,7.666666666666667,False,False,0.29371707266153857,0.18945067304603036,-0.9697823098381595,-1.2526276459681496,0.2828453361299901,0.23608984526424603,0.709522509891295,-0.4734326646270489,2.6878707447909513,2.4298621805665936,0.2580085642243577
S43A10T04,filtered,231,7.7,False,False,0.27834465521689544,0.18079525479358538,-0.9804249935008477,-1.247505324868249,0.2670803313674014,0.2336288063133843,0.7146928675367876,-0.4810640612234033,2.6737229580052624,2.426388714933858,0.24733424307140428
S43A10T04,filtered,232,7.733333333333333,False,False,0.26260112332489993,0.17188403096971894,-0.9913570204642811,-1.2435169936207595,0.2521599731564784,0.23097678090731966,0.7183915187033532,-0.4874147377960335,2.6591970702039185,2.4221593882606918,0.23703768194322672
S43A10T04,filtered,233,7.766666666666667,False,False,0.24717525022685427,0.1632023854496254,-1.0027569084152126,-1.2408995629268187,0.2381426545116061,0.22813778419085626,0.7210400930235066,-0.4929023088326503,2.6442446588891646,2.417628935181758,0.22661572370740668
S43A10T04,filtered,234,7.8,False,False,0.23260977611800424,0.15515037865705428,-1.0147751509225877,-1.2397854780949356,0.2250103271723478,0.2251075628762438,0.7230359023160229,-0.4979283394397791,2.62881837821291,2.4132057561976934,0.2156126220152168
S43A10T04,filtered,235,7.833333333333333,False,False,0.21928634873652514,0.1480241052429927,-1.027519248459622,-1.2402009124992421,0.21268166403962008,0.2218790465529028,0.7247310191387233,-0.5028519725858205,2.612883707980053,2.4092260868222537,0.20365762115779917
S43A10T04,filtered,236,7.866666666666666,False,False,0.2074261282418002,0.14200681833518147,-1.0410414315027197,-1.2420722619294446,0.20103083042672498,0.21844828425845306,0.7264167520709504,-0.5079684678124973,2.596430972680625,2.405937207316037,0.19049376536458817
S43A10T04,filtered,237,7.9,False,False,0.19710403642496452,0.13717003158620789,-1.055330113976647,-1.2452397746032289,0.18990966062658177,0.2148200230143665,0.7283139601114781,-0.5134939370971116,2.579486327380382,2.403490252396267,0.17599607498411496
S43A10T04,filtered,238,7.933333333333334,False,False,0.18827338886137723,0.13348389075935452,-1.0703058847394311,-1.249476603427182,0.17917071868775092,0.21101215800551545,0.7305691978829314,-0.519557039877416,2.56212042758431,2.401942209368228,0.1601782182160818
S43A10T04,filtered,239,7.966666666666667,False,False,0.18079698052990434,0.1308352548443179,-1.0858225468539937,-1.2545112285200868,0.16868868166609308,0.20705844843441557,0.7332562909066054,-0.5261978424721898,2.5444536297076734,2.401265856169754,0.14318777353791923
S43A10T04,filtered,240,8.0,False,False,0.1744806541940381,0.12905123435579413,-1.1016733605992377,-1.2600510867806278,0.15837772618139012,0.20300912518731637,0.7363826221963624,-0.533373497009046,2.526656807341726,2.4013657620324578,0.12529104530926816
S43A10T04,filtered,241,8.033333333333333,False,False,0.16910581518035314,0.1279254797022802,-1.1176022528199885,-1.2658053494590478,0.14820309663905928,0.19892928617156516,0.739899177159087,-0.5409698909875219,2.50894721224397,2.4020980966130177,0.10684911563095234
