trial,mode,frame0,nominal_time_s,raw_review_flag,raw_repeated_previous,foot_separation_camera_xz_m,foot_separation_camera_x_m,com_camera_x_m,foot_midpoint_camera_x_m,com_relative_to_foot_midpoint_camera_x_m,com_camera_y_m,foot_midpoint_camera_y_m,com_relative_to_foot_midpoint_camera_y_m,com_camera_z_m,foot_midpoint_camera_z_m,com_relative_to_foot_midpoint_camera_z_m
S43A12T02,raw,0,0.0,False,False,0.24628300181220095,0.004930541992187676,-1.4474989448206124,-1.2724789428710936,-0.17502000194951872,-0.1628061577425371,0.6371335754394531,-0.7999397331819902,2.008997394236829,1.9907125244140627,0.018284869822766225
S43A12T02,raw,1,0.03333333333333333,False,True,0.24628300181220095,0.004930541992187676,-1.4474989448206124,-1.2724789428710936,-0.17502000194951872,-0.1628061577425371,0.6371335754394531,-0.7999397331819902,2.008997394236829,1.9907125244140627,0.018284869822766225
S43A12T02,raw,2,0.06666666666666667,False,True,0.24628300181220095,0.004930541992187676,-1.4474989448206124,-1.2724789428710936,-0.17502000194951872,-0.1628061577425371,0.6371335754394531,-0.7999397331819902,2.008997394236829,1.9907125244140627,0.018284869822766225
S43A12T02,raw,3,0.1,False,True,0.24628300181220095,0.004930541992187676,-1.4474989448206124,-1.2724789428710936,-0.17502000194951872,-0.1628061577425371,0.6371335754394531,-0.7999397331819902,2.008997394236829,1.9907125244140627,0.018284869822766225
S43A12T02,raw,4,0.13333333333333333,False,True,0.24628300181220095,0.004930541992187676,-1.4474989448206124,-1.2724789428710936,-0.17502000194951872,-0.1628061577425371,0.6371335754394531,-0.7999397331819902,2.008997394236829,1.9907125244140627,0.018284869822766225
S43A12T02,raw,5,0.16666666666666666,False,True,0.24628300181220095,0.004930541992187676,-1.4474989448206124,-1.2724789428710936,-0.17502000194951872,-0.1628061577425371,0.6371335754394531,-0.7999397331819902,2.008997394236829,1.9907125244140627,0.018284869822766225
S43A12T02,raw,6,0.2,False,True,0.24628300181220095,0.004930541992187676,-1.4474989448206124,-1.2724789428710936,-0.17502000194951872,-0.1628061577425371,0.6371335754394531,-0.7999397331819902,2.008997394236829,1.9907125244140627,0.018284869822766225
S43A12T02,raw,7,0.23333333333333334,False,True,0.24628300181220095,0.004930541992187676,-1.4474989448206124,-1.2724789428710936,-0.17502000194951872,-0.1628061577425371,0.6371335754394531,-0.7999397331819902,2.008997394236829,1.9907125244140627,0.018284869822766225
S43A12T02,raw,8,0.26666666666666666,False,True,0.24628300181220095,0.004930541992187676,-1.4474989448206124,-1.2724789428710936,-0.17502000194951872,-0.1628061577425371,0.6371335754394531,-0.7999397331819902,2.008997394236829,1.9907125244140627,0.018284869822766225
S43A12T02,raw,9,0.3,False,True,0.24628300181220095,0.004930541992187676,-1.4474989448206124,-1.2724789428710936,-0.17502000194951872,-0.1628061577425371,0.6371335754394531,-0.7999397331819902,2.008997394236829,1.9907125244140627,0.018284869822766225
S43A12T02,raw,10,0.3333333333333333,False,True,0.24628300181220095,0.004930541992187676,-1.4474989448206124,-1.2724789428710936,-0.17502000194951872,-0.1628061577425371,0.6371335754394531,-0.7999397331819902,2.008997394236829,1.9907125244140627,0.018284869822766225
S43A12T02,raw,11,0.36666666666666664,False,True,0.24628300181220095,0.004930541992187676,-1.4474989448206124,-1.2724789428710936,-0.17502000194951872,-0.1628061577425371,0.6371335754394531,-0.7999397331819902,2.008997394236829,1.9907125244140627,0.018284869822766225
S43A12T02,raw,12,0.4,False,True,0.24628300181220095,0.004930541992187676,-1.4474989448206124,-1.2724789428710936,-0.17502000194951872,-0.1628061577425371,0.6371335754394531,-0.7999397331819902,2.008997394236829,1.9907125244140627,0.018284869822766225
S43A12T02,raw,13,0.43333333333333335,False,True,0.24628300181220095,0.004930541992187676,-1.4474989448206124,-1.2724789428710936,-0.17502000194951872,-0.1628061577425371,0.6371335754394531,-0.7999397331819902,2.008997394236829,1.9907125244140627,0.018284869822766225
S43A12T02,raw,14,0.4666666666666667,False,True,0.24628300181220095,0.004930541992187676,-1.4474989448206124,-1.2724789428710936,-0.17502000194951872,-0.1628061577425371,0.6371335754394531,-0.7999397331819902,2.008997394236829,1.9907125244140627,0.018284869822766225
S43A12T02,raw,15,0.5,False,True,0.24628300181220095,0.004930541992187676,-1.4474989448206124,-1.2724789428710936,-0.17502000194951872,-0.1628061577425371,0.6371335754394531,-0.7999397331819902,2.008997394236829,1.9907125244140627,0.018284869822766225
S43A12T02,raw,16,0.5333333333333333,False,True,0.24628300181220095,0.004930541992187676,-1.4474989448206124,-1.2724789428710936,-0.17502000194951872,-0.1628061577425371,0.6371335754394531,-0.7999397331819902,2.008997394236829,1.9907125244140627,0.018284869822766225
S43A12T02,raw,17,0.5666666666666667,False,True,0.24628300181220095,0.004930541992187676,-1.4474989448206124,-1.2724789428710936,-0.17502000194951872,-0.1628061577425371,0.6371335754394531,-0.7999397331819902,2.008997394236829,1.9907125244140627,0.018284869822766225
S43A12T02,raw,18,0.6,False,True,0.24628300181220095,0.004930541992187676,-1.4474989448206124,-1.2724789428710936,-0.17502000194951872,-0.1628061577425371,0.6371335754394531,-0.7999397331819902,2.008997394236829,1.9907125244140627,0.018284869822766225
S43A12T02,raw,19,0.6333333333333333,False,True,0.24628300181220095,0.004930541992187676,-1.4474989448206124,-1.2724789428710936,-0.17502000194951872,-0.1628061577425371,0.6371335754394531,-0.7999397331819902,2.008997394236829,1.9907125244140627,0.018284869822766225
S43A12T02,raw,20,0.6666666666666666,False,True,0.24628300181220095,0.004930541992187676,-1.4474989448206124,-1.2724789428710936,-0.17502000194951872,-0.1628061577425371,0.6371335754394531,-0.7999397331819902,2.008997394236829,1.9907125244140627,0.018284869822766225
S43A12T02,raw,21,0.7,False,True,0.24628300181220095,0.004930541992187676,-1.4474989448206124,-1.2724789428710936,-0.17502000194951872,-0.1628061577425371,0.6371335754394531,-0.7999397331819902,2.008997394236829,1.9907125244140627,0.018284869822766225
S43A12T02,raw,22,0.7333333333333333,False,True,0.24628300181220095,0.004930541992187676,-1.4474989448206124,-1.2724789428710936,-0.17502000194951872,-0.1628061577425371,0.6371335754394531,-0.7999397331819902,2.008997394236829,1.9907125244140627,0.018284869822766225
S43A12T02,raw,23,0.7666666666666667,False,True,0.24628300181220095,0.004930541992187676,-1.4474989448206124,-1.2724789428710936,-0.17502000194951872,-0.1628061577425371,0.6371335754394531,-0.7999397331819902,2.008997394236829,1.9907125244140627,0.018284869822766225
S43A12T02,raw,24,0.8,False,True,0.24628300181220095,0.004930541992187676,-1.4474989448206124,-1.2724789428710936,-0.17502000194951872,-0.1628061577425371,0.6371335754394531,-0.7999397331819902,2.008997394236829,1.9907125244140627,0.018284869822766225
S43A12T02,raw,25,0.8333333333333334,False,True,0.24628300181220095,0.004930541992187676,-1.4474989448206124,-1.2724789428710936,-0.17502000194951872,-0.1628061577425371,0.6371335754394531,-0.7999397331819902,2.008997394236829,1.9907125244140627,0.018284869822766225
S43A12T02,raw,26,0.8666666666666667,False,True,0.24628300181220095,0.004930541992187676,-1.4474989448206124,-1.2724789428710936,-0.17502000194951872,-0.1628061577425371,0.6371335754394531,-0.7999397331819902,2.008997394236829,1.9907125244140627,0.018284869822766225
S43A12T02,raw,27,0.9,False,True,0.24628300181220095,0.004930541992187676,-1.4474989448206124,-1.2724789428710936,-0.17502000194951872,-0.1628061577425371,0.6371335754394531,-0.7999397331819902,2.008997394236829,1.9907125244140627,0.018284869822766225
S43A12T02,raw,28,0.9333333333333333,False,True,0.24628300181220095,0.004930541992187676,-1.4474989448206124,-1.2724789428710936,-0.17502000194951872,-0.1628061577425371,0.6371335754394531,-0.7999397331819902,2.008997394236829,1.9907125244140627,0.018284869822766225
S43A12T02,raw,29,0.9666666666666667,False,True,0.24628300181220095,0.004930541992187676,-1.4474989448206124,-1.2724789428710936,-0.17502000194951872,-0.1628061577425371,0.6371335754394531,-0.7999397331819902,2.008997394236829,1.9907125244140627,0.018284869822766225
S43A12T02,raw,30,1.0,False,True,0.24628300181220095,0.004930541992187676,-1.4474989448206124,-1.2724789428710936,-0.17502000194951872,-0.1628061577425371,0.6371335754394531,-0.7999397331819902,2.008997394236829,1.9907125244140627,0.018284869822766225
S43A12T02,raw,31,1.0333333333333334,False,True,0.24628300181220095,0.004930541992187676,-1.4474989448206124,-1.2724789428710936,-0.17502000194951872,-0.1628061577425371,0.6371335754394531,-0.7999397331819902,2.008997394236829,1.9907125244140627,0.018284869822766225
S43A12T02,raw,32,1.0666666666666667,False,True,0.24628300181220095,0.004930541992187676,-1.4474989448206124,-1.2724789428710936,-0.17502000194951872,-0.1628061577425371,0.6371335754394531,-0.7999397331819902,2.008997394236829,1.9907125244140627,0.018284869822766225
S43A12T02,raw,33,1.1,False,True,0.24628300181220095,0.004930541992187676,-1.4474989448206124,-1.2724789428710936,-0.17502000194951872,-0.1628061577425371,0.6371335754394531,-0.7999397331819902,2.008997394236829,1.9907125244140627,0.018284869822766225
S43A12T02,raw,34,1.1333333333333333,False,True,0.24628300181220095,0.004930541992187676,-1.4474989448206124,-1.2724789428710936,-0.17502000194951872,-0.1628061577425371,0.6371335754394531,-0.7999397331819902,2.008997394236829,1.9907125244140627,0.018284869822766225
S43A12T02,raw,35,1.1666666666666667,False,True,0.24628300181220095,0.004930541992187676,-1.4474989448206124,-1.2724789428710936,-0.17502000194951872,-0.1628061577425371,0.6371335754394531,-0.7999397331819902,2.008997394236829,1.9907125244140627,0.018284869822766225
S43A12T02,raw,36,1.2,False,True,0.24628300181220095,0.004930541992187676,-1.4474989448206124,-1.2724789428710936,-0.17502000194951872,-0.1628061577425371,0.6371335754394531,-0.7999397331819902,2.008997394236829,1.9907125244140627,0.018284869822766225
S43A12T02,raw,37,1.2333333333333334,False,True,0.24628300181220095,0.004930541992187676,-1.4474989448206124,-1.2724789428710936,-0.17502000194951872,-0.1628061577425371,0.6371335754394531,-0.7999397331819902,2.008997394236829,1.9907125244140627,0.018284869822766225
S43A12T02,raw,38,1.2666666666666666,False,True,0.24628300181220095,0.004930541992187676,-1.4474989448206124,-1.2724789428710936,-0.17502000194951872,-0.1628061577425371,0.6371335754394531,-0.7999397331819902,2.008997394236829,1.9907125244140627,0.018284869822766225
S43A12T02,raw,39,1.3,False,True,0.24628300181220095,0.004930541992187676,-1.4474989448206124,-1.2724789428710936,-0.17502000194951872,-0.1628061577425371,0.6371335754394531,-0.7999397331819902,2.008997394236829,1.9907125244140627,0.018284869822766225
S43A12T02,raw,40,1.3333333333333333,False,True,0.24628300181220095,0.004930541992187676,-1.4474989448206124,-1.2724789428710936,-0.17502000194951872,-0.1628061577425371,0.6371335754394531,-0.7999397331819902,2.008997394236829,1.9907125244140627,0.018284869822766225
S43A12T02,raw,41,1.3666666666666667,False,True,0.24628300181220095,0.004930541992187676,-1.4474989448206124,-1.2724789428710936,-0.17502000194951872,-0.1628061577425371,0.6371335754394531,-0.7999397331819902,2.008997394236829,1.9907125244140627,0.018284869822766225
S43A12T02,raw,42,1.4,False,True,0.24628300181220095,0.004930541992187676,-1.4474989448206124,-1.2724789428710936,-0.17502000194951872,-0.1628061577425371,0.6371335754394531,-0.7999397331819902,2.008997394236829,1.9907125244140627,0.018284869822766225
S43A12T02,raw,43,1.4333333333333333,False,True,0.24628300181220095,0.004930541992187676,-1.4474989448206124,-1.2724789428710936,-0.17502000194951872,-0.1628061577425371,0.6371335754394531,-0.7999397331819902,2.008997394236829,1.9907125244140627,0.018284869822766225
S43A12T02,raw,44,1.4666666666666666,False,True,0.24628300181220095,0.004930541992187676,-1.4474989448206124,-1.2724789428710936,-0.17502000194951872,-0.1628061577425371,0.6371335754394531,-0.7999397331819902,2.008997394236829,1.9907125244140627,0.018284869822766225
S43A12T02,raw,45,1.5,False,True,0.24628300181220095,0.004930541992187676,-1.4474989448206124,-1.2724789428710936,-0.17502000194951872,-0.1628061577425371,0.6371335754394531,-0.7999397331819902,2.008997394236829,1.9907125244140627,0.018284869822766225
S43A12T02,raw,46,1.5333333333333334,False,True,0.24628300181220095,0.004930541992187676,-1.4474989448206124,-1.2724789428710936,-0.17502000194951872,-0.1628061577425371,0.6371335754394531,-0.7999397331819902,2.008997394236829,1.9907125244140627,0.018284869822766225
S43A12T02,raw,47,1.5666666666666667,False,True,0.24628300181220095,0.004930541992187676,-1.4474989448206124,-1.2724789428710936,-0.17502000194951872,-0.1628061577425371,0.6371335754394531,-0.7999397331819902,2.008997394236829,1.9907125244140627,0.018284869822766225
S43A12T02,raw,48,1.6,False,True,0.24628300181220095,0.004930541992187676,-1.4474989448206124,-1.2724789428710936,-0.17502000194951872,-0.1628061577425371,0.6371335754394531,-0.7999397331819902,2.008997394236829,1.9907125244140627,0.018284869822766225
S43A12T02,raw,49,1.6333333333333333,False,True,0.24628300181220095,0.004930541992187676,-1.4474989448206124,-1.2724789428710936,-0.17502000194951872,-0.1628061577425371,0.6371335754394531,-0.7999397331819902,2.008997394236829,1.9907125244140627,0.018284869822766225
S43A12T02,raw,50,1.6666666666666667,False,True,0.24628300181220095,0.004930541992187676,-1.4474989448206124,-1.2724789428710936,-0.17502000194951872,-0.1628061577425371,0.6371335754394531,-0.7999397331819902,2.008997394236829,1.9907125244140627,0.018284869822766225
S43A12T02,raw,51,1.7,False,True,0.24628300181220095,0.004930541992187676,-1.4474989448206124,-1.2724789428710936,-0.17502000194951872,-0.1628061577425371,0.6371335754394531,-0.7999397331819902,2.008997394236829,1.9907125244140627,0.018284869822766225
S43A12T02,raw,52,1.7333333333333334,False,True,0.24628300181220095,0.004930541992187676,-1.4474989448206124,-1.2724789428710936,-0.17502000194951872,-0.1628061577425371,0.6371335754394531,-0.7999397331819902,2.008997394236829,1.9907125244140627,0.018284869822766225
S43A12T02,raw,53,1.7666666666666666,False,True,0.24628300181220095,0.004930541992187676,-1.4474989448206124,-1.2724789428710936,-0.17502000194951872,-0.1628061577425371,0.6371335754394531,-0.7999397331819902,2.008997394236829,1.9907125244140627,0.018284869822766225
S43A12T02,raw,54,1.8,True,False,0.2532461566007937,0.008258911132812408,-1.4457528399964097,-1.2658778686523438,-0.17987497134406594,-0.15925774855082267,0.6614422912597657,-0.8207000398105884,2.0117963544884687,1.9993241577148437,0.012472196773624988
S43A12T02,raw,55,1.8333333333333333,False,False,0.2572811482984271,0.01169116210937493,-1.4405258778007097,-1.25610546875,-0.18442040905070978,-0.15459937335022583,0.6754117126464844,-0.8300110859967103,2.0129287864815244,2.0147874755859374,-0.0018586891044130027
S43A12T02,raw,56,1.8666666666666667,False,False,0.25675046217249037,0.007280517578124979,-1.4406069740592637,-1.244549072265625,-0.1960579017936388,-0.15354134776613174,0.6703380126953125,-0.8238793604614442,2.018795497608394,2.0317274169921875,-0.012931919383793566
S43A12T02,raw,57,1.9,False,True,0.25675046217249037,0.007280517578124979,-1.4406069740592637,-1.244549072265625,-0.1960579017936388,-0.15354134776613174,0.6703380126953125,-0.8238793604614442,2.018795497608394,2.0317274169921875,-0.012931919383793566
S43A12T02,raw,58,1.9333333333333333,False,False,0.2565855231048434,0.007023437500000007,-1.4398777640989195,-1.2447911376953125,-0.19508662640360708,-0.1530280995960876,0.6712358093261719,-0.8242639089222594,2.0196169533902,2.034643249511719,-0.015026296121518623
S43A12T02,raw,59,1.9666666666666666,False,False,0.2563689398942675,0.008583129882812512,-1.4386808282097843,-1.2423497924804687,-0.19633103572931554,-0.15247833846463024,0.6719682922363281,-0.8244466307009584,2.0205359684256856,2.040432800292969,-0.019896831867283193
S43A12T02,raw,60,2.0,False,False,0.2549848766344471,0.0037099609374999787,-1.4361452141003384,-1.236524658203125,-0.19962055589721328,-0.15158260952537092,0.6759712524414063,-0.8275538619667773,2.0200888115802402,2.0453628540039066,-0.025274042423666376
S43A12T02,raw,61,2.033333333333333,False,False,0.2626379646143495,0.0022818603515624147,-1.4350973183292892,-1.2327817993164063,-0.20231551901288292,-0.15005105301490476,0.6835557556152344,-0.8336068086301391,2.0205625375059237,2.0476454467773437,-0.027082909271419986
S43A12T02,raw,62,2.066666666666667,False,False,0.2643035976963861,0.004174438476562514,-1.435468112121649,-1.2321973266601562,-0.2032707854614928,-0.1500191114730466,0.6845631408691406,-0.8345822523421872,2.021684203020085,2.047341735839844,-0.025657532819759243
S43A12T02,raw,63,2.1,False,False,0.2657889525188553,0.00621374511718753,-1.4347901631335302,-1.2298626098632814,-0.2049275532702488,-0.14927351115969575,0.6892266845703126,-0.8385001957300083,2.02273677853225,2.051064208984375,-0.028327430452125046
S43A12T02,raw,64,2.1333333333333333,False,False,0.26578847800315814,0.006209106445312473,-1.4348170904061597,-1.2298174438476561,-0.20499964655850356,-0.14927866327832992,0.6892265319824219,-0.8385051952607518,2.022748299840263,2.0510558471679685,-0.028307547327705684
S43A12T02,raw,65,2.1666666666666665,False,False,0.26578482490573624,0.006204223632812367,-1.4348207572083238,-1.2298145141601564,-0.2050062430481674,-0.14927723685089275,0.6892182006835939,-0.8384954375344866,2.02274221611574,2.051056396484375,-0.02831418036863509
S43A12T02,raw,66,2.2,False,True,0.26578482490573624,0.006204223632812367,-1.4348207572083238,-1.2298145141601564,-0.2050062430481674,-0.14927723685089275,0.6892182006835939,-0.8384954375344866,2.02274221611574,2.051056396484375,-0.02831418036863509
S43A12T02,raw,67,2.2333333333333334,False,True,0.26578482490573624,0.006204223632812367,-1.4348207572083238,-1.2298145141601564,-0.2050062430481674,-0.14927723685089275,0.6892182006835939,-0.8384954375344866,2.02274221611574,2.051056396484375,-0.02831418036863509
S43A12T02,raw,68,2.2666666666666666,False,False,0.26994284900296,0.0046265869140624805,-1.4386995277884553,-1.2323999633789064,-0.20629956440954889,-0.15261474216387372,0.6734949951171876,-0.8261097372810613,2.023234007018133,2.0598594360351563,-0.03662542901702315
S43A12T02,raw,69,2.3,False,True,0.26994284900296,0.0046265869140624805,-1.4386995277884553,-1.2323999633789064,-0.20629956440954889,-0.15261474216387372,0.6734949951171876,-0.8261097372810613,2.023234007018133,2.0598594360351563,-0.03662542901702315
S43A12T02,raw,70,2.3333333333333335,False,True,0.26994284900296,0.0046265869140624805,-1.4386995277884553,-1.2323999633789064,-0.20629956440954889,-0.15261474216387372,0.6734949951171876,-0.8261097372810613,2.023234007018133,2.0598594360351563,-0.03662542901702315
S43A12T02,raw,71,2.3666666666666667,False,True,0.26994284900296,0.0046265869140624805,-1.4386995277884553,-1.2323999633789064,-0.20629956440954889,-0.15261474216387372,0.6734949951171876,-0.8261097372810613,2.023234007018133,2.0598594360351563,-0.03662542901702315
S43A12T02,raw,72,2.4,False,True,0.26994284900296,0.0046265869140624805,-1.4386995277884553,-1.2323999633789064,-0.20629956440954889,-0.15261474216387372,0.6734949951171876,-0.8261097372810613,2.023234007018133,2.0598594360351563,-0.03662542901702315
S43A12T02,raw,73,2.433333333333333,False,True,0.26994284900296,0.0046265869140624805,-1.4386995277884553,-1.2323999633789064,-0.20629956440954889,-0.15261474216387372,0.6734949951171876,-0.8261097372810613,2.023234007018133,2.0598594360351563,-0.03662542901702315
S43A12T02,raw,74,2.466666666666667,False,False,0.2674094976023675,0.02339489746093748,-1.4355224662031563,-1.2278828735351563,-0.20763959266799992,-0.15612199087490797,0.6597503356933594,-0.8158723265682674,2.0265224463339133,2.0691128540039063,-0.042590407669993
S43A12T02,raw,75,2.5,False,True,0.2674094976023675,0.02339489746093748,-1.4355224662031563,-1.2278828735351563,-0.20763959266799992,-0.15612199087490797,0.6597503356933594,-0.8158723265682674,2.0265224463339133,2.0691128540039063,-0.042590407669993
S43A12T02,raw,76,2.533333333333333,False,True,0.2674094976023675,0.02339489746093748,-1.4355224662031563,-1.2278828735351563,-0.20763959266799992,-0.15612199087490797,0.6597503356933594,-0.8158723265682674,2.0265224463339133,2.0691128540039063,-0.042590407669993
S43A12T02,raw,77,2.566666666666667,False,True,0.2674094976023675,0.02339489746093748,-1.4355224662031563,-1.2278828735351563,-0.20763959266799992,-0.15612199087490797,0.6597503356933594,-0.8158723265682674,2.0265224463339133,2.0691128540039063,-0.042590407669993
S43A12T02,raw,78,2.6,False,True,0.2674094976023675,0.02339489746093748,-1.4355224662031563,-1.2278828735351563,-0.20763959266799992,-0.15612199087490797,0.6597503356933594,-0.8158723265682674,2.0265224463339133,2.0691128540039063,-0.042590407669993
S43A12T02,raw,79,2.6333333333333333,False,True,0.2674094976023675,0.02339489746093748,-1.4355224662031563,-1.2278828735351563,-0.20763959266799992,-0.15612199087490797,0.6597503356933594,-0.8158723265682674,2.0265224463339133,2.0691128540039063,-0.042590407669993
S43A12T02,raw,80,2.6666666666666665,False,False,0.2656686217548538,0.021728515625,-1.43088015086902,-1.216831787109375,-0.2140483637596451,-0.1583105367484101,0.6523791809082031,-0.8106897176566132,2.027059175059083,2.0704481201171876,-0.04338894505810442
S43A12T02,raw,81,2.7,False,False,0.275219979925744,0.03770031738281254,-1.430698427250435,-1.2155032348632813,-0.2151951923871538,-0.15737581409789606,0.6515682983398439,-0.8089441124377399,2.034702625072434,2.087094421386719,-0.05239179631428481
S43A12T02,raw,82,2.7333333333333334,False,False,0.2780698523905727,0.05511608886718755,-1.4261772081135242,-1.2105935668945311,-0.2155836412189931,-0.15779477072525036,0.6515538635253906,-0.809348634250641,2.0355621949571003,2.098212341308594,-0.06265014635149369
S43A12T02,raw,83,2.7666666666666666,False,False,0.2742801312953968,0.04878601074218758,-1.4242367882302853,-1.2070459594726564,-0.21719082875762896,-0.15742732300534545,0.6486636657714844,-0.8060909887768298,2.035426967369196,2.1033673095703125,-0.06794034220111644
S43A12T02,raw,84,2.8,False,False,0.26837182023982364,0.035365844726562345,-1.4232891473132592,-1.2039191284179687,-0.2193700188952905,-0.1557116207814362,0.6516136779785155,-0.8073252987599517,2.036109747883583,2.1080375366210937,-0.07192778873751093
S43A12T02,raw,85,2.8333333333333335,False,False,0.2668729684271361,0.04494165039062503,-1.421406914165967,-1.2017119140625,-0.219695000103467,-0.15889380850842902,0.6432314147949219,-0.8021252233033509,2.0347658955769456,2.1060231323242187,-0.07125723674727302
S43A12T02,raw,86,2.8666666666666667,False,False,0.2671677826992378,0.03517919921875001,-1.4226081101791501,-1.2025549316406252,-0.2200531785385249,-0.15914542677970708,0.6436011352539063,-0.8027465620336134,2.035380909593225,2.1064815673828123,-0.07110065778958718
S43A12T02,raw,87,2.9,False,False,0.26715431231199727,0.03516052246093748,-1.4226000802778862,-1.2025797729492187,-0.2200203073286675,-0.1591347113144846,0.6436110229492188,-0.8027457342637034,2.0353816152707673,2.106511291503906,-0.07112967623313882
S43A12T02,raw,88,2.933333333333333,False,False,0.2670865736676589,0.03507604980468759,-1.422566739393783,-1.2027488403320312,-0.21981789906175186,-0.15907352564583976,0.64366162109375,-0.8027351467395898,2.035420774373033,2.1066470336914063,-0.07122625931837323
S43A12T02,raw,89,2.966666666666667,False,False,0.26705251847606554,0.03504248046875014,-1.4225569648352583,-1.2028193359375,-0.21973762889775839,-0.15905478867758063,0.6436521606445312,-0.8027069493221118,2.0354329451345037,2.106728149414063,-0.07129520427955915
S43A12T02,raw,90,3.0,False,False,0.26704524868825424,0.035035034179687674,-1.4225530756832911,-1.2028395385742188,-0.21971353710907238,-0.15904899564158945,0.6436540832519531,-0.8027030788935425,2.035434121600896,2.106755493164062,-0.0713213715631662
S43A12T02,raw,91,3.033333333333333,False,False,0.2647636508646307,0.03133105468749986,-1.4205205965508003,-1.2028377685546876,-0.21768282799611272,-0.15832574928151494,0.6443749389648438,-0.8027006882463588,2.0327786194231487,2.1046677246093752,-0.07188910518622649
S43A12T02,raw,92,3.066666666666667,False,False,0.25787437935570473,0.007214599609375094,-1.421862039536708,-1.2041066894531252,-0.21775535008358293,-0.15393121276114402,0.6572192993164063,-0.8111505120775504,2.0359689873584874,2.110919921875,-0.07495093451651247
S43A12T02,raw,93,3.1,False,False,0.2483592926692436,0.036053222656249995,-1.4223320753146949,-1.208118896484375,-0.21421317883031987,-0.15327684397290817,0.6612606201171876,-0.8145374640900958,2.0367810044572723,2.11697607421875,-0.08019506976147772
S43A12T02,raw,94,3.1333333333333333,False,False,0.24337452175723887,0.048528564453125034,-1.4235113568847877,-1.2117108154296874,-0.2118005414551003,-0.1528173376969924,0.6636733703613282,-0.8164907080583206,2.0378920825023497,2.121264709472656,-0.08337262697030656
S43A12T02,raw,95,3.1666666666666665,False,False,0.242252773434902,0.05231640624999989,-1.426155112181799,-1.2172064208984374,-0.20894869128336158,-0.15155792229152548,0.6675693359375,-0.8191272582290254,2.0393605094153036,2.125954040527344,-0.08659353111204027
S43A12T02,raw,96,3.2,False,False,0.23789091087778247,0.06055004882812498,-1.4234481778245183,-1.2180473632812499,-0.20540081454326842,-0.15115364214743557,0.6664151916503906,-0.8175688337978262,2.037123449934183,2.1259866333007813,-0.08886318336659826
S43A12T02,raw,97,3.2333333333333334,False,False,0.24140317441573672,0.04751037597656249,-1.423758016647258,-1.2171698608398436,-0.20658815580741452,-0.15160893294803163,0.6692223815917968,-0.8208313145398285,2.040889227515655,2.1379054565429687,-0.09701622902731355
S43A12T02,raw,98,3.2666666666666666,False,False,0.2456864427086713,0.00873803710937504,-1.4168690002531408,-1.207325927734375,-0.2095430725187657,-0.1538574839773089,0.6626145935058594,-0.8164720774831683,2.0365214649927856,2.1391856689453124,-0.10266420395252673
S43A12T02,raw,99,3.3,False,False,0.25744846964303786,0.018523071289062498,-1.4158136963569625,-1.1964252319335937,-0.2193884644233688,-0.15360334313738158,0.6611177368164063,-0.8147210799537878,2.035933393583377,2.1356416015625,-0.09970820797912294
S43A12T02,raw,100,3.3333333333333335,False,False,0.25848493265095734,0.014654052734375034,-1.4202009801061843,-1.2050667724609374,-0.21513420764524693,-0.1509022252139539,0.6629126892089844,-0.8138149144229383,2.037315849808592,2.131702453613281,-0.094386603804689
S43A12T02,raw,101,3.3666666666666667,False,False,0.2492241215882446,0.030681274414062543,-1.4225388085011383,-1.2097938842773437,-0.21274492422379465,-0.1519006716520786,0.6609391479492188,-0.8128398196012974,2.0365367853155676,2.1272249755859374,-0.09068819027036978
S43A12T02,raw,102,3.4,False,False,0.24954157963146595,0.006183105468750005,-1.412746655834343,-1.1971660156250001,-0.21558064020934276,-0.151787711617608,0.6647100219726563,-0.8164977335902643,2.034985152851057,2.139211853027344,-0.10422670017628688
S43A12T02,raw,103,3.433333333333333,False,False,0.2555118974992473,0.027507934570312642,-1.411763670661788,-1.1888536987304688,-0.22290997193131923,-0.1539323172615078,0.6544707336425781,-0.8084030509040859,2.0319703898636106,2.1282229003906252,-0.09625251052701467
S43A12T02,raw,104,3.466666666666667,False,False,0.2636641928601172,0.04700634765624989,-1.410795701792218,-1.1798355712890625,-0.23096013050315545,-0.15572142588354632,0.6516582336425781,-0.8073796595261244,2.032781765582376,2.1253587646484373,-0.0925769990660612
S43A12T02,raw,105,3.5,False,False,0.26839367568883427,0.042986206054687504,-1.4109762905413248,-1.1778938598632813,-0.23308243067804346,-0.15450921443761967,0.6511355285644531,-0.8056447430020728,2.0320062537776553,2.124054565429687,-0.09204831165203187
S43A12T02,raw,106,3.533333333333333,False,False,0.2746777870069132,0.046611816406249895,-1.4109239688648139,-1.1760826416015626,-0.23484132726325124,-0.15583079535885566,0.6477228088378906,-0.8035536041967463,2.030843389968035,2.122741394042969,-0.09189800407493376
S43A12T02,raw,107,3.566666666666667,False,False,0.2750580629947002,0.045083862304687417,-1.4120943090796947,-1.1761370239257811,-0.23595728515391357,-0.15502359592255893,0.6497255859375,-0.804749181860059,2.0304060635406977,2.1163082275390623,-0.08590216399836459
S43A12T02,raw,108,3.6,False,False,0.2778010677420814,0.05210693359374985,-1.4091928056443193,-1.1751748046875,-0.23401800095681935,-0.1550665044076718,0.6478150634765625,-0.8028815678842343,2.0291076637069323,2.1187754516601562,-0.08966778795322394
S43A12T02,raw,109,3.6333333333333333,False,False,0.2761280161936848,0.05359252929687486,-1.4086968163687459,-1.1703709716796875,-0.23832584468905837,-0.15582290801484433,0.6442372436523438,-0.8000601516671881,2.0279998141788647,2.115960754394531,-0.08796094021566647
S43A12T02,raw,110,3.6666666666666665,False,False,0.25719971774909034,0.013494628906250083,-1.4173091818714858,-1.186375,-0.23093418187148584,-0.15724206867550222,0.6445724487304687,-0.801814517405971,2.027958659226541,2.1027052001953126,-0.07474654096877176
S43A12T02,raw,111,3.7,False,False,0.2584242025547962,0.013341430664062681,-1.4107198913659456,-1.1804472045898438,-0.2302726867761018,-0.15468703770201211,0.64862060546875,-0.8033076431707621,2.026034595246942,2.111177978515625,-0.08514338326868298
S43A12T02,raw,112,3.7333333333333334,False,False,0.2592132606208513,0.013737182617187482,-1.4173956217318193,-1.1905914916992189,-0.22680413003260047,-0.1523700455462672,0.6523826904296874,-0.8047527359759546,2.0311201768150107,2.1135166625976565,-0.0823964857826458
S43A12T02,raw,113,3.7666666666666666,False,False,0.2566626775884075,0.002330200195312493,-1.4115459819220986,-1.1848320922851563,-0.22671388963694228,-0.15252675317304684,0.6571855468750001,-0.809712300048047,2.029782386185621,2.1220469970703126,-0.09226461088469184
S43A12T02,raw,114,3.8,False,False,0.25699246330240644,0.003344238281250078,-1.4115683329364603,-1.184640380859375,-0.22692795207708527,-0.15253119316092242,0.6571645812988282,-0.8096957744597506,2.02996807980948,2.122064697265625,-0.09209661745614506
S43A12T02,raw,115,3.8333333333333335,False,False,0.26880739258706576,0.03109106445312504,-1.408357480836956,-1.1767281494140625,-0.23162933142289366,-0.1521480364743059,0.660592041015625,-0.8127400774899308,2.029940861082566,2.1293069458007814,-0.0993660847182154
S43A12T02,raw,116,3.8666666666666667,False,False,0.26905648371555657,0.031527954101562505,-1.4083397626900924,-1.1766693725585937,-0.2316703901314987,-0.15213964428910431,0.6605823974609375,-0.8127220417500418,2.0299630663784782,2.1292938232421874,-0.09933075686370918
S43A12T02,raw,117,3.9,False,True,0.26905648371555657,0.031527954101562505,-1.4083397626900924,-1.1766693725585937,-0.2316703901314987,-0.15213964428910431,0.6605823974609375,-0.8127220417500418,2.0299630663784782,2.1292938232421874,-0.09933075686370918
S43A12T02,raw,118,3.933333333333333,False,False,0.2690948729589105,0.031595825195312566,-1.4083366032249758,-1.1766604614257812,-0.2316761417991946,-0.15213879903684172,0.6605818176269531,-0.8127206166637948,2.029968564340399,2.1292941284179685,-0.09932556407756943
S43A12T02,raw,119,3.966666666666667,False,True,0.2690948729589105,0.031595825195312566,-1.4083366032249758,-1.1766604614257812,-0.2316761417991946,-0.15213879903684172,0.6605818176269531,-0.8127206166637948,2.029968564340399,2.1292941284179685,-0.09932556407756943
S43A12T02,raw,120,4.0,False,True,0.2690948729589105,0.031595825195312566,-1.4083366032249758,-1.1766604614257812,-0.2316761417991946,-0.15213879903684172,0.6605818176269531,-0.8127206166637948,2.029968564340399,2.1292941284179685,-0.09932556407756943
S43A12T02,raw,121,4.033333333333333,False,True,0.2690948729589105,0.031595825195312566,-1.4083366032249758,-1.1766604614257812,-0.2316761417991946,-0.15213879903684172,0.6605818176269531,-0.8127206166637948,2.029968564340399,2.1292941284179685,-0.09932556407756943
S43A12T02,raw,122,4.066666666666666,False,True,0.2690948729589105,0.031595825195312566,-1.4083366032249758,-1.1766604614257812,-0.2316761417991946,-0.15213879903684172,0.6605818176269531,-0.8127206166637948,2.029968564340399,2.1292941284179685,-0.09932556407756943
S43A12T02,raw,123,4.1,False,False,0.26909732859045765,0.03160021972656235,-1.4083362823850503,-1.1766599731445313,-0.23167630924051896,-0.15213868822764506,0.66058203125,-0.8127207194776451,2.029968635104352,2.129294128417969,-0.09932549331361695
S43A12T02,raw,124,4.133333333333334,False,False,0.27702804035709216,0.04398339843749999,-1.4067758792396354,-1.171776611328125,-0.2349992679115105,-0.15205818066246157,0.6592477416992187,-0.8113059223616803,2.0301270982428203,2.1330625000000003,-0.10293540175717997
S43A12T02,raw,125,4.166666666666667,False,False,0.27404770012297974,0.03719848632812495,-1.4056819002933107,-1.1724605712890626,-0.2332213290042482,-0.15274411198730606,0.6579776916503907,-0.8107218036376967,2.0311541100949597,2.1359938354492187,-0.104839725354259
S43A12T02,raw,126,4.2,False,False,0.2713145543985165,0.03964306640625015,-1.4057610334257375,-1.1695557861328125,-0.23620524729292502,-0.15329140754431497,0.657941375732422,-0.811232783276737,2.030647619444386,2.1318062133789066,-0.10115859393452054
S43A12T02,raw,127,4.233333333333333,False,False,0.27254015558572287,0.036394165039062454,-1.4041263489836584,-1.1648690795898438,-0.23925726939381464,-0.15348298724380557,0.6572601318359375,-0.8107431190797431,2.029144675225897,2.127688171386719,-0.09854349616082203
S43A12T02,raw,128,4.266666666666667,False,False,0.27134687285005765,0.024042236328124966,-1.3993236948482328,-1.1537633056640626,-0.24556038918417022,-0.1529581664692141,0.6552078552246094,-0.8081660216938236,2.030442398222032,2.1308306274414064,-0.10038822921937429
S43A12T02,raw,129,4.3,False,False,0.27049364945693316,0.021649780273437447,-1.4025848558220395,-1.1539674682617187,-0.2486173875603208,-0.1523769383891124,0.6530756530761719,-0.8054525914652843,2.036659381792681,2.1441260375976565,-0.10746665580497572
S43A12T02,raw,130,4.333333333333333,False,True,0.27049364945693316,0.021649780273437447,-1.4025848558220395,-1.1539674682617187,-0.2486173875603208,-0.1523769383891124,0.6530756530761719,-0.8054525914652843,2.036659381792681,2.1441260375976565,-0.10746665580497572
S43A12T02,raw,131,4.366666666666666,False,False,0.27069486574299984,0.039062622070312525,-1.401157683207879,-1.1503475952148439,-0.25081008799303506,-0.1525482842763821,0.6516688842773437,-0.8042171685537258,2.036692276934984,2.1557113037109374,-0.11901902677595366
S43A12T02,raw,132,4.4,False,False,0.26823403960424963,0.03679333496093751,-1.4012010797987222,-1.1494974975585939,-0.25170358224012834,-0.15320112002123187,0.6507933044433594,-0.8039944244645912,2.036762101707136,2.1571035766601563,-0.12034147495302028
S43A12T02,raw,133,4.433333333333334,False,False,0.26949208937243824,0.04200341796875007,-1.3993754185377767,-1.1494437255859375,-0.24993169295183915,-0.1519811721854597,0.65115087890625,-0.8031320510917097,2.037015989864438,2.1600298461914065,-0.12301385632696826
S43A12T02,raw,134,4.466666666666667,False,False,0.2744678469099259,0.045308715820312484,-1.399860456083189,-1.1519562377929686,-0.24790421829022047,-0.1522954700198705,0.6521365966796875,-0.804432066699558,2.0366748280190525,2.1552736206054686,-0.11859879258641604
S43A12T02,raw,135,4.5,False,False,0.274471602420824,0.045313232421875016,-1.3998600237928143,-1.1519584960937501,-0.24790152769906415,-0.15229438830752465,0.6521367492675781,-0.8044311375751028,2.036674558877939,2.1552691650390625,-0.11859460616112338
S43A12T02,raw,136,4.533333333333333,False,False,0.27705339113436167,0.049611938476562534,-1.3983207155152164,-1.1503435668945312,-0.2479771486206852,-0.15493302193707228,0.658816162109375,-0.8137491840464472,2.0364495906189126,2.1503984375,-0.1139488468810872
S43A12T02,raw,137,4.566666666666666,False,False,0.2770578250035592,0.04961791992187492,-1.3983201615575496,-1.1503436279296877,-0.24797653362786187,-0.15492733505739634,0.658809051513672,-0.8137363865710683,2.036444746927774,2.150388427734375,-0.11394368080660078
S43A12T02,raw,138,4.6,False,False,0.2798368463871828,0.045935668945312536,-1.3992738312396622,-1.1541032104492188,-0.24517062079044338,-0.15066066935828135,0.6533638916015625,-0.8040245609598439,2.0353654216148103,2.1493362426757816,-0.11397082106097134
S43A12T02,raw,139,4.633333333333334,False,False,0.27828665963247656,0.038887939453124964,-1.3989266721378266,-1.15021484375,-0.24871182838782668,-0.1495704717501879,0.6615613708496093,-0.8111318425997972,2.0356340898780116,2.14746142578125,-0.11182733590323846
S43A12T02,raw,140,4.666666666666667,False,False,0.27415116494861325,0.02204602050781257,-1.4007452403237295,-1.152515563964844,-0.2482296763588856,-0.1496772091023512,0.6622587890625,-0.8119359981648512,2.0352550642274996,2.143322448730469,-0.1080673845029696
S43A12T02,raw,141,4.7,False,False,0.2821497691121869,0.03829455566406259,-1.403106898370047,-1.1544489135742189,-0.24865798479582812,-0.15808834117463605,0.660431884765625,-0.8185202259402611,2.036227089545788,2.1409050903320312,-0.10467800078624334
S43A12T02,raw,142,4.733333333333333,False,False,0.27723162672586243,0.041271728515624995,-1.3999297068495622,-1.151142822265625,-0.24878688458393716,-0.15504439627244435,0.6587706298828125,-0.8138150261552569,2.036174798141372,2.1482525634765626,-0.11207776533519054
S43A12T02,raw,143,4.766666666666667,False,False,0.273839581052575,0.02841870117187506,-1.4012684444132502,-1.1468311767578125,-0.2544372676554376,-0.15297685227673866,0.6588950500488282,-0.8118719023255668,2.0339202362504656,2.1391647338867186,-0.10524449763625299
S43A12T02,raw,144,4.8,False,False,0.2765788285595766,0.04258959960937503,-1.398993163340509,-1.14415673828125,-0.25483642505925896,-0.151864747981972,0.6549107666015626,-0.8067755145835346,2.035812026694318,2.1470860595703125,-0.11127403287599469
S43A12T02,raw,145,4.833333333333333,False,False,0.27880258293516264,0.05035168457031247,-1.3989038915348835,-1.1444579467773437,-0.2544459447575398,-0.1520534713842772,0.6524930725097656,-0.8045465438940428,2.036609895401464,2.151190490722656,-0.11458059532119202
S43A12T02,raw,146,4.866666666666666,False,False,0.27929809082590895,0.05255554199218748,-1.3992855585400974,-1.1448158569335938,-0.2544697016065036,-0.15242856072606634,0.6524275207519532,-0.8048560814780196,2.037187266219081,2.1517225341796875,-0.11453526796060665
S43A12T02,raw,147,4.9,False,False,0.28716137117371177,0.053857299804687564,-1.406081329061075,-1.1472310180664063,-0.2588503109946687,-0.1684721157848411,0.6620793762207031,-0.8305514920055442,2.039429755865174,2.1448782958984376,-0.10544854003326343
S43A12T02,raw,148,4.933333333333334,False,False,0.28972681682804863,0.05511975097656263,-1.4061208373482468,-1.1495665893554687,-0.25655424799277804,-0.16545934769718182,0.6631552124023438,-0.8286145600995256,2.0380202975687878,2.1582491455078125,-0.12022884793902477
S43A12T02,raw,149,4.966666666666667,False,False,0.28949374866571637,0.05892626953125002,-1.401826283680421,-1.15213427734375,-0.249692006336671,-0.15226705866144094,0.6695839538574219,-0.8218510125188628,2.0370049871259854,2.156393798828125,-0.11938881170213955
S43A12T02,raw,150,5.0,False,False,0.284859330566468,0.05332849121093752,-1.3995630185104642,-1.1535087280273437,-0.24605429048312044,-0.1522257264057208,0.6619122924804688,-0.8141380188861895,2.0351648678196534,2.1532703857421875,-0.1181055179225341
S43A12T02,raw,151,5.033333333333333,False,False,0.29343112707814556,0.05497973632812503,-1.4072401858221564,-1.150246826171875,-0.25699335965028136,-0.16612533232276316,0.6732380065917969,-0.83936333891456,2.0403997810198726,2.152915283203125,-0.11251550218325246
S43A12T02,raw,152,5.066666666666666,False,False,0.29637356266756115,0.04088439941406263,-1.412903340999427,-1.1607509155273439,-0.25215242547208305,-0.17366467724817256,0.6830631713867188,-0.8567278486348914,2.0425908842432268,2.1455874023437502,-0.10299651810052346
S43A12T02,raw,153,5.1,False,False,0.29556502557501446,0.04004028320312503,-1.4134197104147035,-1.1655740966796877,-0.2478456137350158,-0.17278394868064767,0.6820054321289062,-0.8547893808095539,2.0418515580920396,2.14963232421875,-0.1077807661267105
S43A12T02,raw,154,5.133333333333334,False,False,0.2883123917871205,0.02915270996093766,-1.4101045621188633,-1.1706592407226561,-0.2394453213962071,-0.17000010416466704,0.6871477966308593,-0.8571479007955264,2.0381311532631217,2.1595184326171877,-0.12138727935406601
S43A12T02,raw,155,5.166666666666667,False,False,0.283325706220055,0.02479797363281233,-1.4102580193379324,-1.1762571411132812,-0.2340008782246512,-0.1668763560462516,0.677384521484375,-0.8442608775306266,2.0396760376499707,2.1627328491210935,-0.1230568114711228
S43A12T02,raw,156,5.2,False,False,0.28324648847682793,0.02474450683593754,-1.4102705111952603,-1.1763180541992186,-0.2339524569960416,-0.16686015625072093,0.6773065185546875,-0.8441666748054084,2.0396919611330375,2.16271875,-0.12302678886696228
S43A12T02,raw,157,5.233333333333333,False,False,0.2832457375270154,0.02474426269531249,-1.410270577090971,-1.1763189086914063,-0.2339516683995646,-0.16685998812188532,0.6773058166503907,-0.844165804772276,2.039691970070225,2.1627186279296877,-0.12302665785946276
S43A12T02,raw,158,5.266666666666667,False,False,0.28057956488684344,0.023308471679687637,-1.4100280649785877,-1.1762647094726564,-0.2337633555059313,-0.16544818896586877,0.6760833740234375,-0.8415315629893063,2.038355881421868,2.169532531738281,-0.13117665031641312
S43A12T02,raw,159,5.3,False,False,0.2770427960359413,0.023773681640624877,-1.4098633162489613,-1.1828172607421874,-0.22704605550677393,-0.16360086595469156,0.6634864196777344,-0.827087285632426,2.0422043013575286,2.163152160644531,-0.12094785928700258
S43A12T02,raw,160,5.333333333333333,False,False,0.2714604356309178,0.020738403320312404,-1.4074101691784922,-1.1835590209960938,-0.22385114818239837,-0.16369510414999053,0.6604518127441406,-0.8241469168941311,2.040439064802003,2.1605751342773436,-0.12013606947534061
S43A12T02,raw,161,5.366666666666666,False,False,0.2514757808944956,0.04644799804687505,-1.4161380088378954,-1.22806982421875,-0.18806818461914543,-0.14751281598979848,0.6893643493652344,-0.8368771653550329,2.0300772893428216,2.064313171386719,-0.03423588204389727
S43A12T02,raw,162,5.4,False,True,0.2514757808944956,0.04644799804687505,-1.4161380088378954,-1.22806982421875,-0.18806818461914543,-0.14751281598979848,0.6893643493652344,-0.8368771653550329,2.0300772893428216,2.064313171386719,-0.03423588204389727
S43A12T02,raw,163,5.433333333333334,False,True,0.2514757808944956,0.04644799804687505,-1.4161380088378954,-1.22806982421875,-0.18806818461914543,-0.14751281598979848,0.6893643493652344,-0.8368771653550329,2.0300772893428216,2.064313171386719,-0.03423588204389727
S43A12T02,raw,164,5.466666666666667,False,True,0.2514757808944956,0.04644799804687505,-1.4161380088378954,-1.22806982421875,-0.18806818461914543,-0.14751281598979848,0.6893643493652344,-0.8368771653550329,2.0300772893428216,2.064313171386719,-0.03423588204389727
S43A12T02,raw,165,5.5,False,True,0.2514757808944956,0.04644799804687505,-1.4161380088378954,-1.22806982421875,-0.18806818461914543,-0.14751281598979848,0.6893643493652344,-0.8368771653550329,2.0300772893428216,2.064313171386719,-0.03423588204389727
S43A12T02,raw,166,5.533333333333333,True,False,0.2299505588992327,0.0344516601562499,-1.4297511130033,-1.2855518798828125,-0.14419923312048755,-0.15667044589136297,0.7271169128417969,-0.88378735873316,2.020817823095857,2.008276306152344,0.01254151694351302
S43A12T02,raw,167,5.566666666666666,True,False,0.2557270386500041,0.10605773925781259,-1.437675248952986,-1.3360414428710938,-0.10163380608189221,-0.16594655936180536,0.6918748474121095,-0.8578214067739148,2.03362876765342,1.9644225463867189,0.06920622126670128
S43A12T02,raw,168,5.6,True,False,0.08619300842187781,0.07541076660156243,-1.4259320490800935,-1.2969795532226562,-0.1289524958574373,-0.16674760789571288,0.7464166564941406,-0.9131642643898534,2.077113081929519,2.0577363281250003,0.019376753804518643
S43A12T02,raw,169,5.633333333333334,True,False,0.10470132880313257,0.07458532714843757,-1.4088996615180438,-1.3008296508789063,-0.10807001063913746,-0.1597904940169214,0.7279538879394531,-0.8877443819563746,2.083988289581255,2.076864440917969,0.007123848663286303
S43A12T02,raw,170,5.666666666666667,False,False,0.09323020458851342,0.06375512695312513,-1.4029882407342469,-1.3062760009765624,-0.0967122397576845,-0.15622857034766496,0.7227271423339844,-0.8789557126816494,2.0845247796768005,2.0846524658203123,-0.00012768614351177376
S43A12T02,raw,171,5.7,False,False,0.10723595951983748,0.06304260253906246,-1.395000464545363,-1.3131178588867187,-0.08188260565864436,-0.1542746224145509,0.7332231750488281,-0.887497797463379,2.093009209793133,2.0932371826171874,-0.000227972824054401
S43A12T02,raw,172,5.733333333333333,False,False,0.08529021971386543,0.06827795410156257,-1.3856143354616568,-1.3263892211914063,-0.059225114270250456,-0.1654921710793736,0.7133412475585938,-0.8788334186379675,2.1108946742958477,2.0893726806640625,0.021521993631785197
S43A12T02,raw,173,5.766666666666667,False,False,0.09520568770149807,0.07002990722656244,-1.3835887454534541,-1.332033142089844,-0.0515556033636102,-0.16887334888479955,0.7018987121582032,-0.8707720610430028,2.1167948392508666,2.080536376953125,0.036258462297741545
S43A12T02,raw,174,5.8,False,False,0.17579370602450425,0.1605754394531249,-1.3826738855257523,-1.4163780517578126,0.033704166232060295,-0.16841203061360752,0.7250570373535157,-0.8934690679671232,2.1189489493694147,2.013923095703125,0.10502585366628958
S43A12T02,raw,175,5.833333333333333,False,False,0.15423558991122469,0.14617224121093741,-1.3726415315701126,-1.4016880493164063,0.029046517746293743,-0.16617666738078257,0.7203709106445313,-0.8865475780253138,2.1363469930520322,2.010935302734375,0.12541169031765742
S43A12T02,raw,176,5.866666666666666,False,False,0.11785488968092092,0.11653332519531245,-1.3544461372943766,-1.3905746459960937,0.03612850870171713,-0.16428960327288336,0.7145775451660157,-0.878867148438899,2.1511246561286725,2.0378034057617187,0.11332125036695384
S43A12T02,raw,177,5.9,False,False,0.11416538021316808,0.11131042480468745,-1.3435649268150738,-1.3915588989257812,0.04799397211070744,-0.16424972545452135,0.7137000122070313,-0.8779497376615526,2.1670802325760783,2.0380822143554687,0.12899801822060963
S43A12T02,raw,178,5.933333333333334,False,False,0.1092933424699852,0.10875781249999994,-1.3333506932421244,-1.3925550537109375,0.059204360468813055,-0.1466133367344569,0.724319305419922,-0.8709326421543788,2.178854978635708,2.03543994140625,0.1434150372294578
S43A12T02,raw,179,5.966666666666667,False,False,0.12062870438383666,0.11899267578125006,-1.322462331393281,-1.404078857421875,0.08161652602859393,-0.13893379589549337,0.7269639892578126,-0.865897785153306,2.1945689739008185,2.0193419799804686,0.1752269939203499
S43A12T02,raw,180,6.0,False,False,0.19386942207644273,0.16568029785156257,-1.3159585380780097,-1.4453182983398438,0.12935976026183416,-0.12047655494318063,0.7576123657226563,-0.878088920665837,2.203226134817567,1.9888667602539063,0.2143593745636605
S43A12T02,raw,181,6.033333333333333,False,False,0.2230885377310559,0.17535205078124982,-1.3006146320922842,-1.4533480224609376,0.1527333903686534,-0.10440520572954139,0.7712083129882812,-0.8756135187178226,2.226952969342481,1.9833579101562502,0.24359505918623103
S43A12T02,raw,182,6.066666666666666,False,False,0.20281393757830074,0.16962695312499987,-1.282233439826129,-1.456583251953125,0.17434981212699596,-0.09105953058237008,0.760116424560547,-0.851175955142917,2.2515791379565795,1.9870007934570313,0.2645783444995482
S43A12T02,raw,183,6.1,False,False,0.1863193116185757,0.17422534179687488,-1.2584898894431436,-1.4655047607421876,0.20701487129904406,-0.07023934151475099,0.7555508422851562,-0.8257901837999072,2.276621838583546,2.0024091796875,0.27421265889604607
S43A12T02,raw,184,6.133333333333334,False,False,0.1982348866039293,0.1781893310546876,-1.2421394433161652,-1.4596152954101562,0.217475852093991,-0.04937812464244546,0.7421017761230468,-0.7914799007654924,2.297248713002428,1.9869765014648437,0.3102722115375842
S43A12T02,raw,185,6.166666666666667,False,False,0.21024796231703582,0.1846290283203127,-1.2232701427557366,-1.4520051879882812,0.2287350452325445,-0.013941679858236689,0.7336865539550781,-0.7476282338133148,2.3141486443944204,1.9714197387695314,0.342728905624889
S43A12T02,raw,186,6.2,False,False,0.25982856386705544,0.25772485351562513,-1.2164854446024407,-1.4924813232421874,0.27599587863974673,0.01268238305282004,0.7149602661132812,-0.7022778830604612,2.3476825971489244,1.9834368286132813,0.36424576853564306
S43A12T02,raw,187,6.233333333333333,False,False,0.21398282404964603,0.21048779296874986,-1.189663575326339,-1.490102783203125,0.30043920787678613,0.05750833349768279,0.6936225280761719,-0.6361141945784891,2.373492868554844,1.9811386108398437,0.39235425771500054
S43A12T02,raw,188,6.266666666666667,True,False,0.2037832006018676,0.20375756835937509,-1.1708043291229284,-1.4401422119140626,0.26933788279113413,0.07981382228131398,0.659549346923828,-0.5797355246425141,2.4004848146565823,2.0162081909179688,0.3842766237386135
S43A12T02,raw,189,6.3,True,False,0.17308423430466383,0.17301513671875002,-1.1199997090341933,-1.4137960205078126,0.2937963114736193,0.19333809473125813,0.8060872497558593,-0.6127491550246011,2.4461547112312254,2.0232254028320313,0.42292930839919407
S43A12T02,raw,190,6.333333333333333,True,False,0.26723311089506824,0.247997802734375,-1.1204854768711174,-1.5075302734375002,0.3870447965663828,0.22462939653481362,0.7228380432128907,-0.49820864667807707,2.50122529460052,2.081741027832031,0.4194842667684888
S43A12T02,raw,191,6.366666666666666,True,False,0.2714902041885233,0.07924475097656258,-1.0953328155393787,-1.5712079467773439,0.4758751312379652,0.34937761679996754,0.9318245239257812,-0.5824469071258136,2.647155361251843,2.535234375,0.11192098625184288
S43A12T02,raw,192,6.4,True,False,0.1676666946928406,0.15663659667968766,-1.0326799590441673,-1.4514152221679688,0.4187352631238015,0.46659523910300893,1.071310791015625,-0.6047155519126161,2.5956223416035207,2.204642944335937,0.39097939726758346
S43A12T02,raw,193,6.433333333333334,True,False,0.19052079144612616,0.1869261474609376,-0.9854050154715861,-1.3823860473632812,0.3969810318916951,0.48285171011355543,0.8946527709960937,-0.4118010608825383,2.5513952509750837,1.9775936889648438,0.5738015620102399
S43A12T02,raw,194,6.466666666666667,True,False,0.11033766191585875,0.10857336425781239,-0.9799853225003923,-1.4401361694335937,0.4601508469332014,0.41694206750782264,0.6248752441406251,-0.20793317663280247,2.610347841245062,2.0761461181640626,0.5342017230809994
S43A12T02,raw,195,6.5,False,False,0.01615238939899222,0.016097412109374876,-0.9609803472749264,-1.4323570556640626,0.47137670838913615,0.3851550111099668,0.5363694305419922,-0.15121441943202535,2.6363169299078595,2.0814052734375004,0.5549116564703591
S43A12T02,raw,196,6.533333333333333,True,False,0.1729440021293792,0.019461914062499863,-1.0268758442946189,-1.7692617187500002,0.7423858744553813,0.27573698883613307,0.24902960205078126,0.02670738678535181,2.8912320527402793,2.8252200927734377,0.06601195996684162
S43A12T02,raw,197,6.566666666666666,False,False,0.16138439717142403,0.0387731933593749,-1.0009949247696766,-1.7287552490234375,0.7277603242537609,0.2771650994159957,0.27869107055664066,-0.001525971140644955,2.858749715207395,2.7500848388671875,0.1086648763402076
S43A12T02,raw,198,6.6,False,False,0.1507688845231604,0.04090624999999992,-1.0032971910070085,-1.725433837890625,0.7221366468836166,0.2711083913657909,0.2840471954345703,-0.012938804068779397,2.8555470125899696,2.7265638427734373,0.12898316981653224
S43A12T02,raw,199,6.633333333333334,True,False,0.18519009571415956,0.06017016601562486,-1.0195989188697934,-1.7568311767578124,0.737232257888019,0.261297219601293,0.2884335403442383,-0.027136320742945308,2.850363958898117,2.6248583984375005,0.22550556046061665
S43A12T02,raw,200,6.666666666666667,True,False,0.17228184007973993,0.09765417480468752,-0.9900858734059955,-1.6306082153320314,0.6405223419260359,0.22680976913015247,0.08566266441345216,0.1411471047167003,2.6282995528930924,1.9019065551757812,0.7263929977173111
S43A12T02,raw,201,6.7,False,False,0.2406339597994829,0.14866052246093764,-0.9881234285082573,-1.6242185668945313,0.636095138386274,0.2269896840420347,0.07741197824478149,0.1495777057972532,2.6365178213510956,1.9173481445312501,0.7191696768198454
S43A12T02,raw,202,6.733333333333333,False,False,0.3346688300455328,0.19017993164062497,-0.9821176526314582,-1.645126220703125,0.6630085680716667,0.2273623354973901,0.12443063735961914,0.10293169813777096,2.6498790719903678,1.9760369262695312,0.6738421457208366
S43A12T02,raw,203,6.766666666666667,False,False,0.3087381771557859,0.16224523925781242,-0.97089395984785,-1.6408871459960936,0.6699931861482437,0.2371142590118499,0.13625911712646485,0.10085514188538505,2.66798771773801,1.996642822265625,0.6713448954723851
S43A12T02,raw,204,6.8,False,False,0.27142428257705464,0.1298837890625002,-0.9661530395553155,-1.62594189453125,0.6597888549759345,0.24488527508662936,0.08213988590240479,0.16274538918422457,2.6722091563742563,2.0238673095703126,0.6483418468039437
S43A12T02,raw,205,6.833333333333333,False,False,0.2778316051980291,0.12446545410156262,-0.9545730799212394,-1.5387481079101564,0.584175027988917,0.262496939480632,0.08278897285461426,0.17970796662601776,2.687307412205025,2.0363760986328123,0.6509313135722126
S43A12T02,raw,206,6.866666666666666,False,False,0.3105308619213952,0.11122900390625001,-0.9276869031960985,-1.4608115234375,0.5331246202414016,0.29653825209743057,0.10304180335998536,0.1934964487374452,2.716718604265988,2.07590087890625,0.6408177253597382
S43A12T02,raw,207,6.9,False,False,0.28884957678337797,0.11649316406249999,-0.9127091566662671,-1.4279842529296873,0.5152750962634203,0.3163386113017345,0.1226943645477295,0.19364424675400502,2.7313329031180946,2.1184375,0.6128954031180944
S43A12T02,raw,208,6.933333333333334,False,False,0.24709380020448873,0.08685815429687493,-0.9131879684599503,-1.4343420410156251,0.5211540725556748,0.3276636271114501,0.1497552490234375,0.17790837808801258,2.7447227580526943,2.1266905517578127,0.6180322062948815
S43A12T02,raw,209,6.966666666666667,False,False,0.22606355996894537,0.07912768554687499,-0.9125533580195191,-1.4243184814453125,0.5117651234257934,0.3198705183230559,0.16163255500793458,0.15823796331512133,2.750554300234413,2.142725708007813,0.6078285922266002
S43A12T02,raw,210,7.0,True,False,0.19993712744256315,0.08983398437500001,-0.9139143570188353,-1.4249819335937501,0.5110675765749149,0.28673967035496745,0.13399011611938477,0.15274955423558267,2.789655142917788,2.227852172851563,0.5618029700662253
S43A12T02,raw,211,7.033333333333333,False,True,0.19993712744256315,0.08983398437500001,-0.9139143570188353,-1.4249819335937501,0.5110675765749149,0.28673967035496745,0.13399011611938477,0.15274955423558267,2.789655142917788,2.227852172851563,0.5618029700662253
S43A12T02,raw,212,7.066666666666666,False,False,0.09704746681521818,0.0025793457031251243,-0.9207199700628095,-1.426099609375,0.5053796393121905,0.2898454048194607,0.2464556655883789,0.0433897392310818,2.7896938360973054,2.2104428710937505,0.5792509650035549
S43A12T02,raw,213,7.1,False,False,0.10405287933561481,0.023689575195312562,-0.9312543754613817,-1.4342603149414064,0.5030059394800247,0.2861662875216524,0.27322347259521484,0.012942814926437562,2.7704353907295474,2.2055649414062497,0.5648704493232977
S43A12T02,raw,214,7.133333333333334,True,False,0.09706259398753685,0.011801025390625108,-0.9370527475637189,-1.391405029296875,0.454352281733156,0.26795526066320013,0.23243238830566407,0.03552287235753607,2.7844353018640637,2.2043387451171874,0.5800965567468763
S43A12T02,raw,215,7.166666666666667,False,False,0.1910246991169342,0.07321545410156238,-0.946785086424525,-1.3667417602539063,0.4199566738293813,0.27110694884456626,0.24931784057617187,0.02178910826839439,2.7805902710047863,2.1619844970703124,0.6186057739344739
S43A12T02,raw,216,7.2,False,False,0.15991755110654163,0.021256469726562477,-0.9659395699732963,-1.418101745605469,0.45216217563217265,0.2674817883364168,0.25082217407226565,0.016659614264151135,2.7665452426079526,2.1636645507812498,0.6028806918267029
S43A12T02,raw,217,7.233333333333333,True,False,0.1249296195189439,0.019562866210937502,-0.963920406542837,-1.4218364868164062,0.4579160802735692,0.2745604294975007,0.2926559295654297,-0.018095500067928982,2.756853360925356,2.1860101318359373,0.5708432290894185
S43A12T02,raw,218,7.266666666666667,False,False,0.1142943650906811,0.05220190429687488,-0.9625415132072301,-1.43002880859375,0.4674872953865199,0.2801120131803726,0.32500203704833985,-0.044890023867967255,2.750932765133516,2.181927978515625,0.5690047866178909
S43A12T02,raw,219,7.3,False,False,0.1816523693863912,0.16076416015624995,-0.98608149358999,-1.444006591796875,0.457925098206885,0.2955093065937144,0.29994924926757816,-0.004439942673863773,2.7380330452255337,2.147356689453125,0.5906763557724086
S43A12T02,raw,220,7.333333333333333,False,False,0.18578484726447791,0.17333300781249994,-0.9994959224253651,-1.4763792724609375,0.47688335003557236,0.31474756949329163,0.3248869705200196,-0.010139401026727946,2.7269825497128717,2.130737060546875,0.5962454891659967
S43A12T02,raw,221,7.366666666666666,True,False,0.17961730776177115,0.16068835449218755,-1.019653378024724,-1.4858298950195312,0.4661765169948071,0.3143457854472979,0.3295744781494141,-0.015228692702116187,2.7041526752969394,2.12256982421875,0.5815828510781893
S43A12T02,raw,222,7.4,True,False,0.12435793251202018,0.0906834716796876,-1.0125761957460775,-1.5317536010742188,0.5191774053281413,0.3044541437798631,0.28342044830322266,0.021033695476640413,2.70123057080416,2.0918084716796876,0.6094220991244725
S43A12T02,raw,223,7.433333333333334,False,False,0.13706457595023872,0.0015522460937500426,-1.0005252146475696,-1.4932938232421875,0.4927686085946179,0.2963557602501861,0.25136463165283207,0.044991128597354046,2.7044400276083955,2.0587667846679687,0.6456732429404268
S43A12T02,raw,224,7.466666666666667,True,False,0.0984771266839385,0.006489624023437557,-0.9926605183850747,-1.5148056030273438,0.522145084642269,0.2971006099622894,0.2756543273925781,0.02144628256971126,2.7061635637160055,2.0482490844726566,0.6579144792433489
S43A12T02,raw,225,7.5,False,False,0.0883763911008438,0.00833288574218738,-0.9973029965613273,-1.5172860717773438,0.5199830752160165,0.2950703622648414,0.2951971969604492,-0.00012683469560781369,2.7036744225187657,2.0544793701171873,0.6491950524015784
S43A12T02,raw,226,7.533333333333333,False,False,0.07498917761305321,0.02191027832031267,-0.9988269932634205,-1.5376151733398438,0.5387881800764233,0.2938474608318292,0.3117304992675781,-0.0178830384357489,2.6990264709620035,2.0385382690429688,0.6604882019190348
S43A12T02,raw,227,7.566666666666666,False,False,0.10078937722563475,0.047004028320312585,-1.0073781302253162,-1.5818899536132813,0.5745118233879651,0.29037290225757717,0.32452371978759764,-0.03415081753002047,2.6850440305745806,2.0199049682617187,0.6651390623128619
S43A12T02,raw,228,7.6,False,False,0.11344003551923015,0.06301684570312505,-1.0069389313911739,-1.5833480224609375,0.5764090910697637,0.29301671066387003,0.3376488265991211,-0.04463211593525107,2.679721013284463,2.022843017578125,0.656877995706338
S43A12T02,raw,229,7.633333333333334,False,False,0.0558155329361856,0.04637915039062501,-1.0034876519296265,-1.5966102294921876,0.593122577562561,0.29935603188753146,0.3519366149902344,-0.052580583102702916,2.686098484905557,2.0780758056640627,0.6080226792414942
S43A12T02,raw,230,7.666666666666667,False,False,0.06989953019533184,0.054884399414062646,-1.0038193808297564,-1.5996696166992188,0.5958502358694624,0.30225857060694666,0.3589281768798828,-0.05666960627293616,2.681064397139226,2.098145263671875,0.5829191334673509
S43A12T02,raw,231,7.7,False,False,0.09687077091276591,0.068737548828125,-0.9986748493875389,-1.596814453125,0.598139603737461,0.3038989418549686,0.36330644226074216,-0.05940750040577358,2.680593175834576,2.1036922607421875,0.5769009150923883
S43A12T02,raw,232,7.733333333333333,False,False,0.13019789246018112,0.08838391113281241,-0.996774689140364,-1.577146179199219,0.5803714900588549,0.3073926931655849,0.40239068603515626,-0.09499799286957139,2.6837129784891576,2.080977966308594,0.6027350121805637
S43A12T02,raw,233,7.766666666666667,False,False,0.13453226111261346,0.09266857910156245,-0.9989782758997812,-1.5669382934570313,0.5679600175572501,0.30832835285920346,0.41513543701171873,-0.10680708415251527,2.6809711634181093,2.080637023925781,0.6003341394923281
S43A12T02,raw,234,7.8,False,False,0.132920971341748,0.09397338867187499,-1.0013566903099393,-1.5677375488281249,0.5663808585181855,0.3080738228924073,0.42479766845703126,-0.11672384556462395,2.676160178844129,2.0781785278320313,0.5979816510120979
S43A12T02,raw,235,7.833333333333333,False,False,0.13163513672263275,0.09653576660156249,-1.0025895501357946,-1.5680126342773437,0.5654230841415491,0.3076248000568798,0.43754142761230463,-0.12991662755542482,2.673308871765155,2.082753234863281,0.5905556369018741
S43A12T02,raw,236,7.866666666666666,False,False,0.13287027971079168,0.10809240722656255,-1.0052795037820408,-1.5739031372070311,0.5686236334249903,0.30854883429460533,0.4773809204101563,-0.16883208611555095,2.664414829880732,2.0696104736328125,0.5948043562479195
S43A12T02,raw,237,7.9,False,False,0.13658678822966214,0.11271826171874988,-1.0080449632819535,-1.5730169677734376,0.5649720044914841,0.3058823467665767,0.4912896270751953,-0.18540728030861858,2.659054870126822,2.079191345214844,0.5798635249119779
S43A12T02,raw,238,7.933333333333334,False,False,0.13833985627053272,0.11610095214843752,-1.0086529370280095,-1.5756553344726565,0.567002397444647,0.3038839773545972,0.5017503814697266,-0.1978664041151294,2.6581736866721926,2.0909239501953127,0.5672497364768798
S43A12T02,raw,239,7.966666666666667,False,False,0.13978760591252418,0.11983520507812506,-1.0062007311614156,-1.566921142578125,0.5607204114167095,0.30172097410787335,0.5159021148681641,-0.2141811407602907,2.6588630052541684,2.1108887939453123,0.5479742113088562
S43A12T02,raw,240,8.0,False,False,0.1379681892171935,0.12476098632812493,-1.0144221704144463,-1.5708841552734376,0.5564619848589913,0.2982070410706321,0.5270922393798828,-0.2288851983092507,2.6571179115469805,2.1219364013671873,0.5351815101797932
S43A12T02,raw,241,8.033333333333333,False,False,0.13585967945730518,0.12649572753906257,-1.01687803793064,-1.5729176635742188,0.5560396256435789,0.2953760206528099,0.5361346893310547,-0.2407586686782448,2.6524252167059084,2.128369140625,0.5240560760809085
S43A12T02,filtered,0,0.0,False,False,0.24627912380727404,0.004902419668295632,-1.4475023185779659,-1.2724931085356774,-0.17500921004228842,-0.1628154975538345,0.6370929791657653,-0.7999084767195999,2.0089893074783496,1.9906788262142143,0.01831048126413526
S43A12T02,filtered,1,0.03333333333333333,False,True,0.2462740976383409,0.0049080838383182,-1.4475092586810696,-1.272513295852395,-0.17499596282867458,-0.16282169424363782,0.6370723363423977,-0.7998940305860355,2.008982730664728,1.9906511171776247,0.018331613487103215
S43A12T02,filtered,2,0.06666666666666667,False,True,0.24626914544450718,0.0049171218669372685,-1.4475163077134385,-1.2725333367729468,-0.17498297094049176,-0.16282731496072883,0.6370546209221056,-0.7998819358828344,2.0089765709204053,1.9906251258404637,0.018351445079941575
S43A12T02,filtered,3,0.1,False,True,0.24626480701718756,0.004929158506749021,-1.4475227347919222,-1.2725510741170845,-0.17497166067483771,-0.1628316617809512,0.6370422256361454,-0.7998738874170966,2.008971555941448,1.9906039154163366,0.018367640525111195
S43A12T02,filtered,4,0.13333333333333333,False,True,0.24626165051739624,0.004943434178450223,-1.4475277482512272,-1.2725642211375878,-0.17496352711363938,-0.16283405112142152,0.6370373925960136,-0.799871443717435,2.0089684180115723,1.9905905724432877,0.01837784556828459
S43A12T02,filtered,5,0.16666666666666666,False,True,0.24626021679039,0.004958818973178625,-1.4475305693371994,-1.2725705823995912,-0.17495998693760817,-0.16283388899909781,0.6370419484333874,-0.7998758374324851,2.0089678168528455,1.9905878822877106,0.01837993456513498
S43A12T02,filtered,6,0.2,False,True,0.2462609569260529,0.004973868500303791,-1.4475305173376987,-1.2725683033438868,-0.17496221399381184,-0.1628307498377115,0.6370570376164089,-0.7998877874541204,2.0089702567847296,1.9905979802790155,0.018372276505714158
S43A12T02,filtered,7,0.23333333333333334,False,True,0.2462641685983077,0.004986922917117553,-1.4475270990776745,-1.2725561269541885,-0.174970972123486,-0.16282445104956886,0.6370828820229856,-0.7999073330725545,2.008976006020803,1.990622011377554,0.01835399464324916
S43A12T02,filtered,8,0.26666666666666666,False,True,0.24626993779921075,0.004996246114998382,-1.4475200940091992,-1.272533631434761,-0.17498646257443817,-0.16281511471472757,0.6371185969478823,-0.7999337116626098,2.008985027068194,1.9906598360994139,0.018325190968780047
S43A12T02,filtered,9,0.3,False,True,0.24627809312499407,0.005000197237940984,-1.4475096250693567,-1.2725014202821339,-0.1750082047872228,-0.1628032075419809,0.6371620929704904,-0.7999653005124714,2.0089969275743127,1.99070982206836,0.018287105505952805
S43A12T02,filtered,10,0.3333333333333333,False,True,0.2462881796274805,0.004997421908343291,-1.4474962052826084,-1.272461236217778,-0.1750349690648303,-0.16278955107198412,0.637210089098424,-0.7999996401704081,2.0090109404167613,1.9907687583095872,0.0182421821071741
S43A12T02,filtered,11,0.36666666666666664,False,True,0.24629945832886715,0.004987046241830662,-1.4474807509205003,-1.272415973582589,-0.17506477733791126,-0.16277529584936934,0.6372582551870136,-0.800033551036383,2.0090259402522537,1.99083192280255,0.018194017449703725
S43A12T02,filtered,12,0.4,False,True,0.24631093579853125,0.004968853492558933,-1.4474645539911564,-1.272369570176815,-0.1750949838143414,-0.16276185603251198,0.637301491011863,-0.800063347044375,2.009040501117205,1.9908933228164378,0.018147178300766953
S43A12T02,filtered,13,0.43333333333333335,False,True,0.2463214257741279,0.004943421510457124,-1.447449209901189,-1.272326769047889,-0.1751224408533001,-0.1627508045051219,0.6373343361112405,-0.8000851406163624,2.009052996103847,1.9909461125650783,0.01810688353876877
S43A12T02,filtered,14,0.4666666666666667,False,True,0.24632964181750636,0.004912199563440911,-1.44743650018045,-1.2722927529178265,-0.17514374726262338,-0.16274373276960613,0.637351489566769,-0.8000952223363751,2.009061735835714,1.9909831746356659,0.01807856120004825
S43A12T02,filtered,15,0.5,False,True,0.2463343166338681,0.004877505794296244,-1.4474282349254404,-1.2722726679711396,-0.1751555669543008,-0.16274208439830595,0.6373484035484793,-0.8000904879467853,2.0090651377649293,1.9909978318500337,0.018067305914895693
S43A12T02,filtered,16,0.5333333333333333,False,True,0.2463343402049473,0.0048424317623132485,-1.4474260647186952,-1.2722710684235397,-0.17515499629515552,-0.1627469751665597,0.6373219002741698,-0.8000688754407295,2.009061913640301,1.9909846365125181,0.018077277127783065
S43A12T02,filtered,17,0.5666666666666667,False,True,0.24632890558739307,0.004810648041174703,-1.4474312767356412,-1.2722913272165552,-0.17513994951908596,-0.16275901670369616,0.637270750730714,-0.8000297674344102,2.009051258350997,1.9909401664927766,0.01811109185822035
S43A12T02,filtered,18,0.6,False,True,0.24631764843222348,0.004786114314150103,-1.4474445940053926,-1.2723350697203273,-0.17510952428506532,-0.1627781630699659,0.6371961467754972,-0.799974309845463,2.0090330202674345,1.990863744525711,0.018169275741723556
S43A12T02,filtered,19,0.6333333333333333,False,True,0.24630076434487874,0.004772708157194883,-1.4474659997742223,-1.272401694836264,-0.17506430493795833,-0.16280360062795604,0.6371019975884549,-0.7999055982164109,2.0090078316907043,1.9907579906420523,0.018249841048652016
S43A12T02,filtered,20,0.6666666666666666,False,True,0.24627908750132257,0.004773797810008862,-1.4474946100918824,-1.272488049875378,-0.17500656021650451,-0.16283370054417873,0.6369949880052532,-0.7998286885494319,2.0089771785179282,1.9906291196049841,0.01834805891294411
S43A12T02,filtered,21,0.7,False,True,0.24625411482954265,0.00479179458665846,-1.447528616662113,-1.2725883208754198,-0.17494029578669323,-0.1628660499932827,0.6368843505879118,-0.7997504005811945,2.0089433910294954,1.990486906877193,0.018456484152302277
S43A12T02,filtered,22,0.7333333333333333,False,True,0.24622796286380122,0.004827728940121956,-1.4475653183923134,-1.2726941879448854,-0.17487113044742797,-0.16289757260177495,0.6367813252136254,-0.7996788978154004,2.0089095429086408,1.9903442684274597,0.01856527448118106
S43A12T02,filtered,23,0.7666666666666667,False,True,0.246203249247967,0.0048808993364120035,-1.4476012538857546,-1.2727952757831562,-0.17480597810259835,-0.16292474105134,0.6366983084872311,-0.7996230495385711,2.0088792530809734,1.990216431059919,0.018662822021054293
S43A12T02,filtered,24,0.8,False,True,0.246182897735208,0.004948643910336115,-1.4476324385488182,-1.2728799034999034,-0.17475253504891475,-0.1629438755076358,0.63664772854115,-0.7995916040487858,2.0088563943149294,1.9901197092583534,0.018736685056575997
S43A12T02,filtered,25,0.8333333333333334,False,True,0.2461698740104406,0.005026280531986949,-1.4476546995282,-1.2729361068491893,-0.1747185926790107,-0.16295151134156377,0.6366407160937706,-0.7995922274353344,2.0088447230908177,1.990069949006371,0.018774774084446832
S43A12T02,filtered,26,0.8666666666666667,False,True,0.2461668689856289,0.005107250980580735,-1.4476640901256494,-1.2729528724109853,-0.17471121771466414,-0.16294480937715858,0.6366856766349316,-0.7996304860120902,2.008847456121891,1.9900807448767348,0.018766711245156387
S43A12T02,filtered,27,0.9,False,True,0.24617595528774672,0.005183489490386162,-1.4476573536874144,-1.272921490184191,-0.17473586350322345,-0.1629219727026397,0.6367868975056532,-0.7997088702082928,2.0088668290044143,1.9901615792938006,0.018705249710613714
S43A12T02,filtered,28,0.9333333333333333,False,True,0.2461982501779416,0.005246015692786488,-1.4476323964432765,-1.2728369020611154,-0.17479549438216102,-0.16288262705999962,0.6369433435462524,-0.799825970606252,2.0089036805911595,1.9903160672381404,0.018587613353019172
S43A12T02,filtered,29,0.9666666666666667,False,True,0.24623362284172676,0.005285728250359778,-1.4475887206738614,-1.2726989024679602,-0.1748898182059011,-0.16282811808800768,0.637147802303433,-0.7999759203914407,2.0089571116365152,1.9905405107793268,0.018416600857188437
S43A12T02,filtered,30,1.0,False,True,0.24628048491231522,0.005294350183504548,-1.4475277651773297,-1.2725130376205138,-0.1750147275568159,-0.16276167917735732,0.6373865316389847,-0.800148210816342,2.009024266997908,1.990822971245327,0.018201295752581004
S43A12T02,filtered,31,1.0333333333333334,False,True,0.24633569981409634,0.005265452445207597,-1.4474531003741928,-1.2722910542990367,-0.17516204607515617,-0.16268842906062692,0.6376395372489498,-0.8003279663095768,2.0091002864123584,1.9911430492424471,0.017957237169911267
S43A12T02,filtered,32,1.0666666666666667,False,True,0.24639463927821106,0.005195461447805805,-1.4473704312980618,-1.272050769716375,-0.17531966158168677,-0.16261516875341037,0.6378815648896695,-0.8004967336430799,2.009178459211045,1.9914725224724152,0.017705936738629857
S43A12T02,filtered,33,1.1,False,True,0.24645140500360263,0.005084541817753863,-1.4472873734806233,-1.2718152714743116,-0.1754721020063117,-0.16254996283539702,0.6380838336267043,-0.8006337964621013,2.009250603406673,1.9917769288203275,0.0174736745863453
S43A12T02,filtered,34,1.1333333333333333,False,True,0.24649922104461058,0.004937240281270627,-1.4472129840960646,-1.2716114096320128,-0.17560157446405178,-0.1625015095031334,0.6382164657152599,-0.8007179752183933,2.0093076700837207,1.9920181004045625,0.01728956967915818
S43A12T02,filtered,35,1.1666666666666667,False,True,0.24653098916962765,0.004762782379458486,-1.4471570527957447,-1.2714676085686185,-0.17568944422712618,-0.1624783259683177,0.6382514911965302,-0.8007298171648479,2.009340551235469,1.9921575586060483,0.017182992629420912
S43A12T02,filtered,36,1.2,False,True,0.24653998583015932,0.004574931957020301,-1.4471291819078178,-1.2714110998103145,-0.17571808209750328,-0.16248779873659208,0.6381662279571599,-0.8006540266937521,2.0093410449795273,1.9921605783080492,0.0171804666714781
S43A12T02,filtered,37,1.2333333333333334,False,True,0.24652066565835096,0.004391354229283495,-1.447137711982603,-1.271464751905702,-0.17567296007690092,-0.16253516981192273,0.637946768950074,-0.8004819387619967,2.0093029087542136,1.99200063136909,0.017302277385123688
S43A12T02,filtered,38,1.2666666666666666,False,True,0.24646952239097114,0.004232465545702002,-1.447188573461711,-1.2716437421876967,-0.1755448312740142,-0.16262254745310029,0.6375912560109784,-0.8002138034640787,2.009222911238824,1.9916638355885856,0.017559075650238176
S43A12T02,filtered,39,1.3,False,True,0.24638594378286763,0.004119804138752681,-1.4472841657130786,-1.271952369719564,-0.17533179599351456,-0.162748041312281,0.6371125922530261,-0.7998606335653071,2.0091017799820623,1.9911529771629706,0.017948802819091725
S43A12T02,filtered,40,1.3333333333333333,False,True,0.24627298324139732,0.004074012176901842,-1.4474223779917905,-1.272381340994253,-0.17504103699753748,-0.1629051244632004,0.6365402489788332,-0.7994453734420336,2.0089449364576235,1.9904906519329022,0.01845428452472131
S43A12T02,filtered,41,1.3666666666666667,False,True,0.24613795979788183,0.004112575116172579,-1.4475958705625607,-1.2729058632930819,-0.1746900072694788,-0.1630823174194552,0.6359208626147357,-0.7990031800341909,2.0087629153472206,1.9897210913860839,0.01904182396113674
S43A12T02,filtered,42,1.4,False,True,0.24599279336568936,0.00424751359324782,-1.4477917264007827,-1.273484850339891,-0.17430687606089168,-0.1632632710501103,0.6353173932914803,-0.7985806643415906,2.008571381297662,1.9889103076951182,0.019661073602543988
S43A12T02,filtered,43,1.4333333333333333,False,True,0.24585398869130481,0.004483259501419035,-1.4479915636711587,-1.2740614792660145,-0.17393008440514413,-0.16342729669725273,0.6348067264216138,-0.7982340231188666,2.0083906841426735,1.9881443077584615,0.020246376384212006
S43A12T02,filtered,44,1.4666666666666666,False,True,0.24574220322820295,0.004814965310148134,-1.448172166863949,-1.2745652387808089,-0.17360692808314004,-0.1635503543751783,0.6344757348243044,-0.7980260891994827,2.008244931296908,1.987525283708103,0.020719647588804957
S43A12T02,filtered,45,1.5,False,True,0.24568137320539424,0.005227489022489484,-1.4483066517074699,-1.2749154816356905,-0.1733911700717794,-0.16360646649720118,0.6344159704541714,-0.7980224369513726,2.008160601080098,1.9871658755554953,0.020994725524602575
S43A12T02,filtered,46,1.5333333333333334,False,True,0.24569742589329022,0.005695263077242663,-1.4483661288201657,-1.2750263497215117,-0.17333977909865395,-0.16356947904621538,0.6347173070587497,-0.7982867861049652,2.0081647692473976,1.987181804315704,0.020982964931693715
S43A12T02,filtered,47,1.5666666666666667,False,True,0.24581666642099267,0.006183193126257924,-1.4483217778269712,-1.2748127906210907,-0.1735089872058806,-0.16341504920714242,0.6354609914028131,-0.7988760406099555,2.008283068144591,1.9876833707263477,0.02059969741824319
S43A12T02,filtered,48,1.6,False,True,0.24606398148685,0.006648644101690637,-1.4481471926147143,-1.2741972457383794,-0.1739499468763348,-0.1631227033191074,0.6367126638693803,-0.7998353671884877,2.0085375382681474,1.9887664828656493,0.019771055402498128
S43A12T02,filtered,49,1.6333333333333333,False,True,0.24646103501843925,0.007044461820518988,-1.4478208153033791,-1.273116478752181,-0.1747043365511982,-0.16267778649675763,0.6385159637142206,-0.8011937502109783,2.0089445601856433,1.9905039929183808,0.01844056726726251
S43A12T02,filtered,50,1.6666666666666667,False,True,0.24702463050741524,0.007322857382781933,-1.4473282470041244,-1.2715279446364445,-0.17580030236767996,-0.16207311947895514,0.6408873283748318,-0.8029604478537868,2.0095130660318743,1.9929381692806714,0.01657489675120294
S43A12T02,filtered,51,1.7,False,True,0.24776537833865775,0.0074398605966599085,-1.4466642123280187,-1.2694150863020328,-0.17724912602598586,-0.1613101917297072,0.6438125245316865,-0.8051227162613936,2.0102432208049676,1.9960750913221907,0.014168129482776903
S43A12T02,filtered,52,1.7333333333333334,False,True,0.24868674327199092,0.007359941556297267,-1.4458339651466476,-1.2667909952971073,-0.17904296984954038,-0.1603997529533519,0.6472453135620395,-0.8076450665153914,2.0111257331831505,1.9998816254450613,0.011244107738089149
S43A12T02,filtered,53,1.7666666666666666,False,True,0.2497844780869935,0.007060321173478767,-1.4448539563256684,-1.2636999852247963,-0.18115397110087206,-0.1593617158627524,0.6511084669954779,-0.8104701828582302,2.0121419049038547,2.0042854286447853,0.007856476259069378
S43A12T02,filtered,54,1.8,True,False,0.25104640004517814,0.006534456059976712,-1.4437516384503088,-1.260216793823918,-0.18353484462639091,-0.1582243464835306,0.6552971284806526,-0.8135214749641831,2.0132644610728168,2.009178147700143,0.004086313372673622
S43A12T02,filtered,55,1.8333333333333333,False,False,0.25245245764455465,0.00579420211344428,-1.4425643536002895,-1.2564433362725977,-0.1861210173276917,-0.15702278743099493,0.6596842938636402,-0.8167070812946352,2.0144591279488084,2.0144216677778495,3.746017095895837e-05
S43A12T02,filtered,56,1.8666666666666667,False,False,0.2539750708302954,0.004870241090604965,-1.4413373313160565,-1.2525031560933555,-0.18883417522270096,-0.15579702601161888,0.6641279787467933,-0.8199250047584121,2.015686848588978,2.0198569511985656,-0.0041701026095877225
S43A12T02,filtered,57,1.9,False,True,0.2555797922074595,0.0038104951756257055,-1.4401209068401397,-1.2485339357148306,-0.1915869711253091,-0.15458947422521843,0.6684794885609537,-0.8230689627861721,2.016906459765595,2.025314735660367,-0.00840827589477211
S43A12T02,filtered,58,1.9333333333333333,False,False,0.2572263964332518,0.0026764477605085712,-1.438967146019554,-1.2446786119393893,-0.19428853408016478,-0.15344236489376933,0.6725921164897721,-0.8260344813835414,2.0180776044031385,2.0306271673129057,-0.012549562909767165
S43A12T02,filtered,59,1.9666666666666666,False,False,0.2588705215815337,0.0015375177334817636,-1.4379261252684326,-1.2410757730757502,-0.19685035219268232,-0.15239518316015513,0.6763295750614233,-0.8287247582215784,2.019163628565695,2.0356393525124776,-0.01647572394678276
S43A12T02,filtered,60,2.0,False,False,0.26046593379849126,0.00046387583828089163,-1.4370421567002107,-1.2378500829169758,-0.1991920737832349,-0.15148234474117733,0.6795735130948739,-0.8310558578360512,2.0201342133009037,2.0402198320520553,-0.020085618751151557
S43A12T02,filtered,61,2.033333333333333,False,False,0.26196736536531007,0.00048168310792040536,-1.436350265899121,-1.2351034789176358,-0.20124678698148513,-0.15073130378796076,0.6822295696085414,-0.8329608733965022,2.0209675181764917,2.044269106049401,-0.02330158787290948
S43A12T02,filtered,62,2.066666666666667,False,False,0.26333371751023377,0.0012520185230782133,-1.4358732208145222,-1.232907831588827,-0.20296538922569507,-0.15016122826451628,0.6842315565948984,-0.8343927848594147,2.021651660750674,2.0477255458973156,-0.02607388514664155
S43A12T02,filtered,63,2.1,False,False,0.26453127621891864,0.0018231714134693267,-1.4356193750579715,-1.23129963793289,-0.20431973712508156,-0.14978232477735254,0.6855435299236029,-0.8353258547009554,2.0221854181689407,2.050568292440711,-0.02838287427177022
S43A12T02,filtered,64,2.1333333333333333,False,False,0.2655365179848057,0.002200223193685291,-1.4355815298225658,-1.2302771655406177,-0.2053043642819481,-0.14959583356803657,0.6861596896328173,-0.8357555232008538,2.0225781065341337,2.0528170240843666,-0.03023891755023289
S43A12T02,filtered,65,2.1666666666666665,False,False,0.26633811932465673,0.0024206538150277623,-1.435736940295633,-1.2298002796344272,-0.20593666066120586,-0.14959465369278832,0.6861022350773334,-0.8356968887701217,2.022848663843364,2.0545287533469487,-0.031680089503584696
S43A12T02,filtered,66,2.2,False,True,0.26693792842966735,0.002554551768772839,-1.436048501281469,-1.2297929877045064,-0.2062555135769626,-0.14976450371961472,0.6854174733562705,-0.8351819770758852,2.0230240271021978,2.055792048987137,-0.0327680218849391
S43A12T02,filtered,67,2.2333333333333334,False,True,0.26735086690149024,0.0027012984098517823,-1.4364670506255706,-1.2301485402113,-0.20631851041427063,-0.15008547943103978,0.6841706264220698,-0.8342561058531096,2.0231369487528092,2.0567192643554817,-0.03358231560267244
S43A12T02,filtered,68,2.2666666666666666,False,False,0.2676039292895078,0.002982679785600295,-1.4369346363972875,-1.2307367447259154,-0.20619789167137204,-0.15053384095442268,0.6824398882931771,-0.8329737292475998,2.0232234380360135,2.0574374709427565,-0.034214032906743075
S43A12T02,filtered,69,2.3,False,True,0.2677345548681541,0.0035327393392972084,-1.437388512920075,-1.2314129964106935,-0.2059755165093815,-0.15108385008691974,0.6803103356662071,-0.8313941857531268,2.0233200369103534,2.0580788475345395,-0.034758810624186065
S43A12T02,filtered,70,2.3333333333333335,False,True,0.2677886007866384,0.0044850395478421845,-1.4377655688680469,-1.232028408812305,-0.20573716005574183,-0.15170948532800596,0.6778682842207825,-0.8295777695487885,2.023461146609263,2.0587712651317664,-0.03531011852250332
S43A12T02,filtered,71,2.3666666666666667,False,True,0.26781794575953516,0.00595831492151877,-1.43800685312586,-1.232440351528953,-0.20556650159690704,-0.15238588635280764,0.6751966073251301,-0.8275824936779377,2.0236766101023287,2.059629745400666,-0.0359531352983371
S43A12T02,filtered,72,2.4,False,True,0.26787747143201834,0.008041741458011176,-1.4380618537768524,-1.2325226685264585,-0.20553918525039383,-0.15309041846229934,0.6723714005200268,-0.8254618189823261,2.023989729127417,2.0607493671056556,-0.03675963797823867
S43A12T02,filtered,73,2.433333333333333,False,True,0.2680209449805571,0.010781193390144939,-1.4378922025550966,-1.232174863292205,-0.2057173392628917,-0.1538032963774525,0.669460199120832,-0.8232634954982845,2.024415854609566,2.062200061680394,-0.03778420707082786
S43A12T02,filtered,74,2.466666666666667,False,False,0.2682953289793326,0.014167889750592355,-1.4374745190455809,-1.2313295932249966,-0.2061449258205843,-0.15450776003795658,0.6665217584597987,-0.8210295184977552,2.0249616395601304,2.064023585538199,-0.03906194597806856
S43A12T02,filtered,75,2.5,False,True,0.26873339713320066,0.018130742704484115,-1.4368021717535302,-1.2299579128420737,-0.20684425891145652,-0.15518984704175356,0.6636072101022359,-0.8187970571439894,2.025624987945081,2.0662327914938503,-0.04060780354876936
S43A12T02,filtered,76,2.533333333333333,False,True,0.26934523759431656,0.022533507395742225,-1.4358858118369013,-1.2280718397001427,-0.20781397213675867,-0.15583785168893527,0.6607622354946157,-0.8166000871835509,2.0263956758115262,2.0688131525932603,-0.04241747678173402
S43A12T02,filtered,77,2.566666666666667,False,True,0.270110103615324,0.02717750783073325,-1.4347526244585078,-1.2257239835647553,-0.2090286408937525,-0.15644159477569364,0.6580297706914178,-0.8144713654671114,2.027256566392455,2.0717263261772465,-0.044469759784791396
S43A12T02,filtered,78,2.6,False,True,0.2709707921321479,0.03181029097120858,-1.4334443370639975,-1.2230041721423568,-0.21044016492164075,-0.156991647839786,0.6554526874961848,-0.8124443353359708,2.028185292849389,2.0749153916284877,-0.04673009877909884
S43A12T02,filtered,79,2.6333333333333333,False,True,0.2718329213334644,0.036140065090283224,-1.4320141181035069,-1.2200332172332642,-0.21198090087024268,-0.15747865820524995,0.6530758974001345,-0.8105545556053845,2.0291562442089295,2.078311260212531,-0.04915501600360139
S43A12T02,filtered,80,2.6666666666666665,False,False,0.2725709020461606,0.03985524057681422,-1.4305225880748396,-1.2169541819261092,-0.2135684061487304,-0.15789290612007356,0.6509473978785403,-0.8088403039986138,2.0301426650414283,2.081839649701436,-0.05169698466000794
S43A12T02,filtered,81,2.7,False,False,0.27304109889826456,0.042647853467520536,-1.429033240838731,-1.213921717211401,-0.21511152362733,-0.15822419354279146,0.6491179202462128,-0.8073421137890043,2.0311186704596276,2.0854279523415,-0.05430928188187245
S43A12T02,filtered,82,2.7333333333333334,False,False,0.273100987242546,0.044239164635671235,-1.4276076298753277,-1.211090216835525,-0.21651741303980265,-0.15846211867241045,0.6476390299509043,-0.8061011486233147,2.032060987612957,2.08901131598339,-0.05695032837043268
S43A12T02,filtered,83,2.7666666666666666,False,False,0.2726315043999961,0.04440534631161097,-1.426300704558548,-1.2086016729201883,-0.2176990316383598,-0.158596735866567,0.6465597519277204,-0.8051564877942874,2.0329502644172743,2.0925373173360473,-0.059587052918772976
S43A12T02,filtered,84,2.8,False,False,0.2715586851967897,0.043000945954003056,-1.4251566800581708,-1.2065741842553699,-0.21858249580280087,-0.15861954323500554,0.6459220185314963,-0.8045415617665019,2.033771834976738,2.0959687400272786,-0.06219690505054043
S43A12T02,filtered,85,2.8333333333333335,False,False,0.2698703000032864,0.03997779844696092,-1.424205788392462,-1.2050920615923748,-0.21911372680008712,-0.15852468677808587,0.6457554370525536,-0.8042801238306394,2.0345158950731568,2.0992841745069186,-0.06476827943376184
S43A12T02,filtered,86,2.8666666666666667,False,False,0.2676236512038562,0.03539726628984807,-1.4234621885808354,-1.204198384353241,-0.2192638042275945,-0.1583102274319478,0.6460720211203312,-0.804382248552279,2.03517711297417,2.102476414220793,-0.06729930124662298
S43A12T02,filtered,87,2.9,False,False,0.2649419280031969,0.029434126645635716,-1.4229232161247451,-1.203890693962463,-0.2190325221622822,-0.1579792921135996,0.6468616036207397,-0.8048408957343394,2.0357537710259,2.1055489022564533,-0.06979513123055314
S43A12T02,filtered,88,2.933333333333333,False,False,0.261998541745143,0.02237107289729745,-1.4225700351838195,-1.2041202717674642,-0.21844976341635536,-0.1575409266115756,0.6480886342346863,-0.8056295608462619,2.0362465918064143,2.108510745587496,-0.07226415378108175
S43A12T02,filtered,89,2.966666666666667,False,False,0.25899153504835837,0.014583612658037426,-1.4223696322569608,-1.2047951625771716,-0.21757446967978922,-0.15701048920639432,0.6496909587806062,-0.8067014479870005,2.0366574401395834,2.1113710194903534,-0.07471357935077005
S43A12T02,filtered,90,3.0,False,False,0.25611304840081905,0.006516058152268522,-1.4222779702237018,-1.205786791764833,-0.21649117845886878,-0.1564094682242483,0.6515809882557381,-0.8079904564799864,2.0369881031116632,2.114133198395959,-0.0771450952842958
S43A12T02,filtered,91,3.033333333333333,False,False,0.25352104438092965,0.001349766650065476,-1.4222440178814837,-1.2069397113255653,-0.21530430655591837,-0.15576466980133238,0.6536494122771255,-0.8094140820784579,2.0372393324813767,2.1167905499118627,-0.07955121743048599
S43A12T02,filtered,92,3.066666666666667,False,False,0.2513208330789559,0.008530634551957128,-1.4222142924294516,-1.208083725987147,-0.21413056644230455,-0.1551067963276875,0.6557713235427153,-0.8108781198704028,2.0374102899007602,2.119323211408509,-0.08191292150774876
S43A12T02,filtered,93,3.1,False,False,0.24956155756031878,0.014579719364103294,-1.422137507945612,-1.2090474212719913,-0.21309008667362073,-0.15446851163299674,0.6578143321561309,-0.8122828437891276,2.0374984715148576,2.12169744680401,-0.08419897528915232
S43A12T02,filtered,94,3.1333333333333333,False,False,0.248248010632241,0.019122612436200503,-1.421968916087091,-1.2096719651610295,-0.2122969509260615,-0.15388215567786045,0.6596479979020132,-0.8135301535798737,2.0375001142225386,2.1238672846133797,-0.08636717039084107
S43A12T02,filtered,95,3.1666666666666665,False,False,0.2473627194360564,0.021888066551920105,-1.421673957111182,-1.209824002258474,-0.21184995485270797,-0.15337732015682945,0.6611537276806013,-0.8145310478374308,2.0374110122759297,2.125778408323471,-0.08836739604754129
S43A12T02,filtered,96,3.2,False,False,0.24688952265260775,0.022730373596501874,-1.42123090748545,-1.2094065146812958,-0.2118243928041541,-0.1529785205161674,0.6622341981462565,-0.8152127186624238,2.037227610965795,2.1273738534167643,-0.09014624245096936
S43A12T02,filtered,97,3.2333333333333334,False,False,0.24682951126893873,0.021641043413412442,-1.4206323087568316,-1.2083666874085197,-0.21226562134831184,-0.1527031966258232,0.6628213812600987,-0.8155245778859219,2.036948202900283,2.128600806653324,-0.09165260375304118
S43A12T02,filtered,98,3.2666666666666666,False,False,0.24720330578708133,0.018748503288632756,-1.419885081363028,-1.206700075578809,-0.21318500578421884,-0.1525602447829274,0.6628823700836909,-0.8154426148666183,2.036574037410051,2.1294176385883894,-0.09284360117833845
S43A12T02,filtered,99,3.3,False,False,0.24803894234469823,0.01430575715691118,-1.4190093543283164,-1.204450703450208,-0.21455865087810833,-0.1525492322446691,0.6624224081437773,-0.8149716403884464,2.0361101663078163,2.1298002519990096,-0.0936900856911933
S43A12T02,filtered,100,3.3333333333333335,False,False,0.2493501916988882,0.00866718315237236,-1.4180361637086454,-1.2017070963461138,-0.21632906736253155,-0.15266037873767804,0.6614847930883719,-0.81414517182605,2.035565886911479,2.129746902535545,-0.09418101562406589
S43A12T02,filtered,101,3.3666666666666667,False,False,0.2511139184064588,0.0022567597353080338,-1.4170042763671367,-1.198594619901707,-0.21840965646542965,-0.15287531507748456,0.6601476238803086,-0.8130229389577931,2.0349546998820336,2.1292808322656267,-0.09432613238359311
S43A12T02,filtered,102,3.4,False,False,0.25325559509949763,0.004469131856435382,-1.4159564707178078,-1.195264837405394,-0.22069163331241382,-0.15316855490879847,0.6585176590262589,-0.8116862139350574,2.034293766791688,2.1284503260964645,-0.09415655930477662
S43A12T02,filtered,103,3.433333333333333,False,False,0.25564902146182067,0.011060668327828482,-1.4149356454428772,-1.1918828624592157,-0.2230527829836615,-0.15350954879607784,0.6567218220152452,-0.810231370811323,2.033602921194235,2.127326119493099,-0.09372319829886422
S43A12T02,filtered,104,3.466666666666667,False,False,0.25813097199870305,0.017111529469642228,-1.4139811276055523,-1.188613854214681,-0.22536727339087137,-0.1538651366555487,0.6548971042488223,-0.808762240904371,2.032903348236301,2.1259964128185933,-0.0930930645822925
S43A12T02,filtered,105,3.5,False,False,0.26052629438004327,0.022290333515194938,-1.4131255136776764,-1.1856098589585156,-0.2275156547191608,-0.1542021797763868,0.6531797560589787,-0.8073819358353655,2.0322160936025737,2.124560042660091,-0.09234394905751708
S43A12T02,filtered,106,3.533333333333333,False,False,0.26267601355066345,0.026363722890586416,-1.412392305486375,-1.1829981389610027,-0.22939416652537226,-0.15449014069241668,0.6516947106830615,-0.8061848513754781,2.0315605869566085,2.12311858786899,-0.09155800091238175
S43A12T02,filtered,107,3.566666666666667,False,False,0.2644610042757332,0.029209211360305742,-1.4117945066989588,-1.1808719544750481,-0.23092255222391067,-0.15470338900527428,0.6505461501604306,-0.8052495391657049,2.0309533648674942,2.12176831998121,-0.09081495511371562
S43A12T02,filtered,108,3.6,False,False,0.26581609546193374,0.03081704131221552,-1.4113342362352097,-1.1792844983149524,-0.2320497379202573,-0.1548230425015602,0.6498100006832408,-0.804633043184801,2.030407153394392,2.1205929273614954,-0.09018577396710326
S43A12T02,filtered,109,3.6333333333333333,False,False,0.26673273811900483,0.03128148972316125,-1.4110033066269232,-1.1782463567493182,-0.23275694987760498,-0.15483820174642654,0.649528951140469,-0.8043671528868956,2.029930423922134,2.119657845927165,-0.08972742200503081
S43A12T02,filtered,110,3.6666666666666665,False,False,0.2672514217866224,0.03078315962656686,-1.4107846211679642,-1.1777265247188922,-0.23305809644907205,-0.15474649710369506,0.6497103427716664,-0.8044568398753614,2.029527473043944,2.119006826477513,-0.08947935343356894
S43A12T02,filtered,111,3.7,False,False,0.2674471498404959,0.02956466805017488,-1.4106541746887276,-1.1776566779873783,-0.23299749670134928,-0.15455393302411255,0.6503270053629364,-0.804880938387049,2.0291990059485197,2.118661082516872,-0.08946207656835226
S43A12T02,filtered,112,3.7333333333333334,False,False,0.2674122038755977,0.027902689218958887,-1.410583405977151,-1.177938135226636,-0.2326452707505149,-0.1542740783050869,0.6513208441528461,-0.805594922457933,2.0289431319950446,2.1186210274080515,-0.08967789541300686
S43A12T02,filtered,113,3.7666666666666666,False,False,0.2672401693367467,0.026079477809565432,-1.4105416472918082,-1.1784507546754175,-0.2320908926163907,-0.15392670613693807,0.6526087391905059,-0.8065354453274439,2.0287566205384295,2.1188702682604883,-0.09011364772205877
S43A12T02,filtered,114,3.8,False,False,0.2670140221587166,0.024356781853939857,-1.410498444788769,-1.1790629148978509,-0.2314355298909181,-0.15353602863201227,0.6540901296401087,-0.8076261582721209,2.02863622344276,2.1193812220115786,-0.09074499856881868
S43A12T02,filtered,115,3.8333333333333335,False,False,0.2667994425862257,0.022954514714631058,-1.410425575056035,-1.1796417249904891,-0.23078385006554591,-0.15312869372040286,0.6556555374563119,-0.8087842311767147,2.0285798548239735,2.120121499631841,-0.09154164480786742
S43A12T02,filtered,116,3.8666666666666667,False,False,0.26664296736020876,0.02203579027182867,-1.4102986463738387,-1.1800626817872326,-0.2302359645866061,-0.1527317168777746,0.6571952471463389,-0.8099269640241136,2.028587431791073,2.1210601003964866,-0.09247266860541359
S43A12T02,filtered,117,3.9,False,True,0.26657356683700945,0.021699058273597194,-1.4100982372527797,-1.1802181179720423,-0.22988011928073737,-0.1523705078128043,0.6586074001933001,-0.8109779080061044,2.0286612216711752,2.1221724871515177,-0.0935112654803425
S43A12T02,filtered,118,3.933333333333333,False,False,0.26660593820147555,0.021977230957732186,-1.4098105795066915,-1.180023941388518,-0.22978663811817346,-0.152067126758138,0.6598048739316398,-0.8118720006897777,2.028805606756673,2.123443773915195,-0.09463816715852191
S43A12T02,filtered,119,3.966666666666667,False,True,0.26674413420481,0.022842970746872915,-1.4094278323723581,-1.1794243312961776,-0.2300035010761805,-0.15183887135862753,0.6607204777296838,-0.8125593490883113,2.0290262590243042,2.1248695285582495,-0.09584326953394529
S43A12T02,filtered,120,4.0,False,True,0.2669847830062345,0.024218782471776557,-1.4089480159048091,-1.178394217256318,-0.23055379864849113,-0.15169725854981925,0.6613101924954942,-0.8130074510453134,2.029328804343177,2.1264540396250333,-0.09712523528185635
S43A12T02,filtered,121,4.033333333333333,False,True,0.2673197486777047,0.02599025574864222,-1.4083746776458714,-1.176939513092075,-0.23143516455379642,-0.15164743089449997,0.6615543800613384,-0.8132018109558383,2.029717137263694,2.1282062713726826,-0.09848913410898863
S43A12T02,filtered,122,4.066666666666666,False,True,0.26773840430586426,0.02802073341504241,-1.4077163604988923,-1.1750952098839798,-0.2326211506149125,-0.15168798705994904,0.661457076089349,-0.813145063149298,2.0301916127629593,2.1301340849727106,-0.09994247220975128
S43A12T02,filtered,123,4.1,False,False,0.2682296958799968,0.030165812892595678,-1.406985927072405,-1.1729215492344138,-0.23406437783799117,-0.15181121348597418,0.6610436368927051,-0.8128548503786792,2.0307473810840504,2.13223758952323,-0.10149020843917977
S43A12T02,filtered,124,4.133333333333334,False,False,0.2687839736193612,0.03228637291297498,-1.406199781525067,-1.1704986024598147,-0.23570117906525234,-0.15200367934657738,0.6603571251802647,-0.812360804526842,2.0313731394514085,2.1345026654561683,-0.10312952600475978
S43A12T02,filtered,125,4.166666666666667,False,False,0.2693943316483724,0.034259201594502686,-1.4053770180507443,-1.1679196725655951,-0.23745734548514918,-0.1522471488800346,0.6594538858057657,-0.8117010346858002,2.032050546849723,2.1368957491594145,-0.1048452023096913
S43A12T02,filtered,126,4.2,False,False,0.2700570758746325,0.0359847233788575,-1.4045385178170067,-1.165284010423668,-0.23925450739333876,-0.15251976230547137,0.6583987788658406,-0.810918541171312,2.03275448610024,2.139360870631273,-0.106606384531033
S43A12T02,filtered,127,4.233333333333333,False,False,0.2707710034446643,0.037391724561608886,-1.4037060139260575,-1.1626893880121303,-0.24101662591392725,-0.15279743650761138,0.6572605071926139,-0.8100579437002252,2.0334542662002293,2.1418197017743945,-0.10836543557416523
S43A12T02,filtered,128,4.266666666666667,False,False,0.2715354083905782,0.038439310997655074,-1.4029011459452494,-1.160225091397757,-0.24267605454749241,-0.15305543688631906,0.6561074054050772,-0.8091628422913962,2.034115746262787,2.1441750238733617,-0.11005927761057466
S43A12T02,filtered,129,4.3,False,False,0.2723470503045166,0.039116561260302385,-1.4021445301104023,-1.157965875897685,-0.24417865421271734,-0.15327006982643346,0.6550039580596209,-0.8082740278860543,2.034704242578282,2.1463175960188208,-0.1116133534405388
S43A12T02,filtered,130,4.333333333333333,False,True,0.273196638843051,0.03944044617169218,-1.4014548766458943,-1.1559673597432405,-0.2454875169026538,-0.153420439294536,0.65400819688859,-0.807428636183126,2.0351879665397394,2.1481359506494533,-0.11294798410971385
S43A12T02,filtered,131,4.366666666666666,False,False,0.27406561193840273,0.03945257410123393,-1.400848190318355,-1.154263219944505,-0.24658497037384985,-0.15349020023007479,0.6531700045683012,-0.806660204798376,2.035541648040829,2.1495282137760094,-0.11398656573518062
S43A12T02,filtered,132,4.4,False,False,0.2749240659944145,0.039215214250750474,-1.400337093416064,-1.1528644010748974,-0.24747269234116653,-0.1534692261187974,0.6525302381501902,-0.8059994642689876,2.0357499394303225,2.150414701643915,-0.11466476221359256
S43A12T02,filtered,133,4.433333333333334,False,False,0.2757306132258045,0.038806886965078835,-1.3999303112661345,-1.1517603674022654,-0.24816994386386915,-0.15335509037767994,0.6521204919197482,-0.8054755822974281,2.03581017852763,2.1507498304310793,-0.11493965190344912
S43A12T02,filtered,134,4.466666666666667,False,False,0.2764347060172391,0.03831763833789159,-1.3996323586766783,-1.1509222395521443,-0.248710119124534,-0.15315424428623073,0.6519632582064571,-0.8051175024926878,2.0357341199030476,2.150531823622844,-0.11479770371979647
S43A12T02,filtered,135,4.5,False,False,0.2769816141369378,0.037843980876386185,-1.3994434607216464,-1.1503074796787494,-0.24913598104289703,-0.15288276244403495,0.6520722240783056,-0.8049549865223405,2.03554832050265,2.149808825413158,-0.11426050491050788
S43A12T02,filtered,136,4.533333333333333,False,False,0.2773198150107163,0.037483415673343234,-1.399359732453726,-1.1498656443960131,-0.24949408805771278,-0.15256652463823142,0.6524524664988449,-0.8050189911370763,2.035292982651189,2.1486803189509356,-0.11338733629974662
S43A12T02,filtered,137,4.566666666666666,False,False,0.27741011399289894,0.03732846932710232,-1.3993736290803531,-1.1495446294589806,-0.2498289996213725,-0.15224071453549531,0.6531003777931492,-0.8053410923286446,2.0350192043382185,2.147293177424028,-0.11227397308580933
S43A12T02,filtered,138,4.6,False,False,0.27723540626142446,0.037460275769212625,-1.399474661064598,-1.1492967955375597,-0.25017786552703836,-0.15194854340051142,0.654003260382628,-0.8059518037831395,2.0347847503793255,2.145832201267445,-0.1110474508881194
S43A12T02,filtered,139,4.633333333333334,False,False,0.2768096790959881,0.03794188642722851,-1.3996503484225935,-1.1490843943069802,-0.25056595411561333,-0.15173915174758504,0.6551386614075119,-0.8068778131550969,2.03464862363153,2.1445055647771216,-0.10985694114559141
S43A12T02,filtered,140,4.666666666666667,False,False,0.27618468570379867,0.03881166654344592,-1.3998873667764058,-1.1488838047901964,-0.25100356198620943,-0.1516647018673571,0.6564736548905462,-0.8081383567579032,2.034664867331375,2.1435261553851195,-0.10886128805374451
S43A12T02,filtered,141,4.7,False,False,0.27545275064416797,0.04007729095867396,-1.4001728165412464,-1.1486882306355342,-0.2514845859057122,-0.15177674588249584,0.6579643983219747,-0.8097411442044706,2.0348761526616674,2.143090285540481,-0.10821413287881354
S43A12T02,filtered,142,4.733333333333333,False,False,0.274744438312382,0.04171095291591764,-1.4004955281024163,-1.1485086831764542,-0.25198684492596213,-0.15212203213264253,0.6595563676809125,-0.811678399813555,2.0353077862397235,2.143355642620879,-0.10804785638115533
S43A12T02,filtered,143,4.766666666666667,False,False,0.2742203576084752,0.04364641920709178,-1.4008473017365894,-1.1483732621264306,-0.2524740396101588,-0.15273799086402548,0.6611856881563911,-0.8139236790204166,2.035962799376643,2.1444205771798934,-0.10845777780325028
S43A12T02,filtered,144,4.8,False,False,0.27405716985866935,0.04577849451788696,-1.4012239725209152,-1.1483249235341333,-0.25289904898678195,-0.1536482110298023,0.6627819117477179,-0.8164301227775203,2.036818747310997,2.1463068857863155,-0.10948813847531857
S43A12T02,filtered,145,4.833333333333333,False,False,0.2744288126831422,0.0479653032431413,-1.4016261882336454,-1.1484180724785755,-0.25320811575506985,-0.15485827539212305,0.6642724421597804,-0.8191307175519035,2.0378267493017326,2.1489481063053075,-0.11112135700357495
S43A12T02,filtered,146,4.866666666666666,False,False,0.27548484444394683,0.050033577332477375,-1.4020597929211758,-1.1487144196348753,-0.25334537328630047,-0.15635235294714894,0.6655885797476777,-0.8219409326948266,2.0389131418514688,2.152185009261397,-0.11327186740992845
S43A12T02,filtered,147,4.9,False,False,0.27732837684691974,0.05178688074151805,-1.4025357214762375,-1.1492785868858486,-0.2532571345903889,-0.15809094908036816,0.6666728770981227,-0.8247638261784909,2.0399839054937563,2.1557694519145256,-0.11578554642076933
S43A12T02,filtered,148,4.933333333333334,False,False,0.279996072077124,0.05301643402892209,-1.4030693329088453,-1.1501739363019379,-0.2528953966069074,-0.16001018031479436,0.6674871952422028,-0.8274973755569972,2.0409317742634325,2.1593770893681072,-0.11844531510467471
S43A12T02,filtered,149,4.966666666666667,False,False,0.28344212479149805,0.05351395329489694,-1.4036791437650102,-1.1514590354304657,-0.25222010833454456,-0.16202287048908087,0.6680205774713186,-0.8300434479603995,2.041645665056846,2.162628651155444,-0.12098298609859803
S43A12T02,filtered,150,5.0,False,False,0.2875273133881503,0.05308570704785054,-1.4043849692592334,-1.1531850720111398,-0.25119989724809355,-0.1640216599756137,0.6682958618073032,-0.8323175217829168,2.0420217946012666,2.165118647689448,-0.1230968530881813
S43A12T02,filtered,151,5.033333333333333,False,False,0.29201354773867005,0.051566836958919726,-1.4052055371855698,-1.1553944080530871,-0.2498111291324827,-0.16588418312736336,0.668373879500784,-0.8342580626281473,2.041975610531651,2.166449536327214,-0.12447392579556293
S43A12T02,filtered,152,5.066666666666666,False,False,0.29656420281793583,0.04883489205092384,-1.4061557052321045,-1.1581203320851836,-0.24803537314692092,-0.16748020865842997,0.6683541683526919,-0.8358343770111218,2.0414534770831603,2.166268628804233,-0.12481515172107294
S43A12T02,filtered,153,5.1,False,False,0.30075088585070553,0.04482149485476561,-1.4072434802234366,-1.1613879430039642,-0.2458555372194724,-0.16868046380848975,0.6683713802743935,-0.8370518440828832,2.040442950988372,2.164304442952303,-0.1238614919639307
S43A12T02,filtered,154,5.133333333333334,False,False,0.30406775672695113,0.03952109496700018,-1.408467100094508,-1.1652159898656693,-0.2432511102288386,-0.16936668955214385,0.6685869734374119,-0.8379536629895558,2.0389804811247414,2.1603988735968627,-0.12141839247212127
S43A12T02,filtered,155,5.166666666666667,False,False,0.3059546213999319,0.032995873102740436,-1.4098124860427532,-1.169619405821684,-0.24019308022106922,-0.16944231532410683,0.6691763171698465,-0.8386186324939533,2.0371554807692713,2.1545315527742215,-0.11737607200495015
S43A12T02,filtered,156,5.2,False,False,0.3058294529364709,0.025376041115185544,-1.411251391887298,-1.1746122134389918,-0.23663917844830618,-0.16884301073518637,0.6703119460819498,-0.8391549568171361,2.035109958119874,2.1468331404233325,-0.11172318230345857
S43A12T02,filtered,157,5.233333333333333,False,False,0.3031298021718214,0.016855044411923314,-1.4127405590365856,-1.1802104411064906,-0.23253011793009493,-0.16754627870251498,0.6721443049465885,-0.8396905836491035,2.0330332407759397,2.137585053845637,-0.10455181306969719
S43A12T02,filtered,158,5.266666666666667,False,False,0.2973610416918494,0.007679513068026722,-1.4142221205014807,-1.1864346718244454,-0.22778744867703526,-0.16557920693051598,0.6747818454885774,-0.8403610524190934,2.031151771686214,2.127204284198149,-0.09605251251193492
S43A12T02,filtered,159,5.3,False,False,0.2881479448602057,0.001865781539131639,-1.4156253839709725,-1.1933118423856817,-0.22231354158529082,-0.16302349894138007,0.6782726914341215,-0.8412961903755016,2.029714453456425,2.116213386523129,-0.08649893306670409
S43A12T02,filtered,160,5.333333333333333,False,False,0.2752850971793582,0.011477248435214138,-1.4168699681812498,-1.2008759222516194,-0.21599404592963034,-0.16001696733681364,0.682590214720689,-0.8426071820575027,2.0289745294784165,2.105197339682726,-0.07622281020430943
S43A12T02,filtered,161,5.366666666666666,False,False,0.25878133685215843,0.02085489101679472,-1.4178700836780618,-1.209167132522027,-0.20870295115603477,-0.1567507953151925,0.6876247241327402,-0.8443755194479328,2.0291694605046238,2.094750583343423,-0.06558112283879902
S43A12T02,filtered,162,5.4,False,True,0.2388940184342904,0.02972619918102115,-1.4185395615873686,-1.2182294270703053,-0.20031013451706325,-0.1534620608270583,0.6931830494866472,-0.8466451103137055,2.030500626862424,2.08541895360168,-0.054918326739255896
S43A12T02,filtered,163,5.433333333333334,False,True,0.21615056817403694,0.03786957878131658,-1.418797070540966,-1.2281060632223175,-0.19069100731864852,-0.150421272133913,0.6989971348308008,-0.8494184069647138,2.033114905037607,2.077642259384337,-0.044527354346730164
S43A12T02,filtered,164,5.466666666666667,False,True,0.19135776311837174,0.04513520655585079,-1.4185708522528442,-1.238833248187786,-0.17973760406505823,-0.1479149822249483,0.7047418885930734,-0.8526568708180218,2.037090188728957,2.0717037015780804,-0.034613512849123396
S43A12T02,filtered,165,5.5,False,True,0.16560351283999136,0.05146122096148131,-1.4178022768761518,-1.250432061267323,-0.1673702156088288,-0.1462239271917292,0.7100615569755481,-0.8562854841672772,2.0424267225655908,2.06769212892019,-0.025265406354599396
S43A12T02,filtered,166,5.533333333333333,True,False,0.14026044693162065,0.056883388461914874,-1.4164475885166308,-1.2628991109073535,-0.15354847760927726,-0.14559755942396224,0.714602884687418,-0.8602004441113802,2.049045689612204,2.0654822212049373,-0.016436531592733505
S43A12T02,filtered,167,5.566666666666666,True,False,0.11699709526306963,0.061536809913673274,-1.4144773851544832,-1.276196669093309,-0.1382807160611741,-0.14622630119550867,0.7180524068783171,-0.8642787080738257,2.0567958673345337,2.064736148750364,-0.007940281415830253
S43A12T02,filtered,168,5.6,True,False,0.09775660289918794,0.06564882212609846,-1.4118736463640733,-1.2902433024730255,-0.12163034389104777,-0.14821329732733984,0.7201744786411391,-0.868387775968479,2.065468393918789,2.0649282143317857,0.0005401795870030313
S43A12T02,filtered,169,5.633333333333334,True,False,0.08450137594353868,0.06952296038128947,-1.4086244604049327,-1.304906249557233,-0.10371821084769972,-0.15154785355083766,0.720846183187277,-0.8723940367381147,2.0748188434732566,2.065391642774529,0.00942720069872749
S43A12T02,filtered,170,5.666666666666667,False,False,0.07837738301446193,0.07351462291402666,-1.4047169675932303,-1.3199969275804966,-0.0847200400127337,-0.15608305448355234,0.7200851352378257,-0.876168189721378,2.084594984144852,2.0653842919676997,0.01921069217715221
S43A12T02,filtered,171,5.7,False,False,0.07870555563810243,0.0779998546344649,-1.4001293766501386,-1.3352709396370637,-0.06485843701307492,-0.16152019958837213,0.7180664513575641,-0.8795866509459362,2.0945678785196944,2.0641678809099173,0.030399997609777074
S43A12T02,filtered,172,5.733333333333333,False,False,0.08335435771040166,0.08333937850896311,-1.3948231699803455,-1.3504337501375918,-0.044389419842753686,-0.16740261730034137,0.7151257983336322,-0.8825284156339736,2.1045634607035626,2.0610936095101935,0.0434698511933691
S43A12T02,filtered,173,5.766666666666667,False,False,0.09029311749869509,0.08984058719083898,-1.388736745474795,-1.3651527857290144,-0.023583959745780536,-0.17312107057580994,0.7117464234492046,-0.8848674940250145,2.1144914485056336,2.0556859716321405,0.058805476873493134
S43A12T02,filtered,174,5.8,False,False,0.09845792254600609,0.09772061404795807,-1.3817817159771246,-1.379076115062908,-0.002705600914216566,-0.1779323298479723,0.708529354045135,-0.8864616838931072,2.1243684565899743,2.047716251986439,0.07665220460353517
S43A12T02,filtered,175,5.833333333333333,False,False,0.10763912810048228,0.10707379469657008,-1.3738428939628458,-1.3918571153127213,0.018014221349875514,-0.18099157220512402,0.7061474398284378,-0.8871390120335618,2.1343324767714513,2.0372576828241895,0.09707479394726182
S43A12T02,filtered,176,5.866666666666666,False,False,0.11803331137170198,0.11784678151076666,-1.3647826411060189,-1.4031837248317336,0.03840108372571471,-0.18139811413921647,0.7052854925137968,-0.8866836066530133,2.144646471293736,2.024715480340312,0.11993099095342385
S43A12T02,filtered,177,5.9,False,False,0.12982479946684305,0.12982426440331318,-1.3544497922408492,-1.4128101025323527,0.05836031029150357,-0.1782526792204373,0.7065703324517794,-0.8848230116722167,2.1556896496547764,2.010826890240803,0.1448627594139733
S43A12T02,filtered,178,5.933333333333334,False,False,0.14292410857339985,0.1426276664573567,-1.342692817691134,-1.4205878589863619,0.07789504129522795,-0.17072305131059987,0.7104959508294948,-0.8812190021400946,2.167936016096824,1.9966288130625474,0.1713072030342766
S43A12T02,filtered,179,5.966666666666667,False,False,0.15689228728312857,0.15572831959331546,-1.3293763244742818,-1.4264935777962493,0.09711725332196752,-0.15811370120350865,0.7173501050666662,-0.8754638062701748,2.1819209125716568,1.9833933850468335,0.19852752752482328
S43A12T02,filtered,180,6.0,False,False,0.1710058641287204,0.16847550573186565,-1.3143994788990951,-1.4306491830704218,0.11624970417132663,-0.13993394574842402,0.7271493538815013,-0.8670832996299253,2.198197454676445,1.97253485984823,0.22566259482821494
S43A12T02,filtered,181,6.033333333333333,False,False,0.18438384772275754,0.18013843355148595,-1.2977145246196127,-1.4333318899990677,0.135617365379455,-0.1159585497143343,0.7395896895556777,-0.855548239270012,2.2172858676224707,1.96549403914418,0.25179182847829074
S43A12T02,filtered,182,6.066666666666666,False,False,0.1961163317255989,0.18995981284039076,-1.2793433293734295,-1.434971039052952,0.15562770967952244,-0.0862745428294227,0.7540194439546827,-0.8402939867841054,2.2396196715293817,1.9636090822119225,0.27601058931745914
S43A12T02,filtered,183,6.1,False,False,0.20536898155294336,0.19721732458181673,-1.259389865240349,-1.4361300651873055,0.17674019994695644,-0.05130849593382404,0.7694399730982391,-0.8207484690320631,2.265493338001889,1.96798352617389,0.29750981182799885
S43A12T02,filtered,184,6.133333333333334,False,False,0.21146033933012912,0.2012881195662588,-1.2380467362394794,-1.4374731508671772,0.19942641462769783,-0.01182962869484422,0.7845377534312046,-0.7963673821260489,2.2950163522710616,1.9793635293891692,0.31565282288189245
S43A12T02,filtered,185,6.166666666666667,False,False,0.21391598660593375,0.20171066369429758,-1.2155943139482357,-1.4397176626059858,0.22412334865775008,0.031074112820550337,0.7977490084772252,-0.7666748956566749,2.328078497724664,1.9980365157697335,0.3300419819549303
S43A12T02,filtered,186,6.2,False,False,0.21250233578035213,0.19823791623564868,-1.1923917007059743,-1.443575132321568,0.25118343161559364,0.0760475664866922,0.8073549670042168,-0.7313074005175246,2.364330594016546,2.023762424482592,0.3405681695339542
S43A12T02,filtered,187,6.233333333333333,False,False,0.20723930168814844,0.19087607342242086,-1.1688595588988568,-1.4496851371677155,0.2808255782688587,0.12154535112909104,0.8116025668001099,-0.6900572156710189,2.403183867944023,2.055746628976822,0.34743723896720136
S43A12T02,filtered,188,6.266666666666667,True,False,0.19838842513672816,0.17990397653888435,-1.1454557478369918,-1.4585477564091263,0.3130920085721345,0.16592949461466808,0.8088421879084298,-0.6429126932937617,2.4438296674536413,2.092660366508711,0.3511693009449304
S43A12T02,filtered,189,6.3,True,False,0.18641268448705894,0.16586974740093763,-1.1226456009958394,-1.47046114800778,0.3478155470119406,0.2075803040843844,0.7976712246655755,-0.5900909205811911,2.485279444564912,2.1327104237190517,0.35256902084586006
S43A12T02,filtered,190,6.333333333333333,True,False,0.1719074333801521,0.14956317737223657,-1.1008694475317258,-1.4854710273654699,0.3846015798337441,0.24501111629873185,0.7770704163277427,-0.5320593000290108,2.526422982891179,2.173755186035597,0.3526677968555818
S43A12T02,filtered,191,6.366666666666666,True,False,0.15551005885261834,0.13196469104569686,-1.080510523494436,-1.5033383376150589,0.42282781412062276,0.2769764699110906,0.7465192460974666,-0.46954277618637597,2.566100918522854,2.213459408629042,0.3526415098938118
S43A12T02,filtered,192,6.4,True,False,0.13781053108709032,0.11417410880646339,-1.0618666344367875,-1.5235301430695283,0.46166350863274075,0.3025632630535622,0.7060776667902123,-0.40351440373665015,2.603185907593729,2.2494756914564116,0.35371021613731735
S43A12T02,filtered,193,6.433333333333334,True,False,0.1193071709563332,0.09732468694675966,-1.045128757046087,-1.5452368133119219,0.5001080562658349,0.3212557104792948,0.656423998228405,-0.3351682877491102,2.636665532715751,2.2796371289912605,0.3570284037244904
S43A12T02,filtered,194,6.466666666666667,True,False,0.10048552150743587,0.08248975691552451,-1.0303691838149613,-1.567416048077508,0.5370468642625466,0.3329673354136746,0.5988428864447682,-0.2658755510310936,2.6657193856831296,2.3021433907273394,0.3635759949557902
S43A12T02,filtered,195,6.5,False,False,0.08216538571268302,0.07059047604609536,-1.0175408597564257,-1.5888614673622738,0.5713206076058481,0.33803657649301133,0.535162265216613,-0.1971256887236017,2.6897828373268804,2.31572191261718,0.3740609247097004
S43A12T02,filtered,196,6.533333333333333,True,False,0.066408801973026,0.06231355140762673,-1.0064883329251029,-1.6082906813313087,0.6018023484062058,0.33718644955838417,0.4676436488343639,-0.1304571992759797,2.708590867483741,2.3197471705075903,0.3888436969761506
S43A12T02,filtered,197,6.566666666666666,False,False,0.0580480736524651,0.05804719794141877,-0.9969693932618587,-1.624445333690641,0.6274759404287823,0.3314525654511514,0.3988350538471781,-0.06738248839602667,2.7221969680898703,2.314304255820744,0.40789271226912627
S43A12T02,filtered,198,6.6,False,False,0.06316976035996585,0.057842043047113156,-0.9886851905270909,-1.6361939449668883,0.6475087544397974,0.3220871449256684,0.33139970730358337,-0.009312562377914946,2.7309644538540985,2.3001880796118135,0.430776374242285
S43A12T02,filtered,199,6.633333333333334,True,False,0.08138281355594186,0.06140132327968084,-0.981315584333469,-1.6426277482796012,0.6613121639461322,0.3104490505773083,0.2679359658314359,0.0425130847458724,2.7355303171602134,2.2788361160049058,0.4566942011553077
S43A12T02,filtered,200,6.666666666666667,True,False,0.10717125438439111,0.06810179509220982,-0.9745558351229078,-1.643140234346556,0.6685843992236482,0.2978909899003706,0.2108043387901315,0.08708665111023911,2.7367447372817018,2.252199952601221,0.4845447846804807
S43A12T02,filtered,201,6.7,False,False,0.13612882986765898,0.07704366019969267,-0.9681505814009695,-1.637482741609542,0.6693321602085726,0.2856548410795926,0.16197625067700067,0.12367859040259194,2.7355921086277286,2.222568055117053,0.5130240535106756
S43A12T02,filtered,202,6.733333333333333,False,False,0.1653863383734744,0.08712488791613948,-0.9619213807728625,-1.6257909089922855,0.663869528219423,0.27478460916113073,0.12291648194323238,0.15186812721789836,2.733101584634769,2.1923579829682627,0.5407436016665064
S43A12T02,filtered,203,6.766666666666667,False,False,0.19278907347794375,0.09713297018317757,-0.9557848665251126,-1.6085798083853766,0.652794941860264,0.2660640853846536,0.09450752106924581,0.17155656431540778,2.7302563125983554,2.1638998695840934,0.566356443014262
S43A12T02,filtered,204,6.8,False,False,0.2165633052983439,0.10584563735428465,-0.9497596784570045,-1.586708705480226,0.6369490270232215,0.2599832143880411,0.07701983443294053,0.1829633799551006,2.727910579548974,2.1392337481315105,0.5886768314174637
S43A12T02,filtered,205,6.833333333333333,False,False,0.2352675318760998,0.11213151721325287,-0.9439616209158641,-1.5613192937327496,0.6173576728168855,0.256733882816456,0.07012780139877513,0.18660608141768087,2.7267230068143404,2.1199412056271534,0.606781801187187
S43A12T02,filtered,206,6.866666666666666,False,False,0.24783987207319455,0.1150421096417853,-0.9385878216676313,-1.5337535990450775,0.5951657773774461,0.2562327356520628,0.07296719946938432,0.18326553618267846,2.7271119041389267,2.1070273084422313,0.6200845956966954
S43A12T02,filtered,207,6.9,False,False,0.2536618619656065,0.1138876285718311,-0.9338918562699882,-1.505459338511365,0.5715674822413769,0.2581660563917592,0.0842269888384718,0.17393906755328742,2.7292362341925354,2.100862523217964,0.6283737109745715
S43A12T02,filtered,208,6.933333333333334,False,False,0.25260625051594116,0.10829101477806402,-0.9301527309377522,-1.477891212772491,0.5477384818347388,0.2620499717046992,0.10226594742430366,0.1597840242803955,2.7330027193368807,2.101187385248893,0.6318153340879875
S43A12T02,filtered,209,6.966666666666667,False,False,0.24505638250134595,0.09821651025048683,-0.9276411874231775,-1.4524164074962145,0.524775220073037,0.2672983956434769,0.1252435339947815,0.1420548616486954,2.738096819289651,2.107175864895862,0.630920954393789
S43A12T02,filtered,210,7.0,True,False,0.23189442696905183,0.08397138587450037,-0.9265869590747353,-1.4302315751418653,0.50364461606713,0.2732912166378969,0.15125418541701824,0.12203703122087867,2.7440329448730276,2.1175475459613713,0.6264853989116563
S43A12T02,filtered,211,7.033333333333333,False,True,0.2144600750332736,0.06618154405163668,-0.9271503719081622,-1.4122969544937662,0.48514658258560406,0.27943613529567285,0.17845497224695145,0.1009811630487214,2.7502175877502597,2.1307144414408548,0.619503146309405
S43A12T02,filtered,212,7.066666666666666,False,False,0.19447997003055606,0.045743635400041116,-0.9294010986483469,-1.3992913079716645,0.4698902093233176,0.28521907324691204,0.20517797058329917,0.08004110266361286,2.7560181729503017,2.144945862804944,0.6110723101453579
S43A12T02,filtered,213,7.1,False,False,0.173956591167917,0.023757934095294697,-0.9333060235531238,-1.3915892711373217,0.4582832475841979,0.29023993243057783,0.2300206506296673,0.06021928180091052,2.7608304060064928,2.1585343030963293,0.6022961029101634
S43A12T02,filtered,214,7.133333333333334,True,False,0.15497773187716418,0.0014474455028110622,-0.9387271695851083,-1.389260741237448,0.45053357165233976,0.29423242264161603,0.2519098211010161,0.04232260154059991,2.764137616962241,2.1699466343855307,0.5941909825767104
S43A12T02,filtered,215,7.166666666666667,False,False,0.13937684405281792,0.01993046353592498,-0.9454295927780467,-1.392090252446835,0.4466606596687883,0.29706845606610655,0.2701370033133276,0.026931452752778973,2.7655569478957798,2.177947718022601,0.5876092298731788
S43A12T02,filtered,216,7.2,False,False,0.12822324060356746,0.039173232663312074,-0.9530981714107788,-1.3996129998459417,0.4465148284351629,0.2987490517797183,0.2843653618216796,0.014383689958038681,2.7648689859233206,2.1816873279784694,0.5831816579448512
S43A12T02,filtered,217,7.233333333333333,True,False,0.12136546228631345,0.055216438587991634,-0.9613614034389409,-1.4111633268267707,0.44980192338782976,0.29938469318522837,0.29461034074894643,0.004774352436281937,2.762029384609373,2.180745594948995,0.581283789660378
S43A12T02,filtered,218,7.266666666666667,False,False,0.11747455781156539,0.06720512975889692,-0.9698197440821288,-1.4259310790663449,0.4561113349842161,0.29916860334263823,0.3011978319442776,-0.002029228601639399,2.75716292319615,2.1751365112265173,0.5820264119696326
S43A12T02,filtered,219,7.3,False,False,0.11469166429154722,0.07454791733312138,-0.9780757077643925,-1.4430212169694883,0.4649455092050958,0.29834647925632224,0.30470495703905487,-0.00635847778273263,2.7505421323197794,2.1652729773124473,0.5852691550073321
S43A12T02,filtered,220,7.333333333333333,False,False,0.111392906884953,0.07694990611583563,-0.9857629367570153,-1.4615124098008256,0.4757494730438103,0.2971859383664802,0.30588934184307004,-0.008703403476589822,2.7425539179985954,2.151900096291215,0.5906538217073805
S43A12T02,filtered,221,7.366666666666666,True,False,0.10663536873944501,0.07442225285091553,-0.9925716872534281,-1.48051093530489,0.4879392480514618,0.2959483889613669,0.305613089771827,-0.009664700810460114,2.7336584479553507,2.136005709851807,0.5976527381035437
S43A12T02,filtered,222,7.4,True,False,0.10028180093376292,0.06726810816505813,-0.9982686620524127,-1.4991969948941848,0.5009283328417721,0.29486535672583775,0.3047675337990278,-0.009902177073190077,2.724344889516701,2.1187184039847313,0.6056264855319697
S43A12T02,filtered,223,7.433333333333334,False,False,0.09297564820944752,0.0560467586670248,-1.002709766757743,-1.5168614384524703,0.5141516716947274,0.29412058404507746,0.304204293310319,-0.010083709265241547,2.7150884268059574,2.1012033771945555,0.6138850496114019
S43A12T02,filtered,224,7.466666666666667,True,False,0.08605237912014069,0.04151971229944973,-1.005845107460896,-1.5329317888731393,0.5270866814122432,0.29383854276440674,0.30467723139876113,-0.010838688634354388,2.706312406261504,2.0845657376500433,0.6217466686114608
S43A12T02,filtered,225,7.5,False,False,0.08129944824602742,0.024584027086227422,-1.0077162993208795,-1.546987289375352,0.5392709900544725,0.2940794111518336,0.3067986721817082,-0.012719261029874585,2.698358569891774,2.069769138456398,0.6285894314353762
S43A12T02,filtered,226,7.533333333333333,False,False,0.08034600895430002,0.006199174757620218,-1.008446838314885,-1.558763409803595,0.5503165714887099,0.29484008278161855,0.31101179794765765,-0.016171715166039102,2.6914672617304847,2.05757539833645,0.6338918633940347
S43A12T02,filtered,227,7.566666666666666,False,False,0.08377705962841953,0.012685957328060882,-1.0082268389366478,-1.5681468102605942,0.5599199713239464,0.29606040275196266,0.31757962973566306,-0.0215192269837004,2.685768364086063,2.0485081584251947,0.6372602056608683
S43A12T02,filtered,228,7.6,False,False,0.09078853390590143,0.031199701627969922,-1.0072938180795374,-1.5751621673588512,0.5678683492793137,0.2976335600184453,0.32658954340947377,-0.02895598339102845,2.681282653005177,2.0428409819909983,0.6384416710141787
S43A12T02,filtered,229,7.633333333333334,False,False,0.09980218773163885,0.04860264488987198,-1.0059113942494056,-1.579952537336216,0.5740411430868104,0.29941939590429945,0.3379710218793876,-0.038551625975088155,2.677932350017695,2.040607888682338,0.637324461335357
S43A12T02,filtered,230,7.666666666666667,False,False,0.10926553575000017,0.0643272611654866,-1.0043477780051648,-1.582755088125622,0.5784073101204572,0.3012593109079068,0.35152340295592643,-0.050264092048019626,2.6755589543754255,2.0416323646244012,0.6339265897510242
S43A12T02,filtered,231,7.7,False,False,0.118026284824589,0.07800003868359551,-1.0028557763646346,-1.5838741025754892,0.5810183262108546,0.3029914591469522,0.3669498223607396,-0.0639583632137874,2.6739460024139556,2.045569575627306,0.6283764267866498
S43A12T02,filtered,232,7.733333333333333,False,False,0.1253752801907693,0.08944574866656207,-1.0016557528619974,-1.583653148525764,0.5819973956637667,0.30446500708182267,0.3838933992422431,-0.07942839216042041,2.672844227169323,2.0519559195546275,0.6208883076146954
S43A12T02,filtered,233,7.766666666666667,False,False,0.13097707438192138,0.09867513196609168,-1.000922613235449,-1.5824482260902792,0.5815256128548303,0.3055523940425513,0.40197195141951236,-0.09641955737696106,2.671996666687572,2.0602601773589044,0.6117364893286674
S43A12T02,filtered,234,7.8,False,False,0.13478578417374124,0.1058586375786763,-1.0007774637195543,-1.5806035285357045,0.5798260648161502,0.30615875663493886,0.42080810802704194,-0.11464935139210308,2.6711615577427015,2.0699312613509218,0.6012302963917797
S43A12T02,filtered,235,7.833333333333333,False,False,0.1369692634764934,0.11128983735797515,-1.0012841537138504,-1.5784311830792006,0.5771470293653502,0.30622795287625093,0.44005252927807215,-0.13382457640182122,2.6701313011899552,2.080438743985065,0.5896925572048901
S43A12T02,filtered,236,7.866666666666666,False,False,0.1378427040476976,0.1153427128035367,-1.0024505036291098,-1.576195975653215,0.5737454720241051,0.3057449259782215,0.45939894875499754,-0.15365402277677603,2.668746334308344,2.091303772300056,0.5774425620082884
S43A12T02,filtered,237,7.9,False,False,0.13780939704991327,0.11842715572166562,-1.0042336631702757,-1.5741056294085758,0.5698719662383,0.3047344597453036,0.4785908146224235,-0.17385635487711987,2.6669033298430334,2.102119421264751,0.5647839085782822
S43A12T02,filtered,238,7.933333333333334,False,False,0.13730695256245393,0.12094677536522958,-1.0065487688180221,-1.57230673591391,0.5657579670958879,0.3032566736909347,0.49742031240236,-0.19416363871142533,2.6645577012732664,2.1125608318752738,0.5519968693979926
S43A12T02,filtered,239,7.966666666666667,False,False,0.1367583160809697,0.12326252053817588,-1.0092798863614718,-1.5708859754049476,0.5616060890434758,0.30139986279953196,0.5157214003107969,-0.21432153751126498,2.6617208804026347,2.122386485803217,0.5393343945994178
S43A12T02,filtered,240,8.0,False,False,0.13652830862420742,0.12566478697948757,-1.0122921402234513,-1.5698758539204896,0.5575837136970383,0.29927148359657557,0.5333590906416921,-0.2340876070451165,2.6584532133532397,2.1314326170682962,0.5270205962849435
S43A12T02,filtered,241,8.033333333333333,False,False,0.13688829544865858,0.12835568052708446,-1.0154439428221804,-1.5692638703409225,0.5538199275187421,0.29698820861874187,0.5502175026080878,-0.2532292939893459,2.654853577785514,2.1396030413420064,0.5152505364435074
