trial,mode,frame0,nominal_time_s,raw_review_flag,raw_repeated_previous,foot_separation_camera_xz_m,foot_separation_camera_x_m,com_camera_x_m,foot_midpoint_camera_x_m,com_relative_to_foot_midpoint_camera_x_m,com_camera_y_m,foot_midpoint_camera_y_m,com_relative_to_foot_midpoint_camera_y_m,com_camera_z_m,foot_midpoint_camera_z_m,com_relative_to_foot_midpoint_camera_z_m
S43A14T04,raw,0,0.0,False,False,0.2755719296323282,0.13596081542968763,-1.4518455316597778,-1.3178078002929687,-0.13403773136680908,-0.1345810999053133,0.7738730163574219,-0.9084541162627352,2.0196771040662003,1.9192420654296876,0.10043503863651271
S43A14T04,raw,1,0.03333333333333333,False,True,0.2755719296323282,0.13596081542968763,-1.4518455316597778,-1.3178078002929687,-0.13403773136680908,-0.1345810999053133,0.7738730163574219,-0.9084541162627352,2.0196771040662003,1.9192420654296876,0.10043503863651271
S43A14T04,raw,2,0.06666666666666667,False,True,0.2755719296323282,0.13596081542968763,-1.4518455316597778,-1.3178078002929687,-0.13403773136680908,-0.1345810999053133,0.7738730163574219,-0.9084541162627352,2.0196771040662003,1.9192420654296876,0.10043503863651271
S43A14T04,raw,3,0.1,False,True,0.2755719296323282,0.13596081542968763,-1.4518455316597778,-1.3178078002929687,-0.13403773136680908,-0.1345810999053133,0.7738730163574219,-0.9084541162627352,2.0196771040662003,1.9192420654296876,0.10043503863651271
S43A14T04,raw,4,0.13333333333333333,False,True,0.2755719296323282,0.13596081542968763,-1.4518455316597778,-1.3178078002929687,-0.13403773136680908,-0.1345810999053133,0.7738730163574219,-0.9084541162627352,2.0196771040662003,1.9192420654296876,0.10043503863651271
S43A14T04,raw,5,0.16666666666666666,False,True,0.2755719296323282,0.13596081542968763,-1.4518455316597778,-1.3178078002929687,-0.13403773136680908,-0.1345810999053133,0.7738730163574219,-0.9084541162627352,2.0196771040662003,1.9192420654296876,0.10043503863651271
S43A14T04,raw,6,0.2,False,True,0.2755719296323282,0.13596081542968763,-1.4518455316597778,-1.3178078002929687,-0.13403773136680908,-0.1345810999053133,0.7738730163574219,-0.9084541162627352,2.0196771040662003,1.9192420654296876,0.10043503863651271
S43A14T04,raw,7,0.23333333333333334,False,True,0.2755719296323282,0.13596081542968763,-1.4518455316597778,-1.3178078002929687,-0.13403773136680908,-0.1345810999053133,0.7738730163574219,-0.9084541162627352,2.0196771040662003,1.9192420654296876,0.10043503863651271
S43A14T04,raw,8,0.26666666666666666,False,True,0.2755719296323282,0.13596081542968763,-1.4518455316597778,-1.3178078002929687,-0.13403773136680908,-0.1345810999053133,0.7738730163574219,-0.9084541162627352,2.0196771040662003,1.9192420654296876,0.10043503863651271
S43A14T04,raw,9,0.3,False,True,0.2755719296323282,0.13596081542968763,-1.4518455316597778,-1.3178078002929687,-0.13403773136680908,-0.1345810999053133,0.7738730163574219,-0.9084541162627352,2.0196771040662003,1.9192420654296876,0.10043503863651271
S43A14T04,raw,10,0.3333333333333333,False,True,0.2755719296323282,0.13596081542968763,-1.4518455316597778,-1.3178078002929687,-0.13403773136680908,-0.1345810999053133,0.7738730163574219,-0.9084541162627352,2.0196771040662003,1.9192420654296876,0.10043503863651271
S43A14T04,raw,11,0.36666666666666664,False,True,0.2755719296323282,0.13596081542968763,-1.4518455316597778,-1.3178078002929687,-0.13403773136680908,-0.1345810999053133,0.7738730163574219,-0.9084541162627352,2.0196771040662003,1.9192420654296876,0.10043503863651271
S43A14T04,raw,12,0.4,False,True,0.2755719296323282,0.13596081542968763,-1.4518455316597778,-1.3178078002929687,-0.13403773136680908,-0.1345810999053133,0.7738730163574219,-0.9084541162627352,2.0196771040662003,1.9192420654296876,0.10043503863651271
S43A14T04,raw,13,0.43333333333333335,False,True,0.2755719296323282,0.13596081542968763,-1.4518455316597778,-1.3178078002929687,-0.13403773136680908,-0.1345810999053133,0.7738730163574219,-0.9084541162627352,2.0196771040662003,1.9192420654296876,0.10043503863651271
S43A14T04,raw,14,0.4666666666666667,False,True,0.2755719296323282,0.13596081542968763,-1.4518455316597778,-1.3178078002929687,-0.13403773136680908,-0.1345810999053133,0.7738730163574219,-0.9084541162627352,2.0196771040662003,1.9192420654296876,0.10043503863651271
S43A14T04,raw,15,0.5,False,True,0.2755719296323282,0.13596081542968763,-1.4518455316597778,-1.3178078002929687,-0.13403773136680908,-0.1345810999053133,0.7738730163574219,-0.9084541162627352,2.0196771040662003,1.9192420654296876,0.10043503863651271
S43A14T04,raw,16,0.5333333333333333,False,True,0.2755719296323282,0.13596081542968763,-1.4518455316597778,-1.3178078002929687,-0.13403773136680908,-0.1345810999053133,0.7738730163574219,-0.9084541162627352,2.0196771040662003,1.9192420654296876,0.10043503863651271
S43A14T04,raw,17,0.5666666666666667,False,True,0.2755719296323282,0.13596081542968763,-1.4518455316597778,-1.3178078002929687,-0.13403773136680908,-0.1345810999053133,0.7738730163574219,-0.9084541162627352,2.0196771040662003,1.9192420654296876,0.10043503863651271
S43A14T04,raw,18,0.6,False,True,0.2755719296323282,0.13596081542968763,-1.4518455316597778,-1.3178078002929687,-0.13403773136680908,-0.1345810999053133,0.7738730163574219,-0.9084541162627352,2.0196771040662003,1.9192420654296876,0.10043503863651271
S43A14T04,raw,19,0.6333333333333333,False,True,0.2755719296323282,0.13596081542968763,-1.4518455316597778,-1.3178078002929687,-0.13403773136680908,-0.1345810999053133,0.7738730163574219,-0.9084541162627352,2.0196771040662003,1.9192420654296876,0.10043503863651271
S43A14T04,raw,20,0.6666666666666666,False,True,0.2755719296323282,0.13596081542968763,-1.4518455316597778,-1.3178078002929687,-0.13403773136680908,-0.1345810999053133,0.7738730163574219,-0.9084541162627352,2.0196771040662003,1.9192420654296876,0.10043503863651271
S43A14T04,raw,21,0.7,False,True,0.2755719296323282,0.13596081542968763,-1.4518455316597778,-1.3178078002929687,-0.13403773136680908,-0.1345810999053133,0.7738730163574219,-0.9084541162627352,2.0196771040662003,1.9192420654296876,0.10043503863651271
S43A14T04,raw,22,0.7333333333333333,False,True,0.2755719296323282,0.13596081542968763,-1.4518455316597778,-1.3178078002929687,-0.13403773136680908,-0.1345810999053133,0.7738730163574219,-0.9084541162627352,2.0196771040662003,1.9192420654296876,0.10043503863651271
S43A14T04,raw,23,0.7666666666666667,False,True,0.2755719296323282,0.13596081542968763,-1.4518455316597778,-1.3178078002929687,-0.13403773136680908,-0.1345810999053133,0.7738730163574219,-0.9084541162627352,2.0196771040662003,1.9192420654296876,0.10043503863651271
S43A14T04,raw,24,0.8,False,True,0.2755719296323282,0.13596081542968763,-1.4518455316597778,-1.3178078002929687,-0.13403773136680908,-0.1345810999053133,0.7738730163574219,-0.9084541162627352,2.0196771040662003,1.9192420654296876,0.10043503863651271
S43A14T04,raw,25,0.8333333333333334,False,True,0.2755719296323282,0.13596081542968763,-1.4518455316597778,-1.3178078002929687,-0.13403773136680908,-0.1345810999053133,0.7738730163574219,-0.9084541162627352,2.0196771040662003,1.9192420654296876,0.10043503863651271
S43A14T04,raw,26,0.8666666666666667,False,True,0.2755719296323282,0.13596081542968763,-1.4518455316597778,-1.3178078002929687,-0.13403773136680908,-0.1345810999053133,0.7738730163574219,-0.9084541162627352,2.0196771040662003,1.9192420654296876,0.10043503863651271
S43A14T04,raw,27,0.9,False,True,0.2755719296323282,0.13596081542968763,-1.4518455316597778,-1.3178078002929687,-0.13403773136680908,-0.1345810999053133,0.7738730163574219,-0.9084541162627352,2.0196771040662003,1.9192420654296876,0.10043503863651271
S43A14T04,raw,28,0.9333333333333333,False,True,0.2755719296323282,0.13596081542968763,-1.4518455316597778,-1.3178078002929687,-0.13403773136680908,-0.1345810999053133,0.7738730163574219,-0.9084541162627352,2.0196771040662003,1.9192420654296876,0.10043503863651271
S43A14T04,raw,29,0.9666666666666667,False,True,0.2755719296323282,0.13596081542968763,-1.4518455316597778,-1.3178078002929687,-0.13403773136680908,-0.1345810999053133,0.7738730163574219,-0.9084541162627352,2.0196771040662003,1.9192420654296876,0.10043503863651271
S43A14T04,raw,30,1.0,False,True,0.2755719296323282,0.13596081542968763,-1.4518455316597778,-1.3178078002929687,-0.13403773136680908,-0.1345810999053133,0.7738730163574219,-0.9084541162627352,2.0196771040662003,1.9192420654296876,0.10043503863651271
S43A14T04,raw,31,1.0333333333333334,False,True,0.2755719296323282,0.13596081542968763,-1.4518455316597778,-1.3178078002929687,-0.13403773136680908,-0.1345810999053133,0.7738730163574219,-0.9084541162627352,2.0196771040662003,1.9192420654296876,0.10043503863651271
S43A14T04,raw,32,1.0666666666666667,False,True,0.2755719296323282,0.13596081542968763,-1.4518455316597778,-1.3178078002929687,-0.13403773136680908,-0.1345810999053133,0.7738730163574219,-0.9084541162627352,2.0196771040662003,1.9192420654296876,0.10043503863651271
S43A14T04,raw,33,1.1,False,True,0.2755719296323282,0.13596081542968763,-1.4518455316597778,-1.3178078002929687,-0.13403773136680908,-0.1345810999053133,0.7738730163574219,-0.9084541162627352,2.0196771040662003,1.9192420654296876,0.10043503863651271
S43A14T04,raw,34,1.1333333333333333,False,True,0.2755719296323282,0.13596081542968763,-1.4518455316597778,-1.3178078002929687,-0.13403773136680908,-0.1345810999053133,0.7738730163574219,-0.9084541162627352,2.0196771040662003,1.9192420654296876,0.10043503863651271
S43A14T04,raw,35,1.1666666666666667,False,True,0.2755719296323282,0.13596081542968763,-1.4518455316597778,-1.3178078002929687,-0.13403773136680908,-0.1345810999053133,0.7738730163574219,-0.9084541162627352,2.0196771040662003,1.9192420654296876,0.10043503863651271
S43A14T04,raw,36,1.2,False,True,0.2755719296323282,0.13596081542968763,-1.4518455316597778,-1.3178078002929687,-0.13403773136680908,-0.1345810999053133,0.7738730163574219,-0.9084541162627352,2.0196771040662003,1.9192420654296876,0.10043503863651271
S43A14T04,raw,37,1.2333333333333334,False,True,0.2755719296323282,0.13596081542968763,-1.4518455316597778,-1.3178078002929687,-0.13403773136680908,-0.1345810999053133,0.7738730163574219,-0.9084541162627352,2.0196771040662003,1.9192420654296876,0.10043503863651271
S43A14T04,raw,38,1.2666666666666666,False,True,0.2755719296323282,0.13596081542968763,-1.4518455316597778,-1.3178078002929687,-0.13403773136680908,-0.1345810999053133,0.7738730163574219,-0.9084541162627352,2.0196771040662003,1.9192420654296876,0.10043503863651271
S43A14T04,raw,39,1.3,False,True,0.2755719296323282,0.13596081542968763,-1.4518455316597778,-1.3178078002929687,-0.13403773136680908,-0.1345810999053133,0.7738730163574219,-0.9084541162627352,2.0196771040662003,1.9192420654296876,0.10043503863651271
S43A14T04,raw,40,1.3333333333333333,False,True,0.2755719296323282,0.13596081542968763,-1.4518455316597778,-1.3178078002929687,-0.13403773136680908,-0.1345810999053133,0.7738730163574219,-0.9084541162627352,2.0196771040662003,1.9192420654296876,0.10043503863651271
S43A14T04,raw,41,1.3666666666666667,False,True,0.2755719296323282,0.13596081542968763,-1.4518455316597778,-1.3178078002929687,-0.13403773136680908,-0.1345810999053133,0.7738730163574219,-0.9084541162627352,2.0196771040662003,1.9192420654296876,0.10043503863651271
S43A14T04,raw,42,1.4,False,True,0.2755719296323282,0.13596081542968763,-1.4518455316597778,-1.3178078002929687,-0.13403773136680908,-0.1345810999053133,0.7738730163574219,-0.9084541162627352,2.0196771040662003,1.9192420654296876,0.10043503863651271
S43A14T04,raw,43,1.4333333333333333,False,True,0.2755719296323282,0.13596081542968763,-1.4518455316597778,-1.3178078002929687,-0.13403773136680908,-0.1345810999053133,0.7738730163574219,-0.9084541162627352,2.0196771040662003,1.9192420654296876,0.10043503863651271
S43A14T04,raw,44,1.4666666666666666,False,True,0.2755719296323282,0.13596081542968763,-1.4518455316597778,-1.3178078002929687,-0.13403773136680908,-0.1345810999053133,0.7738730163574219,-0.9084541162627352,2.0196771040662003,1.9192420654296876,0.10043503863651271
S43A14T04,raw,45,1.5,False,True,0.2755719296323282,0.13596081542968763,-1.4518455316597778,-1.3178078002929687,-0.13403773136680908,-0.1345810999053133,0.7738730163574219,-0.9084541162627352,2.0196771040662003,1.9192420654296876,0.10043503863651271
S43A14T04,raw,46,1.5333333333333334,False,True,0.2755719296323282,0.13596081542968763,-1.4518455316597778,-1.3178078002929687,-0.13403773136680908,-0.1345810999053133,0.7738730163574219,-0.9084541162627352,2.0196771040662003,1.9192420654296876,0.10043503863651271
S43A14T04,raw,47,1.5666666666666667,False,True,0.2755719296323282,0.13596081542968763,-1.4518455316597778,-1.3178078002929687,-0.13403773136680908,-0.1345810999053133,0.7738730163574219,-0.9084541162627352,2.0196771040662003,1.9192420654296876,0.10043503863651271
S43A14T04,raw,48,1.6,False,True,0.2755719296323282,0.13596081542968763,-1.4518455316597778,-1.3178078002929687,-0.13403773136680908,-0.1345810999053133,0.7738730163574219,-0.9084541162627352,2.0196771040662003,1.9192420654296876,0.10043503863651271
S43A14T04,raw,49,1.6333333333333333,False,True,0.2755719296323282,0.13596081542968763,-1.4518455316597778,-1.3178078002929687,-0.13403773136680908,-0.1345810999053133,0.7738730163574219,-0.9084541162627352,2.0196771040662003,1.9192420654296876,0.10043503863651271
S43A14T04,raw,50,1.6666666666666667,False,True,0.2755719296323282,0.13596081542968763,-1.4518455316597778,-1.3178078002929687,-0.13403773136680908,-0.1345810999053133,0.7738730163574219,-0.9084541162627352,2.0196771040662003,1.9192420654296876,0.10043503863651271
S43A14T04,raw,51,1.7,False,True,0.2755719296323282,0.13596081542968763,-1.4518455316597778,-1.3178078002929687,-0.13403773136680908,-0.1345810999053133,0.7738730163574219,-0.9084541162627352,2.0196771040662003,1.9192420654296876,0.10043503863651271
S43A14T04,raw,52,1.7333333333333334,False,True,0.2755719296323282,0.13596081542968763,-1.4518455316597778,-1.3178078002929687,-0.13403773136680908,-0.1345810999053133,0.7738730163574219,-0.9084541162627352,2.0196771040662003,1.9192420654296876,0.10043503863651271
S43A14T04,raw,53,1.7666666666666666,False,True,0.2755719296323282,0.13596081542968763,-1.4518455316597778,-1.3178078002929687,-0.13403773136680908,-0.1345810999053133,0.7738730163574219,-0.9084541162627352,2.0196771040662003,1.9192420654296876,0.10043503863651271
S43A14T04,raw,54,1.8,False,True,0.2755719296323282,0.13596081542968763,-1.4518455316597778,-1.3178078002929687,-0.13403773136680908,-0.1345810999053133,0.7738730163574219,-0.9084541162627352,2.0196771040662003,1.9192420654296876,0.10043503863651271
S43A14T04,raw,55,1.8333333333333333,False,True,0.2755719296323282,0.13596081542968763,-1.4518455316597778,-1.3178078002929687,-0.13403773136680908,-0.1345810999053133,0.7738730163574219,-0.9084541162627352,2.0196771040662003,1.9192420654296876,0.10043503863651271
S43A14T04,raw,56,1.8666666666666667,False,True,0.2755719296323282,0.13596081542968763,-1.4518455316597778,-1.3178078002929687,-0.13403773136680908,-0.1345810999053133,0.7738730163574219,-0.9084541162627352,2.0196771040662003,1.9192420654296876,0.10043503863651271
S43A14T04,raw,57,1.9,False,True,0.2755719296323282,0.13596081542968763,-1.4518455316597778,-1.3178078002929687,-0.13403773136680908,-0.1345810999053133,0.7738730163574219,-0.9084541162627352,2.0196771040662003,1.9192420654296876,0.10043503863651271
S43A14T04,raw,58,1.9333333333333333,False,True,0.2755719296323282,0.13596081542968763,-1.4518455316597778,-1.3178078002929687,-0.13403773136680908,-0.1345810999053133,0.7738730163574219,-0.9084541162627352,2.0196771040662003,1.9192420654296876,0.10043503863651271
S43A14T04,raw,59,1.9666666666666666,False,True,0.2755719296323282,0.13596081542968763,-1.4518455316597778,-1.3178078002929687,-0.13403773136680908,-0.1345810999053133,0.7738730163574219,-0.9084541162627352,2.0196771040662003,1.9192420654296876,0.10043503863651271
S43A14T04,raw,60,2.0,False,True,0.2755719296323282,0.13596081542968763,-1.4518455316597778,-1.3178078002929687,-0.13403773136680908,-0.1345810999053133,0.7738730163574219,-0.9084541162627352,2.0196771040662003,1.9192420654296876,0.10043503863651271
S43A14T04,raw,61,2.033333333333333,False,True,0.2755719296323282,0.13596081542968763,-1.4518455316597778,-1.3178078002929687,-0.13403773136680908,-0.1345810999053133,0.7738730163574219,-0.9084541162627352,2.0196771040662003,1.9192420654296876,0.10043503863651271
S43A14T04,raw,62,2.066666666666667,False,True,0.2755719296323282,0.13596081542968763,-1.4518455316597778,-1.3178078002929687,-0.13403773136680908,-0.1345810999053133,0.7738730163574219,-0.9084541162627352,2.0196771040662003,1.9192420654296876,0.10043503863651271
S43A14T04,raw,63,2.1,False,True,0.2755719296323282,0.13596081542968763,-1.4518455316597778,-1.3178078002929687,-0.13403773136680908,-0.1345810999053133,0.7738730163574219,-0.9084541162627352,2.0196771040662003,1.9192420654296876,0.10043503863651271
S43A14T04,raw,64,2.1333333333333333,False,True,0.2755719296323282,0.13596081542968763,-1.4518455316597778,-1.3178078002929687,-0.13403773136680908,-0.1345810999053133,0.7738730163574219,-0.9084541162627352,2.0196771040662003,1.9192420654296876,0.10043503863651271
S43A14T04,raw,65,2.1666666666666665,False,True,0.2755719296323282,0.13596081542968763,-1.4518455316597778,-1.3178078002929687,-0.13403773136680908,-0.1345810999053133,0.7738730163574219,-0.9084541162627352,2.0196771040662003,1.9192420654296876,0.10043503863651271
S43A14T04,raw,66,2.2,False,True,0.2755719296323282,0.13596081542968763,-1.4518455316597778,-1.3178078002929687,-0.13403773136680908,-0.1345810999053133,0.7738730163574219,-0.9084541162627352,2.0196771040662003,1.9192420654296876,0.10043503863651271
S43A14T04,raw,67,2.2333333333333334,False,True,0.2755719296323282,0.13596081542968763,-1.4518455316597778,-1.3178078002929687,-0.13403773136680908,-0.1345810999053133,0.7738730163574219,-0.9084541162627352,2.0196771040662003,1.9192420654296876,0.10043503863651271
S43A14T04,raw,68,2.2666666666666666,False,True,0.2755719296323282,0.13596081542968763,-1.4518455316597778,-1.3178078002929687,-0.13403773136680908,-0.1345810999053133,0.7738730163574219,-0.9084541162627352,2.0196771040662003,1.9192420654296876,0.10043503863651271
S43A14T04,raw,69,2.3,False,True,0.2755719296323282,0.13596081542968763,-1.4518455316597778,-1.3178078002929687,-0.13403773136680908,-0.1345810999053133,0.7738730163574219,-0.9084541162627352,2.0196771040662003,1.9192420654296876,0.10043503863651271
S43A14T04,raw,70,2.3333333333333335,False,True,0.2755719296323282,0.13596081542968763,-1.4518455316597778,-1.3178078002929687,-0.13403773136680908,-0.1345810999053133,0.7738730163574219,-0.9084541162627352,2.0196771040662003,1.9192420654296876,0.10043503863651271
S43A14T04,raw,71,2.3666666666666667,False,True,0.2755719296323282,0.13596081542968763,-1.4518455316597778,-1.3178078002929687,-0.13403773136680908,-0.1345810999053133,0.7738730163574219,-0.9084541162627352,2.0196771040662003,1.9192420654296876,0.10043503863651271
S43A14T04,raw,72,2.4,False,True,0.2755719296323282,0.13596081542968763,-1.4518455316597778,-1.3178078002929687,-0.13403773136680908,-0.1345810999053133,0.7738730163574219,-0.9084541162627352,2.0196771040662003,1.9192420654296876,0.10043503863651271
S43A14T04,raw,73,2.433333333333333,False,True,0.2755719296323282,0.13596081542968763,-1.4518455316597778,-1.3178078002929687,-0.13403773136680908,-0.1345810999053133,0.7738730163574219,-0.9084541162627352,2.0196771040662003,1.9192420654296876,0.10043503863651271
S43A14T04,raw,74,2.466666666666667,False,True,0.2755719296323282,0.13596081542968763,-1.4518455316597778,-1.3178078002929687,-0.13403773136680908,-0.1345810999053133,0.7738730163574219,-0.9084541162627352,2.0196771040662003,1.9192420654296876,0.10043503863651271
S43A14T04,raw,75,2.5,False,True,0.2755719296323282,0.13596081542968763,-1.4518455316597778,-1.3178078002929687,-0.13403773136680908,-0.1345810999053133,0.7738730163574219,-0.9084541162627352,2.0196771040662003,1.9192420654296876,0.10043503863651271
S43A14T04,raw,76,2.533333333333333,False,True,0.2755719296323282,0.13596081542968763,-1.4518455316597778,-1.3178078002929687,-0.13403773136680908,-0.1345810999053133,0.7738730163574219,-0.9084541162627352,2.0196771040662003,1.9192420654296876,0.10043503863651271
S43A14T04,raw,77,2.566666666666667,False,True,0.2755719296323282,0.13596081542968763,-1.4518455316597778,-1.3178078002929687,-0.13403773136680908,-0.1345810999053133,0.7738730163574219,-0.9084541162627352,2.0196771040662003,1.9192420654296876,0.10043503863651271
S43A14T04,raw,78,2.6,False,True,0.2755719296323282,0.13596081542968763,-1.4518455316597778,-1.3178078002929687,-0.13403773136680908,-0.1345810999053133,0.7738730163574219,-0.9084541162627352,2.0196771040662003,1.9192420654296876,0.10043503863651271
S43A14T04,raw,79,2.6333333333333333,False,True,0.2755719296323282,0.13596081542968763,-1.4518455316597778,-1.3178078002929687,-0.13403773136680908,-0.1345810999053133,0.7738730163574219,-0.9084541162627352,2.0196771040662003,1.9192420654296876,0.10043503863651271
S43A14T04,raw,80,2.6666666666666665,False,True,0.2755719296323282,0.13596081542968763,-1.4518455316597778,-1.3178078002929687,-0.13403773136680908,-0.1345810999053133,0.7738730163574219,-0.9084541162627352,2.0196771040662003,1.9192420654296876,0.10043503863651271
S43A14T04,raw,81,2.7,False,False,0.2768006063394454,0.12542602539062497,-1.4429694616079676,-1.2947850341796876,-0.14818442742827997,-0.13595098057653782,0.7770997619628905,-0.9130507425394283,2.0185753084630558,1.9410941162109374,0.07748119225211836
S43A14T04,raw,82,2.7333333333333334,False,True,0.2768006063394454,0.12542602539062497,-1.4429694616079676,-1.2947850341796876,-0.14818442742827997,-0.13595098057653782,0.7770997619628905,-0.9130507425394283,2.0185753084630558,1.9410941162109374,0.07748119225211836
S43A14T04,raw,83,2.7666666666666666,True,False,0.24711573470262868,0.10534265136718735,-1.4440448610891485,-1.3476635131835937,-0.09638134790555486,-0.22777072245887153,0.5894809265136718,-0.8172516489725433,2.0050489381543506,1.7733378295898437,0.23171110856450694
S43A14T04,raw,84,2.8,False,False,0.24446702388487218,0.11418713378906231,-1.4112891053842567,-1.3035791625976563,-0.1077099427866004,-0.2129581152838905,0.5963197326660157,-0.8092778479499062,2.015243158139855,1.8309173583984375,0.18432579974141738
S43A14T04,raw,85,2.8333333333333335,False,False,0.24636587186132142,0.11908398437500001,-1.3947141757776242,-1.2744532470703125,-0.12026092870731175,-0.20677806055888326,0.5996437377929688,-0.806421798351852,2.028211160472628,1.8731892700195312,0.15502189045309667
S43A14T04,raw,86,2.8666666666666667,True,False,0.27718638217546376,0.058306884765624956,-1.4160565148436526,-1.2947402343749999,-0.12131628046865273,-0.19514309533245505,0.6814687194824218,-0.8766118148148769,2.0646542944483786,1.9246068725585939,0.1400474218897847
S43A14T04,raw,87,2.9,True,False,0.2365926827944648,0.01929370117187501,-1.4001701027841116,-1.335900634765625,-0.06426946801848654,-0.17804821562859036,0.6868546142578125,-0.8649028298864028,2.0677888085437917,1.96173974609375,0.10604906245004164
S43A14T04,raw,88,2.933333333333333,False,False,0.13558759920123511,0.018577758789062537,-1.3976722105039414,-1.3543501586914064,-0.04332205181253501,-0.17978311353558935,0.6893716735839843,-0.8691547871195737,2.0937250205302487,2.0285162353515624,0.06520878517868622
S43A14T04,raw,89,2.966666666666667,True,False,0.1415310409843471,0.05205249023437508,-1.3833222624049173,-1.350017333984375,-0.033304928420542224,-0.16911291082410446,0.6930123291015625,-0.8621252399256669,2.1069547549671204,2.066937683105469,0.04001707186165149
S43A14T04,raw,90,3.0,False,False,0.12746293533506067,0.048025024414062534,-1.3664596151319262,-1.3427225952148438,-0.023737019917082325,-0.17106833732879426,0.6908680725097656,-0.8619364098385598,2.124382373823969,2.095418884277344,0.028963489546625087
S43A14T04,raw,91,3.033333333333333,False,False,0.12369653056884639,0.030213256835937452,-1.3545915409242464,-1.3419385375976565,-0.012653003326589918,-0.16299288008727697,0.7054868469238281,-0.8684797270111051,2.129753820265281,2.092050415039062,0.037703405226218845
S43A14T04,raw,92,3.066666666666667,False,False,0.129107005336429,0.0349432373046874,-1.3428604407688203,-1.3472461547851564,0.00438571401633614,-0.15210100577917288,0.7329120483398437,-0.8850130541190165,2.136602254195166,2.0976375732421877,0.03896468095297845
S43A14T04,raw,93,3.1,False,False,0.15834504099327695,0.08643945312500012,-1.330999417540653,-1.36203662109375,0.031037203553097026,-0.132924060535113,0.7388118591308594,-0.8717359196659724,2.139792752557861,2.085457153320313,0.05433559923754805
S43A14T04,raw,94,3.1333333333333333,False,False,0.15998205740280372,0.08103515625000002,-1.3172777807778193,-1.37019140625,0.0529136254721807,-0.12145813550393994,0.7407908935546875,-0.8622490290586274,2.155263018574077,2.064055419921875,0.09120759865220229
S43A14T04,raw,95,3.1666666666666665,False,False,0.1808901447307642,0.0033626708984373366,-1.3204054606360662,-1.4206979370117188,0.10029247637565253,-0.1039139953061957,0.7453765258789062,-0.849290521185102,2.1797229262517344,2.0432197265625,0.1365031996892343
S43A14T04,raw,96,3.2,False,False,0.1327227689042711,0.03756237792968764,-1.3001952429435033,-1.4394602661132812,0.13926502316977785,-0.08923284904111889,0.7281522216796875,-0.8173850707208064,2.1818223659464677,2.0132518920898437,0.16857047385662405
S43A14T04,raw,97,3.2333333333333334,False,False,0.16982736330057185,0.036124023437499986,-1.270321167894282,-1.4085614013671874,0.13824023347290537,-0.0717003458937342,0.7382242736816407,-0.8099246195753749,2.2091890824554916,2.022724609375,0.18646447308049163
S43A14T04,raw,98,3.2666666666666666,False,False,0.1489504879522271,0.04328344726562494,-1.247166006682144,-1.4068225097656248,0.1596565030834809,-0.04986904780396658,0.731333740234375,-0.7812027880383416,2.2234967285905345,2.01509326171875,0.20840346687178446
S43A14T04,raw,99,3.3,False,False,0.1121430553042976,0.0649615478515626,-1.2338286128940517,-1.3765316772460938,0.14270306435204216,-0.04108799137646696,0.7203221130371094,-0.7614101044135764,2.2556956347143164,1.993835754394531,0.26185988031978535
S43A14T04,raw,100,3.3333333333333335,True,False,0.15442977434865027,0.0762322998046876,-1.204916182991656,-1.3953556518554686,0.1904394688638127,-0.007620283413499636,0.7404012145996094,-0.748021498013109,2.2697430504229335,1.9776387329101563,0.2921043175127771
S43A14T04,raw,101,3.3666666666666667,False,False,0.14579306947379483,0.12752783203125007,-1.1906852666663712,-1.4135037841796874,0.22281851751331616,0.015524439191209055,0.7264756164550782,-0.7109511772638691,2.3085897252616525,1.96108837890625,0.3475013463554024
S43A14T04,raw,102,3.4,False,False,0.1083812477218423,0.09150720214843733,-1.1586571966686405,-1.3929525756835939,0.23429537901495334,0.0602074992163358,0.7610917053222657,-0.7008842061059298,2.3500852979484765,1.976533447265625,0.37355185068285146
S43A14T04,raw,103,3.433333333333333,False,False,0.12367219411841363,0.08114599609375017,-1.1514333271210582,-1.43378515625,0.28235182912894174,0.0884244124894707,0.76530224609375,-0.6768778336042793,2.3797211711865476,1.990810302734375,0.3889108684521725
S43A14T04,raw,104,3.466666666666667,False,False,0.21612057978658777,0.15083666992187506,-1.1265770930783767,-1.4299639892578124,0.3033868961794357,0.12108488681880239,0.7837784423828125,-0.6626935555640101,2.4219728156058036,2.0445919189453123,0.37738089666049124
S43A14T04,raw,105,3.5,False,False,0.24710213448526624,0.16832543945312506,-1.0945676085927332,-1.4461075439453124,0.3515399353525792,0.1739435847839191,0.776346923828125,-0.6024033390442058,2.476542390928868,2.04661572265625,0.42992666827261816
S43A14T04,raw,106,3.533333333333333,False,False,0.27008982707223667,0.21918554687500014,-1.0695670780984066,-1.4592322998046874,0.3896652217062808,0.22952414115374653,0.7507950439453125,-0.521270902791566,2.5170115039400818,2.0525829467773438,0.464428557162738
S43A14T04,raw,107,3.566666666666667,False,False,0.26533032547122687,0.24240783691406254,-1.0388404455873332,-1.4601192016601563,0.42127875607282306,0.2837620396234665,0.7342026672363282,-0.4504406276128617,2.558091369705013,2.0459557495117187,0.5121356201932943
S43A14T04,raw,108,3.6,False,False,0.2612313104362261,0.252226806640625,-1.0122083092617171,-1.4531920166015624,0.44098370733984527,0.33205419843541484,0.7208603210449219,-0.3888061226095071,2.591785191541635,2.0432742919921876,0.5485108995494472
S43A14T04,raw,109,3.6333333333333333,True,False,0.21992683408525862,0.1967745361328126,-0.7983769523232498,-1.0558878784179688,0.25751092609471904,0.3301783317841245,0.7123506774902344,-0.3821723457061099,2.702684270698892,2.448229736328125,0.2544545343707667
S43A14T04,raw,110,3.6666666666666665,False,False,0.2214160071330375,0.1939966430664063,-0.7929266758581741,-1.048133514404297,0.2552068385461228,0.3722670481728548,0.6842437438964843,-0.31197669572362957,2.7159609262426145,2.3931262207031248,0.3228347055394898
S43A14T04,raw,111,3.7,True,False,0.1091358283507777,0.09924877929687492,-0.72086886152783,-0.8941871948242188,0.1733183332963888,0.33155492981759854,0.5376865539550781,-0.2061316241374796,2.691627614920502,2.25493505859375,0.4366925563267521
S43A14T04,raw,112,3.7333333333333334,True,False,0.13394163832682943,0.06664123535156263,-0.8437766217623779,-1.0710530395507813,0.22727641778840346,0.36646798578572215,0.5843209533691407,-0.21785296758341854,2.8170792133031517,2.3600947265625,0.4569844867406516
S43A14T04,raw,113,3.7666666666666666,False,False,0.11912138216803436,0.02718457031249999,-0.8573125300126633,-1.141354248046875,0.28404171803421174,0.3735919074864549,0.5966743774414063,-0.2230824699549514,2.8305404568485613,2.3986044921875003,0.431935964661061
S43A14T04,raw,114,3.8,True,False,0.14357122287133645,0.14352990722656256,-0.9518147528037059,-1.3877894897460936,0.43597473694238775,0.35874413800556176,0.4877982482910156,-0.12905411028545383,2.809128921622929,2.2520113525390624,0.5571175690838666
S43A14T04,raw,115,3.8333333333333335,True,False,0.06867071932361608,0.06861962890624995,-0.9932578236924656,-1.496067138671875,0.5028093149794093,0.2997725699473003,0.2286999626159668,0.07107260733133347,2.871181076369893,2.3058427734375,0.5653383029323931
S43A14T04,raw,116,3.8666666666666667,False,True,0.06867071932361608,0.06861962890624995,-0.9932578236924656,-1.496067138671875,0.5028093149794093,0.2997725699473003,0.2286999626159668,0.07107260733133347,2.871181076369893,2.3058427734375,0.5653383029323931
S43A14T04,raw,117,3.9,False,True,0.06867071932361608,0.06861962890624995,-0.9932578236924656,-1.496067138671875,0.5028093149794093,0.2997725699473003,0.2286999626159668,0.07107260733133347,2.871181076369893,2.3058427734375,0.5653383029323931
S43A14T04,raw,118,3.933333333333333,False,True,0.06867071932361608,0.06861962890624995,-0.9932578236924656,-1.496067138671875,0.5028093149794093,0.2997725699473003,0.2286999626159668,0.07107260733133347,2.871181076369893,2.3058427734375,0.5653383029323931
S43A14T04,raw,119,3.966666666666667,True,False,0.1327029957956513,0.1293322753906252,-0.9507273636179097,-1.4542706298828125,0.5035432662649029,0.267951829593755,0.1868111038208008,0.08114072577295423,2.886130581445797,2.3070245361328126,0.5791060453129844
S43A14T04,raw,120,4.0,False,False,0.18677973567875503,0.1835718994140627,-0.9605599820131953,-1.4136054077148437,0.4530454257016484,0.28200488712256205,0.21534741592407225,0.0666574711984898,2.887529828568853,2.2692705078125,0.6182593207563527
S43A14T04,raw,121,4.033333333333333,False,False,0.07532756535281267,0.06755749511718756,-0.9478907120019804,-1.3830579223632813,0.4351672103613009,0.294408229730923,0.223361930847168,0.07104629888375502,2.8854673881493427,2.288752319335938,0.5967150688134049
S43A14T04,raw,122,4.066666666666666,False,False,0.053965333268978864,0.022350463867187642,-0.9470826068601478,-1.3538143920898438,0.406731785229696,0.29760207011891926,0.25775610351562506,0.0398459666032942,2.8884487107885843,2.2679686279296876,0.6204800828588968
S43A14T04,raw,123,4.1,True,False,0.1120334700345163,0.1048900146484375,-0.9319812449357167,-1.1775136108398438,0.2455323659041272,0.3546411434964996,0.5731555938720703,-0.21851445037557066,2.8795311519611633,2.247966552734375,0.6315645992267882
S43A14T04,raw,124,4.133333333333334,False,True,0.1120334700345163,0.1048900146484375,-0.9319812449357167,-1.1775136108398438,0.2455323659041272,0.3546411434964996,0.5731555938720703,-0.21851445037557066,2.8795311519611633,2.247966552734375,0.6315645992267882
S43A14T04,raw,125,4.166666666666667,False,True,0.1120334700345163,0.1048900146484375,-0.9319812449357167,-1.1775136108398438,0.2455323659041272,0.3546411434964996,0.5731555938720703,-0.21851445037557066,2.8795311519611633,2.247966552734375,0.6315645992267882
S43A14T04,raw,126,4.2,False,True,0.1120334700345163,0.1048900146484375,-0.9319812449357167,-1.1775136108398438,0.2455323659041272,0.3546411434964996,0.5731555938720703,-0.21851445037557066,2.8795311519611633,2.247966552734375,0.6315645992267882
S43A14T04,raw,127,4.233333333333333,False,True,0.1120334700345163,0.1048900146484375,-0.9319812449357167,-1.1775136108398438,0.2455323659041272,0.3546411434964996,0.5731555938720703,-0.21851445037557066,2.8795311519611633,2.247966552734375,0.6315645992267882
S43A14T04,raw,128,4.266666666666667,False,True,0.1120334700345163,0.1048900146484375,-0.9319812449357167,-1.1775136108398438,0.2455323659041272,0.3546411434964996,0.5731555938720703,-0.21851445037557066,2.8795311519611633,2.247966552734375,0.6315645992267882
S43A14T04,raw,129,4.3,False,True,0.1120334700345163,0.1048900146484375,-0.9319812449357167,-1.1775136108398438,0.2455323659041272,0.3546411434964996,0.5731555938720703,-0.21851445037557066,2.8795311519611633,2.247966552734375,0.6315645992267882
S43A14T04,raw,130,4.333333333333333,False,True,0.1120334700345163,0.1048900146484375,-0.9319812449357167,-1.1775136108398438,0.2455323659041272,0.3546411434964996,0.5731555938720703,-0.21851445037557066,2.8795311519611633,2.247966552734375,0.6315645992267882
S43A14T04,raw,131,4.366666666666666,False,True,0.1120334700345163,0.1048900146484375,-0.9319812449357167,-1.1775136108398438,0.2455323659041272,0.3546411434964996,0.5731555938720703,-0.21851445037557066,2.8795311519611633,2.247966552734375,0.6315645992267882
S43A14T04,raw,132,4.4,False,True,0.1120334700345163,0.1048900146484375,-0.9319812449357167,-1.1775136108398438,0.2455323659041272,0.3546411434964996,0.5731555938720703,-0.21851445037557066,2.8795311519611633,2.247966552734375,0.6315645992267882
S43A14T04,raw,133,4.433333333333334,True,False,0.08082139710758242,0.07617382812499995,-0.9240711829781837,-1.1736507568359376,0.24957957385775387,0.35294703179980785,0.5787377014160155,-0.2257906696162077,2.87102080154056,2.2596046142578126,0.6114161872827473
S43A14T04,raw,134,4.466666666666667,True,False,0.19300988156746576,0.1879049072265624,-0.8956112265588436,-1.2031946411132812,0.3075834145544376,0.3669449706504339,0.6089106140136719,-0.24196564336323795,2.901031387475252,2.329478515625,0.571552871850252
S43A14T04,raw,135,4.5,False,False,0.10091143993206071,0.09904089355468759,-0.9103139889339604,-1.1803994750976563,0.2700854861636959,0.3672176421422581,0.5868132781982422,-0.21959563605598414,2.898364126106849,2.2886956787109374,0.6096684473959115
S43A14T04,raw,136,4.533333333333333,False,False,0.051835800173735166,0.005031127929687518,-0.9146785403415233,-1.1446859741210937,0.23000743377957045,0.3642026708173344,0.5679274291992187,-0.2037247583818843,2.9038600693579717,2.3130218505859377,0.590838218772034
S43A14T04,raw,137,4.566666666666666,True,False,0.09729772403973605,0.062405883789062644,-0.9213745493914675,-1.1625068969726562,0.24113234758118873,0.3709006132507944,0.5746052856445313,-0.2037046723937369,2.9275792226503756,2.3110201416015625,0.6165590810488131
S43A14T04,raw,138,4.6,True,False,0.22717001491251895,0.18004101562500008,-0.9472750934804066,-1.21002392578125,0.26274883230084334,0.37606682692763993,0.5981804809570312,-0.22211365402939132,2.9452428241299673,2.298891845703125,0.6463509784268422
S43A14T04,raw,139,4.633333333333334,True,False,0.30867691180310736,0.24821215820312492,-0.9577018543068504,-1.2587681884765625,0.30106633416971207,0.3827744726709861,0.6072070007324218,-0.22443252806143577,2.950814252576703,2.2948138427734373,0.6560004098032657
S43A14T04,raw,140,4.666666666666667,False,False,0.2526717694532481,0.1910269775390625,-0.934697019540781,-1.2366289672851563,0.30193194774437526,0.36260749667789477,0.5071994171142578,-0.144591920436363,2.9366826768200895,2.2916531982421877,0.6450294785779018
S43A14T04,raw,141,4.7,False,False,0.24977554901833332,0.1959222412109376,-0.935225629291689,-1.2420050659179687,0.3067794366262797,0.3693598194462061,0.5349161224365235,-0.16555630299031743,2.9332733035931136,2.294159423828125,0.6391138797649885
S43A14T04,raw,142,4.733333333333333,True,False,0.267315656927642,0.20129467773437493,-0.9386091219775932,-1.266473388671875,0.3278642666942819,0.38108531594585027,0.5730201873779297,-0.19193487143207943,2.936376728246501,2.3489022216796878,0.5874745065668132
S43A14T04,raw,143,4.766666666666667,False,False,0.35768290090122506,0.27297521972656247,-0.9428894511776373,-1.2868814086914062,0.3439919575137689,0.38730830611744393,0.5740440979003907,-0.18673579178294675,2.935743284346648,2.3550760498046874,0.5806672345419606
S43A14T04,raw,144,4.8,False,False,0.3139881523466304,0.2396033935546873,-0.9410380010340241,-1.2781035766601563,0.33706557562613215,0.38064866872746167,0.5858514709472656,-0.20520280221980397,2.9440983084126042,2.4107889404296876,0.5333093679829166
S43A14T04,raw,145,4.833333333333333,False,False,0.42467243310695596,0.3211168212890625,-0.9418947936902469,-1.2995757446289062,0.35768095093865937,0.3819412602862242,0.5816033172607422,-0.199662056974518,2.9442457991831064,2.3900860595703124,0.554159739612794
S43A14T04,raw,146,4.866666666666666,True,False,0.3645864451486779,0.27421813964843733,-0.9353453512427942,-1.2926065063476564,0.3572611551048622,0.38190978253419827,0.5852715606689454,-0.2033617781347471,2.9399587687383146,2.4441702880859375,0.49578848065237713
S43A14T04,raw,147,4.9,False,False,0.4448814056403716,0.3229790039062501,-0.9363282711827909,-1.3159532470703126,0.37962497588752164,0.38592252943238203,0.5699245758056641,-0.1840020463732821,2.93151304896935,2.42026513671875,0.5112479122506
S43A14T04,raw,148,4.933333333333334,True,False,0.46116331558047197,0.3385384521484376,-0.9356451901153313,-1.3212531127929688,0.38560792267763744,0.3843668800597157,0.5785144500732422,-0.1941475700135265,2.9426763038804413,2.4142635498046876,0.5284127540757537
S43A14T04,raw,149,4.966666666666667,False,False,0.4768699334578045,0.35464294433593735,-0.9409226230612624,-1.3282062377929686,0.38728361473170625,0.3819441232205395,0.5745020599365235,-0.19255793671598398,2.939859379417414,2.416817626953125,0.5230417524642892
S43A14T04,raw,150,5.0,False,False,0.43704111068138446,0.3172023925781251,-0.9361430018251483,-1.33997119140625,0.40382818958110167,0.37796727392204826,0.570408447265625,-0.19244117334357674,2.935719881807263,2.4284991455078124,0.5072207362994505
S43A14T04,raw,151,5.033333333333333,True,False,0.4137432589141878,0.2904752197265623,-0.938682803215362,-1.350912536621094,0.4122297334057319,0.37201710472252647,0.5643017120361329,-0.19228460731360641,2.9297629124810136,2.434887939453125,0.49487497302788874
S43A14T04,raw,152,5.066666666666666,False,False,0.44062019140759734,0.30834118652343756,-0.9388793574405132,-1.3711520385742189,0.43227268113370565,0.3636764943213096,0.5504010925292968,-0.1867245982079872,2.939826868363989,2.4443239746093752,0.495502893754614
S43A14T04,raw,153,5.1,False,False,0.45292256902855776,0.3178133544921875,-0.9414770107486351,-1.377229919433594,0.43575290868495886,0.36528865121723086,0.5452680511474609,-0.17997939993023004,2.9388010833829097,2.45176416015625,0.4870369232266598
S43A14T04,raw,154,5.133333333333334,False,False,0.4761295963993532,0.3241583251953124,-0.9424493808127223,-1.399006286621094,0.4565569058083716,0.3698363961991591,0.5494440917968749,-0.17960769559771583,2.9422286506396538,2.454312744140625,0.48791590649902883
S43A14T04,raw,155,5.166666666666667,False,False,0.48281550508051607,0.32484521484374995,-0.93970358165354,-1.4031279296874999,0.46342434803395993,0.3708930132077198,0.5536873474121093,-0.18279433420438956,2.9501607226393882,2.454895263671875,0.4952654589675132
S43A14T04,raw,156,5.2,False,False,0.47132945221616546,0.23453491210937494,-0.91753278405813,-1.3633452148437502,0.44581243078562016,0.36181466365589715,0.47731732177734376,-0.11550265812144661,2.9382692779921538,2.49234521484375,0.4459240631484036
S43A14T04,raw,157,5.233333333333333,False,False,0.4479897247386331,0.25954077148437515,-0.9296927844821482,-1.3779990234375,0.4483062389553517,0.3619311843974205,0.4766546478271485,-0.114723463429728,2.944231895029347,2.46404150390625,0.4801903911230969
S43A14T04,raw,158,5.266666666666667,False,False,0.43036060334532633,0.24022033691406253,-0.9282789128006866,-1.3678561401367189,0.4395772273360322,0.3607850849818385,0.4802375640869141,-0.11945247910507562,2.948372035873065,2.45868212890625,0.4896899069668148
S43A14T04,raw,159,5.3,False,False,0.41475913271037934,0.28830712890625,-0.9384573513548207,-1.38775,0.44929264864517937,0.36704015096442355,0.5335804595947266,-0.166540308630303,2.9514897192830323,2.423501953125,0.5279877661580321
S43A14T04,raw,160,5.333333333333333,False,False,0.40103051080312735,0.2910023193359377,-0.9497261256009458,-1.3905789184570314,0.4408527928560856,0.3688882507514943,0.5505525512695312,-0.1816643005180369,2.955924341129401,2.416156982421875,0.5397673587075262
S43A14T04,raw,161,5.366666666666666,False,False,0.3622897579533048,0.19564880371093762,-0.9396245001463722,-1.3465326538085938,0.40690815366222155,0.3639987176560948,0.4880847473144531,-0.1240860296583583,2.949176206596563,2.4380543212890626,0.5111218853075004
S43A14T04,raw,162,5.4,False,False,0.34375305833921216,0.23776977539062516,-0.9582037190776976,-1.36557470703125,0.4073709879535524,0.367224572340745,0.5364053802490234,-0.16918080790827839,2.9569755643922355,2.407445556640625,0.5495300077516103
S43A14T04,raw,163,5.433333333333334,False,False,0.23771794661911058,0.14135766601562483,-0.9527557149891505,-1.3190565185546874,0.36630080356553696,0.3616964519745719,0.4942051391601563,-0.1325086871855844,2.9440194523639867,2.39072265625,0.5532967961139867
S43A14T04,raw,164,5.466666666666667,False,False,0.3837181547285964,0.31935424804687496,-0.9652428786958859,-1.277113037109375,0.3118701584134892,0.3711316588193152,0.5661321411132813,-0.19500048229396605,2.9490583226440616,2.3562476806640626,0.592810641979999
S43A14T04,raw,165,5.5,False,False,0.3974957574785339,0.3262681884765626,-0.9700659881121574,-1.2983464965820313,0.3282805084698739,0.37059800654980357,0.57048779296875,-0.1998897864189464,2.9596856225250696,2.3672391357421874,0.5924464867828823
S43A14T04,raw,166,5.533333333333333,True,False,0.4190071454651599,0.3399597167968751,-0.9843635912350986,-1.2923551025390625,0.30799151130396385,0.37670618953719565,0.5898554229736328,-0.21314923343643716,2.961120712845498,2.3762482910156253,0.5848724218298726
S43A14T04,raw,167,5.566666666666666,True,False,0.42883610500173913,0.340662353515625,-0.9753069937506936,-1.3154202880859374,0.34011329433524373,0.37428380629165636,0.5889595947265625,-0.2146757884349061,2.9410020113390685,2.376791015625,0.5642109957140686
S43A14T04,raw,168,5.6,False,False,0.41602600940479145,0.32395202636718756,-0.9743795608701116,-1.3166939086914065,0.3423143478212949,0.3687019660916171,0.5930494689941406,-0.22434750290252348,2.9369573128039166,2.376965576171875,0.5599917366320417
S43A14T04,raw,169,5.633333333333334,True,False,0.4150759645779529,0.3144382324218751,-0.9843438284804104,-1.30261376953125,0.3182699410508397,0.3744762056844412,0.6085383758544922,-0.23406217017005104,2.929950542845837,2.3813227539062503,0.5486277889395867
S43A14T04,raw,170,5.666666666666667,True,False,0.38475356656005705,0.2759940185546874,-0.9650782433106921,-1.3022094116210938,0.3371311683104017,0.3666969273325809,0.6043912200927735,-0.23769429276019255,2.9216050775939997,2.3745306396484374,0.5470744379455623
S43A14T04,raw,171,5.7,False,False,0.370787189034032,0.2766374511718752,-0.9645260768784581,-1.2942762451171874,0.32975016823872927,0.36464598410844384,0.6071717681884765,-0.24252578408003267,2.9221835564091223,2.369009399414063,0.5531741569950595
S43A14T04,raw,172,5.733333333333333,True,False,0.329619517961871,0.2678924560546876,-0.9658121626998155,-1.2963781127929688,0.33056595009315326,0.3719968411289268,0.5823582000732421,-0.21036135894431535,2.923904132479937,2.3470909423828124,0.5768131900971247
S43A14T04,raw,173,5.766666666666667,True,False,0.22172842801312237,0.14569018554687507,-0.9401972033156232,-1.2558612060546874,0.31566400273906425,0.35067316972301915,0.45408091735839845,-0.1034077476353793,2.912203324953237,2.3444630126953125,0.5677403122579245
S43A14T04,raw,174,5.8,False,False,0.14516602710794413,0.12227221679687506,-0.942900048115428,-1.2490335693359373,0.3061335212205093,0.3618931081378209,0.49022875976562497,-0.12833565162780408,2.9115852565194507,2.306632568359375,0.6049526881600755
S43A14T04,raw,175,5.833333333333333,False,False,0.1446039373809356,0.1218594970703124,-0.9429808262610746,-1.248772644042969,0.30579181778189435,0.3618207178856699,0.49027294921875003,-0.12845223133308015,2.911626725305226,2.306484130859375,0.6051425944458511
S43A14T04,raw,176,5.866666666666666,True,False,0.028435336348208023,0.015240966796875144,-0.9647064474941917,-1.2473674316406251,0.2826609841464335,0.35197060218217974,0.4619888763427734,-0.11001827416059368,2.9323722934554928,2.3743911132812503,0.5579811801742425
S43A14T04,raw,177,5.9,False,False,0.0764157836364538,0.07568505859374985,-0.96954464585162,-1.21131787109375,0.24177322524212996,0.3526340228389594,0.45834678649902344,-0.10571276366006405,2.933256253814766,2.3473435058593752,0.585912747955391
S43A14T04,raw,178,5.933333333333334,False,False,0.03861145672672297,0.02077673339843744,-0.9732471704727004,-1.241426452636719,0.26817928216401854,0.35203455972548997,0.45622785949707034,-0.10419329977158037,2.9494240050180114,2.38074755859375,0.5686764464242615
S43A14T04,raw,179,5.966666666666667,True,False,0.046472579349333604,0.02480761718750002,-0.9795371765005688,-1.2405050048828126,0.26096782838224375,0.3465565423453202,0.4480774536132812,-0.10152091126796103,2.943557527834312,2.38636669921875,0.5571908286155618
S43A14T04,raw,180,6.0,False,False,0.2119494994458394,0.2079926757812498,-0.9986554139706572,-1.2342579345703126,0.23560252059965547,0.3498965263952004,0.4779863739013672,-0.1280898475061668,2.9397533990330342,2.3004443359375,0.639309063095534
S43A14T04,raw,181,6.033333333333333,False,False,0.15299961587777403,0.14711914062499987,-1.0037520704737686,-1.273258544921875,0.2695064744481064,0.3483589245756505,0.46938325500488287,-0.12102433042923239,2.940661567188204,2.3047850341796874,0.6358765330085165
S43A14T04,raw,182,6.066666666666666,True,False,0.06279680041118677,0.06251342773437507,-1.008533925357974,-1.380975830078125,0.37244190472015104,0.3228912031095701,0.40747283935546874,-0.08458163624589865,2.9395959576131974,2.3087197265625,0.6308762310506975
S43A14T04,raw,183,6.1,False,False,0.09702956069736558,0.06977746582031252,-0.9943028966968779,-1.286082458496094,0.29177956179921605,0.3221967799710747,0.3965824127197266,-0.0743856327486519,2.9402945151458124,2.29565087890625,0.6446436362395622
S43A14T04,raw,184,6.133333333333334,False,False,0.15461618196987262,0.12564489746093743,-0.9961594719816478,-1.2806004028320312,0.28444093085038347,0.3187834178585177,0.3709344024658203,-0.05215098460730261,2.9387761306899933,2.290283935546875,0.6484921951431182
S43A14T04,raw,185,6.166666666666667,False,False,0.11078691012237477,0.07142810058593763,-0.9890590915565864,-1.3094094848632811,0.3203503933066947,0.31781271076903533,0.3594464569091797,-0.04163374614014437,2.9294030699763236,2.3106768798828123,0.6187261900935113
S43A14T04,raw,186,6.2,True,False,0.08659656900059509,0.07183203125000004,-0.9890249658583826,-1.3611005859375,0.37207562007911743,0.2990713123377004,0.32433139038085934,-0.02526007804315894,2.9052826743056244,2.3000770263671875,0.6052056479384369
S43A14T04,raw,187,6.233333333333333,False,False,0.1189305875346711,0.08821789550781256,-0.9881684519722225,-1.3616161499023438,0.37344769793012134,0.2955716564039783,0.2796707305908203,0.015900925813157996,2.904365398469852,2.2786223144531252,0.6257430840167268
S43A14T04,raw,188,6.266666666666667,True,False,0.1910136130168089,0.143472900390625,-1.0153498071175464,-1.4446970214843748,0.42934721436682843,0.28240297860518476,0.21993493652343749,0.06246804208174728,2.8985377342228524,2.243173828125,0.6553639060978522
S43A14T04,raw,189,6.3,False,False,0.21262353163184283,0.16468518066406257,-1.0221176537291472,-1.4741019897460936,0.45198433601694643,0.2580427136088162,0.17484461212158203,0.08319810148723417,2.90469556188214,2.2425179443359378,0.6621776175462024
S43A14T04,raw,190,6.333333333333333,False,False,0.2126691547608628,0.16473132324218764,-1.022133340575724,-1.4741019897460936,0.4519686491703696,0.2580452134971666,0.1747433166503906,0.08330189684677597,2.904726942680171,2.242536987304687,0.6621899553754838
S43A14T04,raw,191,6.366666666666666,True,False,0.21393806872266494,0.16077868652343752,-1.0337502896732882,-1.4750028686523438,0.44125257897905557,0.25430594438518744,0.14500515365600586,0.10930079072918159,2.9402718676650528,2.297886474609375,0.6423853930556778
S43A14T04,raw,192,6.4,True,False,0.38523886025865145,0.32070361328124997,-1.0111302650057656,-1.3468448486328124,0.33571458362704676,0.2607509166634295,0.20315846252441405,0.057592454139015425,2.9287293888480406,2.2422857666015625,0.686443622246478
S43A14T04,raw,193,6.433333333333334,False,False,0.4708094825400432,0.42545410156249996,-1.0169359136231495,-1.289656982421875,0.2727210687987256,0.2788327300315684,0.19648573303222655,0.08234699699934184,2.9308080491700648,2.1948951416015623,0.7359129075685025
S43A14T04,raw,194,6.466666666666667,True,False,0.2013741671865306,0.19872326660156236,-0.9942990244165827,-1.2337951049804687,0.23949608056388605,0.3134991919270429,0.31914844512939455,-0.005649253202351656,2.9464718099205913,2.1799320068359376,0.7665398030846537
S43A14T04,raw,195,6.5,False,False,0.17787927970006798,0.16973852539062495,-0.9947273382159394,-1.24227734375,0.2475500055340607,0.3072396231519558,0.2685425491333008,0.03869707401865502,2.940938457558764,2.1951002197265623,0.7458382378322015
S43A14T04,raw,196,6.533333333333333,False,False,0.11781803800868759,0.11691857910156256,-0.9950768455448585,-1.2746043090820312,0.2795274635371726,0.3018805922715421,0.2942546844482422,0.007625907823299916,2.944960937503355,2.217628784179688,0.7273321533236672
S43A14T04,raw,197,6.566666666666666,True,False,0.024393870694308824,0.011052978515625034,-1.0173930668205202,-1.3457056884765626,0.32831262165604236,0.3119302900225375,0.31644549560546875,-0.004515205582931225,2.9508068187544243,2.23879541015625,0.7120114085981744
S43A14T04,raw,198,6.6,True,False,0.13755686399971986,0.13740942382812493,-1.0106397894442167,-1.317399169921875,0.30675938047765827,0.29950178089625895,0.2573155059814453,0.04218627491481364,2.9281030195055493,2.1862919921875,0.7418110273180494
S43A14T04,raw,199,6.633333333333334,False,False,0.22736889740307778,0.21939379882812493,-1.018154283928227,-1.3819094238281249,0.36375513989989794,0.3017441321705351,0.2909879837036133,0.0107561484669218,2.9249467682445887,2.2216231689453125,0.7033235992992761
S43A14T04,raw,200,6.666666666666667,False,False,0.16620043317479452,0.16263391113281256,-1.0305532515730236,-1.4537752075195312,0.4232219559465076,0.29783705872911476,0.3041157379150391,-0.006278679185924341,2.922700274307763,2.2601875,0.6625127743077632
S43A14T04,raw,201,6.7,True,False,0.0760223836339658,0.05639123535156254,-1.0368242503228144,-1.4310697631835936,0.39424551286077913,0.2979663279751302,0.20214107513427737,0.0958252528408528,2.9082952192010363,2.2375296630859376,0.6707655561150987
S43A14T04,raw,202,6.733333333333333,False,False,0.07912223434709015,0.02924084472656241,-1.0373517036403996,-1.444394714355469,0.4070430107150693,0.2946065237637567,0.22108278656005861,0.07352373720369806,2.9062262431273935,2.2340396728515626,0.672186570275831
S43A14T04,raw,203,6.766666666666667,False,False,0.09029441160864114,0.0012756347656250888,-1.0435561041990284,-1.4479556884765625,0.4043995842775341,0.2931848737874198,0.2514571533203125,0.04172772046710732,2.898839913575161,2.212798461914063,0.6860414516610982
S43A14T04,raw,204,6.8,True,False,0.08301805912170605,0.02927636718750004,-1.0497496118570904,-1.4906499023437498,0.44090029048665946,0.28868506774340225,0.2323794479370117,0.05630561980639054,2.8908516520290997,2.206900390625,0.6839512614040997
S43A14T04,raw,205,6.833333333333333,False,False,0.1660827078716779,0.16421142578124992,-1.0502759753603155,-1.476716796875,0.42644082151468443,0.2910837393221383,0.2265295867919922,0.06455415253014612,2.870447264413824,2.1450096435546877,0.7254376208591364
S43A14T04,raw,206,6.866666666666666,False,False,0.2221427872913697,0.21073986816406243,-1.0523625752119916,-1.5132962036132813,0.4609336284012897,0.2966950602900706,0.3120591125488281,-0.015364052258757532,2.86673048095919,2.1585084228515625,0.7082220581076273
S43A14T04,raw,207,6.9,False,False,0.2210015108355711,0.18971728515625008,-1.0623359205278207,-1.54263671875,0.4803007982221794,0.2951864165627145,0.3453239059448242,-0.05013748938210971,2.851714542496736,2.1370986328125,0.7146159096842357
S43A14T04,raw,208,6.933333333333334,False,False,0.21907232300944596,0.18057507324218736,-1.066737345674317,-1.5531524047851564,0.4864150591108394,0.28982327232150495,0.3531805953979492,-0.06335732307644426,2.849284821467069,2.1365373535156253,0.7127474679514436
S43A14T04,raw,209,6.966666666666667,False,False,0.11255067901592135,0.10221081542968746,-1.069669621823021,-1.5401719360351565,0.4705023142121354,0.28895659556899334,0.3262077102661133,-0.03725111469711995,2.8400506138277013,2.0962427978515628,0.7438078159761385
S43A14T04,raw,210,7.0,False,False,0.13639537646136646,0.10483618164062491,-1.0781133016702795,-1.57515185546875,0.4970385537984705,0.2888190978957755,0.3696238784790039,-0.08080478058322843,2.836642879842946,2.123997314453125,0.7126455653898209
S43A14T04,raw,211,7.033333333333333,False,False,0.14693551198393548,0.0922388916015624,-1.0828701925133004,-1.6026524047851562,0.5197822122718558,0.28943354045798314,0.40377293395996094,-0.1143393935019778,2.8304967430676715,2.1525511474609376,0.677945595606734
S43A14T04,raw,212,7.066666666666666,False,False,0.15751723540953644,0.07079675292968757,-1.0976969306474127,-1.6487680053710938,0.5510710747236811,0.2915907418938292,0.4353213653564453,-0.14373062346261606,2.818140527760208,2.144844360351563,0.6732961674086453
S43A14T04,raw,213,7.1,True,False,0.11162804763505928,0.0432570800781249,-1.1118531609793987,-1.6887670898437501,0.5769139288643514,0.3010717989054569,0.4739525756835938,-0.1728807767781369,2.8155378404227047,2.1405028076171875,0.6750350328055172
S43A14T04,raw,214,7.133333333333334,False,False,0.0810952272960481,0.017810546875000055,-1.115278035497671,-1.7002983398437501,0.5850203043460791,0.3009313255648276,0.48873155212402347,-0.18780022655919587,2.81093754714007,2.1469653320312503,0.6639722151088199
S43A14T04,raw,215,7.166666666666667,False,False,0.06719668599308258,0.0005904541015624432,-1.1149252010533035,-1.7057559204101562,0.5908307193568527,0.3005876384444433,0.49758047485351564,-0.19699283640907234,2.807740266122672,2.157916137695312,0.6498241284273596
S43A14T04,raw,216,7.2,False,False,0.07183344894380157,0.03743115234375005,-1.1122237908699648,-1.6955842285156248,0.58336043764566,0.3050784120147721,0.5179847106933594,-0.2129062986785873,2.80257308390697,2.1690501708984375,0.6335229130085325
S43A14T04,raw,217,7.233333333333333,False,False,0.08015716698003068,0.0473790283203126,-1.1200607692943623,-1.7078292846679688,0.5877685153736065,0.30962738289265496,0.5355575866699219,-0.22593020377726697,2.7994554507340426,2.186950561523438,0.6125048892106046
S43A14T04,raw,218,7.266666666666667,False,False,0.08090875575501326,0.05746337890624997,-1.127532489447806,-1.7117232666015627,0.5841907771537567,0.3107105630402156,0.5488372650146485,-0.23812670197443286,2.8030733243950228,2.2069373779296875,0.5961359464653353
S43A14T04,raw,219,7.3,False,False,0.09433389071224517,0.0766431884765626,-1.1295740120166007,-1.7340664672851562,0.6044924552685556,0.30947043869606794,0.5693704376220703,-0.25989999892600235,2.8038002612104425,2.2247725830078124,0.57902767820263
S43A14T04,raw,220,7.333333333333333,True,False,0.10088621403424658,0.09573010253906244,-1.120127398648947,-1.7093165893554687,0.5891891907065216,0.30377046356051013,0.5657257232666015,-0.2619552597060914,2.8047604797112773,2.261802490234375,0.5429579894769021
S43A14T04,raw,221,7.366666666666666,False,False,0.10457967769280031,0.10133300781249988,-1.1237202765892425,-1.71260400390625,0.5888837273170076,0.30371142369022847,0.5750110626220704,-0.2712996389318419,2.806060985313034,2.27602734375,0.5300336415630338
S43A14T04,raw,222,7.4,False,False,0.11972204297127817,0.11957482910156259,-1.1271987229613756,-1.7124065551757812,0.5852078322144056,0.304567927505843,0.5943693542480469,-0.28980142674220394,2.8011333742664504,2.3035465087890623,0.49758686547738806
S43A14T04,raw,223,7.433333333333334,False,False,0.12859743195595266,0.12728186035156241,-1.1342221071947187,-1.7153678588867187,0.581145751692,0.3057653304450276,0.5984630432128906,-0.29269771276786294,2.8043525748926266,2.3216092529296875,0.4827433219629391
S43A14T04,raw,224,7.466666666666667,False,False,0.13588660157589802,0.13460961914062497,-1.1311062784640256,-1.6999879150390624,0.5688816365750369,0.30426296291700444,0.6033045349121093,-0.2990415719951049,2.801282497568077,2.333527587890625,0.4677549096774518
S43A14T04,raw,225,7.5,False,False,0.14285765477792506,0.14057958984374985,-1.1360224329835782,-1.6882232666015624,0.5522008336179842,0.30354564337994594,0.6193522033691407,-0.3158065599891947,2.801672400658729,2.345245727539062,0.45642667311966667
S43A14T04,raw,226,7.533333333333333,False,False,0.14233572804267924,0.13992883300781256,-1.1386088288192042,-1.6876530151367186,0.5490441863175144,0.3036348799010036,0.6230619201660157,-0.3194270402650121,2.8005003007235008,2.359135986328125,0.4413643143953756
S43A14T04,raw,227,7.566666666666666,False,False,0.15601001527874836,0.15276257324218734,-1.1376666004581806,-1.6865906372070314,0.5489240367488508,0.3049879187675674,0.626186737060547,-0.3211988182929795,2.80078735565498,2.3666478271484372,0.4341395285065426
S43A14T04,raw,228,7.6,False,False,0.17503956028672338,0.17474414062499988,-1.1365311134058547,-1.673736328125,0.5372052147191453,0.29976795651589677,0.6148247680664063,-0.3150568115505095,2.809241146670683,2.3792003173828125,0.43004082928787035
S43A14T04,raw,229,7.633333333333334,True,False,0.1871837760647213,0.18714379882812504,-1.1407544566035146,-1.6918724365234374,0.5511179799199228,0.29196231692642444,0.6334303588867187,-0.3414680419602943,2.80566101079081,2.3807576904296877,0.42490332036112255
S43A14T04,raw,230,7.666666666666667,False,False,0.19055772163019216,0.1898006591796877,-1.137653133214822,-1.6873856811523438,0.5497325479375217,0.285864708131205,0.6442026672363281,-0.3583379591051231,2.8071073062270973,2.3850869140624997,0.4220203921645975
S43A14T04,raw,231,7.7,False,False,0.19621137510479114,0.19525451660156268,-1.1385282396388978,-1.6892711791992188,0.5507429395603209,0.2846766888475193,0.64583447265625,-0.36115778380873076,2.8053606209627264,2.3891835937500003,0.4161770272127261
S43A14T04,raw,232,7.733333333333333,False,False,0.21202901669326146,0.19857153320312504,-1.141424551130067,-1.6857042236328126,0.5442796725027457,0.2805096685221837,0.6625340270996094,-0.3820243585774257,2.805299810214606,2.3958741455078125,0.4094256647067933
S43A14T04,raw,233,7.766666666666667,False,False,0.18755938316706622,0.17903332519531245,-1.124430945285598,-1.6385972290039064,0.5141662837183083,0.28303637927440917,0.6381510314941407,-0.3551146522197315,2.8258552814024864,2.4388577880859375,0.386997493316549
S43A14T04,raw,234,7.8,False,False,0.21066314360727464,0.20698840332031243,-1.1326719179473757,-1.6547095336914062,0.5220376157440305,0.2807572850825046,0.6325699462890625,-0.3518126612065579,2.8256235828474057,2.4707159423828124,0.3549076404645932
S43A14T04,raw,235,7.833333333333333,False,False,0.22020366876787173,0.21633789062499997,-1.1376012581558486,-1.6567462158203123,0.5191449576644638,0.27987069249009133,0.6421910095214844,-0.3623203170313931,2.8226853947905437,2.49462548828125,0.3280599065092935
S43A14T04,raw,236,7.866666666666666,False,False,0.23589349287914718,0.23449682617187517,-1.1522187486042428,-1.649681884765625,0.49746313616138216,0.2779431046578025,0.6508695983886719,-0.3729264937308694,2.8143813573969902,2.502868286132813,0.3115130712641774
S43A14T04,raw,237,7.9,False,False,0.206265507997616,0.2001958007812501,-1.1606091023442031,-1.6167474365234376,0.45613833417923444,0.2775486009078461,0.66268212890625,-0.3851335279984039,2.8036827690064663,2.50307861328125,0.30060415572521615
S43A14T04,raw,238,7.933333333333334,True,False,0.20111252568304822,0.16628564453124994,-1.1919627777149564,-1.6270601806640625,0.43509740294910615,0.2851683457160709,0.6922901916503906,-0.4071218459343197,2.804474021658094,2.5143690185546874,0.2901050031034065
S43A14T04,raw,239,7.966666666666667,True,False,0.2376982749124013,0.15109069824218735,-1.2078736847806508,-1.6514789428710936,0.4436052580904428,0.2905072080808305,0.7211387023925782,-0.43063149431174763,2.7994757874145373,2.51801220703125,0.2814635803832872
S43A14T04,raw,240,8.0,False,False,0.2581013616891692,0.14898327636718744,-1.208859371182421,-1.6474288940429687,0.43856952286054773,0.30049032958491684,0.7500537719726563,-0.4495634423877395,2.803322357093766,2.536211181640625,0.2671111754531412
S43A14T04,raw,241,8.033333333333333,False,False,0.28232456913549236,0.13409912109374988,-1.2147384425825871,-1.6585731201171874,0.44383467753460026,0.3036303872249059,0.778502197265625,-0.4748718100407191,2.8074106517550397,2.57085693359375,0.23655371816128978
S43A14T04,raw,242,8.066666666666666,False,False,0.2382289086185891,0.20942993164062496,-1.2366655752892013,-1.6890471191406249,0.4523815438514236,0.2829823920926849,0.7227421264648437,-0.4397597343721588,2.796555141565094,2.5518461914062502,0.24470895015884375
S43A14T04,raw,243,8.1,True,False,0.2318421225780862,0.23115197753906247,-1.2363883680799834,-1.6920487670898439,0.45566039900986044,0.27424961668956666,0.7004381408691407,-0.42618852417957404,2.793554422111933,2.5552802734375,0.23827414867443286
S43A14T04,raw,244,8.133333333333333,True,False,0.24618367653211876,0.2428430175781251,-1.238297962233643,-1.6627531738281252,0.4244552115944822,0.2771380838634771,0.7102196655273438,-0.43308158166386673,2.783124732668218,2.5749918212890623,0.20813291137915568
S43A14T04,raw,245,8.166666666666666,True,False,0.1954929762931339,0.17591210937500001,-1.2642631001956373,-1.638988037109375,0.37472493691373776,0.2970934073006868,0.7620372619628906,-0.4649438546622038,2.7959589831228344,2.6153204345703127,0.1806385485525217
S43A14T04,raw,246,8.2,True,False,0.23809201415073583,0.1613524169921876,-1.2783402903670005,-1.628406921386719,0.35006663101971847,0.3078131805657535,0.8093005676269531,-0.5014873870611996,2.7982684520686636,2.657501708984375,0.1407667430842885
S43A14T04,raw,247,8.233333333333333,False,False,0.2748210255931648,0.16351733398437496,-1.2879020793402378,-1.6113170166015625,0.32341493726132464,0.3125584428452821,0.8489189147949219,-0.5363604719496398,2.7964100011042463,2.6916636962890625,0.10474630481518377
S43A14T04,raw,248,8.266666666666667,False,False,0.2759379505971381,0.15453320312499996,-1.2978518687124854,-1.5974910888671876,0.29963922015470223,0.31421650785398125,0.8666396179199218,-0.5524231100659406,2.7905561212210968,2.6842193603515625,0.10633676086953425
S43A14T04,raw,249,8.3,False,False,0.24177116800407233,0.16467382812499998,-1.3079567685570965,-1.6084434814453124,0.3004867128882158,0.32463608972563196,0.9038952331542969,-0.5792591434286649,2.7984650959785924,2.7067005615234376,0.09176453445515476
S43A14T04,raw,250,8.333333333333334,False,False,0.23413223323507248,0.17924230957031262,-1.3138683929537447,-1.601736755371094,0.28786836241734926,0.3247091275833134,0.9368270263671874,-0.612117898783874,2.8050282937473727,2.7383603515625,0.0666679421848726
S43A14T04,raw,251,8.366666666666667,False,False,0.20478278520181956,0.19393737792968735,-1.3156987165902787,-1.5867086791992189,0.27100996260894017,0.32541993827918436,0.9675335083007812,-0.6421135700215969,2.8045659042752367,2.764400390625,0.04016551365023657
S43A14T04,raw,252,8.4,False,False,0.213407132202954,0.2101429443359375,-1.3193356430791223,-1.546641540527344,0.2273058974482216,0.3400495498670486,0.9954839172363281,-0.6554343673692795,2.8041069258240134,2.78502294921875,0.01908397660526351
S43A14T04,raw,253,8.433333333333334,False,False,0.1922477368459077,0.177290771484375,-1.3320834324834108,-1.5265997314453124,0.1945162989619016,0.3332539962513362,0.9914729614257813,-0.6582189651744451,2.801008862723729,2.7706844482421875,0.03032441448154133
S43A14T04,raw,254,8.466666666666667,False,False,0.21681050927012355,0.15028747558593758,-1.3371950555296632,-1.5050435180664063,0.16784846253674313,0.3276381677396378,0.9812295532226564,-0.6535913854830186,2.8021523714638756,2.782008544921875,0.020143826542000642
S43A14T04,raw,255,8.5,False,False,0.22084678913,0.14260388183593742,-1.3442656572544205,-1.4681583862304688,0.1238927289760483,0.34880160921583614,1.043884765625,-0.695083156409164,2.809043976698662,2.8025662841796875,0.006477692518974454
S43A14T04,raw,256,8.533333333333333,False,False,0.2392630230482143,0.14373962402343743,-1.3447477418108096,-1.4257800903320312,0.08103234852122165,0.3621768352163387,1.0794697875976564,-0.7172929523813177,2.8175371336560366,2.8275690917968754,-0.010031958140838793
S43A14T04,raw,257,8.566666666666666,True,False,0.22086931852215555,0.14450952148437501,-1.3552061822954695,-1.399250732421875,0.04404455012640551,0.3774177965037558,1.1371906127929687,-0.759772816289213,2.8236675164230043,2.839241455078125,-0.015573938655120578
S43A14T04,raw,258,8.6,True,False,0.20360524604131905,0.15942749023437486,-1.370114993093494,-1.38817919921875,0.018064206125256055,0.3744669840134966,1.1409769897460937,-0.7665100057325971,2.8247106834880857,2.869776123046875,-0.045065439558789055
S43A14T04,raw,259,8.633333333333333,False,False,0.19100230634087798,0.11976062011718747,-1.3969785682739078,-1.4047770385742187,0.007798470300310889,0.35979387656249556,1.0778271484375002,-0.7180332718750047,2.8153383548641786,2.847664672851563,-0.03232631798738428
S43A14T04,raw,260,8.666666666666666,False,False,0.19475015800186374,0.10630114746093744,-1.4047754319383599,-1.4046286010742188,-0.0001468308641410232,0.35367547093845936,1.0114841613769532,-0.6578086904384939,2.8008646840459974,2.8103204345703126,-0.009455750524315132
S43A14T04,raw,261,8.7,False,False,0.16502092465545976,0.11799072265624999,-1.4041078950197803,-1.35419384765625,-0.04991404736353022,0.37153570123504776,1.0660613403320314,-0.6945256390969836,2.816503817271083,2.8556229248046874,-0.03911910753360459
S43A14T04,raw,262,8.733333333333333,False,False,0.1565251006841771,0.12742102050781234,-1.409872895370831,-1.3337012329101563,-0.07617166246067475,0.3805090265149687,1.0930990600585937,-0.712590033543625,2.816246364159287,2.8834971923828125,-0.06725082822352535
S43A14T04,raw,263,8.766666666666667,False,False,0.1554672418512106,0.13857556152343764,-1.4221153256432528,-1.3200416870117189,-0.10207363863153396,0.3812005563758271,1.1193247680664062,-0.7381242116905791,2.8121025648606905,2.9091518554687497,-0.09704929060805911
S43A14T04,raw,264,8.8,False,False,0.15540140122498727,0.14015539550781253,-1.4371593664948208,-1.3145890502929687,-0.1225703162018521,0.38452508521107776,1.1226532592773437,-0.738128174066266,2.8029456903256444,2.9298763427734373,-0.1269306524477929
S43A14T04,raw,265,8.833333333333334,False,False,0.15620538166999728,0.1425329589843749,-1.4520551185041553,-1.3232209472656251,-0.12883417123853014,0.3841358134252441,1.134199951171875,-0.7500641377466308,2.800866461931164,2.960087280273438,-0.15922081834227386
S43A14T04,raw,266,8.866666666666667,False,False,0.1592258796561677,0.1589437255859376,-1.4936283031489601,-1.3824841918945312,-0.11114411125442891,0.37562147041996957,1.1517519531250002,-0.7761304827050306,2.806356701400379,3.0133560791015626,-0.20699937770118337
S43A14T04,raw,267,8.9,True,False,0.1743137649346707,0.17430139160156255,-1.4922004540187976,-1.3914436645507813,-0.10075678946801636,0.3771004636270392,1.142115478515625,-0.7650150148885857,2.804495579514851,3.0526866455078125,-0.2481910659929616
S43A14T04,raw,268,8.933333333333334,False,False,0.18932023897926373,0.18713793945312496,-1.5013424884715305,-1.40668505859375,-0.09465742987778047,0.36455088360697485,1.1027124633789063,-0.7381615797719314,2.789673209908545,3.0854072265625003,-0.2957340166539555
S43A14T04,raw,269,8.966666666666667,False,False,0.20557462549333358,0.19974426269531254,-1.5036826841058573,-1.3924928588867187,-0.11118982521913856,0.34807691462160223,1.0857493286132813,-0.737672413991679,2.778511702653439,3.09969580078125,-0.3211840981278109
S43A14T04,raw,270,9.0,False,False,0.1933289202536033,0.18739843750000018,-1.5191011566871995,-1.41384033203125,-0.10526082465594944,0.3550324492535389,1.0913444213867187,-0.7363119721331799,2.7528599094097115,3.1006351318359373,-0.3477752224262258
S43A14T04,raw,271,9.033333333333333,False,False,0.1933646334198219,0.18743249511718751,-1.5191397096093227,-1.4137785034179688,-0.1053612061913538,0.35504978998245035,1.0915185546875001,-0.7364687647050498,2.7527020747197724,3.100499267578125,-0.34779719285835275
S43A14T04,raw,272,9.066666666666666,True,False,0.2094175512780693,0.20012353515625003,-1.526216157574603,-1.4026192626953125,-0.12359689487929049,0.36495988688392184,1.1434695434570312,-0.7785096565731093,2.7516547486343805,3.1040765380859376,-0.3524217894515571
S43A14T04,raw,273,9.1,False,False,0.20970118250344058,0.20036401367187517,-1.5263466918798718,-1.402576171875,-0.12377052000487176,0.3650144643025871,1.1439017333984376,-0.7788872690958505,2.75151301630644,3.103658813476563,-0.35214579717012295
S43A14T04,raw,274,9.133333333333333,False,False,0.21370498060174034,0.21291259765625004,-1.5236193621465146,-1.3893270263671875,-0.1342923357793271,0.3829518035460226,1.1565473022460937,-0.773595498700071,2.740700369143439,3.0864588623046876,-0.34575849316124874
S43A14T04,raw,275,9.166666666666666,False,False,0.21016019757051782,0.2086700439453124,-1.527999950622938,-1.3821730346679688,-0.14582691595496922,0.3844916153071135,1.1788015747070313,-0.7943099593999178,2.7393558567815823,3.0695512695312503,-0.330195412749668
S43A14T04,raw,276,9.2,False,False,0.22328729526205746,0.20976879882812494,-1.529301038071539,-1.3721478271484375,-0.15715321092310153,0.3846729450351188,1.2071680297851564,-0.8224950847500376,2.728238384689148,3.047501708984375,-0.31926332429522697
S43A14T04,raw,277,9.233333333333333,True,False,0.23138108873174404,0.20811767578124996,-1.5251183380969813,-1.352667236328125,-0.17245110176885636,0.3805423470304995,1.192971435546875,-0.8124290885163755,2.714322003658608,2.9903680419921876,-0.27604603833357944
S43A14T04,raw,278,9.266666666666667,False,False,0.23352478947260388,0.214945068359375,-1.5314994976520502,-1.366245361328125,-0.16525413632392527,0.36675230946515247,1.1860081787109376,-0.8192558692457851,2.6907577151488193,2.94325927734375,-0.2525015621949307
S43A14T04,raw,279,9.3,True,False,0.24510109332984545,0.22015307617187507,-1.542748192949527,-1.376471923828125,-0.16627626912140192,0.36513469572911866,1.22392236328125,-0.8587876675521313,2.6802371761553845,2.9131678466796878,-0.23293067052430327
S43A14T04,raw,280,9.333333333333334,False,False,0.2586790300981717,0.22623071289062513,-1.5390905107981916,-1.3837821044921874,-0.15530840630600418,0.3591545829387075,1.2317361450195312,-0.8725815620808237,2.67495430229459,2.8925999755859375,-0.21764567329134765
S43A14T04,raw,281,9.366666666666667,False,False,0.26261924412126464,0.23257958984374993,-1.5292784086281506,-1.3867041015625001,-0.14257430706565044,0.3346775994329086,1.2086927490234376,-0.8740151495905291,2.6523493362519406,2.8542169189453124,-0.2018675826933718
S43A14T04,raw,282,9.4,True,False,0.26644057393946163,0.23674047851562485,-1.5195015949977715,-1.3874498291015627,-0.13205176589620882,0.3131141733175001,1.1556094970703126,-0.8424953237528126,2.646101203547396,2.8282415771484377,-0.18214037360104163
S43A14T04,raw,283,9.433333333333334,False,False,0.2682894885109583,0.23738330078125003,-1.5187044526999114,-1.3872369384765626,-0.1314675142233488,0.31079463761418136,1.1556734619140625,-0.8448788242998811,2.644840090532237,2.82611279296875,-0.18127270243651283
S43A14T04,raw,284,9.466666666666667,False,False,0.2686469016627089,0.23684045410156251,-1.5177944052255619,-1.3856380004882813,-0.13215640473728052,0.3075194998304698,1.1487595825195314,-0.8412400826890616,2.6424400726293977,2.8213868408203124,-0.1789467681909147
S43A14T04,raw,285,9.5,False,False,0.2587334661337353,0.23702770996093747,-1.525042378799704,-1.4158368530273437,-0.10920552577236031,0.2989350421404184,1.12450537109375,-0.8255703289533316,2.6263200777367093,2.810297729492188,-0.18397765175547853
S43A14T04,raw,286,9.533333333333333,False,False,0.25013707961444165,0.22785693359374992,-1.529535050177789,-1.4426021728515626,-0.08693287732622634,0.28127438033690383,1.0903934326171876,-0.8091190522802838,2.610412913463822,2.7901923828125,-0.17977946934867806
S43A14T04,raw,287,9.566666666666666,False,False,0.252029914584941,0.23031323242187485,-1.5307482472592522,-1.447658203125,-0.08309004413425214,0.2805354539416582,1.0898828735351562,-0.809347419593498,2.6062460804585386,2.783673217773438,-0.17742713731489923
S43A14T04,raw,288,9.6,False,False,0.25228708627710766,0.23076965332031252,-1.5308958762510236,-1.4479308471679688,-0.08296502908305481,0.2807663178613157,1.089249755859375,-0.8084834379980593,2.605313194023426,2.784023193359375,-0.1787099993359491
S43A14T04,raw,289,9.633333333333333,True,False,0.24922179648761558,0.24189562988281255,-1.5232230565809242,-1.4356433715820314,-0.08757968499889279,0.2957934387086584,1.0508206176757813,-0.7550271789671229,2.5727939670032387,2.75303076171875,-0.18023679471551146
S43A14T04,raw,290,9.666666666666666,False,False,0.25382955227582976,0.25382690429687504,-1.522528139278835,-1.4417677001953124,-0.0807604390835226,0.30934982551625206,1.0694925537109374,-0.7601427281946853,2.5603260556259824,2.7553460693359377,-0.19502001370995536
S43A14T04,raw,291,9.7,False,False,0.251863306405483,0.24349133300781256,-1.519623805266215,-1.4218185424804688,-0.0978052627857462,0.3277826797041445,1.0951700439453125,-0.7673873642411679,2.557997967952465,2.76026513671875,-0.20226716876628492
S43A14T04,raw,292,9.733333333333333,True,False,0.2479875264465377,0.237790771484375,-1.5107741155248435,-1.3673531494140625,-0.14342096611078103,0.3779799733050781,1.110207275390625,-0.7322273020855468,2.5489036888183496,2.739645874023438,-0.19074218520508834
S43A14T04,raw,293,9.766666666666667,False,False,0.22258893739126748,0.21568994140625009,-1.515700222973584,-1.3578016357421876,-0.1578985872313965,0.38524068391773597,1.111155700683594,-0.7259150167658579,2.551156435207335,2.7490811767578127,-0.1979247415504779
S43A14T04,raw,294,9.8,False,False,0.22273234682019402,0.2094001464843751,-1.5086826429315736,-1.3414708251953127,-0.16721181773626093,0.3946197290451427,1.1158215942382812,-0.7212018651931384,2.5543959905934988,2.7751041259765623,-0.22070813538306355
S43A14T04,raw,295,9.833333333333334,False,False,0.23118230968632006,0.20573779296875006,-1.5089280641753848,-1.3234980468750002,-0.18543001730038466,0.3985650170143711,1.1164290161132813,-0.7178639990989102,2.55641065425583,2.8005633544921875,-0.2441527002363575
S43A14T04,filtered,0,0.0,False,False,0.2755649663548171,0.1359499462318432,-1.4518340590851972,-1.3177928674695187,-0.1340411916156785,-0.13459115102982794,0.7738507800421174,-0.9084419310719454,2.019682897551451,1.9192435445705753,0.10043935298087558
S43A14T04,filtered,1,0.03333333333333333,False,True,0.27555531245103393,0.13593847983990148,-1.451831439127113,-1.317791864894348,-0.1340395742327649,-0.13458958567470658,0.7738539509644176,-0.9084435366391241,2.0196876719034336,1.9192597013618138,0.10042797054161978
S43A14T04,filtered,2,0.06666666666666667,False,True,0.27554574824498707,0.1359273962645129,-1.4518298630421897,-1.3177923834821617,-0.1340374795600281,-0.13458684530475867,0.7738597016867528,-0.9084465469915115,2.019692151973079,1.9192767908579307,0.10041536111514837
S43A14T04,filtered,3,0.1,False,True,0.275537306830682,0.13591794131814905,-1.4518296800136823,-1.3177946325357088,-0.13403504747797346,-0.13458301718777224,0.7738678688967724,-0.9084508860845446,2.019695809932897,1.9192931569657927,0.10040265296710449
S43A14T04,filtered,4,0.13333333333333333,False,True,0.27553108142350335,0.13591140413734282,-1.4518311517200888,-1.317798673633009,-0.13403247808707985,-0.13457831949467358,0.7738780037860493,-0.9084563232807229,2.019698113654181,1.9193069326229701,0.10039118103121103
S43A14T04,filtered,5,0.16666666666666666,False,True,0.2755281195526842,0.13590898755631775,-1.4518344092798312,-1.317804388391467,-0.13403002088836424,-0.13457310084597165,0.773889370164734,-0.9084624710107057,2.019698582575474,1.9193162017661933,0.10038238080928075
S43A14T04,filtered,6,0.2,False,True,0.2755293037325382,0.13591166512553876,-1.451839416601286,-1.3178114597743953,-0.13402795682689073,-0.13456782590007943,0.7739009728245758,-0.9084687987246552,2.0196968477979094,1.9193191946736594,0.10037765312424995
S43A14T04,filtered,7,0.23333333333333334,False,True,0.2755352289328783,0.13592003766587535,-1.4518459451512444,-1.3178193712833721,-0.1340265738678723,-0.13456304609013528,0.7739116183915298,-0.908474664481665,2.0196927107483766,1.9193145016999247,0.10037820904845196
S43A14T04,filtered,8,0.26666666666666666,False,True,0.2755460892994819,0.1359342045396854,-1.451853564811547,-1.3178274272320492,-0.13402613757949777,-0.13455935604079508,0.7739200078420054,-0.9084793638828005,2.0196861939199757,1.9193012858604983,0.10038490805947742
S43A14T04,filtered,9,0.3,False,True,0.2755615877631139,0.13595366589374747,-1.4518616545938146,-1.317834795609637,-0.13402685898417754,-0.13455733781249377,0.773924856344262,-0.9084821941567558,2.019677576913692,1.9192794714478505,0.1003981054658416
S43A14T04,filtered,10,0.3333333333333333,False,True,0.2755808821313899,0.13597727165977203,-1.4518694355247876,-1.317840572901065,-0.1340288626237227,-0.1345574967891912,0.7739250324248057,-0.9084825292139969,2.0196674113910387,1.9192498844434498,0.10041752694758888
S43A14T04,filtered,11,0.36666666666666664,False,True,0.27560257976799607,0.13600323086791333,-1.4518760260579675,-1.317843867784659,-0.1340321582733086,-0.13456019457819737,0.7739197050125606,-0.9084798995907579,2.0196565096801997,1.9192143214055513,0.10044218827464846
S43A14T04,filtered,12,0.4,False,True,0.2756247899260953,0.13602919076835396,-1.451880518032334,-1.3178438980843468,-0.1340366199479872,-0.13456558554198983,0.7739084840851548,-0.9084740696271446,2.019645903667339,1.9191755270678814,0.10047037659945746
S43A14T04,filtered,13,0.43333333333333335,False,True,0.2756452382584251,0.13605238947951004,-1.4518820686686518,-1.3178400929655583,-0.1340419757030935,-0.13457356434644457,0.7738915388403952,-0.9084651031868398,2.019636773180701,1.919137067160894,0.10049970601980696
S43A14T04,filtered,14,0.4666666666666667,False,True,0.27566144218596245,0.1360698787049155,-1.4518800016034985,-1.3178321904133303,-0.13404781119016818,-0.1345837320216239,0.7738696769121411,-0.908453408933765,2.019630346183267,1.9191030917701846,0.10052725441308263
S43A14T04,filtered,15,0.5,False,True,0.2756709390618984,0.1360788050045536,-1.4518739077825227,-1.3178203188011892,-0.13405358898133346,-0.13459538736480664,0.7738443694293051,-0.9084397567941118,2.019627776491894,1.9190779953786454,0.10054978111324875
S43A14T04,filtered,16,0.5333333333333333,False,True,0.2756715519858575,0.13607672987453978,-1.4518637354536554,-1.3178050511063533,-0.13405868434730217,-0.13460754900639768,0.7738177098361454,-0.9084252588425431,2.0196300081261387,1.9190659918002588,0.10056401632587986
S43A14T04,filtered,17,0.5666666666666667,False,True,0.2756616714197417,0.13606196132694026,-1.451849857790129,-1.3177874212474432,-0.1340624365426859,-0.13461901112177327,0.7737922993394095,-0.9084113104611828,2.019637638395294,1.9190706344345512,0.1005670039607427
S43A14T04,filtered,18,0.6,False,True,0.275640525238526,0.136033863690183,-1.4518331070591206,-1.3177688942212953,-0.13406421283782533,-0.13462843271064823,0.7737710584146951,-0.9083994911253432,2.019650794071652,1.919094323379142,0.10055647069250995
S43A14T04,filtered,19,0.6333333333333333,False,True,0.2756084063371335,0.13599310888194371,-1.4518147658842953,-1.3177512851840385,-0.13406348070025675,-0.13463445678006075,0.7737569715734747,-0.9083914283535355,2.0196690361002676,1.9191378495581155,0.1005311865421521
S43A14T04,filtered,20,0.6666666666666666,False,True,0.27556682614391226,0.1359418322447561,-1.4517965090724858,-1.3177366272097613,-0.13405988186272455,-0.13463585194793135,0.7737527809460364,-0.9083886328939678,2.019691307945471,1.9192000308063597,0.1004912771391111
S43A14T04,filtered,21,0.7,False,True,0.2755185649094393,0.13588365977208783,-1.451780293599558,-1.317726992874309,-0.13405330072524912,-0.13463166529710457,0.7737606523869276,-0.9083923176840322,2.019715940656805,1.919277494618398,0.10043844603840713
S43A14T04,filtered,22,0.7333333333333333,False,True,0.27546759570963736,0.1358235814695279,-1.4517681994484328,-1.3177242806195906,-0.13404391882884226,-0.13462137217010622,0.7737818448558358,-0.908403217025942,2.01974072397668,1.9193646561773745,0.10037606779930552
S43A14T04,filtered,23,0.7666666666666667,False,True,0.275418868633539,0.13576765757636555,-1.451762229690054,-1.3177299825056852,-0.1340322471843689,-0.13460500643181045,0.7738164188262601,-0.9084214252580705,2.0197630474058217,1.9194539279549538,0.10030911945086785
S43A14T04,filtered,24,0.8,False,True,0.2753779541408577,0.13572255984902193,-1.4517640839938608,-1.3177449548255549,-0.13401912916830594,-0.13458325394083923,0.7738630215388933,-0.9084462754797326,2.019780108379694,1.9195361788435799,0.10024392953611416
S43A14T04,filtered,25,0.8333333333333334,False,True,0.2753505592207775,0.13569496804063474,-1.4517749250483751,-1.3177692164859682,-0.1340057085624069,-0.13455749288393337,0.7739187853161782,-0.9084762782001116,2.0197891770730236,1.9196014373550252,0.10018773971799844
S43A14T04,filtered,26,0.8666666666666667,False,True,0.2753419455880727,0.13569086061959812,-1.4517951615143578,-1.3178018014333353,-0.13399336008102258,-0.13452976743923517,0.7739793694218461,-0.9085091368610813,2.019787899501103,1.9196398064995392,0.10014809300156369
S43A14T04,filtered,27,0.9,False,True,0.2753562943055488,0.13571475681176381,-1.4518242734814237,-1.3178406902211006,-0.1339835832603231,-0.1345026859754827,0.7740391659755159,-0.9085418519509987,2.0197746133237158,1.9196425298050928,0.10013208351862302
S43A14T04,filtered,28,0.9333333333333333,False,True,0.2753960743728181,0.13576898215579813,-1.4518607063923832,-1.3178828417573263,-0.1339778646350569,-0.13447924149577054,0.7740916765410142,-0.9085709180367847,2.019748644955074,1.9196031213270077,0.10014552362806639
S43A14T04,filtered,29,0.9666666666666667,False,True,0.2754614823786947,0.13585303981084706,-1.4519018566289081,-1.3179243392687503,-0.13397751736015784,-0.13446255991137449,0.7741300489943657,-0.9085926089057401,2.0197105531122275,1.9195184505345082,0.10019210257771927
S43A14T04,filtered,30,1.0,False,True,0.27555002474009377,0.13596317290166127,-1.4519441662314603,-1.3179606548041114,-0.13398351142734888,-0.1344555903844714,0.774147745410295,-0.9086033357947664,2.0196622835700064,1.919389658787015,0.10027262478299148
S43A14T04,filtered,31,1.0333333333333334,False,True,0.27565631196498164,0.1360921976864491,-1.4519833356513843,-1.317987024736972,-0.13399631091441222,-0.13446076062297097,0.7741392926691015,-0.9086000532920725,2.019607203211613,1.9192227805920103,0.10038442261960268
S43A14T04,filtered,32,1.0666666666666667,False,True,0.27577212469671103,0.1362296723858023,-1.4520146524194295,-1.317998915605285,-0.13401573681414458,-0.1344796277250375,0.7741010502744511,-0.9085806779994886,2.019549988758203,1.9190289521950308,0.10052103656317213
S43A14T04,filtered,33,1.1,False,True,0.2758867934217994,0.13636244206430792,-1.4520334209103742,-1.317992546418755,-0.13404087449161928,-0.13451256097283185,0.7740319166354416,-0.9085444776082734,2.019496356743274,1.9188241135349338,0.10067224320834045
S43A14T04,filtered,34,1.1333333333333333,False,True,0.2759879077770541,0.13647556695872676,-1.4520354650454026,-1.3179654216665662,-0.13407004337883643,-0.13455849591467678,0.77393388790272,-0.9084923838173968,2.0194526358549627,1.9186281471618885,0.10082448869307425
S43A14T04,filtered,35,1.1666666666666667,False,True,0.27606233848066575,0.13655360212154766,-1.452017663111235,-1.31791682016096,-0.13410084295027502,-0.13461479834148768,0.7738123841772473,-0.908427182518735,2.019425199739915,1.9184634478141267,0.10096175192578816
S43A14T04,filtered,36,1.2,False,True,0.2760975173228416,0.13658215326645506,-1.451978463352432,-1.317848180011946,-0.13413028334048605,-0.13467727179564443,0.7736762678275018,-0.9083535396231461,2.019419796360563,1.9183529758325328,0.10106682052803007
S43A14T04,filtered,37,1.2333333333333334,False,True,0.2760828819015478,0.13654959123486932,-1.4519183221025644,-1.3177633207008528,-0.13415500140171166,-0.13474033283968778,0.7735374983010589,-0.9082778311407467,2.0194408272877835,1.9183179117639906,0.10112291552379293
S43A14T04,filtered,38,1.2666666666666666,False,True,0.27601135643289687,0.1364487701586441,-1.4518400043260602,-1.3176684502931761,-0.13417155403288406,-0.134797364685306,0.773410396804455,-0.908207761489761,2.0194906449305536,1.9183750923542588,0.10111555257629479
S43A14T04,filtered,39,1.3,False,True,0.2758807131245507,0.13627856703844254,-1.4517486906165913,-1.317571919665479,-0.13417677095111236,-0.13484124265438258,0.7733105310949937,-0.9081517737493763,2.019568945633934,1.9185344627440546,0.10103448288987926
S43A14T04,filtered,40,1.3333333333333333,False,True,0.2756946452362972,0.13604504773959603,-1.4516518455519656,-1.3174837059215239,-0.13416813963044172,-0.13486500552371894,0.7732532728334401,-0.9081182783571591,2.0196723399445546,1.918796818817022,0.10087552112753273
S43A14T04,filtered,41,1.3666666666666667,False,True,0.27546338699842904,0.1357620702288198,-1.4515588198480174,-1.317414632904764,-0.13414418694325336,-0.13486262675716115,0.7732521239322789,-0.90811475068944,2.0197941766489644,1.9191521304519912,0.10064204619697326
S43A14T04,filtered,42,1.4,False,True,0.2752037390817235,0.13545116284469638,-1.4514801822838552,-1.31737536608507,-0.13410481619878523,-0.13482982097223625,0.7733169497392436,-0.9081467707114799,2.0199246835315936,1.9195787252348604,0.1003459582967332
S43A14T04,filtered,43,1.4333333333333333,False,True,0.2749384009176637,0.13514056432619426,-1.4514268054286843,-1.3173752496153988,-0.13405155581328554,-0.13476480594446683,0.7734522908764301,-0.9082170968208969,2.02005146506807,1.9200435693103253,0.1000078957577446
S43A14T04,filtered,44,1.4666666666666666,False,True,0.27469456985753976,0.13486338183705926,-1.4514087595921454,-1.3174210819712844,-0.13398767762086106,-0.13466893124430962,0.7736559472160063,-0.908324878460316,2.0201603663045886,1.9205038065527935,0.0996565597517951
S43A14T04,filtered,45,1.5,False,True,0.27450183678169654,0.1346549095121221,-1.4514340993224308,-1.3175159499263702,-0.13391814939606062,-0.13454708321815592,0.773918032377746,-0.9084651155959019,2.020236674833473,1.9209096114654605,0.09932706336801234
S43A14T04,filtered,46,1.5333333333333334,False,True,0.2743894820151412,0.13454924686142067,-1.4515076529276476,-1.3176582552775549,-0.13384939765009274,-0.13440778396962752,0.7742206818538622,-0.9086284658234897,2.0202665919177867,1.9212082811600317,0.09905831075775495
S43A14T04,filtered,47,1.5666666666666667,False,True,0.27438334808305204,0.13457545524072367,-1.4516299444662197,-1.3178410716407456,-0.13378887282547414,-0.13426292004547336,0.7745385605222374,-0.9088014805677107,2.0202388631722235,1.92134934703056,0.09888951614166341
S43A14T04,filtered,48,1.6,False,True,0.2745025319208272,0.13475358138316795,-1.4517963861789136,-1.3180519574336182,-0.13374442874529535,-0.134127064520689,0.7748402560322327,-0.9089673205529217,2.0201464231260284,1.9212903401437447,0.09885608298228377
S43A14T04,filtered,49,1.6333333333333333,False,True,0.27475619497317516,0.1350909486306371,-1.4519968746978367,-1.3182733245748264,-0.1337235501230103,-0.1340163928693612,0.7750905658146607,-0.9091069586840219,2.019987881099052,1.9210027111775916,0.09898516992146034
S43A14T04,filtered,50,1.6666666666666667,False,True,0.2751408318820936,0.13557915805945608,-1.4522159047707617,-1.3184834206020042,-0.1337324841687575,-0.13394723602766737,0.7752535922403281,-0.9092008282679954,2.019768662562178,1.9204773024232702,0.09929136013890782
S43A14T04,filtered,51,1.7,False,True,0.27563836234552036,0.13619224350761883,-1.4524332791615204,-1.3186579266288438,-0.13377535253267658,-0.13393435995540903,0.7752964600739627,-0.9092308200293717,2.0195016242996653,1.9197287120737458,0.09977291222591944
S43A14T04,filtered,52,1.7333333333333334,False,True,0.2762154081070002,0.1368863794625823,-1.4526254438580177,-1.318772108348235,-0.13385333550978262,-0.13398910544287312,0.7751933721968809,-0.909182477639754,2.0192069858201425,1.9187978938160224,0.10040909200412007
S43A14T04,filtered,53,1.7666666666666666,False,True,0.27682407640180956,0.13760144547338315,-1.452767416475117,-1.3188033873341043,-0.13396402914101269,-0.13411755996918964,0.7749296343162622,-0.9090471942854518,2.0189114644779877,1.9177524077287855,0.10115905674920223
S43A14T04,filtered,54,1.8,False,True,0.2774044802825408,0.13826460655659556,-1.4528352072273212,-1.318734131794255,-0.13410107543306626,-0.13431896001804192,0.7745052182062011,-0.908824178224243,2.018646566512273,1.9166838860606306,0.10196268045164247
S43A14T04,filtered,55,1.8333333333333333,False,True,0.27788907724533296,0.13879588272822718,-1.4528085620446214,-1.318554407224584,-0.13425415482003733,-0.13458453267518675,0.7739374064396604,-0.9085219391148471,2.018446067241622,1.9157024968570366,0.10274357038458537
S43A14T04,filtered,56,1.8666666666666667,False,True,0.27820870296909406,0.13911546469134106,-1.4526737934525837,-1.3182643859703291,-0.1344094074822546,-0.13489697576972307,0.7732620781818,-0.9081590539515231,2.0183428052089893,1.9149284687386046,0.10341433647038478
S43A14T04,filtered,57,1.9,False,True,0.278299933636114,0.13915230449746963,-1.4524264144722443,-1.3178760979082138,-0.1345503165640305,-0.1352307439602713,0.7725332609016892,-0.9077640048619604,2.0183650092884093,1.9144810621790669,0.10388394710934246
S43A14T04,filtered,58,1.9333333333333333,False,True,0.27811315967634026,0.13885329164614868,-1.452073261633424,-1.3174142183950857,-0.13465904323833833,-0.13555325367180568,0.771820688050425,-0.9073739417222307,2.0185324651597343,1.9144657094147217,0.10406675574501256
S43A14T04,filtered,59,1.9666666666666666,False,True,0.2776205378202225,0.13819214128157387,-1.4516337919013873,-1.3169156381596596,-0.1347181537417277,-0.13582704467210494,0.77120526398132,-0.907032308653425,2.0188528977495888,1.9149603634569838,0.10389253429260492
S43A14T04,filtered,60,2.0,False,True,0.2768228521961343,0.1371769971517769,-1.4511402697321811,-1.3164276438396219,-0.13471262589255928,-0.1360128448788046,0.7707725352441154,-0.90678538012292,2.0193189889122087,1.9160023596596605,0.10331662925254825
S43A14T04,filtered,61,2.033333333333333,False,True,0.2757542981688982,0.13585571107176087,-1.450636626787605,-1.3160046546969784,-0.1346319720906266,-0.13607338470826608,0.77060448700416,-0.906677871712426,2.019906455642608,1.9175772635555077,0.10232919208710012
S43A14T04,filtered,62,2.066666666666667,False,True,0.27448432835852415,0.13431782122600855,-1.4501758769140631,-1.3157036040784718,-0.13447227283559138,-0.13597770702588563,0.770770205086346,-0.9067479121122316,2.0205735766895616,1.9196112223422475,0.10096235434731415
S43A14T04,filtered,63,2.1,False,True,0.2731159667873248,0.1326924246277601,-1.4498160979019659,-1.3155782129429907,-0.13423788495897515,-0.13570562911315032,0.7713161449552097,-0.90702177406836,2.0212624712612532,1.92196822828709,0.09929424297416323
S43A14T04,filtered,64,2.1333333333333333,False,True,0.2717803679392423,0.13114142528398798,-1.4496151404868043,-1.3156725633400155,-0.1339425771467888,-0.13525194516166236,0.7722569042578493,-0.9075088494195117,2.0219023037154606,1.9244534260849913,0.09744887763046939
S43A14T04,filtered,65,2.1666666666666665,False,True,0.27062779935890574,0.12984802817671182,-1.4496243816226966,-1.316014525634185,-0.1336098559885115,-0.1346299221842539,0.7735674817710074,-0.9081974039552614,2.022414418885529,1.9268231539179186,0.09559126496761028
S43A14T04,filtered,66,2.2,False,True,0.2698155618324024,0.12900081655150775,-1.4498819879737233,-1.3166097068361982,-0.1332722811375251,-0.13387364758197437,0.7751780028306845,-0.9090516504126589,2.0227192154590945,1.9288018186494882,0.09391739680960631
S43A14T04,filtered,67,2.2333333333333334,False,True,0.2694935449612512,0.12877426050143548,-1.450406279838783,-1.3174366513448952,-0.13296962849388771,-0.13303883845073866,0.7769717862785079,-0.9100106247292465,2.0227443559623346,1.930105007295353,0.09263934866698165
S43A14T04,filtered,68,2.2666666666666666,False,True,0.2697881311859389,0.1293070123391331,-1.4511898682036701,-1.3184440247634832,-0.13274584344018692,-0.13220182225455587,0.7787874165190628,-0.9109892387736187,2.022433711753878,1.9304674858760178,0.09196622587786019
S43A14T04,filtered,69,2.3,False,True,0.2707851066008493,0.13067979544617403,-1.4521952628271375,-1.3195504355215248,-0.13264482730561267,-0.13145654172241972,0.7804251735629213,-0.911881715285341,2.0217562727897835,1.9296740044897849,0.09208226829999866
S43A14T04,filtered,70,2.3333333333333335,False,True,0.27251231375443663,0.13289503217705922,-1.4533526053864856,-1.3206473931950509,-0.13270521219143472,-0.13090961407269,0.7816577834040768,-0.9125673974767667,2.0207141379447418,1.9275901955928418,0.09312394235189991
S43A14T04,filtered,71,2.3666666666666667,False,True,0.2749231861999959,0.13586052986151897,-1.4545600624520758,-1.3216056696039824,-0.1329543928480934,-0.13067367073796382,0.7822450124734213,-0.9129186832113851,2.019348663411365,1.92419040571122,0.09515825770014485
S43A14T04,filtered,72,2.4,False,True,0.2778830576400466,0.1393795079536062,-1.4556872193172483,-1.3222850303612446,-0.13340218895600375,-0.13085939876035882,0.7819511856287118,-0.9128105843890706,2.017743900389415,1.9195791180792585,0.09816478231015635
S43A14T04,filtered,73,2.433333333333333,False,True,0.28116097530852197,0.14314897518200187,-1.4565815566376723,-1.3225469605124702,-0.13403459612520208,-0.13156687591803612,0.780564307113379,-0.9121311830314152,2.0160266077133935,1.9140027685230943,0.10202383919029923
S43A14T04,filtered,74,2.466666666666667,False,True,0.2844301950951566,0.14676794530704007,-1.4570777852181982,-1.3222696460024785,-0.13480813921571966,-0.13287691453231523,0.7779151608702668,-0.910792075402582,2.014362379313574,1.9078492676207806,0.10651311169279354
S43A14T04,filtered,75,2.5,False,True,0.2872801763154886,0.14975623100075008,-1.457009485980681,-1.3213641267551501,-0.1356453592255309,-0.13484318191224037,0.7738946100060321,-0.9087377919182724,2.0129477681948487,1.9016334231469343,0.11131434504791438
S43A14T04,filtered,76,2.533333333333333,False,True,0.2892416291234347,0.151583621799799,-1.4562221844880416,-1.3197902443578382,-0.13643194013020343,-0.13748583193251052,0.7684673443240806,-0.9059531762565911,2.0119986937486565,1.8959676718344043,0.11603102191425219
S43A14T04,filtered,77,2.566666666666667,False,True,0.28982428026047435,0.15170820490281378,-1.4545867185757448,-1.3175708048294474,-0.1370159137462974,-0.14078725436804992,0.7616805614984662,-0.9024678158665161,2.0117358522125626,1.8915189984265122,0.1202168537860504
S43A14T04,filtered,78,2.6,False,True,0.28856499235533895,0.14962152037776688,-1.4520115701387415,-1.3148022978336202,-0.13720927230512125,-0.14469033004328524,0.7536665094189337,-0.8983568394622189,2.0123682663243665,1.8889545198047926,0.12341374651957393
S43A14T04,filtered,79,2.6333333333333333,False,True,0.2850821072401329,0.14489726438180406,-1.4484527605019386,-1.311660583024016,-0.1367921774779226,-0.14909928815753182,0.7446384332662052,-0.893737721423737,2.014076459501872,1.8888797828131232,0.12519667668874868
S43A14T04,filtered,80,2.6666666666666665,False,True,0.2791305611249147,0.13723948020969812,-1.443919977214908,-1.3084001853260623,-0.13551979188884578,-0.1538829294890561,0.734880198646612,-0.8887631281356682,2.0169969715135707,1.8917751812497152,0.1252217902638555
S43A14T04,filtered,81,2.7,False,False,0.2706513739589537,0.12652571567994197,-1.4384778200974737,-1.305346232845302,-0.13313158725217167,-0.1588796510693987,0.7247306102536397,-0.8836102613230384,2.0212100015188486,1.8979368472774447,0.12327315424140384
S43A14T04,filtered,82,2.7333333333333334,False,True,0.25980831251431385,0.11284056480178917,-1.4322414216209662,-1.3028786071724485,-0.12936281444851772,-0.16390343927503725,0.7145641011461427,-0.8784675404211799,2.026731837903514,1.9074287360145479,0.11930310188896609
S43A14T04,filtered,83,2.7666666666666666,True,False,0.2470035583910082,0.09649540708638815,-1.4253661895197312,-1.3014085245732685,-0.12395766494646265,-0.1687498462627798,0.7047699107075076,-0.8735197569702874,2.033513399035018,1.920052259866631,0.11346113916838707
S43A14T04,filtered,84,2.8,False,False,0.23286290070707358,0.07803102061970701,-1.4180319993691228,-1.3013484833802593,-0.1166835159888635,-0.17320097801030337,0.6957319940451692,-0.8689329720554726,2.0414456763225304,1.9353386698737776,0.10610700644875282
S43A14T04,filtered,85,2.8333333333333335,False,False,0.21817987624683355,0.058201035315396554,-1.41042277947954,-1.3030772430714,-0.10734553640814015,-0.1770287278856442,0.6878116487484178,-0.864840376634062,2.050372180559336,1.9525674495064709,0.09780473105286491
S43A14T04,filtered,86,2.8666666666666667,True,False,0.2038100159749534,0.037935817380001735,-1.402703019154199,-1.3069021821334097,-0.09580083702078923,-0.17999587993425104,0.6813342134898039,-0.861330093424055,2.060107712201126,1.9708114230632279,0.08929628913789811
S43A14T04,filtered,87,2.9,True,False,0.19051693773114908,0.018288192229698907,-1.394993231811589,-1.3130219499174276,-0.08197128189416136,-0.18185523144970658,0.6765802799885856,-0.8584355114382922,2.0704619959886066,1.9890063464577077,0.0814556495308989
S43A14T04,filtered,88,2.933333333333333,False,False,0.17879813855606608,0.0003642403306503006,-1.3873467594483644,-1.3214927196190338,-0.06585403982933058,-0.18234745772677696,0.6737808362263769,-0.8561282939531538,2.081266040784514,2.0060397972187043,0.07522624356580954
S43A14T04,filtered,89,2.966666666666667,True,False,0.16875468676985675,0.014755959768772309,-1.379730467319979,-1.3322015099261972,-0.04752895739378182,-0.18119895454737733,0.6731148378731163,-0.8543137924204937,2.092398602039359,2.0208516085604056,0.07154699347895344
S43A14T04,filtered,90,3.0,False,False,0.16008464524907173,0.026101504666399267,-1.372011813441952,-1.3448499267481266,-0.027161886693825465,-0.1781212389936831,0.6747070916605185,-0.8528283306542015,2.103809910605222,2.0325362678530925,0.07127364275212944
S43A14T04,filtered,91,3.033333333333333,False,False,0.15223948953633673,0.03289088860566958,-1.3639544673771524,-1.3589512505040968,-0.005003216873055605,-0.17281358356184662,0.6786241784029916,-0.8514377619648382,2.115539926951716,2.040436899387755,0.07510302756396081
S43A14T04,filtered,92,3.066666666666667,False,False,0.14470242012012685,0.03460230630844463,-1.3552240952306083,-1.373843040873655,0.01861894564304678,-0.16497035816737343,0.6848665090839792,-0.8498368672513525,2.1277287829920315,2.0442208144240976,0.08350796856793385
S43A14T04,filtered,93,3.1,False,False,0.13729394752858803,0.031027620995102145,-1.3454051427664735,-1.388716355661367,0.04331121289489359,-0.15429406060563045,0.6933554659533121,-0.8476495265589425,2.14061774427017,2.043928121744265,0.09668962252590507
S43A14T04,filtered,94,3.1333333333333333,False,False,0.13041000034953407,0.02230474904732893,-1.3340284809148268,-1.402661324277839,0.06863284336301212,-0.14051427359522686,0.7039158166212287,-0.8444300902164555,2.15453989104694,2.0399873853565014,0.11455250569043862
S43A14T04,filtered,95,3.1666666666666665,False,False,0.12509762543720274,0.00892488681674175,-1.3206086980975515,-1.4147272626249476,0.09411856452739609,-0.12341187901808022,0.7162550181981574,-0.8396668972162377,2.169900685561263,2.0331955110647657,0.13670517449649733
S43A14T04,filtered,96,3.2,False,False,0.12282927674812802,0.008286968167416031,-1.3046887245658059,-1.4239938902462166,0.11930516568041072,-0.1028468995417519,0.7299424211975938,-0.8327893207393456,2.187149564896053,2.0246625845173174,0.16248698037873543
S43A14T04,filtered,97,3.2333333333333334,False,False,0.12486993682043027,0.02821755695856254,-1.2858884631666603,-1.4296486696340829,0.1437602064674226,-0.07878745358630104,0.7443924952596788,-0.8231799488459798,2.2067445792689604,2.0157258876828554,0.19101869158610496
S43A14T04,filtered,98,3.2666666666666666,False,False,0.13148979950451656,0.04953415568534569,-1.2639532915308274,-1.4310640036466924,0.16711071211586503,-0.05133663328707143,0.7588568071170639,-0.8101934404041353,2.229112802151588,2.0078404241253995,0.2212723780261885
S43A14T04,filtered,99,3.3,False,False,0.14166225265017415,0.07077188483738284,-1.2387977995018087,-1.4278671685845459,0.1890693690827372,-0.0207537647078734,0.7724294173493058,-0.7931831820571792,2.2546097082834686,2.0024556758759653,0.25215403240750334
S43A14T04,filtered,100,3.3333333333333335,True,False,0.15347990877106085,0.09043322496288653,-1.2105400230741323,-1.4199955769951769,0.20945555392104453,0.012533427387697804,0.7840695432400029,-0.7715361158523051,2.2834809077957017,2.0008897656935316,0.28259114210217007
S43A14T04,filtered,101,3.3666666666666667,False,False,0.16480445332138488,0.10709236544794876,-1.179521796199108,-1.4077303741133171,0.22820857791420912,0.047928709341033784,0.792643781583197,-0.7447150722421633,2.315829523224251,2.004212572224223,0.31161695100002795
S43A14T04,filtered,102,3.4,False,False,0.173711412092322,0.11949651986574983,-1.146311692599375,-1.3917025508523542,0.24539085825297913,0.08468128225675922,0.7969880277980886,-0.7123067455413294,2.35159211018023,2.01314860767973,0.33844350250050015
S43A14T04,filtered,103,3.433333333333333,False,False,0.1786950476541777,0.12665646278101406,-1.1116883535862505,-1.3728677220110603,0.2611793684248098,0.12191445232564892,0.7959866947957728,-0.6740722424701239,2.3905253848600587,2.028008686393243,0.3625166984668158
S43A14T04,filtered,104,3.466666666666667,False,False,0.17874714962371194,0.1279192831242244,-1.0766037229500551,-1.3524484093796867,0.27584468642963156,0.1586681387984758,0.7886642282596203,-0.6299960894611445,2.4322051865741217,2.0486567538375513,0.38354843273657035
S43A14T04,filtered,105,3.5,False,False,0.17338798199946734,0.12301767354360371,-1.0421277053017308,-1.331845924030703,0.2897182187289722,0.19395270885130175,0.7742815719259355,-0.5803288630746337,2.476038141765322,2.0745149602883735,0.40152318147694865
S43A14T04,filtered,106,3.533333333333333,False,False,0.1626810565284284,0.11209190408546643,-1.0093778412678276,-1.312527484946839,0.3031496436790113,0.2268101468161602,0.7524284874200333,-0.5256183406038731,2.5212854889202103,2.1046064660296384,0.4166790228905719
S43A14T04,filtered,107,3.566666666666667,False,False,0.14724664985236852,0.0956828303669881,-0.979439516433154,-1.2958976562091276,0.3164581397759736,0.25637742278478964,0.7231017583171295,-0.4667243355323399,2.567097556587398,2.1376319066529526,0.42946564993444536
S43A14T04,filtered,108,3.6,False,False,0.12829498920918386,0.0746966709676391,-0.9532837307302456,-1.28316606133948,0.32988233060923433,0.28194629338228355,0.6867595006548521,-0.4048132072725686,2.6125565415870446,2.172072283831013,0.4404842577560317
S43A14T04,filtered,109,3.6333333333333333,True,False,0.10772243164629373,0.0503446121030755,-0.9316902993007588,-1.2752251386321167,0.343534839331358,0.3030137610392472,0.6443431424723467,-0.3413293814330995,2.656724583711815,2.2063086091443824,0.45041597456743254
S43A14T04,filtered,110,3.6666666666666665,False,False,0.08832727802495421,0.02406228796667942,-0.9151843342194501,-1.2725519829632423,0.35736764874379223,0.31931807573841703,0.5972610759707933,-0.2779430002323762,2.6986937327712774,2.238747186411752,0.4599465463595256
S43A14T04,filtered,111,3.7,True,False,0.07398455254092845,0.0025844048522756236,-0.9039928672217501,-1.2751467785279762,0.3711539113062261,0.3308564354037746,0.547331349814909,-0.21647491441113448,2.737634287627205,2.267939143109693,0.46969514451751193
S43A14T04,filtered,112,3.7333333333333334,True,False,0.06851358486831073,0.028000026554800828,-0.8980265557821937,-1.2825169231918836,0.3844903674096899,0.3378822939764092,0.49668475600734985,-0.15880246203094067,2.772838162285208,2.2926837477933804,0.4801544144918277
S43A14T04,filtered,113,3.7666666666666666,False,False,0.07204793867056393,0.05065978931680104,-0.8968887691076601,-1.2937109711023247,0.39682220199466456,0.3408822195606199,0.4476338752206828,-0.1067516556600629,2.803754380295488,2.3121070513205955,0.4916473289748926
S43A14T04,filtered,114,3.8,True,False,0.0801827182690722,0.06920285912371105,-0.8999113229794873,-1.3074006023982911,0.40748927941880386,0.3405343202042023,0.40251761079345305,-0.06198329058925073,2.8300144688076334,2.3257101895060357,0.5043042793015977
S43A14T04,filtered,115,3.8333333333333335,True,False,0.08806171266935205,0.08251346718651309,-0.9062131570485127,-1.322002836255447,0.4157896792069343,0.3376521267843917,0.3635339810287135,-0.025881854244321767,2.85144635039959,2.3333849083528078,0.5180614420467822
S43A14T04,filtered,116,3.8666666666666667,False,True,0.09253055909734155,0.08978575235744501,-0.9147757606572418,-1.335829577569223,0.4210538169119813,0.33311927034571837,0.33257600642432184,0.0005432639213965307,2.8680762341617365,2.3353971160072686,0.5326791181544679
S43A14T04,filtered,117,3.9,False,True,0.09189797086506102,0.09056945062171096,-0.9245275009874223,-1.3472481429474517,0.42272064196002934,0.32782114578061167,0.3110860788629761,0.016735066917635544,2.880118902896997,2.3323421628407557,0.5477767400562414
S43A14T04,filtered,118,3.933333333333333,False,True,0.08544175118950152,0.08479464929648306,-0.9344283847286512,-1.354835168400319,0.42040678367166784,0.32257991875791686,0.29994305474292904,0.022636864014987823,2.887957600861113,2.32507782510781,0.5628797757533031
S43A14T04,filtered,119,3.966666666666667,True,False,0.07312631741070147,0.07277484784916699,-0.9435472083979505,-1.3575073944791112,0.4139601860811607,0.3180986985031162,0.29939350930734543,0.018705189195770744,2.892115380254264,2.31464245234102,0.5774729279132442
S43A14T04,filtered,120,4.0,False,False,0.055458252316371595,0.055188569293370016,-0.9511243788537684,-1.354616007252065,0.40349162839829655,0.31491954356348273,0.309034390927073,0.005885152636409707,2.893220219925482,2.3021663792918234,0.5910538406336587
S43A14T04,filtered,121,4.033333333333333,False,False,0.033447497641926074,0.03304079007597349,-0.9566156558191986,-1.345995933438147,0.38938027761894844,0.31339834556070423,0.32784919019399317,-0.01445084463328894,2.8919664668337575,2.2887845398928413,0.6031819269409162
S43A14T04,filtered,122,4.066666666666666,False,False,0.009752398150077961,0.007606500303700692,-0.9597143685285391,-1.3319670099939802,0.3722526414654411,0.31369775568399166,0.3542942967623371,-0.04059654107834543,2.889075175045289,2.2755573642379217,0.6135178108073673
S43A14T04,filtered,123,4.1,True,False,0.021156944170538816,0.019640289368796804,-0.9603519767659197,-1.3132894861597457,0.35293750939382607,0.315797413948558,0.38642711952831044,-0.07062970557975246,2.8852557546412227,2.263405647228899,0.6218501074123237
S43A14T04,filtered,124,4.133333333333334,False,True,0.04819626711347991,0.04710791593322594,-0.9586789161489759,-1.2910811524059391,0.3324022362569632,0.31951903906501244,0.42206341928417546,-0.10254438021916301,2.881171034274791,2.253063331554371,0.62810770272042
S43A14T04,filtered,125,4.166666666666667,False,True,0.07428406734823041,0.07317402245478877,-0.9550292950092645,-1.2667069733487177,0.31167767833945326,0.32456262668253394,0.4589486465783611,-0.13438601989582716,2.8774074334545197,2.245050236958097,0.6323571964964225
S43A14T04,filtered,126,4.2,False,True,0.09751306430600223,0.09627305316061041,-0.94987408586049,-1.2416541043096965,0.2917800184492064,0.33054921243599655,0.4949271845161609,-0.16437797208016436,2.874451481298932,2.2396648725638144,0.6347866087351175
S43A14T04,filtered,127,4.233333333333333,False,True,0.11641249474085444,0.11497932539783662,-0.9437679496520803,-1.217405516401148,0.2736375667490676,0.3370654326390908,0.5280943065498198,-0.19102887391072904,2.8726734497418356,2.2369957482875096,0.635677701454326
S43A14T04,filtered,128,4.266666666666667,False,True,0.12978063825904845,0.12808113867189141,-0.9372947860385304,-1.1953242951161744,0.258029509077644,0.34370543032622675,0.5569181605360701,-0.21321273020984338,2.8723184242064264,2.23694818274644,0.6353702414599862
S43A14T04,filtered,129,4.3,False,True,0.13672872872756234,0.13464205010302144,-0.9310166082698375,-1.1765583396359829,0.24554173136614543,0.35010641307617263,0.580322770605057,-0.23021635752888436,2.8735047355058043,2.239282577921296,0.6342221575845084
S43A14T04,filtered,130,4.333333333333333,False,True,0.13674265863089924,0.13404627641347466,-0.9254295167200137,-1.1619721017017284,0.23654258498171465,0.3559752338819189,0.5977273833397563,-0.2417521494578374,2.8762293332173017,2.243659542876418,0.6325697903408836
S43A14T04,filtered,131,4.366666666666666,False,True,0.12976160235958042,0.12602610316934215,-0.9209295192723471,-1.152108615052688,0.2311790957803409,0.3611045812428623,0.6090419311139031,-0.24793734987104082,2.8803793928769696,2.2496871071988678,0.6306922856781019
S43A14T04,filtered,132,4.4,False,True,0.11632098283690571,0.11067014895120741,-0.917789841049914,-1.1471817910493196,0.2293919499994056,0.36537857801124585,0.6146224584225947,-0.24924388041134882,2.885749210380803,2.256965540902274,0.6287836694785289
S43A14T04,filtered,133,4.433333333333334,True,False,0.09792072302938229,0.08841232782075426,-0.9161502827176689,-1.1470961226877692,0.23094583997010032,0.36876867060070745,0.6151936816393196,-0.2464250110386122,2.8920612387326474,2.265125934487691,0.6269353042449564
S43A14T04,filtered,134,4.466666666666667,True,False,0.07815294557058536,0.060002372139247084,-0.9160182036185424,-1.1514887718902314,0.235470568271689,0.37132154459690503,0.6117481879133956,-0.24042664331649055,2.898989960055391,2.2738596132574704,0.6251303467979206
S43A14T04,filtered,135,4.5,False,False,0.06560970696841474,0.02645980561578898,-0.91727987637568,-1.159787627339239,0.24250775096355892,0.3731413719717589,0.6054330196567916,-0.23229164768503274,2.906187162259226,2.2829365721333,0.623250590125926
S43A14T04,filtered,136,4.533333333333333,False,False,0.07298728440462368,0.010985747538844848,-0.9197203155722912,-1.1712783244771012,0.25155800890481006,0.3743689599397024,0.5974345525005886,-0.22306559256088626,2.913307116206798,2.292212319122529,0.6210947970842691
S43A14T04,filtered,137,4.566666666666666,True,False,0.10039356494383113,0.05096414544992256,-0.9230492421679968,-1.1851733460646146,0.2621241038966178,0.3751603468610829,0.5888717670996249,-0.21371142023854195,2.9200301433482183,2.3016236979734073,0.618406445374811
S43A14T04,filtered,138,4.6,True,False,0.13812966579797373,0.09203976437630135,-0.9269306148311761,-1.2006770453088529,0.27374643047767677,0.3756671176651541,0.5807064155058178,-0.20503929784066371,2.926083144607653,2.311175312270607,0.614907832337046
S43A14T04,filtered,139,4.633333333333334,True,False,0.17996745101533945,0.13278721404432292,-0.9310131379331754,-1.2170415994187311,0.2860284614855557,0.37602024877946283,0.5736764071394979,-0.19765615836003503,2.931255842279709,2.3209189911981762,0.6103368510815326
S43A14T04,filtered,140,4.666666666666667,False,False,0.22269362635576095,0.17186303772443212,-0.9349593309584503,-1.233610348246724,0.2986510172882737,0.37631870838786485,0.5682562200565869,-0.19193751166872208,2.935411769490276,2.3309292410697915,0.6044825284204847
S43A14T04,filtered,141,4.7,False,False,0.26432608498834664,0.20806920597835843,-0.9384710884304751,-1.2498465459859054,0.3113754575554303,0.37662340167837866,0.5646455103523859,-0.1880221086740072,2.938493412308942,2.341277773959043,0.597215638349899
S43A14T04,filtered,142,4.733333333333333,True,False,0.3034634281099407,0.24040507243000464,-0.9413101308086841,-1.265347111467534,0.32403698065885,0.37695642829454823,0.5627845604709443,-0.18582813217639604,2.9405213382533986,2.3520100011046843,0.5885113371487143
S43A14T04,filtered,143,4.766666666666667,False,False,0.33907540147929827,0.2681055402704937,-0.9433122916736897,-1.2798423768707456,0.33653008519705596,0.3773050680111818,0.5623929658978021,-0.18508789788662028,2.9415875913741423,2.3631258795807764,0.5784617117933659
S43A14T04,filtered,144,4.8,False,False,0.37042976814616996,0.29066432768001405,-0.9443951482606123,-1.2931839973878119,0.34878884912719954,0.3776294769823331,0.5630261689294735,-0.18539669194714042,2.941844055234596,2.3745668011454377,0.5672772540891584
S43A14T04,filtered,145,4.833333333333333,False,False,0.3970596022015803,0.3078422730507522,-0.9445590301610212,-1.3053240141701696,0.36076498400914847,0.37787279298078813,0.5641432299682357,-0.1862704369874476,2.941486842864748,2.3862094274896504,0.5552774153750977
S43A14T04,filtered,146,4.866666666666666,True,False,0.4187397348762915,0.31966148727049615,-0.9438818961474487,-1.3162885122892272,0.3724066161417785,0.37797222954079457,0.5651786552818926,-0.18720642574109803,2.940738039129922,2.3978666173854615,0.5428714217444606
S43A14T04,filtered,147,4.9,False,False,0.435462032880435,0.3263867974833057,-0.9425089278766141,-1.3261493751506706,0.38364044727405644,0.37786978362764856,0.5656111926826135,-0.18774140905496495,2.9398262791240204,2.4092949436857687,0.5305313354382517
S43A14T04,filtered,148,4.933333333333334,True,False,0.4474067792323711,0.3284963418553446,-0.9406379426282749,-1.3349973358032972,0.3943593931750222,0.37752137015671683,0.565023220947594,-0.18750185079087722,2.938967689429931,2.4202078085039034,0.5187598809260274
S43A14T04,filtered,149,4.966666666666667,False,False,0.45491048741471096,0.32664340934757097,-0.9385018786790839,-1.3429189277717737,0.40441704909268983,0.3769034961572026,0.5631455995645357,-0.1862421034073331,2.9383486489681885,2.4302928409210343,0.5080558080471542
S43A14T04,filtered,150,5.0,False,False,0.45843176932755003,0.32161172944406635,-0.9363496690713103,-1.3499791351074175,0.4136294660361072,0.37601695486179,0.5598844764886887,-0.18386752162689868,2.9381116512858374,2.4392320819214968,0.49887956936434064
S43A14T04,filtered,151,5.033333333333333,True,False,0.4585173135016193,0.3142664599456939,-0.9344268101200726,-1.3562106423462548,0.4217838322261822,0.3748874082623379,0.5553284117303106,-0.18044100346797265,2.9383452852504157,2.4467233914860795,0.4916218937643362
S43A14T04,filtered,152,5.066666666666666,False,False,0.4557699105425079,0.30550313809048735,-0.9329568680687212,-1.3616097036487405,0.4286528355800192,0.37356308938927374,0.5497360920991874,-0.17617300270991365,2.93907901613513,2.452501521014656,0.486577495120474
S43A14T04,filtered,153,5.1,False,False,0.45081987732982526,0.29619687307954834,-0.9321250650182099,-1.3661378912627453,0.4340128262445354,0.37211015283382787,0.5435067186956184,-0.17139656586179053,2.940283068067066,2.456357361555716,0.48392570651135003
S43A14T04,filtered,154,5.133333333333334,False,False,0.44430024561704,0.28715406786829223,-0.9320649510874488,-1.3697284294540424,0.4376634783665936,0.37060640517349003,0.5371366900234205,-0.16653028484993043,2.941873308774842,2.4581540011742016,0.4837193076006403
S43A14T04,filtered,155,5.166666666666667,False,False,0.43682485136387933,0.27906894816125627,-0.9328490037526573,-1.3722955215784935,0.4394465178258362,0.3691342417421078,0.531167351629173,-0.16203310988706515,2.9437206470383934,2.4578384107745537,0.48588223626383975
S43A14T04,filtered,156,5.2,False,False,0.428967309770507,0.27248711471176024,-0.9344837916858644,-1.373745046395686,0.4392612547098216,0.36777360342992477,0.5261292442738683,-0.15835564084394355,2.9456641003285653,2.4554478373582334,0.49021626297033194
S43A14T04,filtered,157,5.233333333333333,False,False,0.4212382797253615,0.2677781768763645,-0.9369100913522758,-1.373985206719576,0.43707511536730015,0.3665956608327933,0.5224884054161867,-0.15589274458339336,2.9475264004093624,2.4511103217028105,0.4964160787065519
S43A14T04,filtered,158,5.266666666666667,False,False,0.4140589623088201,0.26511922210131633,-0.9400080456917598,-1.3729360972277587,0.4329280515359989,0.3656577564788066,0.5205998603309936,-0.15494210385218699,2.949130799482031,2.4450391653669907,0.5040916341150403
S43A14T04,filtered,159,5.3,False,False,0.4077307799948573,0.2644903879251008,-0.9436071100021215,-1.3705376353688181,0.4269305253666966,0.3649999178711064,0.5206725292134073,-0.15567261134230093,2.950317634890871,2.4375216244072915,0.5127960104835796
S43A14T04,filtered,160,5.333333333333333,False,False,0.4024043814089541,0.265683114993263,-0.9475001581662413,-1.3667557795817507,0.4192556214155093,0.3646430253972007,0.5227484767082082,-0.1581054513110075,2.9509592169398076,2.4289025631743417,0.5220566537654658
S43A14T04,filtered,161,5.366666666666666,False,False,0.39805437908632535,0.26832079169466794,-0.9514607532471071,-1.361587358504213,0.410126605257106,0.3645885091972838,0.5266978847414442,-0.16210937554416038,2.9509717261698833,2.419564210939644,0.5314075152302395
S43A14T04,filtered,162,5.4,False,False,0.3944678219493,0.27189051172779344,-0.9552622601621047,-1.3550640853030618,0.3998018251409571,0.36481928301045974,0.532229507191484,-0.16741022418102425,2.950323040349716,2.4099034780781845,0.5404195622715315
S43A14T04,filtered,163,5.433333333333334,False,False,0.3912529603954202,0.2757836484937024,-0.9586972374751958,-1.347256386984469,0.38855914950927317,0.3653015190076531,0.538914837101588,-0.17361331809393493,2.9490357457353684,2.40030846972292,0.5487272760124484
S43A14T04,filtered,164,5.466666666666667,False,False,0.38787048254984063,0.2793420269375908,-0.9615954290346949,-1.3382775224032746,0.3766820933685797,0.36598683508540164,0.5462229383736679,-0.18023610328826623,2.9471850010951544,2.3911358638734885,0.5560491372216658
S43A14T04,filtered,165,5.5,False,False,0.3836838681731266,0.2819057859419334,-0.963838712725576,-1.3282881124118568,0.3644493996862809,0.36681450516552905,0.5535619894144402,-0.1867474842489112,2.944891387196528,2.382690698964054,0.5622006882324739
S43A14T04,filtered,166,5.533333333333333,True,False,0.3780211819181315,0.28285871501280613,-0.9653715664395344,-1.317500717817718,0.3521291513781837,0.3677134050808415,0.5603231434587603,-0.19260973837791884,2.9423093522086474,2.3752098638636103,0.5670994883450371
S43A14T04,filtered,167,5.566666666666666,True,False,0.3702389486096466,0.2816670303726383,-0.9662059753620563,-1.3061835689363863,0.33997759357433,0.368603555209587,0.5659223707602669,-0.19731881555067987,2.9396123124343423,2.368850239348673,0.5707620730856693
S43A14T04,filtered,168,5.6,False,False,0.3597796361962926,0.2779082741764016,-0.9664202042048133,-1.2946620927669992,0.32824188856218584,0.36939729323144727,0.5698364988528793,-0.20043920562143208,2.936975842149323,2.3636820535841245,0.5732937885651985
S43A14T04,filtered,169,5.633333333333334,True,False,0.3462166667128608,0.2712882294963661,-0.9661514474079207,-1.283316621649328,0.3171651742414072,0.3700002786821471,0.5716306372955319,-0.2016303586133848,2.934560640319798,2.359687635726994,0.5748730045928041
S43A14T04,filtered,170,5.666666666666667,True,False,0.3292836815161833,0.26164529755259003,-0.9655829875523005,-1.2725746985688087,0.30699171101650813,0.37031266621682274,0.5709754360664496,-0.2006627698496269,2.932497055389563,2.3567654217454113,0.5757316336441516
S43A14T04,filtered,171,5.7,False,False,0.30888736360767227,0.2489434588459858,-0.9649270658259352,-1.2628967691221633,0.2979697032962281,0.37023085993229754,0.5676540127759171,-0.19742315284361955,2.9308728548248557,2.354738805724154,0.5761340491007019
S43A14T04,filtered,172,5.733333333333333,True,False,0.2851052825855498,0.2332564733999858,-0.9644051270698839,-1.2547547563117643,0.29034962924188035,0.3696502569657148,0.5615597013877458,-0.191909444422031,2.9297256363087913,2.3533692366978425,0.5763563996109489
S43A14T04,filtered,173,5.766666666666667,True,False,0.2581720368648124,0.21474711076356412,-0.9642273850027596,-1.248603975959871,0.28437659095711143,0.36846929595085887,0.5526868352496765,-0.18421753929881768,2.9290408095581055,2.352372815919825,0.5766679936382806
S43A14T04,filtered,174,5.8,False,False,0.22845860267051715,0.19364573192619905,-0.9645737204280737,-1.2448499391255377,0.280276218697464,0.3665949491596471,0.541117422067112,-0.17452247290746492,2.928755473944625,2.3514395254736424,0.5773159484709827
S43A14T04,filtered,175,5.833333333333333,False,False,0.1964517098403248,0.1702323546560427,-0.9655777642374241,-1.2438126423170588,0.27823487807963465,0.36394955456952177,0.527006699908019,-0.1630571453384972,2.9287678412866542,2.350254094753579,0.5785137465330754
S43A14T04,filtered,176,5.866666666666666,True,False,0.16274382157118075,0.1448254168838765,-0.9673156470711931,-1.2456917978672322,0.27837615079603906,0.36047860642440593,0.510570166701148,-0.15009156027674203,2.9289511840890174,2.3485173816680014,0.580433802421016
S43A14T04,filtered,177,5.9,False,False,0.1280563037178602,0.11777893100018333,-0.969800367833967,-1.2505369555680086,0.28073658773404164,0.35615884989032454,0.4920738300780282,-0.13591498018770365,2.9291707117511074,2.3459670271447166,0.5832036846063908
S43A14T04,filtered,178,5.933333333333334,False,False,0.09336978517743295,0.08948783335326249,-0.9729821157845396,-1.2582265041818044,0.28524438839726474,0.3510058008717271,0.47182829323161224,-0.12082249235988513,2.9293013703134547,2.3423960688779877,0.586905301435467
S43A14T04,filtered,179,5.966666666666667,True,False,0.06052344953347748,0.060399400469766995,-0.976754257965661,-1.2684590676355332,0.2917048096698722,0.3450796774477191,0.4501860944163927,-0.10510641696867357,2.9292443875913063,2.3376682124314887,0.5915761751598176
S43A14T04,filtered,180,6.0,False,False,0.035657999208153615,0.031026980867747467,-0.9809641537649648,-1.280759842142472,0.29979568837750714,0.33848871768055655,0.4275406856433541,-0.08905196796279757,2.928940479371588,2.331728582808794,0.5972118965627939
S43A14T04,filtered,181,6.033333333333333,False,False,0.037323828212539926,0.001961298873135675,-0.9854275431867171,-1.2945030401959625,0.3090754970092454,0.3313889886073923,0.404324773789118,-0.07293578518172572,2.9283779926030915,2.3246090223937,0.6037689702093916
S43A14T04,filtered,182,6.066666666666666,True,False,0.060765013911132114,0.026125556253131954,-0.9899450115229266,-1.3089499556835873,0.3190049441606607,0.32398006364595683,0.38100559209965645,-0.057025528453699625,2.9275948501458666,2.316427342078012,0.6111675080678545
S43A14T04,filtered,183,6.1,False,False,0.08753424276463058,0.052487569844002824,-0.9943189686604677,-1.3233004218989493,0.3289814532384816,0.31649634074100785,0.35807506723925187,-0.04157872649824401,2.926673908539096,2.307380336058395,0.6192935724807009
S43A14T04,filtered,184,6.133333333333334,False,False,0.11248745531277946,0.07632620161739023,-0.9983696779895884,-1.336753799482754,0.33838412149316566,0.3091942522616729,0.33603374043627554,-0.026839488174602633,2.925732152849607,2.297730799747166,0.6280013531024413
S43A14T04,filtered,185,6.166666666666667,False,False,0.133885123883669,0.09682614201908701,-1.0019490899899774,-1.3485742976494874,0.34662520765951,0.30233612543614424,0.31536854224921507,-0.013032416813070824,2.924904928199499,2.2877892152456196,0.6371157129538796
S43A14T04,filtered,186,6.2,True,False,0.15072437200858807,0.1132034817383849,-1.0049515320806155,-1.3581545688437933,0.35320303676317777,0.2961719255172574,0.29652589331240914,-0.0003539677951517328,2.9243270459326185,2.2778911707463223,0.6464358751862962
S43A14T04,filtered,187,6.233333333333333,False,False,0.16230169531019517,0.12476217521511579,-1.0073206343944154,-1.3650712564959773,0.35775062210156183,0.29092048807192145,0.2798828611746954,0.011037626897226038,2.92411301880527,2.2683719445982695,0.6557410742070005
S43A14T04,filtered,188,6.266666666666667,True,False,0.16814536742311312,0.13095299452271347,-1.0090521970264756,-1.3691266013315473,0.36007440430507165,0.2867520633726584,0.26572000726902406,0.021032056103634345,2.924338816480069,2.25953999396031,0.6647988225197592
S43A14T04,filtered,189,6.3,False,False,0.16802945921324222,0.13142822718741143,-1.0101930090863505,-1.370371342904777,0.36017833381842657,0.2837740107266765,0.2541999160816659,0.029574094645010596,2.9250273691179314,2.251651316417618,0.6733760527003132
S43A14T04,filtered,190,6.333333333333333,False,False,0.16200638178072332,0.1260853245554998,-1.0108359071412083,-1.3691059251022981,0.3582700179610898,0.2820212717197253,0.24535509973923175,0.036666171980493545,2.926139603944951,2.2448867682291893,0.6812528357157617
S43A14T04,filtered,191,6.366666666666666,True,False,0.15044074819024542,0.11509360147854908,-1.0111116094926766,-1.3658592640999554,0.35474765460727875,0.2814528257371857,0.23908801146330533,0.04236481427388039,2.9275721382313673,2.2393343918754507,0.6882377463559166
S43A14T04,filtered,192,6.4,True,False,0.13404628761445933,0.09889984708280952,-1.0111780796374863,-1.3613468042911112,0.3501687246536249,0.2819547284014001,0.23518439423857435,0.04677033416282578,2.9291619636279274,2.2349786019392317,0.6941833616886957
S43A14T04,filtered,193,6.433333333333334,False,False,0.11395185022418057,0.07821112562534549,-1.0112083455024188,-1.3564119411865025,0.34520359568408376,0.283349624384168,0.2333393569724166,0.05001026741175141,2.9306976479460816,2.2316976879491808,0.6989999599969008
S43A14T04,filtered,194,6.466666666666667,True,False,0.09188290709524101,0.05395580146149426,-1.0113778106961038,-1.3519567817357507,0.34057897103964696,0.28541190349030454,0.23319370236427145,0.05221820112603309,2.9319358555006176,2.2292705169272056,0.7026653385734121
S43A14T04,filtered,195,6.5,False,False,0.0707113909542204,0.02722650206193933,-1.0118521175526898,-1.348869345459326,0.33701722790663613,0.28788703346274985,0.2343764416147019,0.05351059184804796,2.9326214321130437,2.2273925776085948,0.7052288545044489
S43A14T04,filtered,196,6.533333333333333,False,False,0.055763555471456776,0.0007890946104003316,-1.012776542834384,-1.3479545072391126,0.3351779644047286,0.2905131440766051,0.23654839394777,0.053964750128835115,2.932508972878148,2.2257006487176194,0.7068083241605287
S43A14T04,filtered,197,6.566666666666666,True,False,0.0543333867200171,0.028882459810728678,-1.0142677238209195,-1.3498752303257957,0.33560750650487625,0.29304271600557646,0.23944146344582398,0.05360125255975248,2.9313837132201828,2.2238044717101664,0.7075792415100164
S43A14T04,filtered,198,6.6,True,False,0.06655699331815526,0.05589598136210161,-1.0164082422324123,-1.3551090877615328,0.3387008455291205,0.2952622669021585,0.24288866507580265,0.052373601826355864,2.9290797470197107,2.221322967820016,0.7077567791996948
S43A14T04,filtered,199,6.633333333333334,False,False,0.08490036099620968,0.0807857075917695,-1.0192442704868347,-1.3639230018648885,0.3446787313780537,0.2970082079357017,0.24684115655437677,0.050167051381324934,2.9254939419132664,2.217921877046187,0.7075720648670796
S43A14T04,filtered,200,6.666666666666667,False,False,0.10389919361109572,0.10267015097711352,-1.0227861542220777,-1.3763668877644437,0.35358073354236597,0.29817751538510373,0.25137023121574387,0.046807284169359864,2.9205944331343168,2.213349321389297,0.7072451117450198
S43A14T04,filtered,201,6.7,True,False,0.12099015577587752,0.12086240387992708,-1.0270115127944703,-1.3922848032032635,0.3652732904087932,0.29873245202951476,0.25665417479808106,0.0420782772314337,2.914423164706477,2.207465784378292,0.706957380328185
S43A14T04,filtered,202,6.733333333333333,False,False,0.1349795719636284,0.13488507968333519,-1.0318702233466033,-1.411340550756539,0.3794703274099358,0.29869920352466484,0.2629517965469646,0.035747406977700236,2.9070925410343724,2.2002653852855705,0.706827155748802
S43A14T04,filtered,203,6.766666666666667,False,False,0.14534060823878464,0.14446956971003333,-1.0372905371398984,-1.4330536143621968,0.3957630772222984,0.2981608922083875,0.2705660452282285,0.02759484698015896,2.89877679147251,2.191886085648772,0.7068907058237381
S43A14T04,filtered,204,6.8,True,False,0.15194139007745835,0.14954251988105827,-1.0431855649644415,-1.4568408894540785,0.41365532448963704,0.297245934748271,0.2798022092981779,0.017443725450093095,2.8896990873320854,2.18260751870852,0.7070915686235653
S43A14T04,filtered,205,6.833333333333333,False,False,0.1549164090065814,0.15020314618679254,-1.049459450894787,-1.4820598327055565,0.43260038181076954,0.29611307880293053,0.2909256635161123,0.005187415286818209,2.88011575314292,2.172836354578732,0.7072793985641881
S43A14T04,filtered,206,6.866666666666666,False,False,0.15458468119184338,0.1466950502555977,-1.056012707064494,-1.5080492870654223,0.4520365800009283,0.29493466524849304,0.3041239477843734,-0.009189282535880361,2.8702990662762553,2.1630803547096633,0.707218711566592
S43A14T04,filtered,207,6.9,False,False,0.15138460951097413,0.13937572505096973,-1.0627463759298412,-1.5341651641467853,0.47141878821694405,0.2938797130668118,0.31947722550008745,-0.025597512433275627,2.8605201409982746,2.1539133766971084,0.7066067643011662
S43A14T04,filtered,208,6.933333333333334,False,False,0.14581780579942227,0.12868618687721822,-1.0695648890038687,-1.559809215063294,0.49024432605942536,0.2930983259272189,0.3369400132585606,-0.043841687331341694,2.851033258103966,2.145934436469683,0.7050988216342828
S43A14T04,filtered,209,6.966666666666667,False,False,0.13840273424770783,0.11512236165975187,-1.0763776747642353,-1.5844501362206225,0.5080724614563872,0.2927086965528576,0.3563356818317501,-0.06362698527889249,2.8420627544967525,2.1397244331209535,0.702338321375799
S43A14T04,filtered,210,7.0,False,False,0.12964297484899281,0.09920915912196548,-1.083099713755948,-1.6076371179204163,0.5245374041644684,0.29278766812695706,0.3773637838598092,-0.08457611573285212,2.8337932620347157,2.135804256993726,0.6979890050409896
S43A14T04,filtered,211,7.033333333333333,False,False,0.12001663075744166,0.08147767261312122,-1.0896513357800341,-1.6290065771549578,0.5393552413749236,0.2933654360486985,0.3996189295344903,-0.10625349348579177,2.8263637198023046,2.1345977492140698,0.6917659705882349
S43A14T04,filtered,212,7.066666666666666,False,False,0.10999329152058307,0.06244565445712302,-1.0959576017079018,-1.6482831982108939,0.5523255965029921,0.2944245744658872,0.4226188363296428,-0.1281942618637556,2.819865216749018,2.136402417406498,0.6834627993425197
S43A14T04,filtered,213,7.1,True,False,0.10008240555863239,0.042601296993922455,-1.1019476173889828,-1.665276558069126,0.5633289406801432,0.2959031858198636,0.4458384125690238,-0.1499352267491602,2.81434238610508,2.1413700220750753,0.6729723640300045
S43A14T04,filtered,214,7.133333333333334,False,False,0.09090904101289546,0.02239033585893635,-1.1075540998405318,-1.6798745933520467,0.5723204935115149,0.2977016310309316,0.4687463478177605,-0.17104471678682887,2.809797795624801,2.149498226946333,0.6602995686784676
S43A14T04,filtered,215,7.166666666666667,False,False,0.08329044510879502,0.002206519775412641,-1.1127134670938066,-1.6920350405075573,0.5793215734137507,0.2996920303996555,0.4908406856141829,-0.19114865521452745,2.8061985765071946,2.1606335475922247,0.6455650289149699
S43A14T04,filtered,216,7.2,False,False,0.07823449816061492,0.017614495019051102,-1.1173666601995453,-1.701775813347186,0.5844091531476407,0.301729550085335,0.5116802150635609,-0.2099506649782259,2.8034844184511765,2.1744849173059935,0.628999501145183
S43A14T04,filtered,217,7.233333333333333,False,False,0.07672712429043758,0.03679780613691741,-1.1214608317192556,-1.7091651139920252,0.5877042822727696,0.30366441522366383,0.5309091699390225,-0.22724475471535865,2.8015760309388495,2.1906463841655253,0.6109296467733243
S43A14T04,filtered,218,7.266666666666667,False,False,0.07929224266292777,0.05512857116853431,-1.1249519485428054,-1.7143119226415036,0.5893599740986981,0.30535361659648647,0.5482735733124078,-0.24291995671592131,2.800383227336947,2.208626811123289,0.5917564162136579
S43A14T04,filtered,219,7.3,False,False,0.08566907116925271,0.07244822178352495,-1.1278082562124117,-1.717357377265211,0.5895491210527994,0.3066713915662337,0.5636285058233865,-0.25695711425715284,2.7998119191083712,2.227884011493186,0.5719279076151853
S43A14T04,filtered,220,7.333333333333333,True,False,0.09496680399461493,0.08864806534783409,-1.1300144376175296,-1.7184674253706413,0.5884529877531117,0.3075177422313118,0.5769365013811498,-0.26941875914983804,2.7997694978755354,2.2478605415958195,0.5519089562797159
S43A14T04,filtered,221,7.366666666666666,False,False,0.10609054341202774,0.1036609751243669,-1.1315761760316652,-1.7178269938983082,0.586250817866643,0.30782448011079,0.5882580933142622,-0.28043361320347215,2.800168314513083,2.268018401208569,0.5321499133045138
S43A14T04,filtered,222,7.4,False,False,0.11804367143460336,0.11745205459660135,-1.132524711332683,-1.7156357711304357,0.5831110597977527,0.30755853144746786,0.5977361758031456,-0.2901776443556778,2.800927214319192,2.28787015306989,0.513057061249302
S43A14T04,filtered,223,7.433333333333334,False,False,0.130028753679368,0.13000926936885193,-1.1329208740550492,-1.7121055235899847,0.5791846495349355,0.30672247692133864,0.6055762647542924,-0.29885378783295374,2.8019713302790086,2.307004436671129,0.4949668936078795
S43A14T04,filtered,224,7.466666666666667,False,False,0.14144775711897634,0.14133504152625864,-1.1328580132439783,-1.707458686174742,0.5746006729307638,0.3053525156102629,0.6120249214152049,-0.30667240580494204,2.80323054628492,2.325104469902755,0.4781260763821651
S43A14T04,filtered,225,7.5,False,False,0.1518778017163569,0.15143968094712523,-1.132463220230022,-1.7019277782654978,0.5694645580354758,0.3035142229838453,0.6173485490514605,-0.31383432606761524,2.804637194770919,2.341958838089811,0.4626783566811081
S43A14T04,filtered,226,7.533333333333333,False,False,0.16104900557422372,0.16033728827112914,-1.1318963075492328,-1.695755032770529,0.5638587252212963,0.30129660976089057,0.621814517185126,-0.32051790742423547,2.8061236298854997,2.3574645857045042,0.44865904418099545
S43A14T04,filtered,227,7.566666666666666,False,False,0.16882854766566704,0.1680444264278529,-1.131346138903139,-1.6891915049555277,0.5578453660523888,0.2988050797211572,0.6256761532957587,-0.32687107357460143,2.8076203079860154,2.371623272056535,0.43599703592948025
S43A14T04,filtered,228,7.6,False,False,0.17520923864299334,0.17458146104036487,-1.1310241198659223,-1.6824948816183352,0.5514707617524128,0.2961539291229257,0.6291626205914811,-0.3330086914685554,2.809054912423727,2.384531158144039,0.4245237542796878
S43A14T04,filtered,229,7.633333333333334,True,False,0.18030025902069335,0.17997606762396612,-1.1311549349200711,-1.6759252646462102,0.544770329726139,0.2934590278566696,0.6324741266659073,-0.3390150988092377,2.810352890950934,2.3963650065558113,0.4139878843951226
S43A14T04,filtered,230,7.666666666666667,False,False,0.1843177017846425,0.18426805475649122,-1.1319649271949355,-1.6697383741688308,0.5377734469738953,0.29083127261360064,0.6357823335084078,-0.3449510608948072,2.8114395531775505,2.407365076006886,0.40407447717066436
S43A14T04,filtered,231,7.7,False,False,0.18757192635770084,0.1875144133976827,-1.1336688265619814,-1.6641759087134247,0.5305070821514433,0.28837130586593007,0.6392353111093034,-0.35086400524337336,2.8122436311192267,2.417816784471734,0.3944268466474927
S43A14T04,filtered,232,7.733333333333333,False,False,0.19044762073105756,0.18979341573431396,-1.1364557983335781,-1.6594531959597574,0.5229973976261793,0.28616585477663414,0.6429659338813889,-0.35680007910475475,2.8127019703799148,2.4280322394112526,0.3846697309686622
S43A14T04,filtered,233,7.766666666666667,False,False,0.1933717884525561,0.19120667321315965,-1.1404759686073918,-1.6557447279601203,0.5152687593527285,0.2842858694289374,0.6471022907096124,-0.36281642128067504,2.8127648248228176,2.438332457057468,0.3744323677653498
S43A14T04,filtered,234,7.8,False,False,0.1967661269588534,0.1918783185424564,-1.1458286506509001,-1.6531686388946347,0.5073399882437346,0.28278644396685143,0.6517784841450515,-0.36899204017820003,2.812401101081289,2.4490306996790214,0.3633704014022676
S43A14T04,filtered,235,7.833333333333333,False,False,0.20098482757747071,0.19195087185769988,-1.1525534306379515,-1.6517715798935617,0.49921814925561026,0.28170830665709995,0.6571441405465757,-0.3754358338894757,2.811602859673907,2.4604170378313155,0.3511858218425914
S43A14T04,filtered,236,7.866666666666666,False,False,0.20624635466158991,0.1915778379160824,-1.1606250699720586,-1.651515704053889,0.4908906340818304,0.28108048796974927,0.663371042551479,-0.3822905545817298,2.810388433215878,2.472744066278338,0.33764436693753996
S43A14T04,filtered,237,7.9,False,False,0.2125747365899071,0.19091359459847745,-1.1699528650917546,-1.652269540840548,0.48231667574879333,0.2809236420099838,0.6706555270168435,-0.3897318850068597,2.808803661268134,2.486213707170002,0.3225899540981323
S43A14T04,filtered,238,7.933333333333334,True,False,0.2197670392529076,0.1901015992900199,-1.1803847117457744,-1.653804384212231,0.47341967246645655,0.28125342522069974,0.6792156630758603,-0.3979622378551606,2.806920944345933,2.5009652173525527,0.30595572699338014
S43A14T04,filtered,239,7.966666666666667,True,False,0.22739672784054893,0.18926228436745207,-1.1917156982620116,-1.6557974466358194,0.4640817483738078,0.28208334015750064,0.6892827290690617,-0.4071993889115611,2.804836056226034,2.517064828351093,0.2877712278749409
S43A14T04,filtered,240,8.0,False,False,0.23485158186509003,0.18848217368400677,-1.2037006521902056,-1.6578424774816156,0.45414182529141,0.28342653545519864,0.7010871241383074,-0.4176605886831088,2.802662891341949,2.5344978031129006,0.2681650882290483
S43A14T04,filtered,241,8.033333333333333,False,False,0.24139673820462032,0.18780569367782562,-1.2160697300714383,-1.6594678721262142,0.4433981420547759,0.28529620920664206,0.7148395387583418,-0.42954332955169977,2.800526534008777,2.5531639928108083,0.24736254119796852
S43A14T04,filtered,242,8.066666666666666,False,False,0.24625189079983006,0.18723088008958233,-1.2285458997571321,-1.6601615872130506,0.4316156874559185,0.2877044735206851,0.7307088996547091,-0.44300442613402397,2.798555197349631,2.5728781247843635,0.2256770725652677
S43A14T04,filtered,243,8.1,True,False,0.24867488641957233,0.18670974018785302,-1.2408630309661581,-1.6594015101517243,0.4185384791855662,0.2906597742458299,0.7487992052444282,-0.45813943099859833,2.796871679480896,2.593375977301516,0.20349570217937973
S43A14T04,filtered,244,8.133333333333333,True,False,0.2480481086057384,0.18615349652764368,-1.2527832810220323,-1.6566893769787887,0.4039060959567564,0.29416318688908577,0.7691277746272305,-0.4749645877381447,2.7955850177647363,2.6143272631210737,0.18125775464366267
S43A14T04,filtered,245,8.166666666666666,True,False,0.2439667551609129,0.185442395147011,-1.2641125287207577,-1.651585939037913,0.3874734103171553,0.2982040938325433,0.7916075568468137,-0.4934034630142704,2.794782990273958,2.6353554611405663,0.15942752913339175
S43A14T04,filtered,246,8.2,True,False,0.23632901908438722,0.18443927735312537,-1.2747127565510958,-1.643744866152618,0.3690321096015221,0.30275586400304116,0.8160359384912623,-0.5132800744882211,2.794526024407227,2.656064059353981,0.13846196505324615
S43A14T04,filtered,247,8.233333333333333,False,False,0.22542751358261698,0.18300573040356594,-1.2845104966979066,-1.6329428413035671,0.3484323446056605,0.30777219276283413,0.8420919553538457,-0.5343197625910117,2.7948429384583826,2.676067799173024,0.11877513928535866
S43A14T04,filtered,248,8.266666666666667,False,False,0.2120376997320227,0.1810193629096759,-1.2935007269466225,-1.619103437770236,0.3256027108236135,0.31318471902014955,0.8693430244423954,-0.5561583054222459,2.7957287793127286,2.6950266635528646,0.10070211575986399
S43A14T04,filtered,249,8.3,False,False,0.19748640910157123,0.17839059752420172,-1.3017459155976214,-1.602312662741924,0.30056674714430254,0.31890242944504926,0.8972613735411408,-0.5783589440960915,2.797144846092586,2.712679657871724,0.08446518822086224
S43A14T04,filtered,250,8.333333333333334,False,False,0.1836473375264201,0.17507734023832922,-1.3093702535023748,-1.5828244953028787,0.2734542418005039,0.32481320050505463,0.925249379035967,-0.6004361785309125,2.7990208219278228,2.72887500631936,0.07014581560846267
S43A14T04,filtered,251,8.366666666666667,False,False,0.1727394928410023,0.17109598424447814,-1.3165494554966666,-1.561055337621348,0.2445058821246815,0.3307876315366937,0.9526721417398649,-0.6218845102031711,2.8012587872507715,2.7435933090589524,0.05766547819181911
S43A14T04,filtered,252,8.4,False,False,0.1667653458137764,0.1665274513985937,-1.3234968379977976,-1.5375670254876526,0.21407018748985496,0.33668509871308305,0.9788949229949484,-0.6422098242818653,2.8037387672328156,2.7569605170628884,0.046778250169927205
S43A14T04,filtered,253,8.433333333333334,False,False,0.1666517066146004,0.16151737064498484,-1.3304466580571606,-1.513038879986299,0.1825922219291385,0.3423617233380297,1.0033225862162438,-0.6609608628782141,2.8063253783014996,2.769248278362472,0.03707709993902775
S43A14T04,filtered,254,8.466666666666667,False,False,0.1716782381175004,0.1562700229590348,-1.3376359075063455,-1.488230174075802,0.1505942665694564,0.34767971375517154,1.025437968892378,-0.6777582551372066,2.8088750857980274,2.780860243724876,0.028014842073151414
S43A14T04,filtered,255,8.5,False,False,0.17977858724218773,0.15103630107300048,-1.345285875322415,-1.4639352614268346,0.11864938610441955,0.3525173278541334,1.0448361487502624,-0.6923188208961291,2.811243566205646,2.792304203904532,0.018939362301114038
S43A14T04,filtered,256,8.533333333333333,False,False,0.18842568542108507,0.14609657032688528,-1.3535848112503224,-1.440934381125715,0.08734956987539255,0.35677853650868113,1.0612518498815162,-0.7044733133728351,2.813292681648958,2.804151345416184,0.009141336232773689
S43A14T04,filtered,257,8.566666666666666,True,False,0.19538798953619502,0.14173989410029786,-1.3626729423821498,-1.4199437209396204,0.05727077855747065,0.3604013733968663,1.0745777332550421,-0.7141763598581758,2.8148966202711603,2.8169853180393325,-0.0020886977681722207
S43A14T04,filtered,258,8.6,True,False,0.19909629900325185,0.13824152762455766,-1.372630919065154,-1.4015686170436745,0.028937697978520527,0.3633639576292272,1.0848719940967135,-0.7215080364674864,2.8159468320396357,2.8313450585047546,-0.015398226465118903
S43A14T04,filtered,259,8.633333333333333,False,False,0.19875093965269203,0.1358408289925297,-1.3834725123803768,-1.386263737615655,0.002791225235278194,0.365687288735188,1.0923544952202735,-0.7266672064850854,2.8163554919658838,2.8476662693554364,-0.03131077738955268
S43A14T04,filtered,260,8.666666666666666,False,False,0.1943254502009812,0.13472175145453824,-1.3951420736693028,-1.3743037216753566,-0.020838351993946125,0.36743414205583674,1.0973915327854316,-0.7299573907295949,2.816057344605507,2.8662269849829762,-0.05016964037746918
S43A14T04,filtered,261,8.7,False,False,0.18653742668615164,0.13499785860569036,-1.4075169214373129,-1.3657670361785652,-0.04174988525874768,0.36870372442664584,1.1004701791821838,-0.731766454755538,2.815009914417089,2.8871026743007535,-0.07209275988366448
S43A14T04,filtered,262,8.733333333333333,False,False,0.17679120947257743,0.13670336270654815,-1.420414466591955,-1.3605348160271324,-0.05987965056482247,0.3696221596746268,1.1021638998255994,-0.7325417401509726,2.8131921938844915,2.9101357845059463,-0.09694359062145486
S43A14T04,filtered,263,8.766666666666667,False,False,0.16704348367887284,0.13979107142076308,-1.4336035454641731,-1.358305229811751,-0.07529831565242207,0.3703293259512194,1.1030917419251465,-0.732762415973927,2.8106020343508114,2.934923538182149,-0.12432150383133767
S43A14T04,filtered,264,8.8,False,False,0.15948596129431022,0.1441374082596798,-1.4468191216696318,-1.3586225570834718,-0.08819656458615999,0.3709630214385407,1.1038738226676228,-0.7329108012290821,2.807252555792804,2.9608262416580535,-0.15357368586524967
S43A14T04,filtered,265,8.833333333333334,False,False,0.15595207138855346,0.1495539311177474,-1.459779262901445,-1.3609187815862243,-0.09886048131522074,0.37164184633858516,1.1050861091250015,-0.7334442627864164,2.803167957330735,2.986996495783104,-0.18382853845236902
S43A14T04,filtered,266,8.866666666666667,False,False,0.1572050459538739,0.15580409947737306,-1.4722031187955964,-1.3645642316133912,-0.10763888718220516,0.3724485085942123,1.1072175998500344,-0.7347690912558221,2.798379148301766,3.0124277174908363,-0.21404856918907011
S43A14T04,filtered,267,8.9,True,False,0.1626235141196987,0.16262351344756798,-1.4838285423577198,-1.3689227790142053,-0.11490576334351443,0.3734154388470414,1.11063299506772,-0.7372175562206786,2.7929196289364735,3.0360184984357064,-0.24309886949923287
S43A14T04,filtered,268,8.933333333333334,False,False,0.17061091667937447,0.16974152679319876,-1.494428026316966,-1.3734064823341758,-0.12102154398279019,0.3745145919431115,1.1155437631389984,-0.741029171195887,2.7868220283545337,3.05664775386267,-0.2698257255081362
S43A14T04,filtered,269,8.966666666666667,False,False,0.17936618871835622,0.17690205505425904,-1.5038217724301608,-1.377524436020731,-0.12629733640942975,0.3756530865707497,1.1219901412570903,-0.7463370546863406,2.780115653411771,3.073254523436254,-0.293138870024483
S43A14T04,filtered,270,9.0,False,False,0.18747629636058552,0.18388156207075834,-1.5118869663785763,-1.3809210199029238,-0.13096594647565252,0.376675882893979,1.1298360107106729,-0.7531601278166938,2.7728253126636626,3.0849157913736533,-0.31209047870999074
S43A14T04,filtered,271,9.033333333333333,False,False,0.19417380820451155,0.19050258679140608,-1.5185626685479128,-1.3833997138879381,-0.13516295465997463,0.37737604219164117,1.1387777433026982,-0.761401701111057,2.764971555260507,3.09091584054301,-0.3259442852825032
S43A14T04,filtered,272,9.066666666666666,True,False,0.19936019957789158,0.19664171429681354,-1.5238501156379904,-1.384930062611767,-0.13892005302622334,0.3775123079252018,1.1483670474593968,-0.7708547395341949,2.7565723101472717,3.090801415847385,-0.3342291057001132
S43A14T04,filtered,273,9.1,False,False,0.20349719788336743,0.20223153030037944,-1.5278086188139617,-1.3856370939418485,-0.14217152487211315,0.3768328802793058,1.1580466230128434,-0.7812137427335377,2.7476457397962175,3.0844182533517124,-0.33677251355549487
S43A14T04,filtered,274,9.133333333333333,False,False,0.2074072648646979,0.20725675050717407,-1.5305476014051216,-1.3857743241905522,-0.14477327721456934,0.3751034327267534,1.1671961824924297,-0.7920927497656763,2.738213956454102,3.071926191770962,-0.33371223531686
S43A14T04,filtered,275,9.166666666666666,False,False,0.21200197180305938,0.2117453130024396,-1.5322156096784698,-1.3856832167415245,-0.1465323929369453,0.37213675165689103,1.1751852630320203,-0.8030485113751293,2.728307113809922,3.0537919507876428,-0.3254848369777208
S43A14T04,filtered,276,9.2,False,False,0.21798377208409447,0.21575570351837925,-1.532987330408569,-1.3857434044400538,-0.1472439259685152,0.3678209682887642,1.1814283889094863,-0.8136074206207221,2.7179673074818185,3.0307605530897836,-0.3127932456079652
S43A14T04,filtered,277,9.233333333333333,True,False,0.22560993879069774,0.21936210717833204,-1.5330497469712179,-1.386318977567044,-0.14673076940417396,0.36214326677100345,1.1854376795539383,-0.8232944127829349,2.707251709571018,3.0038081056336625,-0.2965563960626447
S43A14T04,filtered,278,9.266666666666667,False,False,0.2346084917911734,0.22263912253521223,-1.532588561562182,-1.3877065684352208,-0.14488199312696115,0.35520622345796776,1.1868680171473307,-0.8316617936893629,2.696234428757675,2.974080082330519,-0.27784565357284396
S43A14T04,filtered,279,9.3,True,False,0.2442673716209834,0.2256477307077367,-1.5317759152546802,-1.390090784662279,-0.14168513059240118,0.3472345435768686,1.185550420665351,-0.8383158770884824,2.685006718084671,2.9428202423286183,-0.25781352424394743
S43A14T04,filtered,280,9.333333333333334,False,False,0.25363313517181374,0.2284239996025832,-1.530760267501506,-1.3935117781425719,-0.13724848935893408,0.33857085245206225,1.1815102869233003,-0.842939434471238,2.6736753282581813,2.9112958012999623,-0.23762047304178102
S43A14T04,filtered,281,9.366666666666667,False,False,0.2617264713788268,0.23097165239720296,-1.5296590731523547,-1.3978484712051134,-0.13181060194724137,0.32966027297175426,1.1749685626816548,-0.8453082897099006,2.662359001558583,2.880724431642657,-0.21836543008407405
S43A14T04,filtered,282,9.4,True,False,0.26771258304023354,0.23325918398416157,-1.5285546386009434,-1.4028193320546678,-0.12573530654627563,0.321024659912115,1.1663255638074355,-0.8453009038953205,2.6511832982655417,2.852208144873342,-0.20102484660780018
S43A14T04,filtered,283,9.433333333333334,False,False,0.2710086665283482,0.23522171767459032,-1.5274932676100221,-1.4080007690687495,-0.11949249854127264,0.31322843787216315,1.1561288807423102,-0.8429004428701471,2.640274126636211,2.826678200942197,-0.18640407430598582
S43A14T04,filtered,284,9.466666666666667,False,False,0.2713370185163621,0.2367673052369328,-1.5264875381738836,-1.4128613845107516,-0.113626153663132,0.3068388830190919,1.1450284110188826,-0.8381895279997907,2.629750497189339,2.804854025099832,-0.1751035279104931
S43A14T04,filtered,285,9.5,False,False,0.26873952032222803,0.23778692925829636,-1.525521301105306,-1.416808678411061,-0.10871262269424498,0.30238430102548125,1.1337228547938856,-0.8313385537684044,2.619717134369628,2.78721783716447,-0.16750070279484186
S43A14T04,filtered,286,9.533333333333333,False,False,0.26356688397231204,0.23816710324942458,-1.524556777286745,-1.4192434921726975,-0.10531328511404747,0.30031381815145064,1.1229028476227385,-0.8225890294712879,2.6102576465435643,2.774005445758384,-0.16374779921481952
S43A14T04,filtered,287,9.566666666666666,False,False,0.2564506584393326,0.2378037092469385,-1.5235429732547525,-1.4196166670362425,-0.10392630621851007,0.3009623917396446,1.113196189411465,-0.8122337976718204,2.601428970151684,2.76521253901016,-0.1637835688584759
S43A14T04,filtered,288,9.6,False,False,0.2482596614974625,0.23661558484668777,-1.5224245513829109,-1.4174821566264217,-0.10494239475648914,0.3045241734740948,1.1051203289717382,-0.8005961554976434,2.5932577551808165,2.7606148818812746,-0.1673571267004581
S43A14T04,filtered,289,9.633333333333333,True,False,0.24003554204838903,0.2345563845142209,-1.5211502920399627,-1.4125412070373842,-0.10860908500257849,0.31103657551567854,1.0990464177885664,-0.7880098422728878,2.5857392366475973,2.7598001356516293,-0.174060899004032
S43A14T04,filtered,290,9.666666666666666,False,False,0.2328964361876317,0.2316233984883449,-1.5196803709877962,-1.4046731655615152,-0.11500720542628096,0.32037638164471816,1.0951779557147128,-0.7748015740699946,2.5788389348769165,2.7622085394306826,-0.18336960455376605
S43A14T04,filtered,291,9.7,False,False,0.22789945174348233,0.2278623106159705,-1.5179918348172456,-1.3939498961418955,-0.12404193867535018,0.3322681229501424,1.0935454675222416,-0.7612773445720992,2.5724972502034014,2.7671794076678973,-0.1946821574644959
S43A14T04,filtered,292,9.733333333333333,True,False,0.22587134903787,0.22336729347767426,-1.5160818698549923,-1.3806325061428824,-0.13544936371210992,0.346303821887656,1.094016957175466,-0.7477131352878101,2.5666366837377015,2.774000266746186,-0.20736358300848456
S43A14T04,filtered,293,9.766666666666667,False,False,0.22725157781795186,0.21827633754799747,-1.5139686997863349,-1.3651509299699467,-0.14881776981638817,0.3619722164588092,1.0963222802033488,-0.7343500637445395,2.5611710598497575,2.781955451786449,-0.22078439193669164
S43A14T04,filtered,294,9.8,False,False,0.23201498597655737,0.21276223730806687,-1.5116901874737991,-1.3480686652650058,-0.16362152220879334,0.3786948038422289,1.1000882317648841,-0.7213934279226553,2.5560157976398425,2.790371103736824,-0.2343553060969814
S43A14T04,filtered,295,9.833333333333334,False,False,0.2397156203369751,0.20702014776066147,-1.509300433298125,-1.330036427501116,-0.17926400579700896,0.3958655528924773,1.1048802085764637,-0.7090146556839865,2.5510980358564006,2.7986537586467266,-0.247555722790326
