trial,mode,frame0,nominal_time_s,raw_review_flag,raw_repeated_previous,foot_separation_camera_xz_m,foot_separation_camera_x_m,com_camera_x_m,foot_midpoint_camera_x_m,com_relative_to_foot_midpoint_camera_x_m,com_camera_y_m,foot_midpoint_camera_y_m,com_relative_to_foot_midpoint_camera_y_m,com_camera_z_m,foot_midpoint_camera_z_m,com_relative_to_foot_midpoint_camera_z_m
S43A11T03,raw,0,0.0,False,False,0.23752012829915312,0.13881787109375,-1.397591900020488,-1.388444580078125,-0.009147319942362842,-0.19996783411350583,0.6265249938964843,-0.8264928280099901,2.060485861816094,2.141572509765625,-0.08108664794953091
S43A11T03,raw,1,0.03333333333333333,False,False,0.26379329672428387,0.168353515625,-1.408380066036499,-1.3979036865234375,-0.010476379513061351,-0.19898452062855504,0.6461303405761718,-0.8451148612047268,2.0489137545986242,2.1625970458984374,-0.11368329129981314
S43A11T03,raw,2,0.06666666666666667,False,False,0.2981802500521267,0.1867441406249999,-1.4074626571187268,-1.398803466796875,-0.008659190321851806,-0.19406461515592627,0.6576944885253906,-0.8517591036813168,2.046481180594117,2.1269238281250002,-0.08044264753088326
S43A11T03,raw,3,0.1,False,False,0.31209486361369176,0.2075550537109374,-1.4021178054311902,-1.4122998657226562,0.010182060291465955,-0.21053760880247574,0.6194289245605469,-0.8299665333630226,2.0328102368462093,2.136529235839844,-0.10371899899363468
S43A11T03,raw,4,0.13333333333333333,False,False,0.3204401368334393,0.21322338867187485,-1.4003320010644964,-1.423072021484375,0.02274002041987866,-0.21303181881249755,0.6172763977050781,-0.8303082165175757,2.030905168170262,2.135366943359375,-0.10446177518911304
S43A11T03,raw,5,0.16666666666666666,False,False,0.33654476340278466,0.23642456054687488,-1.4016523096128806,-1.432647216796875,0.030994907183994336,-0.21806314543098856,0.6087106323242188,-0.8267737777552074,2.0325448880757313,2.1317666625976566,-0.09922177452192527
S43A11T03,raw,6,0.2,False,False,0.29674493108233374,0.19733349609375006,-1.3973857725711807,-1.4308331298828125,0.03344735731163184,-0.21840263120089673,0.606220977783203,-0.8246236089840998,2.027119932567764,2.1257899780273437,-0.09867004545957991
S43A11T03,raw,7,0.23333333333333334,False,False,0.3017045785087913,0.17186657714843756,-1.4028682110827462,-1.4362998657226562,0.03343165463991005,-0.21586838852721119,0.6032378234863282,-0.8191062120135393,2.0282524542938174,2.13184423828125,-0.10359178398743252
S43A11T03,raw,8,0.26666666666666666,False,False,0.28412501055159545,0.16043005371093755,-1.3982098986051608,-1.4332282104492187,0.0350183118440579,-0.2142887361389771,0.5994076538085937,-0.8136963899475709,2.0264383450885006,2.1319886474609375,-0.1055503023724369
S43A11T03,raw,9,0.3,False,False,0.2743349646546026,0.15142077636718754,-1.3993260485823757,-1.430046813964844,0.03072076538246815,-0.20978170497444829,0.6037459716796876,-0.8135276766541358,2.0260654900671393,2.1365794067382815,-0.11051391667114219
S43A11T03,raw,10,0.3333333333333333,False,False,0.30815014640893845,0.17471850585937498,-1.401519775917848,-1.4377559814453127,0.03623620552746476,-0.2113896736838943,0.5974110412597656,-0.8088007149436599,2.0312606898357535,2.1546860351562502,-0.12342534532049676
S43A11T03,raw,11,0.36666666666666664,False,False,0.30127847064488816,0.18549121093749998,-1.4048007471875141,-1.4277176513671876,0.022916904179673514,-0.2052935609996117,0.6090455017089844,-0.8143390627085961,2.035480881310709,2.157307861328125,-0.1218269800174161
S43A11T03,raw,12,0.4,False,False,0.30160561130645935,0.18559521484374986,-1.4060544412359814,-1.4278352050781251,0.02178076384214367,-0.20570882151250236,0.6068716430664063,-0.8125804645789086,2.039417612843584,2.158741271972656,-0.11932365912907184
S43A11T03,raw,13,0.43333333333333335,False,False,0.320547545640743,0.2217792968750001,-1.408549788297846,-1.4332491455078125,0.02469935720996652,-0.20670182916176705,0.6267057189941407,-0.8334075481559078,2.042109239172331,2.1591591796875003,-0.11704994051516948
S43A11T03,raw,14,0.4666666666666667,False,False,0.3269366300581021,0.23790039062500012,-1.4065013094421601,-1.43531396484375,0.02881265540158995,-0.2034975045377884,0.6304156799316407,-0.8339131844694291,2.0447331992351385,2.1451105346679684,-0.1003773354328299
S43A11T03,raw,15,0.5,False,False,0.3170390422950103,0.2267941894531249,-1.413493148675334,-1.4311236572265624,0.017630508551228496,-0.20735615621815343,0.6441035461425781,-0.8514597023607315,2.0454017141412897,2.1336844482421875,-0.08828273410089782
S43A11T03,raw,16,0.5333333333333333,False,False,0.30362611734033335,0.2139237060546877,-1.4137862700404589,-1.428401062011719,0.014614791971260033,-0.20696777819799467,0.6471769714355469,-0.8541447496335415,2.0471523659007334,2.1259893188476564,-0.07883695294692306
S43A11T03,raw,17,0.5666666666666667,False,False,0.29548248751954664,0.21524438476562513,-1.4150166348556266,-1.4206602783203124,0.005643643464685821,-0.20767435177959767,0.6489920043945312,-0.8566663561741289,2.0503369582309015,2.118918212890625,-0.06858125465972353
S43A11T03,raw,18,0.6,False,False,0.2750030260339243,0.20350561523437505,-1.4186319939699876,-1.4149055175781249,-0.003726476391862743,-0.20663407515086657,0.6648761901855469,-0.8715102653364135,2.0494843613111806,2.1142485961914064,-0.06476423488022576
S43A11T03,raw,19,0.6333333333333333,False,False,0.2794419427663358,0.21733081054687498,-1.4158079412517446,-1.41237353515625,-0.003434406095494502,-0.2108363971031439,0.6383810729980469,-0.8492174701011908,2.0450517965438593,2.11403515625,-0.06898335970614067
S43A11T03,raw,20,0.6666666666666666,False,False,0.3073156481385571,0.26221752929687514,-1.422310248599284,-1.427827880859375,0.005517632260090943,-0.19821777132898322,0.6405757446289062,-0.8387935159578894,2.041303477951575,2.1076748657226565,-0.06637138777108165
S43A11T03,raw,21,0.7,False,False,0.26578192955518365,0.22787170410156254,-1.4183947853052814,-1.4003703002929688,-0.018024485012312574,-0.20868368298178958,0.6338189392089844,-0.8425026221907739,2.0381642775867066,2.0994776611328128,-0.06131338354610616
S43A11T03,raw,22,0.7333333333333333,True,False,0.2606843275380682,0.2358763427734374,-1.4205657892752874,-1.3996399536132813,-0.02092583566200612,-0.21094191588206324,0.6307423706054688,-0.841684286487532,2.039730027760071,2.1029083251953127,-0.0631782974352415
S43A11T03,raw,23,0.7666666666666667,False,False,0.2601629053042969,0.2361624755859375,-1.4209314970892526,-1.3987644653320312,-0.022167031757221345,-0.21098223457977563,0.6295673522949219,-0.8405495868746975,2.040014203489439,2.1022645874023436,-0.062250383912904717
S43A11T03,raw,24,0.8,True,False,0.2553910824761971,0.2255244140624999,-1.4235028347697904,-1.3926351318359376,-0.03086770293385288,-0.21492928861701083,0.6551021728515625,-0.8700314614685734,2.051207887110559,2.09466357421875,-0.04345568710819103
S43A11T03,raw,25,0.8333333333333334,False,False,0.24797907220936272,0.20867919921875,-1.4246958874743967,-1.388366943359375,-0.03632894411502163,-0.20893070724284743,0.6367723693847657,-0.8457030766276131,2.049805234404951,2.092806091308594,-0.04300085690364286
S43A11T03,raw,26,0.8666666666666667,False,False,0.23694078123684179,0.19790686035156257,-1.4257644842812387,-1.3800291137695313,-0.045735370511707396,-0.2115132150950902,0.6352245788574219,-0.846737793952512,2.0472608394853378,2.087386535644531,-0.04012569615919315
S43A11T03,raw,27,0.9,False,False,0.25728198599727475,0.24007067871093768,-1.4228313592953217,-1.4169950561523437,-0.0058363031429780055,-0.20786507845039176,0.6261491394042968,-0.8340142178546885,2.0614004880676595,2.1173458251953123,-0.05594533712765282
S43A11T03,raw,28,0.9333333333333333,False,False,0.31305601423056717,0.284017333984375,-1.4358008861558837,-1.4381163330078124,0.0023154468519286375,-0.19606631981240313,0.6255847473144531,-0.8216510671268562,2.05307540425032,2.101586975097656,-0.04851157084733604
S43A11T03,raw,29,0.9666666666666667,False,False,0.3292999696674391,0.3025092773437499,-1.43494069528773,-1.452728515625,0.01778782033727011,-0.19377231276442144,0.6343330993652344,-0.8281054121296558,2.0573875268236472,2.1160863037109374,-0.058698776887290194
S43A11T03,raw,30,1.0,False,False,0.2987144943733905,0.266544921875,-1.4308664484500282,-1.4339461669921876,0.003079718542159382,-0.19582743763601768,0.6296160583496093,-0.8254434959856269,2.058921991848198,2.122545166015625,-0.06362317416742691
S43A11T03,raw,31,1.0333333333333334,False,False,0.33458483597987876,0.304595947265625,-1.4372099834397944,-1.450927734375,0.013717750935205553,-0.19385735339659657,0.6353009338378905,-0.8291582872344871,2.059474267347072,2.1288376464843752,-0.0693633791373034
S43A11T03,raw,32,1.0666666666666667,True,False,0.2988583071377674,0.2491505126953124,-1.4234621501723441,-1.4213483276367187,-0.0021138225356254203,-0.19395461668492459,0.7063443908691407,-0.9002990075540653,2.0947509187067097,2.16472119140625,-0.06997027269954037
S43A11T03,raw,33,1.1,False,False,0.2762591865931553,0.18913244628906267,-1.4190580281605674,-1.3951139526367187,-0.023944075523848696,-0.19528240185652404,0.6829104614257813,-0.8781928632823053,2.0956750307918393,2.1986663818359373,-0.10299135104409807
S43A11T03,raw,34,1.1333333333333333,True,False,0.3097267536086488,0.19696228027343765,-1.4166788780449895,-1.3895249633789062,-0.0271539146660833,-0.18772852231007775,0.7280125122070313,-0.9157410345171091,2.1125498494050725,2.2088143310546875,-0.09626448164961499
S43A11T03,raw,35,1.1666666666666667,False,False,0.310212925109137,0.186460205078125,-1.4149747218240845,-1.373665771484375,-0.041308950339709494,-0.18405201427536513,0.7252840270996094,-0.9093360413749745,2.115751595084506,2.1905980224609376,-0.07484642737643155
S43A11T03,raw,36,1.2,False,False,0.2903241123279439,0.17723718261718746,-1.4243417836145627,-1.3749927368164063,-0.049349046798156326,-0.17391049878246717,0.7183171691894532,-0.8922276679719203,2.1009703223335197,2.189442626953125,-0.08847230461960542
S43A11T03,raw,37,1.2333333333333334,False,False,0.29008910585388725,0.1771518554687499,-1.4240908205774534,-1.3751724853515626,-0.04891833522589084,-0.17394507615054736,0.7186224975585938,-0.8925675737091411,2.1011587536219714,2.189180419921875,-0.0880216662999036
S43A11T03,raw,38,1.2666666666666666,False,True,0.29008910585388725,0.1771518554687499,-1.4240908205774534,-1.3751724853515626,-0.04891833522589084,-0.17394507615054736,0.7186224975585938,-0.8925675737091411,2.1011587536219714,2.189180419921875,-0.0880216662999036
S43A11T03,raw,39,1.3,True,False,0.28969117892356133,0.1782775878906251,-1.4159495311140586,-1.3679735107421875,-0.0479760203718711,-0.17499581230854055,0.7392007141113281,-0.9141965264198687,2.1140549301094413,2.1950606689453123,-0.08100573883587092
S43A11T03,raw,40,1.3333333333333333,False,False,0.2783011539181253,0.17184912109375006,-1.4241388559285395,-1.3691221923828125,-0.055016663545726985,-0.17346421423192773,0.7311263122558593,-0.904590526487787,2.108191314467297,2.1976392822265627,-0.08944796775926589
S43A11T03,raw,41,1.3666666666666667,False,False,0.2687456356601315,0.162177001953125,-1.4293993799246305,-1.376267822265625,-0.05313155765900546,-0.17447381980576077,0.7438708190917969,-0.9183446388975576,2.11042527561209,2.2142857666015625,-0.1038604909894727
S43A11T03,raw,42,1.4,False,False,0.29174955224101007,0.1608260498046874,-1.4176570744978283,-1.3683184204101564,-0.04933865408767191,-0.1746257184352556,0.7437425842285157,-0.9183683026637712,2.1161221584889445,2.195129638671875,-0.07900748018293058
S43A11T03,raw,43,1.4333333333333333,False,False,0.31063078038202474,0.18153442382812512,-1.4267862430742682,-1.3838360595703125,-0.04295018350395563,-0.1815532995392069,0.7383857421875,-0.9199390417267068,2.1104582922167165,2.20559326171875,-0.0951349695020336
S43A11T03,raw,44,1.4666666666666666,True,False,0.2925798341727149,0.1650690917968749,-1.4174204917042852,-1.3753251953125,-0.04209529639178511,-0.17694818937191487,0.7175941467285156,-0.8945423361004305,2.1049570888261186,2.2005745849609375,-0.09561749613481885
S43A11T03,raw,45,1.5,False,False,0.2912144208634248,0.16154821777343753,-1.4235315316556802,-1.3661984252929686,-0.057333106362711606,-0.18908334361302007,0.7209083557128906,-0.9099916993259106,2.1023860329343917,2.209751220703125,-0.10736518776873316
S43A11T03,raw,46,1.5333333333333334,False,False,0.27861441121104563,0.14921630859375012,-1.4197551597360472,-1.35943408203125,-0.06032107770479711,-0.18354150634236935,0.7075635986328125,-0.8911051049751818,2.0986497009571026,2.212414794921875,-0.1137650939647723
S43A11T03,raw,47,1.5666666666666667,False,False,0.28849440379227237,0.1631040039062499,-1.4223618737012786,-1.3771927490234375,-0.04516912467784118,-0.19640299230155023,0.6604542541503906,-0.8568572464519408,2.086678570934906,2.2127724609375,-0.12609389000259386
S43A11T03,raw,48,1.6,False,False,0.29192108746836226,0.16546447753906257,-1.4217243295369555,-1.3895120239257812,-0.032212305611174274,-0.19819155801456415,0.6496217346191406,-0.8478132926337048,2.08460743531232,2.2207672119140627,-0.1361597766017426
S43A11T03,raw,49,1.6333333333333333,False,False,0.3205622719946863,0.2130720214843751,-1.4302363224740249,-1.415599365234375,-0.014636957239649862,-0.20162379223739604,0.6681717834472656,-0.8697955756846616,2.085002861554014,2.21263232421875,-0.12762946266473563
S43A11T03,raw,50,1.6666666666666667,True,False,0.3046435447603483,0.19596838378906267,-1.432215341721096,-1.4084446411132814,-0.02377070060781472,-0.2039618872859642,0.6415527648925782,-0.8455146521785424,2.077348051040366,2.1836856689453126,-0.10633761790494667
S43A11T03,raw,51,1.7,False,False,0.29279894755553787,0.18906066894531248,-1.4304103956820662,-1.4073338012695313,-0.023076594412534845,-0.20329509505330157,0.639510009765625,-0.8428051048189266,2.075714410555367,2.1729805908203126,-0.09726618026494549
S43A11T03,raw,52,1.7333333333333334,False,False,0.2899232823916976,0.1867359619140625,-1.4302158663120585,-1.4109481811523437,-0.019267685159714887,-0.20258926484061815,0.6375910949707031,-0.8401803598113212,2.074925667409732,2.169978759765625,-0.09505309235589321
S43A11T03,raw,53,1.7666666666666666,False,False,0.26804424150174444,0.18960375976562505,-1.428248546964152,-1.428670654296875,0.0004221073327230762,-0.20434245180119162,0.6207813720703126,-0.8251238238715042,2.080062433714055,2.1964537353515627,-0.11639130163750755
S43A11T03,raw,54,1.8,False,False,0.2603448913612389,0.18953906249999997,-1.429495047194622,-1.4388563232421876,0.009361276047565648,-0.20515884156213382,0.6180159606933594,-0.8231748022554932,2.0811467283552307,2.2071909179687497,-0.12604418961351893
S43A11T03,raw,55,1.8333333333333333,False,False,0.32037272917221876,0.17506945800781248,-1.4363288350841112,-1.4588184204101564,0.02248958532604517,-0.20461959028976465,0.6170525817871093,-0.8216721720768739,2.072388623465574,2.1680679931640627,-0.09567936969848878
S43A11T03,raw,56,1.8666666666666667,False,False,0.27013650711709897,0.17166210937499993,-1.4349729463124976,-1.4662550048828127,0.031282058570315074,-0.20682875378799417,0.6071458435058594,-0.8139745972938536,2.0760883955477603,2.1941892089843753,-0.11810081343661505
S43A11T03,raw,57,1.9,False,False,0.2846894274793179,0.14316979980468747,-1.432470990717177,-1.4526406860351564,0.020169695317979297,-0.2061967387756705,0.5967684020996094,-0.8029651408752798,2.0670313982747888,2.173308959960938,-0.1062775616861491
S43A11T03,raw,58,1.9333333333333333,False,False,0.2928829300160612,0.1516734619140625,-1.4315300871407015,-1.4504946899414062,0.018964602800704666,-0.21158134747637522,0.6109229736328126,-0.8225043211091878,2.0676947563988795,2.1772615966796875,-0.1095668402808081
S43A11T03,raw,59,1.9666666666666666,False,False,0.3010600360633328,0.17197753906250002,-1.4293810615904412,-1.446737060546875,0.017355998956433805,-0.20598491776674743,0.6051625061035156,-0.8111474238702631,2.0658329012836876,2.1838261718750003,-0.1179932705913127
S43A11T03,raw,60,2.0,False,False,0.3019347224289395,0.19362890625000007,-1.4300640803332825,-1.4429118652343749,0.012847784901092396,-0.1992971385150901,0.6144023132324219,-0.813699451747512,2.0670206032732668,2.1810430908203124,-0.11402248754704569
S43A11T03,raw,61,2.033333333333333,True,False,0.3196080049439483,0.22141003417968763,-1.4332812029072686,-1.4449215698242188,0.011640366916950251,-0.20907670922160096,0.6622268676757812,-0.8713035768973821,2.0793971476041326,2.1837180175781254,-0.10432086997399281
S43A11T03,raw,62,2.066666666666667,False,False,0.31221625811304377,0.21696777343750018,-1.4343282998320808,-1.44104345703125,0.006715157199169264,-0.2079079405665202,0.640622772216797,-0.8485307127833172,2.0719533802866983,2.18562451171875,-0.11367113143205154
S43A11T03,raw,63,2.1,True,False,0.3080555159802238,0.2202296142578124,-1.4333336611178844,-1.4350967407226562,0.0017630796047718444,-0.20930151529662486,0.668646728515625,-0.8779482438122499,2.0772163306286537,2.1764794921875,-0.0992631615588464
S43A11T03,raw,64,2.1333333333333333,False,False,0.35873459561742155,0.28513696289062507,-1.4330981290591218,-1.4449814453125,0.01188331625337824,-0.19778681134496226,0.6706743469238281,-0.8684611582687903,2.0827251354169283,2.16356591796875,-0.08084078255182181
S43A11T03,raw,65,2.1666666666666665,False,False,0.3326762926987431,0.2655330810546874,-1.4284973001782622,-1.4282359008789063,-0.0002613992993558689,-0.20232394031191053,0.6684685974121094,-0.87079253772402,2.084390523583716,2.1452025146484375,-0.06081199106472157
S43A11T03,raw,66,2.2,False,False,0.3162921268220468,0.22815905761718747,-1.419606791110544,-1.4124071655273438,-0.007199625583200309,-0.20130626206710503,0.6539907836914063,-0.8552970457585113,2.0832232898217606,2.140138366699219,-0.056915076877458226
S43A11T03,raw,67,2.2333333333333334,False,False,0.3323211409506691,0.25214025878906243,-1.4259097023797886,-1.4131713256835938,-0.01273837669619482,-0.207097801748015,0.6694472961425781,-0.8765450978905931,2.0818308752805916,2.1324703369140625,-0.050639461633470884
S43A11T03,raw,68,2.2666666666666666,False,False,0.3205113813967296,0.23098571777343735,-1.4199625457302227,-1.403862731933594,-0.016099813796628837,-0.2012296349410543,0.6805043334960938,-0.8817339684371481,2.090899594467933,2.130313720703125,-0.039414126235191915
S43A11T03,raw,69,2.3,False,False,0.3236385113516531,0.2468234863281249,-1.424039814878685,-1.4044705810546876,-0.019569233823997445,-0.2053994351353044,0.6566176452636718,-0.8620170803989762,2.07704586975598,2.1339563598632814,-0.056910490107301204
S43A11T03,raw,70,2.3333333333333335,False,False,0.3139177000457766,0.22252136230468755,-1.4164305439598355,-1.3973364868164062,-0.019094057143429266,-0.20119316838934967,0.6741136779785156,-0.8753068463678653,2.08828960215722,2.1355709838867187,-0.047281381729498584
S43A11T03,raw,71,2.3666666666666667,False,False,0.29953136398818714,0.17817114257812494,-1.408100406158018,-1.3886500244140625,-0.019450381743955525,-0.20209153515621914,0.6890702209472657,-0.8911617561034848,2.100341817211709,2.160408569335938,-0.06006675212422863
S43A11T03,raw,72,2.4,False,False,0.3181519336204372,0.18980078125,-1.417625180845875,-1.3915092773437499,-0.026115903502125226,-0.20039715469416206,0.6885560607910157,-0.8889532154851778,2.0968802567753406,2.1567891845703127,-0.05990892779497203
S43A11T03,raw,73,2.433333333333333,False,False,0.30944198267200046,0.1942672119140625,-1.4177825865733795,-1.3840603637695312,-0.03372222280384829,-0.20604936609333332,0.6766541137695312,-0.8827034798628646,2.092512780763665,2.1464668579101565,-0.053954077146491475
S43A11T03,raw,74,2.466666666666667,False,False,0.32172311319930685,0.23523095703125008,-1.4269677575168627,-1.3984449462890627,-0.028522811227799982,-0.20653193191245675,0.6738575439453125,-0.8803894758577693,2.084908533395476,2.123926696777344,-0.03901816338186759
S43A11T03,raw,75,2.5,False,False,0.3058561698471106,0.21830163574218742,-1.4206848962843455,-1.3946780395507812,-0.026006856733564288,-0.20088331417482858,0.6794166870117188,-0.8803000011865474,2.0877383049943203,2.1198271484375,-0.03208884344317964
S43A11T03,raw,76,2.533333333333333,False,False,0.30777467630671773,0.20782067871093735,-1.4193386020734744,-1.3876242065429687,-0.0317143955305057,-0.20500352541714806,0.6825358581542968,-0.8875393835714449,2.090503376312099,2.120163635253906,-0.02966025894180735
S43A11T03,raw,77,2.566666666666667,False,False,0.30158610308519346,0.19439965820312488,-1.418120529264677,-1.3873210449218751,-0.030799484342801886,-0.20098642497538197,0.6845028076171875,-0.8854892325925695,2.0916885674456798,2.1186964721679686,-0.027007904722288867
S43A11T03,raw,78,2.6,False,False,0.30825674965068073,0.19850305175781258,-1.4202941643165563,-1.3875040893554687,-0.032790074961087656,-0.204958467998187,0.6854718627929688,-0.8904303307911559,2.091932801670983,2.1244548950195314,-0.03252209334854861
S43A11T03,raw,79,2.6333333333333333,False,False,0.2979377637514493,0.16456420898437507,-1.410527063144122,-1.374628173828125,-0.03589888931599705,-0.20227427114426458,0.6705923461914063,-0.8728666173356708,2.0962721691360153,2.14432275390625,-0.04805058477023483
S43A11T03,raw,80,2.6666666666666665,False,False,0.30061061277545653,0.14893859863281245,-1.4105041367826063,-1.3666151733398437,-0.04388896344276261,-0.2001704425735346,0.6832795104980469,-0.8834499530715816,2.097853020195391,2.155468933105469,-0.05761591291007795
S43A11T03,raw,81,2.7,False,False,0.30073253299872743,0.14717358398437508,-1.4104686031786942,-1.3660250244140626,-0.044443578764631564,-0.20011910157727777,0.6833217468261719,-0.8834408484034496,2.097947632404425,2.155641296386719,-0.05769366398229403
S43A11T03,raw,82,2.7333333333333334,False,False,0.3018631501467736,0.12095629882812498,-1.4110598650613522,-1.3668966064453125,-0.04416325861603965,-0.20404072296958048,0.6914161987304688,-0.8954569217000492,2.105769837301137,2.161797546386719,-0.05602770908558208
S43A11T03,raw,83,2.7666666666666666,False,False,0.3090555915640178,0.11746264648437488,-1.4132565176010103,-1.3613548583984376,-0.051901659202572725,-0.19668030986579943,0.7040862426757812,-0.9007665525415807,2.1042576188724342,2.1669135131835935,-0.06265589431115925
S43A11T03,raw,84,2.8,False,False,0.31345329453658816,0.11725427246093756,-1.4140558879665803,-1.3573986206054687,-0.05665726736111165,-0.19679842781410317,0.70512890625,-0.9019273340641032,2.1068218200301847,2.1660558471679687,-0.05923402713778403
S43A11T03,raw,85,2.8333333333333335,False,False,0.3093068669203997,0.10998229980468754,-1.413376310531573,-1.3602767944335938,-0.05309951609797925,-0.1960203188970147,0.7173592834472656,-0.9133796023442804,2.112151701124798,2.1586376953125,-0.04648599418770205
S43A11T03,raw,86,2.8666666666666667,False,False,0.3327468142407562,0.11766809082031249,-1.4140961027474888,-1.3637510375976563,-0.0503450651498325,-0.19568712726183676,0.7141676940917969,-0.9098548213536337,2.1113280073637366,2.173734924316406,-0.06240691695266953
S43A11T03,raw,87,2.9,False,False,0.330300345351153,0.11063964843750007,-1.4102882807822485,-1.3689490966796876,-0.04133918410256099,-0.1931948010811937,0.7152759704589844,-0.9084707715401781,2.1152883078319578,2.174993591308594,-0.05970528347663606
S43A11T03,raw,88,2.933333333333333,False,False,0.3315868068417903,0.10100390624999989,-1.410410527970837,-1.370065185546875,-0.04034534242396193,-0.19342548696916176,0.713083465576172,-0.9065089525453337,2.1161671462415144,2.1788520507812503,-0.06268490453973596
S43A11T03,raw,89,2.966666666666667,False,False,0.3363704853489376,0.095888427734375,-1.4098202087310978,-1.3728111572265624,-0.03700905150453537,-0.194343610506211,0.7118244323730469,-0.9061680428792579,2.118057437357366,2.18182421875,-0.06376678139263392
S43A11T03,raw,90,3.0,False,False,0.3334186929254118,0.0980224609375,-1.406379118764113,-1.3753641357421875,-0.031014983021925513,-0.18711552498344694,0.7141457214355469,-0.9012612464189939,2.119126165835961,2.1873439331054687,-0.06821776726950768
S43A11T03,raw,91,3.033333333333333,False,False,0.3328355164521759,0.09938745117187509,-1.4053592261409225,-1.3747830810546875,-0.030576145086234963,-0.18300818936511756,0.7223549499511719,-0.9053631393162894,2.11925993375611,2.186262573242187,-0.06700263948607699
S43A11T03,raw,92,3.066666666666667,False,False,0.3335472863263321,0.09088305664062513,-1.406136574103438,-1.3734979248046875,-0.03263864929875049,-0.18069528675461205,0.7282337646484376,-0.9089290514030497,2.120837851394568,2.1853988647460936,-0.06456101335152553
S43A11T03,raw,93,3.1,False,False,0.33157285227575517,0.08455969238281247,-1.4057710547819455,-1.3689602661132814,-0.03681078866866416,-0.18793632336338528,0.7233610534667969,-0.9112973768301822,2.1191639911664386,2.1958868408203127,-0.0767228496538741
S43A11T03,raw,94,3.1333333333333333,False,False,0.3377006335546494,0.084169677734375,-1.405948592615595,-1.370444580078125,-0.03550401253746993,-0.19161764314913535,0.7117381286621094,-0.9033557718112447,2.121363889565414,2.2032914428710937,-0.0819275533056798
S43A11T03,raw,95,3.1666666666666665,False,False,0.3353962007289031,0.07496374511718762,-1.4038220857379706,-1.3712744750976564,-0.032547610640314195,-0.18115776103591336,0.7212378845214844,-0.9023956455573978,2.1227602270830213,2.2028416748046875,-0.08008144772166625
S43A11T03,raw,96,3.2,False,False,0.3212449721249284,0.07357482910156254,-1.405338208016734,-1.3687583618164063,-0.036579846200327726,-0.1728529330465301,0.7457172241210939,-0.9185701571676239,2.124218209777042,2.1847236328125,-0.06050542303545825
S43A11T03,raw,97,3.2333333333333334,False,False,0.30801421004192725,0.0813751220703125,-1.4054357514923659,-1.3686481323242188,-0.0367876191681471,-0.17231731396575595,0.7490108337402344,-0.9213281477059903,2.1217791444890994,2.179354431152344,-0.05757528666324463
S43A11T03,raw,98,3.2666666666666666,False,False,0.30767136456546196,0.09598400878906244,-1.408862182605231,-1.3691908569335938,-0.039671325671637225,-0.16942662355386234,0.7604831848144531,-0.9299098083683155,2.1241401401120092,2.1802283935546876,-0.056088253442678315
S43A11T03,raw,99,3.3,False,False,0.3106820310235718,0.10081115722656242,-1.407890443636478,-1.3735138549804686,-0.034376588656009455,-0.1680488182940941,0.7566132507324219,-0.924662069026516,2.122172205176057,2.1796738891601564,-0.05750168398409938
S43A11T03,raw,100,3.3333333333333335,False,False,0.3130740094003847,0.17417004394531266,-1.4141298891813696,-1.3812012329101564,-0.03292865627121322,-0.17194561342162665,0.7467042541503907,-0.9186498675720173,2.107212209167785,2.1579398193359376,-0.05072761016815264
S43A11T03,raw,101,3.3666666666666667,False,False,0.3049593775928093,0.17455310058593754,-1.405184870315271,-1.3803937377929687,-0.02479113252230225,-0.1745814818746415,0.7426174621582031,-0.9171989440328446,2.113187401877082,2.1586997680664064,-0.045512366189324194
S43A11T03,raw,102,3.4,False,False,0.31324941208101914,0.16679467773437495,-1.404168884962964,-1.38627880859375,-0.017890076369214025,-0.17613954114056063,0.7389876098632813,-0.9151271510038419,2.1207038351564798,2.182654052734375,-0.061950217577895206
S43A11T03,raw,103,3.433333333333333,False,False,0.3064332291057515,0.15841931152343758,-1.403935694070325,-1.3788845825195313,-0.025051111550793648,-0.17682225180372443,0.7406638488769531,-0.9174861006806776,2.1199261744500184,2.1831251220703125,-0.0631989476202941
S43A11T03,raw,104,3.466666666666667,False,False,0.3072429149699919,0.1613492431640624,-1.4058081427882343,-1.3774140014648437,-0.028394141323390576,-0.1763892872750821,0.7392748107910156,-0.9156640980660977,2.1204970901302627,2.1812932128906253,-0.060796122760362614
S43A11T03,raw,105,3.5,False,False,0.30845703834328864,0.15944812011718756,-1.404693171170699,-1.3772664184570313,-0.027426752713667568,-0.176060833513496,0.73569921875,-0.911760052263496,2.1193699472075407,2.1815729980468754,-0.06220305083933475
S43A11T03,raw,106,3.533333333333333,False,False,0.30976667183151957,0.15835510253906238,-1.4037601783107019,-1.3769347534179688,-0.026825424892733096,-0.1743134860305823,0.7421134033203125,-0.9164268893508948,2.121296827912178,2.1785364990234375,-0.057239671111259494
S43A11T03,raw,107,3.566666666666667,False,False,0.30527364525893463,0.15788623046875006,-1.4040838726739155,-1.3770838623046875,-0.027000010369228056,-0.17521742177819197,0.7389321899414063,-0.9141496117195983,2.1187337994432527,2.1783756103515626,-0.05964181090830989
S43A11T03,raw,108,3.6,False,False,0.3003387594285931,0.15377783203124995,-1.404377144856588,-1.3762275390625,-0.028149605794087984,-0.17233526173771965,0.7451091613769532,-0.9174444231146728,2.121018623010368,2.1748319702148438,-0.053813347204475726
S43A11T03,raw,109,3.6333333333333333,False,False,0.30411463730925853,0.15970312499999983,-1.4032213250094274,-1.378310791015625,-0.024910533993802497,-0.17651751649780817,0.7319989624023437,-0.9085164789001519,2.1202064281618545,2.179215087890625,-0.059008659728770674
S43A11T03,raw,110,3.6666666666666665,False,False,0.3048357193057938,0.16111828613281265,-1.4024964569627032,-1.3810755004882813,-0.02142095647442188,-0.17590795702287534,0.7398974609375,-0.9158054179603753,2.122539824407577,2.177409423828125,-0.05486959942054792
S43A11T03,raw,111,3.7,False,False,0.3147301657211096,0.15541333007812508,-1.4048760350769114,-1.3829638671875,-0.021912167889411416,-0.17214194544522066,0.7489476928710938,-0.9210896383163144,2.124479477507089,2.1776739501953126,-0.05319447268822364
S43A11T03,raw,112,3.7333333333333334,False,False,0.33479384802031964,0.137885986328125,-1.4015000089110452,-1.3949752197265624,-0.006524789184482849,-0.17418373097721254,0.7424186401367188,-0.9166023711139313,2.1329080388617823,2.1888433227539066,-0.05593528389212432
S43A11T03,raw,113,3.7666666666666666,False,False,0.3447415909277771,0.12438000488281253,-1.3992928113840122,-1.3972612915039062,-0.0020315198801059697,-0.17397332605190755,0.7313113098144531,-0.9052846358663607,2.1275788853488717,2.2004414062500004,-0.07286252090112866
S43A11T03,raw,114,3.8,False,False,0.347308273566103,0.12492041015625022,-1.3999496924410364,-1.402255615234375,0.002305922793338633,-0.17683302245834367,0.7340064086914062,-0.9108394311497499,2.1342794846163087,2.2055814208984375,-0.07130193628212877
S43A11T03,raw,115,3.8333333333333335,False,False,0.35178556968001096,0.11213342285156269,-1.3988364628483578,-1.4094119262695313,0.010575463421173437,-0.1765734161009522,0.7286965637207031,-0.9052699798216554,2.136393676992861,2.205908996582031,-0.06951531958917023
S43A11T03,raw,116,3.8666666666666667,False,False,0.3593913810264988,0.11697680664062493,-1.3978040286562228,-1.4177962646484374,0.01999223599221467,-0.1744728535630446,0.7288384399414063,-0.9033112935044509,2.138736193403398,2.2051920776367187,-0.06645588423332072
S43A11T03,raw,117,3.9,False,False,0.34437478177865066,0.1304260253906251,-1.3980187523390228,-1.4295330810546876,0.03151432871566473,-0.17545489498962002,0.7387893371582032,-0.9142442321478232,2.1400750170679523,2.1913106689453126,-0.05123565187736023
S43A11T03,raw,118,3.933333333333333,False,False,0.3360300410337719,0.14789721679687506,-1.3976545407469336,-1.4415750732421875,0.04392053249525385,-0.17500898998950654,0.7419982299804688,-0.9170072199699754,2.1421293188062265,2.1796014404296873,-0.03747212162346081
S43A11T03,raw,119,3.966666666666667,False,False,0.33311066695524194,0.1778625488281249,-1.3947171406794785,-1.4502999267578125,0.055582786078334,-0.17417916791794452,0.74982080078125,-0.9239999686991945,2.14827487330725,2.1739796142578127,-0.025704740950562854
S43A11T03,raw,120,4.0,False,False,0.3337673990055295,0.19603149414062515,-1.3921222032198977,-1.4580206298828124,0.06589842666291479,-0.17451860354375281,0.7472807006835938,-0.9217993042273466,2.154156305292819,2.172322204589844,-0.018165899297025057
S43A11T03,raw,121,4.033333333333333,False,False,0.336956453915565,0.20332092285156267,-1.3770341039727656,-1.4522843627929687,0.07525025882020309,-0.1647357746918686,0.7585441589355468,-0.9232799336274155,2.162601495025667,2.158313049316406,0.004288445709260902
S43A11T03,raw,122,4.066666666666666,False,False,0.3300248129307391,0.20602673339843758,-1.3671452033191944,-1.4426932983398437,0.0755480950206493,-0.16152412527871607,0.7548175048828125,-0.9163416301615286,2.168061571458933,2.1455648803710936,0.02249669108783925
S43A11T03,raw,123,4.1,False,False,0.31277023613483507,0.19415930175781249,-1.3575931797003384,-1.4195723266601563,0.06197914695981788,-0.1588849161735674,0.7549672546386719,-0.9138521708122392,2.1703827938375824,2.132375061035156,0.0380077328024262
S43A11T03,raw,124,4.133333333333334,False,False,0.3092414364959474,0.18526257324218753,-1.3435370458476905,-1.4113025512695314,0.0677655054218409,-0.15896316175489186,0.7483895568847656,-0.9073527186396575,2.1847867505065204,2.138305603027344,0.04648114747917642
S43A11T03,raw,125,4.166666666666667,False,False,0.3023185206446499,0.16703051757812504,-1.32820362785415,-1.3909920654296877,0.06278843757553765,-0.15528286749538706,0.7390772399902343,-0.8943601074856213,2.190373638138003,2.141035461425781,0.04933817671222185
S43A11T03,raw,126,4.2,False,False,0.2956223397062913,0.15082177734375013,-1.318041350753818,-1.3812141113281249,0.06317276057430687,-0.1490957245414779,0.7455340576171876,-0.8946297821586655,2.2020418328737024,2.1412396850585935,0.06080214781510884
S43A11T03,raw,127,4.233333333333333,False,False,0.325529169334208,0.16417077636718735,-1.3064212927950312,-1.3874470825195313,0.08102578972450014,-0.1371995958718179,0.7613688659667969,-0.8985684618386147,2.2162174326558732,2.142170715332031,0.07404671732384216
S43A11T03,raw,128,4.266666666666667,False,False,0.3161784093466249,0.15107141113281264,-1.2993569041018678,-1.3852453002929688,0.085888396191101,-0.13832156346832153,0.7730248107910156,-0.9113463742593371,2.2335764079360962,2.147488464355469,0.08608794358062744
S43A11T03,raw,129,4.3,False,False,0.30119323386022545,0.1555694580078124,-1.2850858616665326,-1.3820255737304687,0.09693971206393615,-0.1398000774201834,0.7527325439453125,-0.8925326213654959,2.2425245507465785,2.145940063476562,0.09658448727001634
S43A11T03,raw,130,4.333333333333333,False,False,0.21291816170275474,0.0986191406250001,-1.2687845002405538,-1.3266479492187502,0.0578634489781964,-0.1347808158950074,0.7711379089355469,-0.9059187248305542,2.2461167392735026,2.0978109130859375,0.14830582618756516
S43A11T03,raw,131,4.366666666666666,False,False,0.0789041485218605,0.03899072265625003,-1.241028809049694,-1.26442724609375,0.023398437044056086,-0.13768466734121124,0.7468309936523437,-0.8845156609935549,2.2551064576903888,2.0432741088867186,0.2118323488036702
S43A11T03,raw,132,4.4,False,False,0.04049300401822283,0.028148315429687543,-1.2116545798832008,-1.2369302368164063,0.025275656933205548,-0.14428762040790946,0.7408729553222657,-0.8851605757301751,2.2644948483753073,2.07724755859375,0.18724728978155714
S43A11T03,raw,133,4.433333333333334,False,False,0.01887497101238394,0.0038447265625001226,-1.2006666905980898,-1.2401871337890626,0.03952044319097281,-0.12734449747259402,0.7643666381835938,-0.8917111356561879,2.2838189378405276,2.0972974853515627,0.1865214524889649
S43A11T03,raw,134,4.466666666666667,False,False,0.11137533707412499,0.08231860351562492,-1.190595619120436,-1.2630648193359375,0.0724692002155014,-0.10895437387183844,0.7697186279296875,-0.878673001801526,2.314376752469109,2.1063748779296874,0.20800187453942165
S43A11T03,raw,135,4.5,False,False,0.03712129083882355,0.03710327148437487,-1.1640567507618904,-1.2188345947265624,0.054777843964672,-0.11046009111748738,0.7542600708007813,-0.8647201619182686,2.333395093100878,2.0707020263671874,0.26269306673369064
S43A11T03,raw,136,4.533333333333333,False,False,0.03784567574153915,0.00030053710937494316,-1.1509774784380356,-1.246758544921875,0.09578106648383944,-0.10141496332674939,0.7546152954101563,-0.8560302587369056,2.3546621906789014,2.0962752685546873,0.2583869221242141
S43A11T03,raw,137,4.566666666666666,False,False,0.0394715273439452,0.016332275390624984,-1.1280670839447517,-1.2740220947265626,0.14595501078181083,-0.08796031912762578,0.7716097106933594,-0.8595700298209852,2.3932477864659423,2.0967028808593753,0.296544905606567
S43A11T03,raw,138,4.6,False,False,0.06126812339979555,0.06043347167968749,-1.1059116586270639,-1.2500657348632813,0.14415407623621745,-0.07010487210717488,0.7726918334960937,-0.8427967056032686,2.4081771044634346,2.085778076171875,0.32239902829155964
S43A11T03,raw,139,4.633333333333334,False,False,0.14308973552694246,0.13918408203125,-1.07286493641909,-1.2333441162109375,0.16047917979184745,-0.05365196812857105,0.7636603088378906,-0.8173122769664617,2.4346439129945416,2.0664517822265625,0.3681921307679792
S43A11T03,raw,140,4.666666666666667,True,False,0.11447592415121075,0.1058544921875002,-1.0689925338040434,-1.3696949462890626,0.3007024124850193,-0.04374200435714532,0.7252408142089843,-0.7689828185661297,2.4701313461879493,2.08222216796875,0.38790917821919946
S43A11T03,raw,141,4.7,False,False,0.17510650611911574,0.16264685058593753,-1.0507568040067043,-1.416813171386719,0.36605636738001457,-0.021704456688641974,0.7114754333496094,-0.7331798900382513,2.520519102272166,2.1393826904296875,0.3811364118424785
S43A11T03,raw,142,4.733333333333333,False,False,0.20718146057953257,0.1377393798828126,-1.0151249857234905,-1.4307131958007813,0.41558821007729074,0.011827220083561716,0.7142012634277344,-0.7023740433441726,2.5661642972020005,2.1714681396484377,0.3946961575535628
S43A11T03,raw,143,4.766666666666667,False,False,0.22183042134306652,0.08229479980468768,-0.9872835946394602,-1.4470221557617187,0.4597385611222584,0.053279997050269194,0.7394202575683594,-0.6861402605180902,2.6148385134122694,2.1839906005859375,0.43084791282633184
S43A11T03,raw,144,4.8,True,False,0.24062283029448134,0.05216687011718757,-0.9595526265241497,-1.4500958862304687,0.49054325970631896,0.09535195855618962,0.77234375,-0.6769917914438104,2.664156969050894,2.189678955078125,0.4744780139727691
S43A11T03,raw,145,4.833333333333333,True,False,0.1556233778321313,0.003792968750000014,-0.9094417145169638,-1.4277513427734376,0.5183096282564739,0.12254499992122748,0.7489262084960938,-0.6263812085748663,2.7310992867537047,2.250939697265625,0.4801595894880797
S43A11T03,raw,146,4.866666666666666,False,False,0.21880782024815784,0.04001953125000002,-0.861157405668355,-1.3655906982421875,0.5044332925738325,0.16452275571467356,0.7024498596191406,-0.5379271039044671,2.75722731244138,2.1968453369140626,0.5603819755273176
S43A11T03,raw,147,4.9,False,False,0.24917224678002975,0.1350887451171876,-0.7892402269225238,-1.2798014526367187,0.4905612257141949,0.21297365432104104,0.6538628234863282,-0.44088916916528714,2.7758691707263314,2.1200752563476564,0.6557939143786751
S43A11T03,raw,148,4.933333333333334,True,False,0.21152936779303597,0.0975963134765625,-0.7758676094791391,-1.245272277832031,0.46940466835289196,0.27678320791906663,0.5997313079833985,-0.32294810006433183,2.842189677111867,2.22148388671875,0.6207057903931168
S43A11T03,raw,149,4.966666666666667,True,False,0.2623326565322243,0.14560827636718754,-0.7175779819828852,-1.1781105346679688,0.46053255268508353,0.3217044294317207,0.5744113464355469,-0.25270691700382625,2.8950431961429395,2.2877141113281247,0.6073290848148147
S43A11T03,raw,150,5.0,False,False,0.2680479076537107,0.1544810791015625,-0.6649654403855669,-1.1718176879882813,0.5068522476027144,0.34273586135954326,0.5606344451904297,-0.21789858383088645,2.956102059360233,2.3477835693359377,0.6083184900242955
S43A11T03,raw,151,5.033333333333333,True,False,0.318756657227297,0.19299731445312496,-0.6350178520265464,-1.2588441162109376,0.6238262641843912,0.3570555963302666,0.4886530456542969,-0.13159744932403028,2.9981465771911853,2.2987878417968752,0.69935873539431
S43A11T03,raw,152,5.066666666666666,False,False,0.2828482999342955,0.17439355468749995,-0.6213741541132028,-1.2226423339843748,0.601268179871172,0.3583800576799055,0.5344769592285157,-0.17609690154861019,2.9774414419861563,2.2879073486328125,0.6895340933533438
S43A11T03,raw,153,5.1,False,True,0.2828482999342955,0.17439355468749995,-0.6213741541132028,-1.2226423339843748,0.601268179871172,0.3583800576799055,0.5344769592285157,-0.17609690154861019,2.9774414419861563,2.2879073486328125,0.6895340933533438
S43A11T03,raw,154,5.133333333333334,True,False,0.07472392988747267,0.06428332519531255,-0.6519752258783098,-1.2443889770507812,0.5924137511724714,0.3570783311030939,0.21649884033203126,0.14057949077106263,2.9327631585943754,2.217769775390625,0.7149933832037503
S43A11T03,raw,155,5.166666666666667,False,True,0.07472392988747267,0.06428332519531255,-0.6519752258783098,-1.2443889770507812,0.5924137511724714,0.3570783311030939,0.21649884033203126,0.14057949077106263,2.9327631585943754,2.217769775390625,0.7149933832037503
S43A11T03,raw,156,5.2,False,True,0.07472392988747267,0.06428332519531255,-0.6519752258783098,-1.2443889770507812,0.5924137511724714,0.3570783311030939,0.21649884033203126,0.14057949077106263,2.9327631585943754,2.217769775390625,0.7149933832037503
S43A11T03,raw,157,5.233333333333333,False,True,0.07472392988747267,0.06428332519531255,-0.6519752258783098,-1.2443889770507812,0.5924137511724714,0.3570783311030939,0.21649884033203126,0.14057949077106263,2.9327631585943754,2.217769775390625,0.7149933832037503
S43A11T03,raw,158,5.266666666666667,False,True,0.07472392988747267,0.06428332519531255,-0.6519752258783098,-1.2443889770507812,0.5924137511724714,0.3570783311030939,0.21649884033203126,0.14057949077106263,2.9327631585943754,2.217769775390625,0.7149933832037503
S43A11T03,raw,159,5.3,False,True,0.07472392988747267,0.06428332519531255,-0.6519752258783098,-1.2443889770507812,0.5924137511724714,0.3570783311030939,0.21649884033203126,0.14057949077106263,2.9327631585943754,2.217769775390625,0.7149933832037503
S43A11T03,raw,160,5.333333333333333,False,True,0.07472392988747267,0.06428332519531255,-0.6519752258783098,-1.2443889770507812,0.5924137511724714,0.3570783311030939,0.21649884033203126,0.14057949077106263,2.9327631585943754,2.217769775390625,0.7149933832037503
S43A11T03,raw,161,5.366666666666666,False,True,0.07472392988747267,0.06428332519531255,-0.6519752258783098,-1.2443889770507812,0.5924137511724714,0.3570783311030939,0.21649884033203126,0.14057949077106263,2.9327631585943754,2.217769775390625,0.7149933832037503
S43A11T03,raw,162,5.4,False,True,0.07472392988747267,0.06428332519531255,-0.6519752258783098,-1.2443889770507812,0.5924137511724714,0.3570783311030939,0.21649884033203126,0.14057949077106263,2.9327631585943754,2.217769775390625,0.7149933832037503
S43A11T03,raw,163,5.433333333333334,False,True,0.07472392988747267,0.06428332519531255,-0.6519752258783098,-1.2443889770507812,0.5924137511724714,0.3570783311030939,0.21649884033203126,0.14057949077106263,2.9327631585943754,2.217769775390625,0.7149933832037503
S43A11T03,raw,164,5.466666666666667,False,True,0.07472392988747267,0.06428332519531255,-0.6519752258783098,-1.2443889770507812,0.5924137511724714,0.3570783311030939,0.21649884033203126,0.14057949077106263,2.9327631585943754,2.217769775390625,0.7149933832037503
S43A11T03,raw,165,5.5,False,True,0.07472392988747267,0.06428332519531255,-0.6519752258783098,-1.2443889770507812,0.5924137511724714,0.3570783311030939,0.21649884033203126,0.14057949077106263,2.9327631585943754,2.217769775390625,0.7149933832037503
S43A11T03,raw,166,5.533333333333333,False,True,0.07472392988747267,0.06428332519531255,-0.6519752258783098,-1.2443889770507812,0.5924137511724714,0.3570783311030939,0.21649884033203126,0.14057949077106263,2.9327631585943754,2.217769775390625,0.7149933832037503
S43A11T03,raw,167,5.566666666666666,False,True,0.07472392988747267,0.06428332519531255,-0.6519752258783098,-1.2443889770507812,0.5924137511724714,0.3570783311030939,0.21649884033203126,0.14057949077106263,2.9327631585943754,2.217769775390625,0.7149933832037503
S43A11T03,raw,168,5.6,False,True,0.07472392988747267,0.06428332519531255,-0.6519752258783098,-1.2443889770507812,0.5924137511724714,0.3570783311030939,0.21649884033203126,0.14057949077106263,2.9327631585943754,2.217769775390625,0.7149933832037503
S43A11T03,raw,169,5.633333333333334,False,True,0.07472392988747267,0.06428332519531255,-0.6519752258783098,-1.2443889770507812,0.5924137511724714,0.3570783311030939,0.21649884033203126,0.14057949077106263,2.9327631585943754,2.217769775390625,0.7149933832037503
S43A11T03,raw,170,5.666666666666667,False,True,0.07472392988747267,0.06428332519531255,-0.6519752258783098,-1.2443889770507812,0.5924137511724714,0.3570783311030939,0.21649884033203126,0.14057949077106263,2.9327631585943754,2.217769775390625,0.7149933832037503
S43A11T03,raw,171,5.7,False,False,0.08057620221170816,0.08018310546874985,-0.6595689242652173,-1.2650959472656251,0.6055270230004078,0.3596220847960325,0.2539005546569824,0.10572153013905011,2.933723737670413,2.2042135009765627,0.7295102366938502
S43A11T03,raw,172,5.733333333333333,True,False,0.11291846478841824,0.09219885253906246,-0.6657738689979003,-1.285010559082031,0.6192366900841308,0.35578694495171476,0.2939447326660156,0.06184221228569914,2.8923523517779373,2.202339477539063,0.6900128742388745
S43A11T03,raw,173,5.766666666666667,True,False,0.1849527643504279,0.11758544921875003,-0.6572931884103926,-1.2814643554687501,0.6241711670583575,0.3738382366707194,0.4016361389160157,-0.02779790224529627,2.9027764451156304,2.2498227539062503,0.6529536912093801
S43A11T03,raw,174,5.8,False,True,0.1849527643504279,0.11758544921875003,-0.6572931884103926,-1.2814643554687501,0.6241711670583575,0.3738382366707194,0.4016361389160157,-0.02779790224529627,2.9027764451156304,2.2498227539062503,0.6529536912093801
S43A11T03,raw,175,5.833333333333333,False,False,0.19590618688044897,0.12241638183593762,-0.6641129734061346,-1.2937510375976564,0.6296380641915218,0.3837535896420127,0.42713107299804687,-0.04337748335603414,2.9037506674829694,2.26808154296875,0.6356691245142194
S43A11T03,raw,176,5.866666666666666,True,False,0.0573004566281992,0.0548547363281251,-0.625725912519018,-1.1139118652343751,0.48818595271535714,0.38408869977955146,0.4888143463134766,-0.10472564653392513,2.8533867157928445,2.197020263671875,0.6563664521209693
S43A11T03,raw,177,5.9,False,True,0.0573004566281992,0.0548547363281251,-0.625725912519018,-1.1139118652343751,0.48818595271535714,0.38408869977955146,0.4888143463134766,-0.10472564653392513,2.8533867157928445,2.197020263671875,0.6563664521209693
S43A11T03,raw,178,5.933333333333334,False,True,0.0573004566281992,0.0548547363281251,-0.625725912519018,-1.1139118652343751,0.48818595271535714,0.38408869977955146,0.4888143463134766,-0.10472564653392513,2.8533867157928445,2.197020263671875,0.6563664521209693
S43A11T03,raw,179,5.966666666666667,False,True,0.0573004566281992,0.0548547363281251,-0.625725912519018,-1.1139118652343751,0.48818595271535714,0.38408869977955146,0.4888143463134766,-0.10472564653392513,2.8533867157928445,2.197020263671875,0.6563664521209693
S43A11T03,raw,180,6.0,False,True,0.0573004566281992,0.0548547363281251,-0.625725912519018,-1.1139118652343751,0.48818595271535714,0.38408869977955146,0.4888143463134766,-0.10472564653392513,2.8533867157928445,2.197020263671875,0.6563664521209693
S43A11T03,raw,181,6.033333333333333,False,True,0.0573004566281992,0.0548547363281251,-0.625725912519018,-1.1139118652343751,0.48818595271535714,0.38408869977955146,0.4888143463134766,-0.10472564653392513,2.8533867157928445,2.197020263671875,0.6563664521209693
S43A11T03,raw,182,6.066666666666666,False,True,0.0573004566281992,0.0548547363281251,-0.625725912519018,-1.1139118652343751,0.48818595271535714,0.38408869977955146,0.4888143463134766,-0.10472564653392513,2.8533867157928445,2.197020263671875,0.6563664521209693
S43A11T03,raw,183,6.1,False,True,0.0573004566281992,0.0548547363281251,-0.625725912519018,-1.1139118652343751,0.48818595271535714,0.38408869977955146,0.4888143463134766,-0.10472564653392513,2.8533867157928445,2.197020263671875,0.6563664521209693
S43A11T03,raw,184,6.133333333333334,False,True,0.0573004566281992,0.0548547363281251,-0.625725912519018,-1.1139118652343751,0.48818595271535714,0.38408869977955146,0.4888143463134766,-0.10472564653392513,2.8533867157928445,2.197020263671875,0.6563664521209693
S43A11T03,raw,185,6.166666666666667,False,True,0.0573004566281992,0.0548547363281251,-0.625725912519018,-1.1139118652343751,0.48818595271535714,0.38408869977955146,0.4888143463134766,-0.10472564653392513,2.8533867157928445,2.197020263671875,0.6563664521209693
S43A11T03,raw,186,6.2,False,True,0.0573004566281992,0.0548547363281251,-0.625725912519018,-1.1139118652343751,0.48818595271535714,0.38408869977955146,0.4888143463134766,-0.10472564653392513,2.8533867157928445,2.197020263671875,0.6563664521209693
S43A11T03,raw,187,6.233333333333333,False,True,0.0573004566281992,0.0548547363281251,-0.625725912519018,-1.1139118652343751,0.48818595271535714,0.38408869977955146,0.4888143463134766,-0.10472564653392513,2.8533867157928445,2.197020263671875,0.6563664521209693
S43A11T03,raw,188,6.266666666666667,False,True,0.0573004566281992,0.0548547363281251,-0.625725912519018,-1.1139118652343751,0.48818595271535714,0.38408869977955146,0.4888143463134766,-0.10472564653392513,2.8533867157928445,2.197020263671875,0.6563664521209693
S43A11T03,raw,189,6.3,False,True,0.0573004566281992,0.0548547363281251,-0.625725912519018,-1.1139118652343751,0.48818595271535714,0.38408869977955146,0.4888143463134766,-0.10472564653392513,2.8533867157928445,2.197020263671875,0.6563664521209693
S43A11T03,raw,190,6.333333333333333,False,True,0.0573004566281992,0.0548547363281251,-0.625725912519018,-1.1139118652343751,0.48818595271535714,0.38408869977955146,0.4888143463134766,-0.10472564653392513,2.8533867157928445,2.197020263671875,0.6563664521209693
S43A11T03,raw,191,6.366666666666666,False,True,0.0573004566281992,0.0548547363281251,-0.625725912519018,-1.1139118652343751,0.48818595271535714,0.38408869977955146,0.4888143463134766,-0.10472564653392513,2.8533867157928445,2.197020263671875,0.6563664521209693
S43A11T03,raw,192,6.4,False,True,0.0573004566281992,0.0548547363281251,-0.625725912519018,-1.1139118652343751,0.48818595271535714,0.38408869977955146,0.4888143463134766,-0.10472564653392513,2.8533867157928445,2.197020263671875,0.6563664521209693
S43A11T03,raw,193,6.433333333333334,False,True,0.0573004566281992,0.0548547363281251,-0.625725912519018,-1.1139118652343751,0.48818595271535714,0.38408869977955146,0.4888143463134766,-0.10472564653392513,2.8533867157928445,2.197020263671875,0.6563664521209693
S43A11T03,raw,194,6.466666666666667,False,True,0.0573004566281992,0.0548547363281251,-0.625725912519018,-1.1139118652343751,0.48818595271535714,0.38408869977955146,0.4888143463134766,-0.10472564653392513,2.8533867157928445,2.197020263671875,0.6563664521209693
S43A11T03,raw,195,6.5,False,True,0.0573004566281992,0.0548547363281251,-0.625725912519018,-1.1139118652343751,0.48818595271535714,0.38408869977955146,0.4888143463134766,-0.10472564653392513,2.8533867157928445,2.197020263671875,0.6563664521209693
S43A11T03,raw,196,6.533333333333333,False,True,0.0573004566281992,0.0548547363281251,-0.625725912519018,-1.1139118652343751,0.48818595271535714,0.38408869977955146,0.4888143463134766,-0.10472564653392513,2.8533867157928445,2.197020263671875,0.6563664521209693
S43A11T03,raw,197,6.566666666666666,False,True,0.0573004566281992,0.0548547363281251,-0.625725912519018,-1.1139118652343751,0.48818595271535714,0.38408869977955146,0.4888143463134766,-0.10472564653392513,2.8533867157928445,2.197020263671875,0.6563664521209693
S43A11T03,raw,198,6.6,False,True,0.0573004566281992,0.0548547363281251,-0.625725912519018,-1.1139118652343751,0.48818595271535714,0.38408869977955146,0.4888143463134766,-0.10472564653392513,2.8533867157928445,2.197020263671875,0.6563664521209693
S43A11T03,raw,199,6.633333333333334,False,True,0.0573004566281992,0.0548547363281251,-0.625725912519018,-1.1139118652343751,0.48818595271535714,0.38408869977955146,0.4888143463134766,-0.10472564653392513,2.8533867157928445,2.197020263671875,0.6563664521209693
S43A11T03,raw,200,6.666666666666667,False,True,0.0573004566281992,0.0548547363281251,-0.625725912519018,-1.1139118652343751,0.48818595271535714,0.38408869977955146,0.4888143463134766,-0.10472564653392513,2.8533867157928445,2.197020263671875,0.6563664521209693
S43A11T03,raw,201,6.7,False,True,0.0573004566281992,0.0548547363281251,-0.625725912519018,-1.1139118652343751,0.48818595271535714,0.38408869977955146,0.4888143463134766,-0.10472564653392513,2.8533867157928445,2.197020263671875,0.6563664521209693
S43A11T03,raw,202,6.733333333333333,False,True,0.0573004566281992,0.0548547363281251,-0.625725912519018,-1.1139118652343751,0.48818595271535714,0.38408869977955146,0.4888143463134766,-0.10472564653392513,2.8533867157928445,2.197020263671875,0.6563664521209693
S43A11T03,raw,203,6.766666666666667,True,False,0.11165628030304402,0.11079870605468756,-0.6133671602077553,-1.1344013061523437,0.5210341459445884,0.3894685213231892,0.5049111480712891,-0.11544262674809991,2.8683197756461296,2.186385009765625,0.6819347658805044
S43A11T03,raw,204,6.8,False,False,0.1554518780207774,0.1494876708984374,-0.6150917210484562,-1.1198842163085938,0.5047924952601376,0.39071612411530315,0.49841400146484377,-0.10769787734954062,2.8799732435162655,2.16432177734375,0.7156514661725155
S43A11T03,raw,205,6.833333333333333,False,False,0.17429898865058113,0.16580883789062506,-0.6341322907509026,-1.1214609375,0.48732864674909737,0.4027962816758768,0.4982716369628906,-0.09547535528701384,2.883769968103871,2.1475819091796877,0.7361880589241832
S43A11T03,raw,206,6.866666666666666,False,False,0.1758886378856227,0.16703369140625002,-0.6305192599745424,-1.1243258056640626,0.4938065456895202,0.39458596830011644,0.49999150085449223,-0.10540553255437579,2.884488317015535,2.142287109375,0.7422012076405347
S43A11T03,raw,207,6.9,False,False,0.17553282960290825,0.16680187988281236,-0.6312496163683873,-1.1254164428710938,0.4941668265027065,0.3915263111488508,0.5005133514404296,-0.10898704029157885,2.883488751887904,2.142724365234375,0.7407643866535292
S43A11T03,raw,208,6.933333333333334,False,False,0.17089780059259807,0.16256176757812502,-0.6296545814243553,-1.133279296875,0.5036247154506448,0.3836147215981722,0.5003460235595703,-0.11673130196139803,2.8827054311181457,2.144034912109375,0.7386705190087706
S43A11T03,raw,209,6.966666666666667,False,False,0.15491659130468152,0.14559643554687507,-0.6370863719755979,-1.1043001708984375,0.46721379892283954,0.37131153300629577,0.5053393249511718,-0.13402779194487607,2.8756168263154054,2.1628994140625,0.7127174122529052
S43A11T03,raw,210,7.0,False,False,0.16483037575889925,0.15243798828124988,-0.6447302182175468,-1.1222769775390624,0.4775467593215156,0.37020194039273835,0.4967700958251954,-0.12656815543245703,2.8649985347988465,2.1540069580078125,0.710991576791034
S43A11T03,raw,211,7.033333333333333,False,False,0.16402271196804943,0.15170776367187488,-0.6448570823529626,-1.1222039794921876,0.47734689713922507,0.37022076916115926,0.49590447998046877,-0.1256837108193095,2.8649367387584266,2.1536396484375,0.7112970903209264
S43A11T03,raw,212,7.066666666666666,True,False,0.040273967960131316,0.035898071289062417,-0.6694002203932149,-1.1907726440429687,0.5213724236497538,0.36419549653376565,0.3893770294189453,-0.02518153288517966,2.8415098099903395,2.1331165771484377,0.7083932328419018
S43A11T03,raw,213,7.1,True,False,0.03561652320264091,0.03008398437500004,-0.6823708414676778,-1.2028834228515626,0.5205125813838848,0.3689581090670432,0.39485113525390625,-0.025893026186863066,2.8383898255983566,2.116115234375,0.7222745912233566
S43A11T03,raw,214,7.133333333333334,True,False,0.08066493494517983,0.06603076171875011,-0.6945815580360057,-1.2380498046875,0.5434682466514942,0.3753205512396653,0.4096664886474609,-0.034345937407795624,2.8397107213064667,2.0954615478515626,0.7442491734549042
S43A11T03,raw,215,7.166666666666667,False,False,0.11121645398709541,0.0882279052734376,-0.6921757466152725,-1.2243716430664064,0.532195896451134,0.3764065244290116,0.4303807373046875,-0.05397421287567589,2.8369062317084004,2.086443237304688,0.7504629944037124
S43A11T03,raw,216,7.2,False,False,0.10774493532775432,0.08553942871093745,-0.6946203088703025,-1.2280507202148438,0.5334304113445414,0.3785758237571038,0.43690023803710937,-0.058324414280005565,2.8285989197732864,2.086114013671875,0.7424849061014114
S43A11T03,raw,217,7.233333333333333,False,False,0.1093757612937589,0.086592529296875,-0.693757805187746,-1.226511962890625,0.5327541577028789,0.37844785238453993,0.4391006774902344,-0.060652825105694474,2.8282690255113407,2.0863516845703125,0.7419173409410282
S43A11T03,raw,218,7.266666666666667,False,False,0.10759048989549323,0.08408239746093749,-0.6921927490431411,-1.2217501831054687,0.5295574340623276,0.3828874991350225,0.4404908599853516,-0.05760336085032908,2.8265341514468934,2.0925499267578127,0.7339842246890806
S43A11T03,raw,219,7.3,False,False,0.10903932350539061,0.08503417968749982,-0.6908673759742822,-1.2212579345703125,0.5303905585960303,0.3813222630339963,0.44232687377929686,-0.06100461074530056,2.8267082401427346,2.0918524169921877,0.7348558231505469
S43A11T03,raw,220,7.333333333333333,False,False,0.10889730459141632,0.08475463867187516,-0.6907949810265073,-1.22079248046875,0.5299974994422427,0.38073223783661053,0.4436320648193359,-0.0628998269827254,2.8275238737692128,2.093099609375,0.7344242643942129
S43A11T03,raw,221,7.366666666666666,True,False,0.0723101083505059,0.03526538085937503,-0.6857401295296521,-1.253385009765625,0.5676448802359728,0.37210280908090665,0.4647722320556641,-0.09266942297475744,2.8555684783367896,2.1697530517578127,0.6858154265789769
S43A11T03,raw,222,7.4,False,False,0.06869106152718882,0.02338989257812507,-0.687359298146774,-1.25753369140625,0.570174393259476,0.3703468246751264,0.4759326171875,-0.1055857925123736,2.858346681845128,2.1874024658203126,0.6709442160248154
S43A11T03,raw,223,7.433333333333334,True,False,0.054975984089757464,0.0536640625,-0.6541461225944122,-1.1997501220703124,0.5456039994759002,0.36045162905659245,0.4851896209716797,-0.12473799191508728,2.8784650126096,2.151253173828125,0.727211838781475
S43A11T03,raw,224,7.466666666666667,True,False,0.055209085955813,0.053256225585937456,-0.6566226086945427,-1.1697600708007814,0.5131374621062387,0.347007614593637,0.4828431396484375,-0.1358355250548005,2.857258825224994,2.1918116455078125,0.6654471797171815
S43A11T03,raw,225,7.5,True,False,0.07170719602438826,0.003790649414062486,-0.646312804654644,-1.1061870727539063,0.45987426809926224,0.35104149323486916,0.5049339447021484,-0.1538924514672792,2.853868299979724,2.173065673828125,0.6808026261515989
S43A11T03,raw,226,7.533333333333333,True,False,0.10465204278446223,0.08716284179687506,-0.6491152915402246,-1.1261114501953124,0.4769961586550878,0.3470770760701827,0.508549072265625,-0.16147199619544228,2.8690182335986973,2.159406127929688,0.7096121056690095
S43A11T03,raw,227,7.566666666666666,False,False,0.09400337968239326,0.07720849609375002,-0.6600228490653924,-1.1671007080078124,0.50707785894242,0.3235020826222831,0.4770212097167969,-0.15351912709451382,2.879064164008036,2.146669677734375,0.7323944862736611
S43A11T03,raw,228,7.6,True,False,0.08461302574969397,0.06316687011718747,-0.6702243853222309,-1.1856159057617188,0.5153915204394879,0.3061245121372038,0.47184141540527347,-0.16571690326806965,2.87123300653328,2.1643497314453124,0.7068832750879674
S43A11T03,raw,229,7.633333333333334,True,False,0.10827069744423848,0.013650512695312589,-0.6773788309572493,-1.2140928344726563,0.536714003515407,0.30108270191769576,0.4450114135742188,-0.14392871165652305,2.87109623843442,2.1767121582031255,0.6943840802312944
S43A11T03,raw,230,7.666666666666667,True,False,0.13809956385607813,0.08071972656249993,-0.6721215128916322,-1.1107012939453127,0.43857978105368045,0.30921833806777366,0.5792082824707032,-0.26998994440292956,2.8833647637519024,2.1264838867187503,0.7568808770331521
S43A11T03,raw,231,7.7,False,False,0.19932841789308456,0.14387615966796885,-0.6573280644198753,-1.0396412658691407,0.3823132014492654,0.2975838086238893,0.6729375762939453,-0.37535376767005607,2.906230373859574,2.1802343750000004,0.7259959988595734
S43A11T03,raw,232,7.733333333333333,True,False,0.11125435713169379,0.10269403076171879,-0.6821375206284795,-1.0302668762207032,0.3481293555922237,0.25946772070959107,0.5751101989746094,-0.3156424782650183,2.8910648840577555,2.1723968505859377,0.7186680334718178
S43A11T03,raw,233,7.766666666666667,True,False,0.18111427935524066,0.01962756347656258,-0.6971188002836184,-1.1169618530273437,0.41984305274372535,0.23806577306557147,0.6942395324707031,-0.45617375940513166,2.9103516601139217,2.297926391601562,0.6124252685123595
S43A11T03,raw,234,7.8,False,False,0.27079256033952914,0.08091040039062491,-0.7141026591166594,-1.192847412109375,0.4787447529927157,0.21352256270922165,0.701403564453125,-0.48788100174390336,2.905147565151647,2.361035888671875,0.5441116764797722
S43A11T03,raw,235,7.833333333333333,True,False,0.23322052107295935,0.15214343261718755,-0.7312648167286853,-1.2517692260742188,0.5205044093455335,0.1939738145289201,0.6032060546875,-0.4092322401585799,2.8719884879983995,2.3128457031250003,0.5591427848733992
S43A11T03,raw,236,7.866666666666666,True,False,0.28766409259946846,0.18746105957031256,-0.7368960393261001,-1.2983782348632813,0.5614821955371812,0.1822642005233132,0.5910281982421874,-0.40876399771887423,2.866683444455974,2.3146306152343747,0.5520528292215992
S43A11T03,raw,237,7.9,False,False,0.313158678245366,0.19894860839843753,-0.7398590860150194,-1.3207579956054687,0.5808989095904493,0.16386376773476077,0.6008088684082031,-0.4369451006734424,2.8563523032300986,2.3213675537109375,0.5349847495191611
S43A11T03,raw,238,7.933333333333334,False,False,0.3061870316313071,0.20579113769531254,-0.750985493300038,-1.3184585571289062,0.5674730638288682,0.15070622034561762,0.6345698852539063,-0.4838636649082887,2.8420423350482467,2.3550625,0.4869798350482468
S43A11T03,raw,239,7.966666666666667,False,False,0.3355827058041946,0.2314556884765624,-0.761279574255218,-1.3190232543945313,0.5577436801393133,0.13976289983053475,0.6488277587890625,-0.5090648589585278,2.8320683672149105,2.345595947265625,0.4864724199492856
S43A11T03,raw,240,8.0,False,False,0.36129799520309575,0.2455771484375,-0.7692958794574,-1.3181026611328126,0.5488067816754126,0.13715362028104758,0.6584300231933593,-0.5212764029123117,2.8187847591139827,2.340098876953125,0.4786858821608577
S43A11T03,filtered,0,0.0,False,False,0.2364100188713139,0.13930180550169724,-1.3978020064041388,-1.3883827719565045,-0.009419234447634262,-0.200295153687323,0.6257576751163043,-0.8260528288036273,2.060109579364193,2.140496784182022,-0.08038720481782935
S43A11T03,filtered,1,0.03333333333333333,False,False,0.24993774130144591,0.1487685872772595,-1.3981742794156509,-1.3966163229569992,-0.0015579564586516437,-0.20285643923176883,0.6211633665199316,-0.8240198057517005,2.05384460504879,2.1403019194535213,-0.08645731440473137
S43A11T03,filtered,2,0.06666666666666667,False,False,0.2631801454972229,0.15796138265927429,-1.3985556325506985,-1.4046562216295106,0.006100589078812169,-0.20526556133873988,0.6168705373733674,-0.8221360987121072,2.0479022763557673,2.1402811133973234,-0.09237883704155614
S43A11T03,filtered,3,0.1,False,False,0.2757199973425441,0.16659285047741612,-1.3989601816561232,-1.4122480074993782,0.013287825843254941,-0.2074100704529308,0.6131378939316279,-0.8205479643845587,2.0425443367432092,2.1404922645908164,-0.0979479278476072
S43A11T03,filtered,4,0.13333333333333333,False,False,0.2871710516552177,0.17441772315975257,-1.3994019087944989,-1.4191515039404583,0.01974959514595942,-0.2091973471853553,0.6101936926495504,-0.8193910398349057,2.037989845804622,2.1409589597532745,-0.1029691139486526
S43A11T03,filtered,5,0.16666666666666666,False,False,0.29719628003515447,0.18125367810696846,-1.399895094892471,-1.4251530645675783,0.025257969675107184,-0.21056165904941399,0.6082202201627855,-0.8187818792121995,2.034399758415678,2.1416609220942777,-0.10726116367859984
S43A11T03,filtered,6,0.2,False,False,0.30552202370443315,0.18699573671073022,-1.4004544947818507,-1.430076888052983,0.029622393271132363,-0.21146896714152286,0.6073402837074744,-0.8188092508489972,2.0318663755474105,2.142529556882188,-0.1106631813347776
S43A11T03,filtered,7,0.23333333333333334,False,False,0.31194765113652184,0.19162296727608297,-1.4010951768399464,-1.4337947258615182,0.032699549021571794,-0.21191903405439994,0.6076068340192617,-0.8195258680736617,2.030408556778904,2.1434494241151567,-0.11304086733625285
S43A11T03,filtered,8,0.26666666666666666,False,False,0.31635115195272545,0.19519723742184736,-1.4018320167171427,-1.4362333770795062,0.03440136036236341,-0.2119446271735295,0.6089968211474652,-0.8209414483209947,2.029973068490403,2.144265812156577,-0.11429274366617381
S43A11T03,filtered,9,0.3,False,False,0.3186917226606078,0.197854660184974,-1.4026788944190476,-1.4373794644887208,0.0347005700696732,-0.21160787931897815,0.6114102266777359,-0.8230181059967141,2.0304418944806875,2.1447978898555693,-0.11435599537488184
S43A11T03,filtered,10,0.3333333333333333,False,False,0.3190106245946528,0.19979107802137963,-1.4036476871861578,-1.437281108370799,0.03363342118464119,-0.2109941334804235,0.6146749103406357,-0.8256690438210592,2.0316448084100767,2.144856258158196,-0.11321144974811936
S43A11T03,filtered,11,0.36666666666666664,False,False,0.317431337031022,0.20124335555823447,-1.4047471730738506,-1.4360462528652684,0.03129907979141788,-0.210203831491516,0.6185574673113263,-0.8287612988028423,2.033376048173665,2.1442631842819777,-0.11088713610831258
S43A11T03,filtered,12,0.4,False,False,0.31415930849332474,0.20246839373324965,-1.4059819625466556,-1.4338375510280403,0.027855588481384697,-0.20934318303790234,0.6227797517692111,-0.8321229348071134,2.035413582276549,2.1428734486201106,-0.10745986634356175
S43A11T03,filtered,13,0.43333333333333335,False,False,0.3094805418749732,0.20372167923812223,-1.407351562116983,-1.4308638795873634,0.023512317470380406,-0.2085144539250481,0.6270401397182354,-0.8355545936432834,2.037539248371802,2.140593610563892,-0.10305436219208985
S43A11T03,filtered,14,0.4666666666666667,False,False,0.30375703461539183,0.20523692413602568,-1.408849651463831,-1.4273687353051994,0.018519083841368467,-0.2078067329855855,0.6310380495785783,-0.8388447825641638,2.0395579920431626,2.1373976185314545,-0.09783962648829192
S43A11T03,filtered,15,0.5,False,False,0.2974160336150655,0.20720802129668647,-1.4104636301760736,-1.423615963357784,0.013152333181710496,-0.20728797699958307,0.6344997855514947,-0.8417877625510777,2.0413145424397547,2.1333370339678845,-0.0920224915281298
S43A11T03,filtered,16,0.5333333333333333,False,False,0.2909296076955062,0.20977421844814303,-1.4121744676322223,-1.4198734811499252,0.007699013517702857,-0.20699900261947646,0.6372034813643896,-0.8442024839838661,2.0427061179999626,2.1285446632477125,-0.08583854524774992
S43A11T03,filtered,17,0.5666666666666667,False,False,0.2847818334556174,0.21300914468726795,-1.413956872737777,-1.4163958775868688,0.0024390048490918748,-0.20694990984765596,0.6390008479178704,-0.8459507577655263,2.043690133809093,2.1232310304445843,-0.07954089663549135
S43A11T03,filtered,18,0.6,False,False,0.2794236315346145,0.21691412214907047,-1.4157797899742723,-1.4134069679769277,-0.0023728219973446762,-0.20711920296146025,0.6398335891600375,-0.8469527921214978,2.0442863446104393,2.1176738052091286,-0.07338746059868928
S43A11T03,filtered,19,0.6333333333333333,False,False,0.27522016798536475,0.22141604828061734,-1.4176072227896124,-1.4110835404481548,-0.006523682341457615,-0.20745564273626718,0.6397427385247731,-0.8471983812610403,2.044573359429948,2.1122009538091064,-0.06762759437915866
S43A11T03,filtered,20,0.6666666666666666,False,False,0.2724014922351028,0.2263700108739526,-1.419399381291903,-1.409541609031819,-0.009857772260084108,-0.20788263815048363,0.6388697476282532,-0.8467523857787369,2.044679957776136,2.107168948663298,-0.062488990887161755
S43A11T03,filtered,21,0.7,False,False,0.2710305918169109,0.23156666507251544,-1.421114144172206,-1.408826460860562,-0.012287683311643871,-0.2083047839294489,0.637448871099131,-0.8457536550285798,2.0447720780879166,2.1029378078134986,-0.05816572972558198
S43A11T03,filtered,22,0.7333333333333333,True,False,0.27100080665082854,0.23674423033111736,-1.4227088108553785,-1.4089076269869407,-0.01380118386843776,-0.2086159868687424,0.6357911640451006,-0.844407150913843,2.045036697920218,2.09984501112016,-0.05480831319994195
S43A11T03,filtered,23,0.7666666666666667,False,False,0.2720659415016496,0.2416047366327596,-1.4241420968245107,-1.4096796074901525,-0.01446248933435812,-0.20870851024450884,0.6342611656550321,-0.842969675899541,2.045664054482429,2.0981804388060787,-0.05251638432364958
S43A11T03,filtered,24,0.8,True,False,0.27389545385914926,0.24583385640084843,-1.425376293332861,-1.4109687483948523,-0.014407544938008776,-0.2084822094423045,0.6332480131565481,-0.8417302225988526,2.0468297491785923,2.098164397002355,-0.05133464782376285
S43A11T03,filtered,25,0.8333333333333334,False,False,0.27613971884819144,0.24912331090115813,-1.4263794759181814,-1.4125461278657283,-0.013833348052453065,-0.20785323627123137,0.6331332557460824,-0.8409864920173138,2.0486782401721353,2.0999305422918546,-0.05125230211971932
S43A11T03,filtered,26,0.8666666666666667,False,False,0.2784896360112644,0.251194467515365,-1.427127610786186,-1.4141457116100309,-0.01298189917615522,-0.20676155173000071,0.6342579734592902,-0.8410195251892909,2.0513090641885467,2.1035151120615305,-0.052206047872983774
S43A11T03,filtered,27,0.9,False,False,0.2807192272964848,0.2518213999566874,-1.4276063826099064,-1.4154864512389473,-0.012119931370959014,-0.205176698815448,0.6368919214413502,-0.8420686202567982,2.0547668630828073,2.1088533399899347,-0.05408647690712742
S43A11T03,filtered,28,0.9333333333333333,False,False,0.28270583114360925,0.2508514393722314,-1.4278125601248899,-1.4162965049756167,-0.01151605514927323,-0.20310143496273791,0.6412073014562563,-0.8443087364189942,2.059035947898145,2.1157833273494013,-0.0567473794512563
S43A11T03,filtered,29,0.9666666666666667,False,False,0.2844275539837809,0.24822117961354717,-1.4277547336956575,-1.416337436938675,-0.011417296756982553,-0.20057299186343677,0.6472594132605864,-0.8478324051240232,2.064039741997576,2.124057001854726,-0.060017259857149785
S43A11T03,filtered,30,1.0,False,False,0.2859412840395213,0.24396608125505193,-1.4274533044357416,-1.4154261614762633,-0.012027142959478265,-0.19766190294042085,0.6549758832120827,-0.8526377861525035,2.06964503592303,2.13335718413528,-0.06371214821225024
S43A11T03,filtered,31,1.0333333333333334,False,False,0.2873472970093253,0.2382222767524269,-1.4269396745747718,-1.4134525718793767,-0.013487102695395103,-0.1944685027920944,0.6641554537250124,-0.8586239565171068,2.0756705918505887,2.1433192570759947,-0.06764866522540602
S43A11T03,filtered,32,1.0666666666666667,True,False,0.28874859448908347,0.23121989031770718,-1.42625467454494,-1.4103912142132886,-0.015863460331651424,-0.1911173500070086,0.6744765134819892,-0.8655938634889978,2.0818992875455664,2.1535555507139605,-0.07165626316839413
S43A11T03,filtered,33,1.1,False,False,0.2902141969633392,0.22326807000600857,-1.4254463496104022,-1.4063059795385637,-0.019140370071838442,-0.18774995063769548,0.6855147370688135,-0.873264687706509,2.088092720204001,2.1636803596629575,-0.07558763945895652
S43A11T03,filtered,34,1.1333333333333333,True,False,0.2917548094869945,0.2147328615293853,-1.4245673015632374,-1.4013475017517019,-0.023219799811535546,-0.1845162623801687,0.6967684683698798,-0.8812847307500485,2.09400702633721,2.1733335274400396,-0.07932650110282946
S43A11T03,filtered,35,1.1666666666666667,False,False,0.2933161224164536,0.20600989176768936,-1.4236718248972524,-1.3957436608985825,-0.02792816399866993,-0.18156553705823508,0.707689897183195,-0.88925543424143,2.0994086316590206,2.182200763334192,-0.08279213167517163
S43A11T03,filtered,36,1.2,False,False,0.2947901452308447,0.19749444757164003,-1.4228130839235573,-1.3897842087298478,-0.03302887519370956,-0.1790371074381794,0.7177196914894095,-0.8967567989275889,2.104088726364698,2.1900292732202526,-0.08594054685555452
S43A11T03,filtered,37,1.2333333333333334,False,False,0.29604008302939855,0.18955184525294433,-1.4220405479962235,-1.38380098610449,-0.0382395618917335,-0.17705173795311735,0.7263225766061953,-0.9033743145593126,2.107875450538413,2.1966378279595924,-0.0887623774211792
S43A11T03,filtered,38,1.2666666666666666,False,True,0.2969311449790698,0.18249095451437203,-1.4213978450050389,-1.3781454576410295,-0.04325238736400938,-0.17570413177812425,0.7330213864149971,-0.9087255181931214,2.110643041284342,2.2019209845015046,-0.09127794321716243
S43A11T03,filtered,39,1.3,True,False,0.2973591896863993,0.1765433860985044,-1.42092112241169,-1.3731653500739416,-0.047755772337748414,-0.17505711556456,0.7374273203470871,-0.9124844359116471,2.1123174993751834,2.2058477345986462,-0.09353023522346282
S43A11T03,filtered,40,1.3333333333333333,False,False,0.29727091208125345,0.17185023440565184,-1.4206379352508742,-1.369182076854225,-0.05145585839664912,-0.17513790937801987,0.7392644837538618,-0.9144023931318817,2.112878641405071,2.2084553159872096,-0.09557667458213848
S43A11T03,filtered,41,1.3666666666666667,False,False,0.29667229258330124,0.16845746883900792,-1.4205666239468586,-1.3664704080976566,-0.05409621584920199,-0.17593673979408664,0.7383872305398416,-0.9143239703339282,2.112358683912788,2.2098392371360953,-0.09748055322330718
S43A11T03,filtered,42,1.4,False,False,0.295625184232041,0.16632018446126207,-1.4207161089746296,-1.3652415513317582,-0.05547455764287146,-0.17740788023428966,0.734789332805687,-0.9121972130399767,2.1108377395229603,2.210140723935986,-0.09930298441302554
S43A11T03,filtered,43,1.4333333333333333,False,False,0.29423449514522193,0.1653150454814738,-1.4210860164021928,-1.3656304882858508,-0.05545552811634202,-0.17947301916528097,0.7286045447785796,-0.9080775639438605,2.1084367822802643,2.209532805537027,-0.10109602325676281
S43A11T03,filtered,44,1.4666666666666666,True,False,0.292630075920774,0.16525946624946064,-1.4216670553666308,-1.3676880981986883,-0.05397895716794254,-0.1820266798025534,0.7200986808300791,-0.9021253606326325,2.1053087571770845,2.2082061465652725,-0.10289738938818793
S43A11T03,filtered,45,1.5,False,False,0.2909479885710464,0.1659354417695127,-1.4224415890912785,-1.3713783067315017,-0.05106328235977675,-0.18494326027630428,0.7096538612631063,-0.8945971215394105,2.1016285682740246,2.2063555446265966,-0.104726976352572
S43A11T03,filtered,46,1.5333333333333334,False,False,0.28931528283457203,0.16711551460367535,-1.4233843669027244,-1.3765802366993705,-0.046804130203353944,-0.1880851449554972,0.697746063256456,-0.8858312082119533,2.0975826834893327,2.204167788798027,-0.10658510530869414
S43A11T03,filtered,47,1.5666666666666667,False,False,0.2878408825662535,0.16858818114472318,-1.4244634080083824,-1.3830950991642652,-0.04136830884411724,-0.19131126686273334,0.6849175154640582,-0.8762287823267916,2.093359046115622,2.20181135610145,-0.10845230998582789
S43A11T03,filtered,48,1.6,False,False,0.28661309666413315,0.17018011379328368,-1.4256410429414756,-1.3906573454505327,-0.03498369749094299,-0.19448548464882429,0.6717457642631883,-0.8662312489120126,2.0891378893310706,2.1994282379851335,-0.11029034865406295
S43A11T03,filtered,49,1.6333333333333333,False,False,0.2857022518974667,0.17177290546168567,-1.4268751231721089,-1.398949400357921,-0.027925722814187814,-0.19748417696490603,0.6588113971262075,-0.8562955740911136,2.0850839191919572,2.1971280521573093,-0.1120441329653521
S43A11T03,filtered,50,1.6666666666666667,True,False,0.28516565576948116,0.17331260945085525,-1.4281204041269517,-1.4076191186179259,-0.020501285509025857,-0.20020254793564055,0.6466664266391499,-0.8468689745747904,2.0813401761003347,2.1949845049244185,-0.11364432882408382
S43A11T03,filtered,51,1.7,False,False,0.28505192676882646,0.17481110985207304,-1.4293300945471308,-1.4162989601630764,-0.013031134384054344,-0.20255926963467272,0.6358052245898445,-0.8383644942245172,2.0780237200267133,2.1930342097048374,-0.1150104896781241
S43A11T03,filtered,52,1.7333333333333334,False,False,0.2854026179507119,0.17633924909004395,-1.4304575491225395,-1.4246257767295192,-0.005831772393020351,-0.20449924595984442,0.6266396690341614,-0.8311389149940058,2.0752231281276847,2.1912778154262265,-0.11605468729854174
S43A11T03,filtered,53,1.7666666666666666,False,False,0.2862505352955479,0.17801256963209267,-1.4314580643065766,-1.4322600533730316,0.0008019890664550111,-0.20599444918679752,0.6194798548573641,-0.8254743040441617,2.0729976615659687,2.1896833326259233,-0.11668567105995464
S43A11T03,filtered,54,1.8,False,False,0.2876155586934525,0.179971388894395,-1.4322907204870006,-1.438903462351792,0.006612741864791438,-0.20704293768196663,0.6145213469148858,-0.8215642845968525,2.0713778646835097,2.188191453940018,-0.11681358925650809
S43A11T03,filtered,55,1.8333333333333333,False,False,0.2894995687927047,0.18235760957262714,-1.4329201977449644,-1.4443136703760835,0.011393472631119117,-0.20766629537790915,0.6118395470707494,-0.8195058424486585,2.0703673115905845,2.1867225520054285,-0.11635524041484402
S43A11T03,filtered,56,1.8666666666666667,False,False,0.2918820669915856,0.18529107558289848,-1.4333184778068153,-1.4483154975709613,0.014997019764146025,-0.20790583004970184,0.6113913199508012,-0.8192971500005031,2.069945212356604,2.1851849162444035,-0.11523970388779947
S43A11T03,filtered,57,1.9,False,False,0.2947174485514884,0.18884835034809533,-1.4334663327417996,-1.4508077561212298,0.017341423379430232,-0.20781792332958876,0.6130235914791369,-0.8208415148087256,2.0700696249250314,2.18348368093438,-0.1134140560093484
S43A11T03,filtered,58,1.9333333333333333,False,False,0.29793411138789416,0.19304649625483594,-1.4333544934790365,-1.4517653877365202,0.018410894257483656,-0.20746894138571437,0.6164882142001595,-0.8239571555858739,2.070681074877707,2.1815298202714155,-0.11084874539370837
S43A11T03,filtered,59,1.9666666666666666,False,False,0.3014351084702937,0.19783379955359792,-1.432984390591647,-1.4512368503157225,0.01825245972407541,-0.20693009617445887,0.6214620029110454,-0.8283920990855043,2.071706445644884,2.1792485575442937,-0.10754211189940976
S43A11T03,filtered,60,2.0,False,False,0.305100075483963,0.20308849312766664,-1.4323683682034976,-1.449337045597959,0.016968677394461507,-0.2062726006967463,0.6275705081446223,-0.8338431088413687,2.0730630505839254,2.176586565295122,-0.1035235147111968
S43A11T03,filtered,61,2.033333333333333,True,False,0.3087885442562346,0.2086255027748367,-1.4315292912825632,-1.4462363984213007,0.014707107138737463,-0.20556339634601528,0.6344138437049651,-0.8399772400509804,2.0746628246639958,2.17351742535282,-0.09885460068882423
S43A11T03,filtered,62,2.066666666666667,False,False,0.3123451298334312,0.21421022810489077,-1.4304994986339445,-1.4421469652842425,0.011647466650297922,-0.2048616547172108,0.6415927489927022,-0.8464544037099131,2.076416573689473,2.1700449679632046,-0.09362839427373171
S43A11T03,filtered,63,2.1,True,False,0.31560712222636367,0.21957751383530733,-1.4293190993277116,-1.4373066440498363,0.007987544722124706,-0.20421617781178886,0.6487330724980782,-0.852949250309867,2.0782381965573467,2.1662043045525405,-0.08796610799519389
S43A11T03,filtered,64,2.1333333333333333,False,False,0.31841460796731264,0.22445339201575676,-1.4280336678135979,-1.4319626659854092,0.00392899817181136,-0.20366374575472354,0.6555070208970939,-0.8591707666518175,2.0800487595948853,2.1620605858975868,-0.08201182630270143
S43A11T03,filtered,65,2.1666666666666665,False,False,0.32062253915957584,0.22857695471907014,-1.4266914581743453,-1.4263555720071652,-0.00033588616718005504,-0.2032283945074721,0.6616498202057628,-0.8648782147132349,2.081780262542258,2.15770572624411,-0.07592546370185227
S43A11T03,filtered,66,2.2,False,False,0.32211346200060154,0.23171986640867104,-1.4253403229480734,-1.420704808707651,-0.0046355142404224114,-0.20292155027410502,0.6669708520601054,-0.8698924023342105,2.0833789039716906,2.153253501914758,-0.0698745979430675
S43A11T03,filtered,67,2.2333333333333334,False,False,0.32280920230352805,0.2337015035307719,-1.424024576245763,-1.4151969319083304,-0.00882764433743266,-0.2027429034996533,0.6713588134898539,-0.8741017169895072,2.0848076385318444,2.1488335335504516,-0.06402589501860723
S43A11T03,filtered,68,2.2666666666666666,False,False,0.3226798279728691,0.2343984248686155,-1.4227820736235668,-1.4099771848021383,-0.012804888821428495,-0.2026818739387355,0.6747809486654968,-0.8774628226042323,2.086047825000963,2.1445846809519504,-0.058536855950987565
S43A11T03,filtered,69,2.3,False,False,0.3217486344195977,0.23374770763362362,-1.4216417836803201,-1.4051449371902613,-0.01649684649005878,-0.2027194993900072,0.6772768640911109,-0.8799963634811181,2.087099795152402,2.1406483231106677,-0.0535485279582657
S43A11T03,filtered,70,2.3333333333333335,False,False,0.32009256535359676,0.2317445005114458,-1.4206220943858117,-1.4007531504546589,-0.019868943931152794,-0.20283057422894746,0.6789478228377674,-0.8817783970667149,2.087982228497716,2.1371618856908974,-0.04917965719318129
S43A11T03,filtered,71,2.3666666666666667,False,False,0.31783818012633347,0.22843482929894332,-1.4197300319727717,-1.3968116943280113,-0.022918337644760367,-0.202985869069269,0.6799426916361313,-0.8829285607054003,2.08873029440398,2.1342528480941425,-0.04552255369016267
S43A11T03,filtered,72,2.4,False,False,0.3151538319945726,0.22390515844400594,-1.4189614786335583,-1.3932940154644493,-0.02566746316910895,-0.20315427820267526,0.6804418751973611,-0.8835961534000364,2.0893926161181073,2.1320333485897587,-0.042640732471651344
S43A11T03,filtered,73,2.433333333333333,False,False,0.31223902619004423,0.2182704204800765,-1.4183023687548444,-1.3901463753527645,-0.02815599340207986,-0.20330476486397775,0.6806406159786378,-0.8839453808426155,2.090027213684384,2.1305954364498585,-0.04056822276547445
S43A11T03,filtered,74,2.466666666666667,False,False,0.30931196753460993,0.21166217894252792,-1.4177307367279193,-1.3872986655930828,-0.03043207113483648,-0.2034080037323332,0.6807329744372297,-0.8841409781695628,2.0906966845157897,2.1300070051316613,-0.039310320615871586
S43A11T03,filtered,75,2.5,False,False,0.30659614863280477,0.20421833393553945,-1.4172193980843575,-1.3846756957505533,-0.032543702333804214,-0.20343765344776774,0.6808976491397691,-0.8843353025875369,2.091462968713106,2.130308471011009,-0.03884550229790307
S43A11T03,filtered,76,2.533333333333333,False,False,0.3043065897375267,0.1960753854199122,-1.416738983141367,-1.3822078472433001,-0.03453113589806689,-0.20337122734174745,0.6812865649455502,-0.8846577922872976,2.092382107463269,2.1315103131974387,-0.03912820573416953
S43A11T03,filtered,77,2.566666666666667,False,False,0.30263615576927244,0.18736381731373353,-1.4162610164256024,-1.379840097580764,-0.036420918844838335,-0.2031905658226259,0.6820168699747066,-0.8852074357973325,2.0934994255531043,2.133591631361763,-0.040092205808658576
S43A11T03,filtered,78,2.6,False,False,0.30174235160766244,0.17820672386879188,-1.4157607466643622,-1.3775386297802654,-0.038222116884096824,-0.20288194634748494,0.6831666597297206,-0.8860486060772055,2.0948455470966048,2.136499886272433,-0.04165433917582817
S43A11T03,filtered,79,2.6333333333333333,False,False,0.3017351660005532,0.16872141362018578,-1.4152194751530522,-1.375294525370962,-0.03992494978209016,-0.20243589402159282,0.6847744132968032,-0.887210307318396,2.0964335878144444,2.140151952168918,-0.043718364354473405
S43A11T03,filtered,80,2.6666666666666665,False,False,0.30266682736917433,0.15902341604937886,-1.414626194495086,-1.3731243596921778,-0.041501834802908144,-0.2018467753723066,0.6868418069408377,-0.8886885823131443,2.0982577649556564,2.1444365375145233,-0.04617877255886693
S43A11T03,filtered,81,2.7,False,False,0.30452459441784435,0.1492320843400099,-1.4139784235177282,-1.371067835100508,-0.042910588417220286,-0.20111226828218753,0.6893392895657637,-0.8904515578479513,2.1002935392043245,2.149217938887948,-0.0489243996836235
S43A11T03,filtered,82,2.7333333333333334,False,False,0.30722775525907947,0.13947682832202268,-1.413282197757656,-1.3691828641111605,-0.04409933364649543,-0.20023280187411593,0.6922135864058293,-0.8924463882799453,2.1024992659927952,2.15434100304711,-0.05184173705431494
S43A11T03,filtered,83,2.7666666666666666,False,False,0.31062975241920054,0.1299029199731061,-1.412551242042585,-1.3675387222740825,-0.04501251976850251,-0.1992110516582505,0.6953961635601296,-0.89460721521838,2.1048192010601428,2.15963710113712,-0.05481790007697729
S43A11T03,filtered,84,2.8,False,False,0.3145258284433019,0.1206757918264012,-1.4118054101359372,-1.3662080144344408,-0.045597395701496346,-0.19805155864190976,0.6988116532725088,-0.8968632119144186,2.1071875898434986,2.164930873522367,-0.057743283678868274
S43A11T03,filtered,85,2.8333333333333335,False,False,0.3186659557288927,0.11198280692028373,-1.4110685268541263,-1.3652582365775612,-0.045810290276565135,-0.1967605182282405,0.702385316146702,-0.8991458343749424,2.1095334826279704,2.1700474804411427,-0.06051399781317235
S43A11T03,filtered,86,2.8666666666666667,False,False,0.32277225405182886,0.1040316331271085,-1.4103658120903455,-1.3647436796100998,-0.045622132480245714,-0.19534575799111928,0.7060487971510434,-0.9013945551421627,2.1117858641143816,2.1748200823973693,-0.06303421828298772
S43A11T03,filtered,87,2.9,False,False,0.3265597111684988,0.0970446183511875,-1.4097211041586322,-1.364698330733047,-0.04502277342558525,-0.193816895620963,0.7097436979751135,-0.9035605935960764,2.113878670309858,2.1790972633205445,-0.06521859301068655
S43A11T03,filtered,88,2.933333333333333,False,False,0.3297587919886101,0.09124893915608734,-1.4091541296926564,-1.3651303059641287,-0.044023823728527756,-0.1921856425059724,0.7134228059304826,-0.9056084484364549,2.115755286994131,2.1827500913065965,-0.0669948043124653
S43A11T03,filtered,89,2.966666666666667,False,False,0.3321383584695501,0.08686276900561074,-1.4086780843403062,-1.3660182160538115,-0.042659868286494707,-0.1904661974028655,0.7170491465365635,-0.907515343939429,2.1173721789698625,2.185678485574117,-0.06830630660425463
S43A11T03,filtered,90,3.0,False,False,0.33352712831664927,0.08407824720334722,-1.4082977865729862,-1.3673097437543005,-0.04098804281868573,-0.18867566065070868,0.7205933179954764,-0.9092689786461852,2.118701381907853,2.1878165310893323,-0.06911514918147921
S43A11T03,filtered,91,3.033333333333333,False,False,0.3338316347955352,0.08304256944436172,-1.408008640260224,-1.368922600305736,-0.039086039954488117,-0.1868343934888639,0.7240297808997689,-0.9108641743886328,2.1197316911411224,2.1891363667093695,-0.06940467556824714
S43A11T03,filtered,92,3.066666666666667,False,False,0.33304836124137543,0.08383899522059712,-1.4077965865978608,-1.3707479304555465,-0.03704865614231423,-0.18496624916364782,0.7273328875662266,-0.9122991367298744,2.120468495546641,2.1896502835310487,-0.06918178798440788
S43A11T03,filtered,93,3.1,False,False,0.33126756188435397,0.08646990085889139,-1.407639142556982,-1.3726561378119673,-0.03498300474501481,-0.1830986116634542,0.7304734301667993,-0.9135720418302535,2.1209323207081936,2.1894107208695957,-0.06847840016140205
S43A11T03,filtered,94,3.1333333333333333,False,False,0.3286664923627089,0.09084413047567308,-1.4075075157960304,-1.3745049915710261,-0.03300252422500427,-0.18126219267819843,0.7334163701750144,-0.9146785628532128,2.1211562552497663,2.1885079465319723,-0.06735169128220608
S43A11T03,filtered,95,3.1666666666666665,False,False,0.3254906705948481,0.09677075889220399,-1.407369664022692,-1.3761497388887156,-0.031219925133976423,-0.17949055601916677,0.7361202039361976,-0.9156107599553643,2.1211825297272733,2.1870653566107827,-0.06588282688350944
S43A11T03,filtered,96,3.2,False,False,0.32202364407199513,0.10396095734961164,-1.4071940428667324,-1.3774547783719995,-0.029739264494732964,-0.177819358941925,0.738538153224017,-0.916357512165942,2.121058591945449,2.185232518865855,-0.06417392692040558
S43A11T03,filtered,97,3.2333333333333334,False,False,0.3185485652441838,0.1120389587283146,-1.406953675414961,-1.3783062539125166,-0.02864742150244437,-0.17628531835015346,0.740621086423229,-0.9169064047733825,2.120833070226578,2.1831762934909467,-0.062343223264368586
S43A11T03,filtered,98,3.2666666666666666,False,False,0.3153081236796915,0.12056220947344154,-1.4066300940272303,-1.3786247211451301,-0.028005372882100144,-0.17492492309335483,0.7423218186370257,-0.9172467417303806,2.120552032133479,2.181070567996654,-0.06051853586317524
S43A11T03,filtered,99,3.3,False,False,0.31247178935823755,0.12904976529955348,-1.4062166646056373,-1.3783768490365977,-0.027839815569039583,-0.17377291916130116,0.7436002452834636,-0.9173731644447647,2.1202559265891594,2.179085308062785,-0.05882938147362582
S43A11T03,filtered,100,3.3333333333333335,False,False,0.310119272357772,0.13701696081583137,-1.4057208151070886,-1.3775849818682409,-0.02813583323884772,-0.17286059344164972,0.7444286581623989,-0.9172892516040486,2.1199775399440566,2.1773757259851063,-0.05739818604104974
S43A11T03,filtered,101,3.3666666666666667,False,False,0.30824563336930655,0.14401349502848948,-1.405164758149204,-1.376333339454931,-0.02883141869427286,-0.17221387888317988,0.7447965819886796,-0.9170104608718594,2.11974120170774,2.17607238509472,-0.056331183386979955
S43A11T03,filtered,102,3.4,False,False,0.30678729456878806,0.14966145053627455,-1.4045844195839676,-1.3747697081737489,-0.02981471141021874,-0.1718513074184225,0.7447145416478306,-0.916565849066253,2.1195633479361793,2.1752729883680373,-0.055709640431858
S43A11T03,filtered,103,3.433333333333333,False,False,0.30566168630433194,0.15368949731454928,-1.4040264514031486,-1.3731016926640458,-0.03092475873910283,-0.1717818550097366,0.7442163022584258,-0.9159981572681625,2.1194543995211035,2.1750364526965584,-0.05558205317545495
S43A11T03,filtered,104,3.466666666666667,False,False,0.3048091410443976,0.15595966755425605,-1.4035434028938136,-1.37158696080449,-0.03195644208932369,-0.17200276058388708,0.7433592876682398,-0.9153620482521269,2.1194217540112708,2.1753796685230524,-0.05595791451178167
S43A11T03,filtered,105,3.5,False,False,0.3042253539784442,0.1564836184013101,-1.4031873293986088,-1.370517405380141,-0.0326699240184678,-0.17249745636976477,0.7422230537347131,-0.9147205101044779,2.119473541738494,2.1762771149510662,-0.056803573212572456
S43A11T03,filtered,106,3.533333333333333,False,False,0.3039759246079116,0.15542617019427052,-1.403002312795739,-1.3701977277187667,-0.03280458507697226,-0.17323381332141036,0.7409058538711562,-0.9141396671925666,2.1196226789216457,2.1776632691854427,-0.05804059026379704
S43A11T03,filtered,107,3.566666666666667,False,False,0.3041897607115124,0.15309503098789934,-1.4030165319841215,-1.3709195686650626,-0.03209696331905887,-0.17416296812282125,0.7395194776742979,-0.9136824457971192,2.1198906782183786,2.1794375364587606,-0.05954685824038197
S43A11T03,filtered,108,3.6,False,False,0.3050338984106673,0.14991688667002623,-1.403234637400164,-1.3729329077131909,-0.0303017296869732,-0.1752190407964585,0.7381826673792122,-0.9134017081756707,2.1203106619733214,2.1814712451528218,-0.06116058317950035
S43A11T03,filtered,109,3.6333333333333333,False,False,0.3066771614457738,0.14640133496251972,-1.4036312362271512,-1.3764169557008632,-0.02721428052628805,-0.17632005758426755,0.7370135230475847,-0.9133335806318523,2.1209290703489887,2.183616108807352,-0.0626870384583631
S43A11T03,filtered,110,3.6666666666666665,False,False,0.30925268963311897,0.14309535621822533,-1.404146274036381,-1.3814531173093785,-0.02269315672700256,-0.17737034977193478,0.7361213972006022,-0.913491746972537,2.1218056649383636,2.1857134573214614,-0.06390779238309774
S43A11T03,filtered,111,3.7,False,False,0.3128285973093934,0.14053203493178912,-1.4046829990156933,-1.3880027436236237,-0.01668025539206952,-0.1782645993010686,0.7355988516484672,-0.9138634509495358,2.123011592184193,2.187603490151191,-0.06459189796699771
S43A11T03,filtered,112,3.7333333333333334,False,False,0.31739179926108885,0.13917797465160775,-1.4051090179783894,-1.39589229470378,-0.009216723274609429,-0.17889354842699698,0.73551429806781,-0.914407846494807,2.1246254786868572,2.189133813043054,-0.06450833435619696
S43A11T03,filtered,113,3.7666666666666666,False,False,0.32284401269594437,0.13938420362924653,-1.4052607074519705,-1.4048081704429487,-0.00045253700902181393,-0.17915119413998096,0.7359059600853006,-0.9150571542252816,2.1267277661260335,2.190166595859421,-0.06343882973338744
S43A11T03,filtered,114,3.8,False,False,0.3290040311165082,0.14134529198595192,-1.4049509442698753,-1.4143028515882152,0.009351907318339903,-0.17894306751439573,0.7367777665139161,-0.9157208340283118,2.1293937363693027,2.190583838448898,-0.0611901020795953
S43A11T03,filtered,115,3.8333333333333335,False,False,0.33560909938298805,0.14507087078618608,-1.4039797914006111,-1.4238131534982585,0.01983336209764741,-0.17819497899940298,0.7380977016251333,-0.9162926806245363,2.132685902906812,2.1902904524951645,-0.057604549588352594
S43A11T03,filtered,116,3.8666666666666667,False,False,0.342311128680549,0.1503727801674135,-1.4021474455624288,-1.432690389362559,0.03054294380013034,-0.17686142212785372,0.7397989918467847,-0.9166604139746384,2.1366466262721953,2.1892151453806727,-0.052568519108477485
S43A11T03,filtered,117,3.9,False,False,0.34866885175253143,0.1568697474449141,-1.399268456878741,-1.4402411453784976,0.04097268849975655,-0.1749326996777415,0.7417843002552552,-0.9167169999329967,2.14129192203966,2.187309397697655,-0.04601747565799519
S43A11T03,filtered,118,3.933333333333333,False,False,0.35414199908082555,0.16400992387568825,-1.3951860017480122,-1.4457762826175942,0.05059028086958195,-0.1724397938059654,0.7439328427406747,-0.9163726365466401,2.1466074472554344,2.1845451159319604,-0.03793766867652604
S43A11T03,filtered,119,3.966666666666667,False,False,0.35809581578311633,0.17110994436469684,-1.3897848594497475,-1.4486648028593119,0.05887994340956437,-0.16945606358201543,0.7461100554139146,-0.9155661189959301,2.152547558718749,2.180911765621139,-0.028364206902390166
S43A11T03,filtered,120,4.0,False,False,0.35982291948659706,0.17740759046052923,-1.3830017345493124,-1.448388451401569,0.06538671685225661,-0.16609502785881017,0.7481791616289684,-0.9142741894877785,2.1590381285839,2.176413900233606,-0.01737577164970583
S43A11T03,filtered,121,4.033333333333333,False,False,0.35858546505548866,0.18212380192931632,-1.374831693333546,-1.4445924694739984,0.0697607761404524,-0.1625037744389877,0.7500137408847654,-0.912517515323753,2.1659834861163443,2.171069962983446,-0.00508647686710173
S43A11T03,filtered,122,4.066666666666666,False,False,0.3536756163912792,0.18452883673793874,-1.3653297418798387,-1.437127820355536,0.0717980784756973,-0.1588519109819183,0.7515102194210111,-0.9103621304029295,2.1732774493873026,2.1649130410322703,0.008364408355032271
S43A11T03,filtered,123,4.1,False,False,0.3444881305932066,0.18400691765106902,-1.3546069501202764,-1.4260805339464937,0.07147358382621727,-0.15531640987827247,0.7525991046722512,-0.9079155145505237,2.180817950141843,2.1579939093362395,0.02282404080560374
S43A11T03,filtered,124,4.133333333333334,False,False,0.3305963670817852,0.18011376359772258,-1.342820991871338,-1.41178454709903,0.06896355522769193,-0.15206315950774965,0.7532537847845292,-0.9053169442922788,2.188524282083229,2.150386256913051,0.03813802517017795
S43A11T03,filtered,125,4.166666666666667,False,False,0.31182233173084817,0.17262196709113464,-1.3301614873466485,-1.394815529799475,0.06465404245282658,-0.14922647294718774,0.7534958131889935,-0.9027222861361812,2.1963555669110186,2.1421935057124886,0.054162061198530065
S43A11T03,filtered,126,4.2,False,False,0.28829205184476175,0.16155017973265307,-1.3168310589202765,-1.3759646172246054,0.05913355830432887,-0.14688817557993772,0.7533957930035934,-0.9002839685835311,2.204328685129993,2.1335561889017205,0.07077249622827253
S43A11T03,filtered,127,4.233333333333333,False,False,0.26046916784373947,0.14717340710096338,-1.3030234980567266,-1.3561926238867046,0.053169125829978015,-0.14505815100712177,0.753069258686071,-0.8981274096931928,2.21253370822427,2.1246585293081415,0.0878751789161285
S43A11T03,filtered,128,4.266666666666667,False,False,0.2291617835405917,0.13001327315158062,-1.288900847884811,-1.3365670824968485,0.04766623461203756,-0.14365833287198787,0.7526673119005349,-0.8963256447725227,2.2211448347400444,2.1157327144951057,0.10541212024493873
S43A11T03,filtered,129,4.3,False,False,0.19550018762423643,0.11080876414637952,-1.2745714916593402,-1.3181861870878513,0.04361469542851104,-0.14251206249146653,0.7523621904043731,-0.8948742528958397,2.2304250000749404,2.1070594400314118,0.12336556004352861
S43A11T03,filtered,130,4.333333333333333,False,False,0.16088605332131856,0.09046957141908751,-1.2600714668192738,-1.3020952664199767,0.042023799600702905,-0.14134047730996577,0.7523284119360576,-0.8936688892460234,2.240722703863942,2.0989635888653493,0.14175911499859284
S43A11T03,filtered,131,4.366666666666666,False,False,0.1269173744593593,0.07001559053444861,-1.2453511683567133,-1.2892025949729136,0.04385142661620023,-0.1397671593846206,0.7527206091980061,-0.8924877685826267,2.252460163051682,2.091804397544978,0.16065576550670402
S43A11T03,filtered,132,4.4,False,False,0.09529851761409679,0.050507278926038124,-1.2302693437979826,-1.2802019924394439,0.0499326486414613,-0.13733168041608879,0.7536496166907689,-0.8909812971068577,2.266112614240605,2.0859600654874333,0.18015254875317188
S43A11T03,filtered,133,4.433333333333334,False,False,0.06775336339989924,0.032972321109579594,-1.2145958090847147,-1.2755096243451955,0.0609138152604809,-0.1335119701505565,0.7551587382993824,-0.8886707084499389,2.2821793983644563,2.08180741311464,0.20037198524981648
S43A11T03,filtered,134,4.466666666666667,False,False,0.04597000125413424,0.018334329544270833,-1.1980236433319578,-1.2752216114623351,0.07719796813037738,-0.12775466063340746,0.7572023688033003,-0.8849570294367077,2.301148294351069,2.079697811491392,0.2214504828596766
S43A11T03,filtered,135,4.5,False,False,0.031545717029432034,0.00734909493091096,-1.180190788469416,-1.279097485941862,0.09890669747244596,-0.11951178083499633,0.7596292221487355,-0.8791410029837319,2.3234553507637115,2.0799311260830637,0.24352422468064772
S43A11T03,filtered,136,4.533333333333333,False,False,0.02543221637467085,0.0005532163350279173,-1.1607100505999062,-1.2865722995717603,0.12586224897185416,-0.10828146103372556,0.7621723054357578,-0.8704537664694834,2.3494431203348056,2.0827297922771475,0.26671332805765813
S43A11T03,filtered,137,4.566666666666666,False,False,0.026766686921066245,0.0017711422836010904,-1.139205559372884,-1.2967974919561223,0.15759193258323823,-0.09364972275648559,0.7644474557783076,-0.8580971785347933,2.379320661741222,2.0882153351832766,0.2911053265579455
S43A11T03,filtered,138,4.6,False,False,0.03442371424023809,0.0003869972108621056,-1.1153528899342062,-1.3087077371078937,0.19335484717368745,-0.07533004501077499,0.7659617292961671,-0.8412917743069421,2.413128875171624,2.096389635721555,0.3167392394500692
S43A11T03,filtered,139,4.633333333333334,False,False,0.0485160234741115,0.006769989263523346,-1.0889193926296425,-1.3211082253160702,0.23218883268642765,-0.053197270170760085,0.7661322169564584,-0.8193294871272184,2.450714637052375,2.1071230153975504,0.3435916216548245
S43A11T03,filtered,140,4.666666666666667,True,False,0.06873902570288348,0.016872696500732864,-1.0598009035402658,-1.3327745333732415,0.2729736298329757,-0.02731258663485492,0.7643149995310722,-0.7916275861659271,2.49171676984992,2.1201507667787487,0.3715660030711714
S43A11T03,filtered,141,4.7,False,False,0.09383658953009649,0.029980024477050726,-1.0280509984162545,-1.3425556928223854,0.31450469440613094,0.0020631805616151393,0.7598430027985774,-0.7577798222369623,2.535566128765903,2.135079122070816,0.4004870066950872
S43A11T03,filtered,142,4.733333333333333,False,False,0.12201351280250701,0.045217551898211195,-0.9938993458862753,-1.3494705166305225,0.35557117074424727,0.0344699379994234,0.7520705543453825,-0.7176006163459591,2.581501046210518,2.1514008807658316,0.4301001654446863
S43A11T03,filtered,143,4.766666666666667,False,False,0.1512394597885945,0.061611193844322454,-0.9577565130537627,-1.3527878139784606,0.39503130092469785,0.06926325634030044,0.7404215740552373,-0.671158317714937,2.628598120986825,2.1685200835179668,0.46007803746885845
S43A11T03,filtered,144,4.8,True,False,0.17942942138045398,0.07815149916465258,-0.920203728748084,-1.3520827919735465,0.43187906322546255,0.10564353606999341,0.72443766324931,-0.6187941271793166,2.675816977998172,2.1857843083975004,0.4900326696006716
S43A11T03,filtered,145,4.833333333333333,True,False,0.20458990074656547,0.0938582211109582,-0.8819675173050152,-1.347264535247997,0.46529701794298184,0.1426977798942999,0.7038220021317997,-0.5611242222374998,2.7220562842171683,2.2025224581526,0.5195338260645683
S43A11T03,filtered,146,4.866666666666666,False,False,0.22495283190062124,0.1078411114722524,-0.8438806352768893,-1.3385726482621434,0.4946920129852541,0.17945112480760123,0.6784750076958586,-0.49902388288825733,2.7662171245496157,2.218085366183524,0.5481317583660918
S43A11T03,filtered,147,4.9,False,False,0.23909423828714502,0.11935335977527828,-0.8068322021466033,-1.3265445190753793,0.519712316928776,0.21492428018715437,0.6485181839981771,-0.4335939038110227,2.8072689477380672,2.2318862150335885,0.5753827327044787
S43A11T03,filtered,148,4.933333333333334,True,False,0.24603015071842926,0.1278346493620428,-0.7717111337803249,-1.3119577629386752,0.5402466291583503,0.24819234962153963,0.6143034921236958,-0.3661111425021562,2.8443127979665657,2.2434376559820235,0.6008751419845422
S43A11T03,filtered,149,4.966666666666667,True,False,0.24528353681979168,0.13294140411969435,-0.739347802268689,-1.2957548190871744,0.5564070168184854,0.27844027662670134,0.5764067961445363,-0.2979665195178349,2.8766365307744746,2.2523826536283096,0.624253877146165
S43A11T03,filtered,150,5.0,False,False,0.2369190541271856,0.13456247208408412,-0.7104591401048717,-1.2789581093512703,0.5684989692463986,0.3050103945348999,0.5356053761185671,-0.23059498158366715,2.903757209187311,2.2585164637000914,0.6452407454872198
S43A11T03,filtered,151,5.033333333333333,True,False,0.22154664957614081,0.13281927117484926,-0.6856021265777326,-1.2625844913571045,0.5769823647793719,0.3274382676734687,0.4928409875028765,-0.16540271982940785,2.9254468746908073,2.261797787425924,0.6636490872648833
S43A11T03,filtered,152,5.066666666666666,False,False,0.20030078350277852,0.12805032846394493,-0.6651397614143699,-1.2475670000159322,0.5824272386015623,0.345474112128039,0.44917133081447513,-0.10369721868643611,2.941739317872911,2.262348011706252,0.679391306166659
S43A11T03,filtered,153,5.1,False,True,0.17481065574060126,0.12078115873821615,-0.6492223421628794,-1.2346902737314935,0.5854679315686141,0.35908845298029984,0.40571392568164344,-0.046625472701343595,2.952917205521774,2.260438481469923,0.6924787240518508
S43A11T03,filtered,154,5.133333333333334,True,False,0.14719034060581365,0.11168148405034706,-0.6377852784974192,-1.2245439164699912,0.586758637972572,0.3684621474728003,0.3635871246299879,0.004875022842812438,2.9594807723970087,2.256466853492564,0.7030139189044449
S43A11T03,filtered,155,5.166666666666667,False,True,0.12009299711821315,0.10151278731883617,-0.6305630004823359,-1.2174957028814877,0.5869327023991517,0.3739623060466445,0.32385324465609544,0.05010906139054905,2.9621010430399495,2.2509246116135686,0.7111764314263809
S43A11T03,filtered,156,5.2,False,True,0.09683433393024113,0.09106999665445459,-0.62711696031908,-1.2136843175084375,0.5865673571893575,0.3761068184939464,0.2874684734640386,0.0886383450299078,2.961561999803533,2.2443586410225533,0.7172033587809796
S43A11T03,filtered,157,5.233333333333333,False,True,0.0812050649614991,0.08112160292731607,-0.6268744750512178,-1.2130294887528035,0.5861550137015856,0.3755210229298641,0.25524332653787957,0.12027769639198455,2.9586970841209204,2.2373302537446245,0.7213668303762959
S43A11T03,filtered,158,5.266666666666667,False,True,0.07566279110867863,0.07235265169918592,-0.6291743443854793,-1.2152560979734157,0.5860817535879365,0.37289047623735905,0.22781608678982687,0.14507438944753218,2.9543258029450294,2.230375172400505,0.7239506305445245
S43A11T03,filtered,159,5.3,False,True,0.07842568708881645,0.06531480758000874,-0.6333148660574632,-1.2199281777667932,0.58661331170933,0.3689137875202379,0.2056400380169352,0.1632737495033027,2.9491959868768998,2.2239677203976944,0.7252282664792054
S43A11T03,filtered,160,5.333333333333333,False,True,0.08466741067867056,0.06038710220292831,-0.638600051366231,-1.2264886328585576,0.5878885814923266,0.3642591027192544,0.18898365636886397,0.1752754463503904,2.9439364647271846,2.2184918935872586,0.725444571139926
S43A11T03,filtered,161,5.366666666666666,False,True,0.09035297468557948,0.057750121021745704,-0.6443804439639111,-1.2343009204333568,0.5899204764694457,0.35952715904089155,0.17794150959574406,0.1815856494451475,2.9390236973995028,2.21422119672897,0.7248025006705325
S43A11T03,filtered,162,5.4,False,True,0.09343625423136255,0.0573753507223671,-0.65008585038426,-1.242689664283585,0.5926038138993249,0.3552229654828467,0.1724526456135076,0.18277031986933912,2.9347644081969935,2.2113082283081296,0.7234561798888639
S43A11T03,filtered,163,5.433333333333334,False,True,0.09339127826413263,0.05903029024257189,-0.6552483632947357,-1.2509780781067366,0.5957297148120009,0.35173722122057527,0.17232285751123255,0.17941436370934272,2.9312946297415508,2.2097840959964445,0.7215105337451062
S43A11T03,filtered,164,5.466666666666667,False,True,0.09069803340476375,0.06229880621390893,-0.6595151580763744,-1.2585209720317807,0.5990058139554063,0.3493376610469117,0.17724741477225087,0.17209024627466085,2.9285940285296883,2.209566931801812,0.7190270967278765
S43A11T03,filtered,165,5.5,False,True,0.08651074366707924,0.0666151559703998,-0.6626515451853248,-1.2647328747159987,0.602081329530674,0.3481697029475297,0.18683157192912375,0.16133813101840594,2.9265130152409977,2.210478115329021,0.7160348999119766
S43A11T03,filtered,166,5.533333333333333,False,True,0.08235698012377184,0.07130916256364617,-0.6645355678559134,-1.2691113265332379,0.6045757586773245,0.34826512905624546,0.20060724600049726,0.1476578830557482,2.924809118638058,2.2122643428932993,0.7125447757447585
S43A11T03,filtered,167,5.566666666666666,False,True,0.07969897884664291,0.0756592508889391,-0.6651459857822567,-1.2712556459962916,0.6061096602140349,0.34955709171667004,0.21804548186223074,0.1315116098544393,2.9231884702532254,2.2146234111625502,0.7085650590906751
S43A11T03,filtered,168,5.6,False,True,0.07934356366620683,0.07894948053630757,-0.6645457575193069,-1.27088145511906,0.606335697599753,0.35189950823011573,0.23856547516185603,0.1133340330682597,2.9213480505745304,2.2172315071517152,0.7041165434228152
S43A11T03,filtered,169,5.633333333333334,False,True,0.08104272542961681,0.08052637490772852,-0.6628631407912885,-1.267831032762626,0.6049678919713376,0.35508887504564557,0.26154179388936444,0.09354708115628113,2.919014577612434,2.2197698875223635,0.6992446900900706
S43A11T03,filtered,170,5.666666666666667,False,True,0.08367794147021841,0.07985128067862601,-0.660272314191902,-1.2620792478280607,0.6018069336361587,0.3588866616227498,0.28631188708491984,0.07257477453782996,2.915976529403654,2.2219490569054603,0.6940274724981936
S43A11T03,filtered,171,5.7,False,False,0.08584916091605174,0.07654422473155509,-0.6569750505290595,-1.253734524983333,0.5967594744542735,0.36304069322312826,0.31218592756637764,0.05085476565675062,2.9121067042513116,2.2235288830488433,0.6885778212024682
S43A11T03,filtered,172,5.733333333333333,True,False,0.08637893633184318,0.07041578327176334,-0.6531845161220252,-1.2430341299369148,0.5898496138148895,0.36730425524132254,0.3384605313166964,0.02884372392462614,2.907373832581686,2.2243334844262757,0.6830403481554104
S43A11T03,filtered,173,5.766666666666667,True,False,0.08455204103471967,0.061484334394059426,-0.6491118052225918,-1.2303331183441903,0.5812213131215985,0.3714520078290168,0.36443704139126515,0.007014966437751624,2.901842943662016,2.224260167279618,0.677582776382398
S43A11T03,filtered,174,5.8,False,True,0.08018449083330577,0.04997719283025326,-0.6449554060757424,-1.216086614109577,0.5711312080338345,0.3752921548537963,0.3894440344572003,-0.014151879603404027,2.8956653373343277,2.2232821526981406,0.6723831846361872
S43A11T03,filtered,175,5.833333333333333,False,False,0.07363692766105882,0.03631544462720937,-0.6408934768296507,-1.2008256491857108,0.5599321723560601,0.378674641581811,0.4128627062042826,-0.03418806462247159,2.8890600028056665,2.221445300698753,0.6676147021069134
S43A11T03,filtered,176,5.866666666666666,True,False,0.06583399070798336,0.021083687972962784,-0.6370786038298168,-1.1851275238801189,0.548048920050302,0.3814954456080839,0.4341530058771681,-0.05265756026908419,2.8822890712704763,2.218859483861504,0.6634295874089724
S43A11T03,filtered,177,5.9,False,True,0.0582900519708182,0.004987190261958041,-0.6336346176640335,-1.169582399656572,0.5359477819925385,0.3836972665724923,0.4528779561827887,-0.06918068961029639,2.8756303235327447,2.215685656018369,0.6599446675143756
S43A11T03,filtered,178,5.933333333333334,False,True,0.05297937355113184,0.011199969856045211,-0.6306550328757337,-1.1547584603690642,0.5241034274933305,0.38526710684236,0.46872357448350876,-0.08345646764114878,2.8693498687536585,2.212119962506343,0.6572299062473155
S43A11T03,filtered,179,5.966666666666667,False,True,0.051606772848670525,0.026691525299612495,-0.6282027266258645,-1.1411683365425458,0.5129656099166813,0.3862313643066602,0.481512187470986,-0.09528082316432579,2.8636778733022106,2.208376409229823,0.6553014640723878
S43A11T03,filtered,180,6.0,False,True,0.05434050979141863,0.04074592464671345,-0.6263105513701924,-1.129239499637908,0.5029289482677156,0.38664912817132346,0.49120762077538005,-0.10455849260405659,2.858789692470587,2.2046696233322773,0.6541200691383096
S43A11T03,filtered,181,6.033333333333333,False,True,0.059616933859444894,0.05271924167377717,-0.6249826649292706,-1.1192909926810217,0.49430832775175115,0.38660438033246414,0.4979116200140058,-0.11130723968154166,2.854794016261772,2.2011990971439994,0.6535949191177726
S43A11T03,filtered,182,6.066666666666666,False,True,0.06538802473062721,0.06211038717794293,-0.6241964445888661,-1.1115182339605525,0.48732178937168635,0.38619776351512053,0.5018517778276299,-0.11565401431250938,2.851728777959879,2.198136033255375,0.6535927447045036
S43A11T03,filtered,183,6.1,False,True,0.07006720182006865,0.06859573770131222,-0.6239049231917804,-1.1059868225607017,0.4820818993689213,0.38553849216564806,0.503362070585056,-0.11782357841940794,2.8495646924365965,2.19561354565859,0.6539511467780064
S43A11T03,filtered,184,6.133333333333334,False,True,0.07270501259729992,0.07205122806165232,-0.6240397412839436,-1.1026354158932152,0.47859567460927166,0.38473686609697433,0.5028577475701876,-0.11812088147321331,2.8482154856533506,2.1937205728727283,0.6544949127806223
S43A11T03,filtered,185,6.166666666666667,False,True,0.07289556360004681,0.07256088725063581,-0.624514647953478,-1.1012869577114983,0.4767723097580203,0.38389771546994367,0.5008067050954602,-0.11690898962551655,2.8475532262984604,2.192499475864301,0.6550537504341594
S43A11T03,filtered,186,6.2,False,True,0.07067218787150027,0.07041164953390866,-0.6252296014125024,-1.1016668999128596,0.4764372985003572,0.3831149746301943,0.497699602001676,-0.11458462737148173,2.847426730195322,2.191946969604311,0.6554797605910112
S43A11T03,filtered,187,6.233333333333333,False,True,0.0664294719730926,0.06607500302265779,-0.6260755156075318,-1.103426635692314,0.4773511200847821,0.38246746578222474,0.4940208535228954,-0.11155338774067064,2.847680807021829,2.1920178017953047,0.6556630052265242
S43A11T03,filtered,188,6.266666666666667,False,True,0.060856500996340955,0.06017664128584732,-0.6269396686473933,-1.106170160708126,0.47923049206073276,0.38201588227161365,0.49022232819388,-0.10820644592226636,2.848174160096069,2.192630459587701,0.655543700508368
S43A11T03,filtered,189,6.3,False,True,0.0548571708629766,0.05345578101245452,-0.6277117317249791,-1.10948198559604,0.481770253871061,0.3818009015341102,0.4867011347814563,-0.1049002332473461,2.848794013416708,2.1936741538284297,0.6551198595882783
S43A11T03,filtered,190,6.333333333333333,False,True,0.04941982466170529,0.04671623493252364,-0.628290295486786,-1.1129544960373756,0.48466420055058956,0.3818423305040977,0.4837823953135564,-0.10194006480945866,2.849465986760209,2.1950163866877865,0.6544496000724225
S43A11T03,filtered,191,6.366666666666666,False,True,0.04539259368709548,0.0407717179504119,-0.6285896702439376,-1.1162132404381042,0.4876235701941666,0.3821391873011202,0.4817074224838971,-0.09956823518277691,2.8501583165847775,2.1965105294603786,0.6536477871243989
S43A11T03,filtered,192,6.4,False,True,0.04320522556532239,0.036388236011508646,-0.6285466268674397,-1.1189389615159135,0.49039233464847387,0.38267064388083083,0.4806273073250562,-0.09795666344422538,2.8508801666068977,2.198002995186456,0.6528771714204415
S43A11T03,filtered,193,6.433333333333334,False,True,0.04277685923291322,0.03422675921809182,-0.6281266402040309,-1.1208855239513895,0.49275888374735866,0.38339778367133603,0.48060160926216816,-0.09720382559083213,2.851674423147306,2.1993397572337656,0.6523346659135405
S43A11T03,filtered,194,6.466666666666667,False,True,0.04382295232864021,0.034789683825858786,-0.6273291125040121,-1.1218931858213512,0.4945640733173391,0.38426615349244814,0.4816016377783482,-0.09733548428590005,2.8526059648405875,2.2003721151916142,0.6522338496489732
S43A11T03,filtered,195,6.5,False,True,0.04633712091942588,0.038374787224974005,-0.6261910076215026,-1.1218968939777816,0.495705886356279,0.3852090985606694,0.4835177156498019,-0.09830861708913247,2.853746878991183,2.2009617247355986,0.6527851542555845
S43A11T03,filtered,196,6.533333333333333,False,True,0.05079125742445073,0.04504040274855381,-0.6247883332077664,-1.1209294483956143,0.49614111518784787,0.38615185413601016,0.48616979509479696,-0.1000179409587868,2.855160423370504,2.200984978023998,0.6541754453465063
S43A11T03,filtered,197,6.566666666666666,False,True,0.05785124016313814,0.05458530782722604,-0.623234979545068,-1.1191194900664883,0.49588451052142024,0.3870163227673798,0.48932082743770244,-0.10230450467032265,2.8568856721434055,2.2003368438321673,0.6565488283112382
S43A11T03,filtered,198,6.6,False,True,0.06784081125329158,0.06654625964669036,-0.6216785657019086,-1.1166843462723537,0.4950057805704451,0.3877263930833161,0.49269232821409714,-0.10496593513078106,2.8589247237997193,2.1989342580433338,0.6599904657563855
S43A11T03,filtered,199,6.633333333333334,False,True,0.08042927046054997,0.08021518352457901,-0.620293153927098,-1.1139178480010203,0.4936246940739223,0.388213561639321,0.4959816011069431,-0.10776803946762209,2.8612340912450267,2.1967191072826804,0.6645149839623463
S43A11T03,filtered,200,6.666666666666667,False,True,0.0947065212942252,0.09467671967262281,-0.6192689600418474,-1.1111733490919646,0.49190438905011724,0.3884225162124593,0.49888006367899346,-0.11045754746653413,2.863721461741153,2.1936607866044944,0.6700606751366585
S43A11T03,filtered,201,6.7,False,True,0.10941883956378091,0.10886521767799251,-0.6187994901380236,-1.1088423511557637,0.4900428610177401,0.38831624448355195,0.5010920477589023,-0.1127758032753503,2.8662484469545717,2.1897582514522207,0.676490195502351
S43A11T03,filtered,202,6.733333333333333,False,True,0.12317407643439615,0.12163844946398017,-0.6190668431057585,-1.1073293856733397,0.48826254256758117,0.38788016624960253,0.5023533359623611,-0.11447316971275856,2.868639296096755,2.18504143683604,0.6835978592607153
S43A11T03,filtered,203,6.766666666666667,True,False,0.13458940842406428,0.13186346274519756,-0.6202261997300155,-1.107024121353584,0.4867979216235686,0.3871247700155063,0.5024485669802345,-0.11532379696472822,2.8706948844984006,2.179571889778047,0.6911229947203537
S43A11T03,filtered,204,6.8,False,False,0.14240777894976128,0.13850833351082925,-0.6223907358404821,-1.1082720280194547,0.4858812921789726,0.3860862823786464,0.5012265313426835,-0.11514024896403707,2.8722106877992055,2.1734424554896945,0.698768232309511
S43A11T03,filtered,205,6.833333333333333,False,False,0.14559890640814885,0.14073233091975967,-0.6256183157476218,-1.1113452963020158,0.485726980554394,0.3848250202106857,0.4986123269416468,-0.1137873067309611,2.8729969775756072,2.1667758696463664,0.7062211079292409
S43A11T03,filtered,206,6.866666666666666,False,False,0.14344620388088083,0.13796639669952238,-0.6299013173001413,-1.116416028034371,0.4865147107342296,0.38342126974015545,0.49461538722269094,-0.11119411748253549,2.872899185236935,2.1597221333439576,0.7131770518929774
S43A11T03,filtered,207,6.9,False,False,0.13561425991355452,0.12997602299391797,-0.6351607975946115,-1.1235339096746257,0.4883731120800142,0.3819687885785689,0.48933256076995363,-0.10736377219138471,2.87181631421145,2.1524545818886773,0.7193617323227728
S43A11T03,filtered,208,6.933333333333334,False,False,0.12219038792771457,0.11689965729167184,-0.6412459290615913,-1.132610596323983,0.4913646672623917,0.3805663083864406,0.48294571671021724,-0.10237940832377662,2.869715445332476,2.145164608133972,0.7245508371985041
S43A11T03,filtered,209,6.966666666666667,False,False,0.10369590959988939,0.09925763096197748,-0.6479392345027208,-1.1434128170366307,0.49547358253390983,0.3793076885217654,0.4757137608759848,-0.09640607235421944,2.8666407570081303,2.1380550766414883,0.728585680366642
S43A11T03,filtered,210,7.0,False,False,0.08106876460308683,0.07792914797491379,-0.6549676561781639,-1.1555657395276377,0.5005980833494739,0.3782715915505905,0.4679594340293744,-0.08968784247878392,2.8627160238487503,2.1313325786295367,0.7313834452192136
S43A11T03,filtered,211,7.033333333333333,False,False,0.05563955062052027,0.054097834589292626,-0.6620189510857762,-1.168567416276645,0.5065484651908688,0.3775116808877438,0.4600517654805538,-0.08254008459281004,2.8581401993470763,2.1251988339116785,0.7329413654353978
S43A11T03,filtered,212,7.066666666666666,True,False,0.029281823769133596,0.02916942169694492,-0.6687623659605758,-1.1818142269206162,0.5130518609600404,0.3770483525057349,0.4523854989830224,-0.07533714647728751,2.853176354934757,2.119841732984156,0.733334621950601
S43A11T03,filtered,213,7.1,True,False,0.009587626909392733,0.004667959793345222,-0.6748720713833354,-1.194636223667763,0.5197641522844276,0.3768628984147697,0.4453591172181034,-0.06849621880333367,2.8481348653280736,2.115426698185665,0.7327081671424085
S43A11T03,filtered,214,7.133333333333334,True,False,0.026228012392103338,0.017880783658513755,-0.6800514838020137,-1.2063402927465083,0.5262888089444946,0.3768947714977343,0.4393532063628331,-0.06245843486509878,2.8433522352908325,2.1120891794118872,0.7312630558789452
S43A11T03,filtered,215,7.166666666666667,False,False,0.047256435393715185,0.037068697071167334,-0.6840564262220231,-1.2162581871216553,0.5322017608996322,0.3770423090393942,0.4347107961952231,-0.05766848715582895,2.839167310643469,2.109929134766455,0.7292381758770139
S43A11T03,filtered,216,7.2,False,False,0.06433803365765887,0.051717043526160245,-0.6867151029528811,-1.223795869270139,0.5370807663172579,0.3771669176318347,0.4317210014726829,-0.0545540838408482,2.8358967835531756,2.1090082389211426,0.726888544632033
S43A11T03,filtered,217,7.233333333333333,False,False,0.07622236887149843,0.06097078334329864,-0.6879430964100233,-1.2284802997207782,0.5405372033107549,0.37710037123601287,0.43060683738786787,-0.053506466151855,2.83381188832769,2.109350297740443,0.7244615905872469
S43A11T03,filtered,218,7.266666666666667,False,False,0.08247000091856117,0.06436740634212068,-0.6877520135859468,-1.22999984866696,0.5422478350810133,0.37665457014328574,0.43151757345821296,-0.05486300331492722,2.833118008085905,2.110944948671065,0.7221730594148399
S43A11T03,filtered,219,7.3,False,False,0.08326748665692288,0.06187459175718679,-0.6862509725460718,-1.2282348878454037,0.5419839152993319,0.375632885377164,0.4345255177073749,-0.058892632330210914,2.833938608372321,2.1137542502092046,0.7201843581631162
S43A11T03,filtered,220,7.333333333333333,False,False,0.07947969535133326,0.05389391390736842,-0.6836407651352535,-1.2232758025611405,0.539635037425887,0.37384209170535165,0.4396267600623242,-0.06578466835697255,2.836304523656562,2.117721294930438,0.718583228726124
S43A11T03,filtered,221,7.366666666666666,True,False,0.07277114643660612,0.04123088897148075,-0.6802011928077548,-1.2154265934827397,0.5352254006749849,0.371103879548834,0.4467451931284945,-0.07564131357966047,2.8401491928205154,2.122779614258711,0.7173695785618044
S43A11T03,filtered,222,7.4,False,False,0.06575798009536533,0.025034602226881253,-0.6762726794351983,-1.2051933438599938,0.5289206644247955,0.3672650247841841,0.4557390778436406,-0.08847405305945649,2.8453100140823175,2.128861965319249,0.7164480487630684
S43A11T03,filtered,223,7.433333333333334,True,False,0.06182428412141262,0.006712686710100391,-0.6722337557100748,-1.1932580257635697,0.5210242700534948,0.3622054678838857,0.4664095073127873,-0.10420403942890161,2.8515356042653193,2.1359071573237545,0.7156284469415648
S43A11T03,filtered,224,7.466666666666667,True,False,0.06364053255306776,0.012170679168798104,-0.6684763343155983,-1.1804393113601073,0.511962977044509,0.3558437850726129,0.4785102960938282,-0.12266651102121534,2.8584984247512844,2.143863897016545,0.7146345277347392
S43A11T03,filtered,225,7.5,True,False,0.07100582644755038,0.03000497269550606,-0.6653808213417607,-1.1676431356844987,0.502262314342738,0.34813979650339444,0.4917590205489816,-0.14361922404558713,2.865811983874038,2.1526911647350686,0.7131208191389695
S43A11T03,filtered,226,7.533333333333333,True,False,0.08133817694972142,0.045242670988896005,-0.6632930282513768,-1.1558066214063574,0.49251359315498056,0.33909432336712136,0.505849090614699,-0.1667547672475776,2.873051635458783,2.162355278711021,0.710696356747762
S43A11T03,filtered,227,7.566666666666666,False,False,0.09196495961955184,0.056499224286428396,-0.6625045761632457,-1.1458395376188473,0.4833349614556016,0.3287463546525911,0.5204627855888622,-0.19171643093627105,2.8797778498404054,2.1728244367877725,0.7069534130526329
S43A11T03,filtered,228,7.6,True,False,0.10122989694375002,0.06263639995829662,-0.6632380603698833,-1.1385676708660675,0.47532961049618416,0.3171680971140255,0.535285100675914,-0.21811700356188846,2.8855607216243855,2.1840620085739735,0.701498713050412
S43A11T03,filtered,229,7.633333333333334,True,False,0.10862740367754757,0.06282355187527,-0.6656377255187642,-1.1346823233082564,0.46904459778949215,0.3044585456012462,0.5500180273327867,-0.24555948173154052,2.8900043908406943,2.1960200798319525,0.6939843110087418
S43A11T03,filtered,230,7.666666666666667,True,False,0.1147675625937537,0.056573549789688204,-0.6697658560660114,-1.134699638291884,0.46493378222587256,0.2907363158362852,0.5643945725369487,-0.2736582567006635,2.892769996797389,2.208634668286204,0.6841353285111849
S43A11T03,filtered,231,7.7,False,False,0.12129855501738482,0.043752443580925116,-0.6756045746350261,-1.1389326267631716,0.46332805212814554,0.2761325216440099,0.578191494579124,-0.3020589729351141,2.8935957745995298,2.221823645226981,0.6717721293725489
S43A11T03,filtered,232,7.733333333333333,True,False,0.1305809491043517,0.024564228023925327,-0.683062313540583,-1.1474776836646583,0.4644153701240753,0.26078444938653444,0.5912395050436924,-0.33045505565715794,2.892312967847762,2.235487786045362,0.6568251818023998
S43A11T03,filtered,233,7.766666666666667,True,False,0.14492852961952182,0.00048588772526181323,-0.6919839173380544,-1.16021611893067,0.46823220159261547,0.24483068087992205,0.6034296616422525,-0.3585989807623305,2.888856392027831,2.249514664851006,0.6393417271768254
S43A11T03,filtered,234,7.8,False,False,0.1656971145903451,0.030644703340157564,-0.7021631664871711,-1.176829895784369,0.4746667292971979,0.22840814065998125,0.614714916389512,-0.38630677572953076,2.883268757098742,2.2637844619953635,0.6194842951033785
S43A11T03,filtered,235,7.833333333333333,True,False,0.19289986956126656,0.06497474111727053,-0.7133564889622928,-1.1968295216257454,0.48347303266345265,0.21165129660593104,0.625106282448118,-0.4134549858421869,2.8756982436941096,2.2781763208266836,0.597521922867426
S43A11T03,filtered,236,7.866666666666666,True,False,0.2255331117663891,0.10242215226033191,-0.7252967381068616,-1.2195910452920065,0.4942943071851449,0.1946934368186094,0.6346637629277578,-0.43997032610914844,2.866389303500538,2.2925737790894436,0.5738155244110943
S43A11T03,filtered,237,7.9,False,False,0.26213053130869135,0.14188294493104214,-0.7377061361920527,-1.2443985283792167,0.506692392187164,0.1776696074359372,0.6434829159016666,-0.46581330846572944,2.8556671799739006,2.306868044181257,0.5487991357926436
S43A11T03,filtered,238,7.933333333333334,False,False,0.30115254995217317,0.18226272718687642,-0.7503077746189176,-1.2704882588753752,0.5201804842564576,0.16072046930599354,0.6516785660384388,-0.4909580967324452,2.8439171671935086,2.3209584280417745,0.5229587391517341
S43A11T03,filtered,239,7.966666666666667,False,False,0.3411708653665101,0.22252666717458447,-0.7628353740929797,-1.2970913459953328,0.5342559719023531,0.1439960717759409,0.6593675924752638,-0.5153715206993229,2.831560085592774,2.334749983434929,0.4968101021578448
S43A11T03,filtered,240,8.0,False,False,0.3809359914819501,0.2617380635278175,-0.775041289777535,-1.3234720621435916,0.5484307723660566,0.1276584076249294,0.6666528552585067,-0.5389944476335773,2.819025802380463,2.348149125501057,0.47087667687940593
