trial,mode,frame0,nominal_time_s,raw_review_flag,raw_repeated_previous,foot_separation_camera_xz_m,foot_separation_camera_x_m,com_camera_x_m,foot_midpoint_camera_x_m,com_relative_to_foot_midpoint_camera_x_m,com_camera_y_m,foot_midpoint_camera_y_m,com_relative_to_foot_midpoint_camera_y_m,com_camera_z_m,foot_midpoint_camera_z_m,com_relative_to_foot_midpoint_camera_z_m
S43A14T05,raw,0,0.0,False,False,0.2659449181363976,0.03489160156250004,-1.378213393830228,-1.3188958740234376,-0.05931751980679034,-0.14661110664478144,0.7051892395019531,-0.8518003461467345,1.9454400054009238,1.8710685424804687,0.07437146292045504
S43A14T05,raw,1,0.03333333333333333,False,True,0.2659449181363976,0.03489160156250004,-1.378213393830228,-1.3188958740234376,-0.05931751980679034,-0.14661110664478144,0.7051892395019531,-0.8518003461467345,1.9454400054009238,1.8710685424804687,0.07437146292045504
S43A14T05,raw,2,0.06666666666666667,False,True,0.2659449181363976,0.03489160156250004,-1.378213393830228,-1.3188958740234376,-0.05931751980679034,-0.14661110664478144,0.7051892395019531,-0.8518003461467345,1.9454400054009238,1.8710685424804687,0.07437146292045504
S43A14T05,raw,3,0.1,False,True,0.2659449181363976,0.03489160156250004,-1.378213393830228,-1.3188958740234376,-0.05931751980679034,-0.14661110664478144,0.7051892395019531,-0.8518003461467345,1.9454400054009238,1.8710685424804687,0.07437146292045504
S43A14T05,raw,4,0.13333333333333333,False,True,0.2659449181363976,0.03489160156250004,-1.378213393830228,-1.3188958740234376,-0.05931751980679034,-0.14661110664478144,0.7051892395019531,-0.8518003461467345,1.9454400054009238,1.8710685424804687,0.07437146292045504
S43A14T05,raw,5,0.16666666666666666,False,True,0.2659449181363976,0.03489160156250004,-1.378213393830228,-1.3188958740234376,-0.05931751980679034,-0.14661110664478144,0.7051892395019531,-0.8518003461467345,1.9454400054009238,1.8710685424804687,0.07437146292045504
S43A14T05,raw,6,0.2,False,True,0.2659449181363976,0.03489160156250004,-1.378213393830228,-1.3188958740234376,-0.05931751980679034,-0.14661110664478144,0.7051892395019531,-0.8518003461467345,1.9454400054009238,1.8710685424804687,0.07437146292045504
S43A14T05,raw,7,0.23333333333333334,False,True,0.2659449181363976,0.03489160156250004,-1.378213393830228,-1.3188958740234376,-0.05931751980679034,-0.14661110664478144,0.7051892395019531,-0.8518003461467345,1.9454400054009238,1.8710685424804687,0.07437146292045504
S43A14T05,raw,8,0.26666666666666666,False,True,0.2659449181363976,0.03489160156250004,-1.378213393830228,-1.3188958740234376,-0.05931751980679034,-0.14661110664478144,0.7051892395019531,-0.8518003461467345,1.9454400054009238,1.8710685424804687,0.07437146292045504
S43A14T05,raw,9,0.3,False,True,0.2659449181363976,0.03489160156250004,-1.378213393830228,-1.3188958740234376,-0.05931751980679034,-0.14661110664478144,0.7051892395019531,-0.8518003461467345,1.9454400054009238,1.8710685424804687,0.07437146292045504
S43A14T05,raw,10,0.3333333333333333,False,True,0.2659449181363976,0.03489160156250004,-1.378213393830228,-1.3188958740234376,-0.05931751980679034,-0.14661110664478144,0.7051892395019531,-0.8518003461467345,1.9454400054009238,1.8710685424804687,0.07437146292045504
S43A14T05,raw,11,0.36666666666666664,False,True,0.2659449181363976,0.03489160156250004,-1.378213393830228,-1.3188958740234376,-0.05931751980679034,-0.14661110664478144,0.7051892395019531,-0.8518003461467345,1.9454400054009238,1.8710685424804687,0.07437146292045504
S43A14T05,raw,12,0.4,False,True,0.2659449181363976,0.03489160156250004,-1.378213393830228,-1.3188958740234376,-0.05931751980679034,-0.14661110664478144,0.7051892395019531,-0.8518003461467345,1.9454400054009238,1.8710685424804687,0.07437146292045504
S43A14T05,raw,13,0.43333333333333335,False,True,0.2659449181363976,0.03489160156250004,-1.378213393830228,-1.3188958740234376,-0.05931751980679034,-0.14661110664478144,0.7051892395019531,-0.8518003461467345,1.9454400054009238,1.8710685424804687,0.07437146292045504
S43A14T05,raw,14,0.4666666666666667,False,True,0.2659449181363976,0.03489160156250004,-1.378213393830228,-1.3188958740234376,-0.05931751980679034,-0.14661110664478144,0.7051892395019531,-0.8518003461467345,1.9454400054009238,1.8710685424804687,0.07437146292045504
S43A14T05,raw,15,0.5,False,True,0.2659449181363976,0.03489160156250004,-1.378213393830228,-1.3188958740234376,-0.05931751980679034,-0.14661110664478144,0.7051892395019531,-0.8518003461467345,1.9454400054009238,1.8710685424804687,0.07437146292045504
S43A14T05,raw,16,0.5333333333333333,False,True,0.2659449181363976,0.03489160156250004,-1.378213393830228,-1.3188958740234376,-0.05931751980679034,-0.14661110664478144,0.7051892395019531,-0.8518003461467345,1.9454400054009238,1.8710685424804687,0.07437146292045504
S43A14T05,raw,17,0.5666666666666667,False,True,0.2659449181363976,0.03489160156250004,-1.378213393830228,-1.3188958740234376,-0.05931751980679034,-0.14661110664478144,0.7051892395019531,-0.8518003461467345,1.9454400054009238,1.8710685424804687,0.07437146292045504
S43A14T05,raw,18,0.6,False,True,0.2659449181363976,0.03489160156250004,-1.378213393830228,-1.3188958740234376,-0.05931751980679034,-0.14661110664478144,0.7051892395019531,-0.8518003461467345,1.9454400054009238,1.8710685424804687,0.07437146292045504
S43A14T05,raw,19,0.6333333333333333,False,True,0.2659449181363976,0.03489160156250004,-1.378213393830228,-1.3188958740234376,-0.05931751980679034,-0.14661110664478144,0.7051892395019531,-0.8518003461467345,1.9454400054009238,1.8710685424804687,0.07437146292045504
S43A14T05,raw,20,0.6666666666666666,False,True,0.2659449181363976,0.03489160156250004,-1.378213393830228,-1.3188958740234376,-0.05931751980679034,-0.14661110664478144,0.7051892395019531,-0.8518003461467345,1.9454400054009238,1.8710685424804687,0.07437146292045504
S43A14T05,raw,21,0.7,False,True,0.2659449181363976,0.03489160156250004,-1.378213393830228,-1.3188958740234376,-0.05931751980679034,-0.14661110664478144,0.7051892395019531,-0.8518003461467345,1.9454400054009238,1.8710685424804687,0.07437146292045504
S43A14T05,raw,22,0.7333333333333333,False,True,0.2659449181363976,0.03489160156250004,-1.378213393830228,-1.3188958740234376,-0.05931751980679034,-0.14661110664478144,0.7051892395019531,-0.8518003461467345,1.9454400054009238,1.8710685424804687,0.07437146292045504
S43A14T05,raw,23,0.7666666666666667,False,True,0.2659449181363976,0.03489160156250004,-1.378213393830228,-1.3188958740234376,-0.05931751980679034,-0.14661110664478144,0.7051892395019531,-0.8518003461467345,1.9454400054009238,1.8710685424804687,0.07437146292045504
S43A14T05,raw,24,0.8,False,True,0.2659449181363976,0.03489160156250004,-1.378213393830228,-1.3188958740234376,-0.05931751980679034,-0.14661110664478144,0.7051892395019531,-0.8518003461467345,1.9454400054009238,1.8710685424804687,0.07437146292045504
S43A14T05,raw,25,0.8333333333333334,False,True,0.2659449181363976,0.03489160156250004,-1.378213393830228,-1.3188958740234376,-0.05931751980679034,-0.14661110664478144,0.7051892395019531,-0.8518003461467345,1.9454400054009238,1.8710685424804687,0.07437146292045504
S43A14T05,raw,26,0.8666666666666667,False,True,0.2659449181363976,0.03489160156250004,-1.378213393830228,-1.3188958740234376,-0.05931751980679034,-0.14661110664478144,0.7051892395019531,-0.8518003461467345,1.9454400054009238,1.8710685424804687,0.07437146292045504
S43A14T05,raw,27,0.9,False,True,0.2659449181363976,0.03489160156250004,-1.378213393830228,-1.3188958740234376,-0.05931751980679034,-0.14661110664478144,0.7051892395019531,-0.8518003461467345,1.9454400054009238,1.8710685424804687,0.07437146292045504
S43A14T05,raw,28,0.9333333333333333,False,True,0.2659449181363976,0.03489160156250004,-1.378213393830228,-1.3188958740234376,-0.05931751980679034,-0.14661110664478144,0.7051892395019531,-0.8518003461467345,1.9454400054009238,1.8710685424804687,0.07437146292045504
S43A14T05,raw,29,0.9666666666666667,False,True,0.2659449181363976,0.03489160156250004,-1.378213393830228,-1.3188958740234376,-0.05931751980679034,-0.14661110664478144,0.7051892395019531,-0.8518003461467345,1.9454400054009238,1.8710685424804687,0.07437146292045504
S43A14T05,raw,30,1.0,False,True,0.2659449181363976,0.03489160156250004,-1.378213393830228,-1.3188958740234376,-0.05931751980679034,-0.14661110664478144,0.7051892395019531,-0.8518003461467345,1.9454400054009238,1.8710685424804687,0.07437146292045504
S43A14T05,raw,31,1.0333333333333334,False,True,0.2659449181363976,0.03489160156250004,-1.378213393830228,-1.3188958740234376,-0.05931751980679034,-0.14661110664478144,0.7051892395019531,-0.8518003461467345,1.9454400054009238,1.8710685424804687,0.07437146292045504
S43A14T05,raw,32,1.0666666666666667,False,True,0.2659449181363976,0.03489160156250004,-1.378213393830228,-1.3188958740234376,-0.05931751980679034,-0.14661110664478144,0.7051892395019531,-0.8518003461467345,1.9454400054009238,1.8710685424804687,0.07437146292045504
S43A14T05,raw,33,1.1,False,True,0.2659449181363976,0.03489160156250004,-1.378213393830228,-1.3188958740234376,-0.05931751980679034,-0.14661110664478144,0.7051892395019531,-0.8518003461467345,1.9454400054009238,1.8710685424804687,0.07437146292045504
S43A14T05,raw,34,1.1333333333333333,False,True,0.2659449181363976,0.03489160156250004,-1.378213393830228,-1.3188958740234376,-0.05931751980679034,-0.14661110664478144,0.7051892395019531,-0.8518003461467345,1.9454400054009238,1.8710685424804687,0.07437146292045504
S43A14T05,raw,35,1.1666666666666667,False,True,0.2659449181363976,0.03489160156250004,-1.378213393830228,-1.3188958740234376,-0.05931751980679034,-0.14661110664478144,0.7051892395019531,-0.8518003461467345,1.9454400054009238,1.8710685424804687,0.07437146292045504
S43A14T05,raw,36,1.2,False,True,0.2659449181363976,0.03489160156250004,-1.378213393830228,-1.3188958740234376,-0.05931751980679034,-0.14661110664478144,0.7051892395019531,-0.8518003461467345,1.9454400054009238,1.8710685424804687,0.07437146292045504
S43A14T05,raw,37,1.2333333333333334,False,True,0.2659449181363976,0.03489160156250004,-1.378213393830228,-1.3188958740234376,-0.05931751980679034,-0.14661110664478144,0.7051892395019531,-0.8518003461467345,1.9454400054009238,1.8710685424804687,0.07437146292045504
S43A14T05,raw,38,1.2666666666666666,False,True,0.2659449181363976,0.03489160156250004,-1.378213393830228,-1.3188958740234376,-0.05931751980679034,-0.14661110664478144,0.7051892395019531,-0.8518003461467345,1.9454400054009238,1.8710685424804687,0.07437146292045504
S43A14T05,raw,39,1.3,False,True,0.2659449181363976,0.03489160156250004,-1.378213393830228,-1.3188958740234376,-0.05931751980679034,-0.14661110664478144,0.7051892395019531,-0.8518003461467345,1.9454400054009238,1.8710685424804687,0.07437146292045504
S43A14T05,raw,40,1.3333333333333333,False,True,0.2659449181363976,0.03489160156250004,-1.378213393830228,-1.3188958740234376,-0.05931751980679034,-0.14661110664478144,0.7051892395019531,-0.8518003461467345,1.9454400054009238,1.8710685424804687,0.07437146292045504
S43A14T05,raw,41,1.3666666666666667,False,True,0.2659449181363976,0.03489160156250004,-1.378213393830228,-1.3188958740234376,-0.05931751980679034,-0.14661110664478144,0.7051892395019531,-0.8518003461467345,1.9454400054009238,1.8710685424804687,0.07437146292045504
S43A14T05,raw,42,1.4,False,True,0.2659449181363976,0.03489160156250004,-1.378213393830228,-1.3188958740234376,-0.05931751980679034,-0.14661110664478144,0.7051892395019531,-0.8518003461467345,1.9454400054009238,1.8710685424804687,0.07437146292045504
S43A14T05,raw,43,1.4333333333333333,False,True,0.2659449181363976,0.03489160156250004,-1.378213393830228,-1.3188958740234376,-0.05931751980679034,-0.14661110664478144,0.7051892395019531,-0.8518003461467345,1.9454400054009238,1.8710685424804687,0.07437146292045504
S43A14T05,raw,44,1.4666666666666666,False,True,0.2659449181363976,0.03489160156250004,-1.378213393830228,-1.3188958740234376,-0.05931751980679034,-0.14661110664478144,0.7051892395019531,-0.8518003461467345,1.9454400054009238,1.8710685424804687,0.07437146292045504
S43A14T05,raw,45,1.5,False,True,0.2659449181363976,0.03489160156250004,-1.378213393830228,-1.3188958740234376,-0.05931751980679034,-0.14661110664478144,0.7051892395019531,-0.8518003461467345,1.9454400054009238,1.8710685424804687,0.07437146292045504
S43A14T05,raw,46,1.5333333333333334,False,True,0.2659449181363976,0.03489160156250004,-1.378213393830228,-1.3188958740234376,-0.05931751980679034,-0.14661110664478144,0.7051892395019531,-0.8518003461467345,1.9454400054009238,1.8710685424804687,0.07437146292045504
S43A14T05,raw,47,1.5666666666666667,False,True,0.2659449181363976,0.03489160156250004,-1.378213393830228,-1.3188958740234376,-0.05931751980679034,-0.14661110664478144,0.7051892395019531,-0.8518003461467345,1.9454400054009238,1.8710685424804687,0.07437146292045504
S43A14T05,raw,48,1.6,False,True,0.2659449181363976,0.03489160156250004,-1.378213393830228,-1.3188958740234376,-0.05931751980679034,-0.14661110664478144,0.7051892395019531,-0.8518003461467345,1.9454400054009238,1.8710685424804687,0.07437146292045504
S43A14T05,raw,49,1.6333333333333333,False,True,0.2659449181363976,0.03489160156250004,-1.378213393830228,-1.3188958740234376,-0.05931751980679034,-0.14661110664478144,0.7051892395019531,-0.8518003461467345,1.9454400054009238,1.8710685424804687,0.07437146292045504
S43A14T05,raw,50,1.6666666666666667,False,True,0.2659449181363976,0.03489160156250004,-1.378213393830228,-1.3188958740234376,-0.05931751980679034,-0.14661110664478144,0.7051892395019531,-0.8518003461467345,1.9454400054009238,1.8710685424804687,0.07437146292045504
S43A14T05,raw,51,1.7,False,True,0.2659449181363976,0.03489160156250004,-1.378213393830228,-1.3188958740234376,-0.05931751980679034,-0.14661110664478144,0.7051892395019531,-0.8518003461467345,1.9454400054009238,1.8710685424804687,0.07437146292045504
S43A14T05,raw,52,1.7333333333333334,False,True,0.2659449181363976,0.03489160156250004,-1.378213393830228,-1.3188958740234376,-0.05931751980679034,-0.14661110664478144,0.7051892395019531,-0.8518003461467345,1.9454400054009238,1.8710685424804687,0.07437146292045504
S43A14T05,raw,53,1.7666666666666666,False,True,0.2659449181363976,0.03489160156250004,-1.378213393830228,-1.3188958740234376,-0.05931751980679034,-0.14661110664478144,0.7051892395019531,-0.8518003461467345,1.9454400054009238,1.8710685424804687,0.07437146292045504
S43A14T05,raw,54,1.8,False,True,0.2659449181363976,0.03489160156250004,-1.378213393830228,-1.3188958740234376,-0.05931751980679034,-0.14661110664478144,0.7051892395019531,-0.8518003461467345,1.9454400054009238,1.8710685424804687,0.07437146292045504
S43A14T05,raw,55,1.8333333333333333,False,True,0.2659449181363976,0.03489160156250004,-1.378213393830228,-1.3188958740234376,-0.05931751980679034,-0.14661110664478144,0.7051892395019531,-0.8518003461467345,1.9454400054009238,1.8710685424804687,0.07437146292045504
S43A14T05,raw,56,1.8666666666666667,False,True,0.2659449181363976,0.03489160156250004,-1.378213393830228,-1.3188958740234376,-0.05931751980679034,-0.14661110664478144,0.7051892395019531,-0.8518003461467345,1.9454400054009238,1.8710685424804687,0.07437146292045504
S43A14T05,raw,57,1.9,False,True,0.2659449181363976,0.03489160156250004,-1.378213393830228,-1.3188958740234376,-0.05931751980679034,-0.14661110664478144,0.7051892395019531,-0.8518003461467345,1.9454400054009238,1.8710685424804687,0.07437146292045504
S43A14T05,raw,58,1.9333333333333333,False,True,0.2659449181363976,0.03489160156250004,-1.378213393830228,-1.3188958740234376,-0.05931751980679034,-0.14661110664478144,0.7051892395019531,-0.8518003461467345,1.9454400054009238,1.8710685424804687,0.07437146292045504
S43A14T05,raw,59,1.9666666666666666,False,True,0.2659449181363976,0.03489160156250004,-1.378213393830228,-1.3188958740234376,-0.05931751980679034,-0.14661110664478144,0.7051892395019531,-0.8518003461467345,1.9454400054009238,1.8710685424804687,0.07437146292045504
S43A14T05,raw,60,2.0,False,True,0.2659449181363976,0.03489160156250004,-1.378213393830228,-1.3188958740234376,-0.05931751980679034,-0.14661110664478144,0.7051892395019531,-0.8518003461467345,1.9454400054009238,1.8710685424804687,0.07437146292045504
S43A14T05,raw,61,2.033333333333333,False,True,0.2659449181363976,0.03489160156250004,-1.378213393830228,-1.3188958740234376,-0.05931751980679034,-0.14661110664478144,0.7051892395019531,-0.8518003461467345,1.9454400054009238,1.8710685424804687,0.07437146292045504
S43A14T05,raw,62,2.066666666666667,False,True,0.2659449181363976,0.03489160156250004,-1.378213393830228,-1.3188958740234376,-0.05931751980679034,-0.14661110664478144,0.7051892395019531,-0.8518003461467345,1.9454400054009238,1.8710685424804687,0.07437146292045504
S43A14T05,raw,63,2.1,False,True,0.2659449181363976,0.03489160156250004,-1.378213393830228,-1.3188958740234376,-0.05931751980679034,-0.14661110664478144,0.7051892395019531,-0.8518003461467345,1.9454400054009238,1.8710685424804687,0.07437146292045504
S43A14T05,raw,64,2.1333333333333333,False,True,0.2659449181363976,0.03489160156250004,-1.378213393830228,-1.3188958740234376,-0.05931751980679034,-0.14661110664478144,0.7051892395019531,-0.8518003461467345,1.9454400054009238,1.8710685424804687,0.07437146292045504
S43A14T05,raw,65,2.1666666666666665,False,True,0.2659449181363976,0.03489160156250004,-1.378213393830228,-1.3188958740234376,-0.05931751980679034,-0.14661110664478144,0.7051892395019531,-0.8518003461467345,1.9454400054009238,1.8710685424804687,0.07437146292045504
S43A14T05,raw,66,2.2,False,True,0.2659449181363976,0.03489160156250004,-1.378213393830228,-1.3188958740234376,-0.05931751980679034,-0.14661110664478144,0.7051892395019531,-0.8518003461467345,1.9454400054009238,1.8710685424804687,0.07437146292045504
S43A14T05,raw,67,2.2333333333333334,False,True,0.2659449181363976,0.03489160156250004,-1.378213393830228,-1.3188958740234376,-0.05931751980679034,-0.14661110664478144,0.7051892395019531,-0.8518003461467345,1.9454400054009238,1.8710685424804687,0.07437146292045504
S43A14T05,raw,68,2.2666666666666666,False,True,0.2659449181363976,0.03489160156250004,-1.378213393830228,-1.3188958740234376,-0.05931751980679034,-0.14661110664478144,0.7051892395019531,-0.8518003461467345,1.9454400054009238,1.8710685424804687,0.07437146292045504
S43A14T05,raw,69,2.3,False,True,0.2659449181363976,0.03489160156250004,-1.378213393830228,-1.3188958740234376,-0.05931751980679034,-0.14661110664478144,0.7051892395019531,-0.8518003461467345,1.9454400054009238,1.8710685424804687,0.07437146292045504
S43A14T05,raw,70,2.3333333333333335,False,False,0.26532034651981085,0.04278881835937498,-1.3587312487056398,-1.3119986572265625,-0.04673259147907727,-0.1433495029692321,0.7037718200683594,-0.8471213230375915,1.948304220318878,1.8803919067382813,0.0679123135805968
S43A14T05,raw,71,2.3666666666666667,True,False,0.2776001929039287,0.09305200195312513,-1.352476948994055,-1.3066979980468751,-0.045778950947179764,-0.15178881878393927,0.6625271911621093,-0.8143160099460486,1.9590060744268474,1.86578466796875,0.0932214064580974
S43A14T05,raw,72,2.4,True,False,0.04679591718037406,0.00775537109375013,-1.3509090489026054,-1.3421800537109374,-0.008728995191668032,-0.1423639198054803,0.6651141052246095,-0.8074780250300897,2.0060177305979305,2.006663513183594,-0.0006457825856633903
S43A14T05,raw,73,2.433333333333333,False,False,0.02822166792039925,0.02801831054687498,-1.333950530903474,-1.3463756103515627,0.012425079448088683,-0.14209172469548229,0.6643952331542968,-0.8064869578497791,2.015750293755386,1.9995736083984377,0.016176685356948273
S43A14T05,raw,74,2.466666666666667,False,False,0.019446024525726916,0.018901000976562665,-1.3171042473373877,-1.3460232543945314,0.028919007057143675,-0.13548493681899648,0.6566860961914063,-0.7921710330104028,2.0178379016000996,1.9927108764648438,0.025127025135255776
S43A14T05,raw,75,2.5,True,False,0.16488586212072676,0.004404418945312516,-1.3056473853527542,-1.3668662719726563,0.06121888661990216,-0.10122225916097012,0.7094041442871093,-0.8106264034480795,2.0117789450859758,1.9330411987304688,0.07873774635550701
S43A14T05,raw,76,2.533333333333333,False,False,0.257060019169791,0.07886096191406256,-1.2796903741405146,-1.3613704223632812,0.08168004822276664,-0.07456109814685259,0.7532095336914062,-0.8277706318382588,2.049007114861672,1.9644440307617188,0.08456308409995339
S43A14T05,raw,77,2.566666666666667,False,False,0.26844701254291253,0.053808105468750034,-1.2544154250009354,-1.3669208984374999,0.11250547343656447,-0.058001525358037,0.7630530090332032,-0.8210545343912402,2.0458700861350816,1.9015174560546875,0.14435263008039412
S43A14T05,raw,78,2.6,False,False,0.23339747570746275,0.07222985839843754,-1.2311823535479158,-1.335917907714844,0.10473555416692815,-0.05239954062165127,0.7273271179199219,-0.7797266585415732,2.0675434847193848,1.8805477294921875,0.18699575522719725
S43A14T05,raw,79,2.6333333333333333,False,False,0.24014104310829,0.05413000488281239,-1.203134301003351,-1.3388535766601564,0.1357192756568053,-0.024414984630033432,0.7315010070800781,-0.7559159917101116,2.098079568968208,1.8411923217773438,0.2568872471908641
S43A14T05,raw,80,2.6666666666666665,False,False,0.2501526297434789,0.07169128417968751,-1.17815986200837,-1.3285778198242189,0.15041795781584888,0.012595818365018394,0.731859375,-0.7192635566349815,2.128168295305451,1.8070896606445312,0.32107863466091957
S43A14T05,raw,81,2.7,False,False,0.24042192948543364,0.05991674804687497,-1.1551007357098941,-1.339710205078125,0.18460946936823097,0.047281744332418704,0.7548512878417969,-0.7075695435093782,2.1577890025486246,1.8038001708984375,0.35398883165018713
S43A14T05,raw,82,2.7333333333333334,False,False,0.21438917917735448,0.02738720703124997,-1.131570311551468,-1.359445068359375,0.22787475680790714,0.086031351661197,0.7497416076660156,-0.6637102560048186,2.198017769876446,1.7993001098632813,0.39871766001316455
S43A14T05,raw,83,2.7666666666666666,True,False,0.18441668258244834,0.008145751953125169,-1.0975935965753008,-1.3732708740234374,0.27567727744813664,0.11490690110002119,0.7316869812011719,-0.6167800801011507,2.232356910183167,1.8027973022460937,0.42955960793707315
S43A14T05,raw,84,2.8,False,False,0.15978741962586318,0.02333251953124993,-1.0679629839625016,-1.3756788330078125,0.3077158490453109,0.15358494143405207,0.7128481140136719,-0.5592631725796198,2.2813833167454347,1.8329200439453126,0.4484632728001221
S43A14T05,raw,85,2.8333333333333335,True,False,0.207136739017309,0.06465649414062491,-1.02167821572507,-1.3426921386718749,0.321013922946805,0.21292374622710528,0.7420275878906251,-0.5291038416635198,2.3392993303933514,1.9390792236328125,0.4002201067605389
S43A14T05,raw,86,2.8666666666666667,False,False,0.20534320943027878,0.12078442382812504,-1.0018070563696544,-1.3524571533203125,0.3506500969506581,0.2631558339757905,0.6898843078613281,-0.42672847388553764,2.3849301930310705,1.9365449829101562,0.44838521012091426
S43A14T05,raw,87,2.9,True,False,0.20578007730763176,0.08212963867187506,-0.9689688913019562,-1.3032562255859375,0.3342873342839813,0.2991483491313197,0.6732456970214844,-0.3740973478901647,2.4315070128903855,2.0312673950195315,0.40023961787085405
S43A14T05,raw,88,2.933333333333333,True,False,0.1914198493662347,0.11257788085937492,-0.9225742128208376,-1.2800496826171877,0.35747546979635003,0.3466900088356455,0.7006331787109376,-0.35394316987529206,2.4822536851313015,2.0452100219726566,0.43704366315864496
S43A14T05,raw,89,2.966666666666667,True,False,0.18201619966023924,0.15195446777343746,-0.9078242690256454,-1.2884223022460937,0.3805980332204483,0.3671708282473926,0.6897766723632812,-0.3226058441158886,2.504793941201845,2.0340740966796873,0.47071984452215787
S43A14T05,raw,90,3.0,True,False,0.23349053014479204,0.08879589843749991,-0.8512781422662969,-1.1268946533203126,0.27561651105401563,0.3655209764873255,0.5850480499267579,-0.21952707343943234,2.5594435023534143,1.9873404541015627,0.5721030482518517
S43A14T05,raw,91,3.033333333333333,True,False,0.16307076286964103,0.05874035644531239,-0.8772002955607123,-1.2365509643554686,0.3593506687947563,0.38048011654475283,0.6317972717285156,-0.2513171551837628,2.518563037257759,1.9220439453125,0.596519091945259
S43A14T05,raw,92,3.066666666666667,True,False,0.15675788576845395,0.021829711914062466,-0.8726332587941266,-1.2554349975585937,0.3828017387644671,0.3611253363174352,0.5892322387695312,-0.22810690245209603,2.5338142629216494,1.8790092773437501,0.6548049855778992
S43A14T05,raw,93,3.1,True,False,0.11991448088288441,0.015273071289062523,-0.8613380483645601,-1.255931091308594,0.39459304294403386,0.35691165696697136,0.5937444000244141,-0.23683274305744273,2.5323997139597845,1.9478512573242188,0.5845484566355656
S43A14T05,raw,94,3.1333333333333333,True,False,0.10556647739884385,0.04423950195312498,-0.8551024302851878,-1.235751220703125,0.3806487904179371,0.34043589343706804,0.5165870971679687,-0.17615120373090065,2.5082986293487846,1.8258848876953127,0.6824137416534719
S43A14T05,raw,95,3.1666666666666665,True,False,0.3023284921452403,0.027240722656249883,-0.828981764112029,-1.2606138916015626,0.4316321274895336,0.28472131781277066,0.16435704803466797,0.12036426977810269,2.485046315318803,1.8621974487304687,0.6228488665883345
S43A14T05,raw,96,3.2,True,False,0.01491917477138065,0.008937866210937617,-0.8045263680710448,-1.2070453491210937,0.4025189810500489,0.262942052065621,-0.12624728012084963,0.3891893321864706,2.490167084664663,2.0445877685546874,0.4455793161099755
S43A14T05,raw,97,3.2333333333333334,False,False,0.13401125158976343,0.09434033203124992,-0.7959712773019227,-1.197896484375,0.4019252070730772,0.25952562139526886,-0.11623202514648438,0.37575764654175325,2.4749207994630074,2.007164489746094,0.4677563097169135
S43A14T05,raw,98,3.2666666666666666,True,False,0.056332549974753905,0.006621704101562598,-0.80818296473861,-1.3431261596679689,0.5349431949293589,0.2818113601861206,0.009581526830792428,0.27222983335532813,2.4735415626587027,1.9391975708007814,0.5343439918579214
S43A14T05,raw,99,3.3,True,False,0.13165230818258106,0.0852812500000002,-0.8482973832448901,-1.429303466796875,0.5810060835519848,0.31350087840610663,0.3068978118896485,0.006603066516458145,2.5445275421516613,1.9537203979492186,0.5908071442024427
S43A14T05,raw,100,3.3333333333333335,True,False,0.08097690513426091,0.06477453613281248,-0.8337213461533078,-1.4092838745117189,0.575562528358411,0.31489224349326667,0.2219507064819336,0.09294153701133306,2.561913124639558,1.9567891845703125,0.6051239400692454
S43A14T05,raw,101,3.3666666666666667,True,False,0.4964293892024806,0.49603009033203127,-0.7978293486744359,-1.1435671081542969,0.34573775947986096,0.3114411796801079,0.09867275428771974,0.2127684253923882,2.5752267057289764,1.9670863037109374,0.608140402018039
S43A14T05,raw,102,3.4,True,False,0.5549850138841642,0.5516552734374999,-0.7166621862469963,-0.9794973144531249,0.26283512820612864,0.30575504555950594,0.03269755935668945,0.2730574862028165,2.563105600956184,2.0358109741210937,0.5272946268350904
S43A14T05,raw,103,3.433333333333333,True,False,0.16288632819485607,0.16288201904296873,-0.715392331658811,-1.0520560607910157,0.33666372913220466,0.3224874254824739,0.16431031799316406,0.15817710748930983,2.5476933798688273,1.9401180419921875,0.6075753378766398
S43A14T05,raw,104,3.466666666666667,True,False,0.045265386957063454,0.036786987304687546,-0.7039015817073516,-1.0562821655273438,0.35238058381999215,0.3262124261869021,0.3185094604492188,0.007702965737683309,2.5630215762058826,1.9472512817382812,0.6157702944676013
S43A14T05,raw,105,3.5,False,False,0.12005008455241334,0.10460864257812497,-0.7141962253789862,-1.0531129150390623,0.33891668966007615,0.33690024599291407,0.4196190032958984,-0.08271875730298434,2.5481071783712506,1.923638916015625,0.6244682623556255
S43A14T05,raw,106,3.533333333333333,False,False,0.162202167859325,0.13733996582031238,-0.7250894407352291,-1.0531137084960938,0.3280242677608647,0.35322527948318755,0.5149718475341797,-0.16174656805099213,2.545191175617576,1.936005126953125,0.6091860486644509
S43A14T05,raw,107,3.566666666666667,True,False,0.07548713535964026,0.06854492187500005,-0.7136276972422103,-0.9708455810546877,0.25721788381247734,0.33768400431597456,0.44098641967773433,-0.10330241536175977,2.540581833614592,1.8995353393554688,0.6410464942591232
S43A14T05,raw,108,3.6,False,True,0.07548713535964026,0.06854492187500005,-0.7136276972422103,-0.9708455810546877,0.25721788381247734,0.33768400431597456,0.44098641967773433,-0.10330241536175977,2.540581833614592,1.8995353393554688,0.6410464942591232
S43A14T05,raw,109,3.6333333333333333,False,False,0.09579380471962962,0.08858489990234364,-0.7154494482724731,-0.9593482971191405,0.24389884884666735,0.34788299464045525,0.5188553771972656,-0.17097238255681035,2.540986331612741,1.9102803955078125,0.6307059361049285
S43A14T05,raw,110,3.6666666666666665,True,False,0.07779756626935629,0.07750842285156234,-0.7511204019310006,-0.9989088745117188,0.24778847258071823,0.3218715671749951,0.5242821655273437,-0.20241059835234865,2.4081666371422648,1.5566807861328125,0.8514858510094523
S43A14T05,raw,111,3.7,False,True,0.07779756626935629,0.07750842285156234,-0.7511204019310006,-0.9989088745117188,0.24778847258071823,0.3218715671749951,0.5242821655273437,-0.20241059835234865,2.4081666371422648,1.5566807861328125,0.8514858510094523
S43A14T05,raw,112,3.7333333333333334,False,True,0.07779756626935629,0.07750842285156234,-0.7511204019310006,-0.9989088745117188,0.24778847258071823,0.3218715671749951,0.5242821655273437,-0.20241059835234865,2.4081666371422648,1.5566807861328125,0.8514858510094523
S43A14T05,raw,113,3.7666666666666666,False,True,0.07779756626935629,0.07750842285156234,-0.7511204019310006,-0.9989088745117188,0.24778847258071823,0.3218715671749951,0.5242821655273437,-0.20241059835234865,2.4081666371422648,1.5566807861328125,0.8514858510094523
S43A14T05,raw,114,3.8,False,True,0.07779756626935629,0.07750842285156234,-0.7511204019310006,-0.9989088745117188,0.24778847258071823,0.3218715671749951,0.5242821655273437,-0.20241059835234865,2.4081666371422648,1.5566807861328125,0.8514858510094523
S43A14T05,raw,115,3.8333333333333335,False,True,0.07779756626935629,0.07750842285156234,-0.7511204019310006,-0.9989088745117188,0.24778847258071823,0.3218715671749951,0.5242821655273437,-0.20241059835234865,2.4081666371422648,1.5566807861328125,0.8514858510094523
S43A14T05,raw,116,3.8666666666666667,False,True,0.07779756626935629,0.07750842285156234,-0.7511204019310006,-0.9989088745117188,0.24778847258071823,0.3218715671749951,0.5242821655273437,-0.20241059835234865,2.4081666371422648,1.5566807861328125,0.8514858510094523
S43A14T05,raw,117,3.9,False,True,0.07779756626935629,0.07750842285156234,-0.7511204019310006,-0.9989088745117188,0.24778847258071823,0.3218715671749951,0.5242821655273437,-0.20241059835234865,2.4081666371422648,1.5566807861328125,0.8514858510094523
S43A14T05,raw,118,3.933333333333333,False,True,0.07779756626935629,0.07750842285156234,-0.7511204019310006,-0.9989088745117188,0.24778847258071823,0.3218715671749951,0.5242821655273437,-0.20241059835234865,2.4081666371422648,1.5566807861328125,0.8514858510094523
S43A14T05,raw,119,3.966666666666667,False,True,0.07779756626935629,0.07750842285156234,-0.7511204019310006,-0.9989088745117188,0.24778847258071823,0.3218715671749951,0.5242821655273437,-0.20241059835234865,2.4081666371422648,1.5566807861328125,0.8514858510094523
S43A14T05,raw,120,4.0,False,True,0.07779756626935629,0.07750842285156234,-0.7511204019310006,-0.9989088745117188,0.24778847258071823,0.3218715671749951,0.5242821655273437,-0.20241059835234865,2.4081666371422648,1.5566807861328125,0.8514858510094523
S43A14T05,raw,121,4.033333333333333,False,True,0.07779756626935629,0.07750842285156234,-0.7511204019310006,-0.9989088745117188,0.24778847258071823,0.3218715671749951,0.5242821655273437,-0.20241059835234865,2.4081666371422648,1.5566807861328125,0.8514858510094523
S43A14T05,raw,122,4.066666666666666,True,False,0.10210576660725824,0.10184442138671879,-0.7612850568314179,-1.0317794494628907,0.2704943926314728,0.32890172725594935,0.5003124237060547,-0.17141069645010532,2.4484767912271894,1.5075355224609375,0.940941268766252
S43A14T05,raw,123,4.1,False,False,0.13176126203253982,0.1299765625,-0.7630252622529448,-1.0441705322265624,0.28114526997361766,0.32207432286595755,0.48862271118164063,-0.16654838831568308,2.4473345734464025,1.5097292480468751,0.9376053253995273
S43A14T05,raw,124,4.133333333333334,False,False,0.13204415906120157,0.13025305175781243,-0.7631111729298518,-1.0441052856445312,0.28099411271467944,0.32202145175245067,0.48843382263183593,-0.16641237087938526,2.4473624166426995,1.5097197875976565,0.937642629045043
S43A14T05,raw,125,4.166666666666667,True,False,0.14469733886758093,0.142570556640625,-0.7624373029961108,-1.0394085693359374,0.2769712663398266,0.3277188398502381,0.47390411376953123,-0.14618527391929315,2.449107930919484,1.5123360595703126,0.9367718713491713
S43A14T05,raw,126,4.2,True,False,0.15522606623587207,0.15268090820312497,-0.7712373375784722,-1.0454901123046876,0.27425277472621534,0.32518490184358345,0.46049942016601564,-0.1353145183224322,2.4553633639710757,1.4801590576171875,0.9752043063538882
S43A14T05,raw,127,4.233333333333333,True,False,0.13991490831205483,0.1379199829101564,-0.7689905512244588,-1.0384591979980469,0.26946864677358806,0.32860944014097854,0.45547914123535155,-0.126869701094373,2.4530651655984985,1.497173828125,0.9558913374734985
S43A14T05,raw,128,4.266666666666667,False,False,0.12955391612844352,0.12794812011718748,-0.7684057024002157,-1.0299320678710937,0.26152636547087804,0.3310244286242895,0.45710960388183597,-0.12608517525754648,2.4536965680794545,1.4932040405273437,0.9604925275521108
S43A14T05,raw,129,4.3,False,False,0.11179306510575378,0.11066748046874997,-0.7662520782443709,-1.016588623046875,0.2503365448025041,0.3291234472661579,0.4633067169189453,-0.13418326965278743,2.453536910464396,1.4874595947265625,0.9660773157378335
S43A14T05,raw,130,4.333333333333333,True,False,0.018108421196578944,0.010205261230468832,-0.7512178211654899,-0.8997770690917969,0.14855924792630704,0.33793320226275225,0.5022818908691407,-0.1643486886063884,2.4581755667654126,1.5465369262695314,0.9116386404958812
S43A14T05,raw,131,4.366666666666666,False,False,0.01714180626228381,0.008761352539062295,-0.7512905912037702,-0.9005569458007812,0.149266354597011,0.33788345819255017,0.5017974243164063,-0.16391396612385611,2.458210189945611,1.5464913330078125,0.9117188569377985
S43A14T05,raw,132,4.4,False,False,0.06676383294984825,0.06676275634765638,-0.7632377984276643,-0.9882374572753907,0.22499965884772644,0.338517981756879,0.48894639587402344,-0.15042841411714442,2.4638730463933305,1.55839013671875,0.9054829096745804
S43A14T05,raw,133,4.433333333333334,True,False,0.17667698369215518,0.17269940185546884,-0.7709480358326606,-1.047094512939453,0.2761464771067925,0.33733616235682073,0.4902580108642578,-0.15292184850743706,2.4743480794460897,1.6014543457031252,0.8728937337429645
S43A14T05,raw,134,4.466666666666667,False,False,0.23337235741534723,0.22586572265625005,-0.7681457330020185,-1.05896630859375,0.29082057559173147,0.3394781279102657,0.4774249725341797,-0.137946844623914,2.479482058519993,1.6349800415039062,0.8445020170160866
S43A14T05,raw,135,4.5,True,False,0.24510133889250607,0.2396787719726563,-0.7601519302997474,-1.0228938903808595,0.26274196008111217,0.3448725430333308,0.4824932861328125,-0.1376207430994817,2.468374550267976,1.6574470825195313,0.8109274677484446
S43A14T05,raw,136,4.533333333333333,False,False,0.303098135017733,0.29859552001953116,-0.7597900291502961,-0.9814687194824219,0.22167869033212573,0.34291313103043836,0.49315289306640625,-0.1502397620359679,2.4671406182494375,1.6605879516601563,0.8065526665892813
S43A14T05,raw,137,4.566666666666666,False,False,0.3045820204246228,0.3001471557617188,-0.7596946292840222,-0.9818281555175782,0.22213352623355598,0.3435700818760792,0.4990413208007813,-0.1554712389247021,2.4678033759525273,1.662270690917969,0.8055326850345583
S43A14T05,raw,138,4.6,False,False,0.2652246996491373,0.2570492553710937,-0.7593952442882138,-1.0049963684082033,0.24560112411998947,0.339203855490561,0.4710645294189453,-0.1318606739283843,2.4608500420985315,1.6379480590820314,0.8229019830165001
S43A14T05,raw,139,4.633333333333334,False,False,0.26458369320570246,0.25635192871093737,-0.7594047191732057,-1.0049816284179687,0.24557690924476294,0.33928690763114466,0.47073439025878905,-0.13144748262764439,2.4608100365089145,1.6377485961914062,0.8230614403175083
S43A14T05,raw,140,4.666666666666667,False,False,0.21283057968354066,0.20598126220703128,-0.7608980584783814,-1.0198582458496095,0.25896018737122806,0.33420369310392345,0.4966504364013672,-0.16244674329744374,2.467901126936917,1.6428375244140625,0.8250636025228544
S43A14T05,raw,141,4.7,False,False,0.27596016076491103,0.2679891357421875,-0.7643521322128971,-1.023308532714844,0.2589564005019468,0.3379683444273947,0.5050365447998046,-0.16706820037240994,2.4681069779503586,1.634872253417969,0.8332347245323897
S43A14T05,raw,142,4.733333333333333,False,False,0.24382406001200496,0.23581878662109368,-0.756111909906411,-1.0076289367675781,0.25151702686116717,0.33561773673166656,0.4930320281982422,-0.15741429146657565,2.478123068365304,1.6315369873046874,0.8465860810606167
S43A14T05,raw,143,4.766666666666667,True,False,0.2328972338289643,0.21762939453124996,-0.7918596638095804,-1.2350052490234376,0.44314558521385716,0.3451280944466563,0.5314349060058594,-0.1863068115592031,2.53588312459286,1.8543158569335938,0.6815672676592663
S43A14T05,raw,144,4.8,False,False,0.18910813690372963,0.1802880859375,-0.7922096076542828,-1.244305908203125,0.4520963005488421,0.3463328034650991,0.5658291625976563,-0.21949635913255716,2.5400493287553707,1.8989732055664064,0.6410761231889643
S43A14T05,raw,145,4.833333333333333,True,False,0.12861384265478798,0.12788977050781258,-0.7952895240997587,-1.271065612792969,0.4757760886932102,0.3425280979680683,0.5795958099365235,-0.23706771196845516,2.5476273551133626,1.93615478515625,0.6114725699571126
S43A14T05,raw,146,4.866666666666666,False,False,0.0887825842270029,0.0869724121093749,-0.8006823520750336,-1.28658837890625,0.4859060268312164,0.3444184281327711,0.588291488647461,-0.24387306051468982,2.549677382169638,1.9511021728515625,0.5985752093180756
S43A14T05,raw,147,4.9,False,False,0.07400890929243878,0.03412182617187498,-0.7981541849234288,-1.3166010742187502,0.5184468892953213,0.3353205551837035,0.5943975524902344,-0.2590769973065309,2.5580691684948715,1.9736184082031252,0.5844507602917464
S43A14T05,raw,148,4.933333333333334,False,False,0.0967033104216762,0.0350620117187499,-0.7964787272652811,-1.308203857421875,0.5117251301565939,0.3438096793376557,0.62486865234375,-0.2810589730060943,2.559694074971858,1.9894530639648438,0.5702410110070142
S43A14T05,raw,149,4.966666666666667,False,False,0.09467197409409167,0.030879760742187568,-0.8043422430620606,-1.3171847534179688,0.5128425103559082,0.3411084470620719,0.6300777893066407,-0.2889693422445688,2.5572393896093715,1.9784689331054688,0.5787704565039027
S43A14T05,raw,150,5.0,False,False,0.09423983886135176,0.032171386718750083,-0.8042809360917522,-1.3165364990234374,0.5122555629316852,0.3411355179891894,0.6304816589355469,-0.28934614094635747,2.5572002709911135,1.9781139526367189,0.5790863183543946
S43A14T05,raw,151,5.033333333333333,False,False,0.08958437086378733,0.06751818847656255,-0.7910717090105912,-1.2737568969726563,0.48268518796206505,0.3392006027128086,0.6178065338134766,-0.278605931100668,2.555258436996512,1.9692997436523436,0.5859586933441685
S43A14T05,raw,152,5.066666666666666,False,False,0.09345803880146411,0.08409838867187491,-0.7986826124674359,-1.2958925781250001,0.49720996565756426,0.3430566824196699,0.6288351440429688,-0.2857784616232989,2.5597218385920772,1.9827882690429686,0.5769335695491087
S43A14T05,raw,153,5.1,False,False,0.09650482473177595,0.08792236328125003,-0.7968523826522537,-1.2855526123046874,0.48870022965243376,0.3432098567559078,0.6294402160644532,-0.2862303593085454,2.5583941612138954,1.9724576416015625,0.585936519612333
S43A14T05,raw,154,5.133333333333334,False,False,0.09446298709778876,0.08295214843749998,-0.7958946701361534,-1.2761932373046876,0.48029856716853414,0.34206566522373033,0.6253482666015625,-0.2832826013778322,2.551184216429231,1.9518156738281252,0.599368542601106
S43A14T05,raw,155,5.166666666666667,False,False,0.078683963045084,0.05916699218749999,-0.7959155811963532,-1.2880140380859375,0.4920984568895843,0.3377175137195379,0.63004736328125,-0.2923298495617121,2.550285578070098,1.9476710205078125,0.6026145575622857
S43A14T05,raw,156,5.2,False,False,0.09605538543596528,0.09157397460937489,-0.7935721130856473,-1.277251220703125,0.4836791076174777,0.3329770347729943,0.6275914306640625,-0.29461439589106825,2.549972597296414,1.9441735839843752,0.6057990133120388
S43A14T05,raw,157,5.233333333333333,False,False,0.11045722193154628,0.11014990234375,-0.7948372172436104,-1.2780532226562502,0.48321600541263976,0.32879041651401497,0.6315831298828125,-0.30279271336879754,2.5523875116290093,1.954400390625,0.5979871210040093
S43A14T05,raw,158,5.266666666666667,False,False,0.07621842190580781,0.07035900878906265,-0.7930293340306107,-1.2633908081054688,0.47036147407485807,0.32981096679386596,0.6285048217773437,-0.2986938549834777,2.544261036214823,1.9410418090820314,0.6032192271327914
S43A14T05,raw,159,5.3,False,False,0.09787391873456072,0.09677087402343765,-0.7918393512256876,-1.2573628540039063,0.46552350277821875,0.32804374694671273,0.6310700683593751,-0.30302632141266234,2.544014998560364,1.9418877563476562,0.6021272422127077
S43A14T05,raw,160,5.333333333333333,False,False,0.16006173883598415,0.157802001953125,-0.787774982564463,-1.2385510253906251,0.4507760428261621,0.32639328237181514,0.6158112182617188,-0.28941793588990367,2.534950046707967,1.9215137329101564,0.6134363137978107
S43A14T05,raw,161,5.366666666666666,False,False,0.13182448139266822,0.12850585937500014,-0.7868263998008558,-1.2404022216796875,0.4535758218788317,0.3185075188158401,0.6011316833496094,-0.2826241645337693,2.534464214594594,1.9168128662109376,0.6176513483836563
S43A14T05,raw,162,5.4,True,False,0.2183347503494566,0.1998218994140626,-0.7929970539062189,-1.2875862426757814,0.4945891887695625,0.3545586911644808,0.6973197021484374,-0.3427610109839566,2.5593893933092433,2.0058339233398437,0.5535554699693996
S43A14T05,raw,163,5.433333333333334,True,False,0.2536345297396756,0.2207418212890626,-0.785036160062094,-1.2564931030273438,0.47145694296524987,0.32534722176906156,0.6410583190917969,-0.31571109732273533,2.5620009543843056,2.001419189453125,0.5605817649311806
S43A14T05,raw,164,5.466666666666667,False,False,0.20534011585002704,0.1847048339843751,-0.7682014398144178,-1.1965119628906251,0.4283105230762073,0.2980432516378981,0.5521517791748047,-0.25410852753690666,2.546361582262304,1.9499519653320312,0.5964096169302726
S43A14T05,raw,165,5.5,False,False,0.19722045150615808,0.17944921874999986,-0.7729484113829644,-1.1904462890625,0.4174978776795356,0.2916725797150916,0.550126220703125,-0.2584536409880334,2.545783688415463,1.962261962890625,0.5835217255248379
S43A14T05,raw,166,5.533333333333333,False,False,0.2140873104572486,0.19212719726562488,-0.7713813857167015,-1.181145751953125,0.40976436623642354,0.29146829586183104,0.5497499084472657,-0.25828161258543464,2.543136638941956,1.9534293212890623,0.5897073176528935
S43A14T05,raw,167,5.566666666666666,False,False,0.15405107044686436,0.13706665039062504,-0.7744733205006629,-1.1713948974609374,0.3969215769602745,0.28861421775651885,0.5790085754394532,-0.2903943576829343,2.5415595205657726,1.94452783203125,0.5970316885345226
S43A14T05,raw,168,5.6,False,False,0.1945440969185324,0.16689501953124997,-0.7762741943140548,-1.1976943359374999,0.4214201416234451,0.2926087527785296,0.5913957214355469,-0.29878696865701726,2.5438899085161983,1.9548521728515627,0.5890377356646357
S43A14T05,raw,169,5.633333333333334,False,False,0.17070642867481375,0.129298583984375,-0.7778821485207736,-1.20125927734375,0.4233771288229764,0.2977761347509255,0.6077475280761719,-0.3099713933252464,2.5409767932351057,1.9700853271484375,0.5708914660866682
S43A14T05,raw,170,5.666666666666667,False,False,0.17975567429359424,0.12948669433593762,-0.778092252977721,-1.2003303833007812,0.42223813032306023,0.28909698342166273,0.6120501708984375,-0.32295318747677476,2.5338656820658683,1.9449390258789063,0.5889266561869619
S43A14T05,raw,171,5.7,True,False,0.3219381816439206,0.2535750732421873,-0.7813636996219667,-1.1616228637695314,0.38025916414756467,0.28052566865118383,0.592888671875,-0.3123630032238162,2.504704408442837,1.8177114868164064,0.6869929216264308
S43A14T05,raw,172,5.733333333333333,False,False,0.27434870401712236,0.22718688964843747,-0.7908295407114382,-1.1610266723632812,0.370197131651843,0.27591234850137164,0.5814842681884765,-0.3055719196871049,2.494134083238007,1.8051036376953125,0.6890304455426945
S43A14T05,raw,173,5.766666666666667,True,False,0.25973929137388224,0.2189533691406249,-0.8015743036888872,-1.1757950439453126,0.3742207402564255,0.2680899441450617,0.5811245269775391,-0.3130345828324774,2.492277211800658,1.7869913330078124,0.7052858787928455
S43A14T05,raw,174,5.8,False,False,0.22356390921416114,0.19023315429687493,-0.8032611761572156,-1.1774578857421876,0.374196709584972,0.2653582128459699,0.5838128356933594,-0.3184546228473895,2.486042157614858,1.781009948730469,0.705032208884389
S43A14T05,raw,175,5.833333333333333,False,False,0.2172656020646631,0.18262194824218758,-0.8044321412215887,-1.1786000366210938,0.3741678953995051,0.2587797612652763,0.5867962188720703,-0.32801645760679404,2.481807812533661,1.7822773437500001,0.699530468783661
S43A14T05,raw,176,5.866666666666666,True,False,0.2840317678794649,0.21821984863281263,-0.8156738977159516,-1.209997741699219,0.39432384398326736,0.2411748420520157,0.590967529296875,-0.34979268724485935,2.464147243741582,1.7935995483398437,0.6705476954017384
S43A14T05,raw,177,5.9,True,False,0.27381449008698766,0.2297418212890625,-0.8365938600801263,-1.2005796508789062,0.3639857907987799,0.2299155548440901,0.5513105163574219,-0.3213949615133318,2.4796596889586913,1.7671365966796875,0.7125230922790038
S43A14T05,raw,178,5.933333333333334,False,False,0.2674098218412596,0.21574499511718748,-0.8537276333440779,-1.2192108764648437,0.36548324312076585,0.22491537812424087,0.5452386169433594,-0.3203232388191185,2.469005143873601,1.7573713989257813,0.7116337449478198
S43A14T05,raw,179,5.966666666666667,False,False,0.2797647931536109,0.23059777832031236,-0.8584850435469334,-1.2494208374023437,0.3909357938554102,0.22257327377246108,0.5469634399414063,-0.3243901661689452,2.4750046036117825,1.7622468261718751,0.7127577774399074
S43A14T05,raw,180,6.0,False,False,0.4053163343385696,0.37209179687499994,-0.8874727523926862,-1.3193822021484376,0.4319094497557514,0.2123756204413291,0.5208322753906249,-0.30845665494929586,2.461227535164718,1.7652947998046875,0.6959327353600304
S43A14T05,raw,181,6.033333333333333,False,False,0.416182476412185,0.3847459716796875,-0.8965662470518451,-1.3422721557617188,0.4457059087098737,0.21075400168632805,0.5143457183837892,-0.3035917166974611,2.4562258159836303,1.7625555419921874,0.6936702739914429
S43A14T05,raw,182,6.066666666666666,False,False,0.4044651750601329,0.3740196533203124,-0.9069441602261668,-1.3447490844726562,0.4378049242464894,0.2064807907693382,0.5273360290527345,-0.32085523828339624,2.4524840989911003,1.769860046386719,0.6826240526043814
S43A14T05,raw,183,6.1,False,False,0.4141015080044318,0.3810113525390626,-0.9162905535517681,-1.3513823852539062,0.43509183170213805,0.20767460242068586,0.5297005310058593,-0.3220259285851735,2.445167348699411,1.780587646484375,0.6645797022150361
S43A14T05,raw,184,6.133333333333334,False,False,0.416398971899673,0.37839160156249996,-0.92554175118819,-1.3621947021484375,0.4366529509602475,0.20944925358778185,0.540121826171875,-0.3306725725840931,2.4377016645551035,1.79865234375,0.6390493208051036
S43A14T05,raw,185,6.166666666666667,False,False,0.3978798886479159,0.3559483642578125,-0.9277669078147166,-1.3649448852539063,0.43717797743918974,0.208452440190146,0.5362962341308595,-0.3278437939407135,2.4300184178003494,1.8244832153320312,0.6055352024683183
S43A14T05,raw,186,6.2,False,False,0.3943697593854823,0.34271142578125,-0.9355148108278015,-1.3641367187500002,0.4286219079221987,0.21219240706729503,0.5378038024902343,-0.32561139542293926,2.42392064826092,1.8505270385742187,0.5733936096867012
S43A14T05,raw,187,6.233333333333333,False,False,0.3701632107256328,0.3185118408203127,-0.9437272418632079,-1.3689821166992187,0.42525487483601077,0.21460544185468414,0.5373670043945312,-0.3227615625398471,2.422279362606095,1.8450957031250002,0.5771836594810948
S43A14T05,raw,188,6.266666666666667,False,False,0.3701591653821359,0.31850793457031257,-0.9437284704265123,-1.3689835815429687,0.4252551111164564,0.21460717631210952,0.5373657836914063,-0.3227586073792968,2.4222764444851124,1.8450955200195311,0.5771809244655812
S43A14T05,raw,189,6.3,True,False,0.3703307062385782,0.3147381591796876,-0.9553095277326599,-1.3601737670898437,0.40486423935718385,0.20765410483581634,0.516563507080078,-0.30890940224426167,2.3997138136605565,1.8565235595703125,0.543190254090244
S43A14T05,raw,190,6.333333333333333,False,False,0.3777993379541444,0.3173225097656249,-0.9568483552244105,-1.3603400878906249,0.4034917326662144,0.20445507232826357,0.48860142517089844,-0.2841463528426349,2.3858254663708514,1.8603340454101565,0.5254914209606949
S43A14T05,raw,191,6.366666666666666,False,False,0.3756797551030621,0.3155588378906249,-0.9586583581452066,-1.3630618896484377,0.40440353150323105,0.20154225090795716,0.47169480895996097,-0.2701525580520038,2.377981279317268,1.8580886840820312,0.5198925952352369
S43A14T05,raw,192,6.4,False,False,0.37529463792015294,0.3159739990234376,-0.9591982694167219,-1.363607849121094,0.40440957970437197,0.19935765679401116,0.4608166198730469,-0.2614589630790357,2.3689071800053445,1.8474725952148439,0.5214345847905006
S43A14T05,raw,193,6.433333333333334,False,False,0.3747401324803776,0.31577172851562496,-0.9573205906730248,-1.3605859375,0.40326534682697524,0.19586777732031077,0.4486703796386719,-0.25280260231836116,2.355150980020942,1.8404082641601565,0.5147427158607853
S43A14T05,raw,194,6.466666666666667,False,False,0.3665045738145627,0.309436279296875,-0.9570772805053577,-1.3434532470703124,0.38637596656495476,0.19496600596759672,0.43959689331054685,-0.24463088734295013,2.34383851358778,1.8338767700195313,0.5099617435682489
S43A14T05,raw,195,6.5,False,False,0.3720475024972652,0.3173021240234375,-0.9557298365112256,-1.3351216430664063,0.3793918065551808,0.1919226356524243,0.4363831024169922,-0.2444604667645679,2.3275267345396897,1.8242531127929689,0.5032736217467209
S43A14T05,raw,196,6.533333333333333,False,False,0.36373019271389057,0.31138476562499995,-0.9554963980867961,-1.3232263183593749,0.3677299202725788,0.19025575899951644,0.42804296875000003,-0.2377872097504836,2.3128696904903143,1.8154140014648439,0.49745568902547044
S43A14T05,raw,197,6.566666666666666,False,False,0.33738820726198565,0.2808952636718751,-0.9499692271199519,-1.3029969482421875,0.35302772112223557,0.190718785040087,0.4398095245361328,-0.24909073949604582,2.2882256066445814,1.809291748046875,0.4789338585977063
S43A14T05,raw,198,6.6,False,False,0.3423191945586645,0.2825322265625001,-0.9493257764338311,-1.2984576416015625,0.3491318651677314,0.18792939637814046,0.45069259643554693,-0.2627632000574065,2.2743298596269734,1.8017979125976562,0.4725319470293172
S43A14T05,raw,199,6.633333333333334,False,False,0.4141459055252151,0.3683089599609375,-0.9663503427595189,-1.3381815795898437,0.3718312368303248,0.18939240548485314,0.4596554412841797,-0.27026303579932653,2.2578881151840773,1.7828761596679688,0.47501195551610853
S43A14T05,raw,200,6.666666666666667,False,False,0.43526478624817666,0.38471362304687506,-0.9681919201021506,-1.3343836669921876,0.366191746890037,0.18840855384554725,0.4627080841064453,-0.27429953026089804,2.2411430037194053,1.7820491333007813,0.45909387041862404
S43A14T05,raw,201,6.7,False,False,0.4437871311828343,0.3952729492187499,-0.9717602094789424,-1.3450151367187502,0.3732549272398078,0.18347379934802008,0.4676720886230469,-0.28419828927502677,2.2297039732950545,1.7743995361328126,0.4553044371622419
S43A14T05,raw,202,6.733333333333333,False,False,0.43450520347003824,0.38405468749999994,-0.977471491823295,-1.3440321044921875,0.3665606126688925,0.18478182175691232,0.4763306121826172,-0.29154879042570486,2.216511215266976,1.7756137695312502,0.44089744573572576
S43A14T05,raw,203,6.766666666666667,False,False,0.4237894646267245,0.37226452636718754,-0.9824781804661912,-1.3462180786132814,0.3637398981470902,0.18404184681896882,0.48698432922363283,-0.30294248240466404,2.2134880276733244,1.7818087158203126,0.4316793118530118
S43A14T05,raw,204,6.8,False,False,0.4052673079841275,0.35818603515625,-0.984561058393575,-1.3408232421875002,0.35626218379392516,0.1824483469728642,0.4979356536865235,-0.3154873067136593,2.2041187649277965,1.780523864746094,0.42359490018170254
S43A14T05,raw,205,6.833333333333333,False,False,0.421166283842445,0.3789520263671875,-0.9959508785472334,-1.3507649536132813,0.3548140750660479,0.1738469657686191,0.5145053100585938,-0.34065834428997466,2.1940558790613687,1.7913572387695313,0.40269864029183733
S43A14T05,raw,206,6.866666666666666,False,False,0.42121005759612057,0.378989013671875,-0.9959472123000435,-1.350762939453125,0.35481572715308163,0.17381884276464482,0.5145104675292969,-0.34069162476465203,2.19401526830731,1.79136767578125,0.40264759252605997
S43A14T05,raw,207,6.9,False,False,0.414759350000899,0.37560290527343754,-1.0090647425061172,-1.3620686645507813,0.35300392204466413,0.16993132257822882,0.5342701416015625,-0.36433881902333365,2.1730903265276527,1.8075524291992187,0.365537897328434
S43A14T05,raw,208,6.933333333333334,False,False,0.4273650526093115,0.39261718749999996,-1.0146326159765402,-1.3575374755859375,0.3429048596093973,0.16771138476882877,0.5445715789794922,-0.3768601942106634,2.166125875211899,1.8079761962890626,0.35814967892283645
S43A14T05,raw,209,6.966666666666667,False,False,0.40971109696825164,0.36054467773437504,-1.0238382369317789,-1.3313680419921874,0.3075298050604085,0.17014641128118652,0.5681699523925781,-0.39802354111139154,2.150580000598131,1.82396240234375,0.3266175982543811
S43A14T05,raw,210,7.0,False,False,0.30280437617995914,0.23272827148437503,-1.0231444969432941,-1.2672886962890626,0.24414419934576848,0.16794642692438727,0.5685997009277344,-0.4006532740033471,2.1265324992059,1.8248374633789064,0.3016950358269934
S43A14T05,raw,211,7.033333333333333,False,False,0.264646972804278,0.18254992675781256,-1.0214387394959004,-1.2372512817382812,0.2158125422423809,0.1640192862733586,0.556009033203125,-0.3919897469297664,2.1163903574145704,1.8211898803710938,0.29520047704347663
S43A14T05,raw,212,7.066666666666666,False,False,0.25012560168070114,0.16345910644531236,-1.037251501569234,-1.245328308105469,0.20807680653623484,0.164188269893413,0.5612007446289062,-0.3970124747354932,2.1086473811792192,1.7998436279296874,0.3088037532495318
S43A14T05,raw,213,7.1,False,False,0.2407999944012674,0.14569702148437513,-1.0541341778565512,-1.2525782470703124,0.19844406921376123,0.15199553256838552,0.5707887878417969,-0.4187932552734114,2.0827070350879717,1.7941756591796874,0.28853137590828437
S43A14T05,raw,214,7.133333333333334,True,False,0.2936248484865525,0.20977587890625005,-1.0767372907178867,-1.2908453369140624,0.21410804619617574,0.1465904183990088,0.5882053222656249,-0.44161490386661617,2.046939174118279,1.8311543579101563,0.21578481620812262
S43A14T05,raw,215,7.166666666666667,False,False,0.2397146103992221,0.14125366210937496,-1.0749069315684778,-1.25150146484375,0.17659453327527208,0.14241400891617634,0.5786605834960937,-0.4362465745799174,2.029275653005696,1.8168515625000001,0.21242409050569577
S43A14T05,raw,216,7.2,False,False,0.20102978014297462,0.07359924316406241,-1.0854999186100445,-1.2727791137695312,0.18727919515948677,0.154410059066461,0.5977117004394532,-0.4433016413729922,1.9996193933525264,1.8005837402343752,0.1990356531181512
S43A14T05,raw,217,7.233333333333333,True,False,0.21994969515318935,0.0053087158203126705,-1.1035965409026438,-1.3001535034179688,0.19655696251532495,0.15519186705576998,0.6207428588867188,-0.4655509918309488,1.9791011848072844,1.7710889282226563,0.20801225658462807
S43A14T05,raw,218,7.266666666666667,True,False,0.22222381313046102,0.01466528320312488,-1.120264280667321,-1.2594364013671875,0.1391721206998664,0.1680395604432682,0.6466061706542969,-0.47856661021102875,1.967476461824535,1.6911433715820312,0.27633309024250385
S43A14T05,raw,219,7.3,True,False,0.2550125355053937,0.030171142578125032,-1.1206840257712394,-1.275860107421875,0.15517608165063557,0.12769770301526304,0.6017561950683594,-0.47405849205309636,1.9294145704990742,1.6534154052734376,0.2759991652256366
S43A14T05,raw,220,7.333333333333333,True,False,0.25756430343789966,0.05429577636718763,-1.157502454907594,-1.4192200317382813,0.2617175768306872,0.09694844348028042,0.5606539611816406,-0.46370551770136015,1.9159305839934264,1.710818603515625,0.20511198047780144
S43A14T05,raw,221,7.366666666666666,True,False,0.2510515561550307,0.06613928222656251,-1.176997547986652,-1.5089213256835938,0.3319237776969419,0.09086823853830328,0.5325872802734375,-0.4417190417351342,1.9074435129102143,1.7775077514648436,0.12993576144537067
S43A14T05,raw,222,7.4,False,False,0.24148756557780057,0.09596264648437502,-1.2030986063373685,-1.57918212890625,0.37608352256888145,0.0898246063195692,0.5356649017333984,-0.4458402954138292,1.8858643085973026,1.7693181762695311,0.11654613232777145
S43A14T05,raw,223,7.433333333333334,False,False,0.2397323360943484,0.09629565429687492,-1.2412341687748671,-1.6778348388671875,0.4366006700923204,0.0792035350849886,0.49658229064941406,-0.41737875556442544,1.877651947042146,1.8017817993164065,0.07587014772573952
S43A14T05,raw,224,7.466666666666667,True,False,0.2927989449360947,0.07410766601562502,-1.247062305906449,-1.7358245849609375,0.48876227905448855,0.07886536875486805,0.4873572235107422,-0.40849185475587413,1.8704268970088194,1.8118714599609373,0.05855543704788202
S43A14T05,raw,225,7.5,False,False,0.2765554752389014,0.09382763671875005,-1.2679012911290177,-1.7656364746093751,0.4977351834803574,0.06904159355379041,0.4773494415283204,-0.40830784797452996,1.8639045673988155,1.804214538574219,0.05969002882459651
S43A14T05,raw,226,7.533333333333333,True,False,0.31870227301691256,0.15770910644531244,-1.3053367562914213,-1.7961342163085936,0.4907974600171723,0.08897608785338017,0.5536668701171875,-0.46469078226380733,1.8670421999021025,1.7479429931640627,0.11909920673803986
S43A14T05,raw,227,7.566666666666666,True,False,0.33004159454645837,0.18425024414062507,-1.3264577227127368,-1.818158203125,0.49170048041226333,0.10214125628820078,0.6252379760742188,-0.523096719786018,1.8565700135546024,1.7386529541015625,0.11791705945303987
S43A14T05,raw,228,7.6,True,False,0.34521379396152185,0.22447790527343758,-1.347622977168581,-1.8079668579101562,0.4603438807415752,0.09845702423808121,0.6729124450683595,-0.5744554208302782,1.822953910233472,1.6971524658203125,0.12580144441315944
S43A14T05,raw,229,7.633333333333334,True,False,0.30624136286666626,0.21345202636718752,-1.3495877160576826,-1.8199598999023436,0.47037218384466106,0.08852682054153992,0.6664965820312501,-0.5779697614897101,1.8076261601238175,1.718403015136719,0.0892231449870986
S43A14T05,raw,230,7.666666666666667,True,False,0.32453119531382146,0.23702050781249984,-1.3597428353379428,-1.8317601318359376,0.47201729649799473,0.08288775613018796,0.6998751525878906,-0.6169873964577026,1.8070937039090313,1.6991628417968752,0.10793086211215619
S43A14T05,raw,231,7.7,True,False,0.31601331944288313,0.24043457031250015,-1.3680682454475623,-1.8480909423828127,0.48002269693525035,0.07397840696059896,0.691409423828125,-0.617431016867526,1.7987392771236772,1.7118389892578125,0.08690028786586468
S43A14T05,raw,232,7.733333333333333,False,False,0.3140876661318372,0.22895947265625005,-1.3594274982884933,-1.8608317871093751,0.5014042888208818,0.03130757158912498,0.6425651550292969,-0.6112575834401719,1.7978094639519664,1.7551406860351562,0.04266877791681023
S43A14T05,raw,233,7.766666666666667,False,False,0.3127475748857415,0.20345532226562502,-1.3723928863207562,-1.874280517578125,0.5018876312573688,0.011223143482175601,0.6485556640625,-0.6373325205803244,1.7905096787866408,1.7597741088867187,0.0307355698999221
S43A14T05,raw,234,7.8,False,False,0.30221427076735247,0.19617150878906253,-1.3685173841493745,-1.8555188598632812,0.48700147571390673,-0.012025479106934136,0.6362508850097657,-0.6482763641166999,1.7790261097470759,1.7614884643554687,0.01753764539160718
S43A14T05,raw,235,7.833333333333333,True,False,0.2987118815722289,0.18093908691406257,-1.3437182735870876,-1.7998405151367187,0.4561222415496311,-0.05321928659566444,0.59330322265625,-0.6465225092519145,1.7725477402070065,1.7286021118164063,0.04394562839060012
S43A14T05,raw,236,7.866666666666666,False,False,0.26896406754136637,0.1496221923828125,-1.3420931409240606,-1.8011981811523436,0.459105040228283,-0.05294699904572181,0.6121053771972657,-0.6650523762429874,1.7859025875629604,1.7539940185546876,0.03190856900827277
S43A14T05,raw,237,7.9,False,False,0.2671135414440135,0.15005541992187488,-1.3457803723173811,-1.7987744140625002,0.45299404174511904,-0.06943637816889882,0.6277652587890625,-0.6972016369579613,1.7849308308598169,1.7751795654296876,0.009751265430129274
S43A14T05,raw,238,7.933333333333334,False,False,0.24830956728308404,0.1460657958984375,-1.3396260582880017,-1.7819718627929688,0.4423458045049671,-0.10150307763510756,0.5999100952148437,-0.7014131728499513,1.7910014898020001,1.8118120117187502,-0.020810521916750035
S43A14T05,raw,239,7.966666666666667,False,False,0.2499550065619999,0.11646118164062513,-1.3463595790128868,-1.7550229492187501,0.4086633702058633,-0.11250177995340006,0.6031685485839844,-0.7156703285373844,1.7709933099221031,1.801642822265625,-0.03064951234352198
S43A14T05,raw,240,8.0,False,False,0.24449975128834023,0.13577343750000015,-1.3407101539212052,-1.707224365234375,0.36651421131316986,-0.13490483476238724,0.5821173095703125,-0.7170221443326997,1.7420345521487646,1.7776135253906251,-0.035578973241860545
S43A14T05,raw,241,8.033333333333333,True,False,0.23887263507385992,0.1471628417968751,-1.3575381858685236,-1.6955068359375,0.3379686500689765,-0.1445979157023847,0.63308544921875,-0.7776833649211347,1.735365693633519,1.77028955078125,-0.03492385714773105
S43A14T05,raw,242,8.066666666666666,False,True,0.23887263507385992,0.1471628417968751,-1.3575381858685236,-1.6955068359375,0.3379686500689765,-0.1445979157023847,0.63308544921875,-0.7776833649211347,1.735365693633519,1.77028955078125,-0.03492385714773105
S43A14T05,raw,243,8.1,True,False,0.20776460802975896,0.11241809082031251,-1.2658212959612465,-1.3904086303710939,0.12458733440984737,-0.14130248094309508,0.6850226135253907,-0.8263250944684858,1.730187141466007,1.7407299194335937,-0.010542777967586625
S43A14T05,filtered,0,0.0,False,False,0.2660103607325585,0.03487404624137436,-1.3782131340129469,-1.3188619576021723,-0.059351176410774587,-0.14656973747987195,0.7052427713002407,-0.8518125087801127,1.9454597332643138,1.8710508738406642,0.07440885942364961
S43A14T05,filtered,1,0.03333333333333333,False,True,0.26598204223428334,0.03487529264767786,-1.3782186158679104,-1.3188554574403524,-0.059363158427558016,-0.14657534457503058,0.7052338936091755,-0.8518092381842062,1.945459674669237,1.8710747595676762,0.07438491510156076
S43A14T05,filtered,2,0.06666666666666667,False,True,0.26594485060443274,0.034878490980066124,-1.378224495391487,-1.318852127239023,-0.05937236815246405,-0.14658573160073562,0.7052187213439797,-0.8518044529447153,1.9454575129734932,1.8711021365817997,0.07435537639169354
S43A14T05,filtered,3,0.1,False,True,0.26590120037590326,0.03488364032113678,-1.378230216196507,-1.318852872454565,-0.059377343741942035,-0.14660062451933306,0.7051977743408153,-0.8517983988601484,1.9454531124875958,1.871130699116442,0.07432241337115375
S43A14T05,filtered,4,0.13333333333333333,False,True,0.2658546130044651,0.03489053201378134,-1.3782351420393024,-1.3188583223654238,-0.059376819673878645,-0.14661922224394014,0.7051722772152199,-0.85179149945916,1.9454465521377233,1.8711576144112425,0.07428893772648082
S43A14T05,filtered,5,0.16666666666666666,False,True,0.26580953453440437,0.03489873574272728,-1.378238610622142,-1.318868715105027,-0.059369895517115134,-0.14664019023369376,0.705144151602094,-0.8517843418357878,1.9454381543896746,1.8711797324913473,0.07425842189832732
S43A14T05,filtered,6,0.2,False,True,0.2657710231977774,0.03490760677965121,-1.3782399995197854,-1.318883804323299,-0.05935619519648627,-0.14666170973109605,0.705115932887195,-0.851777642618291,1.9454284932921393,1.8711938661702097,0.07423462712192963
S43A14T05,filtered,7,0.23333333333333334,False,True,0.26574431761943323,0.0349163173005671,-1.37823879932369,-1.3189028011680464,-0.05933599815564361,-0.146681587076404,0.7050906071620228,-0.8517721942384268,1.9454183771531184,1.8711971236927756,0.0742212534603428
S43A14T05,filtered,8,0.26666666666666666,False,True,0.26573431085235494,0.03492391262871841,-1.378234687476689,-1.318924363899843,-0.05931032357684618,-0.14669742191311336,0.7050713718800043,-0.8517687937931178,1.9454088032820633,1.8711872677775654,0.07422153550449795
S43A14T05,filtered,9,0.3,False,True,0.26574496984643076,0.03492939075257251,-1.3782275950630258,-1.3189466445267475,-0.059280950536278354,-0.14670682662665965,0.705061332414612,-0.8517681590412717,1.9454008847556095,1.8711630674443918,0.0742378173112177
S43A14T05,filtered,10,0.3333333333333333,False,True,0.26577875260304545,0.03493180070519086,-1.3782177582238129,-1.3189673974101597,-0.0592503608136532,-0.14670768257617714,0.7050631556612006,-0.8517708382373778,1.9453957521335608,1.8711246039372578,0.07427114819630298
S43A14T05,filtered,11,0.36666666666666664,False,True,0.26583608455501473,0.03493035261711652,-1.3782057460562025,-1.318984149060179,-0.05922159699602347,-0.1466984122541911,0.705078710070552,-0.8517771223247431,1.945394436225139,1.871073490208628,0.07432094601651107
S43A14T05,filtered,12,0.4,False,True,0.26591496008336496,0.03492452976321725,-1.3781924579418603,-1.3189944216922296,-0.059198036249630714,-0.1466782411872358,0.7051087280551376,-0.8517869692423734,1.945397741081459,1.8710129655801468,0.07438477550131206
S43A14T05,filtered,13,0.43333333333333335,False,True,0.26601073323856916,0.03491419102890858,-1.3781790852774511,-1.3189959961048143,-0.059183089172636816,-0.1466474199296386,0.705152530577297,-0.8517999505069356,1.945406119024511,1.870947833801651,0.07445828522286013
S43A14T05,filtered,14,0.4666666666666667,False,True,0.2661161527986598,0.03489965122818095,-1.3781670354943114,-1.318987192743613,-0.05917984275069843,-0.14660737559491857,0.7052078540334419,-0.8518152296283604,1.9454195613585916,1.870884223867221,0.07453533749137065
S43A14T05,filtered,15,0.5,False,True,0.2662216804792117,0.034881726877384445,-1.3781578199005755,-1.3189671442072373,-0.059190675693338246,-0.14656076455488698,0.7052708156380292,-0.8518315801929162,1.9454375191130588,1.8708291682169884,0.07460835089607043
S43A14T05,filtered,16,0.5333333333333333,False,True,0.2663161078340312,0.03486173654897762,-1.3781529109957098,-1.3189360287103413,-0.05921688228536848,-0.14651140352089614,0.7053360450684579,-0.8518474485893541,1.945458867463887,1.8707900114505631,0.07466885601332396
S43A14T05,filtered,17,0.5666666666666667,False,True,0.2663874583734471,0.034841447871177156,-1.3781535791384996,-1.318895232873592,-0.05925834626490767,-0.14646406520148358,0.7053969972674927,-0.8518610624689763,1.9454819252063889,1.8707736829956374,0.07470824221075145
S43A14T05,filtered,18,0.6,False,True,0.2664241287249584,0.034822967536786154,-1.3781607223643453,-1.3188474142302247,-0.05931330813412061,-0.14642413674073076,0.705446444613145,-0.8518705813538757,1.9455045367713513,1.8707858874686172,0.07471864930273409
S43A14T05,filtered,19,0.6333333333333333,False,True,0.26641618908144465,0.03480857611589916,-1.378174706274571,-1.3187964393612477,-0.059378266913323374,-0.1463971534308844,0.7054771272680775,-0.851874280698962,1.9455242189258382,1.8708302845698692,0.07469393435596894
S43A14T05,filtered,20,0.6666666666666666,False,True,0.2663567321563991,0.03480051565194153,-1.3781952327891271,-1.3187471826173085,-0.059448050171818645,-0.14638823563686154,0.7054825200040604,-0.851870755640922,1.945538367791904,1.8709077439678934,0.07463062382401064
S43A14T05,filtered,21,0.7,False,True,0.2662431351933538,0.034800744431522146,-1.378221256746664,-1.3187051826051737,-0.059516074141490405,-0.14640147202644585,0.7054576541503639,-0.8518591261768097,1.9455445146432888,1.8710157675148666,0.07452874712842217
S43A14T05,filtered,22,0.7333333333333333,False,True,0.2660780850774278,0.03481067931305537,-1.3782509675400467,-1.318676168262518,-0.05957479927752862,-0.1464393054052056,0.7053999167800765,-0.8518392221852822,1.945540611749692,1.871148169398614,0.074392442351078
S43A14T05,filtered,23,0.7666666666666667,False,True,0.2658702156822918,0.03483095086678345,-1.3782818490358153,-1.3186654822799577,-0.059616366755857575,-0.14650198696466973,0.7053097381258865,-0.8518117250905562,1.9455253230930476,1.8712950931579213,0.07423022993512629
S43A14T05,filtered,24,0.8,False,True,0.26563422178684926,0.03486119960583567,-1.3783108249889633,-1.31867744538282,-0.05963337960614323,-0.14658716891108478,0.7051910746318777,-0.8517782435429625,1.945498289896042,1.8714434223826015,0.07405486751344048
S43A14T05,filtered,25,0.8333333333333334,False,True,0.2653903463995966,0.034899942132184725,-1.378334489307039,-1.3187147188492947,-0.05961977045774436,-0.14668970287658661,0.7050516006931067,-0.8517413035696932,1.9454603383711477,1.8715776099245383,0.07388272844660948
S43A14T05,filtered,26,0.8666666666666667,False,True,0.26516318758883134,0.03494453359314531,-1.3783494113595771,-1.3187777328126242,-0.05957167854695289,-0.14680170132790388,0.704902538015324,-0.8517042393432279,1.9454135975971096,1.8716809102438643,0.07373268735324534
S43A14T05,filtered,27,0.9,False,True,0.26497983441250333,0.03499124718495983,-1.3783524968188279,-1.318864252648198,-0.05948824417062992,-0.14691290113776367,0.7047580777343303,-0.851670978872094,1.9453614994324546,1.8717369539532074,0.07362454547924724
S43A14T05,filtered,28,0.9333333333333333,False,True,0.26486741474787195,0.0350354825903707,-1.378341375193994,-1.318969153633471,-0.05937222156052302,-0.14701134312369088,0.7046343859765665,-0.8516457291002574,1.9453086400644273,1.8717315566148667,0.0735770834495606
S43A14T05,filtered,29,0.9666666666666667,False,True,0.2648502144372754,0.03507210358375312,-1.3783147773446183,-1.3190844641195147,-0.059230313225103526,-0.14708435011480417,0.7045482262625544,-0.8516325763773586,1.9452604939878804,1.8716546101363378,0.07360588385154254
S43A14T05,filtered,30,1.0,False,True,0.26494659959752576,0.03509589133286184,-1.3782728609220452,-1.3191997193623406,-0.059073141559704556,-0.14711975128106541,0.7045152787568689,-0.8516350300379343,1.9452229853275664,1.871501869917714,0.07372111540985249
S43A14T05,filtered,31,1.0333333333333334,False,True,0.2651660339784786,0.035102085272175954,-1.3782174399045128,-1.3193026424371581,-0.05891479746735473,-0.14710726513484743,0.7045482825701996,-0.851655547705047,1.9452019374609613,1.8712764294495017,0.07392550801145958
S43A14T05,filtered,32,1.0666666666666667,False,True,0.26550652285245724,0.03508696921345367,-1.3781520769745583,-1.3193801367065865,-0.058771940267971834,-0.1470399214655678,0.7046551681360708,-0.8516950896016385,1.945202438489285,1.8709896710065568,0.0742127674827282
S43A14T05,filtered,33,1.1,False,True,0.2659528269303859,0.035048448183963465,-1.3780820049284521,-1.3194195384483258,-0.058662466480126296,-0.14691537747076686,0.7048373768374807,-0.8517527543082476,1.945228175564694,1.8706614999519182,0.07456667561277586
S43A14T05,filtered,34,1.1333333333333333,False,True,0.2664757686541554,0.03498655299150655,-1.3780138556678199,-1.319410041600936,-0.058603814066883864,-0.14673696940994171,0.7050885794830117,-0.8518255488929535,1.9452808035619438,1.8703197127531974,0.07496109080874636
S43A14T05,filtered,35,1.1666666666666667,False,True,0.2670328954589622,0.034903806252357894,-1.3779551921533324,-1.3193441729176008,-0.05861101923573164,-0.14651434164418026,0.7053939996546538,-0.851908341298834,1.945359421227622,1.8699984147155335,0.07536100651208844
S43A14T05,filtered,36,1.2,False,True,0.2675706694781266,0.034805386840665475,-1.3779138589961455,-1.3192191692233952,-0.058694689772750275,-0.14626351240464244,0.7057305194799377,-0.8519940318845801,1.9454602290853211,1.8697354896939946,0.07572473939132651
S43A14T05,filtered,37,1.2333333333333334,False,True,0.268028223241488,0.03469904021137138,-1.37789718957771,-1.3190380930080823,-0.05885909656962762,-0.14600627115483517,0.706067693057858,-0.8520739642126931,1.9455764367593433,1.8695692250366485,0.07600721172269487
S43A14T05,filtered,38,1.2666666666666666,False,True,0.26834256273453566,0.03459469996217179,-1.377911129700711,-1.3188105218326585,-0.05910060786805249,-0.14576885534779824,0.7063697179970823,-0.8521385733448805,1.9456984723498951,1.8695343025630926,0.07616416978680252
S43A14T05,filtered,39,1.3,False,True,0.26845492372752433,0.034503810718734984,-1.3779593574164142,-1.3185526636221563,-0.05940669379425789,-0.1455799221419068,0.7065983223397058,-0.8521782444816126,1.9458145231820956,1.869657470231988,0.07615705295010766
S43A14T05,filtered,40,1.3333333333333333,False,True,0.2683178100081054,0.0344383725056947,-1.3780424933240245,-1.318286785114569,-0.05975570820945553,-0.1454679086132592,0.7067164192334447,-0.852184327846704,1.9459114067038437,1.869953297649001,0.07595810905484268
S43A14T05,filtered,41,1.3666666666666667,False,True,0.2679020822883869,0.03440975993637507,-1.3781575028548385,-1.3180398940353841,-0.06011760881945438,-0.14545795568359968,0.7066922741743626,-0.8521502298579623,1.9459757345302477,1.870420479694065,0.07555525483618264
S43A14T05,filtered,42,1.4,False,True,0.267203345618816,0.034427402825665254,-1.3782973897480844,-1.317841684462124,-0.06045570528596045,-0.14556864833580324,0.7065038304225836,-0.8520724787583869,1.9459952945522598,1.8710391751274797,0.07495611942478009
S43A14T05,filtered,43,1.4333333333333333,False,True,0.2662468227065684,0.03449744468031235,-1.378451266635483,-1.317721834740452,-0.06072943189503088,-0.14580888873475945,0.7061427592627848,-0.8519516479975442,1.9459605393462185,1.8717698420712812,0.07419069727493732
S43A14T05,filtered,44,1.4666666666666666,False,True,0.26508991950891175,0.03462151817694359,-1.378604863804732,-1.3177068316614395,-0.06089803214329237,-0.14617526047172388,0.7056177550297229,-0.8517930155014468,1.9458660380621944,1.8725539542739293,0.07331208378826504
S43A14T05,filtered,45,1.5,False,True,0.2638218009895046,0.03479578853615206,-1.3787415013325797,-1.3178165752572482,-0.06092492607533151,-0.1466502529456326,0.7049565907849218,-0.8516068437305544,1.9457117279235692,1.8733168502771642,0.07239487764640495
S43A14T05,filtered,46,1.5333333333333334,False,True,0.26255950310595105,0.035010413492843506,-1.378843504616515,-1.3180610863587994,-0.06078241825771569,-0.14720168832217143,0.704206497050089,-0.8514081853722604,1.9455037945653453,1.873972786837645,0.07153100772770027
S43A14T05,filtered,47,1.5666666666666667,False,True,0.2614404039702504,0.0352495501407637,-1.3788939918902539,-1.3184376846127122,-0.0604563072775417,-0.1477836258046196,0.7034325269143371,-0.8512161527189567,1.9452550210562243,1.8744320490835586,0.07082297197266563
S43A14T05,filtered,48,1.6,False,True,0.26061124056382656,0.03549200342279035,-1.3788789087267295,-1.3189290193534897,-0.05994988937323975,-0.14833890901829108,0.7027137248833253,-0.8510526339016163,1.944984475739234,1.874609729701779,0.07037474603745508
S43A14T05,filtered,49,1.6333333333333333,False,True,0.2602142515418749,0.035712559240917985,-1.3787891338628293,-1.3195023127411654,-0.059286821121663946,-0.14880337637486638,0.702137116945341,-0.8509404933202074,1.9447164594596502,1.8744355498885494,0.07028090957110078
S43A14T05,filtered,50,1.6666666666666667,False,True,0.2603714066141386,0.035883979730775284,-1.3786224385040742,-1.3201101098999488,-0.05851232860412536,-0.14911158017170234,0.7017897723304813,-0.8509013525021837,1.9444787017729024,1.873863881456714,0.07061482031618849
S43A14T05,filtered,51,1.7,False,True,0.2611680040910756,0.03597956375354383,-1.3783850532114814,-1.3206927241575213,-0.057692329053960156,-0.14920367118322672,0.701749434452072,-0.8509531056352988,1.9442998795569266,1.8728829695144389,0.07141691004248774
S43A14T05,filtered,52,1.7333333333333334,False,True,0.2626371469726249,0.03597609842658622,-1.378092587641706,-1.3211824210109546,-0.056910166630751435,-0.149032918727576,0.7020744559681407,-0.8511073746957167,1.9442066240745575,1.8715222745237943,0.0726843495507632
S43A14T05,filtered,53,1.7666666666666666,False,True,0.26474672787275855,0.03585695525424337,-1.3777700627891012,-1.3215092109591398,-0.056260851829961434,-0.14857317142469045,0.7027939742168239,-0.8513671456415144,1.9442202759049425,1.8698568731762024,0.07436340272874009
S43A14T05,filtered,54,1.8,False,True,0.2673905588396685,0.03561502565376995,-1.377450855256105,-1.3216079322247163,-0.0558429230313886,-0.14782544193352012,0.7038994012121009,-0.851724843145621,1.9443537316905026,1.868007994004476,0.0763457376860266
S43A14T05,filtered,55,1.8333333333333333,False,True,0.27038516486873276,0.035255153966984976,-1.3771744185778954,-1.3214261169178885,-0.05574830166000688,-0.14682273974166674,0.7053383517751237,-0.8521610915167904,1.9446087918603416,1.8661390205017065,0.07846977135863509
S43A14T05,filtered,56,1.8666666666666667,False,True,0.27347349576810903,0.03479571912138635,-1.376982735381898,-1.3209319683491432,-0.0560507670327548,-0.1456322962670039,0.7070120741708023,-0.8526443704378062,1.9449744539485672,1.864446663879178,0.08052779006938926
S43A14T05,filtered,57,1.9,False,True,0.2763363673886513,0.034269044852481834,-1.376915561218328,-1.3201216539685185,-0.05679390724980937,-0.14435443735111952,0.7087772678567774,-0.8531317052078969,1.9454265924445246,1.863147467929168,0.08227912451535668
S43A14T05,filtered,58,1.9333333333333333,False,True,0.27861180280448355,0.03372038596196192,-1.3770046388743835,-1.3190250577088598,-0.05797958116552371,-0.14311756340459844,0.7104528713691793,-0.8535704347737778,1.9459294160739136,1.8624603245017355,0.08346909157217808
S43A14T05,filtered,59,1.9666666666666666,False,True,0.279921630789902,0.0332053440385951,-1.377267181518003,-1.317709153844535,-0.059558027673468183,-0.14206899163062164,0.7118319912973023,-0.853900982927924,1.9464389930341586,1.8625862023515432,0.08385279068261542
S43A14T05,filtered,60,2.0,False,True,0.2799037868549762,0.03278570584871199,-1.377699033470229,-1.3162782725840612,-0.06142076088616788,-0.14136178255237083,0.7126986455110806,-0.8540604280634515,1.946908984184231,1.8636867679362235,0.08322221624800763
S43A14T05,filtered,61,2.033333333333333,False,True,0.27824786201339735,0.03252386228165616,-1.3782680078013354,-1.3148707283366152,-0.06339727946472018,-0.14113808920835602,0.7128484480468693,-0.8539865372552253,1.9472985285703523,1.8658639431507655,0.08143458541958681
S43A14T05,filtered,62,2.066666666666667,False,True,0.2747306793751436,0.03247614220471484,-1.3789079600415992,-1.3136515682471352,-0.06525639179446396,-0.14150999773329803,0.7121118180805114,-0.8536218158138094,1.9475819952220865,1.869142642741866,0.07843935248022049
S43A14T05,filtered,63,2.1,False,True,0.26924816132799223,0.032685567214939315,-1.3795141786827874,-1.3128015541311893,-0.0667126245515981,-0.14253923187789172,0.7103778074781124,-0.8529170393560042,1.9477600653041838,1.8734589129867687,0.07430115231741508
S43A14T05,filtered,64,2.1333333333333333,False,True,0.2618395699286767,0.03317468106467025,-1.3799406502324338,-1.3125028881065002,-0.06743776212593366,-0.14421742727123357,0.7076162693632888,-0.8518336966345224,1.9478713595344157,1.8786554193921954,0.06921594014222032
S43A14T05,filtered,65,2.1666666666666665,False,True,0.25270042320861036,0.033939211670686475,-1.3799996873361708,-1.3129225949156584,-0.06707709242051241,-0.14644890061758303,0.7038958894089392,-0.8503447900265222,1.9480036010381812,1.884485694666687,0.06351790637149413
S43A14T05,filtered,66,2.2,False,True,0.24218105359673447,0.03494336538933962,-1.3794642947720757,-1.3141948398336787,-0.06526945493839698,-0.14903790670415745,0.6993956175700047,-0.8484335242741621,1.9483031295626365,1.8906277787452859,0.057675350817350646
S43A14T05,filtered,67,2.2333333333333334,False,True,0.23076892228953005,0.0361175171575161,-1.3780734955873626,-1.3164037453971438,-0.06166975019021881,-0.15168226439812246,0.6944072996072493,-0.8460895640053718,1.948981485806431,1.8967069133140957,0.05227457249233525
S43A14T05,filtered,68,2.2666666666666666,False,True,0.21905449643849134,0.037358935968735185,-1.375540657089527,-1.3195684305814,-0.055972226508127054,-0.15397492847439118,0.6893278217496241,-0.8433027502240154,1.9503177895987946,1.9023258810865185,0.047991908512276193
S43A14T05,filtered,69,2.3,False,True,0.20768280962509733,0.03853596993199315,-1.3715646547605211,-1.3236319978427424,-0.047932656917778704,-0.15541459155790097,0.6846398289805982,-0.8400544205384991,1.9526557640073172,1.9071005221879835,0.04555524181933368
S43A14T05,filtered,70,2.3333333333333335,False,False,0.19729571868262524,0.03949581431703231,-1.3658435033465222,-1.328456015194479,-0.03738748815204307,-0.1554257434614736,0.6808810114133188,-0.8363067548747924,1.956394523983179,1.9106970551063038,0.0456974688768752
S43A14T05,filtered,71,2.3666666666666667,True,False,0.18847281817600628,0.04007561417939853,-1.3580898803267434,-1.3338216787818888,-0.02426820154485454,-0.1533878365991644,0.6786030030617681,-0.8319908396609326,1.9619726583522965,1.9128672238867073,0.04910543446558924
S43A14T05,filtered,72,2.4,True,False,0.18168051611038427,0.04011623423916033,-1.3480477793014025,-1.3394383141471773,-0.008609465154225227,-0.14867236536677247,0.6783220137642642,-0.8269943791310366,1.9698456805248068,1.9134771204748664,0.0563685600499404
S43A14T05,filtered,73,2.433333333333333,False,False,0.17723677871867033,0.03947759568207854,-1.3355093711797792,-1.3449592213696204,0.009449850189841236,-0.14068583572511162,0.6804643206957766,-0.8211501564208882,1.9804575820219847,1.912525888356721,0.06793169366526364
S43A14T05,filtered,74,2.466666666666667,False,False,0.1752927605838076,0.03805407576547881,-1.3203310315393981,-1.3500041492840307,0.02967311774463255,-0.12891585557762217,0.6853105875551362,-0.8142264431327584,1.9942079484702506,1.9101514339125527,0.08405651455769791
S43A14T05,filtered,75,2.5,True,False,0.1758252967912548,0.035788147791340874,-1.3024474258372056,-1.3541869677276668,0.05173954189046115,-0.11297699222752665,0.6929435789728525,-0.8059205712003792,2.0114168210136,1.9066217002398878,0.10479512077371211
S43A14T05,filtered,76,2.533333333333333,False,False,0.1786324395320649,0.032680276762803384,-1.2818825425800886,-1.3571464673585776,0.07526392477848898,-0.09265268731060054,0.7032041377782485,-0.795856825088849,2.0322901164092153,1.9023118404063095,0.1299782760029058
S43A14T05,filtered,77,2.566666666666667,False,False,0.18333055645118948,0.028793158868607893,-1.2587566385377547,-1.3585777202180958,0.0998210816803411,-0.06792944566793598,0.7156602559864902,-0.7835897016544262,2.056888853326529,1.897669520538467,0.15921933278806177
S43A14T05,filtered,78,2.6,False,False,0.1893601931954648,0.024248770183815216,-1.2332882166765249,-1.3582611337003052,0.12497291702378033,-0.039019758891718465,0.7295936720788885,-0.768613430970607,2.0851055715641214,1.8931722924738623,0.19193327909025903
S43A14T05,filtered,79,2.6333333333333333,False,False,0.19601031033291072,0.019217404016959483,-1.2057903992168604,-1.3560862630136112,0.15029586379675086,-0.006370802478721339,0.7440076488272975,-0.7503784513060189,2.116651099803125,1.889282206047989,0.22736889375513591
S43A14T05,filtered,80,2.6666666666666665,False,False,0.2024647777920118,0.01389889689896906,-1.1766613819967515,-1.3520676348795089,0.17540625288275735,0.029343151236835,0.7576584152439824,-0.7283152640071474,2.1510541924061006,1.8864033453348497,0.26465084707125097
S43A14T05,filtered,81,2.7,False,False,0.20786679188801924,0.00849746526890005,-1.1463690523329482,-1.346350287895116,0.19998123556216774,0.067245472812662,0.7691111976735054,-0.7018657248608434,2.1876755360322595,1.8848476402483105,0.302827895783949
S43A14T05,filtered,82,2.7333333333333334,False,False,0.2113919511847428,0.0031928259036348994,-1.1154303027016828,-1.339203450517528,0.22377314781584534,0.1062985345576438,0.776819857804085,-0.6705213232464412,2.225736298490904,1.8848131307196399,0.3409231677712641
S43A14T05,filtered,83,2.7666666666666666,True,False,0.21232030582410538,0.0018886624838569954,-1.0843860487140298,-1.3310017381465906,0.24661568943256085,0.14535964942851312,0.7792269906567661,-0.6338673412282531,2.2643598831409197,1.8863769962485395,0.37798288689238024
S43A14T05,filtered,84,2.8,False,False,0.2100999296049842,0.00669844379398854,-1.053773422911279,-1.3221944142010185,0.2684209912897395,0.18324808065569823,0.7748790649240742,-0.591630984268376,2.302624029621578,1.8895033884354002,0.41312064118617764
S43A14T05,filtered,85,2.8333333333333335,True,False,0.2043975893100207,0.011281344540661653,-1.0240970165709635,-1.3132645496864983,0.2891675331155348,0.2188183349019317,0.7625490193398285,-0.5437306844378968,2.339619054223336,1.8940637851413795,0.4455552690819564
S43A14T05,filtered,86,2.8666666666666667,False,False,0.1951352072512346,0.01577849111831897,-0.9958013245198302,-1.3046812136826518,0.3088798891628216,0.2510340244284517,0.7413569114033742,-0.49032288697492254,2.374507037485149,1.8998656168430585,0.4746414206420906
S43A14T05,filtered,87,2.9,True,False,0.18251419835423666,0.02041513501780856,-0.9692466585854067,-1.2968489778286236,0.3276023192432169,0.2790361463743344,0.7108780152405734,-0.431841868866239,2.4065763022653766,1.9066836507624165,0.49989265150296003
S43A14T05,filtered,88,2.933333333333333,True,False,0.16703389947922997,0.025472922768820627,-0.9446906903839926,-1.2900598444477496,0.345369154063757,0.3021997788431838,0.6712274353853107,-0.36902765654212694,2.43528568998812,1.9142882979462947,0.5209973920418252
S43A14T05,filtered,89,2.966666666666667,True,False,0.14951552658672157,0.03124847000381914,-0.9222774412446093,-1.2844530405415382,0.3621755992969289,0.320173972466169,0.6231110419968171,-0.3029370695306481,2.460293969970321,1.9224657109691554,0.5378282590011656
S43A14T05,filtered,90,3.0,True,False,0.1311479171944649,0.03800244270816355,-0.9020349630027417,-1.2799878297703748,0.3779528667676332,0.3329009858759328,0.5678344471147303,-0.2349334612387975,2.481471153997475,1.9310261572790184,0.5504449967184568
S43A14T05,filtered,91,3.033333333333333,True,False,0.11356443002924115,0.04590533192900681,-0.8838821886062493,-1.276433526879177,0.39255133827292776,0.3406128581940173,0.5072648084155384,-0.16665195022152113,2.498890394683612,1.9397994053546892,0.5590909893289226
S43A14T05,filtered,92,3.066666666666667,True,False,0.09889354530236792,0.054987367430952006,-0.8676445492880028,-1.2733792965016015,0.4057347472135987,0.34380544462033313,0.4437442886777954,-0.09993884405746228,2.5128013043175224,1.948618347576853,0.5641829567406693
S43A14T05,filtered,93,3.1,True,False,0.08949850682241742,0.06510027313321598,-0.8530770545376941,-1.2702642287206127,0.4171871741829186,0.3431922264164077,0.37995867446750353,-0.03676644805109586,2.5235876726027477,1.9572943635672158,0.566293309035532
S43A14T05,filtered,94,3.1333333333333333,True,False,0.08693051750894956,0.07589768689265797,-0.8398927234118914,-1.2664258470078775,0.42653312359598616,0.33964218899207155,0.3187694775588616,0.020872711433209956,2.53171440412858,1.9655896053149804,0.5661247988135996
S43A14T05,filtered,95,3.1666666666666665,True,False,0.09059892393381952,0.08683908801667806,-0.827793646341815,-1.2611629185941626,0.43336927225234767,0.33410760260891387,0.2630222148838564,0.07108538772505746,2.5376697843091294,1.9731921853259293,0.5644775989832
S43A14T05,filtered,96,3.2,True,False,0.09799423131771855,0.0972192134686718,-0.8165016281514765,-1.2538065140221724,0.4373048858706958,0.32754845090629353,0.21534686624802593,0.1122015846582676,2.541909728669591,1.9797000594511216,0.5622096692184693
S43A14T05,filtered,97,3.2333333333333334,False,False,0.10624310209426999,0.10622156534198779,-0.805785363517515,-1.2437919790321286,0.4380066155146136,0.32086042322544367,0.1779681982104839,0.14289222501495977,2.544810386878118,1.9846182746047978,0.5601921122733202
S43A14T05,filtered,98,3.2666666666666666,True,False,0.11308235836456025,0.11299118876241021,-0.7954814347949145,-1.2307240434790678,0.4352426086841533,0.314812804524037,0.1525433664841687,0.1622694380398683,2.5466343878333695,1.9873723973681527,0.5592619904652167
S43A14T05,filtered,99,3.3,True,False,0.1169825012480173,0.11671894094832247,-0.7855070707442185,-1.2144278029812223,0.4289207322370038,0.3100013488992111,0.14004190991756812,0.16995943898164298,2.5475142677540887,1.9873386428326927,0.560175624921396
S43A14T05,filtered,100,3.3333333333333335,True,False,0.11700835293762031,0.11672745402832763,-0.7758635006347416,-1.1949797499554573,0.4191162493207157,0.30681948341629806,0.1406791948283926,0.16614028858790544,2.5474544558653838,1.9838888096653584,0.5635656462000254
S43A14T05,filtered,101,3.3666666666666667,True,False,0.11269719256289772,0.11254828240420744,-0.7666297871763191,-1.1727152437102606,0.40608545653394146,0.30544918894984346,0.1539090979488014,0.15154009100104207,2.546350895407444,1.9764459124473646,0.5699049829600795
S43A14T05,filtered,102,3.4,True,False,0.103991684557318,0.10398050802726999,-0.757948101726259,-1.148211502122988,0.3902634003967289,0.30587089259577754,0.17847591415122355,0.127394978444554,2.5440252550334983,1.9645446607958437,0.5794805942376546
S43A14T05,filtered,103,3.433333333333333,True,False,0.0912119266456483,0.09112330848969563,-0.7500023767822716,-1.1222479811840573,0.3722456044017858,0.30788990988548,0.21251983491806276,0.09537007496741723,2.5402690038629037,1.94788988254011,0.5923791213227936
S43A14T05,filtered,104,3.466666666666667,True,False,0.07506815545441645,0.07437836710828893,-0.7429929973366842,-1.095748472404639,0.3527554750679547,0.3111755737016425,0.2537254702878845,0.057450103413758,2.5348915749555387,1.9264057657786124,0.6084858091769263
S43A14T05,filtered,105,3.5,False,False,0.05679088425140264,0.05442198071677429,-0.7371105680169514,-1.069711050321832,0.3326004823048805,0.315308295835642,0.2994992523443094,0.01580904349133261,2.5277665251814807,1.9002694512301952,0.6274970739512855
S43A14T05,filtered,106,3.533333333333333,False,False,0.038788302877005805,0.032150623834091396,-0.7325117662196704,-1.0451329423864077,0.31262117616673735,0.31982947430033665,0.3471594822565328,-0.027330007956196167,2.5188700166121856,1.8699239899774565,0.6489460266347291
S43A14T05,filtered,107,3.566666666666667,True,False,0.027509206972079155,0.008606901854273152,-0.7292998790544699,-1.0229374343727544,0.2936375553182845,0.32428936841658157,0.39412241543584126,-0.06983304701925969,2.508307012178204,1.836067840458556,0.6722391717196481
S43A14T05,filtered,108,3.6,False,True,0.032903729571619,0.015105206483201794,-0.7275119018171644,-1.003909168447799,0.2763972666306346,0.3282887418668853,0.43806907985379184,-0.10978033798690656,2.4963221441107724,1.7996206725771766,0.6967014715335957
S43A14T05,filtered,109,3.6333333333333333,False,False,0.048889243839275426,0.03790635902621331,-0.7271131681679665,-0.9886428320527794,0.2615296638848129,0.33151110501910325,0.4770802572038465,-0.14556915218474326,2.4832940761884994,1.7616679693954893,0.7216261067930101
S43A14T05,filtered,110,3.6666666666666665,True,False,0.06651969445003814,0.05882042844070012,-0.7279995251255433,-0.9775085122753298,0.24950898714978642,0.33374362776226113,0.5097308318696355,-0.1759872041073744,2.46971411152099,1.7233894238006473,0.7463246877203427
S43A14T05,filtered,111,3.7,False,True,0.08264837607944915,0.0770387791562428,-0.7300061918929052,-0.9706351491367121,0.24062895724380695,0.3348860898392376,0.5351390410133128,-0.20025295117407516,2.456151565961786,1.685978077424983,0.770173488536803
S43A14T05,filtered,112,3.7333333333333334,False,True,0.09604421338377667,0.09196581824869177,-0.7329217589445698,-0.9679117886530398,0.23499002970847005,0.3349484443464722,0.552970536127056,-0.21802209178058385,2.443209828848077,1.6505582564299108,0.792651572418166
S43A14T05,filtered,113,3.7666666666666666,False,True,0.10614138242981187,0.10324403456659581,-0.7365053640762028,-0.9690048941606648,0.232499530084462,0.3340385753754853,0.5634011381875945,-0.2293625628121092,2.431477917803453,1.6181104521069192,0.8133674656965337
S43A14T05,filtered,114,3.8,False,True,0.1127432232721851,0.11075918246447436,-0.7405049522446449,-0.9733889390755179,0.23288398683087308,0.3323425541087136,0.5670453786205456,-0.234702824511832,2.4214826295225316,1.5894103615221193,0.8320722680004122
S43A14T05,filtered,115,3.8333333333333335,False,True,0.11592321504303424,0.11462821129974343,-0.7446746688216733,-0.9803869184912571,0.23571224966958382,0.3301001028164843,0.5648601340480539,-0.23476003123156963,2.413646104466315,1.5649875026192803,0.8486586018470348
S43A14T05,filtered,116,3.8666666666666667,False,True,0.11597069846342631,0.11517380486995732,-0.748789797637646,-0.9892172527790755,0.2404274551414295,0.3275780672074586,0.5580337846171769,-0.23045571740971832,2.4082528445291307,1.545106444239205,0.8631464002899256
S43A14T05,filtered,117,3.9,False,True,0.11334712421796335,0.11288991363457435,-0.7526581586932295,-0.999043731070804,0.24638557237757452,0.32504451155843833,0.5478713802541361,-0.22282686869569773,2.405429083246882,1.5297711106892378,0.8756579725576443
S43A14T05,filtered,118,3.933333333333333,False,True,0.10864501948970619,0.10840248728557267,-0.756127439837226,-1.0090255423707453,0.2528981025335193,0.32274564791874183,0.5356854191540834,-0.21293977123534158,2.4051360645430635,1.5187501963846186,0.8863858681584449
S43A14T05,filtered,119,3.966666666666667,False,True,0.10254863460615771,0.10242888882066614,-0.7590884711587947,-1.0183649468674534,0.25927647570865864,0.32088726242078686,0.5227002366957634,-0.20181297427497652,2.407177393437916,1.5116197582764888,0.8955576351614272
S43A14T05,filtered,120,4.0,False,True,0.09579689648543538,0.09573840043975679,-0.761474894819957,-1.0263506452747277,0.26487575045477074,0.31962168255127854,0.5099759200876447,-0.19035423753636616,2.4112193178656462,1.507817739319281,0.9034015785463652
S43A14T05,filtered,121,4.033333333333333,False,True,0.08914948379573595,0.08911505396878794,-0.7632599930643171,-1.032395336987718,0.26913534392340077,0.3190407076469548,0.49835536012512704,-0.17931465247817224,2.4168216950936197,1.5067045944974298,0.9101171005961899
S43A14T05,filtered,122,4.066666666666666,True,False,0.08335648328151338,0.08332296845195086,-0.7644515944161645,-1.0360662859382415,0.27161469152207696,0.3191743578710764,0.4884357592209999,-0.1692614013499235,2.4234765687465054,1.5076243087186025,0.9158522600279029
S43A14T05,filtered,123,4.1,False,False,0.07913097726902832,0.07907365333425542,-0.765085987631696,-1.0371079435871016,0.27202195595540557,0.3199948264529651,0.4805638231703166,-0.16056899671735148,2.430650781026382,1.509960788268865,0.9206899927575172
S43A14T05,filtered,124,4.133333333333334,False,False,0.0771214206472128,0.0769944707882102,-0.7652216593802721,-1.035455849948703,0.2702341905684309,0.3214246715384541,0.4748521070104169,-0.1534274354719628,2.4378288861315625,1.5131856898151856,0.9246431963163768
S43A14T05,filtered,125,4.166666666666667,True,False,0.07787795874563531,0.07759769195939792,-0.7649334726172137,-1.031241200276142,0.2663077276589283,0.32334806720776926,0.4712126415935889,-0.14786457438581962,2.444552801710089,1.516895016008173,0.9276577857019159
S43A14T05,filtered,126,4.2,True,False,0.08180917634145787,0.08125027745399027,-0.7643076614199605,-1.0247856795658548,0.2604780181458942,0.3256238439758435,0.4694030680053797,-0.1437792240295362,2.450455094346884,1.5208330612491978,0.9296220330976861
S43A14T05,filtered,127,4.233333333333333,True,False,0.08913622010401254,0.08814551441091856,-0.7634377763897727,-1.0165864646948917,0.25314868830511894,0.3280990729859936,0.46908004674389825,-0.14098097375790464,2.455283479135247,1.5249033844229807,0.9303800947122665
S43A14T05,filtered,128,4.266666666666667,False,False,0.09985895073574627,0.09827872628805512,-0.7624215071012623,-1.0072916840159898,0.24487017691472746,0.33062206423268886,0.4698546593991557,-0.13923259516646685,2.458914945108377,1.5291673268212556,0.9297476182871214
S43A14T05,filtered,129,4.3,False,False,0.1137416900238548,0.11143017127613541,-0.7613581583328658,-0.9976670888276449,0.23630893049477908,0.3330538336235031,0.47134484140653404,-0.13829100778303094,2.4613588169411953,1.5338311583197175,0.9275276586214778
S43A14T05,filtered,130,4.333333333333333,True,False,0.13031475444193164,0.12715870259371287,-0.7603464766783894,-0.9885551917976058,0.22820871511921637,0.33527732243895636,0.47322052776264073,-0.13794320532368437,2.46274895388773,1.5392232587734695,0.9235256951142605
S43A14T05,filtered,131,4.366666666666666,False,False,0.14888724067344747,0.14480958161343693,-0.7594825140730083,-0.9808286165430404,0.22134610247003217,0.3372039034099056,0.4752381065934015,-0.1380342031834959,2.463326106653862,1.5457629057014,0.9175632009524621
S43A14T05,filtered,132,4.4,False,False,0.1685720558990055,0.1635389264678877,-0.758857266488754,-0.9753398375649176,0.21648257107616364,0.338776960655628,0.4772618968398526,-0.13848493618422458,2.4634121542301988,1.553922347381111,0.9094898068490878
S43A14T05,filtered,133,4.433333333333334,True,False,0.18832650214663962,0.1823557017634292,-0.7585539259010419,-0.9728698443867666,0.21431591848572473,0.33997256979081864,0.47927162116445415,-0.13929905137363552,2.4633784927517675,1.5641839912857152,0.8991945014660523
S43A14T05,filtered,134,4.466666666666667,False,False,0.20700980182388895,0.20018011314547435,-0.7586447152020596,-0.9740785297628463,0.2154338145607867,0.34079751649821444,0.4813561423278736,-0.14055862582965917,2.463611226137153,1.576994798153578,0.8866164279835753
S43A14T05,filtered,135,4.5,True,False,0.22345566777855452,0.2159150796718079,-0.759187420893863,-0.9794597764061187,0.22027235551225566,0.3412850666950052,0.4836949667273093,-0.14240990003230408,2.4644760003093453,1.5927203557319776,0.8717556445773678
S43A14T05,filtered,136,4.533333333333333,False,False,0.23655517130457604,0.22852547906181297,-0.7602218770152597,-0.9893042815476308,0.22908240453237116,0.3414890319192599,0.48653008551438215,-0.14504105359512226,2.4662853203823767,1.611601564053632,0.8546837563287446
S43A14T05,filtered,137,4.566666666666666,False,False,0.24534325053256856,0.2371184253751717,-0.7617667640336742,-1.0036730650128836,0.2419063009792094,0.34147675529625837,0.4901315250824358,-0.14865476978617742,2.4692709879574477,1.6337172867240581,0.8355537012333896
S43A14T05,filtered,138,4.6,False,False,0.24908130456184868,0.24101717767232744,-0.7638171471755144,-1.0223842801155127,0.25856713293999833,0.3413216744655815,0.49476044102722,-0.15343876656163852,2.473563894087231,1.6589565586967285,0.8146073353905023
S43A14T05,filtered,139,4.633333333333334,False,False,0.24732843620443393,0.23982149174229728,-0.7663431735318107,-1.0450153142561895,0.27867214072437885,0.3410960984882681,0.5006336712162174,-0.15953757272794927,2.4791828140312844,1.6870038284031397,0.7921789856281447
S43A14T05,filtered,140,4.666666666666667,False,False,0.2399950045260891,0.23344828144860397,-0.7692902692812201,-1.0709211913892336,0.30163092210801346,0.3408647687877954,0.5078933598000865,-0.16702859101229112,2.4860331011702046,1.7173401194728537,0.7686929816973509
S43A14T05,filtered,141,4.7,False,False,0.22737414524068392,0.22214820820652514,-0.7725810328874919,-1.0992690011901152,0.32668796830262326,0.34067966545304457,0.5165846095334391,-0.17590494408039453,2.4939153191773533,1.74926186597689,0.7446534532004634
S43A14T05,filtered,142,4.733333333333333,False,False,0.21014966890949144,0.2064960496927586,-0.7761188253523543,-1.1290865870382234,0.3529677616858691,0.34057637931620427,0.5266431871813003,-0.18606680786509605,2.502542955114801,1.7819175513419352,0.7206254037728659
S43A14T05,filtered,143,4.766666666666667,True,False,0.1893819580289821,0.18735515853544826,-0.7797928434799392,-1.159322203451914,0.3795293599719748,0.34057221043524843,0.5378942004270372,-0.19732198999178874,2.5115675095203005,1.8143603272360136,0.6972071822842869
S43A14T05,filtered,144,4.8,False,False,0.1664762467147092,0.16581874758820292,-0.7834842619411255,-1.1889105240229827,0.40542626208185717,0.34066599090612903,0.5500615092723503,-0.20939551836622128,2.5206085572202888,1.845612767411755,0.6749957898085337
S43A14T05,filtered,145,4.833333333333333,True,False,0.1431367227571934,0.14313288375332922,-0.787072880140815,-1.216839468385836,0.4297665882450209,0.3408394806038929,0.5627865598161236,-0.22194707921223067,2.5292859010171105,1.8747381412142383,0.6545477598028722
S43A14T05,filtered,146,4.866666666666666,False,False,0.12129457831398135,0.12060772274068476,-0.79044363881028,-1.2422120033372528,0.4517683645269728,0.34106006235567476,0.5756544502966732,-0.2345943879409984,2.537250762260167,1.9009113818778283,0.636339380382339
S43A14T05,filtered,147,4.9,False,False,0.10294390959962026,0.09952450969159599,-0.7934923935896729,-1.2642974533405051,0.4708050597508322,0.3412843772760767,0.5882244466059181,-0.24694006932984142,2.5442130936322203,1.9234825083773959,0.6207305852548244
S43A14T05,filtered,148,4.933333333333334,False,False,0.08972469107948751,0.08104611378423754,-0.7961304461144781,-1.282567910007776,0.4864374638932979,0.34146249498671444,0.6000619052214967,-0.2585994102347823,2.5499625438609,1.9420257413365944,0.6079368025243057
S43A14T05,filtered,149,4.966666666666667,False,False,0.08217848616463455,0.06613835390172906,-0.7982875181214383,-1.2967169272896015,0.49842940916816325,0.3415422057372367,0.6107686389403102,-0.2692264332030735,2.554381295984219,1.9563688928385616,0.5980124031456575
S43A14T05,filtered,150,5.0,False,False,0.07925332068697984,0.055508192360938846,-0.7999130795341591,-1.3066596124803962,0.5067465329462371,0.3414730474721355,0.620009136399513,-0.2785360889273775,2.5574478561982223,1.9665996369619325,0.5908482192362898
S43A14T05,filtered,151,5.033333333333333,False,False,0.07892960626436682,0.04956318727397013,-0.8009761704770341,-1.312515212841311,0.5115390423642768,0.341209734739647,0.6275306488566756,-0.28632091411702865,2.5592317905721904,1.9730477213560573,0.5861840692161331
S43A14T05,filtered,152,5.066666666666666,False,False,0.07949231328277005,0.04839461405101253,-0.8014640539082584,-1.3145750946225947,0.5131110407143363,0.3407147318176341,0.6331758957478942,-0.2924611639302601,2.5598802926510587,1.976244754656157,0.5836355379949016
S43A14T05,filtered,153,5.1,False,False,0.08028661545512433,0.05178461907656162,-0.8013801709828932,-1.3132603962409184,0.5118802252580252,0.3399598032802127,0.6368879171105956,-0.29692811383038287,2.559598227521888,1.976865594913561,0.5827326326083269
S43A14T05,filtered,154,5.133333333333334,False,False,0.08175759496983358,0.05923585714563062,-0.8007419270126426,-1.3090744592783503,0.5083325322657077,0.3389264749213069,0.6387073274027211,-0.2997808524814142,2.558623867582773,1.9756573027783988,0.5829665648043743
S43A14T05,filtered,155,5.166666666666667,False,False,0.08504530669893948,0.07002044242069139,-0.7995788065323602,-1.3025553323264503,0.50297652579409,0.33760543942461824,0.6387628329077963,-0.3011573934831781,2.557202865978373,1.9733629062148466,0.5838399597635267
S43A14T05,filtered,156,5.2,False,False,0.09128510096338743,0.08324380229862394,-0.7979312090174565,-1.2942332207587914,0.4963020117413349,0.3359950368077386,0.6372563218736,-0.3012612850658614,2.5555630848124045,1.9706477273224028,0.5849153574900017
S43A14T05,filtered,157,5.233333333333333,False,False,0.10091296663955647,0.09791819887384379,-0.795850230685702,-1.284596811047705,0.488746580362003,0.33409902178721707,0.6344441086622641,-0.300345086875047,2.5538927110391016,1.9680357092894252,0.5858570017496765
S43A14T05,filtered,158,5.266666666666667,False,False,0.11345006083235216,0.11304026586059757,-0.7933984185172716,-1.2740710758823641,0.48067265736509257,0.33192389212666584,0.6306160202448743,-0.29869212811820844,2.552323680344247,1.9658621008043784,0.5864615795398687
S43A14T05,filtered,159,5.3,False,False,0.12781988399045657,0.12766686953770323,-0.7906513194486912,-1.2630076413624591,0.472356321913768,0.32947608937296646,0.626073981891395,-0.2965978925184285,2.5509218346583302,1.9642471311942242,0.586674703464106
S43A14T05,filtered,160,5.333333333333333,False,False,0.14279407878718806,0.14098390382515502,-0.7876994691798771,-1.2516872530736505,0.4639877838937734,0.3267593949603045,0.6211116237399352,-0.29435222877963074,2.54968452336536,1.9630931284973294,0.5865913948680306
S43A14T05,filtered,161,5.366666666666666,False,False,0.157285329012101,0.15236323815823272,-0.7846503353041985,-1.2403324851492767,0.45568214984507827,0.32377283219293324,0.6159962260088501,-0.29222339381591683,2.5485455926299507,1.9621051229110822,0.5864404697188685
S43A14T05,filtered,162,5.4,True,False,0.17047730545535736,0.16140392238500212,-0.7816296654230273,-1.22912773895578,0.4474980735327527,0.32050935127559704,0.6109540761887382,-0.29044472491314116,2.5473869664924997,1.9608325877976147,0.586554378694885
S43A14T05,filtered,163,5.433333333333334,True,False,0.18186219274152862,0.16795488285139326,-0.7787817004531505,-1.2182428791769948,0.43946117872384427,0.31695552279281924,0.6061600436036458,-0.2892045208108266,2.5460553803130295,1.958727844383793,0.5873275359292365
S43A14T05,filtered,164,5.466666666666667,False,False,0.19123310587889192,0.17211767189591654,-0.7762677948625087,-1.2078566091578433,0.4315888142953346,0.3130923946954977,0.6017318890489289,-0.2886394943534312,2.5443823454642294,1.9552150109937887,0.5891673344704407
S43A14T05,filtered,165,5.5,False,False,0.19865181467564044,0.17422928898126377,-0.7742631286778332,-1.1981758954409047,0.42391276676307155,0.30889757586812594,0.5977295123220242,-0.28883193645389826,2.5422051508905854,1.949762377172299,0.5924427737182865
S43A14T05,filtered,166,5.533333333333333,False,False,0.20440069849945683,0.17482657799862444,-0.7729513837184601,-1.1894483641904392,0.41649698047197914,0.30434849208865916,0.5941589874481727,-0.2898104953595136,2.5393866662647406,1.9419508195819084,0.5974358466828322
S43A14T05,filtered,167,5.566666666666666,False,False,0.20892544096933066,0.17459510358743824,-0.7725174680247067,-1.1819655214684601,0.40944805344375346,0.299426618387621,0.5909808435812798,-0.29155422519365876,2.5358319010077137,1.9315313614354994,0.6043005395722143
S43A14T05,filtered,168,5.6,False,False,0.21277540557032243,0.17430659693484385,-0.7731385870062474,-1.1760557849556013,0.4029171979493539,0.2941223357983269,0.5881216423987092,-0.2939993066003823,2.5314996667611265,1.9184661442696602,0.6130335224914663
S43A14T05,filtered,169,5.633333333333334,False,False,0.21654838460283907,0.17474993190278454,-0.774974158490567,-1.172067540331402,0.397093381840835,0.2884399121742878,0.585487532687577,-0.2970476205132892,2.5264082412434057,1.902948798234411,0.6234594430089946
S43A14T05,filtered,170,5.666666666666667,False,False,0.22084375109884002,0.17666107281386845,-0.7781552351911907,-1.170343637804031,0.3921884026128404,0.2824019961296191,0.5829782008652731,-0.300576204735654,2.520634577675538,1.8854022822007597,0.6352322954747782
S43A14T05,filtered,171,5.7,True,False,0.22622309095321178,0.18065749649951535,-0.7827742179469722,-1.1711898155683413,0.3884155976213691,0.27605297041188853,0.5804995506893127,-0.30444658027742416,2.514307276629435,1.8664545004101631,0.6478527762192718
S43A14T05,filtered,172,5.733333333333333,False,False,0.23317259810849603,0.18718224598244282,-0.7888757042817024,-1.174840376196814,0.38596467191511163,0.2694605576028348,0.5779735791948711,-0.3085130215920363,2.507594164836527,1.8468941547088047,0.6607000101277225
S43A14T05,filtered,173,5.766666666666667,True,False,0.2420607770933147,0.19646206490712448,-0.7964493099710981,-1.1814249590885182,0.3849756491174201,0.26271521327062336,0.5753442721773392,-0.31262905890671583,2.5006858425693532,1.827611136411715,0.6730747061576383
S43A14T05,filtered,174,5.8,False,False,0.2530906037804754,0.20848304840331955,-0.8054252209211443,-1.1909403781888717,0.38551515726772734,0.2559270685375467,0.5725788833080407,-0.31665181477049403,2.4937769162767323,1.809527114704984,0.6842498015717482
S43A14T05,filtered,175,5.833333333333333,False,False,0.26625467086919474,0.2229859864157553,-0.8156730786582281,-1.203231194357712,0.38755811569948395,0.2492204689397522,0.5696646155305135,-0.3204441465907613,2.4870467963509046,1.7935227215511054,0.6935240747997993
S43A14T05,filtered,176,5.866666666666666,True,False,0.28130820236068704,0.23948212732564755,-0.827004581562197,-1.2179819755480508,0.39097739398585374,0.2427264618860296,0.5666014017168693,-0.32387493983083976,2.480641906579284,1.7803678306837125,0.7002740758955714
S43A14T05,filtered,177,5.9,True,False,0.29777283130639065,0.25728851915398354,-0.8391799095478764,-1.2347231230436075,0.3955432134957312,0.23657386820486256,0.5633920878886698,-0.3268182196838072,2.4746609412704044,1.7706609229590957,0.7040000183113087
S43A14T05,filtered,178,5.933333333333334,False,False,0.314974946810751,0.2755804821485037,-0.8519177738974959,-1.252850810394424,0.40093303649692813,0.23087979257231367,0.5600317669738815,-0.3291519744015678,2.4691444559700004,1.7647825231688687,0.7043619328011317
S43A14T05,filtered,179,5.966666666666667,False,False,0.33211246863092125,0.293457250950818,-0.8649085847866653,-1.2716601298935328,0.4067515451068675,0.22574054894638604,0.5564982214995882,-0.3307576725532021,2.4640696364998584,1.7628663186034577,0.7012033178964008
S43A14T05,filtered,180,6.0,False,False,0.3483382205335685,0.3100155441097172,-0.8778299488326718,-1.2903891262742337,0.4125591774415619,0.22122397957544568,0.5527453651274985,-0.3315213855520528,2.4593506097069744,1.7647899723528222,0.6945606373541522
S43A14T05,filtered,181,6.033333333333333,False,False,0.36284731374321666,0.3244249286121996,-0.8903634886805593,-1.3082701781635102,0.41790668948295095,0.2173640255892973,0.5487012183543529,-0.33133719276505563,2.454844184215258,1.7701859663061361,0.6846582179091221
S43A14T05,filtered,182,6.066666666666666,False,False,0.3749579459508087,0.33599848230436224,-0.9022118407894241,-1.3245843062110265,0.42237246542160245,0.21415817704073434,0.5442713487933049,-0.3301131717525705,2.450360477611979,1.7784711810412848,0.6718892965706944
S43A14T05,filtered,183,6.1,False,False,0.38417763829582213,0.3442525012713622,-0.9131146503167736,-1.338713545833401,0.42559889551662733,0.21156811927093164,0.5393479283406224,-0.32777980906969073,2.445677523533313,1.7888924588405617,0.6567850646927513
S43A14T05,filtered,184,6.133333333333334,False,False,0.39024926806771837,0.348949859909631,-0.9228624452414762,-1.3501865712399983,0.4273241259985221,0.20952354026201137,0.5338237170233882,-0.3243001767613768,2.4405586733412115,1.8005842014483666,0.6399744718928448
S43A14T05,filtered,185,6.166666666666667,False,False,0.39317330217838475,0.35012303070623485,-0.931307426060325,-1.3587132852821973,0.42740585922187224,0.20792871508969285,0.5276095003649333,-0.3196807852752404,2.4347714201879134,1.8126332053241134,0.6221382148637999
S43A14T05,filtered,186,6.2,False,False,0.3932046637442894,0.3480745571030741,-0.9383704343381429,-1.364205032674505,0.42583459833636206,0.20667118258910683,0.5206529022526756,-0.31398171966356875,2.4281061813050213,1.8241454894199036,0.6039606918851177
S43A14T05,filtered,187,6.233333333333333,False,False,0.3908248792270231,0.34335474934997,-0.9440436402041839,-1.3667783494695227,0.42273470926533885,0.2056316127342635,0.5129561614104001,-0.3073245486761366,2.4203935779421992,1.8343098505509,0.5860837273912993
S43A14T05,filtered,188,6.266666666666667,False,False,0.38669261906281305,0.3367183324808638,-0.9483887918894771,-1.366741605124279,0.4183528132348018,0.2046938557038769,0.5045904481311055,-0.29989659242722866,2.4115188505047116,1.8424532827413285,0.5690655677633831
S43A14T05,filtered,189,6.3,True,False,0.3815783427585336,0.3290635308410108,-0.9515311778907177,-1.3645653948484362,0.41303421695771847,0.20375417446875313,0.49570461099350704,-0.29195043652475394,2.401432235904139,1.8480841780824533,0.5533480578216858
S43A14T05,filtered,190,6.333333333333333,False,False,0.37629109324215915,0.32135848076156326,-0.9536497457800303,-1.3608389743167928,0.40718922853676254,0.20272878510222064,0.48652683433694344,-0.2837980492347228,2.3901544080265253,1.8509203139351609,0.5392340940913645
S43A14T05,filtered,191,6.366666666666666,False,False,0.3716067729833228,0.31456082984875433,-0.9549640853720363,-1.3562162841894307,0.4012521988173945,0.2015590416848453,0.4773584701762226,-0.2757994284913773,2.377776428280774,1.8508999263737431,0.5268765019070307
S43A14T05,filtered,192,6.4,False,False,0.3682064446400291,0.30953686615793163,-0.9557192039692675,-1.3513560932481916,0.39563688927892415,0.20021387437362584,0.46856017281094287,-0.26834629843731705,2.364454053114246,1.8481755601932663,0.5162784929209798
S43A14T05,filtered,193,6.433333333333334,False,False,0.3666297098519832,0.3069865226327524,-0.9561691844714165,-1.3468614206928355,0.390692236221419,0.1986893842424065,0.4605312956160722,-0.2618419113736657,2.3503966753774046,1.8430917562301907,0.5073049191472139
S43A14T05,filtered,194,6.466666666666667,False,False,0.36724284467547597,0.30738015015395215,-0.956560910445114,-1.343223625153014,0.38666271470790003,0.19700578247292846,0.45368420649007724,-0.2566784240171488,2.3358516084501963,1.8361488786430944,0.49970272980710195
S43A14T05,filtered,195,6.5,False,False,0.37021677228896266,0.3109120938528569,-0.9571190544585877,-1.3407763371994772,0.3836572827408895,0.1952021057835679,0.4484156688154065,-0.2532135630318386,2.3210848249977007,1.8279564045475878,0.49312842045011296
S43A14T05,filtered,196,6.533333333333333,False,False,0.37550930828025436,0.3174749025360899,-0.9580334492553004,-1.3396637555774493,0.3816303063221489,0.1933293244910375,0.44507768200932035,-0.25174835751828284,2.3063596029252067,1.8191797236435892,0.48717987928161754
S43A14T05,filtered,197,6.566666666666666,False,False,0.3828504136378091,0.32665652250180854,-0.9594497938562228,-1.3398267471649192,0.3803769533086965,0.19144257347518046,0.4439501790071442,-0.2525076055319637,2.2919147759289444,1.8104848794193131,0.4814298965096313
S43A14T05,filtered,198,6.6,False,False,0.39173568837185485,0.3377611610024489,-0.9614643948388726,-1.341008744986429,0.3795443501475564,0.18959327740091764,0.4452177663471495,-0.25562448894623185,2.2779444039062855,1.802485706812619,0.4754586970936665
S43A14T05,filtered,199,6.633333333333334,False,False,0.40143729178044935,0.3498527542046097,-0.9641233226839087,-1.3427817258191197,0.37865840313521104,0.18782191474113596,0.44895231511969946,-0.2611304003785635,2.2645806452798434,1.7956974916067374,0.46888315367310596
S43A14T05,filtered,200,6.666666666666667,False,False,0.4110399745257904,0.3618182596716313,-0.9674259992331309,-1.344590706213666,0.37716470698053506,0.18615208021197435,0.45510272596244905,-0.26895064575047467,2.2518814169028376,1.790500627308436,0.46138078959440154
S43A14T05,filtered,201,6.7,False,False,0.4195040295056263,0.37244644480249356,-0.9713328570669637,-1.3458133901820997,0.37448053311513596,0.18458637452351678,0.46349265455053246,-0.2789062800270157,2.239824071932374,1.7871168313118804,0.4527072406204935
S43A14T05,filtered,202,6.733333333333333,False,False,0.4257503132735814,0.3805165879663579,-0.9757763602653372,-1.3458300134645331,0.3700536531991959,0.18310448678123484,0.47382644138496527,-0.2907219546037304,2.228305834890533,1.7855993786193733,0.44270645627115957
S43A14T05,filtered,203,6.766666666666667,False,False,0.4287581013102084,0.38489065529072986,-0.9806743821606793,-1.344097229599008,0.36342284743832864,0.1816636505722633,0.4857029726825842,-0.3040393221103209,2.2171511472401972,1.785837608353924,0.4313135388862732
S43A14T05,filtered,204,6.8,False,False,0.42766526833482216,0.38460213520311637,-0.985944726787317,-1.3402192131487556,0.35427448636143855,0.1802014605055096,0.49863672593275854,-0.318435265427249,2.2061254518326097,1.7875747555406007,0.4185506962920089
S43A14T05,filtered,205,6.833333333333333,False,False,0.421861299115921,0.3789348366222729,-0.9915194752154374,-1.3340091091372726,0.3424896339218352,0.17864084131906233,0.512084832914111,-0.33344399159504867,2.1949543443725275,1.790437060254135,0.4045172841183924
S43A14T05,filtered,206,6.866666666666666,False,False,0.41106569734147186,0.3674855799280672,-0.9973578441782426,-1.3255345703244623,0.32817672614621973,0.17689677566260611,0.5254786291404737,-0.34858185347786763,2.183346508617796,1.7939712038705768,0.38937530474721926
S43A14T05,filtered,207,6.9,False,False,0.3953865608477206,0.35020579633007265,-1.0034563608638085,-1.3151423668675224,0.3116860060037139,0.1748842287417673,0.5382578566704583,-0.36337362792869105,2.171018485208308,1.797686497911239,0.37333198729706885
S43A14T05,filtered,208,6.933333333333334,False,False,0.37535583387098564,0.3274185365059661,-1.0098553739968754,-1.3034588327927181,0.2936034587958427,0.17252656892353735,0.549905455275155,-0.37737888635161765,2.157719142122564,1.8010979611703162,0.35662118095224793
S43A14T05,filtered,209,6.966666666666667,False,False,0.3519383040817159,0.29980917860950584,-1.0166412191190322,-1.2913650761829918,0.27472385706395963,0.16976368568141573,0.5599807282766125,-0.39021704259519674,2.143251737607371,1.8037664916916223,0.3394852459157487
S43A14T05,filtered,210,7.0,False,False,0.32650936655638446,0.2683900914793538,-1.023943710611093,-1.2799482197631842,0.2560045091520913,0.16655896372516887,0.5681486215970648,-0.40158965787189593,2.1274916913579442,1.8053327638530012,0.322158927504943
S43A14T05,filtered,211,7.033333333333333,False,False,0.30078958333730693,0.23444149467896902,-1.0319290152571419,-1.2704322178587018,0.23850320260155988,0.16290429815988322,0.5742029278255856,-0.41129862966570235,2.110398582643047,1.805542214420226,0.30485636822282114
S43A14T05,filtered,212,7.066666666666666,False,False,0.2767106452747276,0.1994325919362956,-1.0407883407919474,-1.2640937713376261,0.22330543054567875,0.15882244018078615,0.578081440968566,-0.4192590007877798,2.0920214328927016,1.8042594495360216,0.28776198335668
S43A14T05,filtered,213,7.1,False,False,0.2561750434031331,0.164928577129406,-1.0507232177899786,-1.2621703177705066,0.21144709998052802,0.15436615007877605,0.5798714578169974,-0.42550530773822137,2.0724969498586248,1.8014715058500437,0.2710254440085811
S43A14T05,filtered,214,7.133333333333334,True,False,0.24069264639234741,0.1324901951946924,-1.061928438415423,-1.2657678500775265,0.2038394116621034,0.14961389967149777,0.5798045577403871,-0.43019065806888934,2.0520410481517763,1.7972805163471208,0.2547605318046555
S43A14T05,filtered,215,7.166666666666667,False,False,0.23097858318739783,0.10357310679355769,-1.0745739207501859,-1.2757763301964973,0.2012024094463114,0.14466219561444707,0.5782402933699282,-0.4335780977554812,2.03093455233613,1.7918873448081576,0.23904720752797237
S43A14T05,filtered,216,7.2,False,False,0.22673965116579803,0.07943432644165194,-1.0887868783107353,-1.2927997136447613,0.20401283533402603,0.13961496494223471,0.5756392738343281,-0.4360243088920934,2.009504473888927,1.7855685516986068,0.2239359221903201
S43A14T05,filtered,217,7.233333333333333,True,False,0.2268552205156437,0.06105248675003572,-1.1046356816785858,-1.317106161777954,0.2124704800993682,0.13457082266114428,0.5725270809518886,-0.43795625829074436,1.9881025836214405,1.7786495486393883,0.20945303498205226
S43A14T05,filtered,218,7.266666666666667,True,False,0.22987816993688548,0.04906765969658489,-1.1221166986574105,-1.3486020335150584,0.22648533485764788,0.12960938864638902,0.569451457990362,-0.43984206934397296,1.9670831458540174,1.7714769290872412,0.19560621676677625
S43A14T05,filtered,219,7.3,True,False,0.23454776836320584,0.04374499812227706,-1.1411451934563714,-1.3868309170966824,0.24568572364031094,0.12477809135282454,0.5669361475744437,-0.44215805622161913,1.946781631445585,1.764392711644171,0.18238891980141392
S43A14T05,filtered,220,7.333333333333333,True,False,0.24007886502291678,0.044964640257475263,-1.1615510657704575,-1.4309965318953206,0.2694454661248631,0.12008103899259631,0.5654354976201685,-0.4453544586275722,1.9274959989488496,1.7577126350891201,0.16978336385972947
S43A14T05,filtered,221,7.366666666666666,True,False,0.24619524407393398,0.052238282540052694,-1.1830798400569205,-1.4800060780447613,0.2969262379878408,0.11547150759141576,0.5652943541517961,-0.4498228465603803,1.9094717630415352,1.7517097969713442,0.157761966070191
S43A14T05,filtered,222,7.4,False,False,0.25298546211614137,0.06475074370895784,-1.2053989072435276,-1.5325288183929637,0.3271299111494361,0.11084935615206247,0.5667176807613341,-0.4558683246092716,1.8928916091406944,1.7466039812157865,0.1462876279249079
S43A14T05,filtered,223,7.433333333333334,False,False,0.26067454695979414,0.08142290485973724,-1.2281086164717583,-1.587063585759122,0.3589549692873637,0.10606422560071795,0.569753694838876,-0.463689469238158,1.8778698236941982,1.7425561544782089,0.1353136692159893
S43A14T05,filtered,224,7.466666666666667,True,False,0.269395157328148,0.10099079234871011,-1.2507574560333083,-1.6420086754939094,0.39125121946060104,0.10092474147394662,0.5742930782253564,-0.47336833675140977,1.864451352671744,1.7396669928450033,0.12478435982674085
S43A14T05,filtered,225,7.5,False,False,0.2790282083706306,0.12209441271084343,-1.272860288186297,-1.6957282386819168,0.42286795049561987,0.09521319155821437,0.5800850937300459,-0.4848719021718315,1.8526149300009698,1.7379780392436373,0.11463689075733252
S43A14T05,filtered,226,7.533333333333333,True,False,0.2891535074818488,0.1433693409406378,-1.293918438708446,-1.7466107190090285,0.4526922803005826,0.0887043919815975,0.5867694118007885,-0.49806501981919094,1.842279471163919,1.7374742092435984,0.10480526192032058
S43A14T05,filtered,227,7.566666666666666,True,False,0.29910644055641317,0.16353404486797496,-1.3134404004797515,-1.793116826873373,0.4796764263936215,0.08118680708806396,0.5939203992065006,-0.5127335921184367,1.8333128213654035,1.738086788084419,0.09522603328098445
S43A14T05,filtered,228,7.6,True,False,0.3081000647197087,0.18146649237222334,-1.3309619863678492,-1.833816676375491,0.5028546900076418,0.07248356267823336,0.6010988603442443,-0.528615297666011,1.8255419748852377,1.7396966532412659,0.08584532164397185
S43A14T05,filtered,229,7.633333333333334,True,False,0.31536201668066033,0.1962646853319514,-1.3460649399594697,-1.8674176522227466,0.5213527122632768,0.0624708745190917,0.6079050515969824,-0.5454341770778907,1.8187640121999709,1.7421380418144483,0.07662597038552255
S43A14T05,filtered,230,7.666666666666667,True,False,0.32024882970025165,0.2072873014753578,-1.358393249870874,-1.892785988385313,0.5343927385144391,0.05109164465797317,0.6140264320430586,-0.5629347873850854,1.81275718805986,1.7452036014235262,0.06755358663633393
S43A14T05,filtered,231,7.7,True,False,0.322320339891189,0.21417246619700503,-1.3676666723336692,-1.9089656880749608,0.5412990157412916,0.0383625411550707,0.619274164293873,-0.5809116231388024,1.80729179557823,1.7486516093241704,0.058640186254059534
S43A14T05,filtered,232,7.733333333333333,False,False,0.321372152239397,0.2168346476934473,-1.3736912032644222,-1.9151981908335516,0.5415069875691294,0.024373700065910935,0.6236037810308475,-0.5992300809649366,1.8021405840400875,1.7522160814514613,0.04992450258862613
S43A14T05,filtered,233,7.766666666666667,False,False,0.3174321348950374,0.2154415761180153,-1.3763664171851007,-1.9109451442596093,0.5345787270745086,0.009281153733681238,0.627117488115212,-0.6178363343815307,1.7970885935219028,1.755620058341759,0.04146853518014382
S43A14T05,filtered,234,7.8,False,False,0.31072987957492626,0.21037473793947759,-1.3756896827439349,-1.895914953218527,0.5202252704745922,-0.00670694785229701,0.6300479824438547,-0.6367549302961517,1.7919422802452907,1.7585917430091471,0.03335053723614356
S43A14T05,filtered,235,7.833333333333333,True,False,0.3016486248705658,0.20217822356304405,-1.371757269931578,-1.8700917552824454,0.49833448535086733,-0.023348442390771003,0.6327260718001961,-0.6560745141909672,1.786537755122086,1.7608825034649176,0.02565525165716842
S43A14T05,filtered,236,7.866666666666666,False,False,0.2906687585018977,0.19150139150300927,-1.36476230113683,-1.8337634677937475,0.4690011666569176,-0.04038716704774183,0.6355364546322637,-0.6759236216800055,1.7807478710527591,1.7622851714407517,0.018462699612007416
S43A14T05,filtered,237,7.9,False,False,0.27831117886032836,0.17904090309166842,-1.3549894054078306,-1.787543941188864,0.4325545357810334,-0.05757227152082092,0.6388674709798803,-0.6964397425007012,1.774487806957705,1.762650683866527,0.011837123091178015
S43A14T05,filtered,238,7.933333333333334,False,False,0.2650875064110886,0.16548719741164986,-1.3428058647364096,-1.7323833670260382,0.3895775022896286,-0.07467442406895008,0.6430612899130428,-0.7177357139819929,1.767718743374352,1.7619010077602804,0.0058177356140716174
S43A14T05,filtered,239,7.966666666666667,False,False,0.2514622816286294,0.151479505482899,-1.3286490487432543,-1.6695611706742848,0.3409121219310305,-0.09149704971912585,0.6483707875466711,-0.739867837265797,1.7604492335756567,1.760036504001074,0.00041272957458282633
S43A14T05,filtered,240,8.0,False,False,0.23782987209039258,0.13757218992617704,-1.3130100665442621,-1.6006567782535774,0.28764671170931533,-0.10788155533773505,0.6549283435594264,-0.7628098988971614,1.7527339595576628,1.7571364143916233,-0.004402454833960512
S43A14T05,filtered,241,8.033333333333333,True,False,0.2245060794409539,0.12421371967366546,-1.296413844887089,-1.5274958294460275,0.23108198455893847,-0.1237064577069323,0.6627300986068688,-0.7864365563138012,1.7446697208135968,1.7533519411765988,-0.008682220363001925
S43A14T05,filtered,242,8.066666666666666,False,True,0.21173187807471203,0.11173813527483212,-1.279396256582964,-1.4520723762534382,0.17267611967047425,-0.13888129340743277,0.6716371083918917,-0.8105184017993246,1.7363887170566157,1.7488923222829178,-0.012503605226302117
S43A14T05,filtered,243,8.1,True,False,0.1996849295021237,0.10036759732419309,-1.262479416963077,-1.3764509606024133,0.11397154363933626,-0.15333700445920043,0.681392593654736,-0.8347295981139364,1.7280494260771821,1.7440052482678579,-0.015955822190675706
