trial,mode,frame0,nominal_time_s,raw_review_flag,raw_repeated_previous,foot_separation_camera_xz_m,foot_separation_camera_x_m,com_camera_x_m,foot_midpoint_camera_x_m,com_relative_to_foot_midpoint_camera_x_m,com_camera_y_m,foot_midpoint_camera_y_m,com_relative_to_foot_midpoint_camera_y_m,com_camera_z_m,foot_midpoint_camera_z_m,com_relative_to_foot_midpoint_camera_z_m
S43A10T05,raw,0,0.0,False,False,0.3082269292224251,0.24432727050781256,-1.2525977266442905,-1.2334718627929688,-0.019125863851321645,-0.18127787709023777,0.7529017028808593,-0.9341795799710971,2.2973401513032705,2.266835205078125,0.030504946225145435
S43A10T05,raw,1,0.03333333333333333,False,False,0.2984001731973887,0.2350808105468749,-1.2521249934056689,-1.238860107421875,-0.013264885983793828,-0.18223206627397814,0.7528674621582032,-0.9350995284321814,2.297342975805628,2.2634426269531254,0.03390034885250248
S43A10T05,raw,2,0.06666666666666667,False,False,0.30156189343517453,0.2332906494140623,-1.2522003332623866,-1.2379544067382813,-0.014245926524105279,-0.18179662825721235,0.7537964477539063,-0.9355930760111186,2.2978429163890555,2.2685113525390626,0.029331563849992914
S43A10T05,raw,3,0.1,False,False,0.30386150232411335,0.23928625488281252,-1.2531663668244633,-1.2345331420898438,-0.01863322473461948,-0.18209497662921678,0.7535604858398438,-0.9356554624690606,2.296869885296977,2.266596923828125,0.030272961468852166
S43A10T05,raw,4,0.13333333333333333,False,False,0.30689664895635516,0.2460185546875,-1.2533110344135854,-1.2368723144531248,-0.016438719960460535,-0.1816613527573938,0.7523849487304688,-0.9340463014878626,2.2953252369529675,2.26297021484375,0.03235502210921748
S43A10T05,raw,5,0.16666666666666666,False,False,0.3048425873331946,0.24582470703125003,-1.2528990468503687,-1.2352755126953125,-0.01762353415505613,-0.18210564092966552,0.7480828247070312,-0.9301884656366968,2.2974181583823228,2.2603383789062503,0.03707977947607244
S43A10T05,raw,6,0.2,False,False,0.3067842312908428,0.24323669433593742,-1.2515369538810184,-1.2374240112304689,-0.01411294265054952,-0.18168412789721114,0.7503385314941406,-0.9320226593913518,2.2965828523262486,2.2622471923828127,0.0343356599434359
S43A10T05,raw,7,0.23333333333333334,False,False,0.3067923758396412,0.24497033691406256,-1.253551052328976,-1.2337053833007814,-0.019845669028194513,-0.18245123831630583,0.7487276306152344,-0.9311788689315402,2.295963411962339,2.263510986328125,0.0324524256342138
S43A10T05,raw,8,0.26666666666666666,False,False,0.3038195737728584,0.24369018554687516,-1.2530484976779566,-1.233597900390625,-0.01945059728733156,-0.18251483814633873,0.7483617248535157,-0.9308765629998544,2.2959819360170983,2.2624183349609375,0.03356360105616085
S43A10T05,raw,9,0.3,False,False,0.31782079574493566,0.25875061035156266,-1.2550826358949028,-1.2410989379882813,-0.013983697906621462,-0.18205252271572425,0.7477765502929687,-0.929829073008693,2.296497747632713,2.2616195068359377,0.03487824079677537
S43A10T05,raw,10,0.3333333333333333,False,False,0.3098375207215423,0.2554659423828125,-1.2551377648287705,-1.2370658569335937,-0.018071907895176764,-0.18293232939035972,0.7480562438964844,-0.9309885732868441,2.2960863612643103,2.2574515380859372,0.03863482317837308
S43A10T05,raw,11,0.36666666666666664,False,False,0.3104061633097158,0.25252124023437506,-1.2552475529444864,-1.2402939453125001,-0.014953607631986277,-0.18436969175717943,0.7475144348144531,-0.9318841265716326,2.297360712040027,2.259582763671875,0.03777794836815174
S43A10T05,raw,12,0.4,False,False,0.31430811920470114,0.25505749511718756,-1.255561208795616,-1.2351188354492189,-0.020442373346397202,-0.1841586624861963,0.7468598937988281,-0.9310185562850244,2.297246252246978,2.2619915771484376,0.0352546750985403
S43A10T05,raw,13,0.43333333333333335,False,False,0.3125324457939508,0.2550426025390624,-1.2540635761167718,-1.2348638305664061,-0.019199745550365632,-0.18273331897142947,0.7445285949707031,-0.9272619139421325,2.2942523912603274,2.257340087890625,0.036912303369702304
S43A10T05,raw,14,0.4666666666666667,False,False,0.3116239970415243,0.2558698730468749,-1.2552657093797492,-1.2339547119140626,-0.021310997465686654,-0.18463899540444403,0.7412621765136719,-0.9259011719181159,2.294766655411376,2.255847045898437,0.03891960951293871
S43A10T05,raw,15,0.5,False,False,0.3105139165706623,0.25760205078125,-1.25614868156154,-1.2353984375000002,-0.02075024406153969,-0.18525754475523007,0.7395036010742188,-0.9247611458294488,2.298166621772544,2.25469189453125,0.04347472724129364
S43A10T05,raw,16,0.5333333333333333,False,False,0.2999119891654944,0.24818225097656255,-1.2551605713281462,-1.2376619262695312,-0.01749864505861498,-0.18547227988502818,0.7425797729492187,-0.9280520528342469,2.297871166214712,2.253905029296875,0.043966136917836796
S43A10T05,raw,17,0.5666666666666667,False,False,0.30736719803693385,0.25200683593750006,-1.2553021919948029,-1.2352735595703126,-0.020028632424490267,-0.1848050742118449,0.743482421875,-0.9282874960868449,2.2972882542040827,2.2563409423828125,0.040947311821270205
S43A10T05,raw,18,0.6,False,False,0.3078407400061712,0.2547014160156249,-1.2558689443628468,-1.2336220703125,-0.022246874050346754,-0.1837449278867593,0.7423971557617188,-0.9261420836484782,2.2972245182797577,2.252959594726563,0.04426492355319489
S43A10T05,raw,19,0.6333333333333333,False,False,0.31091301017340367,0.2530189208984377,-1.2551993463614768,-1.2364727172851562,-0.01872662907632061,-0.1847194109438642,0.7444195251464845,-0.9291389360903487,2.296441276621725,2.2569580078125,0.039483268809224814
S43A10T05,raw,20,0.6666666666666666,False,False,0.3093648615803874,0.25123242187500017,-1.2548728197317514,-1.2365430908203126,-0.018329728911438803,-0.18392054343391118,0.7456041564941407,-0.9295246999280519,2.297796385825741,2.256528564453125,0.04126782137261609
S43A10T05,raw,21,0.7,False,False,0.30770455250290046,0.24951184082031252,-1.2538204196164366,-1.2371921997070312,-0.01662821990940544,-0.1831654477281887,0.7454232482910157,-0.9285886960192045,2.297230467976871,2.2586099853515624,0.03862048262530848
S43A10T05,raw,22,0.7333333333333333,False,False,0.3104486066731447,0.261280517578125,-1.2543661087404199,-1.2372132568359375,-0.017152851904482347,-0.1828581726180708,0.7441367492675781,-0.9269949218856489,2.2973450619331373,2.2520936279296873,0.04525143400345
S43A10T05,raw,23,0.7666666666666667,False,False,0.3072293258071521,0.2525623779296875,-1.2529704103090336,-1.2409959106445312,-0.01197449966450237,-0.18235880506880447,0.7473083190917968,-0.9296671241606014,2.297345634473941,2.260642333984375,0.03670330048956583
S43A10T05,raw,24,0.8,False,False,0.30020547447998674,0.2534250488281251,-1.2546286686470454,-1.221257080078125,-0.03337158856892031,-0.18107192494610128,0.7744139709472657,-0.955485895893367,2.2986483003623066,2.2852347412109375,0.013413559151369103
S43A10T05,raw,25,0.8333333333333334,False,False,0.3030368258449208,0.24831787109374992,-1.2538686028316037,-1.2413936767578124,-0.012474926073791304,-0.1823656142739012,0.7532720947265625,-0.9356377090004637,2.2992798698236574,2.265542724609375,0.03373714521428228
S43A10T05,raw,26,0.8666666666666667,False,False,0.3047148493749265,0.24721301269531248,-1.2537646888833782,-1.2413082885742188,-0.012456400309159399,-0.18200435587199681,0.7529043579101563,-0.9349087137821531,2.2985001004742274,2.26091796875,0.03758213172422753
S43A10T05,raw,27,0.9,False,False,0.30745759483471574,0.25149291992187495,-1.2536424330952918,-1.241820556640625,-0.011821876454666702,-0.18310479786582162,0.7498261718750001,-0.9329309697408217,2.2997131832127695,2.2599736328124997,0.039739550400269774
S43A10T05,raw,28,0.9333333333333333,False,False,0.30351647455096564,0.2507618408203125,-1.252726718453891,-1.2404224243164061,-0.012304294137484906,-0.18252982884202354,0.7498728942871093,-0.9324027231291329,2.3003820912784296,2.2563697509765626,0.04401234030186707
S43A10T05,raw,29,0.9666666666666667,False,False,0.3073825660672827,0.24891906738281255,-1.2525040082346979,-1.2431185913085938,-0.009385416926104062,-0.18303832123745656,0.7505158691406251,-0.9335541903780816,2.2983564670619456,2.261177978515625,0.037178488546320665
S43A10T05,raw,30,1.0,False,False,0.31076718261127395,0.25231152343749996,-1.2520323125724462,-1.240753662109375,-0.011278650463071083,-0.1816191029338351,0.7539926147460938,-0.9356117176799289,2.2979093720900656,2.2659951171875,0.03191425490256572
S43A10T05,raw,31,1.0333333333333334,False,False,0.3127168196643313,0.25260534667968737,-1.253024987878844,-1.2414021606445313,-0.011622827234312627,-0.18402515048231813,0.7516708068847656,-0.9356959573670838,2.2998980523874857,2.2633338623046875,0.03656419008279821
S43A10T05,raw,32,1.0666666666666667,False,False,0.3124885134952946,0.2531301269531252,-1.2520509882978093,-1.2425706787109374,-0.009480309586871849,-0.18343951240898845,0.7501748046875001,-0.9336143170964886,2.298771790362777,2.2649283447265627,0.03384344563621422
S43A10T05,raw,33,1.1,False,False,0.31269665558440213,0.2529204101562501,-1.2513190137806627,-1.2433782958984376,-0.007940717882225057,-0.1824130983330562,0.7513292846679688,-0.933742383001025,2.299252185083162,2.2683358154296878,0.03091636965347444
S43A10T05,raw,34,1.1333333333333333,False,False,0.31132229894243485,0.252396728515625,-1.2511769583289778,-1.248081298828125,-0.0030956595008528875,-0.18306054695201826,0.7518202209472656,-0.9348807678992839,2.3009553351912,2.2666356201171878,0.034319715074012436
S43A10T05,raw,35,1.1666666666666667,False,False,0.3097280954609768,0.24655847167968759,-1.2511935008395834,-1.2481583862304688,-0.003035114609114542,-0.18243500825401546,0.7523625793457032,-0.9347975875997186,2.298641783782749,2.2676785888671875,0.03096319491556132
S43A10T05,raw,36,1.2,False,False,0.31346730625992175,0.24160424804687497,-1.249213198868969,-1.2467886962890624,-0.0024245025799065623,-0.182230859688866,0.7483348388671875,-0.9305656985560535,2.2965258745386796,2.2687409667968748,0.027784907741804865
S43A10T05,raw,37,1.2333333333333334,False,False,0.3095779987805552,0.2399063720703125,-1.2472323243059218,-1.249952087402344,0.0027197630964221897,-0.18366635439032555,0.749041015625,-0.9327073700153256,2.2957261819112387,2.269208251953125,0.02651792995811375
S43A10T05,raw,38,1.2666666666666666,False,False,0.301305037766616,0.2339652099609375,-1.2484980355823887,-1.2552153930664063,0.006717357484017583,-0.18387171828230353,0.752941162109375,-0.9368128803916785,2.294933683485941,2.2710115966796875,0.023922086806253517
S43A10T05,raw,39,1.3,False,False,0.30663333631614736,0.23605041503906254,-1.2448349601371416,-1.257705505371094,0.012870545233952368,-0.1835800347696411,0.7531876220703124,-0.9367676568399536,2.2969596712441116,2.272133178710938,0.024826492533173816
S43A10T05,raw,40,1.3333333333333333,False,False,0.3056503363434959,0.23609497070312502,-1.2454669996269159,-1.2578787841796875,0.012411784552771588,-0.18342728487243654,0.7507548828125,-0.9341821676849366,2.2971197518887636,2.2714047851562498,0.025714966732513833
S43A10T05,raw,41,1.3666666666666667,False,False,0.30507100237299195,0.23653295898437499,-1.2458201504543422,-1.259498046875,0.013677896420657865,-0.18495831950614056,0.7500752258300781,-0.9350335453362186,2.298303358217966,2.2708299560546874,0.02747340216327876
S43A10T05,raw,42,1.4,False,False,0.30693199408662647,0.23506030273437495,-1.2457088942426031,-1.2560623779296876,0.010353483687084442,-0.1833443512873112,0.7515747985839843,-0.9349191498712955,2.298825563724742,2.2735377197265625,0.025287843998179405
S43A10T05,raw,43,1.4333333333333333,False,False,0.3050016035672932,0.23730053710937504,-1.2452239255414164,-1.259148681640625,0.013924756099208624,-0.18483213640410764,0.7527462158203124,-0.9375783522244201,2.3034141271076765,2.2695291748046875,0.033884952302988935
S43A10T05,raw,44,1.4666666666666666,False,False,0.31064767040982294,0.2424053955078127,-1.2441013421021787,-1.2574763793945314,0.013375037292352676,-0.1839160974427881,0.7515013427734375,-0.9354174402162256,2.303470297221675,2.270710693359375,0.032759603862300146
S43A10T05,raw,45,1.5,False,False,0.3127688631393322,0.24280200195312518,-1.2463939926565604,-1.2564912109375,0.010097218280939568,-0.1833730763015714,0.7536843872070312,-0.9370574635086026,2.304305300654675,2.2716953125000003,0.03260998815467486
S43A10T05,raw,46,1.5333333333333334,False,False,0.3044685245576901,0.23859863281250004,-1.2449539291254934,-1.25885498046875,0.013901051343256698,-0.18353391591586485,0.7528248596191407,-0.9363587755350056,2.303476940139522,2.26832373046875,0.03515320967077207
S43A10T05,raw,47,1.5666666666666667,False,False,0.30584947474976204,0.23912036132812498,-1.2450610762843524,-1.2593016357421876,0.0142405594578352,-0.18358533857688017,0.7526924743652343,-0.9362778129421145,2.303557472555727,2.2687750244140625,0.034782448141664535
S43A10T05,raw,48,1.6,False,False,0.30435778507775224,0.236785888671875,-1.2443925700778378,-1.2620518798828124,0.017659309804974654,-0.18355756410525925,0.7513218994140625,-0.9348794635193217,2.3026437224056444,2.26932080078125,0.03332292162439421
S43A10T05,raw,49,1.6333333333333333,False,False,0.30504759757244987,0.2409608154296874,-1.2450773818064496,-1.2632954711914062,0.018218089384956615,-0.18535114461926383,0.7494884338378907,-0.9348395784571545,2.305653812077277,2.2669383544921873,0.03871545758508965
S43A10T05,raw,50,1.6666666666666667,False,False,0.30559931932846,0.24079931640625007,-1.244984528506215,-1.2636829833984375,0.018698454892222438,-0.18536254224393287,0.7493922119140626,-0.9347547541579955,2.3058222939284114,2.267026611328125,0.03879568260028643
S43A10T05,raw,51,1.7,False,False,0.3075918413939602,0.2405238037109374,-1.2447973940239214,-1.2629419555664063,0.018144561542484894,-0.18551871059916283,0.7497585144042969,-0.9352772250034597,2.3058809068685093,2.265729370117188,0.04015153675132144
S43A10T05,raw,52,1.7333333333333334,False,False,0.3103549936767235,0.2426098632812499,-1.2453367914806912,-1.2611065673828126,0.015769775902121363,-0.18502352202458827,0.7513734741210938,-0.9363969961456821,2.305749531603688,2.2701441650390626,0.03560536656462521
S43A10T05,raw,53,1.7666666666666666,False,False,0.3094815209136472,0.24206286621093764,-1.24535423713792,-1.2609008178710939,0.015546580733173831,-0.18500559360564112,0.7513077697753907,-0.9363133633810319,2.3056800901148025,2.26994091796875,0.03573917214605249
S43A10T05,raw,54,1.8,False,False,0.309955771450747,0.24201538085937502,-1.245287360971283,-1.2614317626953124,0.016144401724029533,-0.1849492547158927,0.7512962341308593,-0.9362454888467521,2.305724635117384,2.2700308837890626,0.03569375132832153
S43A10T05,raw,55,1.8333333333333333,False,False,0.3095289101249836,0.24141870117187492,-1.2452014811526417,-1.2612398681640626,0.016038387011420907,-0.18491764184522688,0.7511609497070313,-0.9360785915522581,2.305666925365769,2.2696632080078123,0.0360037173579566
S43A10T05,raw,56,1.8666666666666667,False,False,0.3095154035701427,0.24140393066406252,-1.245197038311512,-1.2612339477539063,0.01603690944239422,-0.18491745958125327,0.7511557922363281,-0.9360732518175814,2.305669640212259,2.26965576171875,0.03601387849350912
S43A10T05,raw,57,1.9,False,False,0.3106249337327961,0.23805822753906236,-1.2417048136645772,-1.2649721069335937,0.023267293269016553,-0.1853341390361484,0.7484919433593751,-0.9338260823955234,2.3093058326696734,2.2694373779296875,0.039868454739985904
S43A10T05,raw,58,1.9333333333333333,False,False,0.3004658243749294,0.23506555175781263,-1.2415209625816783,-1.2654534301757812,0.023932467594102835,-0.1846284617988273,0.7510534057617188,-0.935681867560546,2.3087456528402597,2.2704937744140627,0.03825187842619693
S43A10T05,raw,59,1.9666666666666666,False,False,0.30226959580955765,0.23527404785156247,-1.2405567244115523,-1.2654058227539062,0.024849098342353937,-0.1841853317501871,0.74920166015625,-0.933386991906437,2.3090379757588164,2.26834765625,0.04069031950881641
S43A10T05,raw,60,2.0,False,False,0.3037707791944854,0.2363602294921876,-1.2403973797446688,-1.2658609008789061,0.025463521134237332,-0.1842602745224526,0.749026580810547,-0.9332868553329996,2.3095890420912304,2.2692861328125,0.04030290927873059
S43A10T05,raw,61,2.033333333333333,False,False,0.2996621125843759,0.23447497558593766,-1.2372927244892775,-1.2666217651367186,0.02932904064744113,-0.18448366819698261,0.7500353088378906,-0.9345189770348732,2.3124811438397748,2.2681113281250003,0.044369815714774496
S43A10T05,raw,62,2.066666666666667,False,False,0.2991639186435503,0.2288994140624998,-1.234320389990591,-1.272861572265625,0.03854118227503389,-0.18358839655804773,0.7500599365234375,-0.9336483330814852,2.3158191690119994,2.2746683349609373,0.04115083405106201
S43A10T05,raw,63,2.1,False,False,0.29078470762035274,0.22489050292968749,-1.2310199729212963,-1.2784598999023438,0.04743992698104749,-0.18411282658069505,0.7502178955078125,-0.9343307220885075,2.318003082605843,2.2674373779296877,0.0505657046761554
S43A10T05,raw,64,2.1333333333333333,False,False,0.29213664483085183,0.22457324218749997,-1.2277337547918,-1.2825126953125001,0.0547789405207002,-0.18513371963975142,0.7489771423339844,-0.9341108619737358,2.3249881102614802,2.2679010009765626,0.05708710928491767
S43A10T05,raw,65,2.1666666666666665,False,False,0.2961943594498882,0.2297302246093751,-1.2253536774408986,-1.2827703857421875,0.057416708301288866,-0.18603770585336785,0.750237060546875,-0.9362747664002429,2.3270917029235982,2.2684443359375,0.05864736698609807
S43A10T05,raw,66,2.2,False,False,0.29446046951703375,0.22914855957031244,-1.2234971752441943,-1.2819380493164063,0.05844087407221199,-0.18621131192500645,0.7517188720703125,-0.9379301839953189,2.328268735986132,2.267537109375,0.06073162661113196
S43A10T05,raw,67,2.2333333333333334,False,False,0.2949572716825025,0.22691711425781258,-1.2210163835799352,-1.2826618041992188,0.061645420619283575,-0.185359518180967,0.7605010375976563,-0.9458605557786233,2.33308327939606,2.2741973876953123,0.05888589170074754
S43A10T05,raw,68,2.2666666666666666,False,False,0.29252436676114135,0.225630615234375,-1.2170779029395369,-1.2840084228515627,0.06693051991202581,-0.18578180101646297,0.7570616760253907,-0.9428434770418537,2.3421805593664393,2.2696766357421874,0.07250392362425195
S43A10T05,raw,69,2.3,False,False,0.29623375867927076,0.22713867187499992,-1.2128863205459093,-1.2874576416015624,0.07457132105565312,-0.18612849415649566,0.7605029907226563,-0.9466314848791519,2.3471842961689235,2.2690421142578128,0.07814218191111078
S43A10T05,raw,70,2.3333333333333335,False,False,0.29286375127010783,0.2175495605468749,-1.2110778515995742,-1.286220458984375,0.07514260738480094,-0.1844106174951189,0.7623570251464844,-0.9467676426416033,2.351038602017531,2.273907836914063,0.07713076510346806
S43A10T05,raw,71,2.3666666666666667,False,False,0.2918397097252262,0.22253271484374992,-1.2044357897689404,-1.28039501953125,0.07595922976230951,-0.18252491102582064,0.7602825012207032,-0.9428074122465238,2.359021585992018,2.266540771484375,0.09248081450764278
S43A10T05,raw,72,2.4,False,False,0.2833292555539537,0.21216381835937503,-1.1975212302544296,-1.2797789306640626,0.08225770040963298,-0.1823357354523032,0.756705047607422,-0.9390407830597252,2.3652772535006426,2.267697998046875,0.09757925545376755
S43A10T05,raw,73,2.433333333333333,False,False,0.27356980374220813,0.19727685546874985,-1.1926401976403795,-1.2766643066406251,0.0840241090002456,-0.18025031762867497,0.7580573120117188,-0.9383076296403937,2.3695488651617462,2.270645263671875,0.0989036014898712
S43A10T05,raw,74,2.466666666666667,False,False,0.26187492454252875,0.17789904785156252,-1.1851739101955434,-1.2683749389648438,0.08320102876930036,-0.17991444824922542,0.7622618713378906,-0.942176319587116,2.3761454338652714,2.27351416015625,0.10263127370902136
S43A10T05,raw,75,2.5,False,False,0.24199200964652515,0.16246130371093748,-1.1768061336801403,-1.260944519042969,0.08413838536282858,-0.18128718204617494,0.7646210021972657,-0.9459081842434407,2.384309753953882,2.2639570312500004,0.12035272270388164
S43A10T05,raw,76,2.533333333333333,False,False,0.2483832391359913,0.1729954833984373,-1.167486760992408,-1.2614131469726564,0.09392638598024838,-0.17743512255189145,0.7636958618164063,-0.9411309843682977,2.3961916195654864,2.261413330078125,0.13477828948736148
S43A10T05,raw,77,2.566666666666667,False,False,0.25849618015312353,0.1778015136718749,-1.159093010470177,-1.2662181396484375,0.10712512917826045,-0.17432659218876728,0.7649203186035156,-0.939246910792283,2.4037953238755416,2.2674141845703124,0.13638113930522922
S43A10T05,raw,78,2.6,False,False,0.2546849346458793,0.16973413085937494,-1.1501538285498485,-1.2688087158203125,0.11865488727046403,-0.1735840585041282,0.7624857177734375,-0.9360697762775657,2.4120573892976798,2.2679370117187503,0.14412037757892948
S43A10T05,raw,79,2.6333333333333333,False,False,0.25572213237851277,0.1936857910156249,-1.1360314703325216,-1.2819205322265625,0.14588906189404094,-0.16652767720980857,0.7747699584960938,-0.9412976357059023,2.4278148956742944,2.2534986572265625,0.17431623844773192
S43A10T05,raw,80,2.6666666666666665,False,False,0.26182004057672853,0.18593347167968743,-1.1262124700754221,-1.2843884887695314,0.15817601869410924,-0.1661781110093604,0.7765060119628906,-0.942684122972251,2.4427674668140837,2.266139892578125,0.17662757423595865
S43A10T05,raw,81,2.7,False,False,0.2656516715564907,0.19346630859375002,-1.1112081780012524,-1.29040673828125,0.1791985602799977,-0.16062616717612316,0.778641845703125,-0.9392680128792481,2.4597219807930943,2.26132177734375,0.1984002034493444
S43A10T05,raw,82,2.7333333333333334,False,False,0.24929493056019875,0.18678088378906255,-1.0983483643021983,-1.2815707397460938,0.18322237544389552,-0.14978410998311106,0.7803945007324219,-0.930178610715533,2.4705198668769563,2.2552218017578127,0.21529806511914362
S43A10T05,raw,83,2.7666666666666666,False,False,0.2555288329550711,0.19354296874999988,-1.0820280199895076,-1.2859229736328124,0.2038949536433048,-0.14571774719627703,0.7763750610351563,-0.9220928082314334,2.487164472006083,2.2532193603515625,0.2339451116545206
S43A10T05,raw,84,2.8,False,False,0.26227900311371644,0.1978546142578126,-1.064744531817137,-1.2868861694335938,0.2221416376164569,-0.13984750951064165,0.7800696716308594,-0.919917181141501,2.5016625889003747,2.25557568359375,0.2460869053066248
S43A10T05,raw,85,2.8333333333333335,False,False,0.2515516292640006,0.17973583984374986,-1.0479038834335694,-1.2895537109375002,0.24164982750393071,-0.12607540040391496,0.7808997802734374,-0.9069751806773524,2.52213910599958,2.2617236328125,0.2604154731870798
S43A10T05,raw,86,2.8666666666666667,False,False,0.2594213011504155,0.18106506347656248,-1.031696109029392,-1.2956184692382813,0.2639223602088894,-0.12131005458243477,0.7793032836914062,-0.900613338273841,2.5397288418802724,2.262655029296875,0.2770738125833976
S43A10T05,raw,87,2.9,False,False,0.2904154498696434,0.19491796875,-1.0192399458384693,-1.2980142822265626,0.27877433638809324,-0.1107253904742442,0.7824356994628907,-0.8931610899371349,2.5600436853855313,2.2719396972656254,0.2881039881199059
S43A10T05,raw,88,2.933333333333333,False,False,0.2876536487862682,0.20624340820312503,-0.9933898581669238,-1.3077615966796876,0.3143717385127638,-0.08550786402987819,0.7926013488769531,-0.8781092129068313,2.588252510400299,2.2831789550781254,0.30507355532217373
S43A10T05,raw,89,2.966666666666667,False,False,0.3229314389512985,0.2342152099609376,-0.9718146924729119,-1.3090642700195314,0.33724957754661955,-0.06712572986464253,0.7864674072265625,-0.853593137091205,2.615952271194102,2.2719044189453124,0.34404785224878953
S43A10T05,raw,90,3.0,False,False,0.23088690325256372,0.1366397705078124,-0.943744193798058,-1.2995059204101562,0.35576172661209826,-0.043261819033509216,0.7680949096679688,-0.811356728701478,2.64476585337653,2.272865478515625,0.3719003748609051
S43A10T05,raw,91,3.033333333333333,True,False,0.214696565369051,0.12117138671874983,-0.8969638569900545,-1.253616455078125,0.3566525980880705,-0.0243113505990529,0.7536911926269532,-0.778002543226006,2.6694808729819273,2.2700469970703123,0.39943387591161494
S43A10T05,raw,92,3.066666666666667,False,False,0.24304799178494427,0.0965859375,-0.8672349138033408,-1.2539034423828126,0.38666852857947176,0.0052176337219040315,0.7051612548828126,-0.6999436211609086,2.7042741475657723,2.2315762939453125,0.4726978536204598
S43A10T05,raw,93,3.1,True,False,0.33527543837096835,0.2113771972656251,-0.5987459213067853,-1.2734906005859377,0.6747446792791524,0.3274586896503044,0.24043091583251952,0.08702777381778487,3.0109880162708267,2.3659638671875003,0.6450241490833264
S43A10T05,raw,94,3.1333333333333333,False,True,0.33527543837096835,0.2113771972656251,-0.5987459213067853,-1.2734906005859377,0.6747446792791524,0.3274586896503044,0.24043091583251952,0.08702777381778487,3.0109880162708267,2.3659638671875003,0.6450241490833264
S43A10T05,raw,95,3.1666666666666665,False,True,0.33527543837096835,0.2113771972656251,-0.5987459213067853,-1.2734906005859377,0.6747446792791524,0.3274586896503044,0.24043091583251952,0.08702777381778487,3.0109880162708267,2.3659638671875003,0.6450241490833264
S43A10T05,raw,96,3.2,False,True,0.33527543837096835,0.2113771972656251,-0.5987459213067853,-1.2734906005859377,0.6747446792791524,0.3274586896503044,0.24043091583251952,0.08702777381778487,3.0109880162708267,2.3659638671875003,0.6450241490833264
S43A10T05,raw,97,3.2333333333333334,False,True,0.33527543837096835,0.2113771972656251,-0.5987459213067853,-1.2734906005859377,0.6747446792791524,0.3274586896503044,0.24043091583251952,0.08702777381778487,3.0109880162708267,2.3659638671875003,0.6450241490833264
S43A10T05,raw,98,3.2666666666666666,False,True,0.33527543837096835,0.2113771972656251,-0.5987459213067853,-1.2734906005859377,0.6747446792791524,0.3274586896503044,0.24043091583251952,0.08702777381778487,3.0109880162708267,2.3659638671875003,0.6450241490833264
S43A10T05,raw,99,3.3,False,True,0.33527543837096835,0.2113771972656251,-0.5987459213067853,-1.2734906005859377,0.6747446792791524,0.3274586896503044,0.24043091583251952,0.08702777381778487,3.0109880162708267,2.3659638671875003,0.6450241490833264
S43A10T05,raw,100,3.3333333333333335,False,True,0.33527543837096835,0.2113771972656251,-0.5987459213067853,-1.2734906005859377,0.6747446792791524,0.3274586896503044,0.24043091583251952,0.08702777381778487,3.0109880162708267,2.3659638671875003,0.6450241490833264
S43A10T05,raw,101,3.3666666666666667,False,True,0.33527543837096835,0.2113771972656251,-0.5987459213067853,-1.2734906005859377,0.6747446792791524,0.3274586896503044,0.24043091583251952,0.08702777381778487,3.0109880162708267,2.3659638671875003,0.6450241490833264
S43A10T05,raw,102,3.4,False,True,0.33527543837096835,0.2113771972656251,-0.5987459213067853,-1.2734906005859377,0.6747446792791524,0.3274586896503044,0.24043091583251952,0.08702777381778487,3.0109880162708267,2.3659638671875003,0.6450241490833264
S43A10T05,raw,103,3.433333333333333,False,False,0.3435693165504687,0.20758642578125008,-0.5971993509735478,-1.261354248046875,0.6641548970733271,0.3096756065484866,0.2001245574951172,0.10955104905336938,2.989648574604907,2.3750950927734378,0.6145534818314693
S43A10T05,raw,104,3.466666666666667,True,False,0.30775393806956547,0.17667456054687514,-0.5956490581298606,-1.2489859619140624,0.6533369037842018,0.2633269139933391,0.13572167205810548,0.1276052419352336,3.0037887800055296,2.3725646972656254,0.6312240827399043
S43A10T05,raw,105,3.5,False,False,0.3347474136056984,0.20745422363281252,-0.6115783113230296,-1.2628196411132813,0.6512413297902516,0.2252699263543681,0.039714400291442874,0.18555552606292522,3.014478419924283,2.4027470703125,0.6117313496117829
S43A10T05,raw,106,3.533333333333333,False,False,0.3481500693058645,0.21687145996093737,-0.6076415586772963,-1.2624570922851563,0.65481553360786,0.19427840383291292,-0.0163028843998909,0.2105812882328038,3.017656667632633,2.4034434814453123,0.6142131861873206
S43A10T05,raw,107,3.566666666666667,False,False,0.35439952360747445,0.21702441406250017,-0.5999599502164163,-1.246409912109375,0.6464499618929587,0.1661898462396802,-0.04988734340667725,0.21607718964635744,3.0165656859470027,2.4218555908203125,0.5947100951266902
S43A10T05,raw,108,3.6,False,False,0.38365596616213965,0.2574063720703126,-0.5912694337653124,-1.231726867675781,0.6404574339104687,0.14033366831759087,-0.10105610275268555,0.24138977107027643,3.0233506980756713,2.4422958984375,0.5810547996381712
S43A10T05,raw,109,3.6333333333333333,False,False,0.36643237703634474,0.23636218261718756,-0.5971285572784976,-1.2195606079101564,0.6224320506316589,0.13244545340488503,-0.14648831176757812,0.27893376517246316,3.0284031931705084,2.4595186767578125,0.5688845164126959
S43A10T05,raw,110,3.6666666666666665,False,False,0.341203454029687,0.2336109619140625,-0.590438026885287,-1.2088265991210938,0.6183885722358068,0.1341291493734071,-0.1550330467224121,0.2891621960958192,3.0268306832941647,2.48074365234375,0.5460870309504147
S43A10T05,raw,111,3.7,True,False,0.40619053790027204,0.27979858398437507,-0.5558781855619117,-1.165990966796875,0.6101127812349634,0.16759777512097285,-0.16998715209960935,0.3375849272205822,3.054030432788977,2.481297607421875,0.572732825367102
S43A10T05,raw,112,3.7333333333333334,False,False,0.3915238264487643,0.2802156982421875,-0.5452382030754983,-1.1404230346679687,0.5951848315924704,0.18271964071798266,-0.18335609436035155,0.36607573507833424,3.042091369773941,2.4993489990234377,0.5427423707505032
S43A10T05,raw,113,3.7666666666666666,False,False,0.3964492129161152,0.27741381835937506,-0.5390430648006259,-1.1140908203125,0.575047755511874,0.21811719549767813,-0.18129478454589842,0.3994119800435766,3.053897171884103,2.5157542724609376,0.5381428994231654
S43A10T05,raw,114,3.8,False,False,0.3603737010422205,0.24062066650390612,-0.5370293192581468,-1.1234397888183594,0.5864104695602126,0.23018560413041844,-0.17646169281005858,0.406647296940477,3.039550009879289,2.5458183593749997,0.49373165050428947
S43A10T05,raw,115,3.8333333333333335,True,False,0.30618029978307115,0.20723999023437512,-0.5387358627154553,-1.1618688964843749,0.6231330337689196,0.2677456351256398,-0.1530737533569336,0.4208193884825734,3.051996689312941,2.572927856445313,0.479068832867628
S43A10T05,raw,116,3.8666666666666667,True,False,0.45927994955736196,0.351478515625,-0.6186517580283326,-1.1150061035156251,0.4963543454872925,0.3039156637936307,-0.060253696441650385,0.3641693602352811,3.0096444205491206,2.5213323974609376,0.488312023088183
S43A10T05,raw,117,3.9,True,False,0.47870654496598286,0.35469189453125016,-0.5264946453548238,-1.1330745849609374,0.6065799396061136,0.30334756490636344,0.02767977714538574,0.2756677877609777,3.0796274966134356,2.4902677001953126,0.589359796418123
S43A10T05,raw,118,3.933333333333333,False,False,0.4822096125616991,0.3431769409179689,-0.4888495235721085,-1.1440021057128906,0.6551525821407822,0.30350256012630544,0.12050590133666991,0.18299665878963553,3.0728591117129826,2.4659544677734377,0.6069046439395449
S43A10T05,raw,119,3.966666666666667,True,False,0.22570095390673256,0.15329333496093756,-0.48031771019120284,-1.1099575805664061,0.6296398703752033,0.3060114786629821,0.20854159545898437,0.09746988320399774,3.064532931124592,2.3995733642578125,0.6649595668667794
S43A10T05,raw,120,4.0,False,False,0.27012626298422054,0.21016137695312498,-0.49520007054248366,-1.1184775390625001,0.6232774685200164,0.3098454712101904,0.268707649230957,0.04113782197923338,3.0395934101076083,2.3622139892578122,0.6773794208497961
S43A10T05,raw,121,4.033333333333333,True,False,0.22023075586943483,0.05956213378906239,-0.529118539947561,-1.263937438964844,0.7348188990172829,0.3066416596578005,0.41133102416992184,-0.10468936451212135,3.0330840068103,2.46376708984375,0.56931691696655
S43A10T05,raw,122,4.066666666666666,True,False,0.1016858799400486,0.09657464599609389,-0.5044673051106657,-1.0485737609863282,0.5441064558756624,0.37483051584876115,0.5807410583496094,-0.20591054250084828,2.986989748103502,2.1820289306640626,0.8049608174394396
S43A10T05,raw,123,4.1,True,False,0.4072881436076825,0.2709957275390624,-0.544186501782595,-1.1972186889648437,0.6530321871822488,0.34931505327795975,0.5402693176269531,-0.19095426434899332,3.0322893640646638,2.4206248779296873,0.6116644861349765
S43A10T05,raw,124,4.133333333333334,True,False,0.39476631108784344,0.27353857421874994,-0.5768826979438804,-1.24567138671875,0.6687886887748697,0.35464681416269445,0.5155687255859376,-0.16092191142324314,3.0218412307509754,2.3863460693359375,0.6354951614150379
S43A10T05,raw,125,4.166666666666667,False,False,0.4113253758112372,0.29009228515624996,-0.5731792500490097,-1.2386070556640627,0.665427805615053,0.34494008587193087,0.46337554931640634,-0.11843546344447548,3.023722927679229,2.3724791259765627,0.651243801702666
S43A10T05,raw,126,4.2,False,False,0.4257955438479103,0.3008477783203125,-0.573439262145347,-1.2465792846679689,0.6731400225226218,0.3484316307810519,0.4178929443359375,-0.0694613135548856,3.018442021230639,2.373114013671875,0.645328007558764
S43A10T05,raw,127,4.233333333333333,False,False,0.43212270090995647,0.2977615966796876,-0.5700293322734477,-1.2431364135742187,0.673107081300771,0.3503500191249863,0.37664990234375,-0.026299883218763698,3.020655419114904,2.381236083984375,0.6394193351305293
S43A10T05,raw,128,4.266666666666667,True,False,0.25160438356578463,0.16519396972656253,-0.5349612477833932,-1.1080164184570314,0.5730551706736382,0.36334249653794015,0.36766287231445316,-0.004320375776513008,3.0121614856487504,2.4651214599609377,0.5470400256878127
S43A10T05,raw,129,4.3,True,False,0.18958862131557208,0.1354429931640626,-0.5297053088331446,-1.1442561645507814,0.6145508557176368,0.372806173019885,0.36361322021484377,0.009192952805041232,3.0000118587489757,2.4363153076171873,0.5636965511317884
S43A10T05,raw,130,4.333333333333333,True,False,0.0527437839393936,0.047517639160156167,-0.48962830541406566,-1.0355608825683595,0.5459325771542939,0.3844069840549796,0.3507471694946289,0.033659814560350665,2.9610568767812473,2.2109709472656247,0.7500859295156226
S43A10T05,raw,131,4.366666666666666,False,False,0.10744928914653175,0.0881295776367188,-0.48411796050564254,-1.0074491271972656,0.5233311666916232,0.3791373737773598,0.3504761505126953,0.02866122326466447,2.9517696608942585,2.1824355468750003,0.7693341140192582
S43A10T05,raw,132,4.4,False,False,0.15116098602136788,0.12578894042968758,-0.48259554484792294,-0.9876911010742189,0.505095556226296,0.3782127303998863,0.3549352035522461,0.023277526847640173,2.9502915493727158,2.171765747070313,0.7785258023024029
S43A10T05,raw,133,4.433333333333334,False,False,0.20542564177430855,0.182567626953125,-0.48037663573844624,-0.9855521240234375,0.5051754882849913,0.3760934928590127,0.39346902465820316,-0.017375531799190436,2.9507058963236505,2.1370926513671877,0.8136132449564628
S43A10T05,raw,134,4.466666666666667,True,False,0.017936703958774704,0.003100219726562603,-0.5131976833525732,-1.0428034057617188,0.5296057224091456,0.36318060687448167,0.3276169586181641,0.03556364825631758,2.9690554531614883,2.199261596679688,0.7697938564818005
S43A10T05,raw,135,4.5,False,False,0.09472367659793653,0.08406903076171868,-0.49285388741331776,-0.9977428283691406,0.5048889409558228,0.362199562410397,0.41498475646972655,-0.05278519405932952,2.952915322786171,2.1607861328125,0.7921291899736711
S43A10T05,raw,136,4.533333333333333,False,False,0.13863462977279714,0.12152569580078132,-0.47576418504035706,-0.9785331726074219,0.5027689875670649,0.37670080643926723,0.4625637664794922,-0.08586296004022498,2.938026657604096,2.1537021484375,0.7843245091665958
S43A10T05,raw,137,4.566666666666666,False,False,0.18642120684491267,0.15925524902343757,-0.47528699307295197,-0.9618355102539063,0.4865485171809544,0.37261344201943286,0.5337204437255859,-0.16110700170615305,2.9447444255768644,2.162399169921875,0.7823452556549895
S43A10T05,raw,138,4.6,False,False,0.3001699241260848,0.2606774902343748,-0.4735256926584099,-1.0341726074218751,0.5606469147634652,0.3832991920469055,0.5454327697753907,-0.1621335777284852,2.9450154596966627,2.1945527343749998,0.7504627253216629
S43A10T05,raw,139,4.633333333333334,True,False,0.5846783331253131,0.4057053833007812,-0.5063102848445794,-1.141348358154297,0.6350380733097175,0.36403938184998064,0.5188747863769532,-0.15483540452697253,2.9858075582049275,2.3728599853515626,0.6129475728533649
S43A10T05,raw,140,4.666666666666667,False,False,0.4554064462301133,0.29713208007812497,-0.5332299696277683,-1.22299951171875,0.6897695420909817,0.361847725272471,0.5085731964111329,-0.14672547113866186,3.0017204480688644,2.395687255859375,0.6060331922094893
S43A10T05,raw,141,4.7,False,False,0.36797473766171,0.24214416503906255,-0.5464325864368093,-1.2297258911132813,0.6832933046764721,0.36303002047638366,0.46841673278808593,-0.10538671231170227,2.994904653880257,2.4202689208984376,0.5746357329818195
S43A10T05,raw,142,4.733333333333333,False,False,0.3701211281486627,0.2436484375000001,-0.5464386985508857,-1.229065185546875,0.6826264869959894,0.36297336725104956,0.4673739318847656,-0.10440056463371605,2.994860499457368,2.41938037109375,0.5754801283636182
S43A10T05,raw,143,4.766666666666667,False,False,0.4140382619545359,0.28789270019531243,-0.5556530422421527,-1.2297459106445312,0.6740928684023785,0.36019498184133925,0.4351543273925781,-0.07495934555123884,2.9967690967259224,2.3926115722656247,0.6041575244602977
S43A10T05,raw,144,4.8,False,False,0.3888199539445052,0.2618403320312499,-0.5581507037099466,-1.2539716796875,0.6958209759775534,0.3615006181861066,0.4280145416259766,-0.06651392343986995,2.9874185699506137,2.39696044921875,0.5904581207318635
S43A10T05,raw,145,4.833333333333333,False,False,0.42417708122535785,0.27863659667968754,-0.5781331464210212,-1.2732887573242189,0.6951556109031977,0.36421327157959893,0.3692888946533203,-0.005075623073721391,2.980830126880798,2.359745849609375,0.6210842772714229
S43A10T05,raw,146,4.866666666666666,False,False,0.4279933384980343,0.27517089843749987,-0.5743731413142709,-1.281997314453125,0.7076241731388541,0.3566994733083355,0.3608107604980469,-0.004111287189711377,2.9813471909219538,2.3457708740234375,0.6355763168985162
S43A10T05,raw,147,4.9,False,False,0.4367742191029789,0.2761689453125,-0.5718832889058645,-1.2784676513671875,0.7065843624613231,0.3561888184417212,0.35486453247070315,0.0013242859710180244,2.986052472475094,2.3521822509765626,0.6338702214985314
S43A10T05,raw,148,4.933333333333334,False,False,0.39927009451260825,0.26722204589843757,-0.5513656788108301,-1.2298057250976564,0.6784400462868263,0.359239589338754,0.3640214233398438,-0.00478183400108978,2.98132013276375,2.379874755859375,0.6014453769043748
S43A10T05,raw,149,4.966666666666667,False,False,0.39972364195294774,0.2675831298828124,-0.5515603610629576,-1.2310691528320312,0.6795087917690736,0.35953534024145134,0.3668759613037109,-0.007340621062259578,2.981275130873996,2.3809345703125,0.600340560561496
S43A10T05,raw,150,5.0,True,False,0.37426543197171797,0.24172888183593755,-0.5645619833297316,-1.2418949584960939,0.6773329751663623,0.3675173587263413,0.37840885925292966,-0.010891500526588382,2.960753896100636,2.4141383056640624,0.5466155904365735
S43A10T05,raw,151,5.033333333333333,False,False,0.381792827400939,0.24518493652343754,-0.5402894157988765,-1.2499270629882813,0.7096376471894048,0.3624119338603759,0.4388696746826172,-0.07645774082224127,2.9807919086765318,2.4020953369140625,0.5786965717624692
S43A10T05,raw,152,5.066666666666666,False,True,0.381792827400939,0.24518493652343754,-0.5402894157988765,-1.2499270629882813,0.7096376471894048,0.3624119338603759,0.4388696746826172,-0.07645774082224127,2.9807919086765318,2.4020953369140625,0.5786965717624692
S43A10T05,raw,153,5.1,False,False,0.38179390994741885,0.24518225097656243,-0.5402872693791999,-1.2499193725585938,0.7096321031793938,0.36241714179219475,0.4388903503417969,-0.07647320854960216,2.9807970459868254,2.402107421875,0.5786896241118256
S43A10T05,raw,154,5.133333333333334,True,False,0.37839680035269346,0.2375772705078123,-0.5373720279710414,-1.1841415405273437,0.6467695125563022,0.3558212303392252,0.46574186706542975,-0.10992063672620456,3.001285523370462,2.4361496582031252,0.5651358651673366
S43A10T05,raw,155,5.166666666666667,False,False,0.3709993484320566,0.2192192382812499,-0.5417733793404622,-1.19717138671875,0.6553980073782877,0.35613639442354833,0.4553494873046875,-0.09921309288113916,2.998367171207864,2.439208618164063,0.559158553043801
S43A10T05,raw,156,5.2,True,False,0.40856334975590297,0.25608081054687504,-0.5463069694958517,-1.2214078369140626,0.675100867418211,0.36159727833232713,0.5055001983642577,-0.14390292003193061,3.0075935297927203,2.3916373291015627,0.6159562006911576
S43A10T05,raw,157,5.233333333333333,False,False,0.40973365270842754,0.26602746582031256,-0.5509709642517088,-1.2340512084960937,0.683080244244385,0.35251105164193147,0.48987149047851564,-0.13736043883658416,3.0001588815442286,2.391058837890625,0.6091000436536036
S43A10T05,raw,158,5.266666666666667,False,False,0.43296720705476727,0.2896459960937501,-0.557892459749575,-1.241906005859375,0.6840135461097999,0.35198561338095213,0.46953477478027345,-0.11754916139932131,2.988512166745352,2.3861484375,0.6023637292453516
S43A10T05,raw,159,5.3,False,False,0.4394214418077844,0.29791345214843745,-0.559023910651468,-1.243683166503906,0.6846592558524381,0.34931440875130804,0.4620067901611328,-0.11269238140982474,2.990070931235189,2.379927978515625,0.6101429527195643
S43A10T05,raw,160,5.333333333333333,False,False,0.4413355018646291,0.30735363769531254,-0.5543263921011651,-1.2412240600585938,0.6868976679574287,0.34835060760667946,0.44595597839355466,-0.0976053707868752,2.993813731111588,2.3846171875,0.609196543611588
S43A10T05,raw,161,5.366666666666666,False,False,0.44016328437881497,0.30642663574218765,-0.5566857955604096,-1.2401718139648437,0.683486018404434,0.34425227936962055,0.44046493530273434,-0.09621265593311379,2.993463606088163,2.384692138671875,0.6087714674162878
S43A10T05,raw,162,5.4,False,True,0.44016328437881497,0.30642663574218765,-0.5566857955604096,-1.2401718139648437,0.683486018404434,0.34425227936962055,0.44046493530273434,-0.09621265593311379,2.993463606088163,2.384692138671875,0.6087714674162878
S43A10T05,raw,163,5.433333333333334,False,False,0.43945129514716785,0.30536462402343756,-0.5572517359240495,-1.2421166381835937,0.6848649022595442,0.341878592953599,0.43875254821777343,-0.09687395526417442,2.992905457285978,2.3845666503906253,0.6083388068953526
S43A10T05,raw,164,5.466666666666667,False,False,0.44514235234398236,0.30235656738281236,-0.5670810251786291,-1.2482975463867187,0.6812165212080896,0.3346373405683662,0.42953434753417974,-0.09489700696581355,2.994663384706713,2.3804925537109374,0.6141708309957754
S43A10T05,raw,165,5.5,False,False,0.4588835528204718,0.3020841064453126,-0.5783176056824267,-1.2520313110351564,0.6737137053527297,0.3265694472549185,0.40961256408691404,-0.08304311683199556,2.99890638932276,2.3701054687500003,0.6288009205727598
S43A10T05,raw,166,5.533333333333333,False,False,0.4573970193507493,0.30200585937500013,-0.5858387254680618,-1.2628104248046874,0.6769716993366256,0.31595032331942974,0.4012477416992188,-0.08529741837978905,3.003444162159522,2.3544251708984376,0.6490189912610842
S43A10T05,raw,167,5.566666666666666,False,False,0.416783762702027,0.2750826416015626,-0.5872532816724755,-1.260735290527344,0.6734820088548684,0.30910617343713315,0.39077885437011717,-0.08167268093298402,3.0001642528144274,2.3579239501953126,0.6422403026191148
S43A10T05,raw,168,5.6,False,False,0.3642477401226876,0.23420336914062512,-0.5883599973286502,-1.257450927734375,0.6690909304057249,0.30241340997634125,0.37977626037597656,-0.07736285039963531,2.9977343557638525,2.36532080078125,0.6324135549826027
S43A10T05,raw,169,5.633333333333334,False,False,0.31817096818186724,0.20606518554687492,-0.5934482177441008,-1.25143310546875,0.6579848877246491,0.2974418475655055,0.3664097137451172,-0.0689678661796117,2.9989922732736263,2.361807250976563,0.6371850222970634
S43A10T05,raw,170,5.666666666666667,False,False,0.28056607802196903,0.18865075683593746,-0.5996705910440348,-1.2561618041992189,0.6564912131551841,0.2931124972670204,0.3528099060058594,-0.059697408738839,2.990761504155621,2.359230224609375,0.631531279546246
S43A10T05,raw,171,5.7,False,False,0.2764433930209249,0.1800030517578124,-0.606086597834605,-1.2643965454101562,0.6583099475755513,0.28744895365704626,0.34082568359375,-0.053376729936703726,2.986174073358929,2.367425048828125,0.6187490245308038
S43A10T05,raw,172,5.733333333333333,False,False,0.2219116836238039,0.14779455566406252,-0.603750140864535,-1.2490402221679688,0.6452900813034338,0.27880788420323144,0.3193727569580078,-0.04056487275477638,2.977267765107487,2.3421879882812497,0.6350797768262373
S43A10T05,raw,173,5.766666666666667,False,False,0.2014591816589955,0.13506042480468738,-0.6101128871633514,-1.2481062622070311,0.6379933750436797,0.2763161366534706,0.30136032104492183,-0.02504418439145123,2.97791411726412,2.3452567138671876,0.6326574033969323
S43A10T05,raw,174,5.8,False,False,0.17890946961849982,0.12563793945312507,-0.6172655489131335,-1.2340540771484374,0.616788528235304,0.26798695266206185,0.2730503387451172,-0.0050633860830553434,2.9678163784889526,2.3312078857421876,0.636608492746765
S43A10T05,raw,175,5.833333333333333,False,False,0.16861001251103006,0.11481249999999998,-0.6224841466114172,-1.2199578857421876,0.5974737391307704,0.26660352193799475,0.27064311218261716,-0.004039590244622415,2.959504617394352,2.337109619140625,0.6223949982537271
S43A10T05,raw,176,5.866666666666666,False,False,0.13040128501145984,0.08419177246093756,-0.6198879691998271,-1.2153646850585937,0.5954767158587666,0.27042334871291573,0.32103431701660157,-0.05061096830368583,2.9582121756608326,2.3600059814453127,0.5982061942155199
S43A10T05,raw,177,5.9,False,False,0.11312922940988979,0.05836889648437493,-0.6216055868949163,-1.2186016845703125,0.5969960976753962,0.26122573252144354,0.3372090301513672,-0.07598329762992367,2.9647510285225205,2.3860024414062497,0.5787485871162708
S43A10T05,raw,178,5.933333333333334,False,False,0.0915612680931676,0.035700683593750115,-0.6296869622768223,-1.231480712890625,0.6017937506138028,0.2548453704453464,0.3360894165039062,-0.08124404605855984,2.9728368975651183,2.422611083984375,0.5502258135807434
S43A10T05,raw,179,5.966666666666667,False,False,0.10938459784283137,0.04510217285156237,-0.6320093750772893,-1.2198533325195313,0.587843957442242,0.2428629063727591,0.33457475280761717,-0.09171184643485808,2.969357942141142,2.408316650390625,0.561041291750517
S43A10T05,raw,180,6.0,False,False,0.15158688608993506,0.07528759765624993,-0.6341400289942141,-1.18859814453125,0.5544581155370358,0.23936177130735406,0.32383155822753906,-0.084469786920185,2.959989144079848,2.365499267578125,0.594489876501723
S43A10T05,raw,181,6.033333333333333,False,False,0.08636772837096399,0.02754028320312507,-0.6353625776675155,-1.2018653564453126,0.5665027787777971,0.23775757167539222,0.3215445938110352,-0.08378702213564296,2.954352156510612,2.397927612304688,0.5564245442059241
S43A10T05,raw,182,6.066666666666666,False,False,0.06989513310613711,0.016240478515624934,-0.634410690349484,-1.1964456787109374,0.5620349883614534,0.23624578299640167,0.3257015151977539,-0.08945573220135225,2.9501940451911253,2.405112670898437,0.5450813742926881
S43A10T05,raw,183,6.1,False,False,0.07961354299982991,0.016304931640624964,-0.6330141727521502,-1.1769461669921875,0.5439319942400372,0.23770142131354435,0.32994905853271483,-0.09224763721917048,2.939783064663082,2.3912056884765622,0.5485773761865196
S43A10T05,raw,184,6.133333333333334,True,False,0.1350005733438217,0.13438970947265627,-0.6243386563831425,-1.0694201354980468,0.44508147911490437,0.2346467404404189,0.3592159042358398,-0.12456916379542093,2.9239609471922927,2.32054736328125,0.6034135839110428
S43A10T05,raw,185,6.166666666666667,False,False,0.16922395911931137,0.16922210693359374,-0.6333623259098939,-1.0499748840332033,0.41661255812330933,0.23222386042995838,0.37178657531738285,-0.13956271488742447,2.920661300165901,2.3091370849609376,0.6115242152049634
S43A10T05,raw,186,6.2,False,False,0.1240729648993438,0.06649426269531244,-0.644845853077228,-1.100928527832031,0.45608267475480313,0.22966190481626242,0.3129816741943359,-0.0833197693780735,2.9132727566167897,2.3540802001953125,0.5591925564214772
S43A10T05,raw,187,6.233333333333333,False,False,0.16356730209858494,0.16331616210937505,-0.6547147285596889,-1.0594661865234376,0.4047514579637487,0.225098496685205,0.36497986602783206,-0.13988136934262704,2.893563319407375,2.294403076171875,0.5991602432355001
S43A10T05,raw,188,6.266666666666667,False,False,0.18241730651837582,0.17856829833984378,-0.6604642802561524,-1.0507884826660157,0.3903242024098632,0.22108009173396173,0.36683909606933596,-0.14575900433537423,2.884722675229335,2.2690177001953127,0.6157049750340224
S43A10T05,raw,189,6.3,True,False,0.024566981804587187,0.019176513671874895,-0.6726318213713255,-1.1284459228515624,0.45581410148023693,0.21610405850875714,0.2726682510375976,-0.056564192528840485,2.87150219145773,2.2886619873046876,0.5828402041530425
S43A10T05,raw,190,6.333333333333333,False,False,0.010796389772439777,0.006953735351562296,-0.6755541376760456,-1.1433515014648439,0.4677973637887983,0.2204487824190417,0.2764029846191406,-0.05595420220009889,2.8650700589942195,2.278451416015625,0.5866186429785945
S43A10T05,raw,191,6.366666666666666,False,False,0.0012725279725247219,0.0012554931640624822,-0.6816399400468302,-1.1393706665039063,0.45773072645707613,0.22405064740706507,0.2841718902587891,-0.060121242851724016,2.861645318644175,2.2612419433593747,0.6004033752848001
S43A10T05,raw,192,6.4,False,False,0.016312713342583253,0.015459594726562553,-0.6891875842182266,-1.1452433471679688,0.45605576294974226,0.22540545694418543,0.29856889343261717,-0.07316343648843174,2.8585075161155618,2.2570382080078124,0.6014693081077493
S43A10T05,raw,193,6.433333333333334,False,False,0.0245042751338611,0.02323681640624997,-0.7002207301276228,-1.1398658447265626,0.43964511459893985,0.23634064669720303,0.33482452392578127,-0.09848387722857824,2.8547799230995765,2.2546225585937503,0.6001573645058262
S43A10T05,raw,194,6.466666666666667,False,False,0.027414357846915042,0.024925659179687587,-0.7049590245296697,-1.1288391723632811,0.4238801478336114,0.23232218482353464,0.3868354034423828,-0.15451321861884817,2.8535254678789412,2.270812255859375,0.5827132120195664
S43A10T05,raw,195,6.5,True,False,0.2234606484442719,0.13883459472656257,-0.7213771197799541,-1.1761030883789063,0.4547259685989522,0.24109599868793546,0.425161605834961,-0.18406560714702552,2.8551795625456347,2.3774906005859373,0.47768896195969734
S43A10T05,raw,196,6.533333333333333,False,False,0.37689088331166015,0.20655419921875007,-0.7306487217273633,-1.2046082763671875,0.4739595546398242,0.24115449933768943,0.4417851257324219,-0.20063062639473248,2.844028813120306,2.457649536132813,0.3863792769874932
S43A10T05,raw,197,6.566666666666666,False,False,0.3835805877187088,0.21714965820312515,-0.754631437119243,-1.213186767578125,0.45855533045888197,0.24058884330282523,0.45186064147949223,-0.211271798176667,2.837297571994046,2.459154541015625,0.37814303097842084
S43A10T05,raw,198,6.6,False,False,0.42665042439433787,0.23649743652343735,-0.767088195736988,-1.2266934204101563,0.4596052246731682,0.2384600715155513,0.4845364379882813,-0.24607636647272998,2.8140615342017354,2.48135302734375,0.3327085068579856
S43A10T05,raw,199,6.633333333333334,False,False,0.4359453730171861,0.23633459472656249,-0.7751951239251011,-1.2288937377929687,0.4536986138678676,0.23937050043924596,0.4924801025390625,-0.25310960209981653,2.8043965062932226,2.494493041992188,0.30990346430103477
S43A10T05,raw,200,6.666666666666667,True,False,0.40276387401995944,0.21872778320312491,-0.7884544265927496,-1.2228189697265626,0.434364543133813,0.23405075697131922,0.5136284942626953,-0.2795777372913761,2.7841198791829864,2.4899266357421874,0.294193243440799
S43A10T05,raw,201,6.7,False,False,0.40617930056658874,0.22253210449218752,-0.7956817066645434,-1.2211311645507812,0.4254494578862378,0.23175634286979055,0.5417716674804688,-0.31001532461067827,2.7749464054452466,2.4929564208984374,0.28198998454680924
S43A10T05,raw,202,6.733333333333333,False,False,0.40129868094911963,0.22331445312499998,-0.8036310917260536,-1.2176658935546876,0.41403480182863395,0.23067018732216432,0.5549248657226562,-0.3242546784004919,2.7539687389152885,2.4860133056640628,0.2679554332512257
S43A10T05,raw,203,6.766666666666667,True,False,0.42598644903914146,0.2318577880859376,-0.8185982225294746,-1.2148593139648438,0.39626109143536925,0.227070338893902,0.577562469482422,-0.35049213058851997,2.754568915849393,2.487496337890625,0.26707257795876815
S43A10T05,raw,204,6.8,False,False,0.39723138230104665,0.2290633544921874,-0.8234845462269299,-1.2176975708007811,0.3942130245738512,0.22553735832355573,0.5909727478027345,-0.36543538947917875,2.7486325986570046,2.4680681152343746,0.28056448342262996
S43A10T05,raw,205,6.833333333333333,False,False,0.3339005020503926,0.22678308105468759,-0.8321900192256141,-1.1949286499023437,0.3627386306767296,0.2186055415986382,0.6077822265624999,-0.3891766849638617,2.730351966837411,2.4208427734375,0.309509193399911
S43A10T05,raw,206,6.866666666666666,False,False,0.3399878940744869,0.22031359863281264,-0.8421380206474907,-1.1904888305664063,0.34835080991891565,0.21883502277499806,0.6151994934082031,-0.39636447063320507,2.7182348194627135,2.426215087890625,0.2920197315720885
S43A10T05,raw,207,6.9,False,False,0.2880816734917291,0.19143469238281252,-0.8512393344779804,-1.1851609497070312,0.33392161522905084,0.21653383610665375,0.6243991394042969,-0.40786530329764314,2.71418995417242,2.4030689697265624,0.31112098444585756
S43A10T05,raw,208,6.933333333333334,False,False,0.2835308400201551,0.19860632324218752,-0.8722617478363586,-1.1706577758789063,0.2983960280425477,0.21238840096444161,0.6410658569335939,-0.42867745596915224,2.6987495956134877,2.3955064697265627,0.30324312588692504
S43A10T05,raw,209,6.966666666666667,False,False,0.2836470848138921,0.20110656738281252,-0.886058724584292,-1.1736834106445313,0.2876246860602393,0.2108819304781755,0.6583500061035157,-0.4474680756253402,2.6917542588347074,2.3862630615234375,0.30549119731126995
S43A10T05,raw,210,7.0,False,False,0.2926189663566496,0.20276086425781248,-0.8967675740887372,-1.1799430541992189,0.28317548011048166,0.21069658611182424,0.6832861022949219,-0.4725895161830977,2.6782543303084267,2.3809473876953122,0.2973069426131145
S43A10T05,raw,211,7.033333333333333,False,False,0.2743820806129509,0.18939990234375004,-0.9066819122636128,-1.1822178955078124,0.2755359832441996,0.2174537476180697,0.7015766601562501,-0.4841229125381804,2.672410607869791,2.3748402099609374,0.29757039790885376
S43A10T05,raw,212,7.066666666666666,False,False,0.2756178258175205,0.19012597656249985,-0.9278070323553158,-1.1767568359375,0.24894980358218421,0.20799775484885852,0.7112575073242188,-0.5032597524753603,2.65697767695021,2.371067260742188,0.28591041620802216
S43A10T05,raw,213,7.1,False,False,0.2675268154012912,0.17432739257812502,-0.9410052629185476,-1.187861083984375,0.24685582106582749,0.2082698704835062,0.720763671875,-0.5124938013914938,2.6339459939794176,2.3775401611328126,0.256405832846605
S43A10T05,raw,214,7.133333333333334,False,False,0.2769527951856242,0.19199572753906247,-0.9528688288785849,-1.184986267089844,0.23211743821125896,0.19974091249815684,0.7266384887695313,-0.5268975762713745,2.622741642561654,2.3634361572265625,0.25930548533509157
S43A10T05,raw,215,7.166666666666667,False,False,0.2793675519085092,0.18407458496093754,-0.9638878554820094,-1.2000083618164061,0.23612050633439674,0.2110673578873765,0.7258721923828125,-0.514804834495436,2.6070766647040005,2.36502734375,0.24204932095400045
S43A10T05,raw,216,7.2,False,False,0.2592939555925585,0.16392590332031243,-0.9756434067944539,-1.2085578002929687,0.23291439349851473,0.21515124490046347,0.7254357604980468,-0.5102845155975834,2.590520928007127,2.3673787841796874,0.22314214382743947
S43A10T05,raw,217,7.233333333333333,False,False,0.24705679928557053,0.17497607421874983,-0.9911838741862127,-1.2146151123046875,0.22343123811847487,0.2062301794440149,0.7231221008300781,-0.5168919213860632,2.5699708910355974,2.362776611328125,0.20719427970747217
S43A10T05,raw,218,7.266666666666667,False,False,0.2813952495896698,0.19433544921875012,-1.0070394014493809,-1.2181041259765624,0.2110647245271815,0.20663491135577608,0.7336160583496094,-0.5269811469938334,2.5531535900785873,2.3612905273437503,0.191863062734837
S43A10T05,raw,219,7.3,False,False,0.3017306679953559,0.21324743652343758,-1.0253199118944767,-1.2113368530273436,0.18601694113286693,0.20188066453865197,0.7446926879882814,-0.5428120234496294,2.5333907348694487,2.3601043701171873,0.17328636475226133
S43A10T05,raw,220,7.333333333333333,False,False,0.27583576097662915,0.20881237792968754,-1.0324684800667911,-1.2205513305664062,0.18808285049961504,0.19346278505481412,0.7436861877441406,-0.5502234026893265,2.52242658437666,2.3675159912109374,0.15491059316572242
S43A10T05,raw,221,7.366666666666666,False,False,0.295039654714489,0.22426721191406251,-1.0447470930826956,-1.2207120971679688,0.17596500408527316,0.18551328531984196,0.7477615966796876,-0.5622483113598455,2.504044743689369,2.3624029541015625,0.1416417895878066
S43A10T05,raw,222,7.4,False,False,0.2537729941966594,0.19164733886718754,-1.055891189641425,-1.2253828735351564,0.16949168389373148,0.17062802216667666,0.7395173950195313,-0.5688893728528546,2.494711575195835,2.37016455078125,0.1245470244145852
S43A10T05,raw,223,7.433333333333334,False,False,0.2900191804799608,0.2057081298828125,-1.0589355336205175,-1.2188795776367187,0.15994404401620121,0.15963716637899875,0.759554931640625,-0.5999177652616263,2.488752399429611,2.3616877441406254,0.12706465528898558
S43A10T05,raw,224,7.466666666666667,False,False,0.30899660115567884,0.2198654785156251,-1.0631465578101855,-1.2293717041015624,0.16622514629137686,0.15391504767391018,0.7620141906738281,-0.608099142999918,2.479163344049908,2.3760306396484374,0.10313270440147049
S43A10T05,raw,225,7.5,False,False,0.29788545956618934,0.21218408203124994,-1.0697037421342575,-1.2206424560546876,0.15093871392043012,0.1345521369146962,0.7633433227539063,-0.6287911858392101,2.4727052515165195,2.3652197265624997,0.10748552495401986
S43A10T05,raw,226,7.533333333333333,False,False,0.3186095492836881,0.2199719238281248,-1.0712110953524676,-1.229244873046875,0.1580337776944074,0.11243799731605057,0.7670574340820313,-0.6546194367659808,2.4702063700461894,2.374794921875,0.0954114481711894
S43A10T05,raw,227,7.566666666666666,False,False,0.30648328314136253,0.2215607910156252,-1.071572866521147,-1.2310106201171875,0.1594377535960405,0.10114340705507606,0.7558278503417969,-0.6546844432867208,2.464032333522933,2.363983154296875,0.10004917922605783
S43A10T05,raw,228,7.6,False,False,0.27515301054718844,0.20431970214843753,-1.0797236572338913,-1.2179175415039063,0.138193884270015,0.06757783138655189,0.7392131958007813,-0.6716353644142293,2.4662414997007907,2.3430239257812504,0.12321757391954025
S43A10T05,raw,229,7.633333333333334,False,False,0.290491831473408,0.20689599609374998,-1.0833165240409652,-1.2230738525390625,0.1397573284980973,0.041522578126467084,0.7349547119140625,-0.6934321337875954,2.465811758754601,2.34742333984375,0.11838841891085083
S43A10T05,raw,230,7.666666666666667,False,False,0.2711184575769997,0.1926090087890624,-1.087255121576364,-1.2211640014648437,0.13390887988847977,0.01678031946538371,0.7332550048828125,-0.7164746854174288,2.4694930380906643,2.33904931640625,0.13044372168441454
S43A10T05,raw,231,7.7,False,False,0.28181027450801627,0.19559594726562501,-1.0897126032591693,-1.2226861572265626,0.1329735539673933,0.008072886506473014,0.7346647338867187,-0.7265918473802457,2.469479755938514,2.34203759765625,0.12744215828226402
S43A10T05,raw,232,7.733333333333333,True,False,0.28451522230710774,0.19090954589843734,-1.0979664423417086,-1.2193446655273439,0.12137822318563529,-0.026217250912106672,0.7464171447753907,-0.7726343956874974,2.4587458432573825,2.348908447265625,0.10983739599175735
S43A10T05,raw,233,7.766666666666667,False,False,0.274445819455657,0.18896057128906252,-1.1018848496005471,-1.2157666625976562,0.11388181299710909,-0.044435113822659814,0.7533647766113282,-0.797799890433988,2.4511188077365937,2.347636962890625,0.10348184484596867
S43A10T05,raw,234,7.8,False,False,0.29913376947359627,0.2051166992187501,-1.1056247477964214,-1.2187366943359375,0.11311194653951606,-0.06092878613205935,0.7591032714843751,-0.8200320576164344,2.444321130749032,2.3479044189453124,0.09641671180371958
S43A10T05,raw,235,7.833333333333333,False,False,0.2984736909954611,0.20782397460937507,-1.106576530349732,-1.2194730224609374,0.11289649211120545,-0.08294746262671886,0.7576847229003907,-0.8406321855271095,2.4386355737307426,2.3498017578125,0.08883381591824246
S43A10T05,raw,236,7.866666666666666,False,False,0.3046892273534326,0.20850183105468756,-1.1100200084648566,-1.2092738647460939,0.09925385628123728,-0.097921253199914,0.7660241394042969,-0.8639453926042109,2.4316513577036076,2.3498603515625,0.08179100614110757
S43A10T05,raw,237,7.9,False,False,0.3116437300667242,0.22250976562500013,-1.1191002723339927,-1.211107177734375,0.09200690540038226,-0.11352459972101181,0.7659696044921875,-0.8794942042131993,2.418119766032776,2.3512303466796878,0.06688941935308801
S43A10T05,raw,238,7.933333333333334,False,False,0.3102344350714615,0.21855554199218763,-1.1191654876403156,-1.2102188110351562,0.09105332339484051,-0.12345948063024866,0.7684308471679687,-0.8918903277982174,2.4130107827179983,2.350586181640625,0.06242460107737324
S43A10T05,raw,239,7.966666666666667,False,False,0.32014853792422404,0.22993859863281263,-1.119364278996646,-1.2051016235351564,0.08573734453851034,-0.1348040685250313,0.7666808166503907,-0.901484885175422,2.408856746557986,2.349884155273438,0.05897259128454824
S43A10T05,raw,240,8.0,False,False,0.31787721319008033,0.22570837402343757,-1.117747064792862,-1.2041046752929687,0.08635761050010671,-0.13950310363255242,0.7660926513671875,-0.90559575499974,2.407890112333646,2.350551513671875,0.057338598661770934
S43A10T05,raw,241,8.033333333333333,False,False,0.3155545179746464,0.22437365722656266,-1.1213751415592317,-1.1982688598632811,0.07689371830404945,-0.15860505103390657,0.7687676086425781,-0.9273726596764846,2.406285580191442,2.351090576171875,0.05519500401956723
S43A10T05,filtered,0,0.0,False,False,0.3080425038443602,0.2444413572588955,-1.2526348274119679,-1.2334309559355914,-0.019203871476376477,-0.1812851007833286,0.7532397389309472,-0.9345248397142758,2.2973928128412138,2.266949814692135,0.030442998149078804
S43A10T05,filtered,1,0.03333333333333333,False,False,0.3078512444395919,0.24466594008309683,-1.2527399976402185,-1.2340605421582542,-0.018679455481964258,-0.18141531048213427,0.7528318553226355,-0.9342471658047697,2.2972310347966194,2.266303817482981,0.030927217313638344
S43A10T05,filtered,2,0.06666666666666667,False,False,0.30770868528031287,0.24492704937966048,-1.2528507035255205,-1.2346688855246781,-0.018181818000842398,-0.18155197003927964,0.7523681210137639,-0.9339200910530436,2.2970724699414533,2.26563317867374,0.031439291267713276
S43A10T05,filtered,3,0.1,False,False,0.3076376433893935,0.2452626069968078,-1.2529741318002403,-1.2352324686634286,-0.01774166313681169,-0.1817020094969836,0.7518255910375522,-0.9335276005345358,2.296919820792417,2.2649270966683517,0.0319927241240654
S43A10T05,filtered,4,0.13333333333333333,False,False,0.30765315124355974,0.24570094686338106,-1.2531157934255293,-1.2357308232118607,-0.017384970213668582,-0.18187095441791015,0.7511890145854663,-0.9330599690033764,2.296775309984281,2.264178896734522,0.03259641324975915
S43A10T05,filtered,5,0.16666666666666666,False,False,0.30776034153189324,0.24625760191249402,-1.2532788990820896,-1.2361478251953741,-0.01713107388671542,-0.18206229241977764,0.750453255405819,-0.9325155478255966,2.2966408253245247,2.2633873160969884,0.03325350922753634
S43A10T05,filtered,6,0.2,False,False,0.3079534845214128,0.24693365064510697,-1.2534639865998156,-1.2364726245795352,-0.0169913620202804,-0.18227700905760952,0.7496248666930059,-0.9319018757506154,2.2965181210039973,2.2625573399997907,0.03396078100420663
S43A10T05,filtered,7,0.23333333333333334,False,False,0.30821629628156355,0.24771577560208602,-1.2536688320803695,-1.2367001510756268,-0.01696868100474269,-0.1825133347074984,0.748722625094082,-0.9312359598015805,2.296409046054257,2.2617004943221426,0.0347085517321144
S43A10T05,filtered,8,0.26666666666666666,False,False,0.3085234861997708,0.24857797019917682,-1.2538886447685018,-1.2368311785349038,-0.01705746623359805,-0.18276672742387878,0.7477769152527866,-0.9305436426766653,2.2963157654939104,2.260834541830074,0.035481223663836214
S43A10T05,filtered,9,0.3,False,False,0.30884337099763987,0.24948463043721558,-1.2541165144220507,-1.236871968885917,-0.017244545536133637,-0.18303009715568064,0.7468279570502978,-0.9298580542059784,2.296240937073522,2.2599825781099465,0.03625835896357543
S43A10T05,filtered,10,0.3333333333333333,False,False,0.3091412624464567,0.25039460910373035,-1.2543440527376617,-1.2368335505719874,-0.01751050216567429,-0.1832942557660189,0.7459229747792622,-0.929217230545281,2.2961878077574243,2.259171576899093,0.037016230858331056
S43A10T05,filtered,11,0.36666666666666664,False,False,0.3093832485667688,0.2512657107582801,-1.2545621506357152,-1.2367307140465797,-0.01783143658913544,-0.18354855698161984,0.7451125124259959,-0.9286610694076157,2.296160199442033,2.258430489010157,0.03772971043187612
S43A10T05,filtered,12,0.4,False,False,0.3095399431714611,0.252059075927233,-1.2547617632706622,-1.2365808269661689,-0.018180936304493356,-0.18378167287794475,0.7444461928195931,-0.9282278656975379,2.296162362886605,2.2577880492410993,0.0383743136455057
S43A10T05,filtered,13,0.43333333333333335,False,False,0.30958978261121,0.2527429427205976,-1.2549346355071904,-1.236402583237744,-0.01853205226944632,-0.18398244085354543,0.7439682910259352,-0.9279507318794806,2.2961986919291477,2.2572704856694044,0.03892820625974336
S43A10T05,filtered,14,0.4666666666666667,False,False,0.309521502053564,0.25329537444938066,-1.2550738917671451,-1.2362148018378556,-0.01885908992928953,-0.1841407088926974,0.7437135347566036,-0.927854243649301,2.296273305782563,2.256899349584818,0.039373956197744864
S43A10T05,filtered,15,0.5,False,False,0.3093355199164489,0.2537056864077518,-1.255174433771422,-1.2360353823602854,-0.019139051411136476,-0.18424810816631884,0.7437035490011865,-0.9279516571675054,2.2963895241614516,2.25668968687191,0.039699837289541406
S43A10T05,filtered,16,0.5333333333333333,False,False,0.3090440850255437,0.25397447312393995,-1.2552331150483889,-1.2358805045779127,-0.019352610470476206,-0.18429869069368757,0.7439443238917658,-0.9282430145854533,2.296549276596675,2.2566487495108345,0.039900527085840576
S43A10T05,filtered,17,0.5666666666666667,False,False,0.3086701796081492,0.25411230727575496,-1.255248688993966,-1.2357641304550624,-0.01948455853890363,-0.1842893849545447,0.7444250037898197,-0.9287143887443644,2.2967525019702575,2.2567753983496655,0.039977103620592036
S43A10T05,filtered,18,0.6,False,False,0.30824530497055824,0.2541373330397687,-1.255221554511516,-1.2356978320545904,-0.019523722456925574,-0.18422024216989102,0.7451181769786482,-0.9293384191485392,2.296996605495529,2.257060278302667,0.039936327192861665
S43A10T05,filtered,19,0.6333333333333333,False,False,0.3078063911114353,0.25407209388620333,-1.2551533467757914,-1.235690931612576,-0.019462415163215452,-0.1840944678671238,0.7459816997251028,-0.9300761675922266,2.297276046470758,2.257486761395607,0.03978928507515089
S43A10T05,filtered,20,0.6666666666666666,False,False,0.30739215667251485,0.2539400073326683,-1.2550464377995882,-1.235750904836904,-0.01929553296268427,-0.18391825427504843,0.7469619306803392,-0.9308801849553876,2.2975821295007957,2.2580325617273194,0.03954956777347629
S43A10T05,filtered,21,0.7,False,False,0.3070392960063662,0.25376192260995145,-1.2549034202216012,-1.2358839689193453,-0.019019451302255908,-0.18370044606655045,0.7479980989505334,-0.9316985450170838,2.29790306309713,2.258671841680217,0.03923122141691282
S43A10T05,filtered,22,0.7333333333333333,False,False,0.3067788832970734,0.2535531728198188,-1.2547266469617717,-1.236095755705413,-0.01863089125635864,-0.18345208258367549,0.7490273995016079,-0.9324794820852834,2.2982243319270332,2.2593775632162236,0.03884676871080961
S43A10T05,filtered,23,0.7666666666666667,False,False,0.3066333590207141,0.25332146661969435,-1.2545178891058233,-1.2363919597535862,-0.018125929352237113,-0.1831858625921134,0.7499903191865969,-0.9331761817787103,2.2985294029222176,2.2601238029434327,0.0384055999787849
S43A10T05,filtered,24,0.8,False,False,0.306614402809136,0.2530658644008297,-1.2542781558229974,-1.2367788513064344,-0.017499304516563008,-0.1829155727969276,0.750835658474093,-0.9337512312710206,2.2988007527470042,2.2608877525176463,0.03791300022935795
S43A10T05,filtered,25,0.8333333333333334,False,False,0.306721903075871,0.25277696070740086,-1.2540076957146062,-1.2372635552207187,-0.016744140493887505,-0.1826555101914764,0.7515247353482615,-0.9341802455397379,2.299021167778244,2.261651169324257,0.03736999845398703
S43A10T05,filtered,26,0.8666666666666667,False,False,0.3069441158004088,0.2524382594736203,-1.253706172061211,-1.2378540179375608,-0.015852154123650264,-0.18241991345524045,0.7520343389361753,-0.9344542523914158,2.299175231679539,2.2624011220278035,0.036774109651735554
S43A10T05,filtered,27,0.9,False,False,0.3072589753900283,0.25202859326072446,-1.2533729787228962,-1.238558614892916,-0.014814363829980248,-0.18222240359233222,0.7523581327456534,-0.9345805363379857,2.299250884164058,2.263129979925031,0.03612090423902714
S43A10T05,filtered,28,0.9333333333333333,False,False,0.30763639561687317,0.25152531442104276,-1.2530076425316887,-1.2393853895565634,-0.013622252975125315,-0.18207542259523385,0.7525063745189143,-0.9345817971141481,2.2992409117273565,2.2638347065371063,0.03540620519025017
S43A10T05,filtered,29,0.9666666666666667,False,False,0.3080412949180019,0.2509078878911324,-1.2526102448114989,-1.2403409608210851,-0.012269283990413715,-0.18198965439715323,0.7525040000381715,-0.9344936544353247,2.299144220324691,2.2645156166700966,0.034628603654594414
S43A10T05,filtered,30,1.0,False,False,0.30843701163707593,0.2501614545659734,-1.2521817910738466,-1.2414291841144118,-0.010752606959434807,-0.18197341675750497,0.7523872894265223,-0.9343607061840273,2.2989667433293373,2.2651748251590416,0.0337919181702957
S43A10T05,filtered,31,1.0333333333333334,False,False,0.30878874905652054,0.24927992106547658,-1.2517244646984964,-1.2426496975763142,-0.009074767122182248,-0.18203202626601017,0.7521994775896865,-0.9342315038556968,2.2987218564302725,2.265814644561651,0.032907211868621555
S43A10T05,filtered,32,1.0666666666666667,False,False,0.3090667079840855,0.24826817176591853,-1.2512417170244128,-1.24399652081823,-0.007245196206182802,-0.18216715970187383,0.7519857721197503,-0.9341529318216241,2.2984302037983833,2.26643617664408,0.03199402715430333
S43A10T05,filtered,33,1.1,False,False,0.30924861978711915,0.24714309140127,-1.2507381710279661,-1.2454568934322152,-0.005281277595750922,-0.1823762601931057,0.7517882949156305,-0.9341645551087362,2.2981188849226846,2.267038294550991,0.03108059037169353
S43A10T05,filtered,34,1.1333333333333333,False,False,0.30932147333072924,0.24593322307648768,-1.250219345740286,-1.2470105388021353,-0.0032088069381506212,-0.18265206140487367,0.7516414658782995,-0.9342935272831732,2.297820005775043,2.2676171398835248,0.030202865891518105
S43A10T05,filtered,35,1.1666666666666667,False,False,0.3092823210646691,0.24467705165759113,-1.2496912397938214,-1.2486295142527455,-0.0010617255410758641,-0.18298232218640173,0.7515683004528724,-0.9345506226392741,2.297568656967988,2.2681661744062804,0.029402482561707632
S43A10T05,filtered,36,1.2,False,False,0.30913813941231977,0.24342007500396012,-1.2491598403148476,-1.2502787628289456,0.001118922514097953,-0.1833498727677803,0.7515780030751991,-0.9349278758429793,2.2974004398188828,2.268676742536532,0.028723697282350802
S43A10T05,filtered,37,1.2333333333333334,False,False,0.30890479777211416,0.24221098141910669,-1.2486306429589653,-1.2519174195779343,0.003286776618969034,-0.18373306779056023,0.7516651140834587,-0.9353981818740189,2.2973487125742635,2.269139029303115,0.028209683271148478
S43A10T05,filtered,38,1.2666666666666666,False,False,0.30860525569894615,0.24109736820848693,-1.248108275952544,-1.253500852686885,0.005392576734341015,-0.18410671899271663,0.7518103189375219,-0.9359170379302386,2.2974417674928302,2.2695432477239943,0.02789851976883595
S43A10T05,filtered,39,1.3,False,False,0.30826716078561944,0.2401214958276887,-1.247596312651261,-1.2549833448438839,0.007387032192622822,-0.1844435412618101,0.751982867863246,-0.936426409125056,2.2977001702834663,2.2698808650413014,0.027819305242164916
S43A10T05,filtered,40,1.3333333333333333,False,False,0.307920063583616,0.23931656588286288,-1.24709733254621,-1.2563212504308146,0.009223917884604527,-0.18471609233949166,0.7521443945215383,-0.93686048686103,2.298134494037029,2.2701456810035356,0.027988813033493543
S43A10T05,filtered,41,1.3666666666666667,False,False,0.3075925014433835,0.2387039405669762,-1.2466132516005448,-1.2574764063284372,0.010863154727892343,-0.18489912313354548,0.75225377738362,-0.9371529005171655,2.298743660524521,2.270334601836443,0.02840905868807786
S43A10T05,filtered,42,1.4,False,False,0.30730922633165325,0.23829159713762738,-1.2461458936875607,-1.2584195330329666,0.012273639345405929,-0.18497218850881125,0.7522725697737085,-0.9372447582825197,2.2995140653432555,2.270448005721306,0.029066059621949414
S43A10T05,filtered,43,1.4333333333333333,False,False,0.30708885370138383,0.23807395239555285,-1.2456977223383556,-1.2591333409852967,0.013435618646941094,-0.18492230493073047,0.7521704449343047,-0.9370927498650352,2.3004196143235696,2.270489661695985,0.029929952627584466
S43A10T05,filtered,44,1.4666666666666666,False,False,0.3069421803119319,0.2380330214444022,-1.2452726039408888,-1.2596150551149012,0.01434245117401245,-0.184746389395293,0.7519300695343809,-0.9366764589296739,2.3014227417831443,2.270466234268664,0.030956507514480425
S43A10T05,filtered,45,1.5,False,False,0.30687135270757954,0.23814071518837365,-1.244876438087813,-1.2598780882445153,0.015001650156702295,-0.18445318162930088,0.7515508384149383,-0.9360040200442392,2.3024764209072233,2.270386470484432,0.03208995042279117
S43A10T05,filtered,46,1.5333333333333334,False,False,0.30686996809310735,0.23836195183329134,-1.2445174750568755,-1.2599526308656257,0.015435155808750212,-0.18406434574883376,0.751050977146429,-0.9351153228952628,2.3035271156087687,2.270260215299426,0.03326690030934287
S43A10T05,filtered,47,1.5666666666666667,False,False,0.3069240692899298,0.23865817328133665,-1.244206149489375,-1.2598849811078559,0.015678831618480826,-0.18361447405456183,0.7504676450468093,-0.9340821191013711,2.304518562961303,2.2700974275185564,0.03442113544274683
S43A10T05,filtered,48,1.6,False,False,0.30701387630201205,0.2389908250660293,-1.2439542954761051,-1.2597355150228053,0.015781219546700198,-0.18314977776036995,0.7498548428854481,-0.933004620645818,2.3053962158695676,2.269907367885578,0.03548884798398966
S43A10T05,filtered,49,1.6333333333333333,False,False,0.307116000631198,0.2393243789149193,-1.2437736705049638,-1.2595752934467161,0.015801622941752358,-0.18272534749905034,0.7492791350935217,-0.9320044825925721,2.306112117139042,2.2696981024849334,0.03641401465410876
S43A10T05,filtered,50,1.6666666666666667,False,False,0.3072058310272767,0.23962854515524468,-1.2436737997957443,-1.2594814154643774,0.01580761566863309,-0.18240099699493187,0.7488134203187354,-0.9312144173136673,2.306629919722506,2.269476411623102,0.03715350809940432
S43A10T05,filtered,51,1.7,False,False,0.3072597675466903,0.23987942907545845,-1.243659251117353,-1.259531354165005,0.015872103047652075,-0.1822358586253289,0.7485292080003354,-0.9307650666256643,2.30692971682285,2.269248123677873,0.03768159314497721
S43A10T05,filtered,52,1.7333333333333334,False,False,0.307257012130356,0.24005951952814963,-1.243726553407807,-1.2597966380213457,0.01607008461353865,-0.182282067493644,0.7484880621301695,-0.9307701296238136,2.3070123050259914,2.2690188148942116,0.03799349013177977
S43A10T05,filtered,53,1.7666666666666666,False,False,0.30718069009010096,0.2401565462293871,-1.2438610687796905,-1.2603363569780708,0.01647528819838029,-0.18257803471879896,0.7487330362549097,-0.9313110709737087,2.3069024806711016,2.2687947414417073,0.038107739229394255
S43A10T05,filtered,54,1.8,False,False,0.3070181680340355,0.24016138980232338,-1.244034204298761,-1.2611910599510787,0.017156855652317615,-0.18314195141488152,0.7492810270714563,-0.9324229784863378,2.3066509718587658,2.268583811148351,0.038067160710414605
S43A10T05,filtered,55,1.8333333333333333,False,False,0.3067605411149098,0.24006536034890735,-1.2442013949533015,-1.262377653717532,0.018176258764230457,-0.18396626150987733,0.750117001156178,-0.9340832626660553,2.306334643034463,2.2683963695153926,0.03793827351907053
S43A10T05,filtered,56,1.8666666666666667,False,False,0.3064013783597838,0.23985726117200556,-1.244301291546085,-1.2638858987669932,0.019584607220908268,-0.18501387445199455,0.7511909876983167,-0.9362048621503113,2.306054681599815,2.2682455748888106,0.03780910671100424
S43A10T05,filtered,57,1.9,False,False,0.30593493017615814,0.23952071074644454,-1.2442565385868847,-1.2656770175856047,0.021420478998720016,-0.1862168420347521,0.7524185721526839,-0.938635414187436,2.305932589497497,2.2681471734427747,0.03778541605472219
S43A10T05,filtered,58,1.9333333333333333,False,False,0.30535410361722165,0.23903219787566465,-1.2439764234254231,-1.2676847841711814,0.023708360745758217,-0.18747808737985366,0.7536853712076517,-0.9411634585875053,2.306103956495098,2.2681185533847046,0.037985403110393445
S43A10T05,filtered,59,1.9666666666666666,False,False,0.3046485801760591,0.23836028677138787,-1.243361519930315,-1.2698192574051985,0.026457737474883558,-0.18867654733219133,0.754855627054124,-0.9435321743863153,2.306710180630189,2.268177052440082,0.03853312819010668
S43A10T05,filtered,60,2.0,False,False,0.30380346714497497,0.2374662715135143,-1.242310245368663,-1.2719730702347307,0.02966282486606775,-0.18967578090248596,0.7557846475946284,-0.9454604284971143,2.3078885143829835,2.2683376025838093,0.03955091179917414
S43A10T05,filtered,61,2.033333333333333,False,False,0.3027988209827482,0.2363064112187636,-1.2407270118932414,-1.2740299135303421,0.0333029016371007,-0.19033572538784926,0.7563343685717365,-0.9466700939595858,2.309761036714022,2.2686099082528557,0.04115112846116631
S43A10T05,filtered,62,2.066666666666667,False,False,0.3016102567858779,0.2348356738059878,-1.2385314047263063,-1.2758745856402323,0.037343180913925966,-0.190526878243149,0.756390863010132,-0.946917741253281,2.3124233606626468,2.2689954551310816,0.04342790553156517
S43A10T05,filtered,63,2.1,False,False,0.3002106778779715,0.2330126993364996,-1.235667583480086,-1.2774037470312591,0.041736163551173044,-0.19014578539834043,0.7558822196788769,-0.9460280050772174,2.315934060189712,2.269484722782167,0.04644933740754498
S43A10T05,filtered,64,2.1333333333333333,False,False,0.298572958389117,0.2308054898087053,-1.2321129100849793,-1.278536355174763,0.0464234450897838,-0.18913037038754743,0.7547949060416004,-0.9439252764291478,2.320305913779949,2.270055014455691,0.05025089932425786
S43A10T05,filtered,65,2.1666666666666665,False,False,0.2966732352506306,0.2281971692317024,-1.227884686292626,-1.2792226854243642,0.0513379991317382,-0.18747339040835523,0.7531865718008903,-0.9406599622092455,2.3255000927290443,2.2706693128003232,0.054830779928721096
S43A10T05,filtered,66,2.2,False,False,0.2944943581784456,0.22519106294105962,-1.2230438632916834,-1.2794508883747617,0.05640702508307838,-0.1852321995202024,0.7511932793162024,-0.9364254788364048,2.3314243495815736,2.271276516532089,0.06014783304948468
S43A10T05,filtered,67,2.2333333333333334,False,False,0.2920290349288763,0.2218143407814619,-1.217694687680352,-1.2792502005426658,0.061555512862313755,-0.1825330716027932,0.7490293967661517,-0.9315624683689449,2.337936073879537,2.2718133108712237,0.06612276300831343
S43A10T05,filtered,68,2.2666666666666666,False,False,0.2892822960521093,0.21811956816694456,-1.2119794847322725,-1.2786902065127257,0.06671072178045323,-0.17956860868825716,0.7469788701955657,-0.9265474788838229,2.3448507744307148,2.272207779856222,0.07264299457449264
S43A10T05,filtered,69,2.3,False,False,0.2862730611358939,0.21418371210806897,-1.2060681516473148,-1.2778759259170127,0.07180777426969787,-0.17658723768415127,0.7453772891062853,-0.9219645267904366,2.351956127578361,2.27238469285319,0.07957143472517103
S43A10T05,filtered,70,2.3333333333333335,False,False,0.2830347673149614,0.21010444013635854,-1.200142424769327,-1.2769389339201216,0.0767965091507945,-0.17387446245346733,0.7445850375156138,-0.9184594999690812,2.3590312206679567,2.272272206362433,0.08675901430552369
S43A10T05,filtered,71,2.3666666666666667,False,False,0.2796151636906207,0.20599389665429557,-1.1943755630611608,-1.2760251754117673,0.08164961235060653,-0.1717263478692477,0.7449528112199291,-0.9166791590891767,2.3658700539445614,2.2718095339987276,0.09406051994583375
S43A10T05,filtered,72,2.4,False,False,0.2760754383745476,0.2019704982285031,-1.188908706544796,-1.2752805507778247,0.08637184423302857,-0.17041660503465497,0.7467817905344859,-0.9171983955691408,2.372307789660654,2.270954971859242,0.10135281780141181
S43A10T05,filtered,73,2.433333333333333,False,False,0.27248881602016967,0.1981496034409771,-1.1838257604941007,-1.2748356833710248,0.09100992287692411,-0.17015954115969184,0.750281676636673,-0.9204412177963648,2.378247710785261,2.2696935426048657,0.1085541681803952
S43A10T05,filtered,74,2.466666666666667,False,False,0.26893867205122696,0.19463413064079704,-1.1791291529998946,-1.2747914784257455,0.09566232542585085,-0.17107193995269604,0.7555305124342397,-0.9266024523869358,2.383686435070352,2.268043456785257,0.11564297828509496
S43A10T05,filtered,75,2.5,False,False,0.2655161190554948,0.19150627393784836,-1.1747191427286847,-1.2752071138072343,0.10048797107854957,-0.17313755073988618,0.7624406051806715,-0.9355781559205576,2.388734684842629,2.266060597963002,0.122674086879627
S43A10T05,filtered,76,2.533333333333333,False,False,0.26231700429562604,0.18882137846438019,-1.1703794497215179,-1.2760919454518733,0.10571249573035546,-0.17617819393970616,0.7707348571285437,-0.9469130510682499,2.393630893786845,2.2638403273352345,0.12979056645161036
S43A10T05,filtered,77,2.566666666666667,False,False,0.2594383605406075,0.18660478132864133,-1.1657717950117201,-1.2774024674434425,0.11163067243172242,-0.17983545956013136,0.7799373342464342,-0.9597727938065655,2.3987451808403653,2.261516074999003,0.1372291058413624
S43A10T05,filtered,78,2.6,False,False,0.25697455872880326,0.18485203570219255,-1.1604414387084905,-1.2790449653636244,0.11860352665513396,-0.1835665324659104,0.7893809468098926,-0.9729474792758029,2.4045717593197193,2.259254431756896,0.14531732756282345
S43A10T05,filtered,79,2.6333333333333333,False,False,0.25501363027672674,0.1835324694545204,-1.1538350058160574,-1.2808838915032692,0.12704888568721184,-0.18665680698404247,0.7982337161566011,-0.9848905231406435,2.411708670717342,2.2572467619827252,0.15446190873461685
S43A10T05,filtered,80,2.6666666666666665,False,False,0.25363432400550595,0.18259556035853608,-1.1453308244526765,-1.2827553384985058,0.13742451404582923,-0.1882506805054039,0.8055433506832836,-0.9937940311886875,2.420824799440228,2.255697701224096,0.1651270982161317
S43A10T05,filtered,81,2.7,False,False,0.25290432358084275,0.18197921306868947,-1.1342807486344475,-1.284484369070156,0.15020362043570845,-0.18740031479370506,0.8102978962849043,-0.9976982110786095,2.4326153651146027,2.254811251807058,0.17780411330754475
S43A10T05,filtered,82,2.7333333333333334,False,False,0.25287965965075926,0.18161876277186884,-1.1200611072442614,-1.28590444707027,0.16584333982600863,-0.18313034549407722,0.811498252469312,-0.9946285979633892,2.447748398180086,2.254775510767674,0.19297288741241214
S43A10T05,filtered,83,2.7666666666666666,False,False,0.2536048290903819,0.1814554476324841,-1.1021291485078142,-1.2868768711591654,0.1847477226513512,-0.1745146671389333,0.80823657697932,-0.9827512441182533,2.466805950525437,2.255747320003966,0.211058630521471
S43A10T05,filtered,84,2.8,False,False,0.2551127120511894,0.18144319908210305,-1.0800802866218493,-1.2873079816427904,0.20722769502094107,-0.16075971519820648,0.7997732713290263,-0.9605329865272327,2.4902248274648624,2.2578382834000976,0.23238654406476478
S43A10T05,filtered,85,2.8333333333333335,False,False,0.2574232914269944,0.18155287848695179,-1.0537007553379962,-1.2871620166754125,0.2334612613374163,-0.14128731387796017,0.7856045655581534,-0.9268918794361136,2.518242300558622,2.2611036206141177,0.2571386799445041
S43A10T05,filtered,86,2.8666666666666667,False,False,0.260540545667993,0.1817734981757948,-1.0230100651574865,-1.286467837451073,0.26345777229358647,-0.1158093550363875,0.7655128792781292,-0.8813222343145166,2.5508524402663744,2.265535203222484,0.28531723704389034
S43A10T05,filtered,87,2.9,False,False,0.26444762450300535,0.18211044311324165,-0.9882880412103351,-1.2853183024313517,0.2970302612210166,-0.0843864823534766,0.7395932336504469,-0.8239797160039235,2.587778299005649,2.2710598404672373,0.3167184585384115
S43A10T05,filtered,88,2.933333333333333,False,False,0.26910126617904395,0.1825811855098156,-0.9500822257553304,-1.2838618056459103,0.33377957989057994,-0.04746367845981056,0.7082510332306033,-0.7557147116904139,2.628464142577032,2.2775434587934313,0.35092068378360075
S43A10T05,filtered,89,2.966666666666667,False,False,0.27442703839712024,0.1832093859756383,-0.9091930276831824,-1.2822863402413003,0.37309331255811784,-0.00587721067892189,0.6721694153935756,-0.6780466260724974,2.6720903082596745,2.284801277230697,0.3872890310289776
S43A10T05,filtered,90,3.0,False,False,0.2803171246189741,0.18401853610872698,-0.8666360745647081,-1.2807973236606416,0.41416124909593344,0.039170296733939375,0.6322478338604813,-0.593077537126542,2.7176111801516902,2.292613460115879,0.42499772003581127
S43A10T05,filtered,91,3.033333333333333,True,False,0.28663196952614917,0.1850263685896869,-0.8235835724938391,-1.2795912297500422,0.4560076572562032,0.08616701506425867,0.5895172287060586,-0.5033502136418,2.763814415778577,2.300745084558679,0.4630693312198977
S43A10T05,filtered,92,3.066666666666667,False,False,0.2932062943076544,0.18624111666458854,-0.781288839595449,-1.2788277166322792,0.4975388770368302,0.13337847259636723,0.5450405620305715,-0.41166208943420424,2.8093971983177606,2.308968660334226,0.5004285379835345
S43A10T05,filtered,93,3.1,True,False,0.29985907546084406,0.18766035562816397,-0.7410002463059594,-1.2786033280940508,0.5376030817880914,0.17895761079695663,0.4998101385783279,-0.3208525277813713,2.8530532303918226,2.3170869627527595,0.5359662676390631
S43A10T05,filtered,94,3.1333333333333333,False,True,0.30640632448469035,0.18927265783998037,-0.7038722698102889,-1.278929916034314,0.575057646224025,0.22106977369883113,0.45465448380745077,-0.23358471010861964,2.893562729272591,2.3249536663312607,0.5686090629413303
S43A10T05,filtered,95,3.1666666666666665,False,True,0.3126750736905448,0.19106173246171454,-0.6708820098915909,-1.2797206545654545,0.6088386446738636,0.2580222252964696,0.4101672453258459,-0.1521450200293763,2.9298770735225554,2.3324892713191816,0.5973878022033738
S43A10T05,filtered,96,3.2,False,True,0.31851689082659507,0.19301221414603975,-0.6427591882251089,-1.2807859066104705,0.6380267183853616,0.2883870067443139,0.36666847217729054,-0.07828146543297665,2.9611901193489403,2.339690141035099,0.6214999783138411
S43A10T05,filtered,97,3.2333333333333334,False,True,0.3238194385895377,0.19511591467437617,-0.6199363779504949,-1.2818403134660663,0.6619039355155714,0.3111063328445878,0.3242048618223746,-0.01309852897778685,2.9869895317338844,2.346629113852681,0.6403604178812032
S43A10T05,filtered,98,3.2666666666666666,False,True,0.3285149523145259,0.1973772250625636,-0.6025241483732122,-1.282521388350192,0.6799972399769798,0.3255712302148917,0.2825905996604944,0.042980630554397325,3.007083585270681,2.353447061513335,0.653636523757346
S43A10T05,filtered,99,3.3,False,True,0.3325849260260728,0.1998164700467906,-0.5903132383554112,-1.2824187071798694,0.6921054688244582,0.33166653814791486,0.24148493472176777,0.09018160342614709,3.0216014864377465,2.360335825836634,0.6612656606011127
S43A10T05,filtered,100,3.3333333333333335,False,True,0.336060697483542,0.20247034135218778,-0.5828031260820522,-1.2811116145672115,0.6983084884851593,0.32977843387814115,0.20049742963096467,0.12928100424717648,3.0309679981426716,2.3675140366905514,0.6634539614521202
S43A10T05,filtered,101,3.3666666666666667,False,True,0.3390199608808433,0.20538900455582554,-0.5792537743351849,-1.2782123131882224,0.6989585388530375,0.320763974922871,0.15930765390257,0.161456321020301,3.035855662189201,2.375198245722627,0.6606574164665742
S43A10T05,filtered,102,3.4,False,True,0.3415794925166214,0.20863000142715116,-0.5787551809211765,-1.2734103875193226,0.6946552065981461,0.3058854470686446,0.11778356582592109,0.18810188124272353,3.037119930154851,2.383572470536601,0.6535474596182502
S43A10T05,filtered,103,3.433333333333333,False,False,0.3438845566355678,0.21224956700122455,-0.5803078563130596,-1.2665143220643935,0.6862064657513339,0.2867152764756185,0.07608232120312344,0.21063295527249506,3.035723835108879,2.3927595371188,0.6429642979900789
S43A10T05,filtered,104,3.466666666666667,True,False,0.3460955956912589,0.2162923708033455,-0.5829065973441895,-1.2574854815318468,0.6745788841876573,0.26501966578698105,0.03471884757343562,0.23030081821354542,3.0326593776456243,2.402797488101718,0.6298618895439065
S43A10T05,filtered,105,3.5,False,False,0.3483729446483456,0.22078091923123777,-0.5856199505839668,-1.2464603686192546,0.6608404180352878,0.24263076002126485,-0.005408962487947798,0.24803972250921266,3.028872573206829,2.413623799443932,0.6152487737628971
S43A10T05,filtered,106,3.533333333333333,False,False,0.35086047662295045,0.22570589578075473,-0.5876585069910071,-1.2337577709885932,0.6460992639975861,0.22131791259985645,-0.043044595702515835,0.2643625083023723,3.0251982133376476,2.4250692800711455,0.6001289332665021
S43A10T05,filtered,107,3.566666666666667,False,False,0.3536692832702203,0.2310185754790688,-0.5884265223963342,-1.2198686186744454,0.6314420962781112,0.20266844826463276,-0.076647110982338,0.27931555924697077,3.02230899456761,2.436862424742099,0.5854465698255109
S43A10T05,filtered,108,3.6,False,False,0.3568626588205991,0.2366261678200352,-0.5875531522498435,-1.2054279185765457,0.6178747663267022,0.1879872286201929,-0.10450949942254045,0.29249672804273336,3.020681964308415,2.4486437879652696,0.5720381763431455
S43A10T05,filtered,109,3.6333333333333333,False,False,0.36044369250572095,0.24239057809743025,-0.5849016321588882,-1.1911698919601328,0.6062682598012445,0.17822242141645325,-0.1249100989313281,0.3031325203477814,3.020583430810784,2.459988798205461,0.5605946326053233
S43A10T05,filtered,110,3.6666666666666665,False,False,0.3643465948563297,0.2481306975253954,-0.5805568271201286,-1.1778692536037416,0.597312426483613,0.17392234079874264,-0.1362817063831258,0.31020404718186845,3.022071774430062,2.47043648393742,0.5516352904926416
S43A10T05,filtered,111,3.7,True,False,0.36843248468936146,0.2536279992977011,-0.5747935196654155,-1.1662732507372882,0.5914797310718727,0.17522531388839713,-0.13738045160988166,0.3126057654982788,3.025016135633306,2.479520960211458,0.545495175421848
S43A10T05,filtered,112,3.7333333333333334,False,False,0.3724898562117272,0.25863497587181383,-0.5680294428078971,-1.1570304323427276,0.5890009895348305,0.18188153298454734,-0.12743587888548194,0.30931741187002926,3.0291278501872254,2.486802311275361,0.5423255389118644
S43A10T05,filtered,113,3.7666666666666666,False,False,0.3762395191623297,0.2628858253125168,-0.5607682580536976,-1.1506229672489794,0.5898547091952818,0.19330307576027958,-0.10626510948581075,0.2995681852460903,3.0340008113359263,2.4918937357845525,0.5421070755513737
S43A10T05,filtered,114,3.8,False,False,0.37934363259941384,0.26610878085771783,-0.5535383496112333,-1.1473095362048342,0.593771186593601,0.2086359943402894,-0.07433730856625408,0.2829733029065435,3.0391566698770087,2.494482473245136,0.5446741966318727
S43A10T05,filtered,115,3.8333333333333335,True,False,0.38141859414146495,0.26803955552027836,-0.5468334229592506,-1.1470853144934319,0.6002518915341812,0.2268468028037922,-0.03277962540337255,0.25962642820716475,3.044090899499109,2.4943430221040397,0.5497478773950695
S43A10T05,filtered,116,3.8666666666666667,True,False,0.382051906737866,0.26843550334933974,-0.5410604788782364,-1.149664339152955,0.6086038602747187,0.24681495847798485,0.016678182728943555,0.2301367757490413,3.048316187352148,2.491342355946039,0.556973831406109
S43A10T05,filtered,117,3.9,True,False,0.3808235135074746,0.26709023228897943,-0.5364998443134443,-1.1544876982986567,0.6179878539852124,0.26742306141232053,0.07181673074359593,0.1956063306687246,3.0514002702225946,2.485438066626342,0.5659622035962526
S43A10T05,filtered,118,3.933333333333333,False,False,0.37733222590292426,0.2638484885968071,-0.5332806695556106,-1.1607586395563727,0.6274779700007621,0.28763741492528816,0.13008762525578474,0.15754978966950342,3.0529961309734888,2.4766714115207575,0.5763247194527312
S43A10T05,filtered,119,3.966666666666667,True,False,0.3712275845311764,0.25862111825570566,-0.53137375546978,-1.1675030760400138,0.6361293205702337,0.3065731395198558,0.1888064684628618,0.11776667105699401,3.052863309205126,2.4651579239136723,0.5877053852914536
S43A10T05,filtered,120,4.0,False,False,0.3622467096280008,0.25139975086328903,-0.5306018756784641,-1.173651315962635,0.6430494402841709,0.3235399954339841,0.24535929496861228,0.07818070046537182,3.050879886554412,2.451078413628128,0.5998014729262837
S43A10T05,filtered,121,4.033333333333333,True,False,0.3502544772184783,0.24227051962452362,-0.5306660414172503,-1.1781344205753554,0.6474683791581052,0.33806720256220735,0.29740185658492246,0.040665345977284884,3.0470454165201972,2.4346727738620775,0.6123726426581197
S43A10T05,filtered,122,4.066666666666666,True,False,0.33528388572799867,0.23142564543224053,-0.531184571596855,-1.179986669370607,0.648802097773752,0.34990761558119154,0.3430318389269149,0.006875776654276633,3.0414756332203816,2.416238061002458,0.6252375722179235
S43A10T05,filtered,123,4.1,True,False,0.3175720483982434,0.21917116132889203,-0.5317405370221668,-1.178444421719051,0.6467038846968842,0.3590234182022302,0.38091703171321367,-0.021893613510983456,3.0343901658818377,2.396130979434891,0.6382591864469469
S43A10T05,filtered,124,4.133333333333334,True,False,0.29758619628362426,0.20592859739184655,-0.53193229622165,-1.1730313987470655,0.6410991025254156,0.3655568984738903,0.41036736514427063,-0.044810466670380356,3.026094704868695,2.374773428186483,0.6513212766822121
S43A10T05,filtered,125,4.166666666666667,False,False,0.27603368923700855,0.19222828922361535,-0.5314215463168893,-1.1636211768773146,0.6321996305604253,0.36979077133249044,0.43134499200877247,-0.06155422067628202,3.0169591364282446,2.3526584485384,0.6643006878898445
S43A10T05,filtered,126,4.2,False,False,0.2538504193676828,0.17869229922964736,-0.5299736310475053,-1.1504694891429188,0.6204958580954135,0.3721028967670572,0.44441347149145094,-0.07231057472439373,3.007393133315533,2.330353046932806,0.6770400863827266
S43A10T05,filtered,127,4.233333333333333,False,False,0.2321630155888559,0.16600584003631225,-0.5274857580865121,-1.1342116540694624,0.6067258959829503,0.37292012517683415,0.45063374057020966,-0.07771361539337551,2.9978206101054763,2.3084941870620095,0.6893264230434668
S43A10T05,filtered,128,4.266666666666667,True,False,0.21222169620920667,0.1548775128353821,-0.524000177921545,-1.1158238493983974,0.5918236714768524,0.37267545354453224,0.4514201256365076,-0.07874467209197533,2.988654369227251,2.2877748619444978,0.7008795072827532
S43A10T05,filtered,129,4.3,True,False,0.1953029350301339,0.1459904203763447,-0.5197010974114288,-1.0965506624566257,0.5768495650451969,0.3717718005496183,0.4483734934851329,-0.07660169293551461,2.9802721990571976,2.2689185313972597,0.7113536676599379
S43A10T05,filtered,130,4.333333333333333,True,False,0.18258685532953958,0.13994797603821296,-0.5148959298356324,-1.0778049527450313,0.5629090229093989,0.37055463264784266,0.44311035875146076,-0.0725557261036181,2.9729956352325866,2.252642145421139,0.7203534898114476
S43A10T05,filtered,131,4.366666666666666,False,False,0.1750274041176133,0.13721966139766661,-0.5099831965471197,-1.061049117005684,0.5510659204585643,0.3692945305415562,0.437106236730473,-0.0678117061889168,2.9670725348822877,2.2396101418969407,0.727462392985347
S43A10T05,filtered,132,4.4,False,False,0.17325021001834842,0.13809278357347,-0.5054107932814794,-1.0476689710946656,0.5422581778131862,0.36817970039655573,0.4315689244542945,-0.06338922405773878,2.9626645031711116,2.2303838066528217,0.73228069651829
S43A10T05,filtered,133,4.433333333333334,False,False,0.1775111609055401,0.1426362585383324,-0.5016292678130525,-1.0388523898486037,0.5372231220355512,0.3673175062158667,0.4273531198496392,-0.06003561363377252,2.9598400171254298,2.2253718213613984,0.7344681957640313
S43A10T05,filtered,134,4.466666666666667,True,False,0.18771066194856642,0.1506815490383402,-0.4990451433554577,-1.035484461161115,0.5364393178056572,0.3667433956585563,0.4249224350178083,-0.058179039359252005,2.9585737930157587,2.2247883980454253,0.7337853949703335
S43A10T05,filtered,135,4.5,False,False,0.203420925878183,0.16182421016112591,-0.4979791527654188,-1.0380692615150418,0.5400901087496229,0.36643514360214663,0.42435910709600844,-0.05792396349386181,2.9587525433106427,2.2286249638307147,0.730127579479928
S43A10T05,filtered,136,4.533333333333333,False,False,0.22389916702922216,0.17544725504522263,-0.4986335734428231,-1.0466856431469695,0.5480520697041464,0.3663301479420172,0.4254162536050735,-0.05908610566305633,2.9601867935067236,2.2366399551056073,0.7235468384011163
S43A10T05,filtered,137,4.566666666666666,False,False,0.24810386573527785,0.19076504473979283,-0.501071770600337,-1.060980949787782,0.559909179187445,0.3663435592921812,0.4276029872487174,-0.06125942795653622,2.9626279226246743,2.248369114121604,0.7142588085030703
S43A10T05,filtered,138,4.6,False,False,0.27474407038454907,0.2068839712764824,-0.5052116978333503,-1.0802027364785964,0.5749910386452461,0.3663852729764639,0.4302895894977973,-0.06390431652133338,2.9657891099482065,2.263156086036493,0.7026330239117136
S43A10T05,filtered,139,4.633333333333334,True,False,0.3023704188907964,0.2228741810753595,-0.5108336175655813,-1.1032647819976091,0.5924311644320278,0.3663742097946027,0.4328185412215485,-0.06644433142694578,2.9693684753428355,2.2802004907574767,0.6891679845853589
S43A10T05,filtered,140,4.666666666666667,False,False,0.3294947846385452,0.23784526020951846,-0.5176008459386848,-1.128840365236125,0.6112395192974401,0.36624880654579783,0.4346075925556329,-0.06835878600983508,2.973072449415158,2.2986183965790508,0.6744540528361074
S43A10T05,filtered,141,4.7,False,False,0.3547181465358777,0.25101834873077333,-0.5250910478566423,-1.1554732913324588,0.6303822434758165,0.36597317029180165,0.43523306266322564,-0.06925989237142399,2.9766373498572856,2.3175085963334965,0.6591287535237891
S43A10T05,filtered,142,4.733333333333333,False,False,0.37684846936692085,0.2617876019767893,-0.5328346387509125,-1.1816957598224906,0.6488611210715781,0.365538865914837,0.4344848341790267,-0.06894596826418975,2.9798472969862204,2.3360175062521815,0.6438297907340389
S43A10T05,filtered,143,4.766666666666667,False,False,0.39499518601474376,0.2697651663871625,-0.5403562842352215,-1.2061419844391255,0.6657857002039039,0.3649627564187544,0.4323885521536112,-0.0674257957348568,2.982546969601883,2.353395935098248,0.6291510345036349
S43A10T05,filtered,144,4.8,False,False,0.40863157524504934,0.27480567539242573,-0.5472153718296735,-1.227647463284956,0.6804320914552826,0.3642816639825331,0.42919480084307715,-0.06491313686054406,2.9846482430082775,2.3690422959320845,0.615605947076193
S43A10T05,filtered,145,4.833333333333333,False,False,0.41762058242784983,0.2770084366714016,-0.5530416506146836,-1.2453257754371037,0.6922841248224201,0.3635448465580039,0.4253389814390273,-0.06179413488102342,2.9861303969887256,2.382528800655483,0.6036015963332426
S43A10T05,filtered,146,4.866666666666666,False,False,0.42220354752506695,0.27669771477462235,-0.5575629348738089,-1.2586174570327522,0.7010545221589433,0.36280538447894733,0.42137880279749984,-0.058573418318552506,2.987034248960486,2.393609448766564,0.593424800193922
S43A10T05,filtered,147,4.9,False,False,0.42295484972013875,0.27438358449975886,-0.56062274678151,-1.2673085430763988,0.7066857962948888,0.36211155187307864,0.41791841033240446,-0.055806858459325814,2.987451171515835,2.4022108431371363,0.5852403283786987
S43A10T05,filtered,148,4.933333333333334,False,False,0.42070847359123703,0.27070755886642317,-0.5621869061722546,-1.2715194003305623,0.7093324941583077,0.36149912657559025,0.41552905867275797,-0.05402993209716772,2.9875084217968686,2.4084087338781,0.5790996879187684
S43A10T05,filtered,149,4.966666666666667,False,False,0.4164647376770332,0.2663784496188437,-0.5623392283271209,-1.271667204148207,0.7093279758210862,0.36098539474318014,0.41467588827265556,-0.053690493529475414,2.987352492817447,2.41239449739653,0.5749579954209167
S43A10T05,filtered,150,5.0,True,False,0.4112867424421571,0.2621046161672709,-0.5612675362745422,-1.2684075736333185,0.7071400373587763,0.360565361427683,0.4156589500461564,-0.05509358861847341,2.9871322714236275,2.4144364048459583,0.5726958665776691
S43A10T05,filtered,151,5.033333333333333,False,False,0.4061964336957998,0.25852886759688665,-0.559242026776636,-1.2625623055493378,0.7033202787727018,0.36021041566387446,0.4185744050674194,-0.058363989403544925,2.9869836593578474,2.4148405319480784,0.572143127409769
S43A10T05,filtered,152,5.066666666666666,False,True,0.4020796135173599,0.2561718158784294,-0.5565885767195597,-1.2550407640487313,0.6984521873291716,0.35986944520440206,0.4232991465629262,-0.06342970135852416,2.987017013191932,2.413915603200949,0.5731014099909828
S43A10T05,filtered,153,5.1,False,False,0.3996079517856322,0.25538849590761914,-0.5536598063620761,-1.2467623100361074,0.6931025036740313,0.3594721733912465,0.42949930428155825,-0.07002713089031176,2.9873083358935686,2.411945092232389,0.5753632436611795
S43A10T05,filtered,154,5.133333333333334,True,False,0.3991842734146425,0.2563416698925245,-0.5508066350337151,-1.2385862890828783,0.6877796540491632,0.35893431300568424,0.43666052215714235,-0.07772620915145811,2.9878946699950073,2.409168682660327,0.5787259873346802
S43A10T05,filtered,155,5.166666666666667,False,False,0.40091524681972757,0.25899355473764807,-0.5483527158205577,-1.2312546958107466,0.682901979990189,0.3581640062064075,0.44413580717144896,-0.08597180096504148,2.9887736650209233,2.4057738938401716,0.5829997711807517
S43A10T05,filtered,156,5.2,True,False,0.40461309233977905,0.26311591091842357,-0.5465735876788705,-1.2253508862012303,0.6787772985223598,0.35706894693362334,0.45120529955565936,-0.09413635262203601,2.9899068777431648,2.401897436911626,0.5880094408315388
S43A10T05,filtered,157,5.233333333333333,False,False,0.40982511367314045,0.26831668177356804,-0.5456817210531597,-1.2212758237853274,0.6755941027321677,0.3555635598119953,0.45714158543450834,-0.10157802562251306,2.9912260543139038,2.3976348012858697,0.5935912530280341
S43A10T05,filtered,158,5.266666666666667,False,False,0.41588700165502684,0.2740798431432907,-0.5458179443954673,-1.2192415255099283,0.673423581114461,0.3535756332072341,0.46127414701953573,-0.10769851381230161,2.992641458207378,2.393055757303607,0.5995857009037713
S43A10T05,filtered,159,5.3,False,False,0.4219934457538898,0.27981396667693437,-0.5470491030961003,-1.219279801660479,0.6722306985643786,0.3510518685825355,0.4630471329997262,-0.11199526441719071,2.9940512453397177,2.388222940847477,0.6058283044922406
S43A10T05,filtered,160,5.333333333333333,False,False,0.4272780518816156,0.28490433232083,-0.5493712799419765,-1.2212632040764784,0.6718919241345018,0.34796190825492873,0.46206569121519603,-0.1141037829602673,2.995350928968626,2.3832104770910707,0.6121404518775555
S43A10T05,filtered,161,5.366666666666666,False,False,0.43089407833625754,0.2887633119890636,-0.5527175340676465,-1.2249343934238413,0.6722168593561948,0.3443005332321174,0.4581274689217107,-0.11382693568959329,2.9964420941188425,2.3781197010721464,0.6183223930466961
S43A10T05,filtered,162,5.4,False,True,0.43208797320357106,0.29087419216282906,-0.556968905465707,-1.2299399304696004,0.6729710250038934,0.3400878753363147,0.45123738460943347,-0.11114950927311879,2.9972396854751304,2.3730894252629575,0.6241502602121729
S43A10T05,filtered,163,5.433333333333334,False,False,0.43025892080949807,0.2908245513590926,-0.5619673752862279,-1.235864748579444,0.6738973732932162,0.3353676550994574,0.44160526256834,-0.10623760746888261,2.9976773799786502,2.3682988564626744,0.6293785235159759
S43A10T05,filtered,164,5.466666666666667,False,False,0.4249993848964115,0.2883266478670048,-0.567529544324987,-1.242264187723063,0.6747346433980759,0.3302036284668212,0.42962728466413436,-0.09942365619731314,2.997710749211834,2.3639621258873724,0.6337486233244616
S43A10T05,filtered,165,5.5,False,False,0.41611380887210747,0.28322385189800614,-0.5734599613621512,-1.2486913463098603,0.6752313849477092,0.32467458794836446,0.4158533775813004,-0.09117878963293596,2.9973181075000115,2.360314397082867,0.6370037104171447
S43A10T05,filtered,166,5.533333333333333,False,False,0.4036150398986638,0.2754837983689109,-0.5795632653442497,-1.2547185053116516,0.6751552399674019,0.3188684019258089,0.4009435744342122,-0.0820751725084033,2.9964991247199104,2.357590567438315,0.6389085572815953
S43A10T05,filtered,167,5.566666666666666,False,False,0.38770049981979066,0.26518045952105096,-0.5856545682261147,-1.2599523705142852,0.6742978022881705,0.31287567303364633,0.38561704652210715,-0.07274137348846083,2.9952714551401955,2.355998578853478,0.6392728762867175
S43A10T05,filtered,168,5.6,False,False,0.36871241330268223,0.2524685687779522,-0.5915677690623254,-1.2640437484313862,0.6724759793690608,0.30678363856085894,0.3705978878799185,-0.06381424931905955,2.993665791107908,2.355690196039754,0.6379755950681543
S43A10T05,filtered,169,5.633333333333334,False,False,0.3470882771271804,0.23755462450547027,-0.5971617288735331,-1.266692927306382,0.6695311984328489,0.30067091352129477,0.35656185383087885,-0.05589094030958408,2.9917198854425346,2.3567326989787247,0.6349871864638099
S43A10T05,filtered,170,5.666666666666667,False,False,0.3233089674227331,0.2206689645983635,-0.6023244289081743,-1.2676524141314007,0.6653279852232264,0.29460358898889283,0.3440881106843279,-0.049484521695435046,2.989472187153297,2.35908518924634,0.6303869979069572
S43A10T05,filtered,171,5.7,False,False,0.2978522294988351,0.20204308905832802,-0.6069753676598592,-1.2667287532979932,0.659753385638134,0.28863305178874654,0.33361965543162286,-0.04498660364287632,2.9869557866777563,2.3625830748170067,0.6243727118607496
S43A10T05,filtered,172,5.733333333333333,False,False,0.2711586865999956,0.18189554602403435,-0.6110665181258872,-1.2637849302394308,0.6527184121135436,0.2827957018858382,0.32543542413608484,-0.04263972225024665,2.984193354437074,2.36693375392925,0.6172596005078237
S43A10T05,filtered,173,5.766666666666667,False,False,0.24361605942646306,0.1604283854133104,-0.6145821691286477,-1.2587443871607618,0.644162218032114,0.27711453171801903,0.3196362460148226,-0.04252171429680357,2.9811936695361725,2.3717255824918104,0.6094680870443621
S43A10T05,filtered,174,5.8,False,False,0.21556545919991904,0.13783458238654234,-0.6175379243329447,-1.2515970207752751,0.6340590964423304,0.27160232099662845,0.3161457513243789,-0.04454343032775043,2.9779501717682635,2.376450939588329,0.6014992321799344
S43A10T05,filtered,175,5.833333333333333,False,False,0.1873323474324684,0.11431514059393799,-0.6199790476025351,-1.242406789332883,0.6224277417303479,0.2662660148177886,0.31472615993609876,-0.04846014511831015,2.9744417391848,2.380542703571539,0.5938990356132612
S43A10T05,filtered,176,5.866666666666666,False,False,0.15928581575622094,0.09010301944322618,-0.621978244877847,-1.2313198364541995,0.6093415915763525,0.2611117133199623,0.3150076434496629,-0.05389593012970062,2.9706356176630067,2.3834218599969272,0.5872137576660794
S43A10T05,filtered,177,5.9,False,False,0.1319367324839054,0.06548979712209357,-0.6236328824667534,-1.2185714529374603,0.5949385704707069,0.2561496236540979,0.31652876972153954,-0.06037914606744166,2.966492141956348,2.3845524574136725,0.5819396845426756
S43A10T05,filtered,178,5.933333333333334,False,False,0.10610498598959825,0.040850253676038006,-0.6250615782226888,-1.204489845630801,0.5794282674081123,0.25139831878939856,0.3187845216386457,-0.06738620284924712,2.961970630943235,2.38349889735954,0.5784717335836951
S43A10T05,filtered,179,5.966666666666667,False,False,0.08322338096177716,0.01665995265249598,-0.6264000786228449,-1.1894946422245471,0.5630945636017023,0.24688771343629942,0.32127764562310246,-0.07438993218680304,2.957035655441028,2.3799797690345623,0.5770558864064657
S43A10T05,filtered,180,6.0,False,False,0.0658043929508638,0.0064985378747097755,-0.6277963569879539,-1.1740883725186926,0.5462920155307387,0.24266029754774276,0.32356872019898114,-0.08090842265123838,2.9516628000295935,2.3739122549153424,0.5777505451142511
S43A10T05,filtered,181,6.033333333333333,False,False,0.05727706204919013,0.027943946725746516,-0.6294049336399571,-1.1588398210575663,0.5294348874176092,0.23877034812167822,0.32532039199600193,-0.08655004387432372,2.9458430905206408,2.3654416131788887,0.5804014773417521
S43A10T05,filtered,182,6.066666666666666,False,False,0.05882285774049858,0.04692056915431997,-0.6313805174235825,-1.144359078566668,0.5129785611430855,0.2352810520763193,0.3263317105714805,-0.09105065849516122,2.9395854348741284,2.354951377941484,0.5846340569326443
S43A10T05,filtered,183,6.1,False,False,0.06654398626402448,0.06263791058106127,-0.633871182963218,-1.1312652144675797,0.4973940315043617,0.23225969736789714,0.32655936575805744,-0.0942996683901603,2.9329167044968454,2.3430516190582917,0.5898650854385536
S43A10T05,filtered,184,6.133333333333334,True,False,0.07522787455114793,0.07432300553543936,-0.6370114088049779,-1.1201485963182782,0.48313718751330037,0.2297713073661703,0.32612381792871503,-0.09635251056254474,2.9258794238430994,2.3305447085075235,0.5953347153355759
S43A10T05,filtered,185,6.166666666666667,False,False,0.0813671572568124,0.08128083109513695,-0.6409153879782739,-1.1115308257349947,0.4706154377567209,0.2278712866952069,0.32529971154831505,-0.09742842485310815,2.9185273870334716,2.318370336133598,0.6001570508998735
S43A10T05,filtered,186,6.2,False,False,0.08295786404462253,0.0829568501763478,-0.645671068801063,-1.105825889310765,0.46015482050970213,0.22659779760141358,0.32449145343984453,-0.09789365583843096,2.9109198265358125,2.3075337597737358,0.6033860667620767
S43A10T05,filtered,187,6.233333333333333,False,False,0.07899512018526046,0.07899504449870776,-0.6513353819767669,-1.1033063261125944,0.4519709441358275,0.22596467728814335,0.3241962809395668,-0.09823160365142347,2.9031149728189147,2.2990232163425146,0.6040917564764001
S43A10T05,filtered,188,6.266666666666667,False,False,0.06948291117558586,0.0692849363234358,-0.6579310608299557,-1.104077946654334,0.44614688582437834,0.22595572339191927,0.3249583944343819,-0.09900267104246263,2.895163930822662,2.29372383850253,0.6014400923201322
S43A10T05,filtered,189,6.3,True,False,0.05631763316261341,0.05399203540823705,-0.6654453723320773,-1.1080659339621306,0.44262056163005326,0.226521106398356,0.3273186407305845,-0.10079753433222849,2.8871057433784433,2.29233614212004,0.5947696012584034
S43A10T05,filtered,190,6.333333333333333,False,False,0.046588536419210784,0.033567750790298057,-0.6738309579880573,-1.1150141141354946,0.4411831561474373,0.2275765117998745,0.33176468809247234,-0.10418817629259783,2.8789643192407257,2.2953070659868304,0.5836572532538953
S43A10T05,filtered,191,6.366666666666666,False,False,0.054572516953414855,0.008736858426691363,-0.6830088459343339,-1.124497943017684,0.44148909708335016,0.22900537933840184,0.3386865546796908,-0.10968117534128893,2.870747601749624,2.30278062990756,0.5679669718420639
S43A10T05,filtered,192,6.4,False,False,0.08245994659388897,0.019537144559283126,-0.69287354679342,-1.1359504716416273,0.4430769248482074,0.23066431157253292,0.3483417277472505,-0.11767741617471755,2.8624489896624525,2.3145735889045307,0.5478754007579218
S43A10T05,filtered,193,6.433333333333334,False,False,0.12097280991934063,0.05010629882704465,-0.7032999922355136,-1.148699366790992,0.4453993745554783,0.23239139930755787,0.36083300592909,-0.12844160662153215,2.8540506530919263,2.3301791450117086,0.5238715080802177
S43A10T05,filtered,194,6.466666666666667,False,False,0.16438127874712732,0.08170767956002112,-0.7141519233595632,-1.1620120843155535,0.44786016095599024,0.23401689354282537,0.3761007499941461,-0.14208385645132074,2.8455280766424362,2.34879905763618,0.4967290190062563
S43A10T05,filtered,195,6.5,True,False,0.209393836429209,0.113042347456495,-0.7252911949736821,-1.1751455960360078,0.44985440106232566,0.23537537984843204,0.3939296318227563,-0.15855425197432427,2.83685496305466,2.369401654175359,0.4674533088793007
S43A10T05,filtered,196,6.533333333333333,False,False,0.25350539561319957,0.14285714776197866,-0.7365873443960267,-1.187396699053171,0.45080935465714433,0.23631841401512052,0.4139684403488148,-0.17765002633369428,2.82800758060315,2.390800603755691,0.43720697684745913
S43A10T05,filtered,197,6.566666666666666,False,False,0.29457665596762206,0.17002257800504106,-0.7479266954091474,-1.1981489074001754,0.4502222119910281,0.23672648053097142,0.4357602312467621,-0.19903375071579069,2.818967747751354,2.411747192468039,0.407220555283315
S43A10T05,filtered,198,6.6,False,False,0.3307884547783882,0.19360042691968826,-0.7592202460162893,-1.2069122373057861,0.44769199128949677,0.2365191488543458,0.4587792368366161,-0.2222600879822703,2.809723902704055,2.4310274898115587,0.37869641289249634
S43A10T05,filtered,199,6.633333333333334,False,False,0.3606929237567599,0.21289596333491012,-0.7704096359639632,-1.2133528228142716,0.4429431868503084,0.23566242471776874,0.4824705563913959,-0.24680813167362717,2.800270061247113,2.4475553876225336,0.3527146736245794
S43A10T05,filtered,200,6.666666666666667,True,False,0.383277305305954,0.22749099679760487,-0.7814706124762218,-1.2173101855576063,0.43583957308138443,0.23417251146973306,0.5062887249283385,-0.2721162134586055,2.7906028629582966,2.4604530627427295,0.33014980021556717
S43A10T05,filtered,201,6.7,False,False,0.39800949032556066,0.23725595880657568,-0.7924136055990156,-1.2188010520441495,0.4263874464451338,0.2321154875869624,0.5297317500047127,-0.2976162624177503,2.780717275615678,2.4691118709711555,0.31160540464452247
S43A10T05,filtered,202,6.733333333333333,False,False,0.40485247836273525,0.2423410543671256,-0.8032812718999272,-1.2180097645171377,0.41472849261721056,0.22960274335251396,0.5523680080980432,-0.32276526474552925,2.770601807789593,2.473228820903337,0.297372986886256
S43A10T05,filtered,203,6.766666666666667,True,False,0.40424358329870164,0.24314830349401095,-0.8141431414521233,-1.2152664587123398,0.40112331726021655,0.2267823725527285,0.5738543796028953,-0.34707200705016683,2.760234223754784,2.472816328294594,0.28741789546019003
S43A10T05,filtered,204,6.8,False,False,0.3970396750647762,0.24028776225611792,-0.8250877770449645,-1.2110151790346437,0.38592740198967923,0.22382705484750928,0.5939450447242653,-0.37011798987675604,2.749578739919376,2.468185611103171,0.28139312881620526
S43A10T05,filtered,205,6.833333333333333,False,False,0.3844336667875309,0.2345222681316943,-0.8362130948835028,-1.2057748795291194,0.3695617846456166,0.22091926492227365,0.6124913421854908,-0.3915720772632172,2.738585510468896,2.459906559029589,0.2786789514393071
S43A10T05,filtered,206,6.866666666666666,False,False,0.3678501705047594,0.226705639704895,-0.8476156752955439,-1.20009675206588,0.35248107677033613,0.21823488345335082,0.6294339105907827,-0.41119902713743184,2.727192907650886,2.448748948888504,0.27844395876238215
S43A10T05,filtered,207,6.9,False,False,0.3488297915731584,0.2177193758525151,-0.8593799906330953,-1.1945214946472644,0.3351415040141691,0.2159264450777882,0.6447889195807283,-0.42886247450294007,2.7153327124113273,2.435611295759558,0.2797214166517694
S43A10T05,filtered,208,6.933333333333334,False,False,0.32891195572165255,0.20841258876258695,-0.8715684862986073,-1.1895399769181965,0.3179714906195892,0.21410732822874043,0.6586305195881064,-0.4445231913593659,2.702937907568792,2.421444329419227,0.2814935781495649
S43A10T05,filtered,209,6.966666666666667,False,False,0.3095256312824688,0.19954924495361337,-0.8842133712382816,-1.1855603020211625,0.3013469307828809,0.2128381650463807,0.6710716950914608,-0.4582335300450801,2.6899523650113246,2.407176053235492,0.2827763117758324
S43A10T05,filtered,210,7.0,False,False,0.29189613473044973,0.19176587588372485,-0.897310817811191,-1.1828835575584442,0.28557273974725317,0.21211662684977872,0.6822455289312666,-0.47012890208148783,2.6763413935109224,2.3936446466405568,0.2826967468703656
S43A10T05,filtered,211,7.033333333333333,False,False,0.2769747316831846,0.18554186043393006,-0.9108180564259675,-1.181689670266489,0.2708716138405215,0.21187152814391313,0.6922885314179599,-0.48041700327404674,2.6621019081022257,2.3815442452816478,0.2805576628205779
S43A10T05,filtered,212,7.066666666666666,False,False,0.26539605740387295,0.18118327844212856,-0.9246536003419034,-1.1820338202948468,0.25738021995294347,0.21196190188030867,0.7013272281742955,-0.4893653262939868,2.647270924454039,2.371387049635283,0.275883874818756
S43A10T05,filtered,213,7.1,False,False,0.25746607951213885,0.17882027753852525,-0.9387005738195172,-1.183852927113492,0.2451523532939749,0.21218134798317334,0.7094687061298877,-0.4972873581467143,2.631931183077949,2.363483464773834,0.26844771830411496
S43A10T05,filtered,214,7.133333333333334,False,False,0.2531798567432414,0.1784169549635628,-0.9528128640665859,-1.1869808790007346,0.23416801493414863,0.2122675679050493,0.7167953479048519,-0.5045277799998026,2.6162129598262363,2.3579402461858083,0.2582727136404279
S43A10T05,filtered,215,7.166666666666667,False,False,0.2522640617072435,0.17979197997339602,-0.9668235930575676,-1.1911705152532817,0.22434692219571406,0.2119165960871539,0.7233635822660605,-0.5114469861789066,2.6002914936978723,2.354675078813936,0.24561641488393615
S43A10T05,filtered,216,7.2,False,False,0.2542359141865075,0.1826475988611267,-0.9805552248799958,-1.1961199363024893,0.21556471142249345,0.21080085386291644,0.7292061629410228,-0.5184053090781063,2.584379918287294,2.3534447701889967,0.2309351480982973
S43A10T05,filtered,217,7.233333333333333,False,False,0.25846960072849884,0.18660428564563913,-0.9938304999287548,-1.2015005379218127,0.20767003799305783,0.20858981377236235,0.7343372629544223,-0.52574744918206,2.5687180674389114,2.3538833702861757,0.21483469715273573
S43A10T05,filtered,218,7.266666666666667,False,False,0.26426320365361483,0.1912381280022657,-1.0064833278933694,-1.206984241098965,0.2005009132055957,0.20497180326541384,0.7387595292121563,-0.5337877259467424,2.5535579835567375,2.3555460719191563,0.19801191163758114
S43A10T05,filtered,219,7.3,False,False,0.27090164373280157,0.19611806352921657,-1.0183687826298429,-1.2122676928334055,0.19389891020356265,0.19967532329981788,0.7424721713190456,-0.5427968480192278,2.53914733614433,2.357954686850714,0.181192649293616
S43A10T05,filtered,220,7.333333333333333,False,False,0.2777126151825793,0.20084029379964385,-1.0293714252696646,-1.2170916972983732,0.18772027202870856,0.19248822884551914,0.7454791507627834,-0.5529909219172642,2.5257122147721645,2.3606407921113273,0.16507142266083719
S43A10T05,filtered,221,7.366666666666666,False,False,0.2841129844195406,0.20505758407026797,-1.0394113334965256,-1.2212547384719885,0.18184340497546292,0.18327322419628705,0.7477965872058676,-0.5645233630095805,2.513440864765124,2.363183232340865,0.15025763242425905
S43A10T05,filtered,222,7.4,False,False,0.28964344035750894,0.2085016769574144,-1.0484474240862711,-1.2246201047519674,0.17617268066569625,0.17197836451714846,0.749458606564545,-0.5774802420473966,2.502469872827282,2.3652374670172733,0.13723240581000873
S43A10T05,filtered,223,7.433333333333334,False,False,0.29398985591210397,0.21099766980827117,-1.056477904251779,-1.2271167555108033,0.17063885125902445,0.15864161346576733,0.750521019844737,-0.5918794063789696,2.4928740899198805,2.3665551799595255,0.126318909960355
S43A10T05,filtered,224,7.466666666666667,False,False,0.2969908588367678,0.21246987953357888,-1.0635379502036,-1.2287346206866188,0.16519667048301878,0.14338896209792407,0.7510624380895587,-0.6076734759916347,2.4846612245172266,2.366993537068166,0.11766768744906075
S43A10T05,filtered,225,7.5,False,False,0.2986322751981418,0.21293939281703445,-1.0696949600025443,-1.2295154533218295,0.15982049331928527,0.1264261346953572,0.751182686986452,-0.6247565522910947,2.477771590510791,2.3665144074608335,0.11125718304995758
S43A10T05,filtered,226,7.533333333333333,False,False,0.29903016908357866,0.21251412342333387,-1.0750419338642812,-1.2295406342117423,0.15449870034746116,0.10802445307517815,0.7509986665808985,-0.6429742135057204,2.4720830003359793,2.3651746833231413,0.10690831701283798
S43A10T05,filtered,227,7.566666666666666,False,False,0.29840502161897736,0.21137272786770778,-1.079689674856319,-1.2289174473656186,0.14922777250929964,0.0885019567624279,0.7506380806635177,-0.6621361239010898,2.4674203094423377,2.363109487887252,0.10431082155508564
S43A10T05,filtered,228,7.6,False,False,0.2970501153138927,0.20974413041471363,-1.083758561217135,-1.227765310408583,0.14400674919144807,0.0682013329558267,0.7502317034350982,-0.6820303704792714,2.4635686951877855,2.3605105068509786,0.10305818833680691
S43A10T05,filtered,229,7.633333333333334,False,False,0.29529740403398436,0.20788465150228186,-1.0873706142186819,-1.2262032741137363,0.13883265989505444,0.04746654859184074,0.7499050225129429,-0.7024384739211021,2.4602894360962373,2.3576018913563033,0.10268754473993402
S43A10T05,filtered,230,7.666666666666667,False,False,0.2934840630488852,0.20605480337767323,-1.09064248024285,-1.2243398286513518,0.13369734840850178,0.026620253800364202,0.7497701670190908,-0.7231499132187267,2.4573367779984023,2.3546161551358082,0.10272062286259409
S43A10T05,filtered,231,7.7,False,False,0.291922550536092,0.20449770842976145,-1.0936797806466731,-1.222265706237849,0.12858592559117588,0.005944010426508994,0.7499189809100191,-0.7439749704835101,2.4544744471753677,2.3517722410623474,0.10270220611302028
S43A10T05,filtered,232,7.733333333333333,True,False,0.2908764127195108,0.20342082016648444,-1.0965730835443928,-1.2200499894785357,0.12347690593414296,-0.014336822267868712,0.7504179384252665,-0.7647547606931352,2.4514904937343407,2.3492575012908197,0.10223299244352102
S43A10T05,filtered,233,7.766666666666667,False,False,0.2905432946434861,0.2029822119722633,-1.0993955466044467,-1.2177394608286964,0.11834391422424972,-0.03406213158680091,0.751305345536611,-0.7853674771234119,2.4482093987234252,2.347214777035356,0.10099462168806905
S43A10T05,filtered,234,7.8,False,False,0.29104576759369144,0.20328218899085138,-1.1022020969819566,-1.2153607970435623,0.11315870006160567,-0.05313919692067302,0.7525909704453384,-0.8057301673660114,2.4445007176348406,2.345735146669545,0.0987655709652957
S43A10T05,filtered,235,7.833333333333333,False,False,0.2924297580727034,0.20436043007951965,-1.1050298761154829,-1.2129249526347778,0.10789507651929497,-0.07153780742936755,0.7542579470979518,-0.8257957545273193,2.440283912563666,2.344856304042241,0.09542760852142473
S43A10T05,filtered,236,7.866666666666666,False,False,0.2946696629997135,0.20619834089042288,-1.107899597741579,-1.2104329086569994,0.10253331091542028,-0.08927896650983966,0.7562665448889808,-0.8455455113988205,2.4355293948969163,2.3445659948844284,0.09096340001248793
S43A10T05,filtered,237,7.9,False,False,0.29767873420203744,0.20872585266442734,-1.1108174518061962,-1.2078818976261745,0.0970644458199783,-0.1064185082749169,0.7585592294602368,-0.8649777377351537,2.4302561157846423,2.344809525322784,0.08544659046185821
S43A10T05,filtered,238,7.933333333333334,False,False,0.3013230423506684,0.21183157829405141,-1.113777229780951,-1.205271251168174,0.09149402138722307,-0.12302754742738739,0.7610663704358129,-0.8840939178632004,2.4245262716602776,2.3455000913214943,0.07902618033878328
S43A10T05,filtered,239,7.966666666666667,False,False,0.305437275430419,0.21537506236319426,-1.1167624343739786,-1.2026071430774135,0.08584470870343486,-0.13917209077112935,0.7637119800857363,-0.9028840708568656,2.418437822721469,2.3465305701876975,0.07190725253377162
S43A10T05,filtered,240,8.0,False,False,0.3098407521269598,0.21919983793245246,-1.1197482485370127,-1.1999056972878444,0.08015744875083164,-0.15489429657867015,0.7664189743835952,-0.9213132709622653,2.412115557444076,2.3477854560643623,0.06433010137971351
S43A10T05,filtered,241,8.033333333333333,False,False,0.3143522875806869,0.22314611187320454,-1.1227033515291547,-1.1971941721573538,0.07449082062819912,-0.17019774139960112,0.7691136059671979,-0.939311347366799,2.405701395232065,2.349151787259241,0.056549607972824045
