trial,mode,frame0,nominal_time_s,raw_review_flag,raw_repeated_previous,foot_separation_camera_xz_m,foot_separation_camera_x_m,com_camera_x_m,foot_midpoint_camera_x_m,com_relative_to_foot_midpoint_camera_x_m,com_camera_y_m,foot_midpoint_camera_y_m,com_relative_to_foot_midpoint_camera_y_m,com_camera_z_m,foot_midpoint_camera_z_m,com_relative_to_foot_midpoint_camera_z_m
S43A12T04,raw,0,0.0,False,False,0.2191794486175917,0.12841064453125006,-1.4121696580596832,-1.27936474609375,-0.13280491196593314,-0.17434996428238514,0.6119161071777344,-0.7862660714601195,2.0061392412087673,2.0954413452148435,-0.08930210400607619
S43A12T04,raw,1,0.03333333333333333,False,False,0.21954683737462333,0.1302664794921875,-1.41316580506912,-1.2808727416992187,-0.13229306336990132,-0.17499021178804397,0.6050058593750001,-0.779996071163044,2.0071179489439275,2.095692810058594,-0.08857486111466661
S43A12T04,raw,2,0.06666666666666667,False,False,0.22010879551633944,0.14377148437499998,-1.4117185541139932,-1.2771622314453124,-0.13455632266868078,-0.17550624803847334,0.6093753356933593,-0.7848815837318327,2.0056624525181035,2.0920938720703126,-0.08643141955220912
S43A12T04,raw,3,0.1,False,False,0.21757885978218525,0.14175659179687505,-1.4133326145856626,-1.27236767578125,-0.14096493880441252,-0.17229375264512403,0.6102559204101563,-0.7825496730552803,2.0054492211105073,2.0915559082031248,-0.08610668709261748
S43A12T04,raw,4,0.13333333333333333,False,False,0.2193540246885907,0.09086230468750012,-1.4072384778318212,-1.256851318359375,-0.15038715947244619,-0.16641255262825497,0.6336377868652343,-0.8000503394934892,1.998642434429022,2.0876021118164063,-0.08895967738738442
S43A12T04,raw,5,0.16666666666666666,False,False,0.22284353239952612,0.09988378906249995,-1.4115490723069963,-1.2520728759765625,-0.15947619633043386,-0.16347469232337372,0.6425359802246093,-0.8060106725479831,2.004906691162559,2.08845361328125,-0.0835469221186913
S43A12T04,raw,6,0.2,False,False,0.22424435174681287,0.11159875488281235,-1.4105472438578848,-1.2514830932617187,-0.15906415059616608,-0.16314229517928358,0.6413922119140625,-0.8045345070933461,2.0045111334670485,2.0906203002929686,-0.08610916682592018
S43A12T04,raw,7,0.23333333333333334,False,False,0.2243809236239321,0.06646447753906237,-1.4009024687575964,-1.2348926391601562,-0.16600982959744015,-0.16071378631577024,0.6485761108398438,-0.8092898971556141,2.0004860970847105,2.0950363159179686,-0.09455021883325809
S43A12T04,raw,8,0.26666666666666666,False,False,0.2301763957876189,0.02811303710937496,-1.3975852359428593,-1.219318115234375,-0.17826712070848427,-0.16176142336391186,0.6455105895996094,-0.8072720129635212,2.001623760650284,2.095077392578125,-0.09345363192784095
S43A12T04,raw,9,0.3,False,False,0.23227818613259038,0.06473620605468766,-1.4041669250116613,-1.2257903442382814,-0.17837658077337992,-0.1591140081352645,0.6445091552734376,-0.8036231634087021,2.0043900862949946,2.0955375366210935,-0.09114745032609894
S43A12T04,raw,10,0.3333333333333333,False,False,0.22379633544184208,0.08224389648437502,-1.4035942093879386,-1.2301560058593752,-0.17343820352856332,-0.15851727265477467,0.6391668395996094,-0.7976841122543841,2.002946556499539,2.100454284667969,-0.09750772816842979
S43A12T04,raw,11,0.36666666666666664,False,False,0.22077964676526637,0.09355578613281246,-1.4057908198140425,-1.2347869262695312,-0.1710038935445113,-0.1586332397452752,0.6396200256347657,-0.7982532653800409,2.003367221753777,2.1003692016601567,-0.09700197990637971
S43A12T04,raw,12,0.4,False,False,0.21760451077247914,0.04979492187500001,-1.400070625767093,-1.228066650390625,-0.17200397537646794,-0.16046643993456786,0.6398185119628906,-0.8002849518974585,1.990507861578882,2.080182373046875,-0.08967451146799288
S43A12T04,raw,13,0.43333333333333335,False,False,0.217877180744601,0.08719726562499996,-1.4028749691808904,-1.2336494140625,-0.16922555511839033,-0.16132114248602883,0.6320639343261718,-0.7933850768122006,1.994406891005053,2.076523681640625,-0.0821167906355722
S43A12T04,raw,14,0.4666666666666667,False,False,0.2183527408251611,0.050470214843749917,-1.3967843455707145,-1.2196954345703124,-0.17708891100040214,-0.16237667435143024,0.6312281799316406,-0.7936048542830708,1.9901756049270578,2.076930725097656,-0.08675512017059828
S43A12T04,raw,15,0.5,False,False,0.2172113013189523,0.08486682128906264,-1.4006584823990431,-1.2272608032226562,-0.17339767917638693,-0.16161808726793825,0.6264061279296875,-0.7880242151976258,1.9915388629523647,2.0726935424804687,-0.08115467952810396
S43A12T04,raw,16,0.5333333333333333,False,False,0.21611819085216913,0.103104736328125,-1.403058692876436,-1.2344135742187499,-0.16864511865768606,-0.16382612700210777,0.6268965454101563,-0.790722672412264,1.9934116626059555,2.0722921752929686,-0.07888051268701313
S43A12T04,raw,17,0.5666666666666667,False,False,0.21871734983569271,0.06732189941406252,-1.3976733259468475,-1.2222483520507812,-0.17542497389606626,-0.16414329419412785,0.6331785583496095,-0.7973218525437373,1.9876084028653696,2.06426318359375,-0.07665478072838039
S43A12T04,raw,18,0.6,False,False,0.22303030190998574,0.06484338378906251,-1.399877363913223,-1.2269076538085937,-0.17296971010462925,-0.1655543247232435,0.6185518493652344,-0.7841061740884779,1.988805185733183,2.060545166015625,-0.0717399802824421
S43A12T04,raw,19,0.6333333333333333,False,False,0.22327585397120314,0.06435278320312499,-1.3999683526528923,-1.2276534423828125,-0.17231491027007984,-0.16551576015290068,0.6186737976074219,-0.7841895577603226,1.9889528233782485,2.0605319213867186,-0.07157909800847007
S43A12T04,raw,20,0.6666666666666666,False,True,0.22327585397120314,0.06435278320312499,-1.3999683526528923,-1.2276534423828125,-0.17231491027007984,-0.16551576015290068,0.6186737976074219,-0.7841895577603226,1.9889528233782485,2.0605319213867186,-0.07157909800847007
S43A12T04,raw,21,0.7,False,False,0.22718085141856006,0.013642211914062452,-1.4003358218832358,-1.2289683227539063,-0.17136749912932947,-0.1670179484549156,0.6284662780761718,-0.7954842265310874,1.9736524084444798,2.035507141113281,-0.06185473266880126
S43A12T04,raw,22,0.7333333333333333,False,False,0.23774533753045798,0.009965698242187404,-1.3996053589325266,-1.2259172973632813,-0.17368806156924532,-0.1658331951996627,0.6262550964355469,-0.7920882916352096,1.9736992659622115,2.0260902099609375,-0.052390943998726014
S43A12T04,raw,23,0.7666666666666667,False,False,0.24039032356350548,0.00375708007812503,-1.3985705957072048,-1.221864990234375,-0.17670560547282976,-0.16543492667742682,0.6230923767089844,-0.7885273033864113,1.9779646338389576,2.036959167480469,-0.058994533641511415
S43A12T04,raw,24,0.8,False,False,0.2403878958632089,0.003750122070312445,-1.3985701918614641,-1.2218638305664062,-0.1767063612950579,-0.16543533591247675,0.6230927124023438,-0.7885280483148205,1.9779664423441905,2.0369639892578126,-0.058997546913622134
S43A12T04,raw,25,0.8333333333333334,False,False,0.2394007283405739,0.0037667236328124964,-1.3965984730533896,-1.2182297973632812,-0.1783686756901084,-0.16517222133728104,0.6231015319824218,-0.7882737533197028,1.9805219367971028,2.04703173828125,-0.0665098014841472
S43A12T04,raw,26,0.8666666666666667,False,False,0.23121710311179036,0.059358642578125176,-1.397779881877773,-1.2195125732421874,-0.1782673086355855,-0.16160576153624334,0.6295921020507813,-0.7911978635870247,1.988331903286396,2.0597890014648437,-0.0714570981784477
S43A12T04,raw,27,0.9,False,False,0.22909522701407697,0.080169677734375,-1.3993935036313154,-1.2285155029296875,-0.17087800070162795,-0.16095505265310603,0.6349320983886719,-0.795887151041778,1.991353169080294,2.074212097167969,-0.08285892808767503
S43A12T04,raw,28,0.9333333333333333,False,False,0.22737438569299173,0.05171496582031265,-1.402153581223176,-1.2399293823242188,-0.16222419889895723,-0.1622018978140217,0.6363190002441406,-0.7985208980581623,1.9783338585551404,2.0520223999023437,-0.07368854134720326
S43A12T04,raw,29,0.9666666666666667,False,False,0.2284571330372344,0.07468139648437488,-1.397581710776705,-1.2352344970703126,-0.16234721370639238,-0.16109786975606347,0.6345457458496093,-0.7956436156056728,1.9869414601393272,2.065505310058594,-0.07856384991926668
S43A12T04,raw,30,1.0,False,False,0.22845265220592922,0.07470227050781264,-1.3975811848385205,-1.2352323608398437,-0.16234882399867678,-0.16109781076164748,0.634544403076172,-0.7956422138378194,1.9869412548392125,2.065515197753906,-0.07857394291469366
S43A12T04,raw,31,1.0333333333333334,False,False,0.226544573398317,0.09237536621093745,-1.4012894925478339,-1.2373388061523438,-0.16395068639549004,-0.15960203976181309,0.63994873046875,-0.7995507702305631,1.989426602306305,2.072415466308594,-0.08298886400228889
S43A12T04,raw,32,1.0666666666666667,False,False,0.22318100524834078,0.05462854003906248,-1.391765595510725,-1.2227457885742188,-0.1690198069365063,-0.15879812243174662,0.6424681091308594,-0.801266231562606,1.9824312924805347,2.0705964965820316,-0.08816520410149686
S43A12T04,raw,33,1.1,False,False,0.225876505238347,0.07095312499999995,-1.3979226948283794,-1.2289039306640626,-0.16901876416431683,-0.1598495854275118,0.6315086059570312,-0.791358191384543,1.9842142453523042,2.0646878662109374,-0.08047362085863319
S43A12T04,raw,34,1.1333333333333333,False,False,0.22787387030840545,0.03498596191406245,-1.3909543956185606,-1.2132841186523438,-0.17767027696621684,-0.16136562932520626,0.6405691528320313,-0.8019347821572376,1.982605330558027,2.0626302490234374,-0.08002491846541049
S43A12T04,raw,35,1.1666666666666667,False,True,0.22787387030840545,0.03498596191406245,-1.3909543956185606,-1.2132841186523438,-0.17767027696621684,-0.16136562932520626,0.6405691528320313,-0.8019347821572376,1.982605330558027,2.0626302490234374,-0.08002491846541049
S43A12T04,raw,36,1.2,False,False,0.22760482317705796,0.08701306152343746,-1.3950689629104736,-1.2207507934570314,-0.17431816945344214,-0.16145933324234743,0.6391224060058593,-0.8005817392482067,1.98547936593893,2.0686473388671875,-0.0831679729282575
S43A12T04,raw,37,1.2333333333333334,False,True,0.22760482317705796,0.08701306152343746,-1.3950689629104736,-1.2207507934570314,-0.17431816945344214,-0.16145933324234743,0.6391224060058593,-0.8005817392482067,1.98547936593893,2.0686473388671875,-0.0831679729282575
S43A12T04,raw,38,1.2666666666666666,False,False,0.2201978409652604,0.031197021484375087,-1.3970297434858914,-1.2313447265625,-0.16568501692339144,-0.16165428082061367,0.6338034057617188,-0.7954576865823324,1.9645876458796152,2.0328031616210938,-0.06821551574147855
S43A12T04,raw,39,1.3,False,False,0.23069390234412396,0.07484765625,-1.3957111791308916,-1.228116943359375,-0.16759423577151655,-0.15911815319323958,0.6388720397949219,-0.7979901929881614,1.980609335585416,2.04542578125,-0.06481644566458411
S43A12T04,raw,40,1.3333333333333333,False,False,0.22993124102681073,0.08985363769531252,-1.3958460131727919,-1.2301140747070312,-0.16573193846576073,-0.15850285908844872,0.6401395263671875,-0.7986423854556363,1.9823888812442874,2.0604164428710936,-0.07802756162680624
S43A12T04,raw,41,1.3666666666666667,False,False,0.22870897280822425,0.06085974121093751,-1.390567752373409,-1.2201633911132812,-0.1704043612601278,-0.15919525395190193,0.6406050109863282,-0.7998002649382301,1.9773918824754253,2.0595717773437503,-0.082179894868325
S43A12T04,raw,42,1.4,False,True,0.22870897280822425,0.06085974121093751,-1.390567752373409,-1.2201633911132812,-0.1704043612601278,-0.15919525395190193,0.6406050109863282,-0.7998002649382301,1.9773918824754253,2.0595717773437503,-0.082179894868325
S43A12T04,raw,43,1.4333333333333333,False,False,0.2298401863714291,0.014585083007812694,-1.3931233682619508,-1.2264019165039062,-0.16672145175804465,-0.1625353739937023,0.6317201843261719,-0.7942555583198743,1.9659661986609132,2.030540283203125,-0.06457408454221203
S43A12T04,raw,44,1.4666666666666666,False,False,0.2360640518077126,0.020171142578125023,-1.39193522591776,-1.2245406494140627,-0.16739457650369727,-0.15984070687873544,0.6371148071289062,-0.7969555140076416,1.9649370640485213,2.0200126953125,-0.05507563126397863
S43A12T04,raw,45,1.5,False,False,0.23515004163486575,0.028020507812499984,-1.390139592088633,-1.2215695800781252,-0.1685700120105078,-0.16149924502798937,0.6262465515136719,-0.7877457965416613,1.9721993241218754,2.03543798828125,-0.06323866415937474
S43A12T04,raw,46,1.5333333333333334,False,False,0.23424408031086688,0.025527099609375048,-1.3842926955456585,-1.2090377197265627,-0.17525497581909577,-0.1594385752542395,0.6361819763183594,-0.7956205515725989,1.967092144724651,2.0346453247070313,-0.06755317998238031
S43A12T04,raw,47,1.5666666666666667,False,False,0.2284318530560854,0.07738806152343747,-1.390301927094753,-1.2134491577148439,-0.17685276937990912,-0.15843176348613028,0.6316021728515625,-0.7900339363376928,1.9760148053718896,2.0432730102539063,-0.06725820488201673
S43A12T04,raw,48,1.6,False,False,0.2216680511647757,0.09998181152343744,-1.3920027265718005,-1.2202968139648438,-0.17170591260695667,-0.15789309770294335,0.6339286804199219,-0.7918217781228652,1.9786753950493756,2.0566770629882813,-0.07800166793890573
S43A12T04,raw,49,1.6333333333333333,False,False,0.2208923042575823,0.10581384277343764,-1.3912116543222148,-1.2264265747070313,-0.16478507961518352,-0.15900063744842577,0.6339638977050781,-0.7929645351535038,1.9776571765849018,2.062370544433594,-0.08471336784869199
S43A12T04,raw,50,1.6666666666666667,False,False,0.22088013526010591,0.10585754394531266,-1.3912211684918032,-1.2264645385742188,-0.16475662991758444,-0.1589968506946023,0.6339811401367188,-0.792977990831321,1.9776694925747555,2.062377197265625,-0.0847077046908693
S43A12T04,raw,51,1.7,False,False,0.21884035443552333,0.11499267578125005,-1.3923079538614531,-1.225538818359375,-0.16676913550207817,-0.1576727039824591,0.6419629516601563,-0.7996356556426154,1.9815957825925559,2.07057958984375,-0.08898380725119392
S43A12T04,raw,52,1.7333333333333334,False,False,0.21791706494943586,0.11847045898437503,-1.3923949054446363,-1.2271629638671877,-0.16523194157744858,-0.1574562874429569,0.6419662780761719,-0.7994225655191288,1.9818504214638435,2.073401306152344,-0.09155088468850048
S43A12T04,raw,53,1.7666666666666666,False,False,0.21525652502928083,0.07461840820312493,-1.3824970804337882,-1.213319580078125,-0.16917750035566326,-0.159807850885362,0.6391170654296875,-0.7989249163150495,1.9761208259970136,2.0724092407226564,-0.09628841472564287
S43A12T04,raw,54,1.8,False,False,0.21926792130701447,0.10139819335937506,-1.3891230526926694,-1.2222852783203124,-0.16683777437235703,-0.1591440652141313,0.6358304748535156,-0.7949745400676469,1.9799339734503851,2.07361279296875,-0.09367881951836488
S43A12T04,raw,55,1.8333333333333333,False,False,0.21871092858325553,0.07045056152343743,-1.3814021549617195,-1.2107070922851562,-0.17069506267656331,-0.16170148285482072,0.6370748291015624,-0.7987763119563831,1.9728497097057411,2.0646243286132813,-0.09177461890754013
S43A12T04,raw,56,1.8666666666666667,False,False,0.22332584081502657,0.0428951416015626,-1.3773151932687093,-1.1980756225585938,-0.17923957071011554,-0.15995229312222248,0.6352633361816407,-0.7952156293038631,1.9719639631532346,2.0648375854492187,-0.09287362229598406
S43A12T04,raw,57,1.9,False,False,0.22815642935000346,0.013260498046875124,-1.3862133413412363,-1.2144241943359375,-0.1717891470052988,-0.16228296867032915,0.6335795288085938,-0.795862497478923,1.9581427717822444,2.0259027099609375,-0.06775993817869308
S43A12T04,raw,58,1.9333333333333333,False,False,0.22623551140656634,0.07503967285156254,-1.3884104501158179,-1.2159193725585937,-0.17249107755722415,-0.15800373773982443,0.6399529113769531,-0.7979566491167775,1.9718681324754668,2.0362830200195314,-0.06441488754406466
S43A12T04,raw,59,1.9666666666666666,True,False,0.24097683281121987,0.059235229492187624,-1.3950111063975026,-1.2160263061523438,-0.17898480024515884,-0.1814389879828501,0.6592072143554688,-0.8406462023383189,1.9685531462854713,2.008745361328125,-0.04019221504265369
S43A12T04,raw,60,2.0,False,True,0.24097683281121987,0.059235229492187624,-1.3950111063975026,-1.2160263061523438,-0.17898480024515884,-0.1814389879828501,0.6592072143554688,-0.8406462023383189,1.9685531462854713,2.008745361328125,-0.04019221504265369
S43A12T04,raw,61,2.033333333333333,False,True,0.24097683281121987,0.059235229492187624,-1.3950111063975026,-1.2160263061523438,-0.17898480024515884,-0.1814389879828501,0.6592072143554688,-0.8406462023383189,1.9685531462854713,2.008745361328125,-0.04019221504265369
S43A12T04,raw,62,2.066666666666667,False,False,0.24338690116971956,0.05123779296874997,-1.393360512116729,-1.2229381103515626,-0.17042240176516632,-0.1790026219576374,0.6599744262695313,-0.8389770482271687,1.9640934980781015,2.0092219848632813,-0.04512848678517978
S43A12T04,raw,63,2.1,False,False,0.244415207030781,0.04394458007812507,-1.3948759589237052,-1.2275056152343748,-0.16737034368933035,-0.17709083239228884,0.6596633911132812,-0.83675422350557,1.9608506880774577,2.009569274902344,-0.04871858682488628
S43A12T04,raw,64,2.1333333333333333,False,False,0.24647838534714595,0.02231335449218741,-1.3961882134413786,-1.2382799682617187,-0.15790824517965985,-0.17622732849602799,0.6577243957519532,-0.8339517242479811,1.9513897814882786,2.001657470703125,-0.05026768921484659
S43A12T04,raw,65,2.1666666666666665,False,False,0.24147062394304364,0.03740197753906238,-1.3939361938388157,-1.2366295776367187,-0.15730661620209707,-0.17180491293823233,0.6544407348632812,-0.8262456478015135,1.9538318046832375,1.9983363037109374,-0.04450449902769993
S43A12T04,raw,66,2.2,False,False,0.24140381262061114,0.03768652343750012,-1.3939206572880602,-1.236563232421875,-0.1573574248661853,-0.17178931718045054,0.6544187316894532,-0.8262080488699037,1.9538608951883691,1.9983886108398439,-0.04452771565147473
S43A12T04,raw,67,2.2333333333333334,False,False,0.22683937079201344,0.1024676513671876,-1.3921426320954826,-1.2367445678710938,-0.15539806422438884,-0.15626479792809958,0.6469329223632813,-0.8031977202913808,1.9717667097612106,2.0238217163085936,-0.05205500654738304
S43A12T04,raw,68,2.2666666666666666,True,False,0.24719704195602554,0.16218212890624994,-1.3933227626303892,-1.2711558837890626,-0.1221668788413266,-0.16194927250824298,0.6987702941894531,-0.8607195666976961,1.9815523368030703,2.0306265258789065,-0.04907418907583616
S43A12T04,raw,69,2.3,False,True,0.24719704195602554,0.16218212890624994,-1.3933227626303892,-1.2711558837890626,-0.1221668788413266,-0.16194927250824298,0.6987702941894531,-0.8607195666976961,1.9815523368030703,2.0306265258789065,-0.04907418907583616
S43A12T04,raw,70,2.3333333333333335,False,True,0.24719704195602554,0.16218212890624994,-1.3933227626303892,-1.2711558837890626,-0.1221668788413266,-0.16194927250824298,0.6987702941894531,-0.8607195666976961,1.9815523368030703,2.0306265258789065,-0.04907418907583616
S43A12T04,raw,71,2.3666666666666667,False,True,0.24719704195602554,0.16218212890624994,-1.3933227626303892,-1.2711558837890626,-0.1221668788413266,-0.16194927250824298,0.6987702941894531,-0.8607195666976961,1.9815523368030703,2.0306265258789065,-0.04907418907583616
S43A12T04,raw,72,2.4,False,True,0.24719704195602554,0.16218212890624994,-1.3933227626303892,-1.2711558837890626,-0.1221668788413266,-0.16194927250824298,0.6987702941894531,-0.8607195666976961,1.9815523368030703,2.0306265258789065,-0.04907418907583616
S43A12T04,raw,73,2.433333333333333,False,True,0.24719704195602554,0.16218212890624994,-1.3933227626303892,-1.2711558837890626,-0.1221668788413266,-0.16194927250824298,0.6987702941894531,-0.8607195666976961,1.9815523368030703,2.0306265258789065,-0.04907418907583616
S43A12T04,raw,74,2.466666666666667,False,False,0.1407127458461905,0.08917651367187496,-1.387588560760158,-1.317516845703125,-0.07007171505703291,-0.16437026172596986,0.7202142333984376,-0.8845844951244075,1.9807951862331812,1.9885866088867188,-0.007791422653537605
S43A12T04,raw,75,2.5,False,True,0.1407127458461905,0.08917651367187496,-1.387588560760158,-1.317516845703125,-0.07007171505703291,-0.16437026172596986,0.7202142333984376,-0.8845844951244075,1.9807951862331812,1.9885866088867188,-0.007791422653537605
S43A12T04,raw,76,2.533333333333333,False,True,0.1407127458461905,0.08917651367187496,-1.387588560760158,-1.317516845703125,-0.07007171505703291,-0.16437026172596986,0.7202142333984376,-0.8845844951244075,1.9807951862331812,1.9885866088867188,-0.007791422653537605
S43A12T04,raw,77,2.566666666666667,False,False,0.16538946321288414,0.1229449462890626,-1.3881111760612368,-1.3278480834960937,-0.06026309256514306,-0.1813149102121348,0.7204884948730469,-0.9018034050851818,1.9961177345351597,1.91095068359375,0.08516705094140975
S43A12T04,raw,78,2.6,False,False,0.07172946817532923,0.06407751464843736,-1.374630017322235,-1.2801416625976563,-0.09448835472457873,-0.17426113391502207,0.7051584167480469,-0.879419550663069,2.0306350002507014,1.9686570434570312,0.06197795679367024
S43A12T04,raw,79,2.6333333333333333,False,False,0.0953327154459725,0.07256982421875002,-1.372268073494674,-1.2638166503906252,-0.10845142310404876,-0.17318499957051403,0.7067726440429687,-0.8799576436134827,2.0348961564976884,1.9816565551757814,0.05323960132190697
S43A12T04,raw,80,2.6666666666666665,False,False,0.1322030725800258,0.11892309570312509,-1.373217598238242,-1.279765380859375,-0.093452217378867,-0.1657267523502784,0.7385729675292969,-0.9042997198795752,2.025294644966482,1.9321978759765623,0.09309676898991981
S43A12T04,raw,81,2.7,False,False,0.12049598800652557,0.09131384277343746,-1.376047463000436,-1.2443610229492186,-0.13168644005121743,-0.16648917695001053,0.734001220703125,-0.9004903976531355,2.056895156882375,2.0473007202148437,0.009594436667531347
S43A12T04,raw,82,2.7333333333333334,True,False,0.19071913946906727,0.17431762695312503,-1.3627159630920493,-1.31814404296875,-0.04457192012329925,-0.1614143924110166,0.7129231872558595,-0.8743375796668761,2.0510572672640435,1.9607636718750001,0.09029359538904336
S43A12T04,raw,83,2.7666666666666666,False,False,0.13665304701167,0.12881738281249988,-1.3463602119293934,-1.318463623046875,-0.027896588882518447,-0.15026318216054943,0.7236707458496094,-0.8739339280101589,2.073128425275968,1.9656260375976562,0.10750238767831166
S43A12T04,raw,84,2.8,False,False,0.1992372671344019,0.1495748291015624,-1.3365327913112919,-1.3411322631835938,0.004599471872301919,-0.14959175539517852,0.7055907592773438,-0.8551825146725224,2.06709576745291,1.9443504028320313,0.12274536462087848
S43A12T04,raw,85,2.8333333333333335,False,False,0.22028667861791654,0.13690173339843748,-1.31651156727998,-1.3242138061523439,0.007702238872363765,-0.1328269115683645,0.7427222900390625,-0.875549201607427,2.095731519757098,1.941779541015625,0.15395197874147293
S43A12T04,raw,86,2.8666666666666667,False,False,0.22851646789819186,0.1468516845703125,-1.311669173895837,-1.3304564819335938,0.018787308037756745,-0.12816744510989003,0.7413305053710938,-0.8694979504809839,2.1027426937090925,1.9328132934570312,0.16992940025206127
S43A12T04,raw,87,2.9,False,False,0.24168994324187568,0.13657946777343755,-1.3011428672992444,-1.3451813354492188,0.044038468149974364,-0.11226526303404541,0.7278730773925781,-0.8401383404266235,2.1180584534729916,1.9173377075195313,0.20072074595346034
S43A12T04,raw,88,2.933333333333333,False,False,0.2600370102300425,0.17223242187499999,-1.2870339609130834,-1.355216064453125,0.06818210354004162,-0.0900040630627392,0.7518448486328124,-0.8418489116955516,2.142461216133295,1.9200133056640625,0.22244791046923273
S43A12T04,raw,89,2.966666666666667,False,False,0.2594981934847111,0.16470178222656262,-1.261733812575933,-1.3481819458007813,0.08644813322484834,-0.06988117578155156,0.7559753112792968,-0.8258564870608485,2.173182114020029,1.9343591918945313,0.23882292212549783
S43A12T04,raw,90,3.0,False,False,0.22468771942553067,0.18063940429687508,-1.2420092792617836,-1.3452506103515627,0.10324133108977906,-0.034742063168740636,0.7887450866699219,-0.8234871498386626,2.207194235574663,1.9630935668945313,0.24410066868013192
S43A12T04,raw,91,3.033333333333333,False,False,0.22031194987346747,0.17598913574218744,-1.2295840419128217,-1.3560839233398436,0.12649988142702195,-0.01020958891899846,0.7803774108886719,-0.7905869998076703,2.2247250652800705,1.9728599853515627,0.2518650799285078
S43A12T04,raw,92,3.066666666666667,False,False,0.22162205091888157,0.17828002929687514,-1.212417382610667,-1.3621717529296875,0.1497543703190205,0.016443476942275125,0.7624636535644531,-0.746020176622178,2.247813549364175,1.9796483764648438,0.26816517289933106
S43A12T04,raw,93,3.1,False,False,0.2590107279069398,0.1130780029296874,-1.1552457668950609,-1.2504894409179688,0.0952436740229079,0.06897343549887718,0.7930072326660156,-0.7240337971671384,2.294699710972953,2.0474814453125,0.2472182656604529
S43A12T04,raw,94,3.1333333333333333,False,False,0.2271651756879102,0.13180688476562508,-1.12952081068158,-1.24383935546875,0.11431854478716996,0.09805470010834044,0.7449629211425781,-0.6469082210342376,2.3187346101604054,2.0190009765625,0.2997336335979055
S43A12T04,raw,95,3.1666666666666665,False,False,0.24940820059732283,0.1440931396484375,-1.1032112222247494,-1.2276405639648438,0.12442934174009435,0.1424554898106251,0.7521260986328125,-0.6096706088221875,2.353438058210494,2.0281170043945314,0.32532105381596255
S43A12T04,raw,96,3.2,True,False,0.21753549731541102,0.214719482421875,-1.0851060201480378,-1.3522222900390626,0.26711626989102477,0.21603408978687733,0.8210535888671875,-0.6050194990803102,2.4078534138218655,2.0867135009765625,0.32113991284530297
S43A12T04,raw,97,3.2333333333333334,True,False,0.19792138429506964,0.1877402343750001,-1.0625239667002429,-1.3197972412109376,0.2572732745106947,0.2657866022523064,0.8196658630371094,-0.5538792607848031,2.3971704274409182,1.92475634765625,0.4724140797846683
S43A12T04,raw,98,3.2666666666666666,False,False,0.1862240337997988,0.18308715820312504,-1.0476443253830523,-1.367072509765625,0.3194281843825728,0.30514776680759104,0.7596589965820313,-0.45451122977444025,2.4306209613753125,1.9082699584960938,0.5223510028792187
S43A12T04,raw,99,3.3,True,False,0.16422357870147597,0.16364843750000002,-1.0003696308531451,-1.381033203125,0.380663572271855,0.3279481535813035,0.6527099914550781,-0.3247618378737746,2.539628200399688,2.1620936279296874,0.37753457247000055
S43A12T04,raw,100,3.3333333333333335,True,False,0.030947445877768515,0.01670251464843764,-0.9704669040006381,-1.4373517456054687,0.4668848416048307,0.35706242574246777,0.5996141662597656,-0.24255174051729783,2.5765679309073155,2.2176767578125,0.35889117309481566
S43A12T04,raw,101,3.3666666666666667,True,False,0.11450917773374097,0.11035168457031252,-0.9612079094836619,-1.4390945434570312,0.4778866339733694,0.37025752889343955,0.6091728210449219,-0.23891529215148233,2.604264796336377,2.1766495361328126,0.42761526020356433
S43A12T04,raw,102,3.4,True,False,0.25350365996693064,0.199791015625,-0.9227720371965591,-1.3416850585937499,0.4189130213971908,0.30696532362687284,0.26940867614746095,0.0375566474794119,2.644344095481345,2.2244466552734377,0.4198974402079072
S43A12T04,raw,103,3.433333333333333,True,False,0.2764514525906306,0.1378723144531251,-0.9472454632185351,-1.5706995849609375,0.6234541217424024,0.2783271680757706,0.14234796142578127,0.13597920664998936,2.727933160245615,2.3646437988281255,0.3632893614174897
S43A12T04,raw,104,3.466666666666667,False,False,0.2577204653954705,0.13028295898437503,-0.9280194463147436,-1.5563096923828126,0.6282902460680689,0.27879218442936954,0.15796196746826172,0.12083021696110782,2.7140815682976753,2.3336082763671877,0.3804732919304876
S43A12T04,raw,105,3.5,True,False,0.39323085033748695,0.2585748291015624,-0.894273929071933,-1.4070230102539063,0.5127490811819733,0.2901608662393465,0.22353380584716798,0.06662706039217853,2.6891314406060194,2.21157861328125,0.47755282732476934
S43A12T04,raw,106,3.533333333333333,True,False,0.35037540501364595,0.20871093750000003,-0.9091496641630924,-1.4940318603515625,0.5848821961884701,0.2744316582970771,0.17106494903564456,0.10336670926143254,2.672556053419264,2.166442138671875,0.506113914747389
S43A12T04,raw,107,3.566666666666667,True,False,0.2744414619924801,0.16052233886718748,-0.900355480975567,-1.4899010620117188,0.5895455810361518,0.25946383187144495,0.15322897720336914,0.1062348546680758,2.6643829471682423,2.0914871826171875,0.5728957645510548
S43A12T04,raw,108,3.6,True,False,0.10370452303847143,0.050296752929687605,-0.888001669642621,-1.458201599121094,0.570199929478473,0.23652728313834137,0.10777372169494628,0.1287535614433951,2.6757866626683033,2.0197938842773437,0.6559927783909596
S43A12T04,raw,109,3.6333333333333333,False,False,0.10549262308085723,0.03706225585937495,-0.884156872173846,-1.4534290771484377,0.5692722049745917,0.2463968347695165,0.035528854370117186,0.2108679803993993,2.6755041273210916,2.0334923095703124,0.6420118177507792
S43A12T04,raw,110,3.6666666666666665,True,False,0.1741380887906221,0.1004437255859374,-0.8843765545519532,-1.4407839965820313,0.5564074420300781,0.2516630805679689,0.010661493301391604,0.24100158726657728,2.6749706600552785,2.0145845947265624,0.6603860653287161
S43A12T04,raw,111,3.7,False,False,0.24239120979978684,0.13092358398437498,-0.8737022464274296,-1.4090172119140627,0.5353149654866332,0.25718098940860273,-0.005050464630126952,0.26223145403872966,2.6816953886291954,2.0297481689453125,0.6519472196838829
S43A12T04,raw,112,3.7333333333333334,True,False,0.25671254185885983,0.14932397460937508,-0.8533007910750315,-1.3779007568359374,0.5245999657609058,0.2710596789461913,-0.02436431884765625,0.2954239977938476,2.709474205055534,2.031693603515625,0.6777806015399093
S43A12T04,raw,113,3.7666666666666666,False,False,0.32094945257630647,0.1532761230468751,-0.8477646285006724,-1.3503259277343749,0.5025612992337025,0.2885816362918757,0.009791576385498046,0.2787900599063777,2.7209026868382926,2.026872253417969,0.6940304334203238
S43A12T04,raw,114,3.8,False,False,0.3131571321967255,0.1574915771484373,-0.8560828795589459,-1.3257109985351563,0.4696281189762104,0.3027619034034619,0.01508775901794434,0.2876741443855175,2.706924897285569,2.0316108398437502,0.6753140574418186
S43A12T04,raw,115,3.8333333333333335,True,False,0.28706568775430463,0.1396756591796875,-0.858743585178055,-1.3046325073242189,0.4458889221461638,0.3067417164096397,0.03238321304321289,0.2743585033664268,2.7059537115636614,2.035063171386719,0.6708905401769423
S43A12T04,raw,116,3.8666666666666667,False,False,0.3039316066789901,0.15285766601562512,-0.8718657101548046,-1.2964035644531249,0.42453785429832025,0.32106441569580957,0.07968340110778808,0.24138101458802147,2.708739448512659,2.0230789794921877,0.6856604690204713
S43A12T04,raw,117,3.9,True,False,0.26302939542526976,0.032160156250000016,-0.8824824121067674,-1.4065357666015625,0.5240533544947952,0.3244615685646401,0.058348617553710944,0.26611295101092913,2.7121990187287186,2.0424468994140628,0.6697521193146558
S43A12T04,raw,118,3.933333333333333,False,False,0.1564581454234533,0.0021241455078124805,-0.8868924854221909,-1.373123229980469,0.4862307445582781,0.31766902068718034,0.08052154541015624,0.2371474752770241,2.7287549778758833,2.0518572387695313,0.676897739106352
S43A12T04,raw,119,3.966666666666667,True,False,0.07291784105286112,0.04093066406250001,-0.88923020448215,-1.378884765625,0.4896545611428501,0.30583012939787346,0.12431078720092774,0.1815193421969457,2.7420443389249325,2.1141370849609373,0.6279072539639952
S43A12T04,raw,120,4.0,False,True,0.07291784105286112,0.04093066406250001,-0.88923020448215,-1.378884765625,0.4896545611428501,0.30583012939787346,0.12431078720092774,0.1815193421969457,2.7420443389249325,2.1141370849609373,0.6279072539639952
S43A12T04,raw,121,4.033333333333333,False,True,0.07291784105286112,0.04093066406250001,-0.88923020448215,-1.378884765625,0.4896545611428501,0.30583012939787346,0.12431078720092774,0.1815193421969457,2.7420443389249325,2.1141370849609373,0.6279072539639952
S43A12T04,raw,122,4.066666666666666,False,True,0.07291784105286112,0.04093066406250001,-0.88923020448215,-1.378884765625,0.4896545611428501,0.30583012939787346,0.12431078720092774,0.1815193421969457,2.7420443389249325,2.1141370849609373,0.6279072539639952
S43A12T04,raw,123,4.1,False,True,0.07291784105286112,0.04093066406250001,-0.88923020448215,-1.378884765625,0.4896545611428501,0.30583012939787346,0.12431078720092774,0.1815193421969457,2.7420443389249325,2.1141370849609373,0.6279072539639952
S43A12T04,raw,124,4.133333333333334,False,False,0.09733595262177264,0.0016395263671875604,-0.8905448417467918,-1.3661293334960938,0.47558449174930195,0.3116854725162452,0.1513728141784668,0.16031265833777839,2.734422223353141,2.096424865722656,0.6379973576304847
S43A12T04,raw,125,4.166666666666667,False,False,0.07571313229643682,0.009573242187500108,-0.8975686673564746,-1.3642584228515626,0.46668975549508807,0.32440331441258874,0.17038162231445314,0.1540216920981356,2.7260255718566677,2.086647216796875,0.6393783550597929
S43A12T04,raw,126,4.2,True,False,0.15308110031745864,0.06515246582031242,-0.9025203591012864,-1.3902892456054687,0.4877688865041824,0.32493166602842266,0.18677639770507815,0.13815526832334452,2.73042413950145,2.116774963378906,0.6136491761225442
S43A12T04,raw,127,4.233333333333333,False,False,0.13310553375264933,0.050149414062500064,-0.9082634473580011,-1.4251947021484375,0.5169312547904363,0.32438101026622884,0.2022010498046875,0.12217996046154134,2.7340093647786605,2.1585795898437503,0.5754297749349102
S43A12T04,raw,128,4.266666666666667,True,False,0.0887727168899184,0.028245117187500002,-0.9225971948416999,-1.4914217529296874,0.5688245580879875,0.3423090712707646,0.2859681396484375,0.05634093162232712,2.726226248230507,2.1233365478515625,0.6028897003789444
S43A12T04,raw,129,4.3,False,False,0.07242502579568441,0.0066757812500000124,-0.9193916019194731,-1.4796383056640625,0.5602467037445894,0.339877866555199,0.3001257934570313,0.03975207309816775,2.719777782189494,2.1435998535156253,0.5761779286738689
S43A12T04,raw,130,4.333333333333333,True,False,0.11264609614549652,0.025995849609375066,-0.9140757358050053,-1.4797606201171876,0.5656848843121822,0.3269368426112027,0.2529121551513672,0.07402468745983548,2.744422284276944,2.2307705078125,0.5136517764644437
S43A12T04,raw,131,4.366666666666666,False,False,0.14463064147629515,0.04784667968749989,-0.9212205394978585,-1.522046875,0.6008263355021415,0.3148331450173561,0.22152101135253904,0.09331213366481705,2.757879238637189,2.275703735351563,0.4821755032856263
S43A12T04,raw,132,4.4,False,False,0.17284082310102306,0.06693933105468752,-0.9239626202372763,-1.5266694946289063,0.6027068743916301,0.3017793601390961,0.2023876419067383,0.09939171823235782,2.755481292686012,2.3019082031250004,0.4535730895610115
S43A12T04,raw,133,4.433333333333334,True,False,0.1871009662771506,0.09730236816406235,-0.9220668692038063,-1.5272827758789063,0.6052159066751,0.30785772057648586,0.20330084228515627,0.10455687829132959,2.757010066565138,2.3085272216796877,0.4484828448854503
S43A12T04,raw,134,4.466666666666667,False,False,0.19472343382392865,0.10504907226562499,-0.9212458713855771,-1.525266357421875,0.6040204860362979,0.3082990191130626,0.20393566131591795,0.10436335779714467,2.7535586524662716,2.310867919921875,0.4426907325443965
S43A12T04,raw,135,4.5,True,False,0.12467558053158823,0.030823852539062502,-0.9265843382768403,-1.5352891235351565,0.6087047852583162,0.32931075622616934,0.27532775878906246,0.05398299743710688,2.7104818791226584,2.2024384765625,0.5080434025601583
S43A12T04,raw,136,4.533333333333333,False,False,0.08240020677797877,0.007043334960937342,-0.9303977024662586,-1.5297117309570312,0.5993140284907725,0.3298019916964798,0.2766569976806641,0.05314499401581568,2.712191568736494,2.1876064453125004,0.5245851234239938
S43A12T04,raw,137,4.566666666666666,False,False,0.09554927519515123,0.014907714843749975,-0.9263043907727051,-1.50953125,0.5832268592272949,0.3379994821171188,0.32903729248046876,0.00896218963665002,2.711488669822739,2.1702110595703124,0.5412776102524268
S43A12T04,raw,138,4.6,False,False,0.06941587633372419,0.014934570312499895,-0.9336151047008264,-1.5280308837890626,0.5944157790882362,0.3455650236990575,0.3524768524169922,-0.00691182871793472,2.711081913362928,2.165466186523438,0.5456157268394901
S43A12T04,raw,139,4.633333333333334,False,False,0.07577205676572896,0.051178100585937525,-0.9494188530099411,-1.5443991088867188,0.5949802558767777,0.34703198253486695,0.3661857147216797,-0.019153732186812766,2.709437284684894,2.1574403076171875,0.5519969770677067
S43A12T04,raw,140,4.666666666666667,False,False,0.21457279385656824,0.19277856445312502,-0.953170335617678,-1.5154967041015626,0.5623263684838845,0.3489511788121583,0.34281531524658204,0.006135863565576272,2.7096424664442424,2.0962849121093754,0.613357554334867
S43A12T04,raw,141,4.7,False,False,0.16711906354732203,0.15359362792968745,-0.9545544956465057,-1.5379297485351562,0.5833752528886504,0.3494751467301474,0.35850171661376956,-0.00902656988362216,2.71147688580967,2.119127685546875,0.5923492002627948
S43A12T04,raw,142,4.733333333333333,False,False,0.09950036515003854,0.09583020019531241,-0.9616629403506868,-1.5816503295898436,0.6199873892391569,0.333225292771555,0.35630548095703124,-0.023080188185476247,2.7129428663287762,2.13551220703125,0.577430659297526
S43A12T04,raw,143,4.766666666666667,False,False,0.032418508274890026,0.02730297851562491,-0.9590314717399168,-1.5796823730468752,0.6206509013069584,0.32920404000868375,0.3462846755981446,-0.017080635589460824,2.7110530786183205,2.1455169677734376,0.5655361108448829
S43A12T04,raw,144,4.8,False,False,0.05046956328808515,0.004978759765625007,-0.9552999716896483,-1.5740576171875,0.6187576454978517,0.32477151437630764,0.3350953903198242,-0.01032387594351658,2.7050337053954565,2.1376124267578125,0.567421278637644
S43A12T04,raw,145,4.833333333333333,False,False,0.06393539780260996,0.020957885742187488,-0.9564376446885865,-1.575280212402344,0.6188425677137575,0.3245498007589821,0.33995568847656255,-0.015405887717580447,2.7069873109914755,2.12932861328125,0.5776586977102256
S43A12T04,raw,146,4.866666666666666,False,False,0.09382962956965168,0.03756469726562517,-0.9606060136990628,-1.5984613037109376,0.6378552900118748,0.32644578719223305,0.34480401611328126,-0.018358228921048214,2.6993546447862213,2.1268325195312503,0.572522125254971
S43A12T04,raw,147,4.9,False,False,0.10627170911624476,0.044641601562499966,-0.9628571413679832,-1.6079368896484376,0.6450797482804544,0.32593013381079533,0.3479506149291992,-0.02202048111840388,2.6995730937532088,2.130898071289063,0.5686750224641459
S43A12T04,raw,148,4.933333333333334,False,False,0.12432872236094417,0.057003784179687544,-0.9624652669237078,-1.6100046997070314,0.6475394327833236,0.32534597274136107,0.36675371551513675,-0.04140774277377568,2.697429513631275,2.14167333984375,0.555756173787525
S43A12T04,raw,149,4.966666666666667,False,False,0.1850094623918583,0.1286915283203125,-0.9604142238908694,-1.5823378295898438,0.6219236056989744,0.3230253943305796,0.3569907989501953,-0.033965404619615724,2.6937060403633435,2.1566126708984377,0.5370933694649058
S43A12T04,raw,150,5.0,True,False,0.49387124977618074,0.36512011718750004,-0.947312973327074,-1.4570950927734376,0.5097821194463636,0.320289508306289,0.3205371246337891,-0.00024761632750008866,2.6731378570500217,2.0122468872070316,0.6608909698429901
S43A12T04,raw,151,5.033333333333333,False,False,0.5172024155318712,0.4060943603515623,-0.9587182027831129,-1.4276309204101563,0.46891271762704334,0.32119919655805246,0.30769122314453123,0.013507973413521224,2.6714225568994348,2.003525634765625,0.6678969221338096
S43A12T04,raw,152,5.066666666666666,False,False,0.5111953090996503,0.39996032714843754,-0.970923487273741,-1.4631430053710939,0.49221951809735287,0.3105073962937898,0.2984976043701172,0.01200979192367263,2.669010120885922,2.007267578125,0.6617425427609218
S43A12T04,raw,153,5.1,False,False,0.39478250348120797,0.3010018310546876,-0.9792558994612265,-1.5229065551757812,0.5436506557145547,0.3103238637831133,0.3363853149414062,-0.026061451158292948,2.6681422636839263,2.0431112670898437,0.6250309965940826
S43A12T04,raw,154,5.133333333333334,False,False,0.3170810622382723,0.25235009765625005,-0.9879988711131552,-1.540146240234375,0.5521473691212199,0.31185206741489796,0.3811337432861328,-0.06928167587123485,2.6668819673898834,2.0655166625976564,0.6013653047922269
S43A12T04,raw,155,5.166666666666667,False,False,0.30134579884471374,0.2418546142578124,-0.9857877992646714,-1.5357564086914062,0.5499686094267348,0.3100496125213733,0.41784674072265626,-0.10779712820128295,2.6705349697796334,2.083109924316406,0.5874250454632275
S43A12T04,raw,156,5.2,False,False,0.28389808795357047,0.2372551269531249,-0.9935704126738126,-1.5426348876953124,0.5490644750214998,0.3059147284947569,0.4476694793701172,-0.14175475087536027,2.6694008607070914,2.09908251953125,0.5703183411758412
S43A12T04,raw,157,5.233333333333333,True,False,0.4769119081235443,0.35054431152343746,-0.9988930414875863,-1.5005786743164062,0.50168563282882,0.30192405951124335,0.4113151397705078,-0.10939108025926447,2.6613278680386254,2.0260592041015624,0.635268663937063
S43A12T04,raw,158,5.266666666666667,False,False,0.33753745231178134,0.254382568359375,-1.0059151402743753,-1.5501065673828127,0.5441914271084374,0.3012462701301406,0.4598556518554688,-0.15860938172532818,2.660962673079857,2.1097740478515625,0.5511886252282943
S43A12T04,raw,159,5.3,False,False,0.28984802862839454,0.2170166015624999,-1.0174725217929959,-1.581259765625,0.5637872438320042,0.29703140954450324,0.4882154388427734,-0.19118402929827016,2.664228974384499,2.1594022216796875,0.5048267527048114
S43A12T04,raw,160,5.333333333333333,False,False,0.2597129795891942,0.1994600830078126,-1.0231237870062748,-1.5869605102539062,0.5638367232476313,0.29376404876843837,0.5201758728027344,-0.226411824034296,2.662281695799277,2.190150390625,0.47213130517427704
S43A12T04,raw,161,5.366666666666666,False,False,0.25370350140628645,0.20063256835937504,-1.0262168951582817,-1.5816397705078127,0.5554228753495309,0.29120736533722863,0.5437396545410156,-0.25253228920378695,2.658499769639987,2.2097454833984376,0.4487542862415492
S43A12T04,raw,162,5.4,False,False,0.25669775054208155,0.2153734130859375,-1.037722798232968,-1.5764356079101562,0.5387128096771883,0.291449358120419,0.5647384185791016,-0.27328906045868256,2.653326321392301,2.2254256591796873,0.4279006622126138
S43A12T04,raw,163,5.433333333333334,False,False,0.26025864536186033,0.21905725097656248,-1.0404332798127214,-1.5781785278320313,0.5377452480193099,0.2868938952701629,0.5646734619140625,-0.27777956664389963,2.650695902486382,2.248952392578125,0.4017435099082567
S43A12T04,raw,164,5.466666666666667,False,False,0.23533528160391598,0.194525634765625,-1.040775116587512,-1.5735845947265625,0.5328094781390504,0.28649916851864865,0.5976666259765625,-0.31116745745791385,2.6507697005817237,2.2559730224609376,0.3947966781207861
S43A12T04,raw,165,5.5,False,False,0.15980078465636258,0.1474179687499999,-1.0616852886290267,-1.5853319091796876,0.5236466205506609,0.2889410383797168,0.6189197692871093,-0.32997873090739255,2.6587692132697454,2.2833526611328123,0.37541655213693303
S43A12T04,raw,166,5.533333333333333,False,False,0.16000795879504484,0.15547033691406265,-1.0676069016706176,-1.5888128051757813,0.5212059035051637,0.2843386759169295,0.6194636688232422,-0.3351249929063127,2.6558089805766816,2.30378955078125,0.35201942979543155
S43A12T04,raw,167,5.566666666666666,False,False,0.15324566391879768,0.14948962402343757,-1.069912100606461,-1.5932817993164061,0.5233696987099452,0.2892165094607633,0.6216543884277344,-0.332437878966971,2.6576353649626294,2.296722412109375,0.3609129528532544
S43A12T04,raw,168,5.6,False,False,0.17841312267485052,0.17714331054687493,-1.0774699335600677,-1.5761041259765625,0.49863419241649476,0.28829670591657286,0.6585344848632813,-0.3702377789467084,2.65027043323262,2.2971112060546877,0.35315922717793224
S43A12T04,raw,169,5.633333333333334,False,False,0.1858093709832986,0.1855605468749999,-1.0888425390762602,-1.5772274169921876,0.48838487791592744,0.28555223455402134,0.6874237060546875,-0.40187147150066616,2.641669713255325,2.307421875,0.33424783825532467
S43A12T04,raw,170,5.666666666666667,False,False,0.1887318720646469,0.1879299316406251,-1.0914073354490714,-1.57126416015625,0.4798568247071786,0.2855109387848487,0.6966287841796875,-0.41111784539483887,2.6348231411317204,2.32299169921875,0.3118314419129704
S43A12T04,raw,171,5.7,True,False,0.17930952779634116,0.1786826171875,-1.1040905979440754,-1.5782581787109375,0.47416758076686216,0.28470865688900787,0.6973951110839844,-0.41268645419497657,2.6340014548138897,2.33168896484375,0.3023124899701397
S43A12T04,raw,172,5.733333333333333,False,False,0.18485973075544385,0.1848367919921876,-1.103638692318104,-1.5656696166992188,0.4620309243811147,0.27977752630304265,0.6987701721191406,-0.41899264581609796,2.6307254915108116,2.3254658203125,0.30525967119831154
S43A12T04,raw,173,5.766666666666667,False,False,0.193896812577096,0.19365063476562505,-1.1136938779215237,-1.5472114257812501,0.4335175478597264,0.2836557201894532,0.7208838195800782,-0.437228099390625,2.623362029433744,2.3499287109375,0.27343331849624386
S43A12T04,raw,174,5.8,False,False,0.2126646173340378,0.21173217773437503,-1.1183670792701221,-1.5345228271484377,0.41615574787831555,0.2839146887204689,0.7248078002929688,-0.4408931115724999,2.6176512777491863,2.3694078369140623,0.24824344083512395
S43A12T04,raw,175,5.833333333333333,False,False,0.215809084276273,0.21492626953124994,-1.1219240103201154,-1.5226629638671876,0.40073895354707223,0.29153899918973014,0.7359905700683593,-0.4444515708786292,2.60968724701581,2.3895452880859374,0.22014195892987276
S43A12T04,raw,176,5.866666666666666,False,False,0.2107108510029134,0.21065429687500004,-1.1186128711761605,-1.5048250732421875,0.386212202066027,0.2874050201389983,0.73403662109375,-0.4466316009547517,2.603680659889793,2.4072720947265625,0.19640856516323035
S43A12T04,raw,177,5.9,False,False,0.2270400575671669,0.2262752685546876,-1.125052184527292,-1.4552559204101563,0.3302037358828642,0.2898433724351465,0.7351852111816406,-0.4453418387464941,2.5915410667695817,2.416000244140625,0.17554082262895676
S43A12T04,raw,178,5.933333333333334,True,False,0.21675038607843045,0.21192370605468747,-1.1259978556009043,-1.400480285644531,0.2744824300436268,0.33204924310747475,0.8579483032226562,-0.5258990601151815,2.58705945534572,2.4303885498046878,0.15667090554103202
S43A12T04,raw,179,5.966666666666667,False,False,0.20017862594482166,0.18306970214843754,-1.12136247790605,-1.3703256225585938,0.24896314465254377,0.3506738227996312,0.9363787841796876,-0.5857049613800563,2.5793917340843264,2.46132763671875,0.11806409736557644
S43A12T04,raw,180,6.0,False,False,0.26634166299472134,0.18430603027343762,-1.1184660712508345,-1.3207240600585939,0.20225798880775936,0.3302880813662893,0.8931594543457031,-0.5628713729794138,2.5666968507705117,2.4713778076171877,0.09531904315332396
S43A12T04,raw,181,6.033333333333333,True,False,0.26845793417136615,0.18906689453124992,-1.135989163031804,-1.3202744140625,0.18428525103069604,0.2956563639616764,0.7922127990722656,-0.4965564351105892,2.5428604014408425,2.459062255859375,0.08379814558146759
S43A12T04,raw,182,6.066666666666666,False,False,0.2241516862124738,0.14446447753906244,-1.1480610917609853,-1.3251162719726564,0.1770551802116711,0.2875353562318389,0.7691615600585937,-0.4816262038267548,2.537207907023105,2.4941131591796877,0.04309474784341738
S43A12T04,raw,183,6.1,False,False,0.2947484486882238,0.19892309570312494,-1.130004220606577,-1.2707382812499999,0.14073406064342286,0.29802167284067305,0.7980489501953125,-0.5000272773546395,2.520404260892638,2.511177734375,0.00922652651763789
S43A12T04,raw,184,6.133333333333334,False,False,0.2445133189853715,0.15547583007812493,-1.1412741066827483,-1.27476416015625,0.13349005347350174,0.30868818558924416,0.8337822265625001,-0.525094040973256,2.5156217037345336,2.5419990234375,-0.026377319702966417
S43A12T04,raw,185,6.166666666666667,False,False,0.20975285197665325,0.17811047363281252,-1.1463470389165895,-1.2725535278320312,0.12620648891544173,0.3199073434098041,0.8856084594726563,-0.5657011160628522,2.5206939971054427,2.6035300292968753,-0.08283603219143254
S43A12T04,raw,186,6.2,False,False,0.20500900641016262,0.1940655517578127,-1.1574089766385993,-1.2335844116210937,0.07617543498249435,0.345378924193779,0.9393258056640625,-0.5939468814702835,2.522000479956941,2.6612930908203127,-0.13929261086337164
S43A12T04,raw,187,6.233333333333333,True,False,0.21118709272256905,0.20906896972656264,-1.1452863063225085,-1.1779987182617186,0.03271241193921015,0.3576861318933883,1.0035399169921875,-0.6458537850987991,2.529461902427445,2.725921630859375,-0.19645972843192983
S43A12T04,raw,188,6.266666666666667,True,False,0.24510284151774125,0.21759234619140622,-1.1560768097048204,-1.1124814147949218,-0.04359539490989861,0.35976479512478304,1.038297302246094,-0.6785325071213109,2.531089086864135,2.808443115234375,-0.2773540283702398
S43A12T04,raw,189,6.3,True,False,0.15988816930323457,0.15239404296875003,-1.1807294422836765,-1.1409554443359375,-0.03977399794773895,0.35285682524027107,1.0172698059082033,-0.6644129806679322,2.5046988686825866,2.82052099609375,-0.3158221274111632
S43A12T04,raw,190,6.333333333333333,False,False,0.1956436035398641,0.1854202270507812,-1.185696016173042,-1.1134596862792967,-0.0722363298937454,0.3709798982798364,1.0456360778808593,-0.6746561796010229,2.5099045956527877,2.883963134765625,-0.37405853911283726
S43A12T04,raw,191,6.366666666666666,True,False,0.07713885446872869,0.060948730468749934,-1.2154295181581376,-1.2246718749999999,0.009242356841862254,0.348516959170133,0.9691788024902344,-0.6206618433201014,2.493958640908984,2.797316162109375,-0.3033575212003914
S43A12T04,raw,192,6.4,True,False,0.09433397439213263,0.04499243164062494,-1.22353152076715,-1.2767210693359377,0.05318954856878766,0.34847763334956977,0.9360769348144531,-0.5875993014648833,2.4760803054203127,2.7634770507812503,-0.2873967453609376
S43A12T04,raw,193,6.433333333333334,True,False,0.15989506150946783,0.08610229492187504,-1.2416187048011502,-1.280236083984375,0.03861737918322472,0.3538368553802973,0.9502944946289062,-0.596457639248609,2.4518123602231756,2.7385839843750004,-0.2867716241518248
S43A12T04,raw,194,6.466666666666667,True,False,0.2729598238538598,0.12854589843750008,-1.2442026536128492,-1.2594327392578126,0.01523008564496342,0.3324301660185977,0.8918373413085938,-0.5594071752899961,2.416713073939914,2.6169307861328126,-0.20021771219289874
S43A12T04,raw,195,6.5,True,False,0.3536075912571722,0.18884191894531255,-1.2582786411483227,-1.2509016723632813,-0.007376968785041349,0.31835027192475185,0.8640361633300782,-0.5456858914053263,2.370229735014483,2.5416464843749997,-0.17141674936051654
S43A12T04,raw,196,6.533333333333333,False,False,0.3569265655318254,0.18197167968749994,-1.2601068626642535,-1.237986083984375,-0.022120778679878494,0.31038052017216006,0.8566640319824219,-0.5462835118102618,2.3630488909698344,2.51827392578125,-0.1552250348114157
S43A12T04,raw,197,6.566666666666666,True,False,0.26753106744179284,0.20341613769531253,-1.2558265558772188,-1.2084453735351564,-0.047381182342062456,0.3203886681676001,0.9202819519042968,-0.5998932837366968,2.3733938094202296,2.5646947021484374,-0.19130089272820783
S43A12T04,raw,198,6.6,True,False,0.3957357984154371,0.23149572753906256,-1.5192030529249412,-1.4338493041992189,-0.08535374872572232,-0.14356659527011925,0.6907022705078125,-0.8342688657779318,2.1407035652460533,2.104398681640625,0.03630488360542827
S43A12T04,raw,199,6.633333333333334,False,True,0.3957357984154371,0.23149572753906256,-1.5192030529249412,-1.4338493041992189,-0.08535374872572232,-0.14356659527011925,0.6907022705078125,-0.8342688657779318,2.1407035652460533,2.104398681640625,0.03630488360542827
S43A12T04,raw,200,6.666666666666667,False,True,0.3957357984154371,0.23149572753906256,-1.5192030529249412,-1.4338493041992189,-0.08535374872572232,-0.14356659527011925,0.6907022705078125,-0.8342688657779318,2.1407035652460533,2.104398681640625,0.03630488360542827
S43A12T04,raw,201,6.7,False,True,0.3957357984154371,0.23149572753906256,-1.5192030529249412,-1.4338493041992189,-0.08535374872572232,-0.14356659527011925,0.6907022705078125,-0.8342688657779318,2.1407035652460533,2.104398681640625,0.03630488360542827
S43A12T04,raw,202,6.733333333333333,False,True,0.3957357984154371,0.23149572753906256,-1.5192030529249412,-1.4338493041992189,-0.08535374872572232,-0.14356659527011925,0.6907022705078125,-0.8342688657779318,2.1407035652460533,2.104398681640625,0.03630488360542827
S43A12T04,raw,203,6.766666666666667,False,True,0.3957357984154371,0.23149572753906256,-1.5192030529249412,-1.4338493041992189,-0.08535374872572232,-0.14356659527011925,0.6907022705078125,-0.8342688657779318,2.1407035652460533,2.104398681640625,0.03630488360542827
S43A12T04,raw,204,6.8,False,True,0.3957357984154371,0.23149572753906256,-1.5192030529249412,-1.4338493041992189,-0.08535374872572232,-0.14356659527011925,0.6907022705078125,-0.8342688657779318,2.1407035652460533,2.104398681640625,0.03630488360542827
S43A12T04,raw,205,6.833333333333333,False,True,0.3957357984154371,0.23149572753906256,-1.5192030529249412,-1.4338493041992189,-0.08535374872572232,-0.14356659527011925,0.6907022705078125,-0.8342688657779318,2.1407035652460533,2.104398681640625,0.03630488360542827
S43A12T04,raw,206,6.866666666666666,False,True,0.3957357984154371,0.23149572753906256,-1.5192030529249412,-1.4338493041992189,-0.08535374872572232,-0.14356659527011925,0.6907022705078125,-0.8342688657779318,2.1407035652460533,2.104398681640625,0.03630488360542827
S43A12T04,raw,207,6.9,False,True,0.3957357984154371,0.23149572753906256,-1.5192030529249412,-1.4338493041992189,-0.08535374872572232,-0.14356659527011925,0.6907022705078125,-0.8342688657779318,2.1407035652460533,2.104398681640625,0.03630488360542827
S43A12T04,raw,208,6.933333333333334,False,True,0.3957357984154371,0.23149572753906256,-1.5192030529249412,-1.4338493041992189,-0.08535374872572232,-0.14356659527011925,0.6907022705078125,-0.8342688657779318,2.1407035652460533,2.104398681640625,0.03630488360542827
S43A12T04,raw,209,6.966666666666667,False,True,0.3957357984154371,0.23149572753906256,-1.5192030529249412,-1.4338493041992189,-0.08535374872572232,-0.14356659527011925,0.6907022705078125,-0.8342688657779318,2.1407035652460533,2.104398681640625,0.03630488360542827
S43A12T04,raw,210,7.0,False,True,0.3957357984154371,0.23149572753906256,-1.5192030529249412,-1.4338493041992189,-0.08535374872572232,-0.14356659527011925,0.6907022705078125,-0.8342688657779318,2.1407035652460533,2.104398681640625,0.03630488360542827
S43A12T04,raw,211,7.033333333333333,False,True,0.3957357984154371,0.23149572753906256,-1.5192030529249412,-1.4338493041992189,-0.08535374872572232,-0.14356659527011925,0.6907022705078125,-0.8342688657779318,2.1407035652460533,2.104398681640625,0.03630488360542827
S43A12T04,raw,212,7.066666666666666,False,True,0.3957357984154371,0.23149572753906256,-1.5192030529249412,-1.4338493041992189,-0.08535374872572232,-0.14356659527011925,0.6907022705078125,-0.8342688657779318,2.1407035652460533,2.104398681640625,0.03630488360542827
S43A12T04,raw,213,7.1,False,True,0.3957357984154371,0.23149572753906256,-1.5192030529249412,-1.4338493041992189,-0.08535374872572232,-0.14356659527011925,0.6907022705078125,-0.8342688657779318,2.1407035652460533,2.104398681640625,0.03630488360542827
S43A12T04,raw,214,7.133333333333334,False,True,0.3957357984154371,0.23149572753906256,-1.5192030529249412,-1.4338493041992189,-0.08535374872572232,-0.14356659527011925,0.6907022705078125,-0.8342688657779318,2.1407035652460533,2.104398681640625,0.03630488360542827
S43A12T04,raw,215,7.166666666666667,False,True,0.3957357984154371,0.23149572753906256,-1.5192030529249412,-1.4338493041992189,-0.08535374872572232,-0.14356659527011925,0.6907022705078125,-0.8342688657779318,2.1407035652460533,2.104398681640625,0.03630488360542827
S43A12T04,raw,216,7.2,False,True,0.3957357984154371,0.23149572753906256,-1.5192030529249412,-1.4338493041992189,-0.08535374872572232,-0.14356659527011925,0.6907022705078125,-0.8342688657779318,2.1407035652460533,2.104398681640625,0.03630488360542827
S43A12T04,raw,217,7.233333333333333,False,True,0.3957357984154371,0.23149572753906256,-1.5192030529249412,-1.4338493041992189,-0.08535374872572232,-0.14356659527011925,0.6907022705078125,-0.8342688657779318,2.1407035652460533,2.104398681640625,0.03630488360542827
S43A12T04,raw,218,7.266666666666667,False,True,0.3957357984154371,0.23149572753906256,-1.5192030529249412,-1.4338493041992189,-0.08535374872572232,-0.14356659527011925,0.6907022705078125,-0.8342688657779318,2.1407035652460533,2.104398681640625,0.03630488360542827
S43A12T04,raw,219,7.3,False,True,0.3957357984154371,0.23149572753906256,-1.5192030529249412,-1.4338493041992189,-0.08535374872572232,-0.14356659527011925,0.6907022705078125,-0.8342688657779318,2.1407035652460533,2.104398681640625,0.03630488360542827
S43A12T04,raw,220,7.333333333333333,False,True,0.3957357984154371,0.23149572753906256,-1.5192030529249412,-1.4338493041992189,-0.08535374872572232,-0.14356659527011925,0.6907022705078125,-0.8342688657779318,2.1407035652460533,2.104398681640625,0.03630488360542827
S43A12T04,raw,221,7.366666666666666,False,True,0.3957357984154371,0.23149572753906256,-1.5192030529249412,-1.4338493041992189,-0.08535374872572232,-0.14356659527011925,0.6907022705078125,-0.8342688657779318,2.1407035652460533,2.104398681640625,0.03630488360542827
S43A12T04,raw,222,7.4,False,True,0.3957357984154371,0.23149572753906256,-1.5192030529249412,-1.4338493041992189,-0.08535374872572232,-0.14356659527011925,0.6907022705078125,-0.8342688657779318,2.1407035652460533,2.104398681640625,0.03630488360542827
S43A12T04,raw,223,7.433333333333334,False,True,0.3957357984154371,0.23149572753906256,-1.5192030529249412,-1.4338493041992189,-0.08535374872572232,-0.14356659527011925,0.6907022705078125,-0.8342688657779318,2.1407035652460533,2.104398681640625,0.03630488360542827
S43A12T04,raw,224,7.466666666666667,False,True,0.3957357984154371,0.23149572753906256,-1.5192030529249412,-1.4338493041992189,-0.08535374872572232,-0.14356659527011925,0.6907022705078125,-0.8342688657779318,2.1407035652460533,2.104398681640625,0.03630488360542827
S43A12T04,raw,225,7.5,False,True,0.3957357984154371,0.23149572753906256,-1.5192030529249412,-1.4338493041992189,-0.08535374872572232,-0.14356659527011925,0.6907022705078125,-0.8342688657779318,2.1407035652460533,2.104398681640625,0.03630488360542827
S43A12T04,raw,226,7.533333333333333,False,True,0.3957357984154371,0.23149572753906256,-1.5192030529249412,-1.4338493041992189,-0.08535374872572232,-0.14356659527011925,0.6907022705078125,-0.8342688657779318,2.1407035652460533,2.104398681640625,0.03630488360542827
S43A12T04,raw,227,7.566666666666666,False,True,0.3957357984154371,0.23149572753906256,-1.5192030529249412,-1.4338493041992189,-0.08535374872572232,-0.14356659527011925,0.6907022705078125,-0.8342688657779318,2.1407035652460533,2.104398681640625,0.03630488360542827
S43A12T04,raw,228,7.6,False,True,0.3957357984154371,0.23149572753906256,-1.5192030529249412,-1.4338493041992189,-0.08535374872572232,-0.14356659527011925,0.6907022705078125,-0.8342688657779318,2.1407035652460533,2.104398681640625,0.03630488360542827
S43A12T04,raw,229,7.633333333333334,False,True,0.3957357984154371,0.23149572753906256,-1.5192030529249412,-1.4338493041992189,-0.08535374872572232,-0.14356659527011925,0.6907022705078125,-0.8342688657779318,2.1407035652460533,2.104398681640625,0.03630488360542827
S43A12T04,raw,230,7.666666666666667,False,True,0.3957357984154371,0.23149572753906256,-1.5192030529249412,-1.4338493041992189,-0.08535374872572232,-0.14356659527011925,0.6907022705078125,-0.8342688657779318,2.1407035652460533,2.104398681640625,0.03630488360542827
S43A12T04,raw,231,7.7,False,True,0.3957357984154371,0.23149572753906256,-1.5192030529249412,-1.4338493041992189,-0.08535374872572232,-0.14356659527011925,0.6907022705078125,-0.8342688657779318,2.1407035652460533,2.104398681640625,0.03630488360542827
S43A12T04,raw,232,7.733333333333333,False,True,0.3957357984154371,0.23149572753906256,-1.5192030529249412,-1.4338493041992189,-0.08535374872572232,-0.14356659527011925,0.6907022705078125,-0.8342688657779318,2.1407035652460533,2.104398681640625,0.03630488360542827
S43A12T04,raw,233,7.766666666666667,True,False,0.3030969860103218,0.22083215332031259,-1.4944489371347365,-1.5180368041992187,0.023587867064482237,-0.13431723118716724,0.6785694885253906,-0.8128867197125578,2.1312325468183886,2.0808944091796873,0.05033813763870132
S43A12T04,raw,234,7.8,True,False,0.3465736914195008,0.23831054687499997,-1.5118456044322623,-1.493499267578125,-0.018346336854137446,-0.16450052422104305,0.6857079772949219,-0.850208501515965,2.1324962023687917,2.0610343017578128,0.0714619006109789
S43A12T04,raw,235,7.833333333333333,True,False,0.3540705733280513,0.22260412597656254,-1.504367644282441,-1.5126782836914063,0.00831063940896537,-0.17394322210224644,0.6344490356445313,-0.8083922577467777,2.1350523566089104,2.080797119140625,0.05425523746828542
S43A12T04,raw,236,7.866666666666666,False,False,0.38279474835513744,0.21336828613281256,-1.5090532024435963,-1.5308760375976562,0.021822835154059916,-0.18343763294070847,0.6322810668945313,-0.8157186998352398,2.140127989606444,2.0907638549804686,0.04936413462597544
S43A12T04,raw,237,7.9,True,False,0.3948881769291393,0.1837430419921875,-1.519351030712058,-1.5509627075195311,0.03161167680747323,-0.2013163882627865,0.6374040222167969,-0.8387204104795835,2.1407795168912522,2.0669931640625,0.07378635282875212
S43A12T04,raw,238,7.933333333333334,False,False,0.3761326111166143,0.1853582763671875,-1.523892992073817,-1.5452463989257814,0.021353406851964518,-0.1806541948363903,0.6408064880371094,-0.8214606828734997,2.1238711836130437,2.0415469360351564,0.08232424757788737
S43A12T04,raw,239,7.966666666666667,False,False,0.3755952658186857,0.18576342773437493,-1.5239999644105011,-1.5451667480468751,0.02116678363637403,-0.18083413323550668,0.6407933959960938,-0.8216275292316004,2.123859165814802,2.0401664428710937,0.08369272294370811
S43A12T04,raw,240,8.0,True,False,0.37014074534863495,0.17055249023437513,-1.5363612100126252,-1.531155517578125,-0.0052056924345000866,-0.16334930723843627,0.7326028442382813,-0.8959521514767175,2.111093120126302,2.0061594848632813,0.1049336352630208
S43A12T04,filtered,0,0.0,False,False,0.21937385147361294,0.1280317810714262,-1.4121776763231226,-1.279292745419107,-0.13288493090401565,-0.17432040048456635,0.6116737796347003,-0.7859941801192666,2.006263351067519,2.0953669115592892,-0.08910356049177004
S43A12T04,filtered,1,0.03333333333333333,False,False,0.21910375883662542,0.12109293904239182,-1.4112200528682366,-1.2730353539695434,-0.13818469889869323,-0.1721343150470023,0.6170809862350957,-0.7892153012820979,2.006058878576818,2.0959947829831176,-0.08993590440629973
S43A12T04,filtered,2,0.06666666666666667,False,False,0.21912438123989506,0.11445325027846098,-1.4102600776691463,-1.2668951320881705,-0.1433649455809758,-0.17000118795598895,0.6223205889216241,-0.7923217768776131,2.0058311808440865,2.0966081538438615,-0.09077697299977494
S43A12T04,filtered,3,0.1,False,False,0.21936475802793742,0.10825366350366594,-1.4092979596682214,-1.2609676717465663,-0.14833028792165504,-0.16797818703579628,0.6272007523467676,-0.7951789393825639,2.005549805337617,2.097127954941239,-0.0915781496036221
S43A12T04,filtered,4,0.13333333333333333,False,False,0.21973477662417523,0.10259139604554357,-1.408335939175966,-1.2553408586835886,-0.15299508049237742,-0.16611924625943247,0.6315474037765587,-0.7976666500359912,2.005183299327407,2.097465753895353,-0.09228245456794593
S43A12T04,filtered,5,0.16666666666666666,False,False,0.22014055678923125,0.09751239244420384,-1.4073788409871908,-1.2500923189983648,-0.15728652198882598,-0.1644727010673233,0.6352135790522715,-0.7996862801195948,2.004700523462753,2.0975262479518864,-0.09282572448913351
S43A12T04,filtered,6,0.2,False,False,0.22049878514375415,0.09300842914785745,-1.4064342578588467,-1.2452871094671243,-0.1611471483917224,-0.16307894595091638,0.638087341425791,-0.8011662873767074,2.0040724158029533,2.0972119040369,-0.09313948823394691
S43A12T04,filtered,7,0.23333333333333334,False,False,0.2207476045082896,0.08901932242557065,-1.4055123337982343,-1.240975763561292,-0.16453657023694235,-0.16196824830904727,0.640097777214207,-0.8020660255232543,2.003274112863365,2.0964295944711955,-0.09315548160783038
S43A12T04,filtered,8,0.26666666666666666,False,False,0.22085294158525098,0.08544032374688015,-1.4046251703678683,-1.2371928432469568,-0.1674323271209115,-0.1611588823439619,0.6412186540455272,-0.8023775363894892,2.0022872648410392,2.095098753861736,-0.09281148902069658
S43A12T04,filtered,9,0.3,False,False,0.2208103640487416,0.082134331682584,-1.4037859265763517,-1.2339561529285947,-0.16982977364775698,-0.16065575938040122,0.6414694552123166,-0.8021252145927178,2.0011023257296947,2.093160295295826,-0.09205796956613144
S43A12T04,filtered,10,0.3333333333333333,False,False,0.2206433466168381,0.07894803897982294,-1.4030077174189945,-1.2312667386349494,-0.17174097878404515,-0.16044972152814793,0.6409136717650791,-0.801363393293227,1.9997205642975338,2.090585313968536,-0.09086474967100222
S43A12T04,filtered,11,0.36666666666666664,False,False,0.2203990450315271,0.07573062216290127,-1.4023024345246748,-1.2291097261999178,-0.17319270832475708,-0.16051763275478423,0.6396544275672583,-0.8001720603220426,1.998155535078811,2.08738250620521,-0.0892269711263991
S43A12T04,filtered,12,0.4,False,False,0.22014238552416393,0.07235314358485212,-1.401679614812589,-1.2274559603962487,-0.17422365441634025,-0.16082334740006238,0.6378277109843009,-0.7986510583843633,1.996433772182203,2.083603259610349,-0.0871694874281459
S43A12T04,filtered,13,0.43333333333333335,False,False,0.21994872795384407,0.0687265532660577,-1.4011454721279684,-1.22626431239776,-0.17488115973020846,-0.16131956617074325,0.6355936682890942,-0.7969132344598375,1.9945945214018996,2.0793435272202725,-0.08474900581837286
S43A12T04,filtered,14,0.4666666666666667,False,False,0.2198949374266042,0.06481611957103683,-1.40070218599688,-1.2254844454835134,-0.17521774051336658,-0.16195051115670459,0.6331265589028219,-0.7950770700595264,1.9926884028698109,2.0747418703897775,-0.08205346751996667
S43A12T04,filtered,15,0.5,False,False,0.22004877533643172,0.06065032656993652,-1.4003475142240338,-1.2250597835462012,-0.17528773067783265,-0.16265527305022862,0.6306040670821083,-0.7932593401323369,1.9907749900658591,2.0699734140763852,-0.07919842401052613
S43A12T04,filtered,16,0.5333333333333333,False,False,0.22045725534536215,0.05632275881892812,-1.4000747648720184,-1.2249304210192276,-0.17514434385279087,-0.16337161421088633,0.6281967008690303,-0.7915683150799167,1.9889193932944218,2.065239868175039,-0.07632047488061722
S43A12T04,filtered,17,0.5666666666666667,False,False,0.22113577503881932,0.051986219252425414,-1.399873130746209,-1.2250357456838497,-0.17483738506235924,-0.16403995815846495,0.6260579859205033,-0.7900979440789683,1.9871880386122422,2.0607561895265776,-0.07356815091433533
S43A12T04,filtered,18,0.6,False,False,0.22206081855271256,0.047839222649848745,-1.399728358330548,-1.2253166103272641,-0.17441174800328385,-0.16460726536910839,0.6243160840666563,-0.7889233494357647,1.9856439285112528,2.056734850157713,-0.07109092164646036
S43A12T04,filtered,19,0.6333333333333333,False,False,0.2231691057246058,0.04410597196756516,-1.3996236954826653,-1.225716973618959,-0.17390672186370626,-0.1650304905349369,0.623067343591728,-0.7880978341266649,1.9843417497749845,2.0533689983307175,-0.06902724855573306
S43A12T04,filtered,20,0.6666666666666666,False,True,0.22436485070317436,0.04101183072851966,-1.3995410400063701,-1.2261850203842437,-0.17335601962212643,-0.16527933891998575,0.6223721327859901,-0.7876514717059759,1.9833232474943714,2.050816013441778,-0.06749276594740672
S43A12T04,filtered,21,0.7,False,False,0.2255345614874657,0.03875701796149422,-1.3994621957918492,-1.2266738515613662,-0.17278834423048295,-0.16533808780815826,0.6222531343574769,-0.7875912221656352,1.982613302831393,2.049183033237714,-0.06656973040632108
S43A12T04,filtered,22,0.7333333333333333,False,False,0.2265664205415664,0.037491653519240886,-1.399370135234754,-1.227141890884008,-0.17222824435074613,-0.16520630961602958,0.6226961003547371,-0.7879024099707667,1.9822171278428053,2.04851595185602,-0.06629882401321452
S43A12T04,filtered,23,0.7666666666666667,False,False,0.22736971800674394,0.03729528771099022,-1.3992501662106207,-1.2275531785318918,-0.17169698767872887,-0.1648984202767419,0.623652899275273,-0.7885513195520149,1.9821189193568785,2.0487931440475036,-0.06667422469062512
S43A12T04,filtered,24,0.8,False,False,0.22788966726027485,0.03816363132078893,-1.3990909085926562,-1.2278777065665711,-0.17121320202608503,-0.16444207262468802,0.6250465410794509,-0.7894886137041389,1.9822821974422145,2.049924777478587,-0.06764258003637269
S43A12T04,filtered,25,0.8333333333333334,False,False,0.22811423188496918,0.040004396969167244,-1.398884998453289,-1.2280918983233384,-0.17079310012995053,-0.1638755113706298,0.626777750876764,-0.7906532622473939,1.9826519018471123,2.051758064784231,-0.06910616293711858
S43A12T04,filtered,26,0.8666666666666667,False,False,0.22807186715915,0.04264307186148453,-1.3986294569318272,-1.2281792527325237,-0.17045020419930346,-0.1632440952477915,0.6287325835181892,-0.7919766787659807,1.9831581484387815,2.054088232390457,-0.07093008395167533
S43A12T04,filtered,27,0.9,False,False,0.22782161256886874,0.04583821669272181,-1.3983256846884127,-1.2281310803920593,-0.17019460429635336,-0.16259626498212998,0.6307905314944293,-0.7933867964765593,1.983721378105639,2.0566744084591155,-0.07295303035347644
S43A12T04,filtered,28,0.9333333333333333,False,False,0.2274389949251895,0.049304700425200076,-1.3979790714234268,-1.2279471715695887,-0.17003189985383815,-0.16197928621703644,0.6328325772953229,-0.7948118635123593,1.9842584841366206,2.0592591238657656,-0.07500063972914495
S43A12T04,filtered,29,0.9666666666666667,False,False,0.22700205566387288,0.052742301113226864,-1.3975982423909996,-1.2276361785151755,-0.16996206387582413,-0.16143511981659192,0.6347486765673616,-0.7961837963839535,1.984689398383508,2.0615897352345183,-0.07690033685101016
S43A12T04,filtered,30,1.0,False,False,0.22658115940433793,0.055866455797684456,-1.3971939985911102,-1.2272154824556016,-0.16997851613550852,-0.16099676606057395,0.6364442256049627,-0.7974409916655367,1.9849435627583192,2.063439858114329,-0.07849629535600999
S43A12T04,filtered,31,1.0333333333333334,False,False,0.22623426452897338,0.058437697941332134,-1.3967780414595483,-1.2267103569224718,-0.17006768453707655,-0.16068539477753344,0.6378451591188385,-0.798530553896372,1.9849657148495885,2.064628861279461,-0.07966314642987249
S43A12T04,filtered,32,1.0666666666666667,False,False,0.2260068148161702,0.060286488081177314,-1.396361602119831,-1.2261523288312504,-0.1702092732885807,-0.16050851348780837,0.6389014331236988,-0.7994099466115072,1.9847204722993843,2.0650376198269704,-0.08031714752758612
S43A12T04,filtered,33,1.1,False,False,0.22593344097732868,0.06133067789046698,-1.3959541146670884,-1.2255767604996581,-0.17037735416743027,-0.16045934510325527,0.6395887637178362,-0.8000481088210916,1.9841953027841859,2.064619038162635,-0.08042373537844894
S43A12T04,filtered,34,1.1333333333333333,False,False,0.2260381565461564,0.061583666228714584,-1.3955620780440754,-1.2250198055558952,-0.1705422724881802,-0.1605174919914787,0.6399086066545077,-0.8004260986459864,1.9834016042562512,2.0634023035645592,-0.080000699308308
S43A12T04,filtered,35,1.1666666666666667,False,True,0.22633095716365728,0.061152303068134684,-1.3951882391036297,-1.2245150041144472,-0.1706732349891824,-0.16065086145957874,0.6398864678026828,-0.8005373292622615,1.9823737806914108,2.0614903762597496,-0.07911659556833883
S43A12T04,filtered,36,1.2,False,False,0.22680113719337955,0.06022466396799375,-1.3948312004078385,-1.2240898573581886,-0.17074134304964983,-0.16081872643886136,0.6395687260508122,-0.8003874524896735,1.9811663682696214,2.05905081594554,-0.07788444767591862
S43A12T04,filtered,37,1.2333333333333334,False,True,0.22741008525375173,0.05904885331135934,-1.3944855132586282,-1.2237627479234003,-0.1707227653352279,-0.1609757015003772,0.639018225523365,-0.7999939270237422,1.97984943219329,2.056300637877622,-0.07645120568433206
S43A12T04,filtered,38,1.2666666666666666,False,False,0.22808759039165524,0.057904913615260734,-1.3941422650879622,-1.2235405503435208,-0.1706017147444414,-0.16107633451441997,0.6383089527480394,-0.7993852872624594,1.9785026025766628,2.0534864352053672,-0.07498383262870445
S43A12T04,filtered,39,1.3,False,False,0.22873506969253582,0.05707265124655336,-1.3937901177293948,-1.2234172144088757,-0.17037290332051902,-0.16107995325671004,0.6375201573997016,-0.7986001106564116,1.977208237606223,2.0508614529607243,-0.07365321535450131
S43A12T04,filtered,40,1.3333333333333333,False,False,0.2292368033180039,0.05679867837927066,-1.3934167059825704,-1.2233735174457976,-0.1700431885367728,-0.16095536784486827,0.6367303034969962,-0.7976856713418645,1.9760442837932453,2.048661614143174,-0.0726173303499289
S43A12T04,filtered,41,1.3666666666666667,False,False,0.22947725650681644,0.057266169645305176,-1.3930102691672528,-1.2233780826893899,-0.16963218647786293,-0.16068501698264018,0.6360112519812702,-0.7966962689639103,1.9750774393702117,2.047082649970899,-0.07200521060068721
S43A12T04,filtered,42,1.4,False,True,0.22936020202675014,0.0585707043799355,-1.3925613644105632,-1.2233896597306169,-0.16917170467994636,-0.1602681609970879,0.6354230748523036,-0.7956912358493915,1.974357213527141,2.0462604562851254,-0.07190324275798443
S43A12T04,filtered,43,1.4333333333333333,False,False,0.2288245936131528,0.06070509443700578,-1.3920644993756666,-1.2233605642958034,-0.16870393507986314,-0.15972276952349124,0.6350098831932665,-0.7947326527167577,1.9739114102894038,2.0462565804031563,-0.07234517011375252
S43A12T04,filtered,44,1.4666666666666666,False,False,0.227853220680324,0.0635552926051357,-1.3915195229876485,-1.2232410799551194,-0.16827844303252903,-0.15908582749675312,0.6347970125130248,-0.7938828400097779,1.9737434537384537,2.0470503440598056,-0.07330689032135185
S43A12T04,filtered,45,1.5,False,False,0.22647266119119663,0.06690838305273972,-1.390932624319732,-1.2229845347604114,-0.1679480895593206,-0.1584118891382792,0.6347898440908437,-0.7932017332291229,1.9738318171060132,2.048538548621671,-0.07470673151565776
S43A12T04,filtered,46,1.5333333333333334,False,False,0.22474608468208784,0.0704723616550591,-1.3903168116090712,-1.2225526840339183,-0.1677641275751529,-0.1577698423026676,0.6349744467238789,-0.7927442890265466,1.974131633006986,2.0505430248676966,-0.07641139186071055
S43A12T04,filtered,47,1.5666666666666667,False,False,0.2227630004284175,0.07390605275714379,-1.3896917754266427,-1.2219209623473568,-0.16777081307928587,-0.15723799762095772,0.6353200990796966,-0.7925580967006542,1.974578362170586,2.052825536429568,-0.07824717425898231
S43A12T04,filtered,48,1.6,False,False,0.22063109226636332,0.07685624433616489,-1.3890830826266267,-1.2210831222175302,-0.16799996040909648,-0.1568977773399913,0.6357836034005064,-0.7926813807404978,1.9750932044732596,2.055108796302789,-0.08001559182952955
S43A12T04,filtered,49,1.6333333333333333,False,False,0.21847416897903166,0.0789981288816144,-1.388520700784808,-1.2200547659021086,-0.16846593488269934,-0.15682643357717668,0.6363151367071016,-0.7931415702842783,1.9755897715259991,2.0571016932692907,-0.08151192174329158
S43A12T04,filtered,50,1.6666666666666667,False,False,0.2164370393499739,0.08007456406910007,-1.388036915144192,-1.2188753122888023,-0.16916160285538973,-0.15708935919918082,0.6368652205362519,-0.7939545797354328,1.97598142481223,2.058526332123303,-0.08254490731107311
S43A12T04,filtered,51,1.7,False,False,0.21469377074221388,0.07992961557344613,-1.387663768153726,-1.2176080327648982,-0.1700557353888279,-0.15773265103873202,0.6373922418429268,-0.7951248928816588,1.9761886314897659,2.059144236232979,-0.08295560474321295
S43A12T04,filtered,52,1.7333333333333334,False,False,0.21345203174217162,0.07853234261605269,-1.3874302190619978,-1.2163379404209267,-0.17109227864107113,-0.15877663079370283,0.6378698435084541,-0.796646474302157,1.9761457068075647,2.0587790851451877,-0.08263337833762296
S43A12T04,filtered,53,1.7666666666666666,False,False,0.21294498854560215,0.07598778587806199,-1.3873592783366007,-1.2151675175554617,-0.17219176078113896,-0.16021101320918482,0.638293438381963,-0.7985044515911478,1.975806393554966,2.0573336723244258,-0.08152727876945987
S43A12T04,filtered,54,1.8,False,False,0.2134049783502765,0.07253349892499039,-1.387465407882623,-1.2142104973002046,-0.17325491058241838,-0.16199232842086772,0.6386850974229363,-0.8006774258438041,1.9751478625229022,2.0547993418536348,-0.07965147933073258
S43A12T04,filtered,55,1.8333333333333333,False,False,0.21502005335850324,0.06852156044353097,-1.3877524827546652,-1.2135841474574809,-0.17416833529718434,-0.16404405619397922,0.6390961265877649,-0.8031401827817441,1.9741728848845386,2.051256938082564,-0.07708405319802547
S43A12T04,filtered,56,1.8666666666666667,False,False,0.21788330847524098,0.06438762367745343,-1.3882125764077327,-1.2134007057443497,-0.174811870663383,-0.16625972178763845,0.639606779528485,-0.8058665013161235,1.9729101058317882,2.0468691923084164,-0.07395908647662819
S43A12T04,filtered,57,1.9,False,False,0.22195107502557151,0.060610012786959544,-1.3888257586276271,-1.2137587553484621,-0.17506700327916502,-0.16850895106041172,0.640322750235777,-0.8088317012961888,1.9714125171636712,2.041865372555012,-0.07045285539134105
S43A12T04,filtered,58,1.9333333333333333,False,False,0.22702492618401493,0.05766300184631956,-1.3895609895958705,-1.2147353856975078,-0.17482560389836266,-0.17064620752340529,0.6413683440490114,-0.8120145515724168,1.9697543668253141,2.0365198293999,-0.06676546257458593
S43A12T04,filtered,59,1.9666666666666666,True,False,0.23276351926076957,0.05596909416928053,-1.390378068474869,-1.2163799448191026,-0.1739981236557664,-0.17252166266806943,0.6428765260583775,-0.815398188726447,1.9680268437598556,2.0311266858280033,-0.06309984206814767
S43A12T04,filtered,60,2.0,False,True,0.23871885138147134,0.05585529503624209,-1.3912304683708079,-1.2187100583341213,-0.1725204100366866,-0.17399341175955102,0.6449763773501616,-0.8189697891097125,1.9663329322114214,2.0259732694564336,-0.059640337245012276
S43A12T04,filtered,61,2.033333333333333,False,True,0.24438439933642314,0.05751803096802233,-1.392068780173215,-1.2217103787751806,-0.17035840139803438,-0.17494006773842072,0.6477788296463609,-0.8227188973847817,1.9647818427871047,2.0213149331109435,-0.0565330903238388
S43A12T04,filtered,62,2.066666666666667,False,False,0.24924269181093636,0.06100055129671822,-1.3928444108527778,-1.2253342586213645,-0.1675101522314133,-0.1752726674262081,0.6513618668869808,-0.8266345343131889,1.963483404717607,2.017353656783439,-0.05387025206583207
S43A12T04,filtered,63,2.1,False,False,0.25280486287434173,0.06618542813789108,-1.3935131463305082,-1.2295082376973179,-0.16400490863319028,-0.17494481855984254,0.6557566387342025,-0.8307014572940451,1.9625427535526778,2.0142223116776194,-0.05167955812494163
S43A12T04,filtered,64,2.1333333333333333,False,False,0.2546406026226109,0.07280325505503238,-1.3940381968517865,-1.2341389300741952,-0.15989926677759136,-0.17396010313572205,0.6609360811033511,-0.8348961842390732,1.9620555801726411,2.0119757683642177,-0.04992018819157651
S43A12T04,filtered,65,2.1666666666666665,False,False,0.2544009186493835,0.08045696678025283,-1.394392389566152,-1.2391216181611413,-0.15527077140501078,-0.17237592106185845,0.6668076397435699,-0.8391835608054283,1.9621041298730397,2.0105892394079214,-0.04848510953488172
S43A12T04,filtered,66,2.2,False,False,0.2518374980146361,0.08865952190919812,-1.3945592502586275,-1.244349642041124,-0.1502096082175035,-0.17030318957825932,0.6732115128500787,-0.843514702428338,1.9627540646208625,2.0099634630688348,-0.04720939844797223
S43A12T04,filtered,67,2.2333333333333334,False,False,0.24682165776574724,0.09688118593765682,-1.3945328135372852,-1.2497235365452046,-0.14480927699208057,-0.16790158650738346,0.67992545608045,-0.8478270425878334,1.9640522389076436,2.0099356549298233,-0.04588341602217971
S43A12T04,filtered,68,2.2666666666666666,True,False,0.2393637293309616,0.1046015056262588,-1.394316107878289,-1.2551588376549865,-0.1391572702233026,-0.16537031812968045,0.6866766428391049,-0.8520469609687853,1.966025401701757,2.0102946591390025,-0.04426925743724541
S43A12T04,filtered,69,2.3,False,True,0.22963107173424246,0.11136043925084382,-1.393918369723563,-1.2605915666085816,-0.13332680311498146,-0.16293468793511995,0.6931603865931051,-0.856095074528225,1.9686798327319224,2.010798476007319,-0.04211864327539683
S43A12T04,filtered,70,2.3333333333333335,False,True,0.21796043027470532,0.11680311168625046,-1.393351142359875,-1.2659806080883973,-0.1273705342714777,-0.1608290281528513,0.699064775881275,-0.8598938040341263,1.97200195227665,2.011192350606662,-0.0391903983300117
S43A12T04,filtered,71,2.3666666666666667,False,True,0.20485851474484662,0.1207133300801122,-1.3926235057983045,-1.2713065198012798,-0.12131698599702467,-0.15927682373641905,0.704099526139276,-0.863376349875695,1.975960000181487,2.0112258622252286,-0.0352658620437416
S43A12T04,filtered,72,2.4,False,True,0.1909837724574453,0.12303226146804813,-1.3917367602068678,-1.2765667226531057,-0.1151700375537621,-0.1584691027300979,0.7080266975093992,-0.8664958002394971,1.9805069404503168,2.010667903245711,-0.030160962795394042
S43A12T04,filtered,73,2.433333333333333,False,True,0.17710287849677658,0.1238603828801077,-1.3906789453398631,-1.2817674879943142,-0.10891145734554897,-0.1585423814673939,0.7106904389516757,-0.8692328204190696,1.9855847826741313,2.0093189927902335,-0.023734210116102217
S43A12T04,filtered,74,2.466666666666667,False,False,0.16401889097322206,0.12344274402355326,-1.3894196195808572,-1.2869136145758253,-0.10250600500503193,-0.15955762838681994,0.7120426570614234,-0.8716002854482434,1.9911304901234543,2.007020931175549,-0.015890441052094584
S43A12T04,filtered,75,2.5,False,True,0.15247718070540622,0.12213947798226177,-1.3879053419517526,-1.2919971196562683,-0.09590822229548435,-0.16148183220518642,0.7121615171633975,-0.8736433493685839,1.9970835438842576,2.0036642600113694,-0.006580716127111863
S43A12T04,filtered,76,2.533333333333333,False,True,0.14307218370311853,0.12038511213519776,-1.386056295630666,-1.2969865998457442,-0.08906969578492174,-0.16417381011677637,0.711259989616073,-0.8754337997328493,2.003395045991032,1.9991942606764106,0.004200785314621536
S43A12T04,filtered,77,2.566666666666667,False,False,0.13619604685965808,0.11864137315726397,-1.3837644591972407,-1.3018190911349727,-0.08194536806226793,-0.16737584824205315,0.7096822587094694,-0.8770581069515226,2.0100379853313286,1.9936162461074787,0.01642173922384993
S43A12T04,filtered,78,2.6,False,False,0.1320670691935542,0.11734872547163455,-1.380893669913394,-1.3063962208434192,-0.0744974490699748,-0.1707126084808481,0.707886692190254,-0.8785993006711021,2.017017991718298,1.987000669648828,0.030017322069470165
S43A12T04,filtered,79,2.6333333333333333,False,False,0.13083040880585897,0.11688179879828353,-1.3772818314031972,-1.310586154576645,-0.06669567682655209,-0.1736984454656567,0.7064151757800912,-0.8801136212457479,2.024383615112044,1.9794881347699753,0.04489548034206847
S43A12T04,filtered,80,2.6666666666666665,False,False,0.1326564801903132,0.11751319895306578,-1.3727453978742987,-1.3142322801247583,-0.05851311774954038,-0.17575384396243343,0.7058498722767975,-0.881603716239231,2.0322349442303014,1.9712938324830964,0.06094111174720496
S43A12T04,filtered,81,2.7,False,False,0.137739991428092,0.1193890768689676,-1.3670861228916296,-1.3171687579952036,-0.04991736489642595,-0.17623111178412268,0.7067597703436506,-0.8829908821277732,2.040729272608759,1.9627103817017437,0.07801889090701519
S43A12T04,filtered,82,2.7333333333333334,True,False,0.14616889717263598,0.12251841938113528,-1.360099899731981,-1.3192420758293792,-0.04085782390260184,-0.17444876289907163,0.7096406297660449,-0.8840893926651165,2.0500825661717696,1.9541076297386846,0.09597493643308508
S43A12T04,filtered,83,2.7666666666666666,False,False,0.15774264577920533,0.12677650589193434,-1.351587351805855,-1.3203366932580658,-0.03125065854778919,-0.16973323646231062,0.7148529853490269,-0.8845862218113375,2.060565698484179,1.9459277918678435,0.11463790661633544
S43A12T04,filtered,84,2.8,False,False,0.171863887901753,0.13192152390858336,-1.3413656662033329,-1.3204019138399012,-0.02096375236343162,-0.16146577789231406,0.722563618826878,-0.8840293967191921,2.072494788994405,1.938674432170892,0.13382035682351323
S43A12T04,filtered,85,2.8333333333333335,False,False,0.18756164107797926,0.13762209917450963,-1.3292810126162427,-1.319476440797327,-0.009804571818915697,-0.14913153528909665,0.7326962373772228,-0.8818277726663194,2.086215476381445,1.9328942193506284,0.15332125703081667
S43A12T04,filtered,86,2.8666666666666667,False,False,0.20361065212298182,0.14349257337347798,-1.315220766357224,-1.3177068098682638,0.0024860435110398704,-0.13236728934285713,0.7448969249846462,-0.8772642143275033,2.102081538841664,1.929151085342883,0.17293045349878078
S43A12T04,filtered,87,2.9,False,False,0.21868132014699532,0.14913230681032985,-1.2991246723771417,-1.315356140169742,0.016231467792600318,-0.11100383202284801,0.758519215361044,-0.8695230473838921,2.1204288813751657,1.9279932876799597,0.19243559369520602
S43A12T04,filtered,88,2.933333333333333,False,False,0.23147832579034414,0.1541651054849369,-1.280994062993536,-1.3128004258191548,0.031806362825618884,-0.08509892472184043,0.7726323789704783,-0.8577313036923188,2.141546488410683,1.9299148247708262,0.21163166363985675
S43A12T04,filtered,89,2.966666666666667,False,False,0.24085511825533037,0.1582750496304408,-1.2608982905521904,-1.310510852975766,0.0496125624235757,-0.054957064124177994,0.7860547836345537,-0.8410118477587317,2.1656464309895482,1.9353135688338061,0.2303328621557421
S43A12T04,filtered,90,3.0,False,False,0.24590534931263186,0.16123548887005024,-1.2389776675844837,-1.3090222417696429,0.07004457418515919,-0.02113299340766618,0.7974120947542502,-0.8185450881619164,2.192835368788417,1.9444492640346973,0.24838610475371947
S43A12T04,filtered,91,3.033333333333333,False,False,0.24603580025892574,0.16292870539241733,-1.2154424220509321,-1.3088894929609045,0.0934470709099724,0.01558299691123674,0.805217793376036,-0.7896347964647993,2.223090154131202,1.9574051011013174,0.26568505302988465
S43A12T04,filtered,92,3.066666666666667,False,False,0.24102610165271005,0.16335465578898578,-1.1905674626909681,-1.3106356376809083,0.12006817498994016,0.05419849343189927,0.8079712128114612,-0.7537727193795619,2.2562400939298275,1.974056853432133,0.2821832404976945
S43A12T04,filtered,93,3.1,False,False,0.23108246153240344,0.16262820087666752,-1.1646830855086376,-1.3146965046602372,0.1500134191515996,0.09356996145923126,0.8042662544764976,-0.7106962930172663,2.291958135355692,1.9940534873686366,0.2979046479870555
S43A12T04,filtered,94,3.1333333333333333,False,False,0.21689667736764057,0.16096523582351718,-1.138162102854699,-1.3213679121558721,0.18320580930117303,0.13246844371415908,0.792902370625465,-0.6604339269113059,2.3297627076919487,2.016812699405288,0.31295000828666053
S43A12T04,filtered,95,3.1666666666666665,False,False,0.19972632580200525,0.15865906259651297,-1.11140420149219,-1.3307614964066186,0.21935729491442846,0.1696554586305172,0.7729885051879737,-0.6033330465574565,2.369031192906948,2.0415339625390763,0.3274972303678716
S43A12T04,filtered,96,3.2,True,False,0.1815071961759675,0.15604914159495897,-1.0848185961864385,-1.342774729215813,0.2579561330293745,0.20396329166938404,0.7440306291722769,-0.5400673375028928,2.409025052640287,2.0672303869673687,0.3417946656729183
S43A12T04,filtered,97,3.2333333333333334,True,False,0.16495623394125505,0.1534849774024678,-1.0588062089797683,-1.3570793896601296,0.29827318068036135,0.2343730542549434,0.7059943891179808,-0.4716213348630375,2.448925578039528,2.0927790625899947,0.35614651544953313
S43A12T04,filtered,98,3.2666666666666666,False,False,0.15343722909394233,0.1512883085343626,-1.0337426521287014,-1.373130886220635,0.33938823409193364,0.26008369895484224,0.6593362045735959,-0.39925250561875364,2.4878781453909586,2.116987655566613,0.3708904898243457
S43A12T04,filtered,99,3.3,True,False,0.15009896209642545,0.14971696278704272,-1.009963219407176,-1.3901986106970525,0.3802353912898766,0.28056570382077184,0.6049987846044342,-0.3244330807836624,2.525041869442955,2.13867305222506,0.38636881721789473
S43A12T04,filtered,100,3.3333333333333335,True,False,0.1562525172700223,0.14893368766313597,-0.9877509032901621,-1.4074152243592395,0.41966432106907736,0.2955943652108522,0.5443702402725918,-0.24877587506173965,2.5596407733027955,2.1567460250900825,0.402894748212713
S43A12T04,filtered,101,3.3666666666666667,True,False,0.1705154947221303,0.14898295138754736,-0.9673281718220668,-1.4238407091915954,0.4565125373695287,0.30525946426416467,0.47920939866110424,-0.17394993439693957,2.591012159979943,2.1702945291562727,0.4207176308236704
S43A12T04,filtered,102,3.4,True,False,0.18986595069233939,0.14977813274580276,-0.9488528852364598,-1.4385354027392705,0.48968251750281067,0.309950306987082,0.41154316049589934,-0.10159285350881736,2.6186478719985105,2.1786576090762457,0.43999026292226473
S43A12T04,filtered,103,3.433333333333333,True,False,0.21119241489935395,0.15110070789379804,-0.9324183439995719,-1.4506352492997259,0.518216905300154,0.31031752631729953,0.343544377501932,-0.03322685118463248,2.6422246098075384,2.181482222690374,0.4607423871171643
S43A12T04,filtered,104,3.466666666666667,False,False,0.23200977999053046,0.15261206695448304,-0.9180570797630582,-1.4594222405516097,0.5413651607885516,0.30721529268095077,0.277400424103567,0.029814868577383746,2.6616204284417133,2.1787566364756126,0.48286379196610074
S43A12T04,filtered,105,3.5,True,False,0.250516704356334,0.15387754540737641,-0.9057476746075453,-1.4643835003087053,0.55863582570116,0.30162943818396376,0.21518320879332614,0.08644622939063762,2.676915853426767,2.17081632054412,0.5060995328826472
S43A12T04,filtered,106,3.533333333333333,True,False,0.2654610986089463,0.15440122978973703,-0.8954236633698898,-1.4652536248611587,0.569829961491269,0.2945982451154716,0.15873079944448415,0.13586744567098746,2.688379594807799,2.158321188191989,0.5300584066158098
S43A12T04,filtered,107,3.566666666666667,True,False,0.27601168297958784,0.15366916899046257,-0.8869834676644586,-1.4620365825522579,0.5750531148877993,0.28713315363527614,0.10954928325106357,0.17758387038421258,2.69644039391466,2.142206181036915,0.5542342128777449
S43A12T04,filtered,108,3.6,True,False,0.28167260450406856,0.15119783673146103,-0.8803003389430422,-1.4550055071236696,0.5747051681806274,0.2801463757129991,0.06874122900539137,0.21140514670760774,2.7016479045790898,2.1236101328915913,0.5780377716874985
S43A12T04,filtered,109,3.6333333333333333,False,False,0.2822340506416051,0.14658406978582383,-0.8752314417180688,-1.4446808612565638,0.569449419538495,0.27439142515668224,0.03696449893340924,0.237426926223273,2.7046265123061004,2.103790125075328,0.6008363872307725
S43A12T04,filtered,110,3.6666666666666665,True,False,0.277746550404547,0.13955226887020777,-0.8716254583226666,-1.4317894701726557,0.5601640118499891,0.27042102714192795,0.014422479527112939,0.255998547614815,2.7060265158915455,2.084029861380865,0.6219966545106805
S43A12T04,filtered,111,3.7,False,False,0.2685085695329281,0.12999443436414726,-0.869328400551515,-1.4172086241053674,0.5478802235538525,0.26856495151382237,0.0008843123077430307,0.2676806392060793,2.706477098221454,2.06555080165742,0.6409262965640341
S43A12T04,filtered,112,3.7333333333333334,True,False,0.25505866953816575,0.11799868967910099,-0.8681876210846868,-1.4019006591002592,0.5337130380155723,0.26892825029838996,-0.004268420809606328,0.2731966711079963,2.7065450347841873,2.0494339408970563,0.657111093887131
S43A12T04,filtered,113,3.7666666666666666,False,False,0.23816422188143027,0.10386241554882658,-0.8680542796483736,-1.386844040382981,0.5187897607346074,0.2714084037641794,-0.0019737570919237876,0.2733821608561032,2.7067022288895846,2.0365584034332684,0.6701438254563161
S43A12T04,filtered,114,3.8,False,False,0.21879889074188982,0.08808705921538285,-0.8687846963003584,-1.3729669505442939,0.5041822542439355,0.2757282003189882,0.006593523058835669,0.26913467726015255,2.707304058368773,2.0275607403572353,0.6797433180115378
S43A12T04,filtered,115,3.8333333333333335,True,False,0.19810106561812987,0.0713531155601741,-0.8702410956038833,-1.3610887575411628,0.49084766193727947,0.28147995520273184,0.02011282830482121,0.26136712689791064,2.7085793187595892,2.0228163163245223,0.6857630024350669
S43A12T04,filtered,116,3.8666666666666667,False,False,0.17730519612999512,0.05447563307430592,-0.8722922112471669,-1.3518736074169295,0.4795813961697626,0.28817600779672914,0.03720985733250466,0.2509661504642245,2.7106313924639296,2.022441781335944,0.6881896111279855
S43A12T04,filtered,117,3.9,True,False,0.15763848998628494,0.0383427061073347,-0.8748141022491264,-1.3457989157907324,0.47098481354160604,0.29530035048048636,0.05654348323883385,0.23875686724165252,2.713449277399407,2.0263156222004164,0.6871336551989904
S43A12T04,filtered,118,3.933333333333333,False,False,0.1401811064717653,0.02384152413743368,-0.8776913650167073,-1.3431399200517031,0.4654485550349958,0.30235668534541543,0.0768819706862409,0.2254747146591745,2.716926355479386,2.034112376085188,0.6828139793941981
S43A12T04,filtered,119,3.966666666666667,True,False,0.12570880605831858,0.011778365827211035,-0.8808187503263143,-1.3439699059812238,0.4631511556549095,0.30890907180863714,0.09716433337883805,0.21174473842979907,2.720884320022367,2.0453453714262855,0.6755389485960817
S43A12T04,filtered,120,4.0,False,True,0.1145784769607574,0.0028001696338288973,-0.8841030453095551,-1.3481744136765916,0.46407136836703655,0.3146124721506415,0.11654408964335687,0.1980683825072846,2.7250995276071435,2.0594128512248666,0.6656866763822769
S43A12T04,filtered,121,4.033333333333333,False,True,0.10674672645456419,0.0026742311256224838,-0.8874649797871559,-1.3554767745248237,0.46801179473766785,0.31923176190826286,0.13441417623828325,0.1848175856699796,2.7293291774099186,2.075642952258999,0.6536862251509197
S43A12T04,filtered,122,4.066666666666666,False,True,0.10195463034480208,0.004505561283502546,-0.8908408713302968,-1.3654717768571096,0.47463090552681286,0.32264899547610404,0.15041320257636806,0.17223579289973598,2.7333351033362465,2.093334105291561,0.6400009980446857
S43A12T04,filtered,123,4.1,False,True,0.09996311231995103,0.0028619197569923482,-0.894183729559574,-1.377664078143698,0.4834803485841239,0.32485978067439053,0.16441445961704937,0.16044532105734116,2.7369035204855328,2.111788773716433,0.6251147467690998
S43A12T04,filtered,124,4.133333333333334,False,False,0.1006378937749665,0.0017812929148990353,-0.8974635855723117,-1.3915081038087314,0.4940445182364197,0.32596043723758633,0.17650006521143213,0.1494603720261542,2.7398597116448684,2.130339823318522,0.6095198883263464
S43A12T04,filtered,125,4.166666666666667,False,False,0.10379621800787107,0.008670981104000441,-0.9006668834849597,-1.4064465038467757,0.505779620361816,0.32612815586276606,0.1869232991330189,0.13920485672974717,2.7420772827465814,2.148369988478125,0.5937072942684565
S43A12T04,filtered,126,4.2,True,False,0.10895068634775719,0.01683427602037546,-0.9037948567729532,-1.4219446902365487,0.5181498334635954,0.32559663969280594,0.19606256845046843,0.1295340712423375,2.743482179997303,2.165325696102457,0.5781564838948459
S43A12T04,filtered,127,4.233333333333333,False,False,0.11518149127368044,0.025160720951132864,-0.9068609054078244,-1.4375194862745153,0.5306585808666909,0.32462973207105944,0.20437059405850058,0.12025913801255886,2.744052088718524,2.1807268357817913,0.5633252529367327
S43A12T04,filtered,128,4.266666666666667,True,False,0.12123258318293606,0.03250213913351563,-0.9098870871214235,-1.4527604510876548,0.5428733639662313,0.32349536333552426,0.21232238601525413,0.11117297732027012,2.743812096589305,2.1941739284625505,0.5496381681267546
S43A12T04,filtered,129,4.3,False,False,0.1257452890483766,0.03778161451190676,-0.9128999346825447,-1.4673429946670895,0.5544430599845448,0.32244183979227853,0.2203654378926368,0.10207640189964173,2.7428276042374162,2.2053536449986377,0.5374739592387785
S43A12T04,filtered,130,4.333333333333333,True,False,0.1275066814632383,0.040101749185987856,-0.9159259058620731,-1.4810329806862785,0.5651070748242054,0.3216780984419943,0.22887535246388468,0.09280274597810961,2.7411954329913275,2.2140429300650104,0.5271525029263171
S43A12T04,filtered,131,4.366666666666666,False,False,0.12565365858556155,0.03884194588252243,-0.9189868545843609,-1.4936831311855365,0.5746962766011756,0.3213590987415479,0.23811980937713112,0.08323928936441677,2.7390339602692544,2.220111301147922,0.5189226591213325
S43A12T04,filtered,132,4.4,False,False,0.11982668102530163,0.03373497233984746,-0.9220959673231515,-1.5052221838368833,0.5831262165137319,0.3215770431401303,0.24823336166134674,0.07334368147878356,2.7364729612323684,2.2235204140133176,0.5129525472190508
S43A12T04,filtered,133,4.433333333333334,True,False,0.11028507186264717,0.02491450917891469,-0.9252546231945491,-1.5156383677250957,0.5903837445305467,0.32235862950559646,0.2592049474435045,0.06315368206209199,2.733643698340428,2.224319861285765,0.5093238370546631
S43A12T04,filtered,134,4.466666666666667,False,False,0.09799733231530079,0.012927701321131746,-0.9284505968503614,-1.5249592940790944,0.596508697228733,0.32366805888648426,0.2708791861778198,0.05278887270866445,2.730669708052225,2.222638458256078,0.5080312497961472
S43A12T04,filtered,135,4.5,True,False,0.08470438683307072,0.0012902266321370703,-0.9316579239053562,-1.5332307298133914,0.6015728059080352,0.32541507568645944,0.28297150047526554,0.04244357521119391,2.7276586916427656,2.2186709225023797,0.5089877691403859
S43A12T04,filtered,136,4.533333333333333,False,False,0.07285444499143094,0.01647871590812411,-0.9348385920934716,-1.5404968631718305,0.6056582710783589,0.3274669370969129,0.2950959330806129,0.0323710040163,2.724695907173313,2.212660725471763,0.5120351817015498
S43A12T04,filtered,137,4.566666666666666,False,False,0.06499040940582411,0.031147746564931467,-0.9379460207677606,-1.5467845300004406,0.60883850923268,0.3296629321092287,0.30680333875278143,0.022859593356447272,2.7218394494617955,2.2048807747535184,0.516958674708277
S43A12T04,filtered,138,4.6,False,False,0.06210191215131332,0.04369918482119428,-0.9409300694443565,-1.5520934265226476,0.6111633570782911,0.3318299315020881,0.3176265798805982,0.01420335162148989,2.719117760239234,2.195614253662539,0.5235035065766951
S43A12T04,filtered,139,4.633333333333334,False,False,0.06230658699399408,0.05256315640714293,-0.9437431025804947,-1.55639361246631,0.6126505098858154,0.33379746942098176,0.327128595963176,0.006668873457805757,2.7165296084051356,2.1851382213552357,0.5313913870498999
S43A12T04,filtered,140,4.666666666666667,False,False,0.06212270756815766,0.05633716554690826,-0.9463464652077983,-1.5596306749101279,0.6132842097023296,0.33541103447069687,0.33494886595618584,0.0004621685145110299,2.7140466159422667,2.1737123674950087,0.540334248447258
S43A12T04,filtered,141,4.7,False,False,0.0587196486730518,0.053915052927850704,-0.9487166223037717,-1.5617378868173177,0.613021264513546,0.3365425603506344,0.3408438934087389,-0.004301333058104484,2.7116181933040346,2.1615746277451793,0.5500435655588554
S43A12T04,filtered,142,4.733333333333333,False,False,0.05131800288386921,0.0445935748993298,-0.9508502053109578,-1.562653691341306,0.6118034860303483,0.3370975090884387,0.3447179040278609,-0.0076203949394221815,2.7091785174945646,2.148944303672925,0.5602342138216394
S43A12T04,filtered,143,4.766666666666667,False,False,0.043317735243522726,0.02814634389069326,-0.9527673001199186,-1.5623420187978407,0.6095747186779221,0.33701837637198384,0.34664088106620544,-0.0096225046942216,2.706654971074,2.1360320700725666,0.5706229010014336
S43A12T04,filtered,144,4.8,False,False,0.0460841615333696,0.004857895520305355,-0.9545124944589618,-1.5608124288037977,0.6062999343448359,0.33628485714696155,0.34685226178476225,-0.010567404637800704,2.7039772934909316,2.1230550112541278,0.5809222822368039
S43A12T04,filtered,145,4.833333333333333,False,False,0.06822528082952985,0.02448558668502221,-0.9561534563876987,-1.5581369595788916,0.601983503191193,0.334911236461167,0.3457499446275646,-0.010838708166397593,2.7010866021290854,2.110253823396307,0.5908327787327785
S43A12T04,filtered,146,4.866666666666666,False,False,0.10385280034614444,0.05864825667391527,-0.9577771058528257,-1.554460898040251,0.5966837921874253,0.33294177789319235,0.3438655778516206,-0.010923799958428237,2.697943432511866,2.097908732879232,0.600034699632634
S43A12T04,filtered,147,4.9,False,False,0.1466446188403043,0.09603465520758214,-0.959483729133072,-1.5500054298996946,0.5905217007666226,0.33044495430139775,0.34182829629768163,-0.01138334199628388,2.694534026104269,2.0863506221380117,0.6081834039662573
S43A12T04,filtered,148,4.933333333333334,False,False,0.1927130908546808,0.13480964649584992,-0.9613796333412095,-1.5450611938412468,0.5836815605000374,0.32750731032677205,0.3403200459066347,-0.012812735579862677,2.6908742496710163,2.0759643500510814,0.6149098996199349
S43A12T04,filtered,149,4.966666666666667,False,False,0.2390383510001578,0.17303735631026052,-0.963569112737355,-1.5399729972930247,0.5764038845556697,0.32422758914512767,0.34002631241514997,-0.015798723270022297,2.687010742963271,2.0671822389884777,0.619828503974793
S43A12T04,filtered,150,5.0,True,False,0.28296229639370907,0.20882659894592814,-0.9661465779129675,-1.5351171664386638,0.5689705885256963,0.32071153543158204,0.34158640279077557,-0.020874867359193527,2.683019136784192,2.060467032925145,0.6225521038590469
S43A12T04,filtered,151,5.033333333333333,False,False,0.3221432458501606,0.24046990141922908,-0.969189672730225,-1.5308740059532264,0.5616843332230014,0.31706754483662386,0.34554739109087745,-0.028479846254253594,2.6789994344326753,2.0562851126260133,0.622714321806662
S43A12T04,filtered,152,5.066666666666666,False,False,0.3546307080678149,0.26656414748375057,-0.9727540760062998,-1.5275984698892535,0.5548443938829537,0.3134031077331014,0.35232543733778254,-0.038922329604681116,2.6750688812931345,2.0550721648189785,0.619996716474156
S43A12T04,filtered,153,5.1,False,False,0.37895443712219173,0.2861029714915624,-0.9768704731994762,-1.5255922960257835,0.5487218228263073,0.3098218247171212,0.36217745420112946,-0.05235562948400824,2.6713528407593445,2.057194639873729,0.6141582008856155
S43A12T04,filtered,154,5.133333333333334,False,False,0.39419101716548505,0.29853407873375826,-0.9815439175643305,-1.525080525167662,0.5435366076033316,0.30642067627883246,0.37518510461234883,-0.06876442833351637,2.6679743388792514,2.0629110483644797,0.6050632905147717
S43A12T04,filtered,155,5.166666666666667,False,False,0.39999442045858535,0.30377827201143615,-0.9867555170902221,-1.526194599972646,0.5394390828824239,0.30328722042332046,0.39125197171213666,-0.0879647512888162,2.6650430328708414,2.0723373688948312,0.5927056639760102
S43A12T04,filtered,156,5.2,False,False,0.39658749615919503,0.3022106760645804,-0.9924661199778122,-1.5289632669716295,0.5364971469938173,0.30049646892299164,0.4101135802728183,-0.10961711134982666,2.6626444041845243,2.085420572528715,0.5772238316558091
S43A12T04,filtered,157,5.233333333333333,True,False,0.3847175385832241,0.2946080420453432,-0.9986214585418695,-1.533311467734721,0.5346900091928516,0.2981073427317511,0.4313588950210454,-0.1332515522892943,2.660829981722741,2.10192357783418,0.5589064038885612
S43A12T04,filtered,158,5.266666666666667,False,False,0.3655831348220974,0.2820687428177917,-1.005158070775363,-1.5390664636591653,0.5339083928838024,0.29615880682574947,0.45446108132528795,-0.1583022744995385,2.6596093702971766,2.121423936426736,0.5381854338704404
S43A12T04,filtered,159,5.3,False,False,0.34074195087592885,0.26591392357547705,-1.0120092613493803,-1.5459697174434623,0.533960456094082,0.29466600310517826,0.4788147530310522,-0.18414874992587393,2.65894479457404,2.1433273314671917,0.5156174631068482
S43A12T04,filtered,160,5.333333333333333,False,False,0.31200997831212657,0.24757916837042626,-1.0191103908233465,-1.5536926278496046,0.5345822370262581,0.2936169010692136,0.5037766728383279,-0.21015977176911432,2.658748766631435,2.1668956762835165,0.49185309034791835
S43A12T04,filtered,161,5.366666666666666,False,False,0.28136151109319857,0.22850600968852985,-1.0264028862660206,-1.5618541081212636,0.535451221855243,0.2929701336140515,0.5287068969505715,-0.23573676333652,2.658885340404012,2.191288349277655,0.4675969911263569
S43A12T04,filtered,162,5.4,False,False,0.25083426155462907,0.21004175873977915,-1.0338365344411755,-1.570038190896291,0.5362016564551155,0.29265474788585777,0.5530076243842457,-0.2603528764983879,2.659175223679232,2.2156140021251485,0.4435612215540834
S43A12T04,filtered,163,5.433333333333334,False,False,0.2224326582116879,0.19335464372171907,-1.0413698310271147,-1.5778102709053696,0.536440439878255,0.2925725559123671,0.576157460297756,-0.28358490438538897,2.659404776362337,2.2389895116111376,0.4204152647511994
S43A12T04,filtered,164,5.466666666666667,False,False,0.1980024437815859,0.1793693241656813,-1.0489683936302716,-1.5847311680384346,0.535762774408163,0.29260360629105375,0.5977393595925093,-0.3051357533014556,2.659338637183323,2.2606020568101144,0.3987365803732086
S43A12T04,filtered,165,5.5,False,False,0.17903248430881422,0.16872572421540988,-1.0566016794624624,-1.5903688004623988,0.5337671209999364,0.29261502044384496,0.6174611079095119,-0.32484608746566696,2.658735403094787,2.279770003684267,0.37896539941051977
S43A12T04,filtered,166,5.533333333333333,False,False,0.1663726136162399,0.1617620037719374,-1.064238458949916,-1.5943077984504692,0.5300693395005531,0.2924730636641405,0.6351677561644121,-0.3426946925002716,2.65736545875823,2.2959982534823986,0.36136720527583144
S43A12T04,filtered,167,5.566666666666666,False,False,0.15999023980501823,0.15852053807792243,-1.0718416660974737,-1.5961577837667944,0.5243161176693207,0.29205788499353186,0.6508459030305627,-0.3587880180370308,2.6550297480923017,2.309023930435373,0.3460058176569287
S43A12T04,filtered,168,5.6,False,False,0.1590047646867181,0.15877413692943487,-1.079363361205674,-1.595561237262761,0.5161978760570869,0.29127990469201664,0.6646200910203215,-0.37334018632830485,2.6515780306496577,2.3188487158776363,0.3327293147720214
S43A12T04,filtered,169,5.633333333333334,False,False,0.16206852689821097,0.16206849687465152,-1.0867405917877329,-1.592201863281506,0.5054612714937732,0.2900964048718286,0.6767418437836212,-0.38664543891179265,2.6469250071687416,2.325754752312532,0.3211702548562094
S43A12T04,filtered,170,5.666666666666667,False,False,0.16783258555564384,0.1677760968776627,-1.0938929174748104,-1.5858141499470495,0.49192123247223907,0.28852654155396196,0.6875720436929645,-0.3990455021390026,2.6410626609190557,2.3303018229689023,0.3107608379501534
S43A12T04,filtered,171,5.7,True,False,0.17521282716533004,0.17515643422375393,-1.1007222725222718,-1.5761944624340334,0.47547218991176154,0.2866627963692477,0.6975574624829338,-0.41089466611368614,2.6340672664318636,2.333304450167034,0.3007628162648297
S43A12T04,filtered,172,5.733333333333333,False,False,0.18341942150437812,0.18341762772443992,-1.1071156776516442,-1.5632135539989347,0.4560978763472905,0.28467686741991244,0.7072023509369288,-0.4225254835170164,2.626099776973137,2.3357886450913474,0.2903111318817895
S43A12T04,filtered,173,5.766666666666667,False,False,0.19186715042487154,0.19177492792671802,-1.1129510882107378,-1.546829908762096,0.4338788205513582,0.28281819366047645,0.7170360989413949,-0.4342179052809184,2.6173987172773368,2.33892927587604,0.2784694414012967
S43A12T04,filtered,174,5.8,False,False,0.20007495162343783,0.19950247917669284,-1.1181063892278331,-1.5271029117767179,0.40899652254888474,0.28140373190249546,0.7275781165719155,-0.44617438466942005,2.608265265879236,2.3439703804629417,0.2642948854162941
S43A12T04,filtered,175,5.833333333333333,False,False,0.20760468887408218,0.20597566975993664,-1.1224712353499198,-1.5042045350675455,0.3817332997176257,0.28079825709373535,0.7393012696632255,-0.45850301256949016,2.5990408836549412,2.35213219090057,0.2469086927543711
S43A12T04,filtered,176,5.866666666666666,False,False,0.21404659854113248,0.21070247334510106,-1.1259611044687485,-1.4784280727197583,0.35246696825100976,0.281385309179838,0.7525954271541224,-0.4712101179742844,2.5900785868035454,2.3645100782623576,0.22556850854118782
S43A12T04,filtered,177,5.9,False,False,0.21903887083388165,0.21334322253114046,-1.1285326115431096,-1.4501924697358644,0.3216598581927548,0.2835299129786622,0.7677329289246166,-0.48420301594595444,2.581709711903756,2.381971956062271,0.1997377558414848
S43A12T04,filtered,178,5.933333333333334,True,False,0.2223034039096723,0.21371917138954855,-1.1301988407776427,-1.4200409610545632,0.2898421202769206,0.2875352744781676,0.7848380367109205,-0.4973027622327528,2.5742087030024337,2.40506174425552,0.16914695874691343
S43A12T04,filtered,179,5.966666666666667,False,False,0.2236817287389512,0.21181092586467387,-1.1310432298406567,-1.3886330433839866,0.2575898135433299,0.2935967063793436,0.8038626477588227,-0.510265941379479,2.56775898373232,2.4339171225224607,0.1338418612098593
S43A12T04,filtered,180,6.0,False,False,0.22315974529081606,0.20774830183609527,-1.131230410606252,-1.3567292083324793,0.22549879772622727,0.301756935381678,0.8245706739734202,-0.5228137385917422,2.562423280025639,2.468209816520514,0.09421346350512483
S43A12T04,filtered,181,6.033333333333333,True,False,0.2208746387238927,0.2017933952203863,-1.1310124074562193,-1.3251683363948183,0.194155928938599,0.3118675589380268,0.8465334407415714,-0.5346658818035446,2.5581217609872877,2.5071159180581626,0.051005842929125134
S43A12T04,filtered,182,6.066666666666666,False,False,0.21710113631501687,0.1943186366578944,-1.1307287422961623,-1.2948381617080318,0.16410941941186952,0.3235616167816231,0.8691381467300561,-0.545576529948433,2.554621018878018,2.549322153566814,0.005298865311203826
S43A12T04,filtered,183,6.1,False,False,0.21221709692507001,0.18578140959420963,-1.130799311412442,-1.2666397505237739,0.13584043911133192,0.336241911858352,0.8916107629142808,-0.5553688510559287,2.5515361987425824,2.5930715886664553,-0.041535389923872845
S43A12T04,filtered,184,6.133333333333334,False,False,0.20665086074966058,0.17669651674753117,-1.1317093843568224,-1.241447477888994,0.10973809353217145,0.34908879445402663,0.9130536943129923,-0.5639648998589657,2.548347540587995,2.6362491061737554,-0.08790156558576045
S43A12T04,filtered,185,6.166666666666667,False,False,0.20081576271844798,0.16760748122489222,-1.133986710544618,-1.2200665138109055,0.0860798032662875,0.36108962314274556,0.9324971235806001,-0.5714075004378545,2.5444312853080193,2.67650335757945,-0.13207207227143059
S43A12T04,filtered,186,6.2,False,False,0.19504161217931112,0.15905745463199406,-1.1381714642503493,-1.2031902999838242,0.06501883573347489,0.3710901336044876,0.9489613469066578,-0.5778712133021702,2.5391034376269976,2.7113981110624064,-0.17229467343540872
S43A12T04,filtered,187,6.233333333333333,True,False,0.18951860014428332,0.15156043960384813,-1.1447805511840414,-1.1913608476643036,0.046580296480262184,0.3778656610311136,0.9615258321210394,-0.5836601710899258,2.5316734279537805,2.738582427499951,-0.2069089995461706
S43A12T04,filtered,188,6.266666666666667,True,False,0.1842737340933839,0.14557363979587334,-1.154268561579583,-1.1849348405983786,0.030666279018795706,0.3802078168133314,0.9693994486490938,-0.5891916318357624,2.521503440459215,2.7559663400061334,-0.23446289954691846
S43A12T04,filtered,189,6.3,True,False,0.17919973958708707,0.14147199543279543,-1.1669882986823616,-1.1840584137960148,0.017070115113653195,0.3770200917850347,0.971985587890137,-0.5949654961051023,2.508068242337007,2.7618871025893634,-0.25381886025235634
S43A12T04,filtered,190,6.333333333333333,False,False,0.1741492638947374,0.1395262644774975,-1.1831542509833004,-1.1886530581745447,0.005498807191244293,0.3674142217169735,0.9689358789934218,-0.6015216572764484,2.4910098963311507,2.7552509124790516,-0.26424101614790096
S43A12T04,filtered,191,6.366666666666666,True,False,0.16909490954800901,0.13988624944288253,-1.2028125349677432,-1.1984143804978606,-0.004398154469882565,0.3507982467482458,0.9601869604829014,-0.6093887137346556,2.4701818542304217,2.7356364375240902,-0.26545458329366856
S43A12T04,filtered,192,6.4,True,False,0.16433944921795055,0.14257082124326637,-1.2258206556058386,-1.212824491632266,-0.012996163973572727,0.32694720176548125,0.9459762200457983,-0.6190290182803171,2.4456776401752833,2.7033494362955945,-0.2576717961203112
S43A12T04,filtered,193,6.433333333333334,True,False,0.1607309257529228,0.14746615683137176,-1.2518398853913928,-1.2311777123777197,-0.020662173013673124,0.29604837758926006,0.9268343853703018,-0.6307860077810418,2.417840598172646,2.65942198546142,-0.24158138728877399
S43A12T04,filtered,194,6.466666666666667,True,False,0.15977135544268303,0.15433305260324226,-1.2803421559001178,-1.2526182006433224,-0.027723955256795385,0.2587150740520205,0.9035550931101082,-0.6448400190580876,2.3872528901933676,2.6055548974719374,-0.21830200727856974
S43A12T04,filtered,195,6.5,True,False,0.16341790565299796,0.1628233486799533,-1.3106321369363034,-1.2761871288002735,-0.03444500813602991,0.21596558763557416,0.8771438120791893,-0.6611782244436152,2.3547039231960945,2.5440072776296256,-0.1893033544335312
S43A12T04,filtered,196,6.533333333333333,False,False,0.17343294556285432,0.17250452432578345,-1.3418837423888323,-1.3008762555481352,-0.041007486840697105,0.16916758019623704,0.8487504968384093,-0.6795829166421723,2.3211404457076203,2.477442244470965,-0.15630179876334482
S43A12T04,filtered,197,6.566666666666666,True,False,0.19056130358344528,0.1828905716514908,-1.3731887910530793,-1.325684190260466,-0.04750460079261343,0.11995159652457862,0.8195918874670869,-0.6996402909425082,2.287602455721414,2.4087420592841355,-0.12113960356272147
S43A12T04,filtered,198,6.6,True,False,0.21417897359459073,0.1934764946103611,-1.4036141461879315,-1.3496713698342713,-0.05394277635366018,0.07010089751420764,0.7908702969675554,-0.7207693994533477,2.255150574470284,2.340808808591579,-0.08565823412129481
S43A12T04,filtered,199,6.633333333333334,False,True,0.24262468290740122,0.20377334477019415,-1.4322625594087817,-1.3720097866777743,-0.060252772731007376,0.021427492908852142,0.7636959513553165,-0.7422684584464644,2.224791471035829,2.276368029354919,-0.051576558319089916
S43A12T04,filtered,200,6.666666666666667,False,True,0.27378014877274504,0.2133406610305173,-1.4583318367332625,-1.3920238491726744,-0.06630798756058809,-0.024354111302513786,0.7390194510931427,-0.7633735623956565,2.197408139491352,2.2177921151018394,-0.020383975610487326
S43A12T04,filtered,201,6.7,False,True,0.3055058178122132,0.2218135227143352,-1.4811669523715387,-1.409219433859199,-0.07194751851233971,-0.06574365545697573,0.7175797628595337,-0.7833234183165094,2.1737012915298553,2.166958056828922,0.006743234700933076
S43A12T04,filtered,202,6.733333333333333,False,True,0.3358777477730198,0.2289220879595153,-1.500300388271773,-1.4232991729809772,-0.07700121529079573,-0.10155169167173894,0.6998714606954617,-0.8014231523672006,2.154146896932961,2.1251503362243547,0.028996560708606456
S43A12T04,filtered,203,6.766666666666667,False,True,0.3633069123210758,0.23450236318164586,-1.5154771932713007,-1.4341632291280653,-0.08131396414323544,-0.13096767175122961,0.6861329155684653,-0.8171005873196949,2.138973146413306,2.0930150680487007,0.04595807836460519
S43A12T04,filtered,204,6.8,False,True,0.386602442414748,0.23849790618758893,-1.52666286037748,-1.4418961099961587,-0.0847667503813212,-0.15359450123913776,0.6763550247417618,-0.8299495259808995,2.1281580635113717,2.0705663677574417,0.05759169575392997
S43A12T04,filtered,205,6.833333333333333,False,True,0.4050021338369568,0.2409530795107362,-1.5340338869345589,-1.4467413168330054,-0.08729257010155345,-0.16944815477312575,0.6703081244424673,-0.839756279215593,2.121446919476483,2.0572410050692,0.06420591440728307
S43A12T04,filtered,206,6.866666666666666,False,True,0.4181748694035528,0.24199923616469832,-1.5379525776230174,-1.4490666533477385,-0.08888592427527886,-0.17892452106505094,0.6675831554215754,-0.8465076764866264,2.118386754338634,2.0519932271099925,0.06639352722864134
S43A12T04,filtered,207,6.9,False,True,0.4261951136696152,0.24183576319978273,-1.5389290755803755,-1.4493237337650497,-0.08960534181532576,-0.18273871805400907,0.6676421035596736,-0.8503808216136827,2.1183738721494847,2.053418588271575,0.0649552838779095
S43A12T04,filtered,208,6.933333333333334,False,True,0.42949098131846597,0.24070819137304067,-1.5375746217126758,-1.4480055528319085,-0.08956906888076732,-0.1818443812155907,0.6698722929252261,-0.8517166741408169,2.1207092791987834,2.0598939257073896,0.060815353491393775
S43A12T04,filtered,209,6.966666666666667,False,True,0.42877019053524934,0.23888559958972833,-1.5345505735109557,-1.4456059021844545,-0.08894467132650119,-0.17734170835731353,0.6736392654871111,-0.8509809738444246,2.1246567139202868,2.069720310014044,0.05493640390624277
S43A12T04,filtered,210,7.0,False,True,0.42493074186505564,0.23663932885819627,-1.5305177552184146,-1.4425839696385023,-0.08793378557991227,-0.17038330651235042,0.6783336705932053,-0.8487169771055557,2.1294981483832123,2.081256764552851,0.04824138383036125
S43A12T04,filtered,211,7.033333333333333,False,True,0.41896481188079054,0.23422462371217745,-1.5260903096361653,-1.4393367122069773,-0.08675359742918798,-0.16208621415974922,0.6834086865008823,-0.8454949006606315,2.1345823392930465,2.0930345484859525,0.04154779080709403
S43A12T04,filtered,212,7.066666666666666,False,True,0.41186494392700695,0.23186630494618377,-1.5217974679073667,-1.4361806475399423,-0.08561682036742435,-0.15345704007472252,0.6884058508153779,-0.8418628908901004,2.1393630484530166,2.1038445258367844,0.03551852261623223
S43A12T04,filtered,213,7.1,False,True,0.40454110409876803,0.22974901669321746,-1.5180556614402185,-1.433343672250611,-0.08471198918960754,-0.14533520258530477,0.6929686190099117,-0.8383038215952164,2.1434247966336746,2.1127932514879397,0.03063154514573485
S43A12T04,filtered,214,7.133333333333334,False,True,0.3977555455355295,0.22801205067897112,-1.5151522921422942,-1.4309664993481594,-0.08418579279413474,-0.1383570290338309,0.6968443387265224,-0.8352013677603534,2.1464953174725743,2.1193265588515224,0.027168758621051836
S43A12T04,filtered,215,7.166666666666667,False,True,0.3920798118782773,0.2267482880803251,-1.513241369948869,-1.429112409759993,-0.08412896018887595,-0.1329412384941936,0.6998764827960564,-0.83281772129025,2.148445109779469,2.1232223375591106,0.02522277222035818
S43A12T04,filtered,216,7.2,False,True,0.3878750186762753,0.22600645683829934,-1.5123502201604588,-1.4277833141106844,-0.08456690604977446,-0.12929430426548702,0.7019898203863877,-0.8312841246518747,2.149275542515074,2.1245566112255863,0.024718931289487767
S43A12T04,filtered,217,7.233333333333333,False,True,0.38529351173536297,0.22579570360478574,-1.5123956334696904,-1.4269396746949738,-0.08545595877471657,-0.12743255040056672,0.703171659386004,-0.8306042097865707,2.1490977730556704,2.123648809972007,0.0254489630836634
S43A12T04,filtered,218,7.266666666666667,False,True,0.3842979122482312,0.22609143014936262,-1.513207227678067,-1.426521670058037,-0.08668555762003005,-0.12721669296512722,0.7034523444441567,-0.830669037409284,2.1481052560519887,2.12099320440005,0.02711205165193853
S43A12T04,filtered,219,7.3,False,True,0.3846928122572899,0.22684143200511286,-1.5145554337275977,-1.4264690937391253,-0.08808633998847237,-0.1283939433153657,0.7028878674485456,-0.8312818107639113,2.1465428393341015,2.1171838259911726,0.029359013342928897
S43A12T04,filtered,220,7.333333333333333,False,True,0.3861646901350485,0.22797157582821614,-1.516181407107478,-1.4267378365466987,-0.08944357056077923,-0.13064273903508747,0.701546802043533,-0.8321895410786205,2.144675384876672,2.1128399053209534,0.03183547955571875
S43A12T04,filtered,221,7.366666666666666,False,True,0.38832624601403315,0.2293905243566281,-1.5178262764348154,-1.4273113583273682,-0.09051491810744716,-0.1336155983550849,0.6995029024622874,-0.8331185008173723,2.1427585583784365,2.108538023342506,0.03422053503593059
S43A12T04,filtered,222,7.4,False,True,0.39076172000919956,0.23099332130595407,-1.5192574373723537,-1.4282062442598422,-0.09105119311251153,-0.13697640640301723,0.6968337206837003,-0.8338101270867175,2.1410139563859114,2.104755931749789,0.0362580246361226
S43A12T04,filtered,223,7.433333333333334,False,True,0.3930697728663756,0.23266393978846467,-1.5202900370169767,-1.4294716859229752,-0.09081835109400149,-0.14042951151659627,0.6936246144065528,-0.8340541259231491,2.1396101478957257,2.1018315085986035,0.03777863929712222
S43A12T04,filtered,224,7.466666666666667,False,True,0.3949005166840946,0.23427713790424853,-1.520802323439206,-1.4311834493164493,-0.08961887412275682,-0.14373920123613468,0.6899766579607582,-0.833715859196893,2.138650561024266,2.0999387253277138,0.03871183569655212
S43A12T04,filtered,225,7.5,False,True,0.39598367371372056,0.23570012350479308,-1.520744110451141,-1.4334335151208577,-0.08731059533028329,-0.14673930761071827,0.6860163309185563,-0.8327556385292746,2.1381685024029884,2.099080947149023,0.039087555253965345
S43A12T04,filtered,226,7.533333333333333,False,True,0.3961457834228938,0.23679458786311391,-1.5201381865418182,-1.4363170359054973,-0.0838211506363209,-0.14933374231325292,0.6819045221670994,-0.8312382644803523,2.138129006004598,2.0991004836140466,0.03902852239055132
S43A12T04,filtered,227,7.566666666666666,False,True,0.395315771812392,0.23741961969461167,-1.5190750428852695,-1.4399185026806356,-0.07915654020463392,-0.15148959057038458,0.6778423953333702,-0.8293319859037548,2.1384367061744127,2.099702135357309,0.03873457081710363
S43A12T04,filtered,228,7.6,False,True,0.393519767197568,0.23743586517010695,-1.5177017785616693,-1.4442990230878427,-0.07340275547382658,-0.1532249370110958,0.6740720214762239,-0.8272969584873198,2.138948541482874,2.1004876025760244,0.03846093890684976
S43A12T04,filtered,229,7.633333333333334,False,True,0.390867454612298,0.23671107757776455,-1.5162064379441693,-1.4494863853266455,-0.06672005261752378,-0.1545938286482662,0.6708703632950143,-0.8254641919432805,2.1394898345854423,2.100997058605507,0.03849277597993517
S43A12T04,filtered,230,7.666666666666667,False,True,0.3875331837696447,0.2351269337317834,-1.5147993272194997,-1.455469142979966,-0.059330184239533734,-0.15567070747767867,0.6685361190061198,-0.8242068264837984,2.139872161164666,2.100753950850731,0.03911821031393492
S43A12T04,filtered,231,7.7,False,True,0.38373524163632333,0.23258672119118895,-1.5136930303755032,-1.4621953606929186,-0.051497669682584624,-0.15653630680117486,0.6673699965821769,-0.8239063033833518,2.1399114124259695,2.099309153391855,0.04060225903411441
S43A12T04,filtered,232,7.733333333333333,False,True,0.3797160879386792,0.22902326073905055,-1.5130828900631106,-1.4695759871678413,-0.04350690289526926,-0.15726646732942695,0.6676500579933985,-0.8249165253228254,2.139444558454272,2.0962809266603415,0.043163631793930346
S43A12T04,filtered,233,7.766666666666667,True,False,0.37572508601354765,0.22440625895238742,-1.513129630657651,-1.4774921643351084,-0.0356374663225425,-0.15792467667191779,0.6696047035259989,-0.8275293801979167,2.13834381771318,2.091387693921246,0.04695612379193426
S43A12T04,filtered,234,7.8,True,False,0.37200376134832674,0.21874821433929337,-1.5139455811354046,-1.4858052386012806,-0.028140342534124008,-0.15855846421643646,0.6733865166479254,-0.8319449808643619,2.13652721228096,2.0844713688586753,0.05205584342228464
S43A12T04,filtered,235,7.833333333333333,True,False,0.36877247787530976,0.21210804322185783,-1.5155856144619113,-1.4943678995463443,-0.02121771491556701,-0.1591991869417908,0.6790504407797242,-0.838249627721515,2.133964819061978,2.075509807108567,0.058455011953411073
S43A12T04,filtered,236,7.866666666666666,False,False,0.3662171799179039,0.20459174883264764,-1.5180434798850218,-1.5030347928332737,-0.01500868705174807,-0.1598643016744535,0.6865395332352013,-0.8464038349096549,2.130680393661594,2.0646178511021693,0.06606254255942456
S43A12T04,filtered,237,7.9,True,False,0.36447571261514966,0.1963497135060588,-1.5212536992404029,-1.5116711539725567,-0.009582545267846188,-0.16056099156568798,0.6956808218084618,-0.8562418133741498,2.1267484246560406,2.052037338095687,0.07471108656035375
S43A12T04,filtered,238,7.933333333333334,False,False,0.36362487622580425,0.1875705198195181,-1.5250986736023944,-1.520158454592614,-0.004940219009780478,-0.16129001899822845,0.7061926338558177,-0.8674826528540461,2.1222870487410117,2.0381172932147615,0.08416975552625017
S43A12T04,filtered,239,7.966666666666667,False,False,0.3636709703605299,0.17847156305875034,-1.5294201544852553,-1.5283966630612953,-0.0010234914239599657,-0.1620488919946284,0.7177033125454619,-0.8797522045400903,2.1174475960162593,2.0232862794151254,0.09416131660113392
S43A12T04,filtered,240,8.0,True,False,0.36454719407671426,0.16928706239730684,-1.534033826604848,-1.536303383228745,0.002269556623896829,-0.1628337956532442,0.7297796841167283,-0.8926134797699725,2.1124018110490503,2.008019469440491,0.10438234160855941
