held_out_trial,mechanics,physics_weight,seed,time_s,actual_horizontal_m,actual_vertical_m,model_horizontal_m,model_vertical_m,actual_physics_radius_m,model_physics_radius_m,support_displacement_m,effective_torque_nm,physics_residual_nm
S43A11T02,moving_support_variable_length,0.0,43013,0.0,0.08568022779987429,0.8882848216530995,0.08568022779987429,0.8882848216530995,0.8924074326310361,0.8924074326315963,0.0,-0.0,107.3453381840046
S43A11T02,moving_support_variable_length,0.0,43013,0.03333333333333333,0.09875942383659377,0.8852581668460195,0.09979425351140567,0.885391948318968,0.8905287580988189,0.8907747457498726,0.0020151886933571957,-0.0,83.56667659351962
S43A11T02,moving_support_variable_length,0.0,43013,0.06666666666666667,0.1124730520768148,0.8824665498779583,0.1168827793813493,0.8824743265647789,0.8890671544900907,0.8896219807480806,0.004337981264428643,-0.0,57.09438364138087
S43A11T02,moving_support_variable_length,0.0,43013,0.1,0.12675048866048605,0.8800010131914962,0.1365638112145933,0.8794225379383741,0.8881549179084272,0.8889624819936308,0.006678114706835558,-0.0,29.559751068281628
S43A11T02,moving_support_variable_length,0.0,43013,0.13333333333333333,0.1415876536303352,0.8778878744038656,0.15845794137034397,0.8761248215726691,0.8878805963645112,0.8888228359547727,0.008753797346394143,-0.0,2.6992798020211417
S43A11T02,moving_support_variable_length,0.0,43013,0.16666666666666666,0.1570649393723084,0.8760698052752978,0.18222290583540002,0.8724672476443146,0.8882739085108212,0.8892398701309464,0.010326284526379795,-0.0,-21.818888065337976
S43A11T02,moving_support_variable_length,0.0,43013,0.2,0.1733591533061598,0.8743924300239501,0.2075870001830493,0.8683339135787154,0.8892957457962097,0.8902575877522563,0.01123327070856648,-0.0,-42.57624853608453
S43A11T02,moving_support_variable_length,0.0,43013,0.23333333333333334,0.19074742804499112,0.8725985708983577,0.23437766490636502,0.8636071636637357,0.890835295351202,0.8919241061087487,0.01141740404006581,-0.0,-58.57291082426627
S43A11T02,moving_support_variable_length,0.0,43013,0.26666666666666666,0.20960158939999435,0.8703317463686888,0.262541780541524,0.8581678324841617,0.8927156374204092,0.8942886749718926,0.010946459695886902,-0.0,-69.36406832261707
S43A11T02,moving_support_variable_length,0.0,43013,0.3,0.23037221319379997,0.8671497786052129,0.29215482094283757,0.8518955122810005,0.8947082291992348,0.8973988599091863,0.010022316752343476,-0.0,-75.14593274920989
S43A11T02,moving_support_variable_length,0.0,43013,0.3333333333333333,0.25356249195582636,0.8625484501152269,0.3234169506665561,0.8446688439720337,0.8965556195412278,0.9012979810996716,0.008976821617650864,-0.0,-76.7774661951016
S43A11T02,moving_support_variable_length,0.0,43013,0.36666666666666664,0.27969300029615835,0.8559941456969565,0.356635336984142,0.8363658311433985,0.8980006756202313,0.906022899440763,0.008253806466436194,-0.0,-75.7303760056445
S43A11T02,moving_support_variable_length,0.0,43013,0.4,0.30925940859215373,0.8469634222048779,0.3921932717775929,0.8268641758401843,0.8988196408108623,0.911602236720482,0.00837785689054267,-0.0,-73.96711735961043
S43A11T02,moving_support_variable_length,0.0,43013,0.43333333333333335,0.342686058099838,0.8349865691780282,0.43050804413078586,0.8160416344547551,0.898855548852503,0.9180551046632919,0.009911769737229556,-0.0,-73.75441753418586
S43A11T02,moving_support_variable_length,0.0,43013,0.4666666666666667,0.3802789877484871,0.819691560079377,0.4719807492591458,0.8037763914465023,0.8980479523864524,0.9253903990089569,0.013405888271110722,-0.0,-77.427461496268
S43A11T02,moving_support_variable_length,0.0,43013,0.5,0.4221824141039139,0.8008444359309274,0.5169422473606408,0.7899474480421004,0.8964546704425735,0.933606690751286,0.01934353117827329,-0.0,-87.12674287604783
S43A11T02,moving_support_variable_length,0.0,43013,0.5333333333333333,0.46834274873945947,0.7783821758623529,0.5656001917259594,0.7744350224812314,0.8942614546597717,0.9426927193892896,0.02808743918601414,-0.0,-104.53500923870006
S43A11T02,moving_support_variable_length,0.0,43013,0.5666666666666667,0.5184839528169286,0.7524345235962999,0.6179923398476177,0.7571209578129076,0.8917762975402579,0.9526284651471681,0.0398324589771833,-0.0,-130.64492268265548
S43A11T02,moving_support_variable_length,0.0,43013,0.6,0.5720973677559793,0.7233320442959859,0.6739511784609235,0.7378891327382028,0.8894067333892947,0.9633867512389231,0.0545695027160321,-0.0,-165.58816580441004
S43A11T02,moving_support_variable_length,0.0,43013,0.6333333333333333,0.6284481477142699,0.6915988265717319,0.7330842005045755,0.7166258705638612,0.8876209773622942,0.9749353055953702,0.07206512987655958,-0.0,-208.55302734046384
S43A11T02,moving_support_variable_length,0.0,43013,0.6666666666666666,0.6865991143601292,0.6579296210525212,0.7947729794781717,0.6932203410047753,0.8868969001011752,0.9872391954804536,0.09185990668103244,-0.0,-257.8096368547498
S43A11T02,moving_support_variable_length,0.0,43013,0.7,0.7454513531577982,0.6231526857912043,0.8581925579064245,0.6675649493761793,0.8876660126415709,1.0002635386301195,0.11328707056173602,-0.0,-310.8501578063206
S43A11T02,moving_support_variable_length,0.0,43013,0.7333333333333333,0.8037993020776903,0.5881810331037024,0.9223507236000376,0.6395557076685877,0.8902617981899349,1.0139763906063244,0.1355110846045423,-0.0,-364.63625263016746
S43A11T02,moving_support_variable_length,0.0,43013,0.7666666666666667,0.8603966031378503,0.5539559793499793,0.9861446713642036,0.6090925821137542,0.8948817558372848,1.0283517089477094,0.1575835911120148,-0.0,-415.9297000588891
S43A11T02,moving_support_variable_length,0.0,43013,0.8,0.9140277627594087,0.5213877392343171,1.048430570470574,0.5760798121341931,0.9015698400895518,1.0433722989984564,0.1785122959368356,0.0,-461.66676426900636
S43A11T02,moving_support_variable_length,0.0,43013,0.8333333333333334,0.9635798615073138,0.49129816403222737,1.1080999391045472,0.5404261960192547,0.910221113394886,1.0590326524948908,0.19733669560735717,0.0,-499.32599081391345
S43A11T02,moving_support_variable_length,0.0,43013,0.8666666666666667,1.0081083006755396,0.4643705366132766,1.1641557151884145,0.5020453392754771,0.9206049985559611,1.0753415967402544,0.21320354657495005,0.0,-527.2356276375875
S43A11T02,moving_support_variable_length,0.0,43013,0.9,1.0468909497259868,0.4411106116783008,1.2157806981373043,0.4608558623373161,0.9323995085737188,1.0923246785159315,0.2254347598696393,0.0,-544.7728236514376
S43A11T02,moving_support_variable_length,0.0,43013,0.9333333333333333,1.079466063734802,0.42182190960379756,1.2623917005493364,0.4167815651682205,0.9452275654006365,1.1100262122499005,0.2335810674312736,0.0,-552.4221059435845
S43A11T02,moving_support_variable_length,0.0,43013,0.9666666666666667,1.105650882328299,0.406596789037991,1.3036742357328233,0.3697515471973688,0.9586880598933311,1.1285109263949675,0.23745629162525,0.0,-551.6829030730285
S43A11T02,moving_support_variable_length,0.0,43013,1.0,1.1255397241706142,0.3953232368898559,1.3395946785640676,0.31970028198669787,0.9723776310877844,1.1478651459678655,0.2371491592641547,0.0,-544.8405470698793
S43A11T02,moving_support_variable_length,0.0,43014,0.0,0.08568022779987429,0.8882848216530995,0.08568022779987429,0.8882848216530995,0.8924074326310361,0.8924074326315963,0.0,0.0,135.3879235394136
S43A11T02,moving_support_variable_length,0.0,43014,0.03333333333333333,0.09875942383659377,0.8852581668460195,0.10010019115277571,0.8854081927352976,0.8905287580988189,0.8908245256341173,0.0020151886933571957,0.0,113.2839990095414
S43A11T02,moving_support_variable_length,0.0,43014,0.06666666666666667,0.1124730520768148,0.8824665498779583,0.1181326718070235,0.8825243563017181,0.8890671544900907,0.8898305855961834,0.004337981264428643,0.0,88.11150957117783
S43A11T02,moving_support_variable_length,0.0,43014,0.1,0.12675048866048605,0.8800010131914962,0.13943417097491523,0.8795007036350238,0.8881549179084272,0.8894636913170517,0.006678114706835558,0.0,61.47112791714874
S43A11T02,moving_support_variable_length,0.0,43014,0.13333333333333333,0.1415876536303352,0.8778878744038656,0.16366239570046343,0.8762015366515169,0.8878805963645112,0.8897897541978678,0.008753797346394143,0.0,35.06843313736931
S43A11T02,moving_support_variable_length,0.0,43014,0.16666666666666666,0.1570649393723084,0.8760698052752978,0.1905102413349009,0.872488625296267,0.8882739085108212,0.8908999155705116,0.010326284526379795,0.0,10.539513233451775
S43A11T02,moving_support_variable_length,0.0,43014,0.2,0.1733591533061598,0.8743924300239501,0.219738581703028,0.8682218292442994,0.8892957457962097,0.8929073913291425,0.01123327070856648,0.0,-10.73190599481223
S43A11T02,moving_support_variable_length,0.0,43014,0.23333333333333334,0.19074742804499112,0.8725985708983577,0.2512041812685307,0.8632597800016569,0.890835295351202,0.895943718267572,0.01141740404006581,0.0,-27.78542071385974
S43A11T02,moving_support_variable_length,0.0,43014,0.26666666666666666,0.20960158939999435,0.8703317463686888,0.2848792754217996,0.8574606177957539,0.8927156374204092,0.9001543748731119,0.010946459695886902,0.0,-40.22215744598917
S43A11T02,moving_support_variable_length,0.0,43014,0.3,0.23037221319379997,0.8671497786052129,0.3208599750459345,0.8506827758983556,0.8947082291992348,0.9056937865661744,0.010022316752343476,0.0,-48.29140446404241
S43A11T02,moving_support_variable_length,0.0,43014,0.3333333333333333,0.25356249195582636,0.8625484501152269,0.35936159135544005,0.8427858032930825,0.8965556195412278,0.9127197801612332,0.008976821617650864,0.0,-52.91123438033472
S43A11T02,moving_support_variable_length,0.0,43014,0.36666666666666664,0.27969300029615835,0.8559941456969565,0.40070016390880764,0.83363121494569,0.8980006756202313,0.9213876198444457,0.008253806466436194,0.0,-55.61504991147129
S43A11T02,moving_support_variable_length,0.0,43014,0.4,0.30925940859215373,0.8469634222048779,0.4452608017942689,0.8230833574271639,0.8988196408108623,0.931843828558372,0.00837785689054267,0.0,-58.42368947134633
S43A11T02,moving_support_variable_length,0.0,43014,0.43333333333333335,0.342686058099838,0.8349865691780282,0.4934547958434927,0.8110102763460033,0.898855548852503,0.9442200625044053,0.009911769737229556,0.0,-63.651053015732714
S43A11T02,moving_support_variable_length,0.0,43014,0.4666666666666667,0.3802789877484871,0.819691560079377,0.5456687066656594,0.7972845710342495,0.8980479523864524,0.9586273494197709,0.013405888271110722,0.0,-73.65941884306054
S43A11T02,moving_support_variable_length,0.0,43014,0.5,0.4221824141039139,0.8008444359309274,0.6022096630323283,0.7817842212635326,0.8964546704425735,0.9751510120387185,0.01934353117827329,0.0,-90.58797588142218
S43A11T02,moving_support_variable_length,0.0,43014,0.5333333333333333,0.46834274873945947,0.7783821758623529,0.6632518122464546,0.7643933704951558,0.8942614546597717,0.9938465704842004,0.02808743918601414,0.0,-116.08378407004224
S43A11T02,moving_support_variable_length,0.0,43014,0.5666666666666667,0.5184839528169286,0.7524345235962999,0.7287891592890733,0.7450030503317986,0.8917762975402579,1.0147368525432254,0.0398324589771833,0.0,-151.0674930036922
S43A11T02,moving_support_variable_length,0.0,43014,0.6,0.5720973677559793,0.7233320442959859,0.7985998487628746,0.7235118314620372,0.8894067333892947,1.0378104480612709,0.0545695027160321,0.0,-195.56578231624687
S43A11T02,moving_support_variable_length,0.0,43014,0.6333333333333333,0.6284481477142699,0.6915988265717319,0.8722262498916484,0.6998263874791387,0.8876209773622942,1.0630215381622816,0.07206512987655958,0.0,-248.6379266534778
S43A11T02,moving_support_variable_length,0.0,43014,0.6666666666666666,0.6865991143601292,0.6579296210525212,0.9489740105640887,0.6738619595002087,0.8868969001011752,1.0902910288256598,0.09185990668103244,0.0,-308.414874326384
S43A11T02,moving_support_variable_length,0.0,43014,0.7,0.7454513531577982,0.6231526857912043,1.0279316148757196,0.6455427114796375,0.8876660126415709,1.1195088364049735,0.11328707056173602,0.0,-372.256136508719
S43A11T02,moving_support_variable_length,0.0,43014,0.7333333333333333,0.8037993020776903,0.5881810331037024,1.1080100318111366,0.6148019684526992,0.8902617981899349,1.150537119232686,0.1355110846045423,0.0,-437.0137485204908
S43A11T02,moving_support_variable_length,0.0,43014,0.7666666666666667,0.8603966031378503,0.5539559793499793,1.1879999618898767,0.5815823325957576,0.8948817558372848,1.1832142269071746,0.1575835911120148,0.0,-499.3755880425436
S43A11T02,moving_support_variable_length,0.0,43014,0.8,0.9140277627594087,0.5213877392343171,1.266642205592258,0.545835674869666,0.9015698400895518,1.2173591434938753,0.1785122959368356,0.0,-556.2452621053087
S43A11T02,moving_support_variable_length,0.0,43014,0.8333333333333334,0.9635798615073138,0.49129816403222737,1.3427050518725459,0.5075230030325579,0.910221113394886,1.2527762250864303,0.19733669560735717,0.0,-605.1059209895827
S43A11T02,moving_support_variable_length,0.0,43014,0.8666666666666667,1.0081083006755396,0.4643705366132766,1.415061566337951,0.46661420986947505,0.9206049985559611,1.2892600670624048,0.21320354657495005,0.0,-644.3137072350164
S43A11T02,moving_support_variable_length,0.0,43014,0.9,1.0468909497259868,0.4411106116783008,1.4827594366746732,0.4230877084865197,0.9323995085737188,1.3266003738791337,0.2254347598696393,0.0,-673.2747347658383
S43A11T02,moving_support_variable_length,0.0,43014,0.9333333333333333,1.079466063734802,0.42182190960379756,1.5450766902783006,0.37692996435235787,0.9452275654006365,1.3645867384576844,0.2335810674312736,0.0,-692.4769486813356
S43A11T02,moving_support_variable_length,0.0,43014,0.9666666666666667,1.105650882328299,0.406596789037991,1.6015580793150965,0.32813493633742424,0.9586880598933311,1.4030132656624457,0.23745629162525,0.0,-703.3718947460488
S43A11T02,moving_support_variable_length,0.0,43014,1.0,1.1255397241706142,0.3953232368898559,1.652029034195348,0.2767034412038817,0.9723776310877844,1.4416829938860969,0.2371491592641547,0.0,-708.1263885867255
S43A11T02,moving_support_variable_length,0.01,43013,0.0,0.08568022779987429,0.8882848216530995,0.08568022779987429,0.8882848216530995,0.8924074326310361,0.8924074326315963,0.0,4.187227200069653,87.22415082494001
S43A11T02,moving_support_variable_length,0.01,43013,0.03333333333333333,0.09875942383659377,0.8852581668460195,0.09965837510817917,0.8856698952852563,0.8905287580988189,0.8910361133359503,0.0020151886933571957,-3.173026880803209,72.4286029171731
S43A11T02,moving_support_variable_length,0.01,43013,0.06666666666666667,0.1124730520768148,0.8824665498779583,0.11636320374221498,0.8835663911142098,0.8890671544900907,0.8906397801461521,0.004337981264428643,-10.541287534838691,55.189464873501656
S43A11T02,moving_support_variable_length,0.01,43013,0.1,0.12675048866048605,0.8800010131914962,0.13544975944724763,0.8818338275658949,0.8881549179084272,0.8911863082036591,0.006678114706835558,-17.915225348789022,37.090456081662204
S43A11T02,moving_support_variable_length,0.01,43013,0.13333333333333333,0.1415876536303352,0.8778878744038656,0.15657706472275373,0.8803271903354422,0.8878805963645112,0.8926520489097174,0.008753797346394143,-25.29251914636376,19.83088756485843
S43A11T02,moving_support_variable_length,0.01,43013,0.16666666666666666,0.1570649393723084,0.8760698052752978,0.17944249552974764,0.8788968161885542,0.8882739085108212,0.8950195005314202,0.010326284526379795,-32.67085962378828,5.060923605927513
S43A11T02,moving_support_variable_length,0.01,43013,0.2,0.1733591533061598,0.8743924300239501,0.20381497916181282,0.8773882824284305,0.8892957457962097,0.898274964904668,0.01123327070856648,-40.047952885014396,-5.794358894103944
S43A11T02,moving_support_variable_length,0.01,43013,0.23333333333333334,0.19074742804499112,0.8725985708983577,0.22956332197934073,0.8756423047884402,0.890835295351202,0.9024062762690541,0.01141740404006581,-47.42152386505805,-11.703817723241016
S43A11T02,moving_support_variable_length,0.01,43013,0.26666666666666666,0.20960158939999435,0.8703317463686888,0.2566762063296633,0.8734946469554066,0.8927156374204092,0.9074006869302284,0.010946459695886902,-54.78931963099354,-12.172635344091518
S43A11T02,moving_support_variable_length,0.01,43013,0.3,0.23037221319379997,0.8671497786052129,0.2852710047965759,0.8707760453924391,0.8947082291992348,0.9132429914871323,0.010022316752343476,-62.149112551221904,-7.339911284009056
S43A11T02,moving_support_variable_length,0.01,43013,0.3333333333333333,0.25356249195582636,0.8625484501152269,0.31558949857384433,0.867312153603491,0.8965556195412278,0.9199139663357485,0.008976821617650864,-69.49870332474457,1.9837325957920022
S43A11T02,moving_support_variable_length,0.01,43013,0.36666666666666664,0.27969300029615835,0.8559941456969565,0.34797977255130946,0.8629235104507603,0.8980006756202313,0.9273891938781494,0.008253806466436194,-76.8359238632951,14.348673408881496
S43A11T02,moving_support_variable_length,0.01,43013,0.4,0.30925940859215373,0.8469634222048779,0.3828648858219806,0.8574255375836792,0.8988196408108623,0.9356383314826071,0.00837785689054267,-84.15864002030453,27.772538988518022
S43A11T02,moving_support_variable_length,0.01,43013,0.43333333333333335,0.342686058099838,0.8349865691780282,0.4207002633956754,0.8506285714437479,0.898855548852503,0.9446248742647032,0.009911769737229556,-91.46475416178306,39.91627135642645
S43A11T02,moving_support_variable_length,0.01,43013,0.4666666666666667,0.3802789877484871,0.819691560079377,0.46192300133364195,0.8423379356483591,0.8980479523864524,0.9543064489687192,0.013405888271110722,-98.75220757528785,48.31810051458801
S43A11T02,moving_support_variable_length,0.01,43013,0.5,0.4221824141039139,0.8008444359309274,0.5068973070876429,0.8323540598009541,0.8964546704425735,0.9646356645239768,0.01934353117827329,-106.01898271419948,50.66566644321556
S43A11T02,moving_support_variable_length,0.01,43013,0.5333333333333333,0.46834274873945947,0.7783821758623529,0.5558610041679397,0.8204726508933378,0.8942614546597717,0.9755615340708507,0.02808743918601414,-113.26310527554394,45.079516016939905
S43A11T02,moving_support_variable_length,0.01,43013,0.5666666666666667,0.5184839528169286,0.7524345235962999,0.6088783261291777,0.8064849234256808,0.8917762975402579,0.9870314739848428,0.0398324589771833,-120.48264611056258,30.375983985657015
S43A11T02,moving_support_variable_length,0.01,43013,0.6,0.5720973677559793,0.7233320442959859,0.6658040433065305,0.7901778941369332,0.8894067333892947,0.998993877856394,0.0545695027160321,-127.67572296814586,6.275156591359689
S43A11T02,moving_support_variable_length,0.01,43013,0.6333333333333333,0.6284481477142699,0.6915988265717319,0.726263273734579,0.7713347467804633,0.8876209773622942,1.0114012571769722,0.07206512987655958,-134.84050207210166,-26.47869928109438
S43A11T02,moving_support_variable_length,0.01,43013,0.6666666666666666,0.6865991143601292,0.6579296210525212,0.7896501377213674,0.7497352716675713,0.8868969001011752,1.0242139347415515,0.09185990668103244,-141.97519953402167,-66.11038223488046
S43A11T02,moving_support_variable_length,0.01,43013,0.7,0.7454513531577982,0.6231526857912043,0.8551467868573145,0.7251563837120542,0.8876660126415709,1.0374042700420605,0.11328707056173602,-149.07808260423803,-109.93529060340362
S43A11T02,moving_support_variable_length,0.01,43013,0.7333333333333333,0.8037993020776903,0.5881810331037024,0.9217623947528696,0.697372721428203,0.8902617981899349,1.0509613862093787,0.1355110846045423,-156.14747076402637,-154.60779441913238
S43A11T02,moving_support_variable_length,0.01,43013,0.7666666666666667,0.8603966031378503,0.5539559793499793,0.9883896197111404,0.6661573277605876,0.8948817558372848,1.064896352931485,0.1575835911120148,-163.1817366628029,-196.47596004920047
S43A11T02,moving_support_variable_length,0.01,43013,0.8,0.9140277627594087,0.5213877392343171,1.053874070561824,0.6312824117697684,0.9015698400895518,1.0792477564885017,0.1785122959368356,-170.1793069045974,-232.0029237621437
S43A11T02,moving_support_variable_length,0.01,43013,0.8333333333333334,0.9635798615073138,0.49129816403222737,1.1170906855577623,0.5925201880940978,0.910221113394886,1.094087553777007,0.19733669560735717,-177.1386626885393,-258.1996115102361
S43A11T02,moving_support_variable_length,0.01,43013,0.8666666666666667,1.0081083006755396,0.4643705366132766,1.1770199196822195,0.549643788803463,0.9206049985559611,1.109527059445094,0.21320354657495005,-184.05834030849715,-273.0055744384311
S43A11T02,moving_support_variable_length,0.01,43013,0.9,1.0468909497259868,0.4411106116783008,1.2328164176991776,0.5024282398249623,0.9323995085737188,1.1257228525289866,0.2254347598696393,-190.93693151734294,-275.55755998972836
S43A11T02,moving_support_variable_length,0.01,43013,0.9333333333333333,1.079466063734802,0.42182190960379756,1.2838635112437768,0.4506514916403259,0.9452275654006365,1.1428823118324192,0.2335810674312736,-197.77308376158794,-266.3000021451487
S43A11T02,moving_support_variable_length,0.01,43013,0.9666666666666667,1.105650882328299,0.406596789037991,1.3298083615134866,0.39409549153323453,0.9586880598933311,1.1612684018076684,0.23745629162525,-204.56550029235382,-246.9158917084749
S43A11T02,moving_support_variable_length,0.01,43013,1.0,1.1255397241706142,0.3953232368898559,1.370574677082308,0.33254728241559117,0.9723776310877844,1.1812032422425636,0.2371491592641547,-211.3129401588053,-220.08571969785584
S43A11T02,moving_support_variable_length,0.01,43014,0.0,0.08568022779987429,0.8882848216530995,0.08568022779987429,0.8882848216530995,0.8924074326310361,0.8924074326315963,0.0,-96.15242945029401,215.57245171684775
S43A11T02,moving_support_variable_length,0.01,43014,0.03333333333333333,0.09875942383659377,0.8852581668460195,0.09997133724952581,0.8858007862166125,0.8905287580988189,0.8912005609866541,0.0020151886933571957,-103.56456051872894,201.33158145060796
S43A11T02,moving_support_variable_length,0.01,43014,0.06666666666666667,0.1124730520768148,0.8824665498779583,0.1176270881045628,0.884080075065763,0.8890671544900907,0.8913091499911355,0.004337981264428643,-110.94065233624698,184.24245290940354
S43A11T02,moving_support_variable_length,0.01,43014,0.1,0.12675048866048605,0.8800010131914962,0.13832024650737404,0.8829666178726826,0.8881549179084272,0.8927259933168263,0.006678114706835558,-118.27901444058854,165.8770324788868
S43A11T02,moving_support_variable_length,0.01,43014,0.13333333333333333,0.1415876536303352,0.8778878744038656,0.16172696561286293,0.8822988121426517,0.8878805963645112,0.8954618831188826,0.008753797346394143,-125.57802249761689,147.9288633945801
S43A11T02,moving_support_variable_length,0.01,43014,0.16666666666666666,0.1570649393723084,0.8760698052752978,0.18756096590456814,0.8819094437305868,0.8882739085108212,0.8995423276452426,0.010326284526379795,-132.83611872805415,132.0522733330588
S43A11T02,moving_support_variable_length,0.01,43014,0.2,0.1733591533061598,0.8743924300239501,0.2156065183764376,0.8816256173118289,0.8892957457962097,0.905003952181302,0.01123327070856648,-140.05181211224516,119.68870494886735
S43A11T02,moving_support_variable_length,0.01,43014,0.23333333333333334,0.19074742804499112,0.8725985708983577,0.24574653863481655,0.8812686985759979,0.890835295351202,0.9118907074922729,0.01141740404006581,-147.22367838407666,111.89770782861123
S43A11T02,moving_support_variable_length,0.01,43014,0.26666666666666666,0.20960158939999435,0.8703317463686888,0.27798233076556034,0.8806542702246477,0.8927156374204092,0.9202500204313206,0.010946459695886902,-154.35035982600178,109.21163027514156
S43A11T02,moving_support_variable_length,0.01,43014,0.3,0.23037221319379997,0.8671497786052129,0.3124421288595341,0.8795921042138429,0.8947082291992348,0.9301290300551233,0.010022316752343476,-161.43056487778233,111.53255841094852
S43A11T02,moving_support_variable_length,0.01,43014,0.3333333333333333,0.25356249195582636,0.8625484501152269,0.3493765230406242,0.8778861530937896,0.8965556195412278,0.9415710565452095,0.008976821617650864,-168.4630675720649,118.08744064761942
S43A11T02,moving_support_variable_length,0.01,43014,0.36666666666666664,0.27969300029615835,0.8559941456969565,0.3891400430188778,0.8753345637599013,0.8980006756202313,0.9546124468646001,0.008253806466436194,-175.4467068102596,127.4527393998161
S43A11T02,moving_support_variable_length,0.01,43014,0.4,0.30925940859215373,0.8469634222048779,0.43215949879284615,0.8717297174414902,0.8988196408108623,0.9692799287538314,0.00837785689054267,-182.38038549239457,137.65370015124586
S43A11T02,moving_support_variable_length,0.01,43014,0.43333333333333335,0.342686058099838,0.8349865691780282,0.47889102579292736,0.8668583003108145,0.898855548852503,0.9855885832482588,0.009911769737229556,-189.2630695146844,146.33586144873607
S43A11T02,moving_support_variable_length,0.01,43014,0.4666666666666667,0.3802789877484871,0.819691560079377,0.5297690288954922,0.8605014096876156,0.8980479523864524,1.0035405169054454,0.013405888271110722,-196.0937866484906,150.99824788335258
S43A11T02,moving_support_variable_length,0.01,43014,0.5,0.4221824141039139,0.8008444359309274,0.5851512501404879,0.852434701428474,0.8964546704425735,1.0231242813254293,0.01934353117827329,-202.8716253141671,149.26937877433215
S43A11T02,moving_support_variable_length,0.01,43014,0.5333333333333333,0.46834274873945947,0.7783821758623529,0.6452648932857765,0.8424285847058679,0.8942614546597717,1.0443150531231444,0.02808743918601414,-209.59573326299372,139.19955342757024
S43A11T02,moving_support_variable_length,0.01,43014,0.5666666666666667,0.5184839528169286,0.7524345235962999,0.7101590352750226,0.8302484709707267,0.8917762975402579,1.0670755561071636,0.0398324589771833,-216.26531618001647,119.53685500894937
S43A11T02,moving_support_variable_length,0.01,43014,0.6,0.5720973677559793,0.7233320442959859,0.7796683743218775,0.8156550844178514,0.8894067333892947,1.0913576821288988,0.0545695027160321,-222.8796362201403,89.95116711991339
S43A11T02,moving_support_variable_length,0.01,43014,0.6333333333333333,0.6284481477142699,0.6915988265717319,0.8533926735718859,0.7984048416896137,0.8876209773622942,1.117104749686165,0.07206512987655958,-229.4380104892772,51.17143901656296
S43A11T02,moving_support_variable_length,0.01,43014,0.6666666666666666,0.6865991143601292,0.6579296210525212,0.9306950686367541,0.7782503088037456,0.8868969001011752,1.144254330158906,0.09185990668103244,-235.93980948174985,5.007407518409622
S43A11T02,moving_support_variable_length,0.01,43014,0.7,0.7454513531577982,0.6231526857912043,1.0107207798742823,0.754940743310224,0.8876660126415709,1.1727415693669554,0.11328707056173602,-242.3844554844993,-45.76161877392488
S43A11T02,moving_support_variable_length,0.01,43014,0.7333333333333333,0.8037993020776903,0.5881810331037024,1.0924358279787412,0.7282227293966677,0.8902617981899349,1.202502934754302,0.1355110846045423,-248.77142095795452,-97.63189871748293
S43A11T02,moving_support_variable_length,0.01,43014,0.7666666666666667,0.8603966031378503,0.5539559793499793,1.174683275354555,0.6978409129925668,0.8948817558372848,1.2334803231237919,0.1575835911120148,-255.1002269027094,-146.7354147306592
S43A11T02,moving_support_variable_length,0.01,43014,0.8,0.9140277627594087,0.5213877392343171,1.2562525374804978,0.6635388427907144,0.9015698400895518,1.2656254675596696,0.1785122959368356,-261.3704412204176,-189.2756146550637
S43A11T02,moving_support_variable_length,0.01,43014,0.8333333333333334,0.9635798615073138,0.49129816403222737,1.335955687471133,0.6250599214357844,0.910221113394886,1.2989045823382062,0.19733669560735717,-267.5816770765812,-221.98214213015075
S43A11T02,moving_support_variable_length,0.01,43014,0.8666666666666667,1.0081083006755396,0.4643705366132766,1.412703662314277,0.5821484688654284,0.9206049985559611,1.333303179123946,0.21320354657495005,-273.7335912721692,-242.5184998615228
S43A11T02,moving_support_variable_length,0.01,43014,0.9,1.0468909497259868,0.4411106116783008,1.4855750604714144,0.5345508968925244,0.9323995085737188,1.3688309751646968,0.2254347598696393,-279.8258826302773,-249.7782988283426
S43A11T02,moving_support_variable_length,0.01,43014,0.9333333333333333,1.079466063734802,0.42182190960379756,1.5538708800314343,0.4820169905867145,0.9452275654006365,1.4055267939356546,0.2335810674312736,-285.8582904033295,-244.01987006716735
S43A11T02,moving_support_variable_length,0.01,43014,0.9666666666666667,1.105650882328299,0.406596789037991,1.617150027671157,0.42430128789263605,0.9586880598933311,1.4434633310869598,0.23745629162525,-291.8305927056314,-226.81372278551595
S43A11T02,moving_support_variable_length,0.01,43014,1.0,1.1255397241706142,0.3953232368898559,1.6752425336863945,0.36116454430920547,0.9723776310877844,1.4827516250620738,0.2371491592641547,-297.7426049754289,-200.80781491628403
S43A11T02,moving_support_variable_length,0.1,43013,0.0,0.08568022779987429,0.8882848216530995,0.08568022779987429,0.8882848216530995,0.8924074326310361,0.8924074326315963,0.0,102.91160608474219,-52.46814592651104
S43A11T02,moving_support_variable_length,0.1,43013,0.03333333333333333,0.09875942383659377,0.8852581668460195,0.09921442920768331,0.8853722423921523,0.8905287580988189,0.8906916974779039,0.0020151886933571957,93.07503881048837,-58.58294238915234
S43A11T02,moving_support_variable_length,0.1,43013,0.06666666666666667,0.1124730520768148,0.8824665498779583,0.11466752897347515,0.8823933432783098,0.8890671544900907,0.8892640897734237,0.004337981264428643,83.20768900599178,-66.55688364977034
S43A11T02,moving_support_variable_length,0.1,43013,0.1,0.12675048866048605,0.8800010131914962,0.13181759687522868,0.8792363238260836,0.8881549179084272,0.8880970685311259,0.006678114706835558,73.31421712889812,-74.90517117162977
S43A11T02,moving_support_variable_length,0.1,43013,0.13333333333333333,0.1415876536303352,0.8778878744038656,0.15045005479393603,0.8757883961480838,0.8878805963645112,0.8871770647414602,0.008753797346394143,63.39929643997955,-82.05017846059518
S43A11T02,moving_support_variable_length,0.1,43013,0.16666666666666666,0.1570649393723084,0.8760698052752978,0.17039140281603685,0.8719362401453441,0.8882739085108212,0.8865064291774093,0.010326284526379795,53.467600555079095,-86.49609851083204
S43A11T02,moving_support_variable_length,0.1,43013,0.2,0.1733591533061598,0.8743924300239501,0.1915416342591267,0.8675664956615303,0.8892957457962097,0.8861053720420101,0.01123327070856648,43.52379120987646,-87.01078210957743
S43A11T02,moving_support_variable_length,0.1,43013,0.23333333333333334,0.19074742804499112,0.8725985708983577,0.21390163708448576,0.8625662817601779,0.890835295351202,0.8860138007176669,0.01141740404006581,33.572506314448766,-82.79432742471298
S43A11T02,moving_support_variable_length,0.1,43013,0.26666666666666666,0.20960158939999435,0.8703317463686888,0.23759211100506247,0.8568237277665343,0.8927156374204092,0.886292926589229,0.010946459695886902,23.618348369508702,-73.61381826122081
S43A11T02,moving_support_variable_length,0.1,43013,0.3,0.23037221319379997,0.8671497786052129,0.2628611406815228,0.8502284932750133,0.8947082291992348,0.8870264717941566,0.010022316752343476,13.665873310394929,-59.885864213067805
S43A11T02,moving_support_variable_length,0.1,43013,0.3333333333333333,0.25356249195582636,0.8625484501152269,0.2900785078225335,0.8426722443453246,0.8965556195412278,0.8883212647337757,0.008976821617650864,3.719579838493245,-42.69309604473978
S43A11T02,moving_support_variable_length,0.1,43013,0.36666666666666664,0.27969300029615835,0.8559941456969565,0.3197160167371356,0.8340490397845151,0.8980006756202313,0.89030697469647,0.008253806466436194,-6.21610070708527,-23.727031435376183
S43A11T02,moving_support_variable_length,0.1,43013,0.4,0.30925940859215373,0.8469634222048779,0.3523144430159823,0.8242555636704448,0.8988196408108623,0.8931347096145713,0.00837785689054267,-16.136813891917036,-5.157071682912914
S43A11T02,moving_support_variable_length,0.1,43013,0.43333333333333335,0.342686058099838,0.8349865691780282,0.3884390754046149,0.8131911167137899,0.898855548852503,0.8969741988703079,0.009911769737229556,-26.038291104484333,10.56691838274348
S43A11T02,moving_support_variable_length,0.1,43013,0.4666666666666667,0.3802789877484871,0.819691560079377,0.42862708659311405,0.8007572478636096,0.8980479523864524,0.902009320097671,0.013405888271110722,-35.916357819341336,20.96366613523834
S43A11T02,moving_support_variable_length,0.1,43013,0.5,0.4221824141039139,0.8008444359309274,0.47333102543746525,0.7868568664309307,0.8964546704425735,0.9084318208837927,0.01934353117827329,-45.7669411817447,23.800109234860884
S43A11T02,moving_support_variable_length,0.1,43013,0.5333333333333333,0.46834274873945947,0.7783821758623529,0.522863468170959,0.7713926211331626,0.8942614546597717,0.916433246231171,0.02808743918601414,-55.58607689747303,17.375933338038507
S43A11T02,moving_support_variable_length,0.1,43013,0.5666666666666667,0.5184839528169286,0.7524345235962999,0.5773482129480176,0.7542642627167145,0.8917762975402579,0.9261953162154424,0.0398324589771833,-65.3699154185056,0.7852523014600195
S43A11T02,moving_support_variable_length,0.1,43013,0.6,0.5720973677559793,0.7233320442959859,0.6366832871384648,0.7353646183184049,0.8894067333892947,0.9378792992118867,0.0545695027160321,-75.11472742182976,-25.871419561476927
S43A11T02,moving_support_variable_length,0.1,43013,0.6333333333333333,0.6284481477142699,0.6915988265717319,0.7005204283255255,0.7145736973343323,0.8876209773622942,0.9516152747153845,0.07206512987655958,-84.81690858482455,-61.34748698589742
S43A11T02,moving_support_variable_length,0.1,43013,0.6666666666666666,0.6865991143601292,0.6579296210525212,0.7682646062693836,0.6917503241204908,0.8868969001011752,0.9674925470240129,0.09185990668103244,-94.47298366637482,-103.19826666885979
S43A11T02,moving_support_variable_length,0.1,43013,0.7,0.7454513531577982,0.6231526857912043,0.8390956282111675,0.6667205677281328,0.8876660126415709,0.9855528285129477,0.11328707056173602,-104.07960990805313,-147.82332276154818
S43A11T02,moving_support_variable_length,0.1,43013,0.7333333333333333,0.8037993020776903,0.5881810331037024,0.9120120134194791,0.6392621521817357,0.8902617981899349,1.0057881445232313,0.1355110846045423,-113.63357977434583,-190.6023904367722
S43A11T02,moving_support_variable_length,0.1,43013,0.7666666666666667,0.8603966031378503,0.5539559793499793,0.9858952711529158,0.6090840662141014,0.8948817558372848,1.0281457284884685,0.1575835911120148,-123.1318230549685,-226.12250368972906
S43A11T02,moving_support_variable_length,0.1,43013,0.8,0.9140277627594087,0.5213877392343171,1.0595906206945915,0.5758009087407776,0.9015698400895518,1.0525424936151695,0.1785122959368356,-132.57140835581743,-248.5042047687659
S43A11T02,moving_support_variable_length,0.1,43013,0.8333333333333334,0.9635798615073138,0.49129816403222737,1.131998182945331,0.5389023803274213,0.910221113394886,1.0788919646731985,0.19733669560735717,-141.94954400803397,-251.86284686165897
S43A11T02,moving_support_variable_length,0.1,43013,0.8666666666666667,1.0081083006755396,0.4643705366132766,1.2021668158163625,0.4977201747144731,0.9206049985559611,1.107146657054732,0.21320354657495005,-151.2635784270397,-230.9875312097118
S43A11T02,moving_support_variable_length,0.1,43013,0.9,1.0468909497259868,0.4411106116783008,1.2693810416090103,0.4513978365920543,0.9323995085737188,1.1373582751439606,0.2254347598696393,-160.51099995524618,-182.36850755103364
S43A11T02,moving_support_variable_length,0.1,43013,0.9333333333333333,1.079466063734802,0.42182190960379756,1.3332298864873096,0.3988742557394424,0.9452275654006365,1.1697556142819017,0.2335810674312736,-169.68943622348726,-105.70143096958297
S43A11T02,moving_support_variable_length,0.1,43013,0.9666666666666667,1.105650882328299,0.406596789037991,1.3936451013131925,0.3388978582873808,0.9586880598933311,1.2048337320976679,0.23745629162525,-178.79665306709495,-5.840720330628827
S43A11T02,moving_support_variable_length,0.1,43013,1.0,1.1255397241706142,0.3953232368898559,1.4508960065860101,0.27009377355414643,0.9723776310877844,1.2434355857451813,0.2371491592641547,-187.83055303297604,105.25959280605878
S43A11T02,moving_support_variable_length,0.1,43014,0.0,0.08568022779987429,0.8882848216530995,0.08568022779987429,0.8882848216530995,0.8924074326310361,0.8924074326315963,0.0,-58.45699152823535,108.83013590624888
S43A11T02,moving_support_variable_length,0.1,43014,0.03333333333333333,0.09875942383659377,0.8852581668460195,0.09928213085415427,0.8857783923126512,0.8905287580988189,0.8911028101887554,0.0020151886933571957,-68.59319804190241,110.93195872025441
S43A11T02,moving_support_variable_length,0.1,43014,0.06666666666666667,0.1124730520768148,0.8824665498779583,0.11504837757159672,0.8839146884971606,0.8890671544900907,0.8908209519272224,0.004337981264428643,-78.6799283746917,111.52415966015666
S43A11T02,moving_support_variable_length,0.1,43014,0.1,0.12675048866048605,0.8800010131914962,0.13292757522910276,0.8824191312158605,0.8881549179084272,0.8914047618332075,0.006678114706835558,-88.71387530790835,111.99441605548513
S43A11T02,moving_support_variable_length,0.1,43014,0.13333333333333333,0.1415876536303352,0.8778878744038656,0.15288225344384881,0.8810059766929207,0.8878805963645112,0.892717504492145,0.008753797346394143,-98.69186024687772,113.82552182487639
S43A11T02,moving_support_variable_length,0.1,43014,0.16666666666666666,0.1570649393723084,0.8760698052752978,0.17492133315408748,0.8793794388731244,0.8882739085108212,0.8946506175857527,0.010326284526379795,-108.61083600400488,118.4197459732488
S43A11T02,moving_support_variable_length,0.1,43014,0.2,0.1733591533061598,0.8743924300239501,0.19913075810691047,0.8772351727742491,0.8892957457962097,0.8971326624997429,0.01123327070856648,-118.46788896727932,126.90425316460644
S43A11T02,moving_support_variable_length,0.1,43014,0.23333333333333334,0.19074742804499112,0.8725985708983577,0.2256984158504047,0.8742621820190696,0.890835295351202,0.9001392752969994,0.01141740404006581,-128.26024067261875,139.9367997817101
S43A11T02,moving_support_variable_length,0.1,43014,0.26666666666666666,0.20960158939999435,0.8703317463686888,0.254929647176275,0.8701452297816575,0.8927156374204092,0.9037037770673882,0.010946459695886902,-137.98524880226256,157.5336778914914
S43A11T02,moving_support_variable_length,0.1,43014,0.3,0.23037221319379997,0.8671497786052129,0.28725017691057614,0.8645678534450144,0.8947082291992348,0.9079277832842393,0.010022316752343476,-147.64040763477044,178.9422483594083
S43A11T02,moving_support_variable_length,0.1,43014,0.3333333333333333,0.25356249195582636,0.8625484501152269,0.3231941477144546,0.8572161092989711,0.8965556195412278,0.9129906823522848,0.008976821617650864,-157.22334797504172,202.5781633210721
S43A11T02,moving_support_variable_length,0.1,43014,0.36666666666666664,0.27969300029615835,0.8559941456969565,0.36337602732645785,0.8477832021692078,0.8980006756202313,0.9191562161187998,0.008253806466436194,-166.73183659514547,226.04284973566848
S43A11T02,moving_support_variable_length,0.1,43014,0.4,0.30925940859215373,0.8469634222048779,0.4084464028027214,0.8359751790082468,0.8988196408108623,0.9267736192550775,0.00837785689054267,-176.16377521863305,246.2309152270841
S43A11T02,moving_support_variable_length,0.1,43014,0.43333333333333335,0.342686058099838,0.8349865691780282,0.4590329985485813,0.8215178700688786,0.898855548852503,0.9362699872432766,0.009911769737229556,-185.51719908241438,259.5312743188056
S43A11T02,moving_support_variable_length,0.1,43014,0.4666666666666667,0.3802789877484871,0.819691560079377,0.5156696212993774,0.8041652176883343,0.8980479523864524,0.9481300305634327,0.013405888271110722,-194.79027511123095,262.12172885154655
S43A11T02,moving_support_variable_length,0.1,43014,0.5,0.4221824141039139,0.8008444359309274,0.5787171713880466,0.7837089923676334,0.8964546704425735,0.9628596232475553,0.01934353117827329,-203.98129974027194,250.35600584041305
S43A11T02,moving_support_variable_length,0.1,43014,0.5333333333333333,0.46834274873945947,0.7783821758623529,0.6482824752076581,0.7599895855081418,0.8942614546597717,0.9809312171542536,0.02808743918601414,-213.08869642159013,221.24489619200023
S43A11T02,moving_support_variable_length,0.1,43014,0.5666666666666667,0.5184839528169286,0.7524345235962999,0.7241426726608875,0.7329069946825653,0.8917762975402579,1.0027128858289729,0.0398324589771833,-222.111012849709,173.03517734452194
S43A11T02,moving_support_variable_length,0.1,43014,0.6,0.5720973677559793,0.7233320442959859,0.805685413423144,0.7024301974233969,0.8894067333892947,1.0283886879826354,0.0545695027160321,-231.04691794120828,105.87987402309601
S43A11T02,moving_support_variable_length,0.1,43014,0.6333333333333333,0.6284481477142699,0.6915988265717319,0.8918781264714937,0.6686018490524825,0.8876209773622942,1.0578855240258107,0.07206512987655958,-239.89519860216942,22.54979762143563
S43A11T02,moving_support_variable_length,0.1,43014,0.6666666666666666,0.6865991143601292,0.6579296210525212,0.9812824266131577,0.6315338819586944,0.8868969001011752,1.0908287963861378,0.09185990668103244,-248.6547563161957,-70.96531450612706
S43A11T02,moving_support_variable_length,0.1,43014,0.7,0.7454513531577982,0.6231526857912043,1.0721304101486613,0.5913887975122206,0.8876660126415709,1.1265528215286482,0.11328707056173602,-257.3246035843287,-165.27837298688303
S43A11T02,moving_support_variable_length,0.1,43014,0.7333333333333333,0.8037993020776903,0.5881810331037024,1.162474840476159,0.5483424048254741,0.8902617981899349,1.1641881071393583,0.1355110846045423,-265.903860246605,-248.30860062210363
S43A11T02,moving_support_variable_length,0.1,43014,0.7666666666666667,0.8603966031378503,0.5539559793499793,1.2504112903284428,0.5025278117519728,0.8948817558372848,1.2028327322449692,0.1575835911120148,-274.3917497132718,-307.2771804301328
S43A11T02,moving_support_variable_length,0.1,43014,0.8,0.9140277627594087,0.5213877392343171,1.3343462076290424,0.45396802706408507,0.9015698400895518,1.241788629765616,0.1785122959368356,-282.78759513184366,-331.940523888067
S43A11T02,moving_support_variable_length,0.1,43014,0.8333333333333334,0.9635798615073138,0.49129816403222737,1.4132569116618907,0.4025135253452863,0.910221113394886,1.2808118948139862,0.19733669560735717,-291.09081551426493,-318.13936901945556
S43A11T02,moving_support_variable_length,0.1,43014,0.8666666666666667,1.0081083006755396,0.4643705366132766,1.4868728661966932,0.3478064687615297,0.9206049985559611,1.3203040844665592,0.21320354657495005,-299.3009218464775,-269.9929713903286
S43A11T02,moving_support_variable_length,0.1,43014,0.9,1.0468909497259868,0.4411106116783008,1.555719065814165,0.2892892870856849,0.9323995085737188,1.3613760047341266,0.2254347598696393,-307.41751320071774,-199.27036688409765
S43A11T02,moving_support_variable_length,0.1,43014,0.9333333333333333,1.079466063734802,0.42182190960379756,1.6210055688900917,0.22626080305111862,0.9452275654006365,1.405752715895149,0.2335810674312736,-315.44027286888434,-121.89947467820767
S43A11T02,moving_support_variable_length,0.1,43014,0.9666666666666667,1.105650882328299,0.406596789037991,1.684402895288678,0.15796459422392206,0.9586880598933311,1.4555436396351908,0.23745629162525,-323.3689645333804,-53.29019095102605
S43A11T02,moving_support_variable_length,0.1,43014,1.0,1.1255397241706142,0.3953232368898559,1.7477795834843022,0.08368252016878053,0.9723776310877844,1.512946477163796,0.2371491592641547,-331.2034284899363,-4.715839335553714
S43A11T02,moving_support_variable_length,1.0,43013,0.0,0.08568022779987429,0.8882848216530995,0.08568022779987429,0.8882848216530995,0.8924074326310361,0.8924074326315963,0.0,106.66063493347092,-194.85070870930002
S43A11T02,moving_support_variable_length,1.0,43013,0.03333333333333333,0.09875942383659377,0.8852581668460195,0.09788231399423188,0.8863602684798171,0.8905287580988189,0.8915296020066115,0.0020151886933571957,97.1290210201243,-188.81848778164058
S43A11T02,moving_support_variable_length,1.0,43013,0.06666666666666667,0.1124730520768148,0.8824665498779583,0.10950907663751322,0.8862680688501804,0.8890671544900907,0.8924864420070495,0.004337981264428643,87.5323320036942,-182.38547431342027
S43A11T02,moving_support_variable_length,1.0,43013,0.1,0.12675048866048605,0.8800010131914962,0.12060405622910711,0.8877735583066025,0.8881549179084272,0.8950536358124593,0.006678114706835558,77.87466352095066,-174.44612557849052
S43A11T02,moving_support_variable_length,1.0,43013,0.13333333333333333,0.1415876536303352,0.8778878744038656,0.13122910103661248,0.8906340436161366,0.8878805963645112,0.8990156837692219,0.008753797346394143,68.16024608858265,-163.84480776120236
S43A11T02,moving_support_variable_length,1.0,43013,0.16666666666666666,0.1570649393723084,0.8760698052752978,0.1414931446690482,0.8946025988286054,0.8882739085108212,0.9041673268989434,0.010326284526379795,58.39343731926667,-149.5348447056436
S43A11T02,moving_support_variable_length,1.0,43013,0.2,0.1733591533061598,0.8743924300239501,0.1515780463293214,0.8994329575587487,0.8892957457962097,0.9103165939319781,0.01123327070856648,48.57871351048631,-130.75590886901335
S43A11T02,moving_support_variable_length,1.0,43013,0.23333333333333334,0.19074742804499112,0.8725985708983577,0.16175764242998764,0.9048855182372442,0.890835295351202,0.9172894790607949,0.01141740404006581,38.720660637994875,-107.21162490582796
S43A11T02,moving_support_variable_length,1.0,43013,0.26666666666666666,0.20960158939999435,0.8703317463686888,0.1724064911182596,0.9107343497778482,0.8927156374204092,0.9249358883799426,0.010946459695886902,28.823964791077223,-79.22402125971428
S43A11T02,moving_support_variable_length,1.0,43013,0.3,0.23037221319379997,0.8671497786052129,0.18399556879955997,0.9167748831032625,0.8947082291992348,0.9331360451284073,0.010022316752343476,18.89340209180997,-47.8377778137759
S43A11T02,moving_support_variable_length,1.0,43013,0.3333333333333333,0.25356249195582636,0.8625484501152269,0.1970733718635906,0.9228316792592214,0.8965556195412278,0.9418060418471618,0.008976821617650864,8.933828145271974,-14.845958714629266
S43A11T02,moving_support_variable_length,1.0,43013,0.36666666666666664,0.27969300029615835,0.8559941456969565,0.21223242447011306,0.928765262136547,0.8980006756202313,0.9509007249735688,0.008253806466436194,-1.04983292795344,17.289109025745226
S43A11T02,moving_support_variable_length,1.0,43013,0.4,0.30925940859215373,0.8469634222048779,0.2300629999466372,0.9344764944071898,0.8988196408108623,0.9604116936253702,0.00837785689054267,-11.052599821681245,45.64006250893837
S43A11T02,moving_support_variable_length,1.0,43013,0.43333333333333335,0.342686058099838,0.8349865691780282,0.2510978015547063,0.9399063987984746,0.898855548852503,0.9703580475510976,0.009911769737229556,-21.06944567765735,67.15256364742385
S43A11T02,moving_support_variable_length,1.0,43013,0.4666666666666667,0.3802789877484871,0.819691560079377,0.27575324573464166,0.9450287958734522,0.8980479523864524,0.9807678425596573,0.013405888271110722,-31.095309961017254,79.10687152289483
S43A11T02,moving_support_variable_length,1.0,43013,0.5,0.4221824141039139,0.8008444359309274,0.304274607064817,0.9498328747917913,0.8964546704425735,0.9916492363946549,0.01934353117827329,-41.125110513629174,79.66336106320176
S43A11T02,moving_support_variable_length,1.0,43013,0.5333333333333333,0.46834274873945947,0.7783821758623529,0.33669328531700604,0.9542932228114276,0.8942614546597717,1.0029522039314966,0.02808743918601414,-51.15375571957154,68.41148501325853
S43A11T02,moving_support_variable_length,1.0,43013,0.5666666666666667,0.5184839528169286,0.7524345235962999,0.3728044134328766,0.9583264443725307,0.8917762975402579,1.0145244681321104,0.0398324589771833,-61.17615671593604,46.79315147826017
S43A11T02,moving_support_variable_length,1.0,43013,0.6,0.5720973677559793,0.7233320442959859,0.4121714896380409,0.9617368297643624,0.8894067333892947,1.0260686676713089,0.0545695027160321,-71.18723958176548,18.232090227246744
S43A11T02,moving_support_variable_length,1.0,43013,0.6333333333333333,0.6284481477142699,0.6915988265717319,0.4541613992092487,0.9641587297420093,0.8876209773622942,1.037111187470603,0.07206512987655958,-81.18195743822618,-12.195100077003161
S43A11T02,moving_support_variable_length,1.0,43013,0.6666666666666666,0.6865991143601292,0.6579296210525212,0.49800825991101505,0.9650094790154953,0.8868969001011752,1.0469955966584503,0.09185990668103244,-91.15530239407529,-38.61878135111179
S43A11T02,moving_support_variable_length,1.0,43013,0.7,0.7454513531577982,0.6231526857912043,0.5428988644834146,0.9634713594779691,0.8876660126415709,1.0549139083413057,0.11328707056173602,-101.10231727209971,-55.63984368638719
S43A11T02,moving_support_variable_length,1.0,43013,0.7333333333333333,0.8037993020776903,0.5881810331037024,0.5880676677764024,0.9585201245082385,0.8902617981899349,1.0599850423758244,0.1355110846045423,-111.0181070544408,-59.61902087216679
S43A11T02,moving_support_variable_length,1.0,43013,0.7666666666666667,0.8603966031378503,0.5539559793499793,0.6328869883294311,0.9490072499685182,0.8948817558372848,1.0613802711093827,0.1575835911120148,-120.89784998754871,-49.47069841824168
S43A11T02,moving_support_variable_length,1.0,43013,0.8,0.9140277627594087,0.5213877392343171,0.6769393775673707,0.9337836996912321,0.9015698400895518,1.0584807761659052,0.1785122959368356,-130.73680829087726,-26.58512732766218
S43A11T02,moving_support_variable_length,1.0,43013,0.8333333333333334,0.9635798615073138,0.49129816403222737,0.7200636604869732,0.9118324292514739,0.910221113394886,1.0510384668735486,0.19733669560735717,-140.53033841728745,6.050939034626765
S43A11T02,moving_support_variable_length,1.0,43013,0.8666666666666667,1.0081083006755396,0.4643705366132766,0.7623724455604783,0.8823682659082853,0.9206049985559611,1.039307575405843,0.21320354657495005,-150.27390081740998,44.99792328400784
S43A11T02,moving_support_variable_length,1.0,43013,0.9,1.0468909497259868,0.4411106116783008,0.8042448133855045,0.8448759464065337,0.9323995085737188,1.0241271614737961,0.2254347598696393,-159.96306916486176,87.13253715379815
S43A11T02,moving_support_variable_length,1.0,43013,0.9333333333333333,1.079466063734802,0.42182190960379756,0.8463014918894213,0.799084502759356,0.9452275654006365,1.0069569807590293,0.2335810674312736,-169.59353900414894,129.75824780065963
S43A11T02,moving_support_variable_length,1.0,43013,0.9666666666666667,1.105650882328299,0.406596789037991,0.8893701662684306,0.744901527764432,0.9586880598933311,0.9898838245062243,0.23745629162525,-179.16113578824616,170.25376876306686
S43A11T02,moving_support_variable_length,1.0,43013,1.0,1.1255397241706142,0.3953232368898559,0.9344462256613756,0.6823395416590755,0.9723776310877844,0.9756077331175105,0.2371491592641547,-188.6618222781533,205.67583368791352
S43A11T02,moving_support_variable_length,1.0,43014,0.0,0.08568022779987429,0.8882848216530995,0.08568022779987429,0.8882848216530995,0.8924074326310361,0.8924074326315963,0.0,-35.23289488854921,120.51174900244148
S43A11T02,moving_support_variable_length,1.0,43014,0.03333333333333333,0.09875942383659377,0.8852581668460195,0.09957697430703463,0.8851372762344991,0.8905287580988189,0.8904977820258494,0.0020151886933571957,-51.83697166702037,125.51553380125043
S43A11T02,moving_support_variable_length,1.0,43014,0.06666666666666667,0.1124730520768148,0.8824665498779583,0.11617268321724916,0.8813933023068523,0.8890671544900907,0.888459990046403,0.004337981264428643,-68.34513776059585,127.81523367831724
S43A11T02,moving_support_variable_length,1.0,43014,0.1,0.12675048866048605,0.8800010131914962,0.13532164385011358,0.8768537912199743,0.8881549179084272,0.8862402206897855,0.006678114706835558,-84.74510002498366,128.6883693157068
S43A11T02,moving_support_variable_length,1.0,43014,0.13333333333333333,0.1415876536303352,0.8778878744038656,0.15687390473564822,0.8713246898388851,0.8878805963645112,0.8838248023996801,0.008753797346394143,-101.02504133255107,129.45437785856103
S43A11T02,moving_support_variable_length,1.0,43014,0.16666666666666666,0.1570649393723084,0.8760698052752978,0.180704091831481,0.864620409667086,0.8882739085108212,0.8812474397330036,0.010326284526379795,-117.17365676554026,131.27924145112914
S43A11T02,moving_support_variable_length,1.0,43014,0.2,0.1733591533061598,0.8743924300239501,0.20673777344553473,0.8565676693344942,0.8892957457962097,0.8785955740501751,0.01123327070856648,-133.18018512363363,134.97487191725625
S43A11T02,moving_support_variable_length,1.0,43014,0.23333333333333334,0.19074742804499112,0.8725985708983577,0.23497148819718416,0.8470097411443123,0.890835295351202,0.8760148001818706,0.01141740404006581,-149.03443564039728,140.82091622050152
S43A11T02,moving_support_variable_length,1.0,43014,0.26666666666666666,0.20960158939999435,0.8703317463686888,0.26548283359505265,0.8358110200873472,0.8927156374204092,0.873709807051625,0.010946459695886902,-164.72680987326396,148.43910804103004
S43A11T02,moving_support_variable_length,1.0,43014,0.3,0.23037221319379997,0.8671497786052129,0.29842775995172083,0.822861745442758,0.8947082291992348,0.8719398785358607,0.010022316752343476,-180.24831879792865,156.75002332168523
S43A11T02,moving_support_variable_length,1.0,43014,0.3333333333333333,0.25356249195582636,0.8625484501152269,0.33402343901799597,0.808082564859552,0.8965556195412278,0.8710067365493784,0.008976821617650864,-195.59059519914732,164.03887674812245
S43A11T02,moving_support_variable_length,1.0,43014,0.36666666666666664,0.27969300029615835,0.8559941456969565,0.37251677436170955,0.7914284230304927,0.8980006756202313,0.8712327235368317,0.008253806466436194,-210.7459015050112,168.15028563299816
S43A11T02,moving_support_variable_length,1.0,43014,0.4,0.30925940859215373,0.8469634222048779,0.4141407655616564,0.7728909748449309,0.8988196408108623,0.8729284031643089,0.00837785689054267,-225.70713326014172,166.8200602890421
S43A11T02,moving_support_variable_length,1.0,43014,0.43333333333333335,0.342686058099838,0.8349865691780282,0.45906345083548294,0.7524983853541898,0.898855548852503,0.8763509871022283,0.009911769737229556,-240.46781847449714,158.13136795717128
S43A11T02,moving_support_variable_length,1.0,43014,0.4666666666666667,0.3802789877484871,0.819691560079377,0.5073368136240858,0.7303110607305952,0.8980479523864524,0.8816586666315334,0.013405888271110722,-255.0221131184132,141.04742309322796
S43A11T02,moving_support_variable_length,1.0,43014,0.5,0.4221824141039139,0.8008444359309274,0.5588553429214902,0.706411725967134,0.8964546704425735,0.8888703626487461,0.01934353117827329,-269.36479306113466,115.91892295927944
S43A11T02,moving_support_variable_length,1.0,43014,0.5333333333333333,0.46834274873945947,0.7783821758623529,0.6133349356108417,0.6808886214508674,0.8942614546597717,0.8978440548858087,0.02808743918601414,-283.49124276964625,84.79866882639715
S43A11T02,moving_support_variable_length,1.0,43014,0.5666666666666667,0.5184839528169286,0.7524345235962999,0.6703211414692266,0.6538118085641094,0.8917762975402579,0.9082873222551463,0.0398324589771833,-297.3974410974203,51.35221878094595
S43A11T02,moving_support_variable_length,1.0,43014,0.6,0.5720973677559793,0.7233320442959859,0.7292300853923279,0.6252048941028252,0.8894067333892947,0.9198087091500297,0.0545695027160321,-311.07994449925127,20.200999435086587
S43A11T02,moving_support_variable_length,1.0,43014,0.6333333333333333,0.6284481477142699,0.6915988265717319,0.7894158161078095,0.5950175629758895,0.8876209773622942,0.9320074609611297,0.07206512987655958,-324.53586800919146,-4.258432972487796
S43A11T02,moving_support_variable_length,1.0,43014,0.6666666666666666,0.6865991143601292,0.6579296210525212,0.8502472369207863,0.5631067966098229,0.8868969001011752,0.9445848861046623,0.09185990668103244,-337.76286431436904,-19.180790704760994
S43A11T02,moving_support_variable_length,1.0,43014,0.7,0.7454513531577982,0.6231526857912043,0.9111719330378104,0.5292344539829841,0.8876660126415709,0.9574494039123589,0.11328707056173602,-350.7591012487994,-24.122788238223453
S43A11T02,moving_support_variable_length,1.0,43014,0.7333333333333333,0.8037993020776903,0.5881810331037024,0.9717484839328782,0.4930846561691187,0.8902617981899349,0.9707860043211566,0.1355110846045423,-363.523238018876,-20.933898494732965
S43A11T02,moving_support_variable_length,1.0,43014,0.7666666666666667,0.8603966031378503,0.5539559793499793,1.0316430425704097,0.4542974013059261,0.8948817558372848,0.9850715981684113,0.1575835911120148,-376.0544004566922,-12.744540065007445
S43A11T02,moving_support_variable_length,1.0,43014,0.8,0.9140277627594087,0.5213877392343171,1.090602497616435,0.4125088587450361,0.9015698400895518,1.0010355111303817,0.1785122959368356,-388.3521555793465,-2.657908017003976
S43A11T02,moving_support_variable_length,1.0,43014,0.8333333333333334,0.9635798615073138,0.49129816403222737,1.1484255189534984,0.36738738803952936,0.910221113394886,1.0195800325552944,0.19733669560735717,-400.41648571252193,7.150841214513392
S43A11T02,moving_support_variable_length,1.0,43014,0.8666666666666667,1.0081083006755396,0.4643705366132766,1.2049498213156178,0.31865779357920615,0.9206049985559611,1.0416829953837972,0.21320354657495005,-412.2477624154617,15.60451281133789
S43A11T02,moving_support_variable_length,1.0,43014,0.9,1.0468909497259868,0.4411106116783008,1.2600627981539905,0.2661118349879721,0.9323995085737188,1.0683027128701819,0.2254347598696393,-423.84672042251117,22.316534511826653
S43A11T02,moving_support_variable_length,1.0,43014,0.9333333333333333,1.079466063734802,0.42182190960379756,1.3137308055491062,0.20960737352489323,0.9452275654006365,1.100299371895225,0.2335810674312736,-435.2144317940954,26.992557889404708
S43A11T02,moving_support_variable_length,1.0,43014,0.9666666666666667,1.105650882328299,0.406596789037991,1.3660353135670664,0.14906037176987164,0.9586880598933311,1.1383802542210224,0.23745629162525,-446.3522804477754,28.975818351198846
S43A11T02,moving_support_variable_length,1.0,43014,1.0,1.1255397241706142,0.3953232368898559,1.4172031021065812,0.08443373593826875,0.9723776310877844,1.1830707349027996,0.2371491592641547,-457.26193721820914,27.090298375217102
S43A11T02,moving_support_variable_length,10.0,43013,0.0,0.08568022779987429,0.8882848216530995,0.08568022779987429,0.8882848216530995,0.8924074326310361,0.8924074326315963,0.0,18.119561143695673,-51.84720208121138
S43A11T02,moving_support_variable_length,10.0,43013,0.03333333333333333,0.09875942383659377,0.8852581668460195,0.09817051486629506,0.8837004304786723,0.8905287580988189,0.8889163614089994,0.0020151886933571957,8.720635167684314,-52.677792851790905
S43A11T02,moving_support_variable_length,10.0,43013,0.06666666666666667,0.1124730520768148,0.8824665498779583,0.11053909694667088,0.8757463411180888,0.8890671544900907,0.8821623042019382,0.004337981264428643,-0.7250879951831598,-53.867666610064475
S43A11T02,moving_support_variable_length,10.0,43013,0.1,0.12675048866048605,0.8800010131914962,0.12264204381422318,0.8643752782148465,0.8881549179084272,0.8721194037768087,0.006678114706835558,-10.212752935781532,-53.9277290420044
S43A11T02,moving_support_variable_length,10.0,43013,0.13333333333333333,0.1415876536303352,0.8778878744038656,0.134352349653529,0.8495458025693462,0.8878805963645112,0.858779987543866,0.008753797346394143,-19.737374129161065,-51.373644965537515
S43A11T02,moving_support_variable_length,10.0,43013,0.16666666666666666,0.1570649393723084,0.8760698052752978,0.14559335187380687,0.8312248361050598,0.8882739085108212,0.8421590750372859,0.010326284526379795,-29.29384816733023,-44.96295036650911
S43A11T02,moving_support_variable_length,10.0,43013,0.2,0.1733591533061598,0.8743924300239501,0.15637030314752937,0.8093909343688134,0.8892957457962097,0.8223007009753849,0.01123327070856648,-38.876966816419625,-33.922066338666326
S43A11T02,moving_support_variable_length,10.0,43013,0.23333333333333334,0.19074742804499112,0.8725985708983577,0.1667962057122203,0.7840385098674904,0.890835295351202,0.7992865299536265,0.01141740404006581,-48.48143082303556,-18.12995583367676
S43A11T02,moving_support_variable_length,10.0,43013,0.26666666666666666,0.20960158939999435,0.8703317463686888,0.17710820711696587,0.7551832545038324,0.8927156374204092,0.7732473564067494,0.010946459695886902,-58.10186438497458,1.7713796115475233
S43A11T02,moving_support_variable_length,10.0,43013,0.3,0.23037221319379997,0.8671497786052129,0.18767142704997206,0.7228690521314197,0.8947082291992348,0.7443781786967671,0.010022316752343476,-67.73283019275368,24.36162838562213
S43A11T02,moving_support_variable_length,10.0,43013,0.3333333333333333,0.25356249195582636,0.8625484501152269,0.19896799730004205,0.6871766992370077,0.8965556195412278,0.7129575462904129,0.008976821617650864,-77.36884494079861,47.53315236978908
S43A11T02,moving_support_variable_length,10.0,43013,0.36666666666666664,0.27969300029615835,0.8559941456969565,0.2115702867578179,0.6482347375787691,0.8980006756202313,0.6793716701209225,0.008253806466436194,-87.00439520078805,68.6863910509674
S43A11T02,moving_support_variable_length,10.0,43013,0.4,0.30925940859215373,0.8469634222048779,0.22609867410745887,0.6062326042973275,0.8988196408108623,0.6441430933913068,0.00837785689054267,-96.63395354471203,85.01482013428651
S43A11T02,moving_support_variable_length,10.0,43013,0.43333333333333335,0.342686058099838,0.8349865691780282,0.2431657495288463,0.5614360567552555,0.898855548852503,0.6079620587787682,0.009911769737229556,-106.25199480177857,93.85293292791474
S43A11T02,moving_support_variable_length,10.0,43013,0.4666666666666667,0.3802789877484871,0.819691560079377,0.26331041586680015,0.5142043418953344,0.8980479523864524,0.571715294650964,0.013405888271110722,-115.85301233146332,93.05153816122129
S43A11T02,moving_support_variable_length,10.0,43013,0.5,0.4221824141039139,0.8008444359309274,0.2869269789052893,0.46500775327893207,0.8964546704425735,0.5365008034551271,0.01934353117827329,-125.43153419478644,81.33848141756371
S43A11T02,moving_support_variable_length,10.0,43013,0.5333333333333333,0.46834274873945947,0.7783821758623529,0.3141959245986304,0.4144429822888995,0.8942614546597717,0.5036080330918266,0.02808743918601414,-134.98213910731667,58.619422337631136
S43A11T02,moving_support_variable_length,10.0,43013,0.5666666666666667,0.5184839528169286,0.7524345235962999,0.3450245898366182,0.3632420636757857,0.8917762975402579,0.47443338158583026,0.0398324589771833,-144.49947206041008,26.171578940273278
S43A11T02,moving_support_variable_length,10.0,43013,0.6,0.5720973677559793,0.7233320442959859,0.37900712425316696,0.31226901987408306,0.8894067333892947,0.45030179995508973,0.0545695027160321,-153.97825950171767,-13.317459638465365
S43A11T02,moving_support_variable_length,10.0,43013,0.6333333333333333,0.6284481477142699,0.6915988265717319,0.41541356196681734,0.2624971823572251,0.8876209773622942,0.4321954610651535,0.07206512987655958,-163.41332397194023,-55.91230952941043
S43A11T02,moving_support_variable_length,10.0,43013,0.6666666666666666,0.6865991143601292,0.6579296210525212,0.4532167251277689,0.2149606898434755,0.8868969001011752,0.4204602816163859,0.09185990668103244,-172.79959810203113,-96.82997955228659
S43A11T02,moving_support_variable_length,10.0,43013,0.7,0.7454513531577982,0.6231526857912043,0.4911621263089401,0.17067708387240899,0.8876660126415709,0.4146326382668662,0.11328707056173602,-182.13213788339462,-131.08206171675891
S43A11T02,moving_support_variable_length,10.0,43013,0.7333333333333333,0.8037993020776903,0.5881810331037024,0.5278793330289184,0.13054496869912524,0.8902617981899349,0.4135152128099625,0.1355110846045423,-191.40613513291294,-154.2974125663892
S43A11T02,moving_support_variable_length,10.0,43013,0.7666666666666667,0.8603966031378503,0.5539559793499793,0.5620237705788899,0.09523052225533701,0.8948817558372848,0.41550055491806787,0.1575835911120148,-200.61692908467484,-163.5690143620382
S43A11T02,moving_support_variable_length,10.0,43013,0.8,0.9140277627594087,0.5213877392343171,0.5924279196054524,0.06506602243719317,0.9015698400895518,0.4189984854313644,0.1785122959368356,-209.7600170508609,-158.08599133549802
S43A11T02,moving_support_variable_length,10.0,43013,0.8333333333333334,0.9635798615073138,0.49129816403222737,0.6182344480822206,0.039987454118364796,0.910221113394886,0.4227929925226525,0.19733669560735717,-218.831064105167,-139.31093622086726
S43A11T02,moving_support_variable_length,10.0,43013,0.8666666666666667,1.0081083006755396,0.4643705366132766,0.6389853307906196,0.019532366853437066,0.9206049985559611,0.4262295638805176,0.21320354657495005,-227.82591175321966,-110.59234679452065
S43A11T02,moving_support_variable_length,10.0,43013,0.9,1.0468909497259868,0.4411106116783008,0.6546518928964081,0.0029033798091451235,0.9323995085737188,0.42922695267076966,0.2254347598696393,-236.74058556545165,-76.32573085992799
S43A11T02,moving_support_variable_length,10.0,43013,0.9333333333333333,1.079466063734802,0.42182190960379756,0.6656072864856123,-0.010917083960301222,0.9452275654006365,0.43216413163702483,0.2335810674312736,-245.57130175869813,-40.9690437661535
S43A11T02,moving_support_variable_length,10.0,43013,0.9666666666666667,1.105650882328299,0.406596789037991,0.672557672598922,-0.02302996749380848,0.9586880598933311,0.4357104441357383,0.23745629162525,-254.31447272316302,-8.252705204472488
S43A11T02,moving_support_variable_length,10.0,43013,1.0,1.1255397241706142,0.3953232368898559,0.6764547718721377,-0.03449274475498343,0.9723776310877844,0.4406576570429789,0.2371491592641547,-262.96671150126537,19.21510843129142
S43A11T02,moving_support_variable_length,10.0,43014,0.0,0.08568022779987429,0.8882848216530995,0.08568022779987429,0.8882848216530995,0.8924074326310361,0.8924074326315963,0.0,-69.18856009068702,103.18075880039278
S43A11T02,moving_support_variable_length,10.0,43014,0.03333333333333333,0.09875942383659377,0.8852581668460195,0.09885105570212069,0.8836904109536999,0.8905287580988189,0.8889802739947934,0.0020151886933571957,-76.27726412666411,88.91204967099156
S43A11T02,moving_support_variable_length,10.0,43014,0.06666666666666667,0.1124730520768148,0.8824665498779583,0.1131164356127709,0.8757692251151394,0.8890671544900907,0.8824990015802772,0.004337981264428643,-83.33449965997985,73.00680811256632
S43A11T02,moving_support_variable_length,10.0,43014,0.1,0.12675048866048605,0.8800010131914962,0.1281067064112256,0.8645677514533264,0.8881549179084272,0.8730534346403845,0.006678114706835558,-90.3581386125659,57.2231584013639
S43A11T02,moving_support_variable_length,10.0,43014,0.13333333333333333,0.1415876536303352,0.8778878744038656,0.1434584655009477,0.8501357793189243,0.8878805963645112,0.8607416516596738,0.008753797346394143,-97.34610885519214,43.355145026129655
S43A11T02,moving_support_variable_length,10.0,43014,0.16666666666666666,0.1570649393723084,0.8760698052752978,0.15884926324869003,0.8325263739521169,0.8882739085108212,0.8456708807422707,0.010326284526379795,-104.29639645873213,33.006041688617856
S43A11T02,moving_support_variable_length,10.0,43014,0.2,0.1733591533061598,0.8743924300239501,0.1740311331314538,0.8117958329773439,0.8892957457962097,0.8279587057636637,0.01123327070856648,-111.20704775332223,27.374227731238165
S43A11T02,moving_support_variable_length,10.0,43014,0.23333333333333334,0.19074742804499112,0.8725985708983577,0.18885926358290958,0.7880036248692742,0.890835295351202,0.8077346880790364,0.01141740404006581,-118.07617119408383,27.082238901867157
S43A11T02,moving_support_variable_length,10.0,43014,0.26666666666666666,0.20960158939999435,0.8703317463686888,0.20331234750716576,0.761212308900039,0.8927156374204092,0.7851425437558137,0.010946459695886902,-124.9019390329973,32.07488033777741
S43A11T02,moving_support_variable_length,10.0,43014,0.3,0.23037221319379997,0.8671497786052129,0.21750175356984833,0.7314874362811403,0.8947082291992348,0.7603430713436299,0.010022316752343476,-131.68258879739713,41.60374677376639
S43A11T02,moving_support_variable_length,10.0,43014,0.3333333333333333,0.25356249195582636,0.8625484501152269,0.2316676013312023,0.6988974324391523,0.8965556195412278,0.7335181009630702,0.008976821617650864,-138.41642457638838,54.304311301725384
S43A11T02,moving_support_variable_length,10.0,43014,0.36666666666666664,0.27969300029615835,0.8559941456969565,0.24616100738372076,0.6635134606090173,0.8980006756202313,0.7048758391792495,0.008253806466436194,-145.10181811726648,68.35947071136964
S43A11T02,moving_support_variable_length,10.0,43014,0.4,0.30925940859215373,0.8469634222048779,0.26141309510197236,0.6254092671881931,0.8988196408108623,0.6746581232465727,0.00837785689054267,-151.73720973475426,81.73169788978464
S43A11T02,moving_support_variable_length,10.0,43014,0.43333333333333335,0.342686058099838,0.8349865691780282,0.27789270706161967,0.584661009563991,0.898855548852503,0.6431502770540054,0.009911769737229556,-158.32110903654524,92.43618693598361
S43A11T02,moving_support_variable_length,10.0,43014,0.4666666666666667,0.3802789877484871,0.819691560079377,0.29605600506098745,0.5413470673992764,0.8980479523864524,0.6106944701764767,0.013405888271110722,-164.85209546926694,98.82069095301362
S43A11T02,moving_support_variable_length,10.0,43014,0.5,0.4221824141039139,0.8008444359309274,0.3162921718018254,0.4955478386317778,0.8964546704425735,0.5777076730854472,0.01934353117827329,-171.32881868954425,99.81491276938189
S43A11T02,moving_support_variable_length,10.0,43014,0.5333333333333333,0.46834274873945947,0.7783821758623529,0.3388701353213447,0.447345521702619,0.8942614546597717,0.5447053331899124,0.02808743918601414,-177.74999876535978,95.11379897511122
S43A11T02,moving_support_variable_length,10.0,43014,0.5666666666666667,0.5184839528169286,0.7524345235962999,0.3638915330013022,0.3968238857732535,0.8917762975402579,0.5123314159589997,0.0398324589771833,-184.11442621336602,85.26512343673426
S43A11T02,moving_support_variable_length,10.0,43014,0.6,0.5720973677559793,0.7233320442959859,0.39125495050087805,0.3440680309097097,0.8894067333892947,0.48139370648687047,0.0545695027160321,-190.42096187821414,71.64218192657928
S43A11T02,moving_support_variable_length,10.0,43014,0.6333333333333333,0.6284481477142699,0.6915988265717319,0.42063577927783813,0.28916414040228167,0.8876209773622942,0.4528988824446573,0.07206512987655958,-196.66853666031906,56.296583221717746
S43A11T02,moving_support_variable_length,10.0,43014,0.6666666666666666,0.6865991143601292,0.6579296210525212,0.45148484498709057,0.232199227541533,0.8868969001011752,0.4280730983413005,0.09185990668103244,-202.856151098788,41.702698334023296
S43A11T02,moving_support_variable_length,10.0,43014,0.7,0.7454513531577982,0.6231526857912043,0.4830473312248614,0.1732608792826209,0.8876660126415709,0.4083405229173922,0.11328707056173602,-208.98287481649595,30.422358474179322
S43A11T02,moving_support_variable_length,10.0,43014,0.7333333333333333,0.8037993020776903,0.5881810331037024,0.5144015807709799,0.11243699929557882,0.8902617981899349,0.39522156684174414,0.1355110846045423,-215.04784583450504,24.733373053773143
S43A11T02,moving_support_variable_length,10.0,43014,0.7666666666666667,0.8603966031378503,0.5539559793499793,0.5445152808614417,0.049815552916759986,0.8948817558372848,0.39012526430077477,0.1575835911120148,-221.05026976318868,26.27554282748828
S43A11T02,moving_support_variable_length,10.0,43014,0.8,0.9140277627594087,0.5213877392343171,0.5723145617934136,-0.014515683514961575,0.9015698400895518,0.39406970152839904,0.1785122959368356,-226.98941887754813,35.770346929197224
S43A11T02,moving_support_variable_length,10.0,43014,0.8333333333333334,0.9635798615073138,0.49129816403222737,0.5967599188416963,-0.08046936653393533,0.910221113394886,0.40744843871376113,0.19733669560735717,-232.86463108429004,52.86349549685813
S43A11T02,moving_support_variable_length,10.0,43014,0.8666666666666667,1.0081083006755396,0.4643705366132766,0.6169218551191062,-0.14795882035906083,0.9206049985559611,0.4299770751758742,0.21320354657495005,-238.67530878828032,76.12286011348309
S43A11T02,moving_support_variable_length,10.0,43014,0.9,1.0468909497259868,0.4411106116783008,0.6320489273448976,-0.21689826053447647,0.9323995085737188,0.4608469774398863,0.2254347598696393,-244.42091766599594,103.20001414059449
S43A11T02,moving_support_variable_length,10.0,43014,0.9333333333333333,1.079466063734802,0.42182190960379756,0.6416215398589599,-0.28720300450185243,0.9452275654006365,0.49898155570612074,0.2335810674312736,-250.10098535357403,131.13608644141186
S43A11T02,moving_support_variable_length,10.0,43014,0.9666666666666667,1.105650882328299,0.406596789037991,0.6453863178606236,-0.3587896674474109,0.9586880598933311,0.5432650658494583,0.23745629162525,-255.71510005699568,156.76759325360428
S43A11T02,moving_support_variable_length,10.0,43014,1.0,1.1255397241706142,0.3953232368898559,0.6433680010576933,-0.4315763420332508,0.9723776310877844,0.5926819437370143,0.2371491592641547,-261.26290909185803,177.17089918310919
S43A11T03,moving_support_variable_length,0.0,43013,0.0,0.136704023595582,0.8933747431176353,0.136704023595582,0.8933747431176353,0.9037734349424762,0.9037734349430294,0.0,0.0,-11.923012556171127
S43A11T03,moving_support_variable_length,0.0,43013,0.03333333333333333,0.1522406716158446,0.890913096450981,0.15351173291406486,0.8890014317596852,0.9024921232448866,0.9008092904308286,0.008136934359697836,0.0,-46.8129310290727
S43A11T03,moving_support_variable_length,0.0,43013,0.06666666666666667,0.16830669231021392,0.8888521621247429,0.17085047387002592,0.8830368226639963,0.9017810438000475,0.8964850694143125,0.01615254401555532,0.0,-81.21453401617786
S43A11T03,moving_support_variable_length,0.0,43013,0.1,0.1849966101157604,0.8869995716162746,0.18809159427919814,0.8754453040627546,0.9015924106594843,0.8907944355437917,0.023439700912453874,0.0,-112.21241127683524
S43A11T03,moving_support_variable_length,0.0,43013,0.13333333333333333,0.20251111015207898,0.8850548976688746,0.2046750192711737,0.866191455894898,0.9018142385019097,0.8837352568354112,0.029459820422365588,0.0,-137.1527659336778
S43A11T03,moving_support_variable_length,0.0,43013,0.16666666666666666,0.22115868327966468,0.8826149521637955,0.22016431471306985,0.8552400545418041,0.9022822219439235,0.8753102207877386,0.03379792363943317,0.0,-153.94071775828144
S43A11T03,moving_support_variable_length,0.0,43013,0.2,0.24134634428572727,0.8791885881955993,0.234293103033277,0.8425560780386523,0.9028033464438133,0.8655276055466697,0.03620905187701655,0.0,-161.29257375001453
S43A11T03,moving_support_variable_length,0.0,43013,0.23333333333333334,0.2635588254948535,0.8742209036954764,0.24699780488771345,0.8281047117118736,0.9031884336200736,0.8544022407563991,0.03665100683946524,0.0,-158.91032110981598
S43A11T03,moving_support_variable_length,0.0,43013,0.26666666666666666,0.28832666929832956,0.8671259123554637,0.2584326746030564,0.8118513541928869,0.9032885224358359,0.8419567010765304,0.03529938443359346,0.0,-147.55182550160674
S43A11T03,moving_support_variable_length,0.0,43013,0.3,0.3161847446051522,0.8573259144598421,0.26896458499147174,0.7937616237582272,0.9030286413904135,0.8282227869608567,0.03254235784497209,0.0,-128.98074538337985
S43A11T03,moving_support_variable_length,0.0,43013,0.3333333333333333,0.34762379971553237,0.8442950371561952,0.2791468925809587,0.7738013649461766,0.9024323831990825,0.8132433616122097,0.0289545409537332,0.0,-105.79423632324864
S43A11T03,moving_support_variable_length,0.0,43013,0.36666666666666664,0.38303863071777866,0.8276037944570183,0.28967381132982983,0.7519366554001229,0.9016317272324516,0.7970746303845778,0.025251360188879926,0.0,-81.14251620982908
S43A11T03,moving_support_variable_length,0.0,43013,0.4,0.42267717935347754,0.8069611133704606,0.30131882672774657,0.7281338128891174,0.9008585964585524,0.7797889693279598,0.02222746675378095,0.0,-58.37006825537435
S43A11T03,moving_support_variable_length,0.0,43013,0.43333333333333335,0.4665952737673812,0.7822501468411681,0.31486255195366364,0.7023594024564653,0.9004174750123655,0.7614784323774886,0.020684590923143162,0.0,-40.62120591079807
S43A11T03,moving_support_variable_length,0.0,43013,0.4666666666666667,0.5146217061624083,0.7535543923210216,0.3310168255964759,0.674580243647675,0.9006417913017482,0.7422590897101796,0.021355637946767307,0.0,-30.460605616180786
S43A11T03,moving_support_variable_length,0.0,43013,0.5,0.5663378529638897,0.7211711762729691,0.3503525734596117,0.6447634177697255,0.9018402633900963,0.7222763680188593,0.02483254811029877,0.0,-29.56044964525448
S43A11T03,moving_support_variable_length,0.0,43013,0.5333333333333333,0.6210750806891332,0.6856104352779819,0.3732388686494409,0.6128762751343811,0.9042422961782,0.7017115667074163,0.03150535518114917,0.0,-38.49910841313421
S43A11T03,moving_support_variable_length,0.0,43013,0.5666666666666667,0.6779317927863693,0.6475778705666648,0.39979968118716747,0.5788864422391871,0.9079528757767339,0.6807896932615777,0.041518934506789125,0.0,-56.70213590713202
S43A11T03,moving_support_variable_length,0.0,43013,0.6,0.7358102634605277,0.607942883043341,0.42989307751557426,0.5427618288408427,0.9129264117457409,0.659788663102001,0.054752201163410175,0.0,-82.53646225620872
S43A11T03,moving_support_variable_length,0.0,43013,0.6333333333333333,0.7934715284675266,0.5676930860347533,0.4631152892633147,0.5044706348768545,0.918965464162242,0.6390496905226224,0.07082217754326062,0.0,-113.54601740022702
S43A11T03,moving_support_variable_length,0.0,43013,0.6666666666666666,0.8496047513885437,0.5278784986842944,0.4988293905948695,0.4639813571927134,0.9257450597403158,0.6189882803228169,0.08911266973324064,0.0,-146.79533775220264
S43A11T03,moving_support_variable_length,0.0,43013,0.7,0.9029058649294387,0.48954959631185063,0.5362156345454341,0.4212627960333629,0.9328578978741922,0.6001045217932154,0.108824603107224,0.0,-179.27076621163934
S43A11T03,moving_support_variable_length,0.0,43013,0.7333333333333333,0.9521591003106602,0.45369410259206766,0.5743381448300945,0.37628406125936464,0.9398717597242671,0.5829903222135808,0.12904271364327713,0.0,-208.2797706318117
S43A11T03,moving_support_variable_length,0.0,43013,0.7666666666666667,0.9963144299991555,0.421177652892216,0.6122209489880346,0.32901457824998487,0.946388765052247,0.5683298647643393,0.14881158084682314,0.0,-231.78955264191035
S43A11T03,moving_support_variable_length,0.0,43013,0.8,1.0345540680909515,0.3926931887629121,0.6489254966644322,0.2794240934573766,0.9520967469007634,0.5568883305392043,0.16721314610108476,0.0,-248.6567009091312
S43A11T03,moving_support_variable_length,0.0,43013,0.8333333333333334,1.0663420289811234,0.36872317176943414,0.6836219369063731,0.22748267957813595,0.9568052669440807,0.5494837121459528,0.18343799033806563,0.0,-258.71845553202104
S43A11T03,moving_support_variable_length,0.0,43013,0.8666666666666667,1.0914522783062197,0.3495175074591141,0.7156474901200313,0.17316074031076856,0.9604618599535174,0.5469387604520356,0.19684370669238918,0.0,-262.7396856382315
S43A11T03,moving_support_variable_length,0.0,43013,0.9,1.1099730672605006,0.335088583046741,0.7445470623137044,0.11642901466998201,0.9631473495648474,0.5500158003579917,0.2069955157756823,0.0,-262.23328186046604
S43A11T03,moving_support_variable_length,0.0,43013,0.9333333333333333,1.1222873884620213,0.3252232214568678,0.7700935215332665,0.05725858083126578,0.9650521432856922,0.5593453944532516,0.21368654348908964,0.0,-259.1906957698351
S43A11T03,moving_support_variable_length,0.0,43013,0.9666666666666667,1.129031844004484,0.319509828687287,0.79228744714426,-0.004379140518133817,0.9664380433238916,0.5753665402668471,0.216937572036979,0.0,-255.77046146574676
S43A11T03,moving_support_variable_length,0.0,43014,0.0,0.136704023595582,0.8933747431176353,0.136704023595582,0.8933747431176353,0.9037734349424762,0.9037734349430294,0.0,0.0,-34.8860213789778
S43A11T03,moving_support_variable_length,0.0,43014,0.03333333333333333,0.1522406716158446,0.890913096450981,0.1533093736732545,0.889261004638296,0.9024921232448866,0.9010328359763365,0.008136934359697836,0.0,-69.7827186544751
S43A11T03,moving_support_variable_length,0.0,43014,0.06666666666666667,0.16830669231021392,0.8888521621247429,0.17004124700834286,0.8840732277553497,0.9017810438000475,0.8973668173849336,0.01615254401555532,0.0,-103.97390839282505
S43A11T03,moving_support_variable_length,0.0,43014,0.1,0.1849966101157604,0.8869995716162746,0.1862717024666088,0.8777733423910968,0.9015924106594843,0.892748733599533,0.023439700912453874,0.0,-134.59039529981695
S43A11T03,moving_support_variable_length,0.0,43014,0.13333333333333333,0.20251111015207898,0.8850548976688746,0.20144190349746482,0.8703239512712464,0.9018142385019097,0.8871536603408934,0.029459820422365588,0.0,-159.00124118798558
S43A11T03,moving_support_variable_length,0.0,43014,0.16666666666666666,0.22115868327966468,0.8826149521637955,0.21511717927126772,0.8616883160428342,0.9022822219439235,0.8805585877547376,0.03379792363943317,0.0,-175.09893702011203
S43A11T03,moving_support_variable_length,0.0,43014,0.2,0.24134634428572727,0.8791885881955993,0.22703343642697288,0.8518303426418096,0.9028033464438133,0.8729426546945293,0.03620905187701655,0.0,-181.5456702172792
S43A11T03,moving_support_variable_length,0.0,43014,0.23333333333333334,0.2635588254948535,0.8742209036954764,0.23712989494978678,0.840714565988598,0.9031884336200736,0.8642874325387054,0.03665100683946524,0.0,-177.95012754927632
S43A11T03,moving_support_variable_length,0.0,43014,0.26666666666666666,0.28832666929832956,0.8671259123554637,0.2455641161939126,0.82830613408784,0.9032885224358359,0.8545772692921231,0.03529938443359346,0.0,-164.9493070099541
S43A11T03,moving_support_variable_length,0.0,43014,0.3,0.3161847446051522,0.8573259144598421,0.25270677872838077,0.8145707916061328,0.9030286413904135,0.8437997077279468,0.03254235784497209,0.0,-144.1787850585336
S43A11T03,moving_support_variable_length,0.0,43014,0.3333333333333333,0.34762379971553237,0.8442950371561952,0.2591155331358403,0.7994748629990006,0.9024323831990825,0.8319459951766838,0.0289545409537332,0.0,-118.12724246522791
S43A11T03,moving_support_variable_length,0.0,43014,0.36666666666666664,0.38303863071777866,0.8276037944570183,0.26548936392036265,0.7829852352555304,0.9016317272324516,0.8190117075268498,0.025251360188879926,0.0,-89.88547057948419
S43A11T03,moving_support_variable_length,0.0,43014,0.4,0.42267717935347754,0.8069611133704606,0.2726069905154816,0.7650693403261564,0.9008585964585524,0.8049975164106011,0.02222746675378095,0.0,-62.81464353940915
S43A11T03,moving_support_variable_length,0.0,43014,0.43333333333333335,0.4665952737673812,0.7822501468411681,0.2812547091524349,0.7456951372960184,0.9004174750123655,0.7899101368522592,0.020684590923143162,0.0,-40.1711659989259
S43A11T03,moving_support_variable_length,0.0,43014,0.4666666666666667,0.5146217061624083,0.7535543923210216,0.2921504751843867,0.7248310943631555,0.9006417913017482,0.7737635034241653,0.021355637946767307,0.0,-24.733783473198173
S43A11T03,moving_support_variable_length,0.0,43014,0.5,0.5663378529638897,0.7211711762729691,0.305871748477833,0.7024461706775943,0.9018402633900963,0.7565802368842574,0.02483254811029877,0.0,-18.481155083141104
S43A11T03,moving_support_variable_length,0.0,43014,0.5333333333333333,0.6210750806891332,0.6856104352779819,0.3227945361606155,0.6785097980941539,0.9042422961782,0.7383934811917409,0.03150535518114917,0.0,-22.363713977603737
S43A11T03,moving_support_variable_length,0.0,43014,0.5666666666666667,0.6779317927863693,0.6475778705666648,0.34305012405503676,0.6529918628885596,0.9079528757767339,0.7192492136040558,0.041518934506789125,0.0,-36.20237314546469
S43A11T03,moving_support_variable_length,0.0,43014,0.6,0.7358102634605277,0.607942883043341,0.3665042572552208,0.6258626874832536,0.9129264117457409,0.6992091590234156,0.054752201163410175,0.0,-58.729709149573296
S43A11T03,moving_support_variable_length,0.0,43014,0.6333333333333333,0.7934715284675266,0.5676930860347533,0.3927611892978681,0.5970930122261474,0.918965464162242,0.6783544741061471,0.07082217754326062,0.0,-87.76909165936272
S43A11T03,moving_support_variable_length,0.0,43014,0.6666666666666666,0.8496047513885437,0.5278784986842944,0.42119233933941125,0.5666539772624769,0.9257450597403158,0.6567904056197282,0.08911266973324064,0.0,-120.5270193843337
S43A11T03,moving_support_variable_length,0.0,43014,0.7,0.9029058649294387,0.48954959631185063,0.4509866078219271,0.534517104536945,0.9328578978741922,0.6346521665557787,0.108824603107224,0.0,-153.9570457478715
S43A11T03,moving_support_variable_length,0.0,43014,0.7333333333333333,0.9521591003106602,0.45369410259206766,0.4812170471982729,0.500654279960459,0.9398717597242671,0.6121123011822512,0.12904271364327713,0.0,-185.14307198355112
S43A11T03,moving_support_variable_length,0.0,43014,0.7666666666666667,0.9963144299991555,0.421177652892216,0.5109168736561307,0.465037735773017,0.946388765052247,0.5893898020617669,0.14881158084682314,0.0,-211.6474486784636
S43A11T03,moving_support_variable_length,0.0,43014,0.8,1.0345540680909515,0.3926931887629121,0.5391569637202557,0.42764003313168586,0.9520967469007634,0.566761150223789,0.16721314610108476,0.0,-231.77590959793258
S43A11T03,moving_support_variable_length,0.0,43014,0.8333333333333334,1.0663420289811234,0.36872317176943414,0.5651171096834438,0.38843404495012884,0.9568052669440807,0.5445731883058347,0.18343799033806563,0.0,-244.7258900509018
S43A11T03,moving_support_variable_length,0.0,43014,0.8666666666666667,1.0914522783062197,0.3495175074591141,0.588144369585104,0.347392939013834,0.9604618599535174,0.5232571670392555,0.19684370669238918,0.0,-250.6046172991277
S43A11T03,moving_support_variable_length,0.0,43014,0.9,1.1099730672605006,0.335088583046741,0.6077936594309977,0.30449016139300966,0.9631473495648474,0.5033422397769612,0.2069955157756823,0.0,-250.32461585863896
S43A11T03,moving_support_variable_length,0.0,43014,0.9333333333333333,1.1222873884620213,0.3252232214568678,0.6238480076269481,0.25969942017312486,0.9650521432856922,0.48546494775933,0.21368654348908964,0.0,-245.40276232154065
S43A11T03,moving_support_variable_length,0.0,43014,0.9666666666666667,1.129031844004484,0.319509828687287,0.6363182823441578,0.2129946695212096,0.9664380433238916,0.47036890779812723,0.216937572036979,0.0,-237.70142013734144
S43A11T03,moving_support_variable_length,0.01,43013,0.0,0.136704023595582,0.8933747431176353,0.136704023595582,0.8933747431176353,0.9037734349424762,0.9037734349430294,0.0,6.489741148088299,-13.45707369116121
S43A11T03,moving_support_variable_length,0.01,43013,0.03333333333333333,0.1522406716158446,0.890913096450981,0.15348698023266497,0.8884940726022166,0.9024921232448866,0.9003045889506209,0.008136934359697836,4.0687357211275685,-45.26430277502786
S43A11T03,moving_support_variable_length,0.01,43013,0.06666666666666667,0.16830669231021392,0.8888521621247429,0.17075066866876917,0.8809862001373943,0.9017810438000475,0.8944480225143412,0.01615254401555532,1.6351527347809598,-76.43975069088609
S43A11T03,moving_support_variable_length,0.01,43013,0.1,0.1849966101157604,0.8869995716162746,0.18786516263925657,0.870783742206408,0.9015924106594843,0.8861715737689109,0.023439700912453874,-0.8111062410779599,-103.97559561229932
S43A11T03,moving_support_variable_length,0.01,43013,0.13333333333333333,0.20251111015207898,0.8850548976688746,0.20426900394271844,0.8578195250697929,0.9018142385019097,0.8754499347392845,0.029459820422365588,-3.270139068649182,-125.16996030841185
S43A11T03,moving_support_variable_length,0.01,43013,0.16666666666666666,0.22115868327966468,0.8826149521637955,0.2195242663626612,0.8420265998002339,0.9022822219439235,0.8622662402955883,0.03379792363943317,-5.742043099400797,-137.95193391244564
S43A11T03,moving_support_variable_length,0.01,43013,0.2,0.24134634428572727,0.8791885881955993,0.23336297174553494,0.8233382572389134,0.9028033464438133,0.846614170654929,0.03620905187701655,-8.226915229196146,-141.15044374005979
S43A11T03,moving_support_variable_length,0.01,43013,0.23333333333333334,0.2635588254948535,0.8742209036954764,0.2457198316984359,0.8016880428282291,0.9031884336200736,0.8285007492710357,0.03665100683946524,-10.724851950543366,-134.66860645827148
S43A11T03,moving_support_variable_length,0.01,43013,0.26666666666666666,0.28832666929832956,0.8671259123554637,0.25674728286389814,0.7770097712805126,0.9032885224358359,0.8079500952321208,0.03529938443359346,-13.23594940113429,-119.53359646426654
S43A11T03,moving_support_variable_length,0.01,43013,0.3,0.3161847446051522,0.8573259144598421,0.2668102713913812,0.7492375410475586,0.9030286413904135,0.7850085020134366,0.03254235784497209,-15.760303407812065,-97.80581172572106
S43A11T03,moving_support_variable_length,0.01,43013,0.3333333333333333,0.34762379971553237,0.8442950371561952,0.27646011767687884,0.7183057485613169,0.9024323831990825,0.7597513796804127,0.0289545409537332,-18.298009525085885,-72.34904120921514
S43A11T03,moving_support_variable_length,0.01,43013,0.36666666666666664,0.38303863071777866,0.8276037944570183,0.28638888946878543,0.6841491022219905,0.9016317272324516,0.7322928398329245,0.025251360188879926,-20.84916306729686,-46.483244765186825
S43A11T03,moving_support_variable_length,0.01,43013,0.4,0.42267717935347754,0.8069611133704606,0.2973678152744263,0.646702636115972,0.9008585964585524,0.7027990544561151,0.02222746675378095,-23.413859133519914,-23.560491468744914
S43A11T03,moving_support_variable_length,0.01,43013,0.43333333333333335,0.4665952737673812,0.7822501468411681,0.31017513977202127,0.6059017234525018,0.9004174750123655,0.6715070188438366,0.020684590923143162,-25.992192624284066,-6.519355383488403
S43A11T03,moving_support_variable_length,0.01,43013,0.4666666666666667,0.5146217061624083,0.7535543923210216,0.3255202207707545,0.5616820897145899,0.9006417913017482,0.6387510182783576,0.021355637946767307,-28.58425824918264,2.5192813349663368
S43A11T03,moving_support_variable_length,0.01,43013,0.5,0.5663378529638897,0.7211711762729691,0.343971390279571,0.513979825526567,0.9018402633900963,0.6049998856450006,0.02483254811029877,-31.1901505244485,2.553632671755196
S43A11T03,moving_support_variable_length,0.01,43013,0.5333333333333333,0.6210750806891332,0.6856104352779819,0.3658950139264422,0.4627313992475752,0.9042422961782,0.5709087420301184,0.03150535518114917,-33.809963759572554,-6.150161268461375
S43A11T03,moving_support_variable_length,0.01,43013,0.5666666666666667,0.6779317927863693,0.6475778705666648,0.3914122400121398,0.40787366930729885,0.9079528757767339,0.5373883654794366,0.041518934506789125,-36.443792032053565,-22.090792130476117
S43A11T03,moving_support_variable_length,0.01,43013,0.6,0.7358102634605277,0.607942883043341,0.4203781986167232,0.3493438963072467,0.9129264117457409,0.5056911388405559,0.054752201163410175,-39.09172914938292,-42.74794310040136
S43A11T03,moving_support_variable_length,0.01,43013,0.6333333333333333,0.7934715284675266,0.5676930860347533,0.45238607017068366,0.2870797549178521,0.918965464162242,0.47749951815859004,0.07082217754326062,-41.75386859738691,-64.95433161233339
S43A11T03,moving_support_variable_length,0.01,43013,0.6666666666666666,0.8496047513885437,0.5278784986842944,0.48679576287046855,0.22101934560849568,0.9257450597403158,0.45497405827299736,0.08911266973324064,-44.43030347407666,-85.36976215194642
S43A11T03,moving_support_variable_length,0.01,43013,0.7,0.9029058649294387,0.48954959631185063,0.5227842493915057,0.15110120625423706,0.9328578978741922,0.44067466830337904,0.108824603107224,-47.12112640818469,-100.98488640823675
S43A11T03,moving_support_variable_length,0.01,43013,0.7333333333333333,0.9521591003106602,0.45369410259206766,0.5594122594440782,0.07726432366948921,0.9398717597242671,0.43725018200784255,0.12904271364327713,-49.82642946160715,-109.57567300123581
S43A11T03,moving_support_variable_length,0.01,43013,0.7666666666666667,0.9963144299991555,0.421177652892216,0.5957003140907776,-0.0005518548749859908,0.946388765052247,0.4468890739827831,0.14881158084682314,-52.546304015010335,-110.03649817318343
S43A11T03,moving_support_variable_length,0.01,43013,0.8,1.0345540680909515,0.3926931887629121,0.6307062456879949,-0.08240741008957264,0.9520967469007634,0.4707619723420238,0.16721314610108476,-55.28084063591002,-102.53963899753705
S43A11T03,moving_support_variable_length,0.01,43013,0.8333333333333334,1.0663420289811234,0.36872317176943414,0.663596477389194,-0.16836193899023366,0.9568052669440807,0.5088201206603172,0.18343799033806563,-58.03012892858763,-88.49842619495412
S43A11T03,moving_support_variable_length,0.01,43013,0.8666666666666667,1.0914522783062197,0.3495175074591141,0.6937043979200108,-0.2584745430374268,0.9604618599535174,0.5600710989567276,0.19684370669238918,-60.794257365263,-70.34474234974178
S43A11T03,moving_support_variable_length,0.01,43013,0.9,1.1099730672605006,0.335088583046741,0.7205709793136613,-0.3528038160127208,0.9631473495648474,0.6230812863041129,0.2069955157756823,-63.57331309801427,-51.162204688513384
S43A11T03,moving_support_variable_length,0.01,43013,0.9333333333333333,1.1222873884620213,0.3252232214568678,0.7439650575779273,-0.45140783155259967,0.9650521432856922,0.6963938058974144,0.21368654348908964,-66.36738175100245,-34.238218956846154
S43A11T03,moving_support_variable_length,0.01,43013,0.9666666666666667,1.129031844004484,0.319509828687287,0.763883087013085,-0.5543441302559253,0.9664380433238916,0.778746949337637,0.216937572036979,-69.17654719263678,-22.607383470479405
S43A11T03,moving_support_variable_length,0.01,43014,0.0,0.136704023595582,0.8933747431176353,0.136704023595582,0.8933747431176353,0.9037734349424762,0.9037734349430294,0.0,177.95667481406005,-210.86659024810095
S43A11T03,moving_support_variable_length,0.01,43014,0.03333333333333333,0.1522406716158446,0.890913096450981,0.15332869092905593,0.8892407709032604,0.9024921232448866,0.9010159792219673,0.008136934359697836,174.43817999884024,-241.7933258793358
S43A11T03,moving_support_variable_length,0.01,43014,0.06666666666666667,0.16830669231021392,0.8888521621247429,0.17012205456673268,0.8839747959814377,0.9017810438000475,0.8972837065893894,0.01615254401555532,170.8995888348701,-272.00413152601845
S43A11T03,moving_support_variable_length,0.01,43014,0.1,0.1849966101157604,0.8869995716162746,0.18646122829746314,0.8775120025935113,0.9015924106594843,0.8925263766901322,0.023439700912453874,167.3417533909475,-298.6252345324497
S43A11T03,moving_support_variable_length,0.01,43014,0.13333333333333333,0.20251111015207898,0.8850548976688746,0.20179209721624022,0.8697876039889548,0.9018142385019097,0.8866954886988021,0.029459820422365588,163.76553233680897,-319.02090846410846
S43A11T03,moving_support_variable_length,0.01,43014,0.16666666666666666,0.22115868327966468,0.8826149521637955,0.21568438456541283,0.8607368581255551,0.9022822219439235,0.8797446354511234,0.03379792363943317,160.17178883265817,-331.0824724705117
S43A11T03,moving_support_variable_length,0.01,43014,0.2,0.24134634428572727,0.8791885881955993,0.227878070137646,0.8502950828572854,0.9028033464438133,0.8716299332246864,0.03620905187701655,156.5613884382385,-333.47876998053914
S43A11T03,moving_support_variable_length,0.01,43014,0.23333333333333334,0.2635588254948535,0.8742209036954764,0.2383161336997095,0.8383976705830722,0.9031884336200736,0.8623105458195904,0.03665100683946524,152.9351970546484,-325.83642765009023
S43A11T03,moving_support_variable_length,0.01,43014,0.26666666666666666,0.28832666929832956,0.8671259123554637,0.2471595913898707,0.8249801023318064,0.9032885224358359,0.8517493272882313,0.03529938443359346,149.29407891145442,-308.8231062215849
S43A11T03,moving_support_variable_length,0.01,43014,0.3,0.3161847446051522,0.8573259144598421,0.25478228070332515,0.8099779612612001,0.9030286413904135,0.839913615225957,0.03254235784497209,145.63889461087075,-284.11607685661636
S43A11T03,moving_support_variable_length,0.01,43014,0.3333333333333333,0.34762379971553237,0.8442950371561952,0.2617447251312503,0.7933269455504559,0.9024323831990825,0.8267762166310896,0.0289545409537332,141.97049923985256,-254.25126351216076
S43A11T03,moving_support_variable_length,0.01,43014,0.36666666666666664,0.38303863071777866,0.8276037944570183,0.2687485065449758,0.774962880669142,0.9016317272324516,0.8123166418950044,0.025251360188879926,138.28974055991625,-222.36303081024167
S43A11T03,moving_support_variable_length,0.01,43014,0.4,0.42267717935347754,0.8069611133704606,0.2765746772521031,0.7548217310071962,0.9008585964585524,0.7965226607510786,0.02222746675378095,134.59745728337953,-191.84045133683037
S43A11T03,moving_support_variable_length,0.01,43014,0.43333333333333335,0.4665952737673812,0.7822501468411681,0.286011613420713,0.7328396108535616,0.9004174750123655,0.7793922787046492,0.020684590923143162,130.89447744351963,-165.9392100686839
S43A11T03,moving_support_variable_length,0.01,43014,0.4666666666666667,0.5146217061624083,0.7535543923210216,0.2977791094045343,0.70895279471359,0.9006417913017482,0.7609362658632932,0.021355637946767307,127.18161686491712,-147.39738848916784
S43A11T03,moving_support_variable_length,0.01,43014,0.5,0.5663378529638897,0.7211711762729691,0.3124562355186129,0.6830977269580378,0.9018402633900963,0.7411814151303266,0.02483254811029877,123.45967773899694,-138.10619458194347
S43A11T03,moving_support_variable_length,0.01,43014,0.5333333333333333,0.6210750806891332,0.6856104352779819,0.33042039349476854,0.655211030799189,0.9042422961782,0.7201747669919908,0.03150535518114917,119.72944730852764,-138.88208613409842
S43A11T03,moving_support_variable_length,0.01,43014,0.5666666666666667,0.6779317927863693,0.6475778705666648,0.35180406088695987,0.6252295165923651,0.9079528757767339,0.6979891174453088,0.041518934506789125,115.9916966636118,-149.37460350813305
S43A11T03,moving_support_variable_length,0.01,43014,0.6,0.7358102634605277,0.607942883043341,0.3764739848293088,0.5930901894638371,0.9129264117457409,0.6747302267754257,0.054752201163410175,112.24717965052014,-168.12588580662455
S43A11T03,moving_support_variable_length,0.01,43014,0.6333333333333333,0.7934715284675266,0.5676930860347533,0.40403524454168693,0.5587302562688817,0.918965464162242,0.6505462683697356,0.07082217754326062,108.49663189360115,-192.775914351417
S43A11T03,moving_support_variable_length,0.01,43014,0.6666666666666666,0.8496047513885437,0.5278784986842944,0.43385992194391043,0.5220871318864584,0.9257450597403158,0.6256401850818372,0.08911266973324064,104.74076992945454,-220.38552684997885
S43A11T03,moving_support_variable_length,0.01,43014,0.7,0.9029058649294387,0.48954959631185063,0.4651374308113392,0.48309844485968495,0.9328578978741922,0.6002857141506439,0.108824603107224,100.9802904516079,-247.83092987099047
S43A11T03,moving_support_variable_length,0.01,43014,0.7333333333333333,0.9521591003106602,0.45369410259206766,0.49694120099525363,0.4417020423939575,0.9398717597242671,0.5748477983361038,0.12904271364327713,97.21586966308126,-272.21211703564427
S43A11T03,moving_support_variable_length,0.01,43014,0.7666666666666667,0.9963144299991555,0.421177652892216,0.5283047036031315,0.39783599472719194,0.946388765052247,0.5498077017657254,0.14881158084682314,93.44816273348198,-291.21553863385327
S43A11T03,moving_support_variable_length,0.01,43014,0.8,1.0345540680909515,0.3926931887629121,0.558298960976103,0.35143859888923695,0.9520967469007634,0.5257919772939551,0.16721314610108476,89.67780335663863,-303.3792890241715
S43A11T03,moving_support_variable_length,0.01,43014,0.8333333333333334,1.0663420289811234,0.36872317176943414,0.5861038153746421,0.3024483818700152,0.9568052669440807,0.5036018172615915,0.18343799033806563,85.90540340426033,-308.225829531978
S43A11T03,moving_support_variable_length,0.01,43014,0.8666666666666667,1.0914522783062197,0.3495175074591141,0.6110662920544573,0.25080410321840296,0.9604618599535174,0.48423449734216906,0.19684370669238918,82.13155267070168,-306.24978901453676
S43A11T03,moving_support_variable_length,0.01,43014,0.9,1.1099730672605006,0.335088583046741,0.632741204391731,0.19644475709621378,0.9631473495648474,0.46888157776430495,0.2069955157756823,78.35681870360898,-298.77223534674505
S43A11T03,moving_support_variable_length,0.01,43014,0.9333333333333333,1.1222873884620213,0.3252232214568678,0.6509114209985527,0.13930957381393438,0.9650521432856922,0.4588820664074649,0.21368654348908964,74.58174671502749,-287.6932615875264
S43A11T03,moving_support_variable_length,0.01,43014,0.9666666666666667,1.129031844004484,0.319509828687287,0.6655876055166274,0.07933802087704833,0.9664380433238916,0.4556109898794986,0.216937572036979,70.80685956744301,-275.18806257332193
S43A11T03,moving_support_variable_length,0.1,43013,0.0,0.136704023595582,0.8933747431176353,0.136704023595582,0.8933747431176353,0.9037734349424762,0.9037734349430294,0.0,26.145095283846455,21.50411424174534
S43A11T03,moving_support_variable_length,0.1,43013,0.03333333333333333,0.1522406716158446,0.890913096450981,0.15402722860896165,0.888288659222751,0.9024921232448866,0.9001892690211817,0.008136934359697836,23.111648797580667,-11.295652286253615
S43A11T03,moving_support_variable_length,0.1,43013,0.06666666666666667,0.16830669231021392,0.8888521621247429,0.17289752494081556,0.8801915567155758,0.9017810438000475,0.8940392416217807,0.01615254401555532,20.06413033024416,-44.215996442440364
S43A11T03,moving_support_variable_length,0.1,43013,0.1,0.1849966101157604,0.8869995716162746,0.1926619530918256,0.8690592174288598,0.9015924106594843,0.8853813269048095,0.023439700912453874,17.002374373801295,-74.18522244677905
S43A11T03,moving_support_variable_length,0.1,43013,0.13333333333333333,0.20251111015207898,0.8850548976688746,0.2127338427926504,0.8548709898507794,0.9018142385019097,0.874296160671677,0.029459820422365588,13.926215332344059,-98.45863425280051
S43A11T03,moving_support_variable_length,0.1,43013,0.16666666666666666,0.22115868327966468,0.8826149521637955,0.23264818965063228,0.8376095875943027,0.9022822219439235,0.8608898010335716,0.03379792363943317,10.835487434632016,-114.94945997747813
S43A11T03,moving_support_variable_length,0.1,43013,0.2,0.24134634428572727,0.8791885881955993,0.25210837130387376,0.8172608939049731,0.9028033464438133,0.8452975126169104,0.03620905187701655,7.730024646562508,-122.4969249551499
S43A11T03,moving_support_variable_length,0.1,43013,0.23333333333333334,0.2635588254948535,0.8742209036954764,0.2710191754668868,0.79381377273704,0.9031884336200736,0.8276887967429453,0.03665100683946524,4.6096605848892755,-121.03281790735721
S43A11T03,moving_support_variable_length,0.1,43013,0.26666666666666666,0.28832666929832956,0.8671259123554637,0.2895021072626739,0.7672598864926897,0.9032885224358359,0.8082739372981744,0.03529938443359346,1.4742284335842195,-111.61779263491005
S43A11T03,moving_support_variable_length,0.1,43013,0.3,0.3161847446051522,0.8573259144598421,0.3078904312953907,0.737593520193596,0.9030286413904135,0.787312366589931,0.03254235784497209,-1.6764391356839343,-96.33378004898654
S43A11T03,moving_support_variable_length,0.1,43013,0.3333333333333333,0.34762379971553237,0.8442950371561952,0.3267032796608851,0.7048114116258175,0.9024323831990825,0.7651231517609942,0.0289545409537332,-4.842510037411811,-78.037801619727
S43A11T03,moving_support_variable_length,0.1,43013,0.36666666666666664,0.38303863071777866,0.8276037944570183,0.34660025431959335,0.6689125868548889,0.9016317272324516,0.7420978106778995,0.025251360188879926,-8.024152838851752,-60.002716375927164
S43A11T03,moving_support_variable_length,0.1,43013,0.4,0.42267717935347754,0.8069611133704606,0.3683200562173131,0.6298982004342336,0.9008585964585524,0.7187153980490879,0.02222746675378095,-11.221536817658382,-45.48888731705158
S43A11T03,moving_support_variable_length,0.1,43013,0.43333333333333335,0.4665952737673812,0.7822501468411681,0.3926085433734284,0.5877713796136512,0.9004174750123655,0.6955592146612515,0.020684590923143162,-14.434832008862744,-37.30420609970771
S43A11T03,moving_support_variable_length,0.1,43013,0.4666666666666667,0.5146217061624083,0.7535543923210216,0.42014301801029474,0.5425370718834192,0.9006417913017482,0.6733333861221843,0.021355637946767307,-17.664209239398087,-37.41562388684743
S43A11T03,moving_support_variable_length,0.1,43013,0.5,0.5663378529638897,0.7211711762729691,0.45146026579646054,0.4942018952524783,0.9018402633900963,0.6528757330229428,0.02483254811029877,-20.909840148356295,-46.671532893365324
S43A11T03,moving_support_variable_length,0.1,43013,0.5333333333333333,0.6210750806891332,0.6856104352779819,0.4868957819141074,0.44277399074650475,0.9042422961782,0.6351608045547298,0.03150535518114917,-24.1718971911249,-64.68066692764137
S43A11T03,moving_support_variable_length,0.1,43013,0.5666666666666667,0.6779317927863693,0.6475778705666648,0.5265406756446996,0.3882628767150996,0.9079528757767339,0.6212842753623616,0.041518934506789125,-27.450553625526705,-89.8710069862642
S43A11T03,moving_support_variable_length,0.1,43013,0.6,0.7358102634605277,0.607942883043341,0.5702210142346412,0.3306793046498154,0.9129264117457409,0.6124188924043322,0.054752201163410175,-30.745983478068787,-119.7246283641174
S43A11T03,moving_support_variable_length,0.1,43013,0.6333333333333333,0.7934715284675266,0.5676930860347533,0.6175020257285951,0.2700351163305662,0.918965464162242,0.6097358612256645,0.07082217754326062,-34.05836148840247,-151.1560141320907
S43A11T03,moving_support_variable_length,0.1,43013,0.6666666666666666,0.8496047513885437,0.5278784986842944,0.6677169003611884,0.20634310223253172,0.9257450597403158,0.6142966152767768,0.08911266973324064,-37.38786303009982,-180.9771322437168
S43A11T03,moving_support_variable_length,0.1,43013,0.7,0.9029058649294387,0.48954959631185063,0.7200172411132042,0.13961686123542605,0.9328578978741922,0.6269364470940746,0.108824603107224,-40.73466400586666,-206.37711832442577
S43A11T03,moving_support_variable_length,0.1,43013,0.7333333333333333,0.9521591003106602,0.45369410259206766,0.7734398600816127,0.06987066177931145,0.9398717597242671,0.6481740443093572,0.12904271364327713,-44.09894071533992,-225.34094081705092
S43A11T03,moving_support_variable_length,0.1,43013,0.7666666666666667,0.9963144299991555,0.421177652892216,0.826982906647648,-0.0028806952959188337,0.946388765052247,0.678177443995918,0.14881158084682314,-47.480869693655045,-236.9411022290634
S43A11T03,moving_support_variable_length,0.1,43013,0.8,1.0345540680909515,0.3926931887629121,0.8796834713434354,-0.07862201190793094,0.9520967469007634,0.7167952183911328,0.16721314610108476,-50.88062751901915,-241.45792880967855
S43A11T03,moving_support_variable_length,0.1,43013,0.8333333333333334,1.0663420289811234,0.36872317176943414,0.9306889393765492,-0.15733782549578168,0.9568052669440807,0.7636354969300834,0.18343799033806563,-54.298390587590504,-240.31350795424595
S43A11T03,moving_support_variable_length,0.1,43013,0.8666666666666667,1.0914522783062197,0.3495175074591141,0.9793154295382265,-0.23901253894055874,0.9604618599535174,0.8181619587985896,0.19684370669238918,-57.73433485403997,-235.83610881954638
S43A11T03,moving_support_variable_length,0.1,43013,0.9,1.1099730672605006,0.335088583046741,1.0250884662030038,-0.3236305471458042,0.9631473495648474,0.8797799762359749,0.2069955157756823,-61.188635536260925,-230.8995747817118
S43A11T03,moving_support_variable_length,0.1,43013,0.9333333333333333,1.1222873884620213,0.3252232214568678,1.067763304422214,-0.4111763597450301,0.9650521432856922,0.9478993155289182,0.21368654348908964,-64.6614667827972,-228.50035022714022
S43A11T03,moving_support_variable_length,0.1,43013,0.9666666666666667,1.129031844004484,0.319509828687287,1.107324718880768,-0.5016347193794308,0.9664380433238916,1.0219719482219183,0.216937572036979,-68.1530013016768,-231.34056899679007
S43A11T03,moving_support_variable_length,0.1,43014,0.0,0.136704023595582,0.8933747431176353,0.136704023595582,0.8933747431176353,0.9037734349424762,0.9037734349430294,0.0,218.2521556658086,-254.88448527465337
S43A11T03,moving_support_variable_length,0.1,43014,0.03333333333333333,0.1522406716158446,0.890913096450981,0.15334823144532583,0.8896189891754984,0.9024921232448866,0.9013924043966235,0.008136934359697836,214.30635779078082,-285.46422100836537
S43A11T03,moving_support_variable_length,0.1,43014,0.06666666666666667,0.16830669231021392,0.8888521621247429,0.17020660345436114,0.8855013970110058,0.9017810438000475,0.8988021903283381,0.01615254401555532,210.33583192218782,-315.3392684749122
S43A11T03,moving_support_variable_length,0.1,43014,0.1,0.1849966101157604,0.8869995716162746,0.18666679661312469,0.8809749157742208,0.9015924106594843,0.8959686863921481,0.023439700912453874,206.34071662970888,-341.6977511061092
S43A11T03,moving_support_variable_length,0.1,43014,0.13333333333333333,0.20251111015207898,0.8850548976688746,0.2021865822601038,0.8759885898651831,0.9018142385019097,0.8928552759713876,0.029459820422365588,202.3211490429816,-361.93245601961036
S43A11T03,moving_support_variable_length,0.1,43014,0.16666666666666666,0.22115868327966468,0.8826149521637955,0.2163489823563574,0.8704873801942106,0.9022822219439235,0.8894229410786805,0.03379792363943317,198.27726478938106,-373.9096790586684
S43A11T03,moving_support_variable_length,0.1,43014,0.2,0.24134634428572727,0.8791885881955993,0.22890875046201026,0.864412001978619,0.9028033464438133,0.8856304438084948,0.03620905187701655,194.2091979597169,-376.2086883420272
S43A11T03,moving_support_variable_length,0.1,43014,0.23333333333333334,0.2635588254948535,0.8742209036954764,0.23982516890942052,0.8576987837821101,0.9031884336200736,0.8814345941901414,0.03665100683946524,190.11708110268103,-368.30425090714016
S43A11T03,moving_support_variable_length,0.1,43014,0.26666666666666666,0.28832666929832956,0.8671259123554637,0.24927712800320959,0.8502795528822366,0.9032885224358359,0.8767906208404378,0.03529938443359346,186.00104524876886,-350.6676011290755
S43A11T03,moving_support_variable_length,0.1,43014,0.3,0.3161847446051522,0.8573259144598421,0.2576579406085356,0.8420815523644353,0.9030286413904135,0.8716526638727584,0.03254235784497209,181.86121996429335,-324.7676108785165
S43A11T03,moving_support_variable_length,0.1,43014,0.3333333333333333,0.34762379971553237,0.8442950371561952,0.2655492208480184,0.8330273955628257,0.9024323831990825,0.8659744131979095,0.0289545409537332,177.6977334360012,-292.9636222606064
S43A11T03,moving_support_variable_length,0.1,43014,0.36666666666666664,0.38303863071777866,0.8276037944570183,0.2736752526112873,0.8230350635711282,0.9016317272324516,0.8597099197955267,0.025251360188879926,173.51071258669356,-258.2936249487471
S43A11T03,moving_support_variable_length,0.1,43014,0.4,0.42267717935347754,0.8069611133704606,0.2828413774357139,0.8120179515034901,0.9008585964585524,0.8528146129176346,0.02222746675378095,169.30028322214346,-224.1748055928134
S43A11T03,moving_support_variable_length,0.1,43014,0.43333333333333335,0.4665952737673812,0.7822501468411681,0.29386180117876803,0.7998849689668773,0.9004174750123655,0.8452465627159853,0.020684590923143162,165.0665702094968,-194.04618636867295
S43A11T03,moving_support_variable_length,0.1,43014,0.4666666666666667,0.5146217061624083,0.7535543923210216,0.3074836169159289,0.7865406997880582,0.9006417913017482,0.8369680356937564,0.021355637946767307,160.80969768723068,-170.993178114253
S43A11T03,moving_support_variable_length,0.1,43014,0.5,0.5663378529638897,0.7211711762729691,0.3243145647850144,0.7718856253969826,0.9018402633900963,0.8279473999035479,0.02483254811029877,156.52978930663923,-157.3995612579532
S43A11T03,moving_support_variable_length,0.1,43014,0.5333333333333333,0.6210750806891332,0.6856104352779819,0.34476196154807415,0.755816415388368,0.9042422961782,0.8181614481286957,0.03150535518114917,152.2269685047055,-154.67219792544248
S43A11T03,moving_support_variable_length,0.1,43014,0.5666666666666667,0.6779317927863693,0.6475778705666648,0.3689892901570033,0.7382262876565895,0.9079528757767339,0.8075982204152677,0.041518934506789125,147.9013588081111,-163.07691942400527
S43A11T03,moving_support_variable_length,0.1,43014,0.6,0.7358102634605277,0.607942883043341,0.39689520931843114,0.719005439127992,0.9129264117457409,0.7962604219261455,0.054752201163410175,143.55308416802615,-181.71085188228116
S43A11T03,moving_support_variable_length,0.1,43014,0.6333333333333333,0.7934715284675266,0.5676930860347533,0.42811740271870513,0.6980415465143692,0.918965464162242,0.784169547097019,0.07082217754326062,139.18226932521358,-208.61848234141553
S43A11T03,moving_support_variable_length,0.1,43014,0.6666666666666666,0.8496047513885437,0.5278784986842944,0.46206100829324726,0.6752203347104995,0.9257450597403158,0.7713708340624684,0.08911266973324064,134.7890402048711,-241.03859361599586
S43A11T03,moving_support_variable_length,0.1,43014,0.7,0.9029058649294387,0.48954959631185063,0.49794867981940616,0.650426208501083,0.9328578978741922,0.7579391794749778,0.108824603107224,130.37352434052576,-275.74996300394105
S43A11T03,moving_support_variable_length,0.1,43014,0.7333333333333333,0.9521591003106602,0.45369410259206766,0.5348869800666751,0.6235429411870128,0.9398717597242671,0.7439861343425,0.12904271364327713,125.93585132618196,-309.4686546485421
S43A11T03,moving_support_variable_length,0.1,43014,0.7666666666666667,0.9963144299991555,0.421177652892216,0.5719420949845874,0.5944544116602882,0.946388765052247,0.7296680612017139,0.14881158084682314,121.47615329581168,-339.24161768586725
S43A11T03,moving_support_variable_length,0.1,43014,0.8,1.0345540680909515,0.3926931887629121,0.6082170172004913,0.5630453794354745,0.9520967469007634,0.7151954373661086,0.16721314610108476,116.99456542916208,-362.78194308606004
S43A11T03,moving_support_variable_length,0.1,43014,0.8333333333333334,1.0663420289811234,0.36872317176943414,0.6429224779590763,0.5292022852759557,0.9568052669440807,0.7008431016330522,0.18343799033806563,112.49122648273621,-378.7008598363984
S43A11T03,moving_support_variable_length,0.1,43014,0.8666666666666667,1.0914522783062197,0.3495175074591141,0.6754349690880411,0.4928140634314777,0.9604618599535174,0.6869609141416332,0.19684370669238918,107.96627934468775,-386.60883875956154
S43A11T03,moving_support_variable_length,0.1,43014,0.9,1.1099730672605006,0.335088583046741,0.7053370090893014,0.45377295022369685,0.9631473495648474,0.6739837789693203,0.2069955157756823,103.41987161224563,-387.0797178343358
S43A11T03,moving_support_variable_length,0.1,43014,0.9333333333333333,1.1222873884620213,0.3252232214568678,0.7324370800947578,0.4119752728644848,0.9650521432856922,0.6624392384826214,0.21368654348908964,98.85215619016515,-381.4932536505015
S43A11T03,moving_support_variable_length,0.1,43014,0.9666666666666667,1.129031844004484,0.319509828687287,0.7567690533209508,0.36732220203890226,0.9664380433238916,0.652949943178614,0.216937572036979,94.26329190857497,-371.78882766439403
S43A11T03,moving_support_variable_length,1.0,43013,0.0,0.136704023595582,0.8933747431176353,0.136704023595582,0.8933747431176353,0.9037734349424762,0.9037734349430294,0.0,24.61469311987463,17.967845581074354
S43A11T03,moving_support_variable_length,1.0,43013,0.03333333333333333,0.1522406716158446,0.890913096450981,0.15403318469298166,0.8886078260457512,0.9024921232448866,0.9005051828679655,0.008136934359697836,18.596451061235406,-9.113207278677894
S43A11T03,moving_support_variable_length,1.0,43013,0.06666666666666667,0.16830669231021392,0.8888521621247429,0.17295908410776806,0.8814359806869096,0.9017810438000475,0.8952751973925028,0.01615254401555532,12.56336486515619,-36.31641434849502
S43A11T03,moving_support_variable_length,1.0,43013,0.1,0.1849966101157604,0.8869995716162746,0.19288644775593786,0.8717878054735986,0.9015924106594843,0.8881025716601166,0.023439700912453874,6.515491142186084,-60.67877241815693
S43A11T03,moving_support_variable_length,1.0,43013,0.13333333333333333,0.20251111015207898,0.8850548976688746,0.21328747264586212,0.8595970277389308,0.9018142385019097,0.8790333644524575,0.029459820422365588,0.4528725786037904,-79.53322279032759
S43A11T03,moving_support_variable_length,1.0,43013,0.16666666666666666,0.22115868327966468,0.8826149521637955,0.2337568901473825,0.8448022761801849,0.9022822219439235,0.8681442703417148,0.03379792363943317,-5.624460224600222,-90.82898052953136
S43A11T03,moving_support_variable_length,1.0,43013,0.2,0.24134634428572727,0.8791885881955993,0.2540583859118949,0.8273468516070362,0.9028033464438133,0.8555472781819338,0.03620905187701655,-11.716486776940744,-93.39767598013815
S43A11T03,moving_support_variable_length,1.0,43013,0.23333333333333334,0.2635588254948535,0.8742209036954764,0.2741573482090012,0.8071785003572834,0.9031884336200736,0.8413955036906101,0.03665100683946524,-17.82319458935787,-87.12770299225043
S43A11T03,moving_support_variable_length,1.0,43013,0.26666666666666666,0.28832666929832956,0.8671259123554637,0.2942359112848931,0.7842491938512992,0.9032885224358359,0.8258903819486134,0.03529938443359346,-23.944576932670792,-73.01739546552434
S43A11T03,moving_support_variable_length,1.0,43013,0.3,0.3161847446051522,0.8573259144598421,0.31468774830892404,0.7585149169604817,0.9030286413904135,0.809290368540626,0.03254235784497209,-30.080630465777627,-53.09107281491188
S43A11T03,moving_support_variable_length,1.0,43013,0.3333333333333333,0.34762379971553237,0.8442950371561952,0.3360919441826285,0.7299354671782082,0.9024323831990825,0.7919211897075732,0.0289545409537332,-36.23135273625194,-30.179441318230843
S43A11T03,moving_support_variable_length,1.0,43013,0.36666666666666664,0.38303863071777866,0.8276037944570183,0.35916737572905316,0.6984742659954865,0.9016317272324516,0.7741874486796843,0.025251360188879926,-42.39673955648745,-7.585138073122614
S43A11T03,moving_support_variable_length,1.0,43013,0.4,0.42267717935347754,0.8069611133704606,0.38471113079870556,0.6640981833876913,0.9008585964585524,0.7565849614413872,0.02222746675378095,-48.57678225911948,11.327527232166517
S43A11T03,moving_support_variable_length,1.0,43013,0.43333333333333335,0.4665952737673812,0.7822501468411681,0.4135263677507005,0.6267773759029488,0.9004174750123655,0.7397124715494654,0.020684590923143162,-54.77146483609983,23.56543642924327
S43A11T03,moving_support_variable_length,1.0,43013,0.4666666666666667,0.5146217061624083,0.7535543923210216,0.4463464147315719,0.5864851384964436,0.9006417913017482,0.724280317301488,0.021355637946767307,-60.98076096654072,26.901695303446537
S43A11T03,moving_support_variable_length,1.0,43013,0.5,0.5663378529638897,0.7211711762729691,0.4837626312962886,0.5431977699682327,0.9018402633900963,0.7111122545369054,0.02483254811029877,-67.20463093925989,20.174014241156527
S43A11T03,moving_support_variable_length,1.0,43013,0.5333333333333333,0.6210750806891332,0.6856104352779819,0.5261634666831245,0.49689445162576,0.9042422961782,0.7011353245502365,0.03150535518114917,-73.4430184768759,3.4387934151782957
S43A11T03,moving_support_variable_length,1.0,43013,0.5666666666666667,0.6779317927863693,0.6475778705666648,0.5736912061675358,0.4475571385978396,0.9079528757767339,0.6953522265984666,0.041518934506789125,-79.69584746930158,-22.046919025043394
S43A11T03,moving_support_variable_length,1.0,43013,0.6,0.7358102634605277,0.607942883043341,0.6262211661136784,0.39517046306701337,0.9129264117457409,0.6947923954555985,0.054752201163410175,-85.96301862558337,-54.0176515097572
S43A11T03,moving_support_variable_length,1.0,43013,0.6333333333333333,0.7934715284675266,0.5676930860347533,0.6833657573859161,0.33972164855546194,0.918965464162242,0.7004430281648154,0.07082217754326062,-92.24440605422043,-89.54034863795759
S43A11T03,moving_support_variable_length,1.0,43013,0.6666666666666666,0.8496047513885437,0.5278784986842944,0.744503156793156,0.28120043429059527,0.9257450597403158,0.7131692469357134,0.08911266973324064,-98.53985378337323,-125.45361073480396
S43A11T03,moving_support_variable_length,1.0,43013,0.7,0.9029058649294387,0.48954959631185063,0.8088276373494557,0.2195990085855687,0.9328578978741922,0.7336402200814073,0.108824603107224,-104.84917223373259,-158.8380360380181
S43A11T03,moving_support_variable_length,1.0,43013,0.7333333333333333,0.9521591003106602,0.45369410259206766,0.875416254259621,0.15491195009353298,0.9398717597242671,0.7622802466383072,0.12904271364327713,-111.17213465825384,-187.44430526267774
S43A11T03,moving_support_variable_length,1.0,43013,0.7666666666666667,0.9963144299991555,0.421177652892216,0.9433048729418435,0.08713617572960619,0.946388765052247,0.7992573454812687,0.14881158084682314,-117.50847356446887,-210.01220293592584
S43A11T03,moving_support_variable_length,1.0,43013,0.8,1.0345540680909515,0.3926931887629121,1.011565683370692,0.016270893999136504,0.9520967469007634,0.8445092949080873,0.16721314610108476,-123.85787713664281,-226.4322082464175
S43A11T03,moving_support_variable_length,1.0,43013,0.8333333333333334,1.0663420289811234,0.36872317176943414,1.0793784751246354,-0.05768243757658986,0.9568052669440807,0.8977954198398269,0.18343799033806563,-130.21998567665023,-237.72841574788404
S43A11T03,moving_support_variable_length,1.0,43013,0.8666666666666667,1.0914522783062197,0.3495175074591141,1.1460890093182974,-0.13472015228643752,0.9604618599535174,0.9587576148278734,0.19684370669238918,-136.59438808406557,-245.8721250358214
S43A11T03,moving_support_variable_length,1.0,43013,0.9,1.1099730672605006,0.335088583046741,1.2112496355998692,-0.21483641269009424,0.9631473495648474,1.0269766411181906,0.2069955157756823,-142.98061839759976,-253.46331066412634
S43A11T03,moving_support_variable_length,1.0,43013,0.9333333333333333,1.1222873884620213,0.3252232214568678,1.274639574696317,-0.29802324912275024,0.9650521432856922,1.1020159669653091,0.21368654348908964,-149.37815242162398,-263.3368856448892
S43A11T03,moving_support_variable_length,1.0,43013,0.9666666666666667,1.129031844004484,0.319509828687287,1.3362646777536185,-0.38427059967210364,0.9664380433238916,1.1834513354444902,0.216937572036979,-155.78640446309643,-278.1588728845077
S43A11T03,moving_support_variable_length,1.0,43014,0.0,0.136704023595582,0.8933747431176353,0.136704023595582,0.8933747431176353,0.9037734349424762,0.9037734349430294,0.0,253.47771071686446,-353.19492523886413
S43A11T03,moving_support_variable_length,1.0,43014,0.03333333333333333,0.1522406716158446,0.890913096450981,0.15269981878891412,0.8895378872503371,0.9024921232448866,0.9012081226938028,0.008136934359697836,248.27639899995785,-373.5335209023082
S43A11T03,moving_support_variable_length,1.0,43014,0.06666666666666667,0.16830669231021392,0.8888521621247429,0.16772123386384027,0.8851261682891419,0.9017810438000475,0.8980096889975876,0.01615254401555532,243.0366172290859,-392.63408106483394
S43A11T03,moving_support_variable_length,1.0,43014,0.1,0.1849966101157604,0.8869995716162746,0.181316169792335,0.8800193294427634,0.9015924106594843,0.8940687890872105,0.023439700912453874,237.7591097755089,-407.80115599556916
S43A11T03,moving_support_variable_length,1.0,43014,0.13333333333333333,0.20251111015207898,0.8850548976688746,0.19309946097604344,0.8740975801387071,0.9018142385019097,0.8892831447665475,0.029459820422365588,232.44462440946276,-416.5438490006092
S43A11T03,moving_support_variable_length,1.0,43014,0.16666666666666666,0.22115868327966468,0.8826149521637955,0.20280769088831363,0.8672418164900388,0.9022822219439235,0.8835568287866169,0.03379792363943317,227.09391060270778,-416.8563710441815
S43A11T03,moving_support_variable_length,1.0,43014,0.2,0.24134634428572727,0.8791885881955993,0.21034538451245283,0.859333828020743,0.9028033464438133,0.8767999146472947,0.03620905187701655,221.7077178723727,-407.46863113615007
S43A11T03,moving_support_variable_length,1.0,43014,0.23333333333333334,0.2635588254948535,0.8742209036954764,0.2158175499570332,0.8502564903369522,0.9031884336200736,0.8689285065722099,0.03665100683946524,216.28679418105497,-388.03569721799164
S43A11T03,moving_support_variable_length,1.0,43014,0.26666666666666666,0.28832666929832956,0.8671259123554637,0.21954453613111602,0.8398939435240224,0.9032885224358359,0.859865170996812,0.03529938443359346,210.83188440762396,-359.2381734100471
S43A11T03,moving_support_variable_length,1.0,43014,0.3,0.3161847446051522,0.8573259144598421,0.2220566610276555,0.8281317561455939,0.9030286413904135,0.849539802863058,0.03254235784497209,205.34372890247533,-322.77305304224274
S43A11T03,moving_support_variable_length,1.0,43014,0.3333333333333333,0.34762379971553237,0.8442950371561952,0.22406794061510452,0.814857074818381,0.9024323831990825,0.8378909780574001,0.0289545409537332,199.82306214011854,-281.22619451866797
S43A11T03,moving_support_variable_length,1.0,43014,0.36666666666666664,0.38303863071777866,0.8276037944570183,0.22643034536210027,0.7999587594334754,0.9016317272324516,0.8248678687345458,0.025251360188879926,194.2706114809657,-237.832137008155
S43A11T03,moving_support_variable_length,1.0,43014,0.4,0.42267717935347754,0.8069611133704606,0.2300721152541172,0.7833275041895308,0.9008585964585524,0.810432832954729,0.02222746675378095,188.68709605304412,-196.1426757106035
S43A11T03,moving_support_variable_length,1.0,43014,0.43333333333333335,0.4665952737673812,0.7822501468411681,0.23592553392989796,0.7648559446935972,0.9004174750123655,0.7945648366751276,0.020684590923143162,183.07322576309588,-159.64013243850985
S43A11T03,moving_support_variable_length,1.0,43014,0.4666666666666667,0.5146217061624083,0.7535543923210216,0.24485096040384874,0.7444387514700469,0.9006417913017482,0.7772639280524197,0.021355637946767307,177.42970044518296,-131.34214451885867
S43A11T03,moving_support_variable_length,1.0,43014,0.5,0.5663378529638897,0.7211711762729691,0.2575646398617687,0.7219727102957303,0.9018402633900963,0.7585570650542892,0.02483254811029877,171.7572091535064,-113.44984522744932
S43A11T03,moving_support_variable_length,1.0,43014,0.5333333333333333,0.6210750806891332,0.6856104352779819,0.27457772670509617,0.6973567898491756,0.9042422961782,0.7385057008229678,0.03150535518114917,166.056429604687,-107.08894092306025
S43A11T03,moving_support_variable_length,1.0,43014,0.5666666666666667,0.6779317927863693,0.6475778705666648,0.29615301007175576,0.6704921972225634,0.9079528757767339,0.7172156572302127,0.041518934506789125,160.32802777327987,-112.18288816444489
S43A11T03,moving_support_variable_length,1.0,43014,0.6,0.7358102634605277,0.607942883043341,0.32228410121063944,0.6412824218968767,0.9129264117457409,0.6948499565933672,0.054752201163410175,154.57265764281547,-127.48004156496839
S43A11T03,moving_support_variable_length,1.0,43014,0.6333333333333333,0.7934715284675266,0.5676930860347533,0.35269950109957093,0.6096332688228189,0.918965464162242,0.6716454034621723,0.07082217754326062,148.790961113194,-150.73464668501376
S43A11T03,moving_support_variable_length,1.0,43014,0.6666666666666666,0.8496047513885437,0.5278784986842944,0.38689128668765616,0.5754528812827927,0.9257450597403158,0.6479337337204727,0.08911266973324064,142.98356806383768,-179.01836187774808
S43A11T03,moving_support_variable_length,1.0,43014,0.7,0.9029058649294387,0.48954959631185063,0.424165465243611,0.5386517542326655,0.9328578978741922,0.6241679034297164,0.108824603107224,137.1510965706302,-209.1185467283643
S43A11T03,moving_support_variable_length,1.0,43014,0.7333333333333333,0.9521591003106602,0.45369410259206766,0.463708692414871,0.49914273883657867,0.9398717597242671,0.6009532353531595,0.12904271364327713,131.2941532733637,-237.96554807632768
S43A11T03,moving_support_variable_length,1.0,43014,0.7666666666666667,0.9963144299991555,0.421177652892216,0.5046643390099291,0.45684103891422717,0.946388765052247,0.5790810999588231,0.14881158084682314,125.41333388918575,-263.0264293203447
S43A11T03,moving_support_variable_length,1.0,43014,0.8,1.0345540680909515,0.3926931887629121,0.5462100494971857,0.41166420001848675,0.9520967469007634,0.559558814032711,0.16721314610108476,119.50922386639165,-282.6083028193965
S43A11T03,moving_support_variable_length,1.0,43014,0.8333333333333334,1.0663420289811234,0.36872317176943414,0.5876290653283083,0.3635320918527285,0.9568052669440807,0.543623037508151,0.18343799033806563,113.5823991718622,-296.0299570346433
S43A11T03,moving_support_variable_length,1.0,43014,0.8666666666666667,1.0914522783062197,0.3495175074591141,0.6283686480076304,0.31236688472243057,0.9604618599535174,0.5327164777339993,0.19684370669238918,107.63342720449302,-303.6430241689711
S43A11T03,moving_support_variable_length,1.0,43014,0.9,1.1099730672605006,0.335088583046741,0.6680807488501173,0.25809302069557716,0.9631473495648474,0.528404768612163,0.2069955157756823,101.6628678261168,-306.70903190650057
S43A11T03,moving_support_variable_length,1.0,43014,0.9333333333333333,1.1222873884620213,0.3252232214568678,0.7066423446965482,0.20063718012166998,0.9650521432856922,0.5322224159054773,0.21368654348908964,95.67127450067049,-307.16127296161085
S43A11T03,moving_support_variable_length,1.0,43014,0.9666666666666667,1.129031844004484,0.319509828687287,0.7441552496463784,0.13992824413074734,0.9664380433238916,0.5454707994845944,0.216937572036979,89.65919553172172,-307.296277682251
S43A11T03,moving_support_variable_length,10.0,43013,0.0,0.136704023595582,0.8933747431176353,0.136704023595582,0.8933747431176353,0.9037734349424762,0.9037734349430294,0.0,33.14803333549295,-85.25654185678799
S43A11T03,moving_support_variable_length,10.0,43013,0.03333333333333333,0.1522406716158446,0.890913096450981,0.15307429929338953,0.8889033921732388,0.9024921232448866,0.9006420378663283,0.008136934359697836,31.750826193527608,-117.86739824407427
S43A11T03,moving_support_variable_length,10.0,43013,0.06666666666666667,0.16830669231021392,0.8888521621247429,0.16910964946273108,0.8826673026642479,0.9017810438000475,0.8958222163467243,0.01615254401555532,30.348893011482147,-149.51105023439248
S43A11T03,moving_support_variable_length,10.0,43013,0.1,0.1849966101157604,0.8869995716162746,0.18419478729999944,0.8746648272244927,0.9015924106594843,0.8893147686753655,0.023439700912453874,28.942400844351376,-177.27275735220843
S43A11T03,moving_support_variable_length,10.0,43013,0.13333333333333333,0.20251111015207898,0.8850548976688746,0.19778300381967226,0.8648945125681161,0.9018142385019097,0.8811215647913984,0.029459820422365588,27.531516217085382,-198.5104598956354
S43A11T03,moving_support_variable_length,10.0,43013,0.16666666666666666,0.22115868327966468,0.8826149521637955,0.20945123129412146,0.8533550952258238,0.9022822219439235,0.8712456617044972,0.03379792363943317,26.11640479199914,-211.15309561110735
S43A11T03,moving_support_variable_length,10.0,43013,0.2,0.24134634428572727,0.8791885881955993,0.21894645891405318,0.8400454972063627,0.9028033464438133,0.8596914547140181,0.03620905187701655,24.697231036551113,-213.95060705165537
S43A11T03,moving_support_variable_length,10.0,43013,0.23333333333333334,0.2635588254948535,0.8742209036954764,0.22621847413839213,0.8249648215854393,0.9031884336200736,0.8464648731711348,0.03665100683946524,23.27415789256298,-206.64327076650935
S43A11T03,moving_support_variable_length,10.0,43013,0.26666666666666666,0.28832666929832956,0.8671259123554637,0.2314348976946836,0.8081123480244923,0.9032885224358359,0.8315736326945734,0.03529938443359346,21.847346447957985,-190.0248799125858
S43A11T03,moving_support_variable_length,10.0,43013,0.3,0.3161847446051522,0.8573259144598421,0.23497596785128125,0.7894875282219527,0.9030286413904135,0.8150275600733972,0.03254235784497209,20.416955612100306,-165.88534988765386
S43A11T03,moving_support_variable_length,10.0,43013,0.3333333333333333,0.34762379971553237,0.8442950371561952,0.2374084050322442,0.7690899812998415,0.9024323831990825,0.7968390130923892,0.0289545409537332,18.983141795813523,-136.83260459445455
S43A11T03,moving_support_variable_length,10.0,43013,0.36666666666666664,0.38303863071777866,0.8276037944570183,0.23943978487025375,0.7469194891287887,0.9016317272324516,0.7770234259717652,0.025251360188879926,17.54605859715061,-106.0094556598451
S43A11T03,moving_support_variable_length,10.0,43013,0.4,0.42267717935347754,0.8069611133704606,0.24185695162665038,0.7229759915947833,0.9008585964585524,0.7556000231928147,0.02222746675378095,16.105856493970876,-76.73636782313562
S43A11T03,moving_support_variable_length,10.0,43013,0.43333333333333335,0.4665952737673812,0.7822501468411681,0.24545387367542548,0.697259581811211,0.9004174750123655,0.732592761974564,0.020684590923143162,14.66268254436478,-52.12310805204389
S43A11T03,moving_support_variable_length,10.0,43013,0.4666666666666667,0.5146217061624083,0.7535543923210216,0.2509557405831456,0.6697705012799625,0.9006417913017482,0.708031589349266,0.021355637946767307,13.21668009594193,-34.69914121177017
S43A11T03,moving_support_variable_length,10.0,43013,0.5,0.5663378529638897,0.7211711762729691,0.2589468243318394,0.6405091350056489,0.9018402633900963,0.6819541380162014,0.02483254811029877,11.76798850496714,-26.112685104629804
S43A11T03,moving_support_variable_length,10.0,43013,0.5333333333333333,0.6210750806891332,0.6856104352779819,0.26980953890999654,0.6094760065671891,0.9042422961782,0.6544080428637477,0.03150535518114917,10.31674286629974,-26.94089603422674
S43A11T03,moving_support_variable_length,10.0,43013,0.5666666666666667,0.6779317927863693,0.6475778705666648,0.28368118953602367,0.5766717731512819,0.9079528757767339,0.6254541483684376,0.041518934506789125,8.863073755049948,-36.63923080872571
S43A11T03,moving_support_variable_length,10.0,43013,0.6,0.7358102634605277,0.607942883043341,0.30043317190947344,0.5420972205525024,0.9129264117457409,0.5951710140106593,0.054752201163410175,7.407106980824446,-53.63845436373913
S43A11T03,moving_support_variable_length,10.0,43013,0.6333333333333333,0.7934715284675266,0.5676930860347533,0.3196750408758589,0.5057532581450025,0.918965464162242,0.5636613395595962,0.07082217754326062,5.948963355386795,-75.57601058146162
S43A11T03,moving_support_variable_length,10.0,43013,0.6666666666666666,0.8496047513885437,0.5278784986842944,0.3407831878553381,0.4676409138310131,0.9257450597403158,0.5310612714005325,0.08911266973324064,4.488758474508302,-99.62814226387411
S43A11T03,moving_support_variable_length,10.0,43013,0.7,0.9029058649294387,0.48954959631185063,0.36295117745563765,0.42776132897157104,0.9328578978741922,0.49755408786842903,0.108824603107224,3.0266025147293583,-122.89375204283911
S43A11T03,moving_support_variable_length,10.0,43013,0.7333333333333333,0.9521591003106602,0.45369410259206766,0.3852564397784917,0.38611575330510123,0.9398717597242671,0.463390600262302,0.12904271364327713,1.5626000456962592,-142.77332384816188
S43A11T03,moving_support_variable_length,10.0,43013,0.7666666666666667,0.9963144299991555,0.421177652892216,0.4067363042989609,0.34270553985969,0.946388765052247,0.42891986433293494,0.14881158084682314,0.0968498586769935,-157.28781249917563
S43A11T03,moving_support_variable_length,10.0,43013,0.8,1.0345540680909515,0.3926931887629121,0.4264655191374933,0.29753213986507476,0.9520967469007634,0.3946354864665614,0.16721314610108476,-1.3705551882012892,-165.29319941839876
S43A11T03,moving_support_variable_length,10.0,43013,0.8333333333333334,1.0663420289811234,0.36872317176943414,0.44362752961673046,0.25059709767056026,0.9568052669440807,0.3612443794883904,0.18343799033806563,-2.8395283075160243,-166.56459532804274
S43A11T03,moving_support_variable_length,10.0,43013,0.8666666666666667,1.0914522783062197,0.3495175074591141,0.45757285176433526,0.20190204567523484,0.9604618599535174,0.32976373836247147,0.19684370669238918,-4.309988902501013,-161.74593650367459
S43A11T03,moving_support_variable_length,10.0,43013,0.9,1.1099730672605006,0.335088583046741,0.4678596883987012,0.15144869927702131,0.9631473495648474,0.30164022455898326,0.2069955157756823,-5.781862669041632,-152.1830996086472
S43A11T03,moving_support_variable_length,10.0,43013,0.9333333333333333,1.1222873884620213,0.3252232214568678,0.4742742077145119,0.09923885184723691,0.9650521432856922,0.2788445453356032,0.21368654348908964,-7.255081679434668,-139.67541906813543
S43A11T03,moving_support_variable_length,10.0,43013,0.9666666666666667,1.129031844004484,0.319509828687287,0.4768302950308036,0.04527436973745935,0.9664380433238916,0.2638067399087238,0.216937572036979,-8.729584447703472,-126.19017477088788
S43A11T03,moving_support_variable_length,10.0,43014,0.0,0.136704023595582,0.8933747431176353,0.136704023595582,0.8933747431176353,0.9037734349424762,0.9037734349430294,0.0,395.6287931302051,-472.27381800992845
S43A11T03,moving_support_variable_length,10.0,43014,0.03333333333333333,0.1522406716158446,0.890913096450981,0.15299016034922772,0.8900279231428956,0.9024921232448866,0.9017384105463345,0.008136934359697836,385.861973281623,-496.7167069075635
S43A11T03,moving_support_variable_length,10.0,43014,0.06666666666666667,0.16830669231021392,0.8888521621247429,0.168783941696172,0.8871697634809841,0.9017810438000475,0.9002036062990659,0.01615254401555532,375.97375882232865,-520.1592696740477
S43A11T03,moving_support_variable_length,10.0,43014,0.1,0.1849966101157604,0.8869995716162746,0.18348618598046984,0.8848041194839085,0.9015924106594843,0.8991625032436135,0.023439700912453874,365.96813787335094,-539.8853171725199
S43A11T03,moving_support_variable_length,10.0,43014,0.13333333333333333,0.20251111015207898,0.8850548976688746,0.19656605853470863,0.8829338167779832,0.9018142385019097,0.8986081568888613,0.029459820422365588,355.8493058607263,-553.3488401458446
S43A11T03,moving_support_variable_length,10.0,43014,0.16666666666666666,0.22115868327966468,0.8826149521637955,0.20761612635987398,0.8815607784140298,0.9022822219439235,0.898533345867539,0.03379792363943317,345.6216489465914,-558.4177842376096
S43A11T03,moving_support_variable_length,10.0,43014,0.2,0.24134634428572727,0.8791885881955993,0.21639876682873083,0.8806861407594434,0.9028033464438133,0.8989307047270897,0.03620905187701655,335.2897262764418,-553.5961858984558
S43A11T03,moving_support_variable_length,10.0,43014,0.23333333333333334,0.2635588254948535,0.8742209036954764,0.22287890367803737,0.8803103590102931,0.9031884336200736,0.8997928415711858,0.03665100683946524,324.8582513555877,-538.2024056582305
S43A11T03,moving_support_variable_length,10.0,43014,0.26666666666666666,0.28832666929832956,0.8671259123554637,0.2272390380711882,0.8804333031498702,0.9032885224358359,0.9011124413384332,0.03529938443359346,314.33207288782324,-512.4827695979997
S43A11T03,moving_support_variable_length,10.0,43014,0.3,0.3161847446051522,0.8573259144598421,0.22987403019423167,0.8810543451278866,0.9030286413904135,0.9028823555601719,0.03254235784497209,303.7161554180286,-477.6439484253268
S43A11T03,moving_support_variable_length,10.0,43014,0.3333333333333333,0.34762379971553237,0.8442950371561952,0.23136496231649423,0.8821724379826469,0.9024323831990825,0.9050956794800744,0.0289545409537332,293.0155601171869,-435.7939383096193
S43A11T03,moving_support_variable_length,10.0,43014,0.36666666666666664,0.38303863071777866,0.8276037944570183,0.232433511287845,0.8837861875776228,0.9016317272324516,0.9077458174445,0.025251360188879926,282.23542603303105,-389.79016258913487
S43A11T03,moving_support_variable_length,10.0,43014,0.4,0.42267717935347754,0.8069611133704606,0.233880362292904,0.8858939175744134,0.9008585964585524,0.9108265374847377,0.02222746675378095,271.380952102794,-343.00316935428475
S43A11T03,moving_support_variable_length,10.0,43014,0.43333333333333335,0.4665952737673812,0.7822501468411681,0.23651306546301193,0.8884937282164291,0.9004174750123655,0.9143320160112172,0.020684590923143162,260.45738018743657,-299.0145552381257
S43A11T03,moving_support_variable_length,10.0,43014,0.4666666666666667,0.5146217061624083,0.7535543923210216,0.24107013479323575,0.8915835494520404,0.9006417913017482,0.9182568735266814,0.021355637946767307,249.46997934096447,-261.2768492651376
S43A11T03,moving_support_variable_length,10.0,43014,0.5,0.5663378529638897,0.7211711762729691,0.24814891183676088,0.8951611888825299,0.9018402633900963,0.9225962022415841,0.02483254811029877,238.4240314761169,-232.76983589433854
S43A11T03,moving_support_variable_length,10.0,43014,0.5333333333333333,0.6210750806891332,0.6856104352779819,0.258144628336056,0.8992243749790907,0.9042422961782,0.9273455864421423,0.03150535518114917,227.32481853126234,-215.69094580438508
S43A11T03,moving_support_variable_length,10.0,43014,0.5666666666666667,0.6779317927863693,0.6475778705666648,0.271207158997331,0.9037707959743295,0.9079528757767339,0.9325011164211497,0.041518934506789125,216.17761118534935,-211.21595945201446
S43A11T03,moving_support_variable_length,10.0,43014,0.6,0.7358102634605277,0.607942883043341,0.28722022475289033,0.9087981347972853,0.9129264117457409,0.938059396735422,0.054752201163410175,204.98765911085792,-219.36001366995907
S43A11T03,moving_support_variable_length,10.0,43014,0.6333333333333333,0.7934715284675266,0.5676930860347533,0.3058054658528484,0.9143041003867975,0.918965464162242,0.9440175495031319,0.07082217754326062,193.7601827013479,-238.95822691968527
S43A11T03,moving_support_variable_length,10.0,43014,0.6666666666666666,0.8496047513885437,0.5278784986842944,0.32635112409788886,0.9202864556861063,0.9257450597403158,0.9503732134007266,0.08911266973324064,182.5003661626065,-267.7713673795203
S43A11T03,moving_support_variable_length,10.0,43014,0.7,0.9029058649294387,0.48954959631185063,0.3480623846000165,0.9267430425917486,0.9328578978741922,0.9571245389638721,0.108824603107224,171.21335181638295,-302.70663058245736
S43A11T03,moving_support_variable_length,10.0,43014,0.7333333333333333,0.9521591003106602,0.45369410259206766,0.3700280735518616,0.9336718041020465,0.9398717597242671,0.9642701807410827,0.12904271364327713,159.90423543461813,-340.1288334516184
S43A11T03,moving_support_variable_length,10.0,43014,0.7666666666666667,0.9963144299991555,0.421177652892216,0.3912966978594633,0.9410708038846538,0.946388765052247,0.9718092867933206,0.14881158084682314,148.57806240078375,-376.22533328971144
S43A11T03,moving_support_variable_length,10.0,43014,0.8,1.0345540680909515,0.3926931887629121,0.4109539704378582,0.948938243458647,0.9520967469007634,0.9797414859787005,0.16721314610108476,137.239824483755,-407.38076901606775
S43A11T03,moving_support_variable_length,10.0,43014,0.8333333333333334,1.0663420289811234,0.36872317176943414,0.42819409504451866,0.9572724771644068,0.9568052669440807,0.9880668734091614,0.18343799033806563,125.89445700838498,-430.5168145984911
S43A11T03,moving_support_variable_length,10.0,43014,0.8666666666666667,1.0914522783062197,0.3495175074591141,0.4423781462982363,0.9660720250739225,0.9604618599535174,0.9967859944160467,0.19684370669238918,114.54683621498795,-443.3580161464115
S43A11T03,moving_support_variable_length,10.0,43014,0.9,1.1099730672605006,0.335088583046741,0.4530746925096397,0.9753355839750963,0.9631473495648474,1.0058998273143824,0.2069955157756823,103.20177661624795,-444.5964900825144
S43A11T03,moving_support_variable_length,10.0,43014,0.9333333333333333,1.1222873884620213,0.3252232214568678,0.4600800812324193,0.9850620365459983,0.9650521432856922,1.0154097652114753,0.21368654348908964,91.86402818334399,-433.9434805363645
S43A11T03,moving_support_variable_length,10.0,43014,0.9666666666666667,1.129031844004484,0.319509828687287,0.4634181981925618,0.995250458818771,0.9664380433238916,1.0253175970644524,0.216937572036979,80.53827322176201,-412.07156239587636
S43A11T04,moving_support_variable_length,0.0,43013,0.0,0.07206093053947751,0.9053179871130516,0.07206093053947751,0.9053179871130516,0.9081813890961666,0.9081813890967172,0.0,0.0,-51.01760775650263
S43A11T04,moving_support_variable_length,0.0,43013,0.03333333333333333,0.08553418112561394,0.9024727832908892,0.08555575562485739,0.901536682304836,0.9062313773890321,0.9053011280639777,0.0030830757138723235,0.0,-76.65260505230927
S43A11T04,moving_support_variable_length,0.0,43013,0.06666666666666667,0.09974837101133982,0.9001469781439974,0.09831539903880357,0.8965126447022178,0.9049113431174591,0.9011499076866978,0.0070124198334181355,0.0,-105.74226918360588
S43A11T04,moving_support_variable_length,0.0,43013,0.1,0.11453717019642132,0.8984976709119937,0.10982113427731627,0.8902033424770052,0.9044052644786138,0.8956347656933156,0.011334370901276446,0.0,-136.3922127788151
S43A11T04,moving_support_variable_length,0.0,43013,0.13333333333333333,0.12976243112301666,0.8976218791970819,0.11949564875023443,0.882567480555649,0.9048608644247393,0.8886694506913102,0.015533949761380601,0.0,-166.35228515174714
S43A11T04,moving_support_variable_length,0.0,43013,0.16666666666666666,0.1453359041836333,0.8975350431258964,0.12674615918244686,0.8735649950473873,0.9063720080379503,0.8801751174018803,0.019077980409552824,0.0,-193.21486815800682
S43A11T04,moving_support_variable_length,0.0,43013,0.2,0.16123923161595408,0.89815351482764,0.13101200822283085,0.8631570450821483,0.9089649140136467,0.8700811084866467,0.02146270028614814,0.0,-214.63570246434477
S43A11T04,moving_support_variable_length,0.0,43013,0.23333333333333334,0.17754017774261677,0.8992829372821619,0.13181293255171572,0.8513060022905092,0.9125903233549592,0.8583258736821582,0.022262049874342545,0.0,-228.55671785349463
S43A11T04,moving_support_variable_length,0.0,43013,0.26666666666666666,0.194403123486885,0.9006140916119619,0.12879398378603316,0.8379754381553486,0.9171229734885645,0.8448580900773077,0.02117262244718088,0.0,-233.41005497913855
S43A11T04,moving_support_variable_length,0.0,43013,0.3,0.21209209818440222,0.9017273252345833,0.12176317766537306,0.823130109459972,0.9223686797758237,0.8296380659736238,0.018051348967439873,0.0,-228.2838447607632
S43A11T04,moving_support_variable_length,0.0,43013,0.3333333333333333,0.2309650446498879,0.902106097322929,0.11071833700117453,0.8067359420506844,0.9280782788995986,0.812639537158782,0.012942383125826872,0.0,-213.03316353206404
S43A11T04,moving_support_variable_length,0.0,43013,0.36666666666666664,0.251458604010764,0.9011595295877596,0.09586025758330785,0.7887600131233181,0.9339668596472529,0.7938520018607284,0.006090315202859468,0.0,-188.32366963962212
S43A11T04,moving_support_variable_length,0.0,43013,0.4,0.27406343895783974,0.898253167662246,0.07759022979490891,0.7691705322333589,0.9397362135090868,0.7732837937486182,-0.0020622530107577593,0.0,-155.60052824429116
S43A11T04,moving_support_variable_length,0.0,43013,0.43333333333333335,0.2992909441238277,0.8927464799620665,0.056491048048860903,0.7479368212183374,0.9450982774875581,0.7509661675501268,-0.010893640640291639,0.0,-116.98118010880313
S43A11T04,moving_support_variable_length,0.0,43013,0.4666666666666667,0.32763305931296205,0.8840349871725856,0.0332918804156251,0.7250292932093054,0.949797428552308,0.7269587778754109,-0.019638155646387923,0.0,-75.07715249456803
S43A11T04,moving_support_variable_length,0.0,43013,0.5,0.35951772990861297,0.8715943704498761,0.008818683621371084,0.7004194308957687,0.9536297167289541,0.701357079697733,-0.027435613569162885,0.0,-32.757179802731414
S43A11T04,moving_support_variable_length,0.0,43013,0.5333333333333333,0.3952632645398912,0.855023498097745,-0.01606685023072338,0.6740797641956171,0.9564574185627714,0.6743023805718618,-0.03339232124484559,0.0,7.129094300162336
S43A11T04,moving_support_variable_length,0.0,43013,0.5666666666666667,0.4350353368160756,0.8340830887999403,-0.040535639194470216,0.6459838474686019,0.958217638515552,0.6459955374732412,-0.03664934996130108,0.0,42.04137162494352
S43A11T04,moving_support_variable_length,0.0,43013,0.6,0.4788105867492435,0.8087267409573585,-0.06386170627834761,0.6161062363989439,0.9589241156341589,0.6167156023225714,-0.03645295553299796,0.0,70.0230004477858
S43A11T04,moving_support_variable_length,0.0,43013,0.6333333333333333,0.5263506369234873,0.7791213381341402,-0.08548905007898337,0.5844224646598974,0.9586619576514271,0.5868450073859449,-0.03222137232163545,0.0,89.92765154416387
S43A11T04,moving_support_variable_length,0.0,43013,0.6666666666666666,0.5771898148426886,0.7456544070084805,-0.10508892853925833,0.5509090204606817,0.9575757527283982,0.5569029226574381,-0.023602018925206195,0.0,101.56841634778277
S43A11T04,moving_support_variable_length,0.0,43013,0.7,0.6306389694540767,0.7089268468634785,-0.12260192694523996,0.5155433230642585,0.9558523665819297,0.5275876574680436,-0.010513487061908227,0.0,105.76506061272772
S43A11T04,moving_support_variable_length,0.0,43013,0.7333333333333333,0.6858065331445398,0.6697305264382982,-0.13826008350732416,0.47830369935307976,0.9537005999736173,0.4998262310516588,0.006832412616579239,0.0,104.27490539708894
S43A11T04,moving_support_variable_length,0.0,43013,0.7666666666666667,0.7416365020753988,0.6290114783641252,-0.15258581085087614,0.4391693605092394,0.9513305570096522,0.4748224281991625,0.027931809092038448,0.0,99.60616172526979
S43A11T04,moving_support_variable_length,0.0,43013,0.8,0.7969614197666249,0.5878207056904733,-0.16636630892937157,0.3981203788655067,0.9489358184683873,0.4540814758724586,0.052014438073416186,0.0,94.72839018342049
S43A11T04,moving_support_variable_length,0.0,43013,0.8333333333333334,0.8505669134265599,0.5472558192475706,-0.1806044683444293,0.35513766497451615,0.9466811286356959,0.4393711952447208,0.07809281831745832,0.0,92.7111220442244
S43A11T04,moving_support_variable_length,0.0,43013,0.8666666666666667,0.9012630248438953,0.5083977109952353,-0.19644969049183278,0.31020294493500555,0.9446972303507124,0.4325699730435055,0.105031510466882,0.0,96.33580247061842
S43A11T04,moving_support_variable_length,0.0,43013,0.9,0.9479566648756524,0.4722471092776273,-0.215114318735283,0.263298738006403,0.9430828748106126,0.4353830242391021,0.13163076393903858,0.0,107.7349666416319
S43A11T04,moving_support_variable_length,0.0,43013,0.9333333333333333,0.9897191384195119,0.4396660582305844,-0.23778317232532142,0.2144083345362776,0.9419122600147887,0.4490004088539166,0.15671705990701068,0.0,128.11319180010753
S43A11T04,moving_support_variable_length,0.0,43013,0.9666666666666667,1.0258429170875636,0.4113290628874464,-0.26552471478557443,0.16351577421918773,0.9412447140324164,0.47386280732308766,0.1792320184345279,0.0,157.5953988062205
S43A11T04,moving_support_variable_length,0.0,43013,1.0,1.0558826898479265,0.387687849769364,-0.2992124644612449,0.11060582470022895,0.9411328099475568,0.509669802635485,0.1983110618768334,0.0,195.2299899332638
S43A11T04,moving_support_variable_length,0.0,43013,1.0333333333333334,1.0796771274423196,0.3689524791104205,-0.3394642921470805,0.05566396053208533,0.9416255578916572,0.5556039001301748,0.21334418946001624,0.0,239.14982770943305
S43A11T04,moving_support_variable_length,0.0,43014,0.0,0.07206093053947751,0.9053179871130516,0.07206093053947751,0.9053179871130516,0.9081813890961666,0.9081813890967172,0.0,0.0,192.77966694703952
S43A11T04,moving_support_variable_length,0.0,43014,0.03333333333333333,0.08553418112561394,0.9024727832908892,0.0880904380852874,0.9015014986896186,0.9062313773890321,0.9055005266690757,0.0030830757138723235,0.0,164.9127948516001
S43A11T04,moving_support_variable_length,0.0,43014,0.06666666666666667,0.09974837101133982,0.9001469781439974,0.10845450983728473,0.8963768549181295,0.9049113431174591,0.9020986440840435,0.0070124198334181355,0.0,130.48307424871138
S43A11T04,moving_support_variable_length,0.0,43014,0.1,0.11453717019642132,0.8984976709119937,0.13263194546237148,0.8899079438820071,0.9044052644786138,0.8981365431713075,0.011334370901276446,0.0,91.42523181635373
S43A11T04,moving_support_variable_length,0.0,43014,0.13333333333333333,0.12976243112301666,0.8976218791970819,0.16003901709787138,0.8820586121023954,0.9048608644247393,0.8938171567333711,0.015533949761380601,0.0,50.032256107690685
S43A11T04,moving_support_variable_length,0.0,43014,0.16666666666666666,0.1453359041836333,0.8975350431258964,0.19007274084775366,0.8727927265167004,0.9063720080379503,0.8893853785388949,0.019077980409552824,0.0,8.755294456635298
S43A11T04,moving_support_variable_length,0.0,43014,0.2,0.16123923161595408,0.89815351482764,0.22215863718162468,0.8620742375404373,0.9089649140136467,0.8851275897396259,0.02146270028614814,0.0,-30.01873468871584
S43A11T04,moving_support_variable_length,0.0,43014,0.23333333333333334,0.17754017774261677,0.8992829372821619,0.2557991690664478,0.8498672426741647,0.9125903233549592,0.8813704761405019,0.022262049874342545,0.0,-64.19112235572833
S43A11T04,moving_support_variable_length,0.0,43014,0.26666666666666666,0.194403123486885,0.9006140916119619,0.29061883768890373,0.8361360501179363,0.9171229734885645,0.8784786606491435,0.02117262244718088,0.0,-92.15601121916936
S43A11T04,moving_support_variable_length,0.0,43014,0.3,0.21209209818440222,0.9017273252345833,0.32640200984550993,0.8208452418651818,0.9223686797758237,0.876850637884042,0.018051348967439873,0.0,-112.96619343037692
S43A11T04,moving_support_variable_length,0.0,43014,0.3333333333333333,0.2309650446498879,0.902106097322929,0.36311994112574053,0.8039597357657017,0.9280782788995986,0.8769125263446974,0.012942383125826872,0.0,-126.44345456754064
S43A11T04,moving_support_variable_length,0.0,43014,0.36666666666666664,0.251458604010764,0.9011595295877596,0.40094412278678465,0.7854448460728297,0.9339668596472529,0.879109285349037,0.006090315202859468,0.0,-133.2209853833179
S43A11T04,moving_support_variable_length,0.0,43014,0.4,0.27406343895783974,0.898253167662246,0.4402439838469914,0.7652663420219096,0.9397362135090868,0.8838933088307986,-0.0020622530107577593,0.0,-134.71053070583235
S43A11T04,moving_support_variable_length,0.0,43014,0.43333333333333335,0.2992909441238277,0.8927464799620665,0.4815680793680037,0.7433905040250894,0.9450982774875581,0.8917107082171915,-0.010893640640291639,0.0,-132.99294781117948
S43A11T04,moving_support_variable_length,0.0,43014,0.4666666666666667,0.32763305931296205,0.8840349871725856,0.5256091362390645,0.7197841771100149,0.949797428552308,0.9029860856776039,-0.019638155646387923,0.0,-130.6375524705533
S43A11T04,moving_support_variable_length,0.0,43014,0.5,0.35951772990861297,0.8715943704498761,0.5731546406783741,0.6944148212762037,0.9536297167289541,0.9181070730073824,-0.027435613569162885,0.0,-130.4627716146557
S43A11T04,moving_support_variable_length,0.0,43014,0.5333333333333333,0.3952632645398912,0.855023498097745,0.6250259529356964,0.6672505584916255,0.9564574185627714,0.9374102258794009,-0.03339232124484559,0.0,-135.2576970864019
S43A11T04,moving_support_variable_length,0.0,43014,0.5666666666666667,0.4350353368160756,0.8340830887999403,0.6820101244461106,0.638260216102218,0.958217638515552,0.9611698828070858,-0.03664934996130108,0.0,-147.49038337067788
S43A11T04,moving_support_variable_length,0.0,43014,0.6,0.4788105867492435,0.8087267409573585,0.7447895597520792,0.6074133664777128,0.9589241156341589,0.9895912618175963,-0.03645295553299796,0.0,-169.03320920435218
S43A11T04,moving_support_variable_length,0.0,43014,0.6333333333333333,0.5263506369234873,0.7791213381341402,0.8138752960432538,0.5746803627672974,0.9586619576514271,1.0228084334661687,-0.03222137232163545,0.0,-200.93736131245365
S43A11T04,moving_support_variable_length,0.0,43014,0.6666666666666666,0.5771898148426886,0.7456544070084805,0.8895498625404066,0.54003237068741,0.9575757527283982,1.0608870439474,-0.023602018925206195,0.0,-243.28668885820585
S43A11T04,moving_support_variable_length,0.0,43014,0.7,0.6306389694540767,0.7089268468634785,0.9718253482147027,0.5034413963106421,0.9558523665819297,1.1038309774656705,-0.010513487061908227,0.0,-295.155316775549
S43A11T04,moving_support_variable_length,0.0,43014,0.7333333333333333,0.6858065331445398,0.6697305264382982,1.0604214041883913,0.4648803098686359,0.9537005999736173,1.151591709620153,0.006832412616579239,0.0,-354.6834085720545
S43A11T04,moving_support_variable_length,0.0,43014,0.7666666666666667,0.7416365020753988,0.6290114783641252,1.1547664422641417,0.4243228656225028,0.9513305570096522,1.2040789778113399,0.027931809092038448,0.0,-419.2717868682538
S43A11T04,moving_support_variable_length,0.0,43014,0.8,0.7969614197666249,0.5878207056904733,1.254023333918173,0.3817437178912651,0.9489358184683873,1.261171539418955,0.052014438073416186,0.0,-485.87991983942266
S43A11T04,moving_support_variable_length,0.0,43014,0.8333333333333334,0.8505669134265599,0.5472558192475706,1.3571386106907086,0.33711843336182695,0.9466811286356959,1.322727098498042,0.07809281831745832,0.0,-551.3951003989192
S43A11T04,moving_support_variable_length,0.0,43014,0.8666666666666667,0.9012630248438953,0.5083977109952353,1.4629117395362723,0.29042349983285265,0.9446972303507124,1.3885908417362196,0.105031510466882,0.0,-613.0263274623499
S43A11T04,moving_support_variable_length,0.0,43014,0.9,0.9479566648756524,0.4722471092776273,1.5700787789712116,0.2416363315695853,0.9430828748106126,1.458602347689529,0.13163076393903858,0.0,-668.6676586119777
S43A11T04,moving_support_variable_length,0.0,43014,0.9333333333333333,0.9897191384195119,0.4396660582305844,1.6774029243914188,0.19073527146710545,0.9419122600147887,1.5326008750569478,0.15671705990701068,0.0,-717.1754406679685
S43A11T04,moving_support_variable_length,0.0,43014,0.9666666666666667,1.0258429170875636,0.4113290628874464,1.7837634109737168,0.13769959023587441,0.9412447140324164,1.610429187141079,0.1792320184345279,0.0,-758.5133275178983
S43A11T04,moving_support_variable_length,0.0,43014,1.0,1.0558826898479265,0.387687849769364,1.8882341666408888,0.0825094828358337,0.9411328099475568,1.6919361438228753,0.1983110618768334,0.0,-793.7378177928056
S43A11T04,moving_support_variable_length,0.0,43014,1.0333333333333334,1.0796771274423196,0.3689524791104205,1.9901445703816132,0.02514606239402195,0.9416255578916572,1.7769783110938793,0.21334418946001624,0.0,-824.8223403789765
S43A11T04,moving_support_variable_length,0.01,43013,0.0,0.07206093053947751,0.9053179871130516,0.07206093053947751,0.9053179871130516,0.9081813890961666,0.9081813890967172,0.0,120.63217755867575,-160.53210915876727
S43A11T04,moving_support_variable_length,0.01,43013,0.03333333333333333,0.08553418112561394,0.9024727832908892,0.08563702782190143,0.9010419713639507,0.9062313773890321,0.9048158868903051,0.0030830757138723235,115.93504172310001,-179.54500127058967
S43A11T04,moving_support_variable_length,0.01,43013,0.06666666666666667,0.09974837101133982,0.9001469781439974,0.0986572959393355,0.8944993085076501,0.9049113431174591,0.8991817370465958,0.0070124198334181355,111.20644668104093,-202.07280260407384
S43A11T04,moving_support_variable_length,0.01,43013,0.1,0.11453717019642132,0.8984976709119937,0.11062773655335675,0.885596835340754,0.9044052644786138,0.8911458507051897,0.011334370901276446,106.44630245754699,-226.15409314970125
S43A11T04,moving_support_variable_length,0.01,43013,0.13333333333333333,0.12976243112301666,0.8976218791970819,0.12099509799703695,0.8742441086088656,0.9048608644247393,0.880582088862528,0.015533949761380601,101.65453053575797,-249.46359745084652
S43A11T04,moving_support_variable_length,0.01,43013,0.16666666666666666,0.1453359041836333,0.8975350431258964,0.1291899663308237,0.8603534055471408,0.9063720080379503,0.8673711039002217,0.019077980409552824,96.83106488072696,-269.5382534547764
S43A11T04,moving_support_variable_length,0.01,43013,0.2,0.16123923161595408,0.89815351482764,0.13467434120217206,0.8438397189856661,0.9089649140136467,0.8514002272596048,0.02146270028614814,91.97585300053053,-284.0283300170168
S43A11T04,moving_support_variable_length,0.01,43013,0.23333333333333334,0.17754017774261677,0.8992829372821619,0.1369898867210015,0.8246207473359952,0.9125903233549592,0.8325634231009004,0.022262049874342545,87.08885704570505,-290.9479409467403
S43A11T04,moving_support_variable_length,0.01,43013,0.26666666666666666,0.194403123486885,0.9006140916119619,0.13580283854710581,0.8026168797763836,0.9171229734885645,0.8107613348859782,0.02117262244718088,82.1700549481337,-288.89866912894695
S43A11T04,moving_support_variable_length,0.01,43013,0.3,0.21209209818440222,0.9017273252345833,0.13094164254854518,0.7777511769521244,0.9223686797758237,0.7859014643301301,0.018051348967439873,77.21944160059012,-277.24175166234477
S43A11T04,moving_support_variable_length,0.01,43013,0.3333333333333333,0.2309650446498879,0.902106097322929,0.12242379037108131,0.7499493475041387,0.9280782788995986,0.757898543576437,0.012942383125826872,72.23703007821037,-256.19821267365035
S43A11T04,moving_support_variable_length,0.01,43013,0.36666666666666664,0.251458604010764,0.9011595295877596,0.11046898095590474,0.7191397207338797,0.9339668596472529,0.7266751982850305,0.006090315202859468,67.22285290321594,-226.8621901891934
S43A11T04,moving_support_variable_length,0.01,43013,0.4,0.27406343895783974,0.898253167662246,0.09549664058772271,0.6852532157059001,0.9397362135090868,0.6921630641376615,-0.0020622530107577593,62.176963354231894,-191.12017496662827
S43A11T04,moving_support_variable_length,0.01,43013,0.43333333333333335,0.2992909441238277,0.8927464799620665,0.07810693340895133,0.648223307081377,0.9450982774875581,0.6543046370197998,-0.010893640640291639,57.09943682154077,-151.4776446545776
S43A11T04,moving_support_variable_length,0.01,43013,0.4666666666666667,0.32763305931296205,0.8840349871725856,0.05904563458595931,0.6079859879666902,0.949797428552308,0.6130563598970004,-0.019638155646387923,51.99037220956308,-110.8042470159482
S43A11T04,moving_support_variable_length,0.01,43013,0.5,0.35951772990861297,0.8715943704498761,0.03915455111902941,0.5644797300510687,0.9536297167289541,0.5683938913049013,-0.027435613569162885,46.84989338776349,-72.01866227397016
S43A11T04,moving_support_variable_length,0.01,43013,0.5333333333333333,0.3952632645398912,0.855023498097745,0.019310476460430465,0.517645441296523,0.9564574185627714,0.5203214273716155,-0.03339232124484559,41.678150691028556,-37.743637798996204
S43A11T04,moving_support_variable_length,0.01,43013,0.5666666666666667,0.4350353368160756,0.8340830887999403,0.0003568547745922829,0.4674264214320115,0.958217638515552,0.46888902593544596,-0.03664934996130108,36.47532247034275,-9.969205378595206
S43A11T04,moving_support_variable_length,0.01,43013,0.6,0.4788105867492435,0.8087267409573585,-0.016966702352737922,0.4137683154921582,0.9589241156341589,0.4142269100012979,-0.03645295553299796,31.241616694292606,10.233641333604055
S43A11T04,moving_support_variable_length,0.01,43013,0.6333333333333333,0.5263506369234873,0.7791213381341402,-0.03209127350879236,0.3566190656290827,0.9586619576514271,0.35661908936126946,-0.03222137232163545,25.977272601541046,22.906849207579526
S43A11T04,moving_support_variable_length,0.01,43013,0.6666666666666666,0.5771898148426886,0.7456544070084805,-0.044675896814831084,0.2959288614140788,0.9575757527283982,0.29667827582777256,-0.023602018925206195,20.68256240392648,29.270734350135264
S43A11T04,moving_support_variable_length,0.01,43013,0.7,0.6306389694540767,0.7089268468634785,-0.05464962233568198,0.23165008883417537,0.9558523665819297,0.23581722179430872,-0.010513487061908227,15.357793039240947,31.636819986080177
S43A11T04,moving_support_variable_length,0.01,43013,0.7333333333333333,0.6858065331445398,0.6697305264382982,-0.06223362104279445,0.16373727817708283,0.9537005999736173,0.17770766238763352,0.006832412616579239,10.003307972017849,33.16161024023686
S43A11T04,moving_support_variable_length,0.01,43013,0.7666666666666667,0.7416365020753988,0.6290114783641252,-0.06794008880717113,0.0921470509867931,0.9513305570096522,0.13297556096275404,0.027931809092038448,4.619489039803175,37.45687857142646
S43A11T04,moving_support_variable_length,0.01,43013,0.8,0.7969614197666249,0.5878207056904733,-0.07254664107716732,0.01683806626118778,0.9489358184683873,0.12569400509003634,0.052014438073416186,-0.7932416586158223,48.09601914572322
S43A11T04,moving_support_variable_length,0.01,43013,0.8333333333333334,0.8505669134265599,0.5472558192475706,-0.07704719735816176,-0.06222903394748003,0.9466811286356959,0.16715524858905348,0.07809281831745832,-6.234419837702761,68.07816427877621
S43A11T04,moving_support_variable_length,0.01,43013,0.8666666666666667,0.9012630248438953,0.5083977109952353,-0.0825827820362551,-0.14509167937845158,0.9446972303507124,0.2371723385585091,0.105031510466882,-11.703537068364835,99.3275069433167
S43A11T04,moving_support_variable_length,0.01,43013,0.9,0.9479566648756524,0.4722471092776273,-0.09035793586127086,-0.23178542671349645,0.9430828748106126,0.32094153186645935,0.13163076393903858,-17.200038797294734,142.31001620320748
S43A11T04,moving_support_variable_length,0.01,43013,0.9333333333333333,0.9897191384195119,0.4396660582305844,-0.1015502299106118,-0.32234401490110054,0.9419122600147887,0.4130467975100409,0.15671705990701068,-22.723322351523187,195.8402609282761
S43A11T04,moving_support_variable_length,0.01,43013,0.9666666666666667,1.0258429170875636,0.4113290628874464,-0.11722141385105539,-0.4167994205304544,0.9412447140324164,0.511474725152109,0.1792320184345279,-28.27273493902037,257.12673674750147
S43A11T04,moving_support_variable_length,0.01,43013,1.0,1.0558826898479265,0.387687849769364,-0.1382388062794861,-0.5151819131401052,0.9411328099475568,0.6153683591018756,0.1983110618768334,-33.84757165808632,322.06773746727947
S43A11T04,moving_support_variable_length,0.01,43013,1.0333333333333334,1.0796771274423196,0.3689524791104205,-0.1652145721374075,-0.6175201103538994,0.9416255578916572,0.724318868092408,0.21334418946001624,-39.447073530307165,385.76762780796776
S43A11T04,moving_support_variable_length,0.01,43014,0.0,0.07206093053947751,0.9053179871130516,0.07206093053947751,0.9053179871130516,0.9081813890961666,0.9081813890967172,0.0,21.041354921655444,164.22627208775418
S43A11T04,moving_support_variable_length,0.01,43014,0.03333333333333333,0.08553418112561394,0.9024727832908892,0.0880439251983641,0.9018202358082941,0.9062313773890321,0.9058134927563475,0.0030830757138723235,15.522641088282196,143.37225182179037
S43A11T04,moving_support_variable_length,0.01,43014,0.06666666666666667,0.09974837101133982,0.9001469781439974,0.10829094636916736,0.8976228946311128,0.9049113431174591,0.9033184382620506,0.0070124198334181355,9.991497477726147,115.99893138662621
S43A11T04,moving_support_variable_length,0.01,43014,0.1,0.11453717019642132,0.8984976709119937,0.13231353020050074,0.8926455407029207,0.9044052644786138,0.9008063156542346,0.011334370901276446,4.448870756230938,83.97453274208422
S43A11T04,moving_support_variable_length,0.01,43014,0.13333333333333333,0.12976243112301666,0.8976218791970819,0.1595592479948155,0.8868063866607958,0.9048608644247393,0.8984257642980898,0.015533949761380601,-1.1043017940877382,49.532826237897794
S43A11T04,moving_support_variable_length,0.01,43014,0.16666666666666666,0.1453359041836333,0.8975350431258964,0.1894548459451919,0.8800222731903566,0.9063720080379503,0.8963634740560728,0.019077980409552824,-6.667094397893421,15.088816272465642
S43A11T04,moving_support_variable_length,0.01,43014,0.2,0.16123923161595408,0.89815351482764,0.2214538813460811,0.8722086689699768,0.9089649140136467,0.8948432458979201,0.02146270028614814,-12.238594830721034,-16.97031867583886
S43A11T04,moving_support_variable_length,0.01,43014,0.23333333333333334,0.17754017774261677,0.8992829372821619,0.25508504518423536,0.8632796785193069,0.9125903233549592,0.894124348449626,0.022262049874342545,-17.81790637188854,-44.50097803784064
S43A11T04,moving_support_variable_length,0.01,43014,0.26666666666666666,0.194403123486885,0.9006140916119619,0.2899971519522423,0.8531480583831514,0.9171229734885645,0.8944988748945181,0.02117262244718088,-23.404149654363817,-65.80660818595582
S43A11T04,moving_support_variable_length,0.01,43014,0.3,0.21209209818440222,0.9017273252345833,0.32599687164343233,0.8417252420112211,0.9223686797758237,0.8962878042102542,0.018051348967439873,-28.99646440059179,-79.8103514271493
S43A11T04,moving_support_variable_length,0.01,43014,0.3333333333333333,0.2309650446498879,0.902106097322929,0.36307566882301456,0.8289213736159391,0.9280782788995986,0.8998355190763719,0.012942383125826872,-34.59401103424798,-86.18006217859099
S43A11T04,moving_support_variable_length,0.01,43014,0.36666666666666664,0.251458604010764,0.9011595295877596,0.4014230773244241,0.8146453512053027,0.9339668596472529,0.9055026455224063,0.006090315202859468,-40.195972158933955,-85.39178778644623
S43A11T04,moving_support_variable_length,0.01,43014,0.4,0.27406343895783974,0.898253167662246,0.44142434262379837,0.7988048788969397,0.9397362135090868,0.9136572634517184,-0.0020622530107577593,-45.80155389594279,-78.72182946455402
S43A11T04,moving_support_variable_length,0.01,43014,0.43333333333333335,0.2992909441238277,0.8927464799620665,0.48364156326076524,0.7813065285242564,0.9450982774875581,0.9246647821849195,-0.010893640640291639,-51.40998707439311,-68.16260350394153
S43A11T04,moving_support_variable_length,0.01,43014,0.4666666666666667,0.32763305931296205,0.8840349871725856,0.5287787028883045,0.762055810447374,0.949797428552308,0.9388770467759157,-0.019638155646387923,-57.020528268238124,-56.263698682582955
S43A11T04,moving_support_variable_length,0.01,43014,0.5,0.35951772990861297,0.8715943704498761,0.5776321573075915,0.740957253381938,0.9536297167289541,0.9566214814094811,-0.027435613569162885,-62.632460675887636,-45.90662918182274
S43A11T04,moving_support_variable_length,0.01,43014,0.5333333333333333,0.3952632645398912,0.855023498097745,0.6310298619872671,0.7179144929594218,0.9564574185627714,0.9781912168758778,-0.03339232124484559,-68.24509483942191,-40.02940607377354
S43A11T04,moving_support_variable_length,0.01,43014,0.5666666666666667,0.4350353368160756,0.8340830887999403,0.6897631152106027,0.6928303686348841,0.958217638515552,1.0038371328362345,-0.03664934996130108,-73.85776920161177,-41.32446631042217
S43A11T04,moving_support_variable_length,0.01,43014,0.6,0.4788105867492435,0.8087267409573585,0.7545162589452514,0.6656070284638593,0.9589241156341589,1.0337625523270941,-0.03645295553299796,-79.46985050017646,-51.93970902985737
S43A11T04,moving_support_variable_length,0.01,43014,0.6333333333333333,0.5263506369234873,0.7791213381341402,0.8257999899533961,0.6361460411807544,0.9586619576514271,1.0681209874500392,-0.03222137232163545,-85.0807339998941,-73.21627129308325
S43A11T04,moving_support_variable_length,0.01,43014,0.6666666666666666,0.5771898148426886,0.7456544070084805,0.9038942629360383,0.6043485149282535,0.9575757527283982,1.1070169286706588,-0.023602018925206195,-90.68984356432357,-105.49715921450706
S43A11T04,moving_support_variable_length,0.01,43014,0.7,0.6306389694540767,0.7089268468634785,0.9888064136779962,0.5701152219121852,0.9558523665819297,1.150509291692941,-0.010513487061908227,-96.29663156998308,-148.03708471861424
S43A11T04,moving_support_variable_length,0.01,43014,0.7333333333333333,0.6858065331445398,0.6697305264382982,1.0802492279328293,0.5333467281902879,0.9537005999736173,1.1986168661736598,0.006832412616579239,-101.90057866685795,-199.03535172819306
S43A11T04,moving_support_variable_length,0.01,43014,0.7666666666666667,0.7416365020753988,0.6290114783641252,1.1776422168161909,0.49394352774738637,0.9513305570096522,1.2513249898542624,0.027931809092038448,-107.50119339006363,-255.8004298649978
S43A11T04,moving_support_variable_length,0.01,43014,0.8,0.7969614197666249,0.5878207056904733,1.2801374023029293,0.4518061799644927,0.9489358184683873,1.3085926942800015,0.052014438073416186,-113.09801162837252,-315.03777699722247
S43A11T04,moving_support_variable_length,0.01,43014,0.8333333333333334,0.8505669134265599,0.5472558192475706,1.3866686129714163,0.40683544955594275,0.9466811286356959,1.3703596948869388,0.07809281831745832,-118.6905959561074,-373.23340421462905
S43A11T04,moving_support_variable_length,0.01,43014,0.8666666666666667,0.9012630248438953,0.5083977109952353,1.4960208627283706,0.35893244802724744,0.9446972303507124,1.4365527767376556,0.105031510466882,-124.27853483562215,-427.0876047040187
S43A11T04,moving_support_variable_length,0.01,43014,0.9,0.9479566648756524,0.4722471092776273,1.6069141174938375,0.30799877569709955,0.9430828748106126,1.507091310806285,0.13163076393903858,-129.86144169821236,-473.93991462657397
S43A11T04,moving_support_variable_length,0.01,43014,0.9333333333333333,0.9897191384195119,0.4396660582305844,1.7180939573437395,0.2539366633298582,0.9419122600147887,1.581891793022913,0.15671705990701068,-135.43895391184472,-512.1213881527843
S43A11T04,moving_support_variable_length,0.01,43014,0.9666666666666667,1.0258429170875636,0.4113290628874464,1.8284206016401248,0.19664911243957428,0.9412447140324164,1.6608714147699561,0.1792320184345279,-141.01073164453993,-541.1761793246403
S43A11T04,moving_support_variable_length,0.01,43014,1.0,1.0558826898479265,0.387687849769364,1.9369476887476007,0.1360400333527496,0.9411328099475568,1.7439507478630747,0.1983110618768334,-146.57645663261692,-561.9116672922204
S43A11T04,moving_support_variable_length,0.01,43014,1.0333333333333334,1.0796771274423196,0.3689524791104205,2.0429831647565564,0.0720143801538472,0.9416255578916572,1.8310556656950976,0.21334418946001624,-152.1358308632854,-576.262719692635
S43A11T04,moving_support_variable_length,0.1,43013,0.0,0.07206093053947751,0.9053179871130516,0.07206093053947751,0.9053179871130516,0.9081813890961666,0.9081813890967172,0.0,193.82659739906373,-230.9854735631009
S43A11T04,moving_support_variable_length,0.1,43013,0.03333333333333333,0.08553418112561394,0.9024727832908892,0.08564046668085386,0.9007135686292034,0.9062313773890321,0.9044891682695984,0.0030830757138723235,186.97662099009477,-247.11046418889228
S43A11T04,moving_support_variable_length,0.1,43013,0.06666666666666667,0.09974837101133982,0.9001469781439974,0.09867175993032745,0.8931315693358294,0.9049113431174591,0.8978226076304173,0.0070124198334181355,180.09329760209343,-266.5565294726073
S43A11T04,moving_support_variable_length,0.1,43013,0.1,0.11453717019642132,0.8984976709119937,0.11066386296234917,0.8824006803759941,0.9044052644786138,0.8879737094768785,0.011334370901276446,173.17677331282394,-287.32707958322226
S43A11T04,moving_support_variable_length,0.1,43013,0.13333333333333333,0.12976243112301666,0.8976218791970819,0.12106910896726601,0.8683563758469635,0.9048608644247393,0.8747459432907845,0.015533949761380601,166.22721095569352,-307.05405692928565
S43A11T04,moving_support_variable_length,0.1,43013,0.16666666666666666,0.1453359041836333,0.8975350431258964,0.12932604933590228,0.8508408949521866,0.9063720080379503,0.8579538829249664,0.019077980409552824,159.2447919622737,-323.2440197618447
S43A11T04,moving_support_variable_length,0.1,43013,0.2,0.16123923161595408,0.89815351482764,0.1349068693155094,0.8297031974436013,0.9089649140136467,0.8374228175395616,0.02146270028614814,152.22971822761767,-333.5530762754186
S43A11T04,moving_support_variable_length,0.1,43013,0.23333333333333334,0.17754017774261677,0.8992829372821619,0.13736547364485557,0.8047988949055485,0.9125903233549592,0.8129883513346832,0.022262049874342545,145.1822139919517,-336.0609393650466
S43A11T04,moving_support_variable_length,0.1,43013,0.26666666666666666,0.194403123486885,0.9006140916119619,0.1363822250417617,0.775990160415802,0.9171229734885645,0.7844960048293066,0.02117262244718088,138.1025277320631,-329.5130758908101
S43A11T04,moving_support_variable_length,0.1,43013,0.3,0.21209209818440222,0.9017273252345833,0.13180141245165733,0.7431456190738926,0.9223686797758237,0.7518008300689636,0.018051348967439873,130.99093405546668,-313.50163853175246
S43A11T04,moving_support_variable_length,0.1,43013,0.3333333333333333,0.2309650446498879,0.902106097322929,0.12365791581367738,0.706140221815789,0.9280782788995986,0.7147670543928323,0.012942383125826872,123.84773559021711,-288.560481361759
S43A11T04,moving_support_variable_length,0.1,43013,0.36666666666666664,0.251458604010764,0.9011595295877596,0.11219019766274571,0.6648551048409507,0.9339668596472529,0.6732677739889777,0.006090315202859468,116.67326486304452,-256.1567956587453
S43A11T04,moving_support_variable_length,0.1,43013,0.4,0.27406343895783974,0.898253167662246,0.09783765529629077,0.6191774368665003,0.9397362135090868,0.627184733555693,-0.0020622530107577593,109.46788615832483,-218.57138325197084
S43A11T04,moving_support_variable_length,0.1,43013,0.43333333333333335,0.2992909441238277,0.8927464799620665,0.08122146645630313,0.5690002562974575,0.9450982774875581,0.576408262105072,-0.010893640640291639,102.23199735026168,-178.67085997812129
S43A11T04,moving_support_variable_length,0.1,43013,0.4666666666666667,0.32763305931296205,0.8840349871725856,0.06310930160096885,0.5142223002651289,0.949797428552308,0.5208375137908785,-0.019638155646387923,94.96603170054804,-139.58754699199415
S43A11T04,moving_support_variable_length,0.1,43013,0.5,0.35951772990861297,0.8715943704498761,0.044365588525544786,0.4547478273411449,0.9536297167289541,0.4603813626709239,-0.027435613569162885,87.67045961370258,-104.33555371747337
S43A11T04,moving_support_variable_length,0.1,43013,0.5333333333333333,0.3952632645398912,0.855023498097745,0.02589031615204812,0.39048643558535445,0.9564574185627714,0.3949608682817663,-0.03339232124484559,80.34579034222881,-75.40326436282893
S43A11T04,moving_support_variable_length,0.1,43013,0.5666666666666667,0.4350353368160756,0.8340830887999403,0.008550553872261432,0.32135287743461993,0.958217638515552,0.32451610613815945,-0.03664934996130108,72.99257363373401,-54.37142024515132
S43A11T04,moving_support_variable_length,0.1,43013,0.6,0.4788105867492435,0.8087267409573585,-0.006890170294732517,0.24726687278897141,0.9589241156341589,0.24902783910816312,-0.03645295553299796,65.61140131216357,-41.610383744452086
S43A11T04,moving_support_variable_length,0.1,43013,0.6333333333333333,0.5263506369234873,0.7791213381341402,-0.019838859116175542,0.16815292150380834,0.9586619576514271,0.16860821938609433,-0.03222137232163545,58.20290878535411,-36.10826286282439
S43A11T04,moving_support_variable_length,0.1,43013,0.6666666666666666,0.5771898148426886,0.7456544070084805,-0.02993044030616038,0.08394011635371035,0.9575757527283982,0.0841783348115734,-0.023602018925206195,50.767776471190835,-35.47214314372137
S43A11T04,moving_support_variable_length,0.1,43013,0.7,0.6306389694540767,0.7089268468634785,-0.037069936498364806,-0.005438042603500337,0.9558523665819297,0.027107513995727448,-0.010513487061908227,43.3067311347567,-36.127292310836246
S43A11T04,moving_support_variable_length,0.1,43013,0.7333333333333333,0.6858065331445398,0.6697305264382982,-0.041454684383142204,-0.10004383146326123,0.9537005999736173,0.11108740680882746,0.006832412616579239,35.82054712899818,-33.714546250220664
S43A11T04,moving_support_variable_length,0.1,43013,0.7666666666666667,0.7416365020753988,0.6290114783641252,-0.043573341389032474,-0.19993548303324782,0.9513305570096522,0.21233742939495787,0.027931809092038448,28.310047531581503,-23.656188516306884
S43A11T04,moving_support_variable_length,0.1,43013,0.8,0.7969614197666249,0.5878207056904733,-0.04418037551761231,-0.30516736394874266,0.9489358184683873,0.3199696269683063,0.052014438073416186,20.77610517079083,-1.8292705642565785
S43A11T04,moving_support_variable_length,0.1,43013,0.8333333333333334,0.8505669134265599,0.5472558192475706,-0.04424703744717404,-0.4157901478808892,0.9466811286356959,0.43341491366163526,0.07809281831745832,13.219643533508421,34.74230586872751
S43A11T04,moving_support_variable_length,0.1,43013,0.8666666666666667,0.9012630248438953,0.5083977109952353,-0.0448922414853937,-0.5318509844672255,0.9446972303507124,0.5525781402473359,0.105031510466882,5.641637548519479,87.28310951015432
S43A11T04,moving_support_variable_length,0.1,43013,0.9,0.9479566648756524,0.4722471092776273,-0.04729904975940061,-0.6533936636771787,0.9430828748106126,0.6774504837732749,0.13163076393903858,-1.9568857614040458,154.85663079481742
S43A11T04,moving_support_variable_length,0.1,43013,0.9333333333333333,0.9897191384195119,0.4396660582305844,-0.052624251569233005,-0.7804587753990708,0.9419122600147887,0.8080468332893898,0.15671705990701068,-9.574846764969413,234.24044323823853
S43A11T04,moving_support_variable_length,0.1,43013,0.9666666666666667,1.0258429170875636,0.4113290628874464,-0.0619095698541941,-0.9130838640999068,0.9412447140324164,0.9443894368760297,0.1792320184345279,-17.211112851487183,320.13790469705236
S43A11T04,moving_support_variable_length,0.1,43013,1.0,1.0558826898479265,0.387687849769364,-0.07600310271065741,-1.0513035784653373,0.9411328099475568,1.0865024045018752,0.1983110618768334,-24.864498209543612,405.725718191678
S43A11T04,moving_support_variable_length,0.1,43013,1.0333333333333334,1.0796771274423196,0.3689524791104205,-0.0954986451363726,-1.1951498159751546,0.9416255578916572,1.2344095670027748,0.21334418946001624,-32.53376376089016,483.4786840745152
S43A11T04,moving_support_variable_length,0.1,43014,0.0,0.07206093053947751,0.9053179871130516,0.07206093053947751,0.9053179871130516,0.9081813890961666,0.9081813890967172,0.0,110.82389412115697,68.91478538545374
S43A11T04,moving_support_variable_length,0.1,43014,0.03333333333333333,0.08553418112561394,0.9024727832908892,0.08792681595219222,0.900991178746831,0.9062313773890321,0.9049771071348884,0.0030830757138723235,105.1605927668966,51.09720128904283
S43A11T04,moving_support_variable_length,0.1,43014,0.06666666666666667,0.09974837101133982,0.9001469781439974,0.10785068433477418,0.8943338236844429,0.9049113431174591,0.9000007465411801,0.0070124198334181355,99.47563289747318,26.854332561238746
S43A11T04,moving_support_variable_length,0.1,43014,0.1,0.11453717019642132,0.8984976709119937,0.13138714790976366,0.8853077727654532,0.9044052644786138,0.8934106120857178,0.011334370901276446,93.76943420537057,-1.8589936232807958
S43A11T04,moving_support_variable_length,0.1,43014,0.13333333333333333,0.12976243112301666,0.8976218791970819,0.15802783608114027,0.8738756215639304,0.9048608644247393,0.8854169128739603,0.015533949761380601,88.04240996088802,-32.727640542552514
S43A11T04,moving_support_variable_length,0.1,43014,0.16666666666666666,0.1453359041836333,0.8975350431258964,0.18724439742723334,0.8600007683142845,0.9063720080379503,0.8762883459881935,0.019077980409552824,82.29496700166233,-63.30263043089428
S43A11T04,moving_support_variable_length,0.1,43014,0.2,0.16123923161595408,0.89815351482764,0.21853598828936707,0.8436474660751425,0.9089649140136467,0.8663595834642844,0.02146270028614814,76.5275058035151,-91.24984040689154
S43A11T04,moving_support_variable_length,0.1,43014,0.23333333333333334,0.17754017774261677,0.8992829372821619,0.2514774396791369,0.8247808648484145,0.9125903233549592,0.8560392338815216,0.022262049874342545,70.74042063399403,-114.59545836961219
S43A11T04,moving_support_variable_length,0.1,43014,0.26666666666666666,0.194403123486885,0.9006140916119619,0.28576408579198487,0.8033670381212026,0.9171229734885645,0.8458174982911967,0.02117262244718088,64.93409978947226,-131.9426954017773
S43A11T04,moving_support_variable_length,0.1,43014,0.3,0.21209209818440222,0.9017273252345833,0.3212493322870411,0.7793729867695381,0.9223686797758237,0.836272246099405,0.018051348967439873,59.10892591614642,-142.63648367519565
S43A11T04,moving_support_variable_length,0.1,43014,0.3333333333333333,0.2309650446498879,0.902106097322929,0.3579714333345724,0.7527666114032905,0.9280782788995986,0.8280716253637372,0.012942383125826872,53.26527641474352,-146.8571336076265
S43A11T04,moving_support_variable_length,0.1,43014,0.36666666666666664,0.251458604010764,0.9011595295877596,0.3961666111657202,0.7235166419828993,0.9339668596472529,0.8219707098792002,0.006090315202859468,47.40352392820766,-145.6298443724052
S43A11T04,moving_support_variable_length,0.1,43014,0.4,0.27406343895783974,0.898253167662246,0.43626655664291764,0.6915925108376474,0.9397362135090868,0.8187993322054735,-0.0020622530107577593,41.52403691109405,-140.74420676507913
S43A11T04,moving_support_variable_length,0.1,43014,0.43333333333333335,0.2992909441238277,0.8927464799620665,0.47887945019246825,0.6569641519963855,0.9450982774875581,0.8194385745821371,-0.010893640640291639,35.62718027885882,-134.58607662945303
S43A11T04,moving_support_variable_length,0.1,43014,0.4666666666666667,0.32763305931296205,0.8840349871725856,0.524754884417314,0.6196017059419748,0.949797428552308,0.824784854417808,-0.019638155646387923,29.713316134688636,-129.8930608234247
S43A11T04,moving_support_variable_length,0.1,43014,0.5,0.35951772990861297,0.8715943704498761,0.5747343845180369,0.5794751044687474,0.9536297167289541,0.8357033584331248,-0.027435613569162885,23.78280457098785,-129.4538061007579
S43A11T04,moving_support_variable_length,0.1,43014,0.5333333333333333,0.3952632645398912,0.855023498097745,0.6296905261143996,0.5365535052325581,0.9564574185627714,0.8529762754264556,-0.03339232124484559,17.836004542113532,-135.77950147867713
S43A11T04,moving_support_variable_length,0.1,43014,0.5666666666666667,0.4350353368160756,0.8340830887999403,0.6904588422953407,0.4908045398590699,0.958217638515552,0.8772544782410603,-0.03664934996130108,11.873274804443042,-150.78241996618527
S43A11T04,moving_support_variable_length,0.1,43014,0.6,0.4788105867492435,0.8087267409573585,0.7577676814884922,0.442193333225263,0.9589241156341589,0.9090222022704891,-0.03645295553299796,5.894974919363036,-175.49973244868323
S43A11T04,moving_support_variable_length,0.1,43014,0.6333333333333333,0.5263506369234873,0.7791213381341402,0.832171811084634,0.3906812449952275,0.9586619576514271,0.9485817891522299,-0.03222137232163545,-0.09853368570265714,-209.90011687860755
S43A11T04,moving_support_variable_length,0.1,43014,0.6666666666666666,0.5771898148426886,0.7456544070084805,0.9139957538541419,0.3362242781279704,0.9575757527283982,0.9960604141940732,-0.023602018925206195,-6.106886603561845,-252.80508309113867
S43A11T04,moving_support_variable_length,0.1,43014,0.7,0.6306389694540767,0.7089268468634785,1.0032925127508738,0.2787710936506538,0.9558523665819297,1.0514351753258857,-0.010513487061908227,-12.129715286581893,-301.9461864235248
S43A11T04,moving_support_variable_length,0.1,43014,0.7333333333333333,0.6858065331445398,0.6697305264382982,1.0998224388705504,0.21826056772737312,0.9537005999736173,1.1145693665790084,0.006832412616579239,-18.16664584523771,-354.163836269965
S43A11T04,moving_support_variable_length,0.1,43014,0.7666666666666667,0.7416365020753988,0.6290114783641252,1.2030555319457177,0.1546188278036673,0.9513305570096522,1.1852521866361905,0.027931809092038448,-24.217297812410703,-405.7344689040491
S43A11T04,moving_support_variable_length,0.1,43014,0.8,0.7969614197666249,0.5878207056904733,1.312198502159344,0.08775571206146693,0.9489358184683873,1.2632359005255278,0.052014438073416186,-30.281282880305955,-452.7926735936204
S43A11T04,moving_support_variable_length,0.1,43014,0.8333333333333334,0.8505669134265599,0.5472558192475706,1.4262456105006627,0.017560614323045343,0.9466811286356959,1.3482671568527407,0.07809281831745832,-36.35820361715678,-491.7966556577443
S43A11T04,moving_support_variable_length,0.1,43014,0.8666666666666667,0.9012630248438953,0.5083977109952353,1.5440498624827774,-0.05610229014030221,0.9446972303507124,1.4401115527619832,0.105031510466882,-42.44765217115125,-519.9730623365356
S43A11T04,moving_support_variable_length,0.1,43014,0.9,0.9479566648756524,0.4722471092776273,1.6644088376598347,-0.13339938752190872,0.9430828748106126,1.5385720717182718,0.13163076393903858,-48.54920896924006,-535.6744148234319
S43A11T04,moving_support_variable_length,0.1,43014,0.9333333333333333,0.9897191384195119,0.4396660582305844,1.7861576025096217,-0.2145334031643069,0.9419122600147887,1.643502681151251,0.15671705990701068,-54.66244141867037,-538.5916531977443
S43A11T04,moving_support_variable_length,0.1,43014,0.9666666666666667,1.0258429170875636,0.4113290628874464,1.908260061071471,-0.2997493608816817,0.9412447140324164,1.7548184098575315,0.1792320184345279,-60.786902619232414,-529.7857380259852
S43A11T04,moving_support_variable_length,0.1,43014,1.0,1.0558826898479265,0.387687849769364,2.0298899506991086,-0.38934031121138024,0.9411328099475568,1.87250289823931,0.1983110618768334,-66.9221300943023,-511.53296637725816
S43A11T04,moving_support_variable_length,0.1,43014,1.0333333333333334,1.0796771274423196,0.3689524791104205,2.1504935646137695,-0.4836522167741977,0.9416255578916572,1.996613925737816,0.21334418946001624,-73.067644548815,-487.01278954029965
S43A11T04,moving_support_variable_length,1.0,43013,0.0,0.07206093053947751,0.9053179871130516,0.07206093053947751,0.9053179871130516,0.9081813890961666,0.9081813890967172,0.0,235.69602226821266,-217.28635115152807
S43A11T04,moving_support_variable_length,1.0,43013,0.03333333333333333,0.08553418112561394,0.9024727832908892,0.08631043783727217,0.9015075693498089,0.9062313773890321,0.9053412016483178,0.0030830757138723235,228.2831082380719,-226.05865714497244
S43A11T04,moving_support_variable_length,1.0,43013,0.06666666666666667,0.09974837101133982,0.9001469781439974,0.1014698762606114,0.8963199993969475,0.9049113431174591,0.9012833918333563,0.0070124198334181355,220.8189933957978,-238.6759479430184
S43A11T04,moving_support_variable_length,1.0,43013,0.1,0.11453717019642132,0.8984976709119937,0.11723082549740971,0.8895989270908609,0.9044052644786138,0.8958796292908113,0.011334370901276446,213.30454363211226,-253.58976358015894
S43A11T04,moving_support_variable_length,1.0,43013,0.13333333333333333,0.12976243112301666,0.8976218791970819,0.13323188339162748,0.8811904254884808,0.9048608644247393,0.8890159557366785,0.015533949761380601,205.7407014520019,-268.853612279182
S43A11T04,moving_support_variable_length,1.0,43013,0.16666666666666666,0.1453359041836333,0.8975350431258964,0.14909819278407863,0.8709435804832929,0.9063720080379503,0.8805952396032896,0.019077980409552824,198.12848781387035,-282.32386700424246
S43A11T04,moving_support_variable_length,1.0,43013,0.2,0.16123923161595408,0.89815351482764,0.1644860874453046,0.8587109621069964,0.9089649140136467,0.870540180415701,0.02146270028614814,190.469003673699,-291.8915938708499
S43A11T04,moving_support_variable_length,1.0,43013,0.23333333333333334,0.17754017774261677,0.8992829372821619,0.1791289989528189,0.8443489892247366,0.9125903233549592,0.8587970978752918,0.022262049874342545,182.7634312116769,-295.722386181974
S43A11T04,moving_support_variable_length,1.0,43013,0.26666666666666666,0.194403123486885,0.9006140916119619,0.19288053917704143,0.8277182018473166,0.9171229734885645,0.8453407776382634,0.02117262244718088,175.01303472052828,-292.47989859225555
S43A11T04,moving_support_variable_length,1.0,43013,0.3,0.21209209818440222,0.9017273252345833,0.2057507607469965,0.808683455749098,0.9223686797758237,0.8301807036938975,0.018051348967439873,167.2191611368281,-281.50937895165305
S43A11T04,moving_support_variable_length,1.0,43013,0.3333333333333333,0.2309650446498879,0.902106097322929,0.217931988769876,0.787114053299135,0.9280782788995986,0.813369086776782,0.012942383125826872,159.3832401989585,-262.9600715824728
S43A11T04,moving_support_variable_length,1.0,43013,0.36666666666666664,0.251458604010764,0.9011595295877596,0.22981128595175018,0.7628838229588714,0.9339668596472529,0.7950111949439257,0.006090315202859468,151.50678421798304,-237.82981082106784
S43A11T04,moving_support_variable_length,1.0,43013,0.4,0.27406343895783974,0.898253167662246,0.2419675241164773,0.735871158157422,0.9397362135090868,0.7752785909166546,-0.0020622530107577593,143.59138745060045,-207.92128476735846
S43A11T04,moving_support_variable_length,1.0,43013,0.43333333333333335,0.2992909441238277,0.8927464799620665,0.2551521425378703,0.705959024468353,0.9450982774875581,0.7544259426717709,-0.010893640640291639,135.63872506644407,-175.70715387056836
S43A11T04,moving_support_variable_length,1.0,43013,0.4666666666666667,0.32763305931296205,0.8840349871725856,0.27025392174189933,0.6730349423231232,0.949797428552308,0.7328120155410843,-0.019638155646387923,127.65055170528693,-144.11020327688308
S43A11T04,moving_support_variable_length,1.0,43013,0.5,0.35951772990861297,0.8715943704498761,0.28824942169202084,0.6369909509819269,0.9536297167289541,0.710925110768859,-0.027435613569162885,119.62869962316385,-116.21451681310282
S43A11T04,moving_support_variable_length,1.0,43013,0.5333333333333333,0.3952632645398912,0.855023498097745,0.3101420411213597,0.5977235581754295,0.9564574185627714,0.6894122932797553,-0.03339232124484559,111.5750764299765,-94.93346491892133
S43A11T04,moving_support_variable_length,1.0,43013,0.5666666666666667,0.4350353368160756,0.8340830887999403,0.33689385026556484,0.5551336787373196,0.958217638515552,0.6691097994388947,-0.03664934996130108,103.49166242476744,-82.66891801421876
S43A11T04,moving_support_variable_length,1.0,43013,0.6,0.4788105867492435,0.8087267409573585,0.3693553211886216,0.509126564658853,0.9589241156341589,0.6510685188965104,-0.03645295553299796,95.38050753848142,-81.00210588776199
S43A11T04,moving_support_variable_length,1.0,43013,0.6333333333333333,0.5263506369234873,0.7791213381341402,0.4081987144962425,0.45961172829558555,0.9586619576514271,0.6365632676023039,-0.03222137232163545,87.24372789762435,-90.45849524959146
S43A11T04,moving_support_variable_length,1.0,43013,0.6666666666666666,0.5771898148426886,0.7456544070084805,0.45386107395359115,0.406502859922161,0.9575757527283982,0.6270690394105605,-0.023602018925206195,79.08350202572733,-110.38574118367272
S43A11T04,moving_support_variable_length,1.0,43013,0.7,0.6306389694540767,0.7089268468634785,0.5065024494947602,0.3497177404409235,0.9558523665819297,0.624185851036111,-0.010513487061908227,70.90206670287826,-138.97444994965542
S43A11T04,moving_support_variable_length,1.0,43013,0.7333333333333333,0.6858065331445398,0.6697305264382982,0.5659840691190783,0.28917814978173617,0.9537005999736173,0.629503437068994,0.006832412616579239,62.70171250673552,-173.43612666628738
S43A11T04,moving_support_variable_length,1.0,43013,0.7666666666666667,0.7416365020753988,0.6290114783641252,0.6318697169525365,0.22480977136220148,0.9513305570096522,0.6444225553562203,0.027931809092038448,54.48477906134792,-210.33215249950345
S43A11T04,moving_support_variable_length,1.0,43013,0.8,0.7969614197666249,0.5878207056904733,0.70345161892762,0.15654209288913845,0.9489358184683873,0.6699819605380314,0.052014438073416186,46.2536500227191,-246.02400721114756
S43A11T04,moving_support_variable_length,1.0,43013,0.8333333333333334,0.8505669134265599,0.5472558192475706,0.7797998350934873,0.08430830375502463,0.9466811286356959,0.7067535832776256,0.07809281831745832,38.01074783233738,-277.1916151091639
S43A11T04,moving_support_variable_length,1.0,43013,0.8666666666666667,0.9012630248438953,0.5083977109952353,0.8598317308912176,0.008045189300194933,0.9446972303507124,0.7548430948379282,0.105031510466882,29.758528271808917,-301.3481207902954
S43A11T04,moving_support_variable_length,1.0,43013,0.9,0.9479566648756524,0.4722471092776273,0.9423958324836712,-0.0723069777421822,0.9430828748106126,0.8139829822566262,0.13163076393903858,21.499474853253044,-317.27036077797067
S43A11T04,moving_support_variable_length,1.0,43013,0.9333333333333333,0.9897191384195119,0.4396660582305844,1.026362574076682,-0.15680454823904677,0.9419122600147887,0.8836690481537098,0.15671705990701068,13.236093081226382,-325.26860241708
S43A11T04,moving_support_variable_length,1.0,43013,0.9666666666666667,1.0258429170875636,0.4113290628874464,1.1107134053907775,-0.24550060964171982,0.9412447140324164,0.9632902592580257,0.1792320184345279,4.970904622625663,-327.23829826829564
S43A11T04,moving_support_variable_length,1.0,43013,1.0,1.0558826898479265,0.387687849769364,1.1946196515942669,-0.3384451004516482,0.9411328099475568,1.0522242593503857,0.1983110618768334,-3.293558578727123,-326.46890066223733
S43A11T04,moving_support_variable_length,1.0,43013,1.0333333333333334,1.0796771274423196,0.3689524791104205,1.2775034808353467,-0.43568492560544714,0.9416255578916572,1.149894061129663,0.21334418946001624,-11.554760206282058,-327.22496012904844
S43A11T04,moving_support_variable_length,1.0,43014,0.0,0.07206093053947751,0.9053179871130516,0.07206093053947751,0.9053179871130516,0.9081813890961666,0.9081813890967172,0.0,209.89216560180856,-46.69056530252365
S43A11T04,moving_support_variable_length,1.0,43014,0.03333333333333333,0.08553418112561394,0.9024727832908892,0.0877777823539215,0.9012637070394889,0.9062313773890321,0.9052344795468219,0.0030830757138723235,201.90970674789696,-61.992054961236185
S43A11T04,moving_support_variable_length,1.0,43014,0.06666666666666667,0.09974837101133982,0.9001469781439974,0.10726126222046217,0.8954428399385627,0.9049113431174591,0.9010370192162921,0.0070124198334181355,193.8501427037923,-83.58890131698718
S43A11T04,moving_support_variable_length,1.0,43014,0.1,0.11453717019642132,0.8984976709119937,0.13007543286920337,0.8878465925940927,0.9044052644786138,0.8957516462609555,0.011334370901276446,185.7137685562479,-109.60326409699397
S43A11T04,moving_support_variable_length,1.0,43014,0.13333333333333333,0.12976243112301666,0.8976218791970819,0.15572041743848586,0.878468237187115,0.9048608644247393,0.8895834359223542,0.015533949761380601,177.50093287553292,-137.802309676002
S43A11T04,moving_support_variable_length,1.0,43014,0.16666666666666666,0.1453359041836333,0.8975350431258964,0.18367521450943503,0.8673031297979943,0.9063720080379503,0.8827836475783452,0.019077980409552824,169.21204484864057,-165.80909820886563
S43A11T04,moving_support_variable_length,1.0,43014,0.2,0.16123923161595408,0.89815351482764,0.2134449752755123,0.8543486901808736,0.9089649140136467,0.8756534007955808,0.02146270028614814,160.84758200961082,-191.33383001227065
S43A11T04,moving_support_variable_length,1.0,43014,0.23333333333333334,0.17754017774261677,0.8992829372821619,0.24460893675767661,0.8396043278324021,0.9125903233549592,0.8685468124531975,0.022262049874342545,152.40809854436503,-212.4025544630626
S43A11T04,moving_support_variable_length,1.0,43014,0.26666666666666666,0.194403123486885,0.9006140916119619,0.2768649989509091,0.8230712950882327,0.9171229734885645,0.8618729304261418,0.02117262244718088,143.8942341355472,-227.56066879690283
S43A11T04,moving_support_variable_length,1.0,43014,0.3,0.21209209818440222,0.9017273252345833,0.31006703197714275,0.8047524426911952,0.9223686797758237,0.8560955864516933,0.018051348967439873,135.30672329990566,-236.03068942740077
S43A11T04,moving_support_variable_length,1.0,43014,0.3333333333333333,0.2309650446498879,0.902106097322929,0.3442513946152589,0.7846518468188575,0.9280782788995986,0.8517301108986041,0.012942383125826872,126.6464051568296,-237.8075768395013
S43A11T04,moving_support_variable_length,1.0,43014,0.36666666666666664,0.251458604010764,0.9011595295877596,0.3796498161581408,0.7627742687783384,0.9339668596472529,0.8493357909951091,0.006090315202859468,117.91423355194439,-233.67998785934606
S43A11T04,moving_support_variable_length,1.0,43014,0.4,0.27406343895783974,0.898253167662246,0.41668670582708855,0.7391243993533793,0.9397362135090868,0.849503130216878,-0.0020622530107577593,109.11128744436999,-225.17187514792795
S43A11T04,moving_support_variable_length,1.0,43014,0.43333333333333335,0.2992909441238277,0.8927464799620665,0.45596006416879786,0.7137058290919619,0.9450982774875581,0.8528355012397274,-0.010893640640291639,100.23878145060876,-214.4055662972612
S43A11T04,moving_support_variable_length,1.0,43014,0.4666666666666667,0.32763305931296205,0.8840349871725856,0.49820642420457284,0.6865196737956439,0.949797428552308,0.8599257359740407,-0.019638155646387923,91.29807642237617,-203.894561438288
S43A11T04,moving_support_variable_length,1.0,43014,0.5,0.35951772990861297,0.8715943704498761,0.5442515781753832,0.6575627715720581,0.9536297167289541,0.8713294691236444,-0.027435613569162885,82.29068992038071,-196.2814226687708
S43A11T04,moving_support_variable_length,1.0,43014,0.5333333333333333,0.3952632645398912,0.855023498097745,0.5949501638407008,0.6268253550343728,0.9564574185627714,0.8875383396104348,-0.03339232124484559,73.21830643151537,-194.04274373067295
S43A11T04,moving_support_variable_length,1.0,43014,0.5666666666666667,0.4350353368160756,0.8340830887999403,0.6511183913498954,0.5942880914505748,0.958217638515552,0.9089569855770248,-0.03664934996130108,64.08278716361588,-199.18856518581822
S43A11T04,moving_support_variable_length,1.0,43014,0.6,0.4788105867492435,0.8087267409573585,0.713465174127137,0.5599183781252569,0.9589241156341589,0.93588770232137,-0.03645295553299796,54.886179240368676,-212.98696743700162
S43A11T04,moving_support_variable_length,1.0,43014,0.6333333333333333,0.5263506369234873,0.7791213381341402,0.7825275669783252,0.523665785409072,0.9586619576514271,0.9685255231017462,-0.03222137232163545,45.630724109653094,-235.74529436069065
S43A11T04,moving_support_variable_length,1.0,43014,0.6666666666666666,0.5771898148426886,0.7456544070084805,0.858616600352738,0.4854565638923984,0.9575757527283982,1.0069646307730458,-0.023602018925206195,36.31886497211961,-266.6772106773428
S43A11T04,moving_support_variable_length,1.0,43014,0.7,0.6306389694540767,0.7089268468634785,0.9417792391574161,0.4451871880728925,0.9558523665819297,1.0512150440492574,-0.010513487061908227,26.953253033682838,-303.87966379715857
S43A11T04,moving_support_variable_length,1.0,43014,0.7333333333333333,0.6858065331445398,0.6697305264382982,1.0317812279404128,0.40271701358454653,0.9537005999736173,1.1012270733437248,0.006832412616579239,17.536752386354788,-344.43628275450334
S43A11T04,moving_support_variable_length,1.0,43014,0.7666666666666667,0.7416365020753988,0.6290114783641252,1.1281139985829864,0.357860301293077,0.9513305570096522,1.1569204144260177,0.027931809092038448,8.072443326920977,-384.65453832016885
S43A11T04,moving_support_variable_length,1.0,43014,0.8,0.7969614197666249,0.5878207056904733,1.230026661432556,0.3103781338176991,0.9489358184683873,1.2182148350503295,0.052014438073416186,-1.4363760672461698,-420.43385438296576
S43A11T04,moving_support_variable_length,1.0,43014,0.8333333333333334,0.8505669134265599,0.5472558192475706,1.3365815044788143,0.25997113762558377,0.9466811286356959,1.2850598295781703,0.07809281831745832,-10.9861902711589,-447.7511127859704
S43A11T04,moving_support_variable_length,1.0,43014,0.8666666666666667,0.9012630248438953,0.5083977109952353,1.446728608005984,0.206274424840595,0.9446972303507124,1.357460953357101,0.105031510466882,-20.57326869997729,-463.23782239354875
S43A11T04,moving_support_variable_length,1.0,43014,0.9,0.9479566648756524,0.4722471092776273,1.5593924614539079,0.14885673329876603,0.9430828748106126,1.4355005370740623,0.13163076393903858,-30.193670272521143,-464.8070484886574
S43A11T04,moving_support_variable_length,1.0,43014,0.9333333333333333,0.9897191384195119,0.4396660582305844,1.6735612522293404,0.08722623696877219,0.9419122600147887,1.5193500979690997,0.15671705990701068,-39.84325024150715,-452.2639852493365
S43A11T04,moving_support_variable_length,1.0,43014,0.9666666666666667,1.0258429170875636,0.4113290628874464,1.788368254198622,0.020845671087332596,0.9412447140324164,1.6092712534725524,0.1792320184345279,-49.51766934693748,-427.79903707593263
S43A11T04,moving_support_variable_length,1.0,43014,1.0,1.0558826898479265,0.387687849769364,1.9031549526539497,-0.050841095658644364,0.9411328099475568,1.7056018025696467,0.1983110618768334,-59.21240531052983,-396.2210554294716
S43A11T04,moving_support_variable_length,1.0,43014,1.0333333333333334,1.0796771274423196,0.3689524791104205,2.017507567380292,-0.12837049045319615,0.9416255578916572,1.8087245442711537,0.21334418946001624,-68.9227666473233,-364.76064253917525
S43A11T04,moving_support_variable_length,10.0,43013,0.0,0.07206093053947751,0.9053179871130516,0.07206093053947751,0.9053179871130516,0.9081813890961666,0.9081813890967172,0.0,346.5022556936632,-317.7731797171318
S43A11T04,moving_support_variable_length,10.0,43013,0.03333333333333333,0.08553418112561394,0.9024727832908892,0.08643309112207978,0.9020029964764436,0.9062313773890321,0.9058458095735893,0.0030830757138723235,337.9854003302478,-333.0619991196019
S43A11T04,moving_support_variable_length,10.0,43013,0.06666666666666667,0.09974837101133982,0.9001469781439974,0.10188180140967804,0.8984860576713953,0.9049113431174591,0.9034807111341935,0.0070124198334181355,329.32646313152424,-351.96904197852956
S43A11T04,moving_support_variable_length,10.0,43013,0.1,0.11453717019642132,0.8984976709119937,0.11798538628155261,0.8948570059536386,0.9044052644786138,0.9011900466532874,0.011334370901276446,320.5223917898483,-372.93492445263223
S43A11T04,moving_support_variable_length,10.0,43013,0.13333333333333333,0.12976243112301666,0.8976218791970819,0.13427547608143806,0.8911736024293384,0.9048608644247393,0.899049464568386,0.015533949761380601,311.57012035060757,-394.046383684322
S43A11T04,moving_support_variable_length,10.0,43013,0.16666666666666666,0.1453359041836333,0.8975350431258964,0.1502763943317686,0.8874686467992406,0.9063720080379503,0.8971140523190908,0.019077980409552824,302.4665805141064,-413.19386788416955
S43A11T04,moving_support_variable_length,10.0,43013,0.2,0.16123923161595408,0.89815351482764,0.16554966408060345,0.8837558341455172,0.9089649140136467,0.895424719070645,0.02146270028614814,293.2087143901997,-428.2523619290588
S43A11T04,moving_support_variable_length,10.0,43013,0.23333333333333334,0.17754017774261677,0.8992829372821619,0.17973979532944426,0.8800344325856744,0.9125903233549592,0.8940133348284083,0.022262049874342545,283.79348881800416,-437.27048233964723
S43A11T04,moving_support_variable_length,10.0,43013,0.26666666666666666,0.194403123486885,0.9006140916119619,0.1926172686201287,0.8762929267314951,0.9171229734885645,0.8929068037270277,0.02117262244718088,274.2179113638302,-438.65298045260124
S43A11T04,moving_support_variable_length,10.0,43013,0.3,0.21209209818440222,0.9017273252345833,0.20411470842423507,0.872511796609906,0.9223686797758237,0.8921302645672292,0.018051348967439873,264.4790481094718,-431.3225458346618
S43A11T04,moving_support_variable_length,10.0,43013,0.3333333333333333,0.2309650446498879,0.902106097322929,0.2143526285562138,0.8686655999598186,0.9280782788995986,0.8917096004411303,0.012942383125826872,254.57404333976578,-414.84809262786973
S43A11T04,moving_support_variable_length,10.0,43013,0.36666666666666664,0.251458604010764,0.9011595295877596,0.2236518020469257,0.8647245097839056,0.9339668596472529,0.8916734146422762,0.006090315202859468,244.50014123245614,-389.52846039650115
S43A11T04,moving_support_variable_length,10.0,43013,0.4,0.27406343895783974,0.898253167662246,0.2325302216659418,0.8606554367763771,0.9397362135090868,0.8920546003629343,-0.0020622530107577593,234.25470964440427,-356.42265393539
S43A11T04,moving_support_variable_length,10.0,43013,0.43333333333333335,0.2992909441238277,0.8927464799620665,0.24168372788759607,0.8564228427094186,0.9450982774875581,0.8928916018240701,-0.010893640640291639,223.8352660755581,-317.32047356781214
S43A11T04,moving_support_variable_length,10.0,43013,0.4666666666666667,0.32763305931296205,0.8840349871725856,0.251950632138007,0.8519893287896626,0.949797428552308,0.8942294370141574,-0.019638155646387923,213.2395058753226,-274.65081326735566
S43A11T04,moving_support_variable_length,10.0,43013,0.5,0.35951772990861297,0.8715943704498761,0.26426198554569225,0.8473160637012194,0.9536297167289541,0.8961205282418764,-0.027435613569162885,202.46533273450584,-231.3291580149736
S43A11T04,moving_support_variable_length,10.0,43013,0.5333333333333333,0.3952632645398912,0.855023498097745,0.27958045267770976,0.8423630999613854,0.9564574185627714,0.8986253665428846,-0.03339232124484559,191.51089147931683,-190.5508615009868
S43A11T04,moving_support_variable_length,10.0,43013,0.5666666666666667,0.4350353368160756,0.8340830887999403,0.2988319459973545,0.8370896142584974,0.958217638515552,0.9018130195547961,-0.03664934996130108,180.37460315143608,-155.54235882766514
S43A11T04,moving_support_variable_length,10.0,43013,0.6,0.4788105867492435,0.8087267409573585,0.32283514896693144,0.8314540972970338,0.9589241156341589,0.9057614796115904,-0.03645295553299796,169.05520231948685,-129.28805802630336
S43A11T04,moving_support_variable_length,10.0,43013,0.6333333333333333,0.5263506369234873,0.7791213381341402,0.3522346901968531,0.8254145109225292,0.9586619576514271,0.9105578393763342,-0.03222137232163545,157.55177652188826,-114.25558510260078
S43A11T04,moving_support_variable_length,10.0,43013,0.6666666666666666,0.5771898148426886,0.7456544070084805,0.38744392339617095,0.8189284245055226,0.9575757527283982,0.9162982763068838,-0.023602018925206195,145.8638076887506,-112.14558773937134
S43A11T04,moving_support_variable_length,10.0,43013,0.7,0.6306389694540767,0.7089268468634785,0.42860293634659563,0.8119531383300709,0.9558523665819297,0.9230878247231559,-0.010513487061908227,133.99121533100873,-123.69369501476524
S43A11T04,moving_support_variable_length,10.0,43013,0.7333333333333333,0.6858065331445398,0.6697305264382982,0.47555651157399187,0.8044457987116754,0.9537005999736173,0.9310399153684571,0.006832412616579239,121.93440121837979,-148.5507846228215
S43A11T04,moving_support_variable_length,10.0,43013,0.7666666666666667,0.7416365020753988,0.6290114783641252,0.527855297626701,0.7963635074732226,0.9513305570096522,0.9402756672512165,0.027931809092038448,109.69429519423255,-185.26281684108673
S43A11T04,moving_support_variable_length,10.0,43013,0.8,0.7969614197666249,0.5878207056904733,0.5847814935445881,0.7876634270024895,0.9489358184683873,0.9509229251804421,0.052014438073416186,97.27240169559323,-231.3628129267886
S43A11T04,moving_support_variable_length,10.0,43013,0.8333333333333334,0.8505669134265599,0.5472558192475706,0.645398046231349,0.7783028812167729,0.9466811286356959,0.9631150484390542,0.07809281831745832,84.67084646120152,-283.5753202398443
S43A11T04,moving_support_variable_length,10.0,43013,0.8666666666666667,0.9012630248438953,0.5083977109952353,0.7086179334162531,0.7682394522265183,0.9446972303507124,0.9769894707350321,0.105031510466882,71.89242282108337,-338.1190376860203
S43A11T04,moving_support_variable_length,10.0,43013,0.9,0.9479566648756524,0.4722471092776273,0.7732878373793599,0.7574310722116923,0.9430828748106126,0.99268606772169,0.13163076393903858,58.940636869354186,-391.07825191835207
S43A11T04,moving_support_variable_length,10.0,43013,0.9333333333333333,0.9897191384195119,0.4396660582305844,0.8382787172717497,0.7458361099204354,0.9419122600147887,1.010345384337464,0.15671705990701068,45.81975073028803,-438.80111562894336
S43A11T04,moving_support_variable_length,10.0,43013,0.9666666666666667,1.0258429170875636,0.4113290628874464,0.9025747479635624,0.7334134512089225,0.9412447140324164,1.0301067880456358,0.1792320184345279,32.53482303908068,-478.2754479547313
S43A11T04,moving_support_variable_length,10.0,43013,1.0,1.0558826898479265,0.387687849769364,0.9653520174406389,0.7201225731205189,0.9411328099475568,1.052106623793878,0.1983110618768334,19.091745676845814,-507.43288675142963
S43A11T04,moving_support_variable_length,10.0,43013,1.0333333333333334,1.0796771274423196,0.3689524791104205,1.0260393375796688,0.7059236111200028,0.9416255578916572,1.0764764505157227,0.21334418946001624,5.497275728513321,-525.3407437318217
S43A11T04,moving_support_variable_length,10.0,43014,0.0,0.07206093053947751,0.9053179871130516,0.07206093053947751,0.9053179871130516,0.9081813890961666,0.9081813890967172,0.0,115.65847240410196,-1.975885594112718
S43A11T04,moving_support_variable_length,10.0,43014,0.03333333333333333,0.08553418112561394,0.9024727832908892,0.08712840065598469,0.8997150277915,0.9062313773890321,0.9036319759058358,0.0030830757138723235,110.95684052178206,-21.370330481447233
S43A11T04,moving_support_variable_length,10.0,43014,0.06666666666666667,0.09974837101133982,0.9001469781439974,0.10462412002456005,0.8893061933011975,0.9049113431174591,0.8946471647856893,0.0070124198334181355,106.2189573009279,-46.561996428263896
S43A11T04,moving_support_variable_length,10.0,43014,0.1,0.11453717019642132,0.8984976709119937,0.12405052206972614,0.8741748420543027,0.9044052644786138,0.8814117001809619,0.011334370901276446,101.4442982790224,-75.37306581419351
S43A11T04,moving_support_variable_length,10.0,43014,0.13333333333333333,0.12976243112301666,0.8976218791970819,0.14484310814760534,0.854413489945888,0.9048608644247393,0.864143084358757,0.015533949761380601,96.63232175691128,-105.27005011603691
S43A11T04,moving_support_variable_length,10.0,43014,0.16666666666666666,0.1453359041836333,0.8975350431258964,0.16641325038793497,0.8301242650077412,0.9063720080379503,0.843097845528765,0.019077980409552824,91.78247126120395,-133.65312876659567
S43A11T04,moving_support_variable_length,10.0,43014,0.2,0.16123923161595408,0.89815351482764,0.1881955320001027,0.8014192885324101,0.9089649140136467,0.8185796926409477,0.02146270028614814,86.89417835496121,-158.16073999427692
S43A11T04,moving_support_variable_length,10.0,43014,0.23333333333333334,0.17754017774261677,0.8992829372821619,0.2096958357198924,0.7684209521308276,0.9125903233549592,0.7909501777931675,0.022262049874342545,81.96686581089348,-176.9526949355308
S43A11T04,moving_support_variable_length,10.0,43014,0.26666666666666666,0.194403123486885,0.9006140916119619,0.23053618510675614,0.7312620553253515,0.9171229734885645,0.760642685450381,0.02117262244718088,76.99995115981245,-188.9372359851074
S43A11T04,moving_support_variable_length,10.0,43014,0.3,0.21209209818440222,0.9017273252345833,0.25049244010389315,0.6900857640180293,0.9223686797758237,0.728180762276821,0.018051348967439873,71.99285062522893,-193.9133243848367
S43A11T04,moving_support_variable_length,10.0,43014,0.3333333333333333,0.2309650446498879,0.902106097322929,0.26952133983000687,0.6450453472031762,0.9280782788995986,0.694201887762394,0.012942383125826872,66.94498345273935,-192.60835093170775
S43A11T04,moving_support_variable_length,10.0,43014,0.36666666666666664,0.251458604010764,0.9011595295877596,0.28777404932918244,0.5963036484796946,0.9339668596472529,0.6594875034923287,0.006090315202859468,61.85577664014985,-186.6025650127144
S43A11T04,moving_support_variable_length,10.0,43014,0.4,0.27406343895783974,0.898253167662246,0.30559426848589105,0.5440322512486045,0.9397362135090868,0.624998900494267,-0.0020622530107577593,56.72467007112105,-178.14387707706777
S43A11T04,moving_support_variable_length,10.0,43014,0.43333333333333335,0.2992909441238277,0.8927464799620665,0.32350005588133945,0.48841030295400584,0.9450982774875581,0.5919153387994135,-0.010893640640291639,51.55112205144133,-169.86934741411847
S43A11T04,moving_support_variable_length,10.0,43014,0.4666666666666667,0.32763305931296205,0.8840349871725856,0.3421497526398445,0.4296229751822739,0.949797428552308,0.5616639488053297,-0.019638155646387923,46.33461524283822,-164.46160027596704
S43A11T04,moving_support_variable_length,10.0,43014,0.5,0.35951772990861297,0.8715943704498761,0.3622936927366442,0.36785955333404946,0.9536297167289541,0.5359193812260683,-0.027435613569162885,41.07466298448152,-164.2784167839901
S43A11T04,moving_support_variable_length,10.0,43014,0.5333333333333333,0.3952632645398912,0.855023498097745,0.38471467282178745,0.30331117175565103,0.9564574185627714,0.5165376321239543,-0.03339232124484559,35.77081598702921,-171.00052885332047
S43A11T04,moving_support_variable_length,10.0,43014,0.5666666666666667,0.4350353368160756,0.8340830887999403,0.4101613272249296,0.23616823663913245,0.958217638515552,0.5053862060304528,-0.03664934996130108,30.422669378202247,-185.34482010829174
S43A11T04,moving_support_variable_length,10.0,43014,0.6,0.4788105867492435,0.8087267409573585,0.4392795025854217,0.1666176076789576,0.9589241156341589,0.5040662643909557,-0.03645295553299796,25.029870072477287,-206.88666725157074
S43A11T04,moving_support_variable_length,10.0,43014,0.6333333333333333,0.5263506369234873,0.7791213381341402,0.47254733955205364,0.09483963749280255,0.9586619576514271,0.5136010215404458,-0.03222137232163545,19.59212443058582,-234.02552802483476
S43A11T04,moving_support_variable_length,10.0,43014,0.6666666666666666,0.5771898148426886,0.7456544070084805,0.5102199438464672,0.021005191615810714,0.9575757527283982,0.5342350662519438,-0.023602018925206195,14.10920616715231,-264.1124004958201
S43A11T04,moving_support_variable_length,10.0,43014,0.7,0.6306389694540767,0.7089268468634785,0.5522891860119735,-0.05472721223312882,0.9558523665819297,0.5654572632647993,-0.010513487061908227,8.580964457074208,-293.7376323206135
S43A11T04,moving_support_variable_length,10.0,43014,0.7333333333333333,0.6858065331445398,0.6697305264382982,0.5984632649797096,-0.13221400210023093,0.9537005999736173,0.6062240574410456,0.006832412616579239,3.0073321832288755,-319.1548004851744
S43A11T04,moving_support_variable_length,10.0,43014,0.7666666666666667,0.7416365020753988,0.6290114783641252,0.6481692119286894,-0.21132875164540899,0.9513305570096522,0.6552513083928646,0.027931809092038448,-2.611665740087189,-336.79384839070786
S43A11T04,moving_support_variable_length,10.0,43014,0.8,0.7969614197666249,0.5878207056904733,0.7005795683062823,-0.291963867956442,0.9489358184683873,0.7112521552495017,0.052014438073416186,-8.275904041778738,-343.79783409651844
S43A11T04,moving_support_variable_length,10.0,43014,0.8333333333333334,0.8505669134265599,0.5472558192475706,0.7546621899670953,-0.37403168614843785,0.9466811286356959,0.7730755570437008,0.07809281831745832,-13.985148848473326,-338.5062827330641
S43A11T04,moving_support_variable_length,10.0,43014,0.8666666666666667,0.9012630248438953,0.5083977109952353,0.8092497281419793,-0.45746493009872746,0.9446972303507124,0.8397603588981348,0.105031510466882,-19.739049608488088,-320.80763614408124
S43A11T04,moving_support_variable_length,10.0,43014,0.9,0.9479566648756524,0.4722471092776273,0.8631230979177833,-0.5422165421876659,0.9430828748106126,0.9105381997986797,0.13163076393903858,-25.53713128192635,-292.29570971085553
S43A11T04,moving_support_variable_length,10.0,43014,0.9333333333333333,0.9897191384195119,0.4396660582305844,0.9151014734839591,-0.6282589263048268,0.9419122600147887,0.9848127726827804,0.15671705990701068,-31.37878689993278,-256.19020028734724
S43A11T04,moving_support_variable_length,10.0,43014,0.9666666666666667,1.0258429170875636,0.4113290628874464,0.9641303310053511,-0.7155826830854695,0.9412447140324164,1.0621317890964967,0.1792320184345279,-37.26327060143045,-217.01614881085465
S43A11T04,moving_support_variable_length,10.0,43014,1.0,1.0558826898479265,0.387687849769364,1.0093589991568193,-0.8041949411124896,0.9411328099475568,1.1421594721745474,0.1983110618768334,-43.1896912596495,-180.0761925465824
S43A11T04,moving_support_variable_length,10.0,43014,1.0333333333333334,1.0796771274423196,0.3689524791104205,1.0502001479311147,-0.8941174011066526,0.9416255578916572,1.22465253120683,0.21334418946001624,-49.157006813177375,-150.78507238193825
S43A11T05,moving_support_variable_length,0.0,43013,0.0,0.010960802925529037,0.8521797239364326,0.010960802925529037,0.8521797239364326,0.8522502103778835,0.8522502103784702,0.0,-0.0,61.87929916123997
S43A11T05,moving_support_variable_length,0.0,43013,0.03333333333333333,0.021397124688803917,0.8519793701999451,0.01884806929424599,0.8521814971443396,0.8523210915219913,0.8524547879390073,-0.002735753443393168,-0.0,61.091001740524746
S43A11T05,moving_support_variable_length,0.0,43013,0.06666666666666667,0.03311908006898902,0.8516845342832344,0.028381214333398956,0.8527747117450785,0.8525560994027799,0.8534443832381632,-0.005421245456786282,-0.0,60.542773353147616
S43A11T05,moving_support_variable_length,0.0,43013,0.1,0.046251694383702406,0.851130240871592,0.039710202671271365,0.8539405744284805,0.8528516242517836,0.8552671743220609,-0.007907386690217713,-0.0,60.081331927423136
S43A11T05,moving_support_variable_length,0.0,43013,0.13333333333333333,0.060978719577358134,0.850085378713126,0.05300590525744511,0.855660026800485,0.8530455260626782,0.8579784192033089,-0.010024931270416886,-0.0,59.46003412397771
S43A11T05,moving_support_variable_length,0.0,43013,0.16666666666666666,0.07754616893806762,0.8482538218564193,0.0684541763980653,0.857913743983781,0.8529243040429751,0.8616397861807478,-0.011590367528027988,-0.0,58.333645049094855
S43A11T05,moving_support_variable_length,0.0,43013,0.2,0.09625855411383487,0.8452822089031266,0.08624780309777985,0.86068213280888,0.8522392404327344,0.8663185745580158,-0.012413936633433606,-0.0,56.261768089452346
S43A11T05,moving_support_variable_length,0.0,43013,0.23333333333333334,0.11746692611850389,0.8407748930170175,0.10657648473471644,0.8639453296160151,0.8507316691938002,0.872086829826933,-0.012309621229205708,-0.0,52.72351838902081
S43A11T05,moving_support_variable_length,0.0,43013,0.26666666666666666,0.14154857623769365,0.834315896455995,0.12961525308136615,0.867683197690363,0.848166638495004,0.8790203626693731,-0.011106694148704235,-0.0,47.14465090133564
S43A11T05,moving_support_variable_length,0.0,43013,0.3,0.1688791079082862,0.8254969396186176,0.15551200739223547,0.8718753243550301,0.8443731974070177,0.8871976871173435,-0.00866215259091997,-0.0,38.93630739853655
S43A11T05,moving_support_variable_length,0.0,43013,0.3333333333333333,0.1997984675081378,0.8139498437150855,0.18437507012191,0.8765010177480685,0.8392882769577726,0.8966988994206598,-0.004873132268027073,-0.0,27.542261295202167
S43A11T05,moving_support_variable_length,0.0,43013,0.36666666666666664,0.23457333191931615,0.7993809157022418,0.2162618170951882,0.8815393033114769,0.8329996015060794,0.9076045250001904,0.00031175222616074225,-0.0,12.489599640293605
S43A11T05,moving_support_variable_length,0.0,43013,0.4,0.2733589040684937,0.7816044018986413,0.25116946386108324,0.8869689200217475,0.8257812845636293,0.9199943656374386,0.006883222498439407,-0.0,-6.563230254686147
S43A11T05,moving_support_variable_length,0.0,43013,0.43333333333333335,0.31616358314270576,0.7605718205989397,0.28902898269419547,0.8927683163930222,0.818113947223682,0.9339463821107834,0.014765281301557428,-0.0,-29.786753366160262
S43A11T05,moving_support_variable_length,0.0,43013,0.4666666666666667,0.3628200904419821,0.7363940120403271,0.3297028974176505,0.8989156462853592,0.8106799152345974,0.9495356482982467,0.02381303447422707,-0.0,-57.15319651154669
S43A11T05,moving_support_variable_length,0.0,43013,0.5,0.4129664076213316,0.7093531060229245,0.3729873995002369,0.9053887645519811,0.8043244030485809,0.9668334110099104,0.033814833293747244,-0.0,-88.42299324456037
S43A11T05,moving_support_variable_length,0.0,43013,0.5333333333333333,0.4660393156122926,0.6799022991254661,0.4186189079164084,0.9121652225606953,0.7999771823775077,0.9859062854682051,0.044498859702588094,-0.0,-123.14395399731183
S43A11T05,moving_support_variable_length,0.0,43013,0.5666666666666667,0.5212824365888812,0.6486523137738005,0.46628490890361995,0.9192222636259523,0.7985374908593982,1.0068156097214747,0.05554399052293918,-0.0,-160.66095808115045
S43A11T05,moving_support_variable_length,0.0,43013,0.6,0.5777695349737163,0.616344602998399,0.5156386800266866,0.9265368183892472,0.8007374975382892,1.0296169729489406,0.06659454505477712,-0.0,-200.13519506712183
S43A11T05,moving_support_variable_length,0.0,43013,0.6333333333333333,0.6344425108367016,0.5838126575173659,0.5663173032061644,0.9340855001867748,0.8070124867939187,1.0543599233965653,0.07727832070616591,-0.0,-240.57477224208566
S43A11T05,moving_support_variable_length,0.0,43013,0.6666666666666666,0.6901621295260982,0.551934030834776,0.6179621531814563,0.9418446004444279,0.8174116591146294,1.0810878524649432,0.08722710312357809,-0.0,-280.88102239947716
S43A11T05,moving_support_variable_length,0.0,43013,0.7,0.7437682070932949,0.5215767757859083,0.6702407699873554,0.949790084141375,0.8315757966526744,1.1098380430986325,0.09609855940297239,-0.0,-319.9149516238353
S43A11T05,moving_support_variable_length,0.0,43013,0.7333333333333333,0.7941448591295673,0.49354473942708244,0.7228686921926786,0.9578975853845796,0.8487881058317148,1.1406418637849065,0.10359809113680958,-0.0,-356.58487643954777
S43A11T05,moving_support_variable_length,0.0,43013,0.7666666666666667,0.8402856673116296,0.4685264749149003,0.775629510243782,0.9661424031377018,0.8680819933934077,1.1735250845999574,0.10949890665042968,-0.0,-389.9500287006531
S43A11T05,moving_support_variable_length,0.0,43013,0.8,0.881353346237076,0.4470523287993133,0.8283912105464026,0.9744994971488801,0.8883756756847843,1.2085082890112238,0.11365838307559487,-0.0,-419.32783047887546
S43A11T05,moving_support_variable_length,0.0,43014,0.0,0.010960802925529037,0.8521797239364326,0.010960802925529037,0.8521797239364326,0.8522502103778835,0.8522502103784702,0.0,0.0,75.0200979901782
S43A11T05,moving_support_variable_length,0.0,43014,0.03333333333333333,0.021397124688803917,0.8519793701999451,0.018986794409361574,0.8518534678850029,0.8523210915219913,0.852130388986287,-0.002735753443393168,0.0,73.84076077895556
S43A11T05,moving_support_variable_length,0.0,43014,0.06666666666666667,0.03311908006898902,0.8516845342832344,0.028926484643538343,0.8514667807831683,0.8525560994027799,0.8521592840198929,-0.005421245456786282,0.0,72.6824570284566
S43A11T05,moving_support_variable_length,0.0,43014,0.1,0.046251694383702406,0.851130240871592,0.04091464961169409,0.8510073318211979,0.8528516242517836,0.8524066342087557,-0.007907386690217713,0.0,71.38204818091582
S43A11T05,moving_support_variable_length,0.0,43014,0.13333333333333333,0.060978719577358134,0.850085378713126,0.05510600182511184,0.8504627697706197,0.8530455260626782,0.852953082656255,-0.010024931270416886,0.0,69.68102322448952
S43A11T05,moving_support_variable_length,0.0,43014,0.16666666666666666,0.07754616893806762,0.8482538218564193,0.07166929414762528,0.849820722109479,0.8529243040429751,0.8538895894610852,-0.011590367528027988,0.0,67.22326461796871
S43A11T05,moving_support_variable_length,0.0,43014,0.2,0.09625855411383487,0.8452822089031266,0.09077929582299425,0.849068794130865,0.8522392404327344,0.855316701808545,-0.012413936633433606,0.0,63.56243336040062
S43A11T05,moving_support_variable_length,0.0,43014,0.23333333333333334,0.11746692611850389,0.8407748930170175,0.11260679862082379,0.8481945680375252,0.8507316691938002,0.8573436517508676,-0.012309621229205708,0.0,58.18120478589624
S43A11T05,moving_support_variable_length,0.0,43014,0.26666666666666666,0.14154857623769365,0.834315896455995,0.13730706301562343,0.8471856020255745,0.848166638495004,0.8600872558037742,-0.011106694148704235,0.0,50.52295994365042
S43A11T05,moving_support_variable_length,0.0,43014,0.3,0.1688791079082862,0.8254969396186176,0.16500737903304424,0.846029429360487,0.8443731974070177,0.8636705978320196,-0.00866215259091997,0.0,40.03429434348972
S43A11T05,moving_support_variable_length,0.0,43014,0.3333333333333333,0.1997984675081378,0.8139498437150855,0.19579464725097454,0.8447135574487203,0.8392882769577726,0.8682214877989137,-0.004873132268027073,0.0,26.214358220797415
S43A11T05,moving_support_variable_length,0.0,43014,0.36666666666666664,0.23457333191931615,0.7993809157022418,0.22970403371145942,0.8432254669084619,0.8329996015060794,0.8738707037365563,0.00031175222616074225,0.0,8.665225500635302
S43A11T05,moving_support_variable_length,0.0,43014,0.4,0.2733589040684937,0.7816044018986413,0.2667097804192148,0.8415526106431134,0.8257812845636293,0.880750042113083,0.006883222498439407,0.0,-12.863219354290237
S43A11T05,moving_support_variable_length,0.0,43014,0.43333333333333335,0.31616358314270576,0.7605718205989397,0.30671914584328674,0.8396824129212332,0.818113947223682,0.8889902213135277,0.014765281301557428,0.0,-38.4396419133557
S43A11T05,moving_support_variable_length,0.0,43014,0.4666666666666667,0.3628200904419821,0.7363940120403271,0.34957022255759024,0.8376022684667386,0.8106799152345974,0.8987187022253437,0.02381303447422707,0.0,-67.93249464917338
S43A11T05,moving_support_variable_length,0.0,43014,0.5,0.4129664076213316,0.7093531060229245,0.39503407544241054,0.8352995415632324,0.8043244030485809,0.9100575064440712,0.033814833293747244,0.0,-101.0068375333202
S43A11T05,moving_support_variable_length,0.0,43014,0.5333333333333333,0.4660393156122926,0.6799022991254661,0.4428213229123447,0.8327615651763574,0.7999771823775077,0.9231211237608337,0.044498859702588094,0.0,-137.13485865530086
S43A11T05,moving_support_variable_length,0.0,43014,0.5666666666666667,0.5212824365888812,0.6486523137738005,0.49259299728877554,0.8299756400980961,0.7985374908593982,0.9380146040826062,0.05554399052293918,0.0,-175.6171748834833
S43A11T05,moving_support_variable_length,0.0,43014,0.6,0.5777695349737163,0.616344602998399,0.5439752887164906,0.8269290341169273,0.8007374975382892,0.9548319233695346,0.06659454505477712,0.0,-215.61307376473113
S43A11T05,moving_support_variable_length,0.0,43014,0.6333333333333333,0.6344425108367016,0.5838126575173659,0.5965775772771611,0.8236089812177142,0.8070124867939187,0.973654698452521,0.07727832070616591,0.0,-256.18031284402184
S43A11T05,moving_support_variable_length,0.0,43014,0.6666666666666666,0.6901621295260982,0.551934030834776,0.6500129397714114,0.8200026808151457,0.8174116591146294,0.9945513030892008,0.08722710312357809,0.0,-296.32706951825725
S43A11T05,moving_support_variable_length,0.0,43014,0.7,0.7437682070932949,0.5215767757859083,0.7039200397540816,0.8160972970244628,0.8315757966526744,1.0175764099996856,0.09609855940297239,0.0,-335.07828083516455
S43A11T05,moving_support_variable_length,0.0,43014,0.7333333333333333,0.7941448591295673,0.49354473942708244,0.7579849775816406,0.8118799579730945,0.8487881058317148,1.0427709543856474,0.10359809113680958,0.0,-371.5552610226535
S43A11T05,moving_support_variable_length,0.0,43014,0.7666666666666667,0.8402856673116296,0.4685264749149003,0.8119613598288453,0.8073377551566954,0.8680819933934077,1.0701624872083164,0.10949890665042968,0.0,-405.0620713826438
S43A11T05,moving_support_variable_length,0.0,43014,0.8,0.881353346237076,0.4470523287993133,0.8656866587259986,0.8024577428429019,0.8883756756847843,1.099765864367159,0.11365838307559487,0.0,-435.1667436016561
S43A11T05,moving_support_variable_length,0.01,43013,0.0,0.010960802925529037,0.8521797239364326,0.010960802925529037,0.8521797239364326,0.8522502103778835,0.8522502103784702,0.0,-200.38217560085005,243.23534392908346
S43A11T05,moving_support_variable_length,0.01,43013,0.03333333333333333,0.021397124688803917,0.8519793701999451,0.01863995509988199,0.8525242318093343,0.8523210915219913,0.8527921708944229,-0.002735753443393168,-204.43495865252632,245.6863038222839
S43A11T05,moving_support_variable_length,0.01,43013,0.06666666666666667,0.03311908006898902,0.8516845342832344,0.02754003619653407,0.8541382613392698,0.8525560994027799,0.8547740143294602,-0.005421245456786282,-208.49149445876228,248.6604942848603
S43A11T05,moving_support_variable_length,0.01,43013,0.1,0.046251694383702406,0.851130240871592,0.037798104441795724,0.8569919405221657,0.8528516242517836,0.858209868295958,-0.007907386690217713,-212.5506739724716,252.0303710860617
S43A11T05,moving_support_variable_length,0.01,43013,0.13333333333333333,0.060978719577358134,0.850085378713126,0.049572378185296175,0.8610551461226285,0.8530455260626782,0.8631151742146705,-0.010024931270416886,-216.6113822874658,255.57725862215975
S43A11T05,moving_support_variable_length,0.01,43013,0.16666666666666666,0.07754616893806762,0.8482538218564193,0.06303633613167474,0.8662975115162146,0.8529243040429751,0.8695059076045999,-0.011590367528027988,-220.67250062996544,258.98297047802106
S43A11T05,moving_support_variable_length,0.01,43013,0.2,0.09625855411383487,0.8452822089031266,0.07837068828294234,0.8726884342195722,0.8522392404327344,0.8773978295749401,-0.012413936633433606,-224.73290836431897,261.8291384452549
S43A11T05,moving_support_variable_length,0.01,43013,0.23333333333333334,0.11746692611850389,0.8407748930170175,0.09575337562216601,0.880197083102479,0.8507316691938002,0.8868057940674564,-0.012309621229205708,-228.79148500440527,263.60720693457733
S43A11T05,moving_support_variable_length,0.01,43013,0.26666666666666666,0.14154857623769365,0.834315896455995,0.11534800856364143,0.8887924052787167,0.848166638495004,0.8977431322601106,-0.011106694148704235,-232.84711222215037,263.74093137911603
S43A11T05,moving_support_variable_length,0.01,43013,0.3,0.1688791079082862,0.8254969396186176,0.1372914189098052,0.8984431326754814,0.8443731974070177,0.9102211312019458,-0.00866215259091997,-236.8986758446139,261.62136393950783
S43A11T05,moving_support_variable_length,0.01,43013,0.3333333333333333,0.1997984675081378,0.8139498437150855,0.1616812309041671,0.9091177882836201,0.8392882769577726,0.9242486185363743,-0.004873132268027073,-240.94506783118513,256.6520756293336
S43A11T05,moving_support_variable_length,0.01,43013,0.36666666666666664,0.23457333191931615,0.7993809157022418,0.1885645052330172,0.920784692093394,0.8329996015060794,0.9398316595056727,0.00031175222616074225,-244.98518822257589,248.30028756571542
S43A11T05,moving_support_variable_length,0.01,43013,0.4,0.2733589040684937,0.7816044018986413,0.21792853774353657,0.9334119667226909,0.8257812845636293,0.9569733667710006,0.006883222498439407,-249.0179470535113,236.1482539268801
S43A11T05,moving_support_variable_length,0.01,43013,0.43333333333333335,0.31616358314270576,0.7605718205989397,0.24969478738171488,0.9469675427466482,0.818113947223682,0.9756738183653857,0.014765281301557428,-253.04226622128277,219.93914106957845
S43A11T05,moving_support_variable_length,0.01,43013,0.4666666666666667,0.3628200904419821,0.7363940120403271,0.2837166805676351,0.961419163739482,0.8106799152345974,0.9959300746835454,0.02381303447422707,-257.05708130265594,199.61296039100517
S43A11T05,moving_support_variable_length,0.01,43013,0.5,0.4129664076213316,0.7093531060229245,0.3197817355070409,0.9767343910409682,0.8043244030485809,1.0177362820518085,0.033814833293747244,-261.06134331200155,175.33047605334306
S43A11T05,moving_support_variable_length,0.01,43013,0.5333333333333333,0.4660393156122926,0.6799022991254661,0.3576181289765526,0.9928806082614696,0.7999771823775077,1.0410838482338143,0.044498859702588094,-265.05402039394164,147.48540655272575
S43A11T05,moving_support_variable_length,0.01,43013,0.5666666666666667,0.5212824365888812,0.6486523137738005,0.3969055417676777,1.0098250255406644,0.7985374908593982,1.0659616742066376,0.05554399052293918,-269.0340994442716,116.70628293684408
S43A11T05,moving_support_variable_length,0.01,43013,0.6,0.5777695349737163,0.616344602998399,0.4372898872515598,1.027534683576203,0.8007374975382892,1.0923564265748782,0.06659454505477712,-273.00058765342544,83.84807634365781
S43A11T05,moving_support_variable_length,0.01,43013,0.6333333333333333,0.6344425108367016,0.5838126575173659,0.47840132777493893,1.0459764574394077,0.8070124867939187,1.1202528358894648,0.07727832070616591,-276.95251396729185,49.970590401023486
S43A11T05,moving_support_variable_length,0.01,43013,0.6666666666666666,0.6901621295260982,0.551934030834776,0.5198747654124097,1.0651170601958495,0.8174116591146294,1.1496340076760256,0.08722710312357809,-280.88893046075196,16.29756021222009
S43A11T05,moving_support_variable_length,0.01,43013,0.7,0.7437682070932949,0.5215767757859083,0.5613717157086959,1.0849230463491693,0.8315757966526744,1.1804817349197962,0.09609855940297239,-284.80891361990405,-15.850158945031268
S43A11T05,moving_support_variable_length,0.01,43013,0.7333333333333333,0.7941448591295673,0.49354473942708244,0.6026021412149819,1.1053608151269059,0.8487881058317148,1.212776802883959,0.10359809113680958,-288.71156552953687,-45.150493098271795
S43A11T05,moving_support_variable_length,0.01,43013,0.7666666666666667,0.8402856673116296,0.4685264749149003,0.6433445042176343,1.1263966136273234,0.8680819933934077,1.2464992792753582,0.10949890665042968,-292.5960149630336,-70.4011858298629
S43A11T05,moving_support_variable_length,0.01,43013,0.8,0.881353346237076,0.4470523287993133,0.6834621093482656,1.1479965398463168,0.8883756756847843,1.281628784779094,0.11365838307559487,-296.46141837250195,-90.6532363621313
S43A11T05,moving_support_variable_length,0.01,43014,0.0,0.010960802925529037,0.8521797239364326,0.010960802925529037,0.8521797239364326,0.8522502103778835,0.8522502103784702,0.0,35.543724197702396,28.59894119385988
S43A11T05,moving_support_variable_length,0.01,43014,0.03333333333333333,0.021397124688803917,0.8519793701999451,0.01887186804413695,0.8521712062871117,0.8523210915219913,0.8524451032953263,-0.002735753443393168,31.873029206154783,31.171789810746834
S43A11T05,moving_support_variable_length,0.01,43014,0.06666666666666667,0.03311908006898902,0.8516845342832344,0.02847176542530263,0.8527335858812495,0.8525560994027799,0.8534068810816723,-0.005421245456786282,28.188258126141605,33.93625352562279
S43A11T05,moving_support_variable_length,0.01,43014,0.1,0.046251694383702406,0.851130240871592,0.03990288575229337,0.8538482275072483,0.8528516242517836,0.8551857212145774,-0.007907386690217713,24.489746176508596,36.742992791379294
S43A11T05,moving_support_variable_length,0.01,43014,0.13333333333333333,0.060978719577358134,0.850085378713126,0.05332773658475033,0.855496360418385,0.8530455260626782,0.8578389028334343,-0.010024931270416886,20.77782198676859,39.34953524018995
S43A11T05,moving_support_variable_length,0.01,43014,0.16666666666666666,0.07754616893806762,0.8482538218564193,0.06892304579369032,0.8576590695935884,0.8529243040429751,0.8614299097325641,-0.011590367528027988,17.0528073687322,41.41514003175091
S43A11T05,moving_support_variable_length,0.01,43014,0.2,0.09625855411383487,0.8452822089031266,0.0868717368749299,0.8603172869478234,0.8522392404327344,0.8660274124912403,-0.012413936633433606,13.31501711971002,42.504352069273786
S43A11T05,moving_support_variable_length,0.01,43014,0.23333333333333334,0.11746692611850389,0.8407748930170175,0.10735293405187785,0.8634517824968265,0.8507316691938002,0.8717041400809941,-0.012309621229205708,9.564758857828862,42.10181618509905
S43A11T05,moving_support_variable_length,0.01,43014,0.26666666666666666,0.14154857623769365,0.834315896455995,0.13053040707713504,0.867043155480953,0.848166638495004,0.8785356577345206,-0.011106694148704235,5.8023328898711455,39.63954055977177
S43A11T05,moving_support_variable_length,0.01,43014,0.3,0.1688791079082862,0.8254969396186176,0.15654013036176484,0.8710718254529122,0.8443731974070177,0.8865990747748655,-0.00866215259091997,2.0280321119315223,34.53574633214489
S43A11T05,moving_support_variable_length,0.01,43014,0.3333333333333333,0.1997984675081378,0.8139498437150855,0.18547786191473978,0.8755180233342014,0.8392882769577726,0.8959717128182089,-0.004873132268027073,-1.757858056945708,26.24215413192462
S43A11T05,moving_support_variable_length,0.01,43014,0.36666666666666664,0.23457333191931615,0.7993809157022418,0.21738779584336937,0.880361782445089,0.8329996015060794,0.9067297704958156,0.00031175222616074225,-5.555059708104009,14.294624581706373
S43A11T05,moving_support_variable_length,0.01,43014,0.4,0.2733589040684937,0.7816044018986413,0.25225337008535603,0.8855829295130438,0.8257812845636293,0.9189470247912717,0.006883222498439407,-9.363302443664287,-1.6389302092759976
S43A11T05,moving_support_variable_length,0.01,43014,0.43333333333333335,0.31616358314270576,0.7605718205989397,0.2899912037839591,0.8911610756645666,0.818113947223682,0.9326936105640031,0.014765281301557428,-13.182323344165845,-21.719103221237916
S43A11T05,moving_support_variable_length,0.01,43014,0.4666666666666667,0.3628200904419821,0.7363940120403271,0.33044891143700367,0.8970756074054448,0.8106799152345974,0.9480349183672397,0.02381303447422707,-17.011866903770965,-45.908015955886185
S43A11T05,moving_support_variable_length,0.01,43014,0.5,0.4129664076213316,0.7093531060229245,0.37340723723691915,0.9033056775945244,0.8043244030485809,0.9650306461410463,0.033814833293747244,-20.851684933460415,-73.95615873102288
S43A11T05,moving_support_variable_length,0.01,43014,0.5333333333333333,0.4660393156122926,0.6799022991254661,0.41858663206250213,0.909830196416173,0.7999771823775077,0.9837340330297081,0.044498859702588094,-24.70153643275795,-105.40190661825875
S43A11T05,moving_support_variable_length,0.01,43014,0.5666666666666667,0.5212824365888812,0.6486523137738005,0.46565810923586,0.9166278223566945,0.7985374908593982,1.0041912940705329,0.05554399052293918,-28.56118743062473,-139.58153756698252
S43A11T05,moving_support_variable_length,0.01,43014,0.6,0.5777695349737163,0.616344602998399,0.5142579834396731,0.9236769531900499,0.8007374975382892,1.026441263746758,0.06659454505477712,-32.43041079626757,-175.64874941710232
S43A11T05,moving_support_variable_length,0.01,43014,0.6333333333333333,0.6344425108367016,0.5838126575173659,0.5640058974432203,0.9309557169783358,0.8070124867939187,1.0505152454543307,0.07727832070616591,-36.30898602070013,-212.6054549463711
S43A11T05,moving_support_variable_length,0.01,43014,0.6666666666666666,0.6901621295260982,0.551934030834776,0.614525323104841,0.9384419630925781,0.8174116591146294,1.0764370538445154,0.08722710312357809,-40.196698969987565,-249.34814104479022
S43A11T05,moving_support_variable_length,0.01,43014,0.7,0.7437682070932949,0.5215767757859083,0.6654654452316352,0.9461132532595002,0.8315757966526744,1.1042232286419738,0.09609855940297239,-44.0933416111884,-284.7341780888823
S43A11T05,moving_support_variable_length,0.01,43014,0.7333333333333333,0.7941448591295673,0.49354473942708244,0.7165230050518377,0.9539468526400443,0.8487881058317148,1.1338833924882183,0.10359809113680958,-47.99871171208965,-317.66908643679767
S43A11T05,moving_support_variable_length,0.01,43014,0.7666666666666667,0.8402856673116296,0.4685264749149003,0.7674623626537536,0.96191972094553,0.8680819933934077,1.165420721877196,0.10949890665042968,-51.912612515901735,-347.2095302461443
S43A11T05,moving_support_variable_length,0.01,43014,0.8,0.881353346237076,0.4470523287993133,0.8181318490397448,0.9700085035974539,0.8883756756847843,1.1988324992674806,0.11365838307559487,-55.83485239215016,-372.66978666625334
S43A11T05,moving_support_variable_length,0.1,43013,0.0,0.010960802925529037,0.8521797239364326,0.010960802925529037,0.8521797239364326,0.8522502103778835,0.8522502103784702,0.0,-115.42112676663929,102.65330611115452
S43A11T05,moving_support_variable_length,0.1,43013,0.03333333333333333,0.021397124688803917,0.8519793701999451,0.018033390435755477,0.8521259466953357,0.8523210915219913,0.8523790156789964,-0.002735753443393168,-118.4874929717651,108.57202385946641
S43A11T05,moving_support_variable_length,0.1,43013,0.06666666666666667,0.03311908006898902,0.8516845342832344,0.025167966360289236,0.8525427881288345,0.8525560994027799,0.8530913816649871,-0.005421245456786282,-121.58091296566538,115.73142966771141
S43A11T05,moving_support_variable_length,0.1,43013,0.1,0.046251694383702406,0.851130240871592,0.03258346124917814,0.8533965913364207,0.8528516242517836,0.8543566297937139,-0.007907386690217713,-124.70169531855514,123.93634000263224
S43A11T05,moving_support_variable_length,0.1,43013,0.13333333333333333,0.060978719577358134,0.850085378713126,0.04052074104164053,0.8546530634415751,0.8530455260626782,0.8561464383156346,-0.010024931270416886,-127.8501350519053,132.89608795930863
S43A11T05,moving_support_variable_length,0.1,43013,0.16666666666666666,0.07754616893806762,0.8482538218564193,0.04923668827248559,0.8562772806012556,0.8529243040429751,0.8584350365591098,-0.011590367528027988,-131.02651264780079,142.21971206065345
S43A11T05,moving_support_variable_length,0.1,43013,0.2,0.09625855411383487,0.8452822089031266,0.058996145561043344,0.8582336950731729,0.8522392404327344,0.8611994398505923,-0.012413936633433606,-134.23109303119685,151.42015565965343
S43A11T05,moving_support_variable_length,0.1,43013,0.23333333333333334,0.11746692611850389,0.8407748930170175,0.07006187833729796,0.8604861445578961,0.8507316691938002,0.8644197295978077,-0.012309621229205708,-137.46412452621306,159.93005299348624
S43A11T05,moving_support_variable_length,0.1,43013,0.26666666666666666,0.14154857623769365,0.834315896455995,0.08268296570452673,0.8629978640498064,0.848166638495004,0.8680793821137056,-0.011106694148704235,-140.72583778782254,167.13022696032226
S43A11T05,moving_support_variable_length,0.1,43013,0.3,0.1688791079082862,0.8254969396186176,0.09708229300125498,0.8657315004497186,0.8443731974070177,0.872165648627322,-0.00866215259091997,-144.01644471053052,172.38988945457078
S43A11T05,moving_support_variable_length,0.1,43013,0.3333333333333333,0.1997984675081378,0.8139498437150855,0.11344405042076731,0.8686491302128815,0.8392882769577726,0.8766699875894058,-0.004873132268027073,-147.33613731587857,175.11517484948502
S43A11T05,moving_support_variable_length,0.1,43013,0.36666666666666664,0.23457333191931615,0.7993809157022418,0.13190229025389508,0.8717122803293395,0.8329996015060794,0.8815885488006326,0.00031175222616074225,-150.6850866208726,174.80065989835603
S43A11T05,moving_support_variable_length,0.1,43013,0.4,0.2733589040684937,0.7816044018986413,0.1525316231769074,0.8748819529595803,0.8257812845636293,0.8869227070244423,0.006883222498439407,-154.06344148969413,171.07752688399552
S43A11T05,moving_support_variable_length,0.1,43013,0.43333333333333335,0.31616358314270576,0.7605718205989397,0.17534102668020002,0.8781186540773063,0.818113947223682,0.8926796405449418,0.014765281301557428,-157.47132747133665,163.75242410665484
S43A11T05,moving_support_variable_length,0.1,43013,0.4666666666666667,0.3628200904419821,0.7363940120403271,0.20027151138225918,0.8813824265033238,0.8106799152345974,0.8988729475418589,0.02381303447422707,-160.90884562609006,152.8329050584524
S43A11T05,moving_support_variable_length,0.1,43013,0.5,0.4129664076213316,0.7093531060229245,0.22719808718567444,0.8846328877501815,0.8043244030485809,0.9055232901345248,0.033814833293747244,-164.37607134408896,138.538067736601
S43A11T05,moving_support_variable_length,0.1,43013,0.5333333333333333,0.4660393156122926,0.6799022991254661,0.25593615019759924,0.8878292731364941,0.7999771823775077,0.9126590524675395,0.044498859702588094,-167.8730531594365,121.29557851977526
S43A11T05,moving_support_variable_length,0.1,43013,0.5666666666666667,0.5212824365888812,0.6486523137738005,0.28625212490840946,0.8909304846729231,0.7985374908593982,0.9203169952750813,0.05554399052293918,-171.39981156371553,101.72735557051075
S43A11T05,moving_support_variable_length,0.1,43013,0.6,0.5777695349737163,0.616344602998399,0.31787796431959026,0.8938951462685205,0.8007374975382892,0.9285428850197688,0.06659454505477712,-174.95633782299709,80.62510718688306
S43A11T05,moving_support_variable_length,0.1,43013,0.6333333333333333,0.6344425108367016,0.5838126575173659,0.3505289108787709,0.8966816658563125,0.8070124867939187,0.9373920710746003,0.07727832070616591,-178.54259280275633,58.91431980453548
S43A11T05,moving_support_variable_length,0.1,43013,0.6666666666666666,0.6901621295260982,0.551934030834776,0.38392370281228205,0.8992483050901319,0.8174116591146294,0.946929979710915,0.08722710312357809,-182.15850580539922,37.60307272414051
S43A11T05,moving_support_variable_length,0.1,43013,0.7,0.7437682070932949,0.5215767757859083,0.4178061324740402,0.9015532573199736,0.8315757966526744,0.9572324891877265,0.09609855940297239,-185.80397342538927,17.712284282997246
S43A11T05,moving_support_variable_length,0.1,43013,0.7333333333333333,0.7941448591295673,0.49354473942708244,0.45196653142511345,0.903554734609339,0.8487881058317148,0.9683861464441024,0.10359809113680958,-189.4788584272434,0.18759002648587852
S43A11T05,moving_support_variable_length,0.1,43013,0.7666666666666667,0.8402856673116296,0.4685264749149003,0.4862614394881681,0.9052110646133887,0.8680819933934077,0.980488183330025,0.10949890665042968,-193.18298865192367,-14.200775827023165
S43A11T05,moving_support_variable_length,0.1,43013,0.8,0.881353346237076,0.4470523287993133,0.5206295262640052,0.9064807981888927,0.8883756756847843,0.9936462896193261,0.11365838307559487,-196.91615595740365,-24.957161900540953
S43A11T05,moving_support_variable_length,0.1,43014,0.0,0.010960802925529037,0.8521797239364326,0.010960802925529037,0.8521797239364326,0.8522502103778835,0.8522502103784702,0.0,93.73598684583827,-36.89180564007971
S43A11T05,moving_support_variable_length,0.1,43014,0.03333333333333333,0.021397124688803917,0.8519793701999451,0.018781389524107822,0.851750866982423,0.8523210915219913,0.8520226093524708,-0.002735753443393168,88.62716191475553,-33.62124727955033
S43A11T05,moving_support_variable_length,0.1,43014,0.06666666666666667,0.03311908006898902,0.8516845342832344,0.028091943875436065,0.8510838509819078,0.8525560994027799,0.8517434210267852,-0.005421245456786282,83.47602119310206,-30.193855992864325
S43A11T05,moving_support_variable_length,0.1,43014,0.1,0.046251694383702406,0.851130240871592,0.03900625492525554,0.850208924892993,0.8528516242517836,0.8515022640829114,-0.007907386690217713,78.28319467915374,-26.773753792916985
S43A11T05,moving_support_variable_length,0.1,43014,0.13333333333333333,0.060978719577358134,0.850085378713126,0.05165593057246433,0.8491580780582526,0.8530455260626782,0.8513953078624911,-0.010024931270416886,73.04933438901247,-23.617889430444706
S43A11T05,moving_support_variable_length,0.1,43014,0.16666666666666666,0.07754616893806762,0.8482538218564193,0.06618454074624826,0.8479649418568482,0.8529243040429751,0.8515242092720324,-0.011590367528027988,67.7751137059048,-21.077087588700472
S43A11T05,moving_support_variable_length,0.1,43014,0.2,0.09625855411383487,0.8452822089031266,0.08273964623040764,0.8466646703485848,0.8522392404327344,0.8519948757764355,-0.012413936633433606,62.46122671508266,-19.587654895482736
S43A11T05,moving_support_variable_length,0.1,43014,0.23333333333333334,0.11746692611850389,0.8407748930170175,0.10146287163620052,0.8452937988977725,0.8507316691938002,0.852916048968969,-0.012309621229205708,57.10838752844886,-19.651567057249977
S43A11T05,moving_support_variable_length,0.1,43014,0.26666666666666666,0.14154857623769365,0.834315896455995,0.12247843283760028,0.8438900798517154,0.848166638495004,0.8543977136118059,-0.011106694148704235,51.71732960311447,-21.804876600910028
S43A11T05,moving_support_variable_length,0.1,43014,0.3,0.1688791079082862,0.8254969396186176,0.14588079380893176,0.8424922944460467,0.8443731974070177,0.8565493497072493,-0.00866215259091997,46.288805058148945,-26.57614100285261
S43A11T05,moving_support_variable_length,0.1,43014,0.3333333333333333,0.1997984675081378,0.8139498437150855,0.17172235855886678,0.8411400402154158,0.8392882769577726,0.8594780594261745,-0.004873132268027073,40.8235839937981,-34.43886422662507
S43A11T05,moving_support_variable_length,0.1,43014,0.36666666666666664,0.23457333191931615,0.7993809157022418,0.20000225201847427,0.8398734933013996,0.8329996015060794,0.8632866154751851,0.00031175222616074225,35.32245381743091,-45.76356131885596
S43A11T05,moving_support_variable_length,0.1,43014,0.4,0.2733589040684937,0.7816044018986413,0.23065727155274862,0.8387331451679847,0.8257812845636293,0.8680714912002007,0.006883222498439407,29.786218580415177,-60.775565089883735
S43A11T05,moving_support_variable_length,0.1,43014,0.43333333333333335,0.31616358314270576,0.7605718205989397,0.2635559833957188,0.8377595133565326,0.818113947223682,0.8739209436035276,0.014765281301557428,24.215698330032353,-79.52380617838435
S43A11T05,moving_support_variable_length,0.1,43014,0.4666666666666667,0.3628200904419821,0.7363940120403271,0.298496710917808,0.8369928260348855,0.8106799152345974,0.8809132266798052,0.02381303447422707,18.61172848040761,-101.86361551812386
S43A11T05,moving_support_variable_length,0.1,43014,0.5,0.4129664076213316,0.7093531060229245,0.33520985781082185,0.8364726802175471,0.8043244030485809,0.8891150125574164,0.033814833293747244,12.975159206262424,-127.4537339204803
S43A11T05,moving_support_variable_length,0.1,43014,0.5333333333333333,0.4660393156122926,0.6799022991254661,0.3733646882120199,0.8362376736545036,0.7999771823775077,0.8985800910332318,0.044498859702588094,7.306854863091827,-155.76525419749012
S43A11T05,moving_support_variable_length,0.1,43014,0.5666666666666667,0.5212824365888812,0.6486523137738005,0.412580399337592,0.8363250105047466,0.7985374908593982,0.9093484043071877,0.05554399052293918,1.6076934371192388,-186.09935254469744
S43A11T05,moving_support_variable_length,0.1,43014,0.6,0.5777695349737163,0.616344602998399,0.4524410903781537,0.8367700810273764,0.8007374975382892,0.9214454541868154,0.06659454505477712,-4.121433971890071,-217.61194128506764
S43A11T05,moving_support_variable_length,0.1,43014,0.6333333333333333,0.6344425108367016,0.5838126575173659,0.4925140315679609,0.8376060156399241,0.8070124867939187,0.9348820957811146,0.07727832070616591,-9.879623632194912,-249.34609267506195
S43A11T05,moving_support_variable_length,0.1,43014,0.6666666666666666,0.6901621295260982,0.551934030834776,0.5323704190700118,0.8388632138133049,0.8174116591146294,0.9496547073657735,0.08722710312357809,-15.66595962360223,-280.27545179925545
S43A11T05,moving_support_variable_length,0.1,43014,0.7,0.7437682070932949,0.5215767757859083,0.5716075233488127,0.8405688484003421,0.8315757966526744,0.9657457034307342,0.09609855940297239,-21.479514240905687,-309.3620262779799
S43A11T05,moving_support_variable_length,0.1,43014,0.7333333333333333,0.7941448591295673,0.49354473942708244,0.609870806798181,0.8427463461367405,0.8487881058317148,0.9831243393136834,0.10359809113680958,-27.319348355593384,-335.62892778417375
S43A11T05,moving_support_variable_length,0.1,43014,0.7666666666666667,0.8402856673116296,0.4685264749149003,0.6468742689139363,0.8454148452184478,0.8680819933934077,1.001747742939592,0.10949890665042968,-33.184511734606886,-358.24355112310747
S43A11T05,moving_support_variable_length,0.1,43014,0.8,0.881353346237076,0.4470523287993133,0.6824170885208846,0.8485886310584636,0.8883756756847843,1.0215621027536599,0.11365838307559487,-39.07404331537868,-376.6011542259941
S43A11T05,moving_support_variable_length,1.0,43013,0.0,0.010960802925529037,0.8521797239364326,0.010960802925529037,0.8521797239364326,0.8522502103778835,0.8522502103784702,0.0,-283.14403319398343,272.3298494230705
S43A11T05,moving_support_variable_length,1.0,43013,0.03333333333333333,0.021397124688803917,0.8519793701999451,0.01806123110590732,0.8521657969948429,0.8523210915219913,0.852419532938564,-0.002735753443393168,-289.12059649067237,282.6745225193385
S43A11T05,moving_support_variable_length,1.0,43013,0.06666666666666667,0.03311908006898902,0.8516845342832344,0.02530206068717692,0.8526754810957994,0.8525560994027799,0.8532288072981178,-0.005421245456786282,-295.0682947976802,294.2234584959448
S43A11T05,moving_support_variable_length,1.0,43013,0.1,0.046251694383702406,0.851130240871592,0.0329366134652617,0.8536344051812921,0.8528516242517836,0.8546109817097597,-0.007907386690217713,-300.9843172682916,306.758050406796
S43A11T05,moving_support_variable_length,1.0,43013,0.13333333333333333,0.060978719577358134,0.850085378713126,0.04124044248261615,0.8549667790400824,0.8530455260626782,0.8565023828391906,-0.010024931270416886,-306.8659562029471,319.96250284631094
S43A11T05,moving_support_variable_length,1.0,43013,0.16666666666666666,0.07754616893806762,0.8482538218564193,0.05050529243786074,0.8565955107949447,0.8529243040429751,0.8588432570042402,-0.011590367528027988,-312.7106136467423,333.4187007734214
S43A11T05,moving_support_variable_length,1.0,43013,0.2,0.09625855411383487,0.8452822089031266,0.06103092269609497,0.8584423318322429,0.8522392404327344,0.8615784261717054,-0.012413936633433606,-318.5158072550612,346.6104564654148
S43A11T05,moving_support_variable_length,1.0,43013,0.23333333333333334,0.11746692611850389,0.8407748930170175,0.07311495173858595,0.8604279284568265,0.8507316691938002,0.8646580698381501,-0.012309621229205708,-324.2791754077709,358.9398746831747
S43A11T05,moving_support_variable_length,1.0,43013,0.26666666666666666,0.14154857623769365,0.834315896455995,0.08704113396853597,0.8624720794885911,0.848166638495004,0.8680386420330064,-0.011106694148704235,-329.9984815603076,369.7570626675431
S43A11T05,moving_support_variable_length,1.0,43013,0.3,0.1688791079082862,0.8254969396186176,0.10306674457422148,0.8644937989608561,0.8443731974070177,0.871683930621938,-0.00866215259091997,-335.6716178277029,378.40216206804826
S43A11T05,moving_support_variable_length,1.0,43013,0.3333333333333333,0.1997984675081378,0.8139498437150855,0.12140997905388448,0.8664114830360812,0.8392882769577726,0.8755662637076214,-0.004873132268027073,-341.29660780500427,384.25616736924616
S43A11T05,moving_support_variable_length,1.0,43013,0.36666666666666664,0.23457333191931615,0.7993809157022418,0.14223842230768768,0.868143060222257,0.8329996015060794,0.8796678649885398,0.00031175222616074225,-346.87160863455244,386.79486272185534
S43A11T05,moving_support_variable_length,1.0,43013,0.4,0.2733589040684937,0.7816044018986413,0.16565967013694446,0.8696061439542163,0.8257812845636293,0.8839823561183923,0.006883222498439407,-352.3949123370988,385.6390969800308
S43A11T05,moving_support_variable_length,1.0,43013,0.43333333333333335,0.31616358314270576,0.7605718205989397,0.1917150787287122,0.8707181865985103,0.818113947223682,0.8885163989954881,0.014765281301557428,-357.8649464297088,380.5949733348164
S43A11T05,moving_support_variable_length,1.0,43013,0.4666666666666667,0.3628200904419821,0.7363940120403271,0.22037739040200954,0.8713966339485094,0.8106799152345974,0.8932914640133401,0.02381303447422707,-363.2802738587576,371.67940278872646
S43A11T05,moving_support_variable_length,1.0,43013,0.5,0.4129664076213316,0.7093531060229245,0.25155268013938,0.871559079297901,0.8043244030485809,0.8983457010842636,0.033814833293747244,-368.639592281021,359.12932295061375
S43A11T05,moving_support_variable_length,1.0,43013,0.5333333333333333,0.4660393156122926,0.6799022991254661,0.2850867464146342,0.8711234162153929,0.7999771823775077,0.9037358781814214,0.044498859702588094,-373.94173272990355,343.39558742466755
S43A11T05,moving_support_variable_length,1.0,43013,0.5666666666666667,0.5212824365888812,0.6486523137738005,0.3207757834073492,0.8700079891905861,0.7985374908593982,0.9095393368145908,0.05554399052293918,-379.185657707182,325.1237681715036
S43A11T05,moving_support_variable_length,1.0,43013,0.6,0.5777695349737163,0.616344602998399,0.35838093988774866,0.8681317413798609,0.8007374975382892,0.9158558951067862,0.06659454505477712,-384.3704587433111,305.12320955906097
S43A11T05,moving_support_variable_length,1.0,43013,0.6333333333333333,0.6344425108367016,0.5838126575173659,0.39764617020582926,0.8654143587507275,0.8070124867939187,0.9228096073004289,0.07727832070616591,-389.4953534713237,284.32334163712443
S43A11T05,moving_support_variable_length,1.0,43013,0.6666666666666666,0.6901621295260982,0.551934030834776,0.43831856452167606,0.8617764100023139,0.8174116591146294,0.9305502646843578,0.08722710312357809,-394.55968226070775,263.7144531934946
S43A11T05,moving_support_variable_length,1.0,43013,0.7,0.7437682070932949,0.5215767757859083,0.4801700673991902,0.8571394817272445,0.8315757966526744,0.9392544992658476,0.09609855940297239,-399.5629044583772,244.2708605113779
S43A11T05,moving_support_variable_length,1.0,43013,0.7333333333333333,0.7941448591295673,0.49354473942708244,0.52301916192202,0.851426308374795,0.8487881058317148,0.9491263315346087,0.10359809113680958,-404.5045942840183,226.85844120128536
S43A11T05,moving_support_variable_length,1.0,43013,0.7666666666666667,0.8402856673116296,0.4685264749149003,0.5667507789420595,0.8445608966755295,0.8680819933934077,0.9603969923466937,0.10949890665042968,-409.3844364267314,212.13479483874806
S43A11T05,moving_support_variable_length,1.0,43013,0.8,0.881353346237076,0.4470523287993133,0.6113325022111692,0.8364686442922517,0.8883756756847843,0.973323852447112,0.11365838307559487,-414.2022213890588,200.45644322578647
S43A11T05,moving_support_variable_length,1.0,43014,0.0,0.010960802925529037,0.8521797239364326,0.010960802925529037,0.8521797239364326,0.8522502103778835,0.8522502103784702,0.0,-117.16290634068382,133.02683687647908
S43A11T05,moving_support_variable_length,1.0,43014,0.03333333333333333,0.021397124688803917,0.8519793701999451,0.01832283329456707,0.8521372513236621,0.8523210915219913,0.8523974185612286,-0.002735753443393168,-123.20426842746579,134.1034872805854
S43A11T05,moving_support_variable_length,1.0,43014,0.06666666666666667,0.03311908006898902,0.8516845342832344,0.026212462767178195,0.8526771703002956,0.8525560994027799,0.853263762413662,-0.005421245456786282,-129.19237352732193,135.23415275994319
S43A11T05,moving_support_variable_length,1.0,43014,0.1,0.046251694383702406,0.851130240871592,0.03466745284413212,0.8538930019323494,0.8528516242517836,0.854953727234062,-0.007907386690217713,-135.12707438495764,136.45568101880588
S43A11T05,moving_support_variable_length,1.0,43014,0.13333333333333333,0.060978719577358134,0.850085378713126,0.04373466935736278,0.8558667519240868,0.8530455260626782,0.8575534920398521,-0.010024931270416886,-141.00828437148087,137.75314041841722
S43A11T05,moving_support_variable_length,1.0,43014,0.16666666666666666,0.07754616893806762,0.8482538218564193,0.05346737027999947,0.8586667798309433,0.8529243040429751,0.8611278348973163,-0.011590367528027988,-146.83597527098337,139.0461316186428
S43A11T05,moving_support_variable_length,1.0,43014,0.2,0.09625855411383487,0.8452822089031266,0.06392083362710842,0.8623463911987131,0.8522392404327344,0.865718369659079,-0.012413936633433606,-152.61017499350197,140.1795520239893
S43A11T05,moving_support_variable_length,1.0,43014,0.23333333333333334,0.11746692611850389,0.8407748930170175,0.07514631134319039,0.8669431968866406,0.8507316691938002,0.8713432427988042,-0.012309621229205708,-158.33096522351417,140.92231835254475
S43A11T05,moving_support_variable_length,1.0,43014,0.26666666666666666,0.14154857623769365,0.834315896455995,0.0871835009474279,0.8724791958893698,0.848166638495004,0.8779982401535877,-0.011106694148704235,-163.99847901289687,140.9768896218551
S43A11T05,moving_support_variable_length,1.0,43014,0.3,0.1688791079082862,0.8254969396186176,0.1000519671470337,0.8789614599181435,0.8443731974070177,0.8856590810536706,-0.00866215259091997,-169.61289832703852,140.00086095463678
S43A11T05,moving_support_variable_length,1.0,43014,0.3333333333333333,0.1997984675081378,0.8139498437150855,0.11374218125850222,0.8863832456880988,0.8392882769577726,0.8942845469091845,-0.004873132268027073,-175.17445155252832,137.63970833217616
S43A11T05,moving_support_variable_length,1.0,43014,0.36666666666666664,0.23457333191931615,0.7993809157022418,0.1282070298754805,0.8947253436834585,0.8329996015060794,0.9038200278127717,0.00031175222616074225,-180.6834109745722,133.56749448631717
S43A11T05,moving_support_variable_length,1.0,43014,0.4,0.2733589040684937,0.7816044018986413,0.14335473284712177,0.9039574900800053,0.8257812845636293,0.9142010812778518,0.006883222498439407,-186.14009023199006,127.5306502391749
S43A11T05,moving_support_variable_length,1.0,43014,0.43333333333333335,0.31616358314270576,0.7605718205989397,0.15904407877924331,0.9140397124246948,0.818113947223682,0.9253566703126022,0.014765281301557428,-191.54484175735467,119.38940364224834
S43A11T05,moving_support_variable_length,1.0,43014,0.4666666666666667,0.3628200904419821,0.7363940120403271,0.17508273588597295,0.9249235351725996,0.8106799152345974,0.9372118589104482,0.02381303447422707,-196.8980542095251,109.15230493439657
S43A11T05,moving_support_variable_length,1.0,43014,0.5,0.4129664076213316,0.7093531060229245,0.1912291584922937,0.9365530235878535,0.8043244030485809,0.9496898629396148,0.033814833293747244,-202.200149905516,97.00128585610469
S43A11T05,moving_support_variable_length,1.0,43014,0.5333333333333333,0.4660393156122926,0.6799022991254661,0.20719833565979048,0.9488656832712679,0.7999771823775077,0.9627134591183393,0.044498859702588094,-207.45158225834209,83.3068256187729
S43A11T05,moving_support_variable_length,1.0,43014,0.5666666666666667,0.5212824365888812,0.6486523137738005,0.22267136688856876,0.9617932533018021,0.7985374908593982,0.976205829745307,0.05554399052293918,-212.65283322716064,68.63373557398896
S43A11T05,moving_support_variable_length,1.0,43014,0.6,0.5777695349737163,0.616344602998399,0.2373086221120177,0.9752624350040907,0.8007374975382892,0.9900909621022775,0.06659454505477712,-217.80441078573455,53.7369314775236
S43A11T05,moving_support_variable_length,1.0,43014,0.6333333333333333,0.6344425108367016,0.5838126575173659,0.2507660312190157,0.9891955906118854,0.8070124867939187,1.0042937330213644,0.07727832070616591,-222.90684641493795,39.54377195045718
S43A11T05,moving_support_variable_length,1.0,43014,0.6666666666666666,0.6901621295260982,0.551934030834776,0.26271380764791946,1.0035114326097303,0.8174116591146294,1.0187397993816905,0.08722710312357809,-227.96069262473117,27.11696110752444
S43A11T05,moving_support_variable_length,1.0,43014,0.7,0.7437682070932949,0.5215767757859083,0.27285660562392217,1.0181257104777106,0.8315757966526744,1.0333553934830895,0.09609855940297239,-232.96652051074585,17.591925571136883
S43A11T05,moving_support_variable_length,1.0,43014,0.7333333333333333,0.7941448591295673,0.49354473942708244,0.28095375162273256,1.0329518902992332,0.8487881058317148,1.0480670961251275,0.10359809113680958,-237.9249173503452,12.086311689718968
S43A11T05,moving_support_variable_length,1.0,43014,0.7666666666666667,0.8402856673116296,0.4685264749149003,0.286837848960865,1.0479018156758124,0.8680819933934077,1.0628016351876055,0.10949890665042968,-242.8364842427523,11.586381646834056
S43A11T05,moving_support_variable_length,1.0,43014,0.8,0.881353346237076,0.4470523287993133,0.2904298458300886,1.0628863356122202,0.8883756756847843,1.0774857365536383,0.11365838307559487,-247.70183379758538,16.82351718616607
S43A11T05,moving_support_variable_length,10.0,43013,0.0,0.010960802925529037,0.8521797239364326,0.010960802925529037,0.8521797239364326,0.8522502103778835,0.8522502103784702,0.0,-383.8576720884828,440.189280017972
S43A11T05,moving_support_variable_length,10.0,43013,0.03333333333333333,0.021397124688803917,0.8519793701999451,0.018756074462852053,0.8495073850877894,0.8523210915219913,0.8497792042562853,-0.002735753443393168,-389.2503523148925,448.62969311920403
S43A11T05,moving_support_variable_length,10.0,43013,0.06666666666666667,0.03311908006898902,0.8516845342832344,0.028027979145738867,0.8420851087700555,0.8525560994027799,0.8427491803851169,-0.005421245456786282,-394.5181338285722,457.1215784773518
S43A11T05,moving_support_variable_length,10.0,43013,0.1,0.046251694383702406,0.851130240871592,0.038947992513152875,0.8299055540310183,0.8528516242517836,0.8312271982874616,-0.007907386690217713,-399.6666312640805,465.33533543067784
S43A11T05,moving_support_variable_length,10.0,43013,0.13333333333333333,0.060978719577358134,0.850085378713126,0.05170769833719227,0.8129628156820504,0.8530455260626782,0.8153032915675967,-0.010024931270416886,-404.7013722344853,472.8260467289592
S43A11T05,moving_support_variable_length,10.0,43013,0.16666666666666666,0.07754616893806762,0.8482538218564193,0.06651287360624919,0.7912525892713789,0.8529243040429751,0.7950979664829614,-0.011590367528027988,-409.62778396302133,479.0525515217091
S43A11T05,moving_support_variable_length,10.0,43013,0.2,0.09625855411383487,0.8452822089031266,0.08357544121631305,0.7647723545927569,0.8522392404327344,0.7707728037562892,-0.012413936633433606,-414.45118183464405,483.41348083423276
S43A11T05,moving_support_variable_length,10.0,43013,0.23333333333333334,0.11746692611850389,0.8407748930170175,0.10310344754032269,0.7335215797871942,0.8507316691938002,0.7425456783641671,-0.012309621229205708,-419.17675971042536,485.3000844841522
S43A11T05,moving_support_variable_length,10.0,43013,0.26666666666666666,0.14154857623769365,0.834315896455995,0.12528947394575302,0.6975019482949064,0.848166638495004,0.7107129396226312,-0.011106694148704235,-423.80958185208743,484.16213421483974
S43A11T05,moving_support_variable_length,10.0,43013,0.3,0.1688791079082862,0.8254969396186176,0.15029815594209503,0.6567176111265224,0.8443731974070177,0.6756821741422794,-0.00866215259091997,-428.3545763096464,479.5793942271758
S43A11T05,moving_support_variable_length,10.0,43013,0.3333333333333333,0.1997984675081378,0.8139498437150855,0.1782537143751721,0.611175467146299,0.8392882769577726,0.638021076144024,-0.004873132268027073,-432.81652963181864,471.32819584083194
S43A11T05,moving_support_variable_length,10.0,43013,0.36666666666666664,0.23457333191931615,0.7993809157022418,0.20922855122416315,0.5608854742945817,0.8329996015060794,0.5985304872596129,0.00031175222616074225,-437.200082766211,459.4315740960214
S43A11T05,moving_support_variable_length,10.0,43013,0.4,0.2733589040684937,0.7816044018986413,0.2432339903361921,0.5058609949203041,0.8257812845636293,0.5583520678212406,0.006883222498439407,-441.50972802417664,444.18281902430294
S43A11T05,moving_support_variable_length,10.0,43013,0.43333333333333335,0.31616358314270576,0.7605718205989397,0.2802141360215874,0.4461191786442822,0.818113947223682,0.5191198474605113,0.014765281301557428,-445.7498069933276,426.13604463990083
S43A11T05,moving_support_variable_length,10.0,43013,0.4666666666666667,0.3628200904419821,0.7363940120403271,0.32004359498791357,0.38168138642657373,0.8106799152345974,0.4831492789270873,0.02381303447422707,-449.9245092889008,406.0625638952447
S43A11T05,moving_support_variable_length,10.0,43013,0.5,0.4129664076213316,0.7093531060229245,0.36252950320194877,0.31257365976078844,0.8043244030485809,0.4536029397943878,0.033814833293747244,-454.03787204335254,384.87696243635116
S43A11T05,moving_support_variable_length,10.0,43013,0.5333333333333333,0.4660393156122926,0.6799022991254661,0.4074179781269927,0.238827239157414,0.7999771823775077,0.4344522260070717,0.044498859702588094,-458.09378004157276,363.54026404078064
S43A11T05,moving_support_variable_length,10.0,43013,0.5666666666666667,0.5212824365888812,0.6486523137738005,0.45440483024254447,0.16047913629682342,0.7985374908593982,0.4299343236465345,0.05554399052293918,-462.0959664169043,342.9488075912252
S43A11T05,moving_support_variable_length,10.0,43013,0.6,0.5777695349737163,0.616344602998399,0.5031501358374785,0.07757276441708527,0.8007374975382892,0.4433940883953484,0.06659454505477712,-466.04801383063824,323.8172252040236
S43A11T05,moving_support_variable_length,10.0,43013,0.6333333333333333,0.6344425108367016,0.5838126575173659,0.5532960731239521,-0.00984136836569005,0.8070124867939187,0.47611947360845264,0.07727832070616591,-469.9533560648149,306.5641723889859
S43A11T05,moving_support_variable_length,10.0,43013,0.6666666666666666,0.6901621295260982,0.551934030834776,0.6044872053486918,-0.1017048980489883,0.8174116591146294,0.5271640158831882,0.08722710312357809,-473.81527996491917,291.2118226754537
S43A11T05,moving_support_variable_length,10.0,43013,0.7,0.7437682070932949,0.5215767757859083,0.6563921165185194,-0.19795077133850536,0.8315757966526744,0.5942334373120566,0.09609855940297239,-477.6369276754464,277.3142967757865
S43A11T05,moving_support_variable_length,10.0,43013,0.7333333333333333,0.7941448591295673,0.49354473942708244,0.708724973388479,-0.2985023353246081,0.8487881058317148,0.6747460172678831,0.10359809113680958,-481.4212991172762,263.9336094045676
S43A11T05,moving_support_variable_length,10.0,43013,0.7666666666666667,0.8402856673116296,0.4685264749149003,0.761265269862845,-0.4032723460951386,0.8680819933934077,0.7664385019955713,0.10949890665042968,-485.1712546613555,249.68086860752052
S43A11T05,moving_support_variable_length,10.0,43013,0.8,0.881353346237076,0.4470523287993133,0.8138738212257803,-0.5121618927597493,0.8883756756847843,0.8675318231742887,0.11365838307559487,-488.8895179583462,232.83287707121474
S43A11T05,moving_support_variable_length,10.0,43014,0.0,0.010960802925529037,0.8521797239364326,0.010960802925529037,0.8521797239364326,0.8522502103778835,0.8522502103784702,0.0,6.876302484638972,-17.468879328308923
S43A11T05,moving_support_variable_length,10.0,43014,0.03333333333333333,0.021397124688803917,0.8519793701999451,0.01802754831611851,0.8506244823770012,0.8523210915219913,0.8508778553471101,-0.002735753443393168,2.989156979574283,-12.159509837198705
S43A11T05,moving_support_variable_length,10.0,43014,0.06666666666666667,0.03311908006898902,0.8516845342832344,0.02510128316200466,0.8466334593637395,0.8525560994027799,0.8471834743834995,-0.005421245456786282,-0.9165091780986689,-6.112490063327689
S43A11T05,moving_support_variable_length,10.0,43014,0.1,0.046251694383702406,0.851130240871592,0.03233087628554426,0.8403270452775959,0.8528516242517836,0.8412898791934212,-0.007907386690217713,-4.8396917468401535,0.40117332969600383
S43A11T05,moving_support_variable_length,10.0,43014,0.13333333333333333,0.060978719577358134,0.850085378713126,0.03988008838763804,0.8318374182773725,0.8530455260626782,0.8333330675272854,-0.010024931270416886,-8.779365683413316,7.0217704549551065
S43A11T05,moving_support_variable_length,10.0,43014,0.16666666666666666,0.07754616893806762,0.8482538218564193,0.04792141162985467,0.8213084400958193,0.8529243040429751,0.8234617208056271,-0.011590367528027988,-12.734486248711415,13.312727307978584
S43A11T05,moving_support_variable_length,10.0,43014,0.2,0.09625855411383487,0.8452822089031266,0.0566278934017394,0.8088952676529457,0.8522392404327344,0.8118363925859301,-0.012413936633433606,-16.70399016545963,18.784021687933645
S43A11T05,moving_support_variable_length,10.0,43014,0.23333333333333334,0.11746692611850389,0.8407748930170175,0.06616313013789346,0.7947636531631797,0.8507316691938002,0.7986283472914079,-0.012309621229205708,-20.686796825229877,22.92734213156026
S43A11T05,moving_support_variable_length,10.0,43014,0.26666666666666666,0.14154857623769365,0.834315896455995,0.0766698652812216,0.7790889148926466,0.848166638495004,0.7840180238329709,-0.011106694148704235,-24.681809541982783,25.260813459189183
S43A11T05,moving_support_variable_length,10.0,43014,0.3,0.1688791079082862,0.8254969396186176,0.08825788379095678,0.7620545733727512,0.8443731974070177,0.7681931178106128,-0.00866215259091997,-28.687916849134,25.37859031132096
S43A11T05,moving_support_variable_length,10.0,43014,0.3333333333333333,0.1997984675081378,0.8139498437150855,0.10099211749956255,0.7438506633662137,0.8392882769577726,0.751346298653098,-0.004873132268027073,-32.70399383694488,22.998665903168018
S43A11T05,moving_support_variable_length,10.0,43014,0.36666666666666664,0.23457333191931615,0.7993809157022418,0.11488201285958806,0.7246717494594165,0.8329996015060794,0.7336726034732268,0.00031175222616074225,-36.728903526846366,18.001555111198243
S43A11T05,moving_support_variable_length,10.0,43014,0.4,0.2733589040684937,0.7816044018986413,0.1298732282102153,0.7047146916365213,0.8257812845636293,0.7153665760394037,0.006883222498439407,-40.76149827913043,10.453486237176968
S43A11T05,moving_support_variable_length,10.0,43014,0.43333333333333335,0.31616358314270576,0.7605718205989397,0.14584260787362974,0.6841762250265042,0.818113947223682,0.6966192449493478,0.014765281301557428,-44.80062123028901,0.6103102215342489
S43A11T05,moving_support_variable_length,10.0,43014,0.4666666666666667,0.3628200904419821,0.7363940120403271,0.16259714157103977,0.6632504334366007,0.8106799152345974,0.6776150572688732,0.02381303447422707,-48.84510775613531,-11.098068111722249
S43A11T05,moving_support_variable_length,10.0,43014,0.5,0.4129664076213316,0.7093531060229245,0.1798773046875525,0.6421262075309001,0.8043244030485809,0.6585288998583758,0.033814833293747244,-52.89378695672236,-24.09933024792975
S43A11T05,moving_support_variable_length,10.0,43014,0.5333333333333333,0.4660393156122926,0.6799022991254661,0.1973648481117125,0.6209847840836227,0.7999771823775077,0.6395233478745573,0.044498859702588094,-56.94548315896928,-37.72063008916395
S43A11T05,moving_support_variable_length,10.0,43014,0.5666666666666667,0.5212824365888812,0.6486523137738005,0.2146948183462304,0.5999974616585122,0.7985374908593982,0.6207462766658344,0.05554399052293918,-60.99901743282036,-51.234533332593614
S43A11T05,moving_support_variable_length,10.0,43014,0.6,0.5777695349737163,0.616344602998399,0.23147135963724352,0.5793235800823153,0.8007374975382892,0.6023289586490523,0.06659454505477712,-65.05320911669891,-63.904482694906406
S43A11T05,moving_support_variable_length,10.0,43014,0.6333333333333333,0.6344425108367016,0.5838126575173659,0.24728665709056355,0.5591088367389432,0.8070124867939187,0.5843847412114426,0.07727832070616591,-69.10687734797509,-75.02786608792255
S43A11T05,moving_support_variable_length,10.0,43014,0.6666666666666666,0.6901621295260982,0.551934030834776,0.26174217196829563,0.5394839933138302,0.8174116591146294,0.5670083670429505,0.08722710312357809,-73.15884259414304,-83.97670918550612
S43A11T05,moving_support_variable_length,10.0,43014,0.7,0.7437682070932949,0.5215767757859083,0.27447105516432624,0.5205640040422579,0.8315757966526744,0.5502759576336604,0.09609855940297239,-77.20792818040239,-90.23620528835139
S43A11T05,moving_support_variable_length,10.0,43014,0.7333333333333333,0.7941448591295673,0.49354473942708244,0.2851603066478014,0.5024475729371579,0.8487881058317148,0.5342456379351173,0.10359809113680958,-81.25296180935966,-93.43979616226443
S43A11T05,moving_support_variable_length,10.0,43014,0.7666666666666667,0.8402856673116296,0.4685264749149003,0.2935709444343103,0.48521712505188197,0.8680819933934077,0.5189587397265066,0.10949890665042968,-85.29277706860441,-93.39738069606416
S43A11T05,moving_support_variable_length,10.0,43014,0.8,0.881353346237076,0.4470523287993133,0.29955426948302055,0.4689391574262506,0.8883756756847843,0.5044414871437959,0.11365838307559487,-89.32621492197694,-90.11181200571741
