held_out_trial,mechanics,physics_weight,seed,time_s,actual_horizontal_m,actual_vertical_m,model_horizontal_m,model_vertical_m,actual_physics_radius_m,model_physics_radius_m,support_displacement_m,effective_torque_nm,physics_residual_nm
S43A13T01,moving_support_variable_length,0.0,43013,0.0,0.17113802923415694,0.9435415082395703,0.17113802923415694,0.9435415082395703,0.9589362871542375,0.9589362871547589,0.0,0.0,24.76822215528957
S43A13T01,moving_support_variable_length,0.0,43013,0.03333333333333333,0.18501660275720605,0.9423491553740256,0.18233613626003115,0.9430262160232061,0.9617613190334817,0.9618928496335173,-0.007240787620597572,0.0,30.068861390406553
S43A13T01,moving_support_variable_length,0.0,43013,0.06666666666666667,0.20012149415891411,0.9392409749994433,0.19582404628690225,0.9399553605393988,0.9635660694512576,0.9633127157181847,-0.015020229083791407,0.0,37.381382213040496
S43A13T01,moving_support_variable_length,0.0,43013,0.1,0.2168155494795943,0.9335476641357328,0.2119451114938771,0.9343457132313392,0.9638585399316439,0.9634322250030398,-0.02300113840070636,0.0,45.58208299412704
S43A13T01,moving_support_variable_length,0.0,43013,0.13333333333333333,0.23548612926535817,0.9246136839488183,0.23109604868735067,0.9262139453210414,0.9621927457511705,0.9625268773933185,-0.030792700968611912,0.0,53.215247986717884
S43A13T01,moving_support_variable_length,0.0,43013,0.16666666666666666,0.2565172360985002,0.9118513000198769,0.2537020465612307,0.9155766275168292,0.958226846136173,0.9609142919360061,-0.03797537044390093,0.0,58.62439001499475
S43A13T01,moving_support_variable_length,0.0,43013,0.2,0.28025785444553786,0.8947970447744102,0.28018754315447775,0.9024502298507137,0.9517821669500944,0.9589569062363392,-0.04413009537257679,0.0,60.11910603953595
S43A13T01,moving_support_variable_length,0.0,43013,0.23333333333333334,0.30698879278987223,0.8731658173807526,0.3109451003950386,0.8868511216407182,0.9428964061180551,0.957063959037565,-0.048869448688594226,0.0,56.160241989362675
S43A13T01,moving_support_variable_length,0.0,43013,0.26666666666666666,0.3368907098830414,0.8468974512247506,0.3463052601961733,0.8687955715732376,0.9318628938511238,0.955692163634404,-0.051867775613560894,0.0,45.541139398670225
S43A13T01,moving_support_variable_length,0.0,43013,0.3,0.3700161836089974,0.8161906681501904,0.3865104620022432,0.8482997479005555,0.919246727684662,0.9553443557266793,-0.052887280060319126,0.0,27.5402398892887
S43A13T01,moving_support_variable_length,0.0,43013,0.3333333333333333,0.40626860002737114,0.7815199559110912,0.43169596632004464,0.8253797187486862,0.9058684405658173,0.956565329782029,-0.05179710500398322,0.0,2.0212361472309084
S43A13T01,moving_support_variable_length,0.0,43013,0.36666666666666664,0.4453902811474483,0.7436320530451916,0.48188022511990825,0.8000514525307536,0.8927475562275825,0.9599341246995704,-0.04858296593594782,0.0,-30.538128670170522
S43A13T01,moving_support_variable_length,0.0,43013,0.4,0.48696163926610425,0.7035203453815678,0.5369662758162783,0.7723308184611685,0.881003300115848,0.9660522516205159,-0.04334576069095312,0.0,-69.09868426946038
S43A13T01,moving_support_variable_length,0.0,43013,0.43333333333333335,0.5304122794771864,0.6623774487748915,0.5967545728216791,0.7422335871659254,0.8717189524128272,0.9755278242671981,-0.03628874165316471,0.0,-112.19217111570245
S43A13T01,moving_support_variable_length,0.0,43013,0.4666666666666667,0.5750439362936584,0.621528393034126,0.6609663254081956,0.7097754313843906,0.8657891094938177,0.9889562462113394,-0.027694181607072092,0.0,-158.1186221172598
S43A13T01,moving_support_variable_length,0.0,43013,0.5,0.6200640177866267,0.5823489078518749,0.7292750421845164,0.6749719267580262,0.8637811747969741,1.006898923017383,-0.01789183292513643,0.0,-205.18217518034822
S43A13T01,moving_support_variable_length,0.0,43013,0.5333333333333333,0.6646274536782405,0.5461750975317227,0.8013427753471258,0.637838552701548,0.8658463192761163,1.0298621879196865,-0.007222686933645993,0.0,-251.92994800905058
S43A13T01,moving_support_variable_length,0.0,43013,0.5666666666666667,0.7078836253523669,0.5142120417691616,0.8768566999245142,0.5983906933520942,0.8717049719407736,1.0582789930526226,0.003997601762002732,0.0,-297.354873462158
S43A13T01,moving_support_variable_length,0.0,43013,0.6,0.7490245170087488,0.4874493824935817,0.9555613227386662,0.5566436385920501,0.8807094279265113,1.0924957202330927,0.0155109207167178,0.0,-341.02608266784694
S43A13T01,moving_support_variable_length,0.0,43013,0.6333333333333333,0.7873299720394364,0.4665916357211641,1.0372819141981995,0.5126125851412446,0.8919620807861601,1.132765682187889,0.027140127964007534,0.0,-383.120286612981
S43A13T01,moving_support_variable_length,0.0,43013,0.6666666666666666,0.8222061342198218,0.4520097879522368,1.1219357352008539,0.4663126377143151,0.9044543039290879,1.1792497191751896,0.03880027549062849,0.0,-424.3442210547833
S43A13T01,moving_support_variable_length,0.0,43013,0.7,0.8532138093466372,0.44371879821605215,1.2095292206250163,0.4177588102391183,0.9171927777312788,1.232023099764559,0.05049578934701024,0.0,-465.7593028767096
S43A13T01,moving_support_variable_length,0.0,43013,0.7333333333333333,0.8800845376146922,0.441383136789298,1.3001412786005262,0.36696602713213766,0.9292924537227625,1.2910870511714512,0.062303765583390035,0.0,-508.54080787245806
S43A13T01,moving_support_variable_length,0.0,43013,0.7666666666666667,0.9027234869458576,0.4443497394486752,1.3938949549656303,0.31394912462693225,0.9400300859423119,1.356382862664338,0.07434563141819757,0.0,-553.7194836866461
S43A13T01,moving_support_variable_length,0.0,43014,0.0,0.17113802923415694,0.9435415082395703,0.17113802923415694,0.9435415082395703,0.9589362871542375,0.9589362871547589,0.0,-0.0,14.314211275327914
S43A13T01,moving_support_variable_length,0.0,43014,0.03333333333333333,0.18501660275720605,0.9423491553740256,0.18222074290363585,0.9429513751970406,0.9617613190334817,0.9617967391999077,-0.007240787620597572,-0.0,20.579556870948334
S43A13T01,moving_support_variable_length,0.0,43014,0.06666666666666667,0.20012149415891411,0.9392409749994433,0.19537244685814328,0.9396547100907284,0.9635660694512576,0.9629205846209223,-0.015020229083791407,-0.0,28.975232650992993
S43A13T01,moving_support_variable_length,0.0,43014,0.1,0.2168155494795943,0.9335476641357328,0.21095136489769278,0.9336666033470357,0.9638585399316439,0.9625316098737632,-0.02300113840070636,-0.0,38.35409162961291
S43A13T01,moving_support_variable_length,0.0,43014,0.13333333333333333,0.23548612926535817,0.9246136839488183,0.2293689640260959,0.9250023771135549,0.9621927457511705,0.9608920280653523,-0.030792700968611912,-0.0,47.23576444708959
S43A13T01,moving_support_variable_length,0.0,43014,0.16666666666666666,0.2565172360985002,0.9118513000198769,0.251065059020807,0.9136775835921823,0.958226846136173,0.9583063688742719,-0.03797537044390093,-0.0,53.940407165649596
S43A13T01,moving_support_variable_length,0.0,43014,0.2,0.28025785444553786,0.8947970447744102,0.27647858735381164,0.8997080033397588,0.9517821669500944,0.9551253418866894,-0.04413009537257679,-0.0,56.75828930339047
S43A13T01,moving_support_variable_length,0.0,43014,0.23333333333333334,0.30698879278987223,0.8731658173807526,0.3060164813474795,0.8831096435335629,0.9428964061180551,0.951749266267406,-0.048869448688594226,-0.0,54.137390859479964
S43A13T01,moving_support_variable_length,0.0,43014,0.26666666666666666,0.3368907098830414,0.8468974512247506,0.3400235220262036,0.8638987361989423,0.9318628938511238,0.948630494751728,-0.051867775613560894,-0.0,44.86620463550423
S43A13T01,moving_support_variable_length,0.0,43014,0.3,0.3700161836089974,0.8161906681501904,0.3787562545557112,0.842091736396348,0.919246727684662,0.9462740794737202,-0.052887280060319126,-0.0,28.226502115217087
S43A13T01,moving_support_variable_length,0.0,43014,0.3333333333333333,0.40626860002737114,0.7815199559110912,0.4223639098009553,0.8177053203650209,0.9058684405658173,0.9452357689566717,-0.05179710500398322,-0.0,4.09191453912797
S43A13T01,moving_support_variable_length,0.0,43014,0.36666666666666664,0.4453902811474483,0.7436320530451916,0.4708787728816535,0.7907563836205687,0.8927475562275825,0.9461163545426565,-0.04858296593594782,-0.0,-27.046610749167783
S43A13T01,moving_support_variable_length,0.0,43014,0.4,0.48696163926610425,0.7035203453815678,0.5242175754300692,0.7612620390036771,0.881003300115848,0.9495514901983253,-0.04334576069095312,-0.0,-64.1382187048495
S43A13T01,moving_support_variable_length,0.0,43014,0.43333333333333335,0.5304122794771864,0.6623774487748915,0.5821943255398664,0.7292396146772093,0.8717189524128272,0.9561964860948111,-0.03628874165316471,-0.0,-105.7099931189171
S43A13T01,moving_support_variable_length,0.0,43014,0.4666666666666667,0.5750439362936584,0.621528393034126,0.6445436441351463,0.6947066520689622,0.8657891094938177,0.9667062774123748,-0.027694181607072092,-0.0,-150.0695315680061
S43A13T01,moving_support_variable_length,0.0,43014,0.5,0.6200640177866267,0.5823489078518749,0.7109523080627648,0.6576809037573861,0.8637811747969741,0.9817117464004003,-0.01789183292513643,-0.0,-195.5444271302179
S43A13T01,moving_support_variable_length,0.0,43014,0.5333333333333333,0.6646274536782405,0.5461750975317227,0.7810954930616409,0.6181803312976009,0.8658463192761163,1.0017946271144067,-0.007222686933645993,-0.0,-240.7221330889139
S43A13T01,moving_support_variable_length,0.0,43014,0.5666666666666667,0.7078836253523669,0.5142120417691616,0.8546733518231397,0.5762231029851039,0.8717049719407736,1.027464012098166,0.003997601762002732,-0.0,-284.65027786518215
S43A13T01,moving_support_variable_length,0.0,43014,0.6,0.7490245170087488,0.4874493824935817,0.9314432218620926,0.5318275915546054,0.8807094279265113,1.0591376527256662,0.0155109207167178,-0.0,-326.96078427397475
S43A13T01,moving_support_variable_length,0.0,43014,0.6333333333333333,0.7873299720394364,0.4665916357211641,1.0112430563082435,0.48501237181151,0.8919620807861601,1.0971306095387763,0.027140127964007534,-0.0,-367.89181835696667
S43A13T01,moving_support_variable_length,0.0,43014,0.6666666666666666,0.8222061342198218,0.4520097879522368,1.0940026498913362,0.43579621819362513,0.9044543039290879,1.1416524842235298,0.03880027549062849,-0.0,-408.19907455970184
S43A13T01,moving_support_variable_length,0.0,43014,0.7,0.8532138093466372,0.44371879821605215,1.1797408215951717,0.38419810226077356,0.9171927777312788,1.1928128623715168,0.05049578934701024,-0.0,-448.9696888975669
S43A13T01,moving_support_variable_length,0.0,43014,0.7333333333333333,0.8800845376146922,0.441383136789298,1.2685487131666358,0.33023719011007324,0.9292924537227625,1.2506332297292055,0.062303765583390035,-0.0,-491.3735272706919
S43A13T01,moving_support_variable_length,0.0,43014,0.7666666666666667,0.9027234869458576,0.4443497394486752,1.3605614528824703,0.27393283971476134,0.9400300859423119,1.3150628654403587,0.07434563141819757,-0.0,-536.4019254155662
S43A13T01,moving_support_variable_length,0.01,43013,0.0,0.17113802923415694,0.9435415082395703,0.17113802923415694,0.9435415082395703,0.9589362871542375,0.9589362871547589,0.0,-15.209986888977099,36.202692299087325
S43A13T01,moving_support_variable_length,0.01,43013,0.03333333333333333,0.18501660275720605,0.9423491553740256,0.18229739421728278,0.9430178308437532,0.9617613190334817,0.961876994040645,-0.007240787620597572,-16.80417258069494,43.27971142408458
S43A13T01,moving_support_variable_length,0.01,43013,0.06666666666666667,0.20012149415891411,0.9392409749994433,0.1956702366181913,0.9399176831576228,0.9635660694512576,0.9632422973743998,-0.015020229083791407,-18.40163980657055,52.42815882519803
S43A13T01,moving_support_variable_length,0.01,43013,0.1,0.2168155494795943,0.9335476641357328,0.21160164104317927,0.9342516496342504,0.9638585399316439,0.9632572911575156,-0.02300113840070636,-20.002351958803644,62.523258663096556
S43A13T01,moving_support_variable_length,0.01,43013,0.13333333333333333,0.23548612926535817,0.9246136839488183,0.23049005024176505,0.9260302387598596,0.9621927457511705,0.9621853663295374,-0.030792700968611912,-21.606271498394268,72.10750020340181
S43A13T01,moving_support_variable_length,0.01,43013,0.16666666666666666,0.2565172360985002,0.9118513000198769,0.25276237312896893,0.9152638830222808,0.958226846136173,0.9603314069131901,-0.03797537044390093,-23.21335995563018,79.52222145342562
S43A13T01,moving_support_variable_length,0.01,43013,0.2,0.28025785444553786,0.8947970447744102,0.2788447629928698,0.901962938954744,0.9517821669500944,0.9580448331811302,-0.04413009537257679,-24.823577931238017,83.07503925766015
S43A13T01,moving_support_variable_length,0.01,43013,0.23333333333333334,0.30698879278987223,0.8731658173807526,0.3091314927763693,0.8861376872525328,0.9428964061180551,0.955722069882279,-0.048869448688594226,-26.436885098194843,81.2257402383425
S43A13T01,moving_support_variable_length,0.01,43013,0.26666666666666666,0.3368907098830414,0.8468974512247506,0.34395481189902793,0.8677983329600477,0.9318628938511238,0.9538078776537751,-0.051867775613560894,-28.0532402041983,72.76826031068639
S43A13T01,moving_support_variable_length,0.01,43013,0.3,0.3700161836089974,0.8161906681501904,0.3835588645159158,0.8469550057258494,0.919246727684662,0.952794846145031,-0.052887280060319126,-29.67260107479011,56.983838962153015
S43A13T01,moving_support_variable_length,0.01,43013,0.3333333333333333,0.40626860002737114,0.7815199559110912,0.4280806137494515,0.823617760123275,0.9058684405658173,0.9532202472395774,-0.05179710500398322,-31.294924617130082,33.74133634670174
S43A13T01,moving_support_variable_length,0.01,43013,0.36666666666666664,0.4453902811474483,0.7436320530451916,0.47754021277834235,0.7977965760342436,0.8927475562275825,0.9556594455732604,-0.04858296593594782,-32.920166824415034,3.5256512368424637
S43A13T01,moving_support_variable_length,0.01,43013,0.4,0.48696163926610425,0.7035203453815678,0.5318423994932487,0.7695013590938888,0.881003300115848,0.9607152342210615,-0.04334576069095312,-34.54828278093822,-32.61590598795402
S43A13T01,moving_support_variable_length,0.01,43013,0.43333333333333335,0.5304122794771864,0.6623774487748915,0.590789328712989,0.738741941193684,0.8717189524128272,0.9690028699718857,-0.03628874165316471,-36.1792266677831,-73.20751673304731
S43A13T01,moving_support_variable_length,0.01,43013,0.4666666666666667,0.5750439362936584,0.621528393034126,0.654103910695336,0.7055280810407419,0.8657891094938177,0.9811312408670079,-0.027694181607072092,-37.812951769146316,-116.5441418926043
S43A13T01,moving_support_variable_length,0.01,43013,0.5,0.6200640177866267,0.5823489078518749,0.7214613562503773,0.6698694647710066,0.8637811747969741,0.9976814312081778,-0.01789183292513643,-39.44941047928223,-160.9292046739336
S43A13T01,moving_support_variable_length,0.01,43013,0.5333333333333333,0.6646274536782405,0.5461750975317227,0.7925254216149601,0.6317757066140623,0.8658463192761163,1.0191847627372432,-0.007222686933645993,-41.08855431006378,-204.9148146628214
S43A13T01,moving_support_variable_length,0.01,43013,0.5666666666666667,0.7078836253523669,0.5142120417691616,0.8669849883070265,0.5912563496073289,0.8717049719407736,1.0461029109450917,0.003997601762002732,-42.730333899150715,-247.50492593476497
S43A13T01,moving_support_variable_length,0.01,43013,0.6,0.7490245170087488,0.4874493824935817,0.9445862726840449,0.5483208663574215,0.8807094279265113,1.0788126723936673,0.0155109207167178,-44.374699018758605,-288.284615489964
S43A13T01,moving_support_variable_length,0.01,43013,0.6333333333333333,0.7873299720394364,0.4665916357211641,1.025156258319854,0.5029786598464916,0.8919620807861601,1.1175973016755323,0.027140127964007534,-46.021598585020215,-327.44877624367376
S43A13T01,moving_support_variable_length,0.01,43013,0.6666666666666666,0.8222061342198218,0.4520097879522368,1.1086139234775692,0.45523906428138106,0.9044543039290879,1.1626451939727414,0.03880027549062849,-47.67098066793053,-365.72049421248437
S43A13T01,moving_support_variable_length,0.01,43013,0.7,0.8532138093466372,0.44371879821605215,1.1949674251581996,0.40511134598345666,0.9171927777312788,1.2140554055815855,0.05049578934701024,-49.3227925018667,-404.1708695204375
S43A13T01,moving_support_variable_length,0.01,43013,0.7333333333333333,0.8800845376146922,0.441383136789298,1.2842973989151643,0.3526047043170204,0.9292924537227625,1.2718484647987292,0.062303765583390035,-50.97698049667316,-443.9735442707626
S43A13T01,moving_support_variable_length,0.01,43013,0.7666666666666667,0.9027234869458576,0.4443497394486752,1.3767286238415533,0.297728272654208,0.9400300859423119,1.3359803828246406,0.07434563141819757,-52.6334902493032,-486.1429653759381
S43A13T01,moving_support_variable_length,0.01,43014,0.0,0.17113802923415694,0.9435415082395703,0.17113802923415694,0.9435415082395703,0.9589362871542375,0.9589362871547589,0.0,-39.87462583962496,47.871084336542616
S43A13T01,moving_support_variable_length,0.01,43014,0.03333333333333333,0.18501660275720605,0.9423491553740256,0.18216322771775284,0.9429781977941666,0.9617613190334817,0.961811708466072,-0.007240787620597572,-41.82171284064272,56.27459359502027
S43A13T01,moving_support_variable_length,0.01,43014,0.06666666666666667,0.20012149415891411,0.9392409749994433,0.19514504460196597,0.9397612017386211,0.9635660694512576,0.9629748483515167,-0.015020229083791407,-43.76870260298866,66.87387889191822
S43A13T01,moving_support_variable_length,0.01,43014,0.1,0.2168155494795943,0.9335476641357328,0.21044566170240364,0.9339043995999501,0.9638585399316439,0.9626395151205485,-0.02300113840070636,-45.71549433605916,78.52254148491696
S43A13T01,moving_support_variable_length,0.01,43014,0.13333333333333333,0.23548612926535817,0.9246136839488183,0.2284804643993983,0.925421884717101,0.9621927457511705,0.9610557939028821,-0.030792700968611912,-47.6619870081823,89.74127530750978
S43A13T01,moving_support_variable_length,0.01,43014,0.16666666666666666,0.2565172360985002,0.9118513000198769,0.24969314624215516,0.9143279614975494,0.958226846136173,0.9585138479279367,-0.03797537044390093,-49.60807936552262,98.85075085169262
S43A13T01,moving_support_variable_length,0.01,43014,0.2,0.28025785444553786,0.8947970447744102,0.27452648396984053,0.9006371426371024,0.9517821669500944,0.9553477263576516,-0.04413009537257679,-51.55366995150227,104.14031773419896
S43A13T01,moving_support_variable_length,0.01,43014,0.23333333333333334,0.30698879278987223,0.8731658173807526,0.3033912098300322,0.8843641463008497,0.9428964061180551,0.9519388188341764,-0.048869448688594226,-53.498657126729306,104.05487086166602
S43A13T01,moving_support_variable_length,0.01,43014,0.26666666666666666,0.3368907098830414,0.8468974512247506,0.33663586565187714,0.8655238932631439,0.9318628938511238,0.9487184456343696,-0.051867775613560894,-55.44293908942295,97.37725445511063
S43A13T01,moving_support_variable_length,0.01,43014,0.3,0.3700161836089974,0.8161906681501904,0.37452071856238345,0.8441315040044615,0.919246727684662,0.9461689031777033,-0.052887280060319126,-57.386413896323134,83.38110739062562
S43A13T01,moving_support_variable_length,0.01,43014,0.3333333333333333,0.40626860002737114,0.7815199559110912,0.4171986828733404,0.8202022957629569,0.9058684405658173,0.9448221287747745,-0.05179710500398322,-59.328979484073486,61.93007773685849
S43A13T01,moving_support_variable_length,0.01,43014,0.36666666666666664,0.4453902811474483,0.7436320530451916,0.4647056890145571,0.7937517795385093,0.8927475562275825,0.9452550612519611,-0.04858296593594782,-61.27053369106401,33.5044434552286
S43A13T01,moving_support_variable_length,0.01,43014,0.4,0.48696163926610425,0.7035203453815678,0.5169620762146941,0.7647956570470494,0.881003300115848,0.9480808347060463,-0.04334576069095312,-63.210974279719004,-0.8547395195808605
S43A13T01,moving_support_variable_length,0.01,43014,0.43333333333333335,0.5304122794771864,0.6623774487748915,0.5737854229152615,0.7333498176229623,0.8717189524128272,0.9539352395642459,-0.03628874165316471,-65.15019895921732,-39.681784818292876
S43A13T01,moving_support_variable_length,0.01,43014,0.4666666666666667,0.5750439362936584,0.621528393034126,0.634913883643699,0.6994303350673732,0.8657891094938177,0.9634584795147262,-0.027694181607072092,-67.08810540862709,-81.28744030238038
S43A13T01,moving_support_variable_length,0.01,43014,0.5,0.6200640177866267,0.5823489078518749,0.7000377326455245,0.6630534644401569,0.8637811747969741,0.9772731234550412,-0.01789183292513643,-69.02459130044122,-123.99740874674123
S43A13T01,moving_support_variable_length,0.01,43014,0.5333333333333333,0.6646274536782405,0.5461750975317227,0.7688356074262248,0.6242356387935399,0.8658463192761163,0.9959601442757289,-0.007222686933645993,-70.95955432449448,-166.39212070432185
S43A13T01,moving_support_variable_length,0.01,43014,0.5666666666666667,0.7078836253523669,0.5142120417691616,0.8410110874140307,0.5829934658452297,0.8717049719407736,1.0200357623057101,0.003997601762002732,-72.89289221224686,-207.5080277383404
S43A13T01,moving_support_variable_length,0.01,43014,0.6,0.7490245170087488,0.4874493824935817,0.9163249024602879,0.5393437245890575,0.8807094279265113,1.049932132549196,0.0155109207167178,-74.82450276141242,-246.96377884346632
S43A13T01,moving_support_variable_length,0.01,43014,0.6333333333333333,0.7873299720394364,0.4665916357211641,0.9946183642844517,0.49330336184119855,0.8919620807861601,1.0859845047506644,0.027140127964007534,-76.75428386091768,-284.9850732757404
S43A13T01,moving_support_variable_length,0.01,43014,0.6666666666666666,0.8222061342198218,0.4520097879522368,1.0758245931342798,0.44488948872012546,0.9044543039290879,1.1284263788829714,0.03880027549062849,-78.68213351616721,-322.31922303253225
S43A13T01,moving_support_variable_length,0.01,43014,0.7,0.8532138093466372,0.44371879821605215,1.1599657011339917,0.3941193770585444,0.9171927777312788,1.1773926993720607,0.05049578934701024,-80.60794987459818,-360.052066810191
S43A13T01,moving_support_variable_length,0.01,43014,0.7333333333333333,0.8800845376146922,0.441383136789298,1.2471360915039744,0.3410104557456721,0.9292924537227625,1.2329297512329132,0.062303765583390035,-82.53163125150307,-399.36128704607603
S43A13T01,moving_support_variable_length,0.01,43014,0.7666666666666667,0.9027234869458576,0.4443497394486752,1.3374741230524643,0.2855803069983407,0.9400300859423119,1.295009535920305,0.07434563141819757,-84.45307615609853,-441.2556321708982
S43A13T01,moving_support_variable_length,0.1,43013,0.0,0.17113802923415694,0.9435415082395703,0.17113802923415694,0.9435415082395703,0.9589362871542375,0.9589362871547589,0.0,-58.80708572869977,70.06330612395473
S43A13T01,moving_support_variable_length,0.1,43013,0.03333333333333333,0.18501660275720605,0.9423491553740256,0.18220454379992687,0.943032118842488,0.9617613190334817,0.9618727102723026,-0.007240787620597572,-64.29718810855367,81.58401489342607
S43A13T01,moving_support_variable_length,0.1,43013,0.06666666666666667,0.20012149415891411,0.9392409749994433,0.19530658237355555,0.9399787062921401,0.9635660694512576,0.963222370951516,-0.015020229083791407,-69.7890905847567,95.25315995319676
S43A13T01,moving_support_variable_length,0.1,43013,0.1,0.2168155494795943,0.9335476641357328,0.21080069551905878,0.9343976731635847,0.9638585399316439,0.963204188715335,-0.02300113840070636,-75.28202582556875,109.93656541892766
S43A13T01,moving_support_variable_length,0.1,43013,0.13333333333333333,0.23548612926535817,0.9246136839488183,0.2290965870110538,0.9263053591526987,0.9621927457511705,0.9620727937129226,-0.030792700968611912,-80.77522583707263,124.16832766176863
S43A13T01,moving_support_variable_length,0.1,43013,0.16666666666666666,0.2565172360985002,0.9118513000198769,0.25063222438162874,0.9157180384187829,0.958226846136173,0.9601217993970976,-0.03797537044390093,-86.26792244074292,136.281870148132
S43A13T01,moving_support_variable_length,0.1,43013,0.2,0.28025785444553786,0.8947970447744102,0.2758446197165974,0.9026519170453049,0.9517821669500944,0.9576869538857476,-0.04413009537257679,-91.75934775280977,144.57660870516082
S43A13T01,moving_support_variable_length,0.1,43013,0.23333333333333334,0.30698879278987223,0.8731658173807526,0.3051387075839596,0.8871231306163588,0.9428964061180551,0.9551487965668293,-0.048869448688594226,-97.24873466472869,147.50295969917107
S43A13T01,moving_support_variable_length,0.1,43013,0.26666666666666666,0.3368907098830414,0.8468974512247506,0.33885720455455137,0.8691477419064013,0.9318628938511238,0.9529343143099466,-0.051867775613560894,-102.73531732406379,143.84349996954822
S43A13T01,moving_support_variable_length,0.1,43013,0.3,0.3700161836089974,0.8161906681501904,0.3772545302061648,0.8487417386808117,0.919246727684662,0.9515169551401883,-0.052887280060319126,-108.21833161509134,132.86558431337312
S43A13T01,moving_support_variable_length,0.1,43013,0.3333333333333333,0.40626860002737114,0.7815199559110912,0.4204777341416772,0.8259210316048152,0.9058684405658173,0.9514142494929438,-0.05179710500398322,-113.69701563843458,114.42162520392094
S43A13T01,moving_support_variable_length,0.1,43013,0.36666666666666664,0.4453902811474483,0.7436320530451916,0.4685568699000894,0.800701452258304,0.8927475562275825,0.9531822624546056,-0.04858296593594782,-119.17061018904181,88.97813280858034
S43A13T01,moving_support_variable_length,0.1,43013,0.4,0.48696163926610425,0.7035203453815678,0.5214063924651008,0.7730987512540916,0.881003300115848,0.9574062218755603,-0.04334576069095312,-124.6383592318264,57.56341677106896
S43A13T01,moving_support_variable_length,0.1,43013,0.43333333333333335,0.5304122794771864,0.6623774487748915,0.5788379933602684,0.7431285964571432,0.8717189524128272,0.9646870015718311,-0.03628874165316471,-130.0995103742926,21.6356075265822
S43A13T01,moving_support_variable_length,0.1,43013,0.4666666666666667,0.5750439362936584,0.621528393034126,0.640583942060235,0.7108065713023282,0.8657891094938177,0.9756237145436083,-0.027694181607072092,-135.55331533548008,-17.114400302770044
S43A13T01,moving_support_variable_length,0.1,43013,0.5,0.6200640177866267,0.5823489078518749,0.7063286340216555,0.6761481732082597,0.8637811747969741,0.9907934380477578,-0.01789183292513643,-140.9990304105691,-56.99854555967999
S43A13T01,moving_support_variable_length,0.1,43013,0.5333333333333333,0.6646274536782405,0.5461750975317227,0.7757448384882051,0.6391688120847907,0.8658463192761163,1.0107298928042545,-0.007222686933645993,-146.43591693049848,-96.57044060167958
S43A13T01,moving_support_variable_length,0.1,43013,0.5666666666666667,0.7078836253523669,0.5142120417691616,0.8485302812845359,0.5998838089317657,0.8717049719407736,1.035903485369652,0.003997601762002732,-151.8632417159625,-134.82839967520445
S43A13T01,moving_support_variable_length,0.1,43013,0.6,0.7490245170087488,0.4874493824935817,0.924439857319658,0.5583083945266343,0.8807094279265113,1.0667052428829904,0.0155109207167178,-157.280277525163,-171.346251934024
S43A13T01,moving_support_variable_length,0.1,43013,0.6333333333333333,0.7873299720394364,0.4665916357211641,1.0033090659105222,0.5144577081985668,0.8919620807861601,1.1034366900450374,0.027140127964007534,-162.68630349471164,-206.305348442218
S43A13T01,moving_support_variable_length,0.1,43013,0.6666666666666666,0.8222061342198218,0.4520097879522368,1.0850652412001052,0.4683467966867221,0.9044543039290879,1.1463067217977772,0.03880027549062849,-168.08060557308815,-240.41773338568933
S43A13T01,moving_support_variable_length,0.1,43013,0.7,0.8532138093466372,0.44371879821605215,1.1697247391464847,0.41999061308035845,0.9171927777312788,1.1954353002759497,0.05049578934701024,-173.46247694608206,-274.7514907598765
S43A13T01,moving_support_variable_length,0.1,43013,0.7333333333333333,0.8800845376146922,0.441383136789298,1.2573762402701134,0.36940401583849325,0.9292924537227625,1.2508627209540042,0.062303765583390035,-178.83121845365963,-310.4904231099164
S43A13T01,moving_support_variable_length,0.1,43013,0.7666666666666667,0.9027234869458576,0.4443497394486752,1.3481524175633315,0.31660176788684835,0.9400300859423119,1.3125625348376635,0.07434563141819757,-184.18613899771694,-348.6758412545403
S43A13T01,moving_support_variable_length,0.1,43014,0.0,0.17113802923415694,0.9435415082395703,0.17113802923415694,0.9435415082395703,0.9589362871542375,0.9589362871547589,0.0,13.828777290525021,-25.561832229711275
S43A13T01,moving_support_variable_length,0.1,43014,0.03333333333333333,0.18501660275720605,0.9423491553740256,0.18198253226651218,0.9430477533792421,0.9617613190334817,0.9618443376886591,-0.007240787620597572,8.062331306602658,-12.27066498236925
S43A13T01,moving_support_variable_length,0.1,43014,0.06666666666666667,0.20012149415891411,0.9392409749994433,0.1944370139266953,0.9400397042242508,0.9635660694512576,0.9630924058305989,-0.015020229083791407,2.2927116192496073,3.405793521275397
S43A13T01,moving_support_variable_length,0.1,43014,0.1,0.2168155494795943,0.9335476641357328,0.20888562259930382,0.9345317172819082,0.9638585399316439,0.9628712273891812,-0.02300113840070636,-3.4793470317780777,20.310106083157457
S43A13T01,moving_support_variable_length,0.1,43014,0.13333333333333333,0.23548612926535817,0.9246136839488183,0.22576546495833377,0.9265384291058444,0.9621927457511705,0.9614029088341287,-0.030792700968611912,-9.25310482110999,36.95333575550265
S43A13T01,moving_support_variable_length,0.1,43014,0.16666666666666666,0.2565172360985002,0.9118513000198769,0.2455416720329383,0.9160747414480414,0.958226846136173,0.9589446518412361,-0.03797537044390093,-15.027817150682738,51.64574582759241
S43A13T01,moving_support_variable_length,0.1,43014,0.2,0.28025785444553786,0.8947970447744102,0.2686781372184058,0.9031558060731046,0.9517821669500944,0.9557925509341729,-0.04413009537257679,-20.80273497745747,62.66312944521356
S43A13T01,moving_support_variable_length,0.1,43014,0.23333333333333334,0.30698879278987223,0.8731658173807526,0.2956063532354467,0.8877970092943241,0.9428964061180551,0.9522852029849868,-0.048869448688594226,-26.577105155934095,68.43157828671208
S43A13T01,moving_support_variable_length,0.1,43014,0.26666666666666666,0.3368907098830414,0.8468974512247506,0.32669523260741024,0.8700139562923812,0.9318628938511238,0.9488067428817274,-0.051867775613560894,-32.350170795393836,67.7085706880741
S43A13T01,moving_support_variable_length,0.1,43014,0.3,0.3700161836089974,0.8161906681501904,0.36222499164511,0.8498224552784207,0.919246727684662,0.9457887732558922,-0.052887280060319126,-38.12117163173677,59.73573908175406
S43A13T01,moving_support_variable_length,0.1,43014,0.3333333333333333,0.40626860002737114,0.7815199559110912,0.40236804255645026,0.8272385015635862,0.9058684405658173,0.9437105063147054,-0.05179710500398322,-43.88934441371141,44.339545857879784
S43A13T01,moving_support_variable_length,0.1,43014,0.36666666666666664,0.4453902811474483,0.7436320530451916,0.44717933463426873,0.8022782615970414,0.8927475562275825,0.9430963194175049,-0.04858296593594782,-49.6539233032651,21.96095032376236
S43A13T01,moving_support_variable_length,0.1,43014,0.4,0.48696163926610425,0.7035203453815678,0.4965977212891158,0.7749580570339369,0.881003300115848,0.944509901428024,-0.04334576069095312,-55.41414028967588,-6.39609272648886
S43A13T01,moving_support_variable_length,0.1,43014,0.43333333333333335,0.5304122794771864,0.6623774487748915,0.5504587669655125,0.7452943488937822,0.8717189524128272,0.9485443085930311,-0.03628874165316471,-61.16922561705568,-39.295750711619995
S43A13T01,moving_support_variable_length,0.1,43014,0.4666666666666667,0.5750439362936584,0.621528393034126,0.6085180627080169,0.7133037218682042,0.8657891094938177,0.9558076267997001,-0.027694181607072092,-66.91840822474886,-75.0665862199933
S43A13T01,moving_support_variable_length,0.1,43014,0.5,0.6200640177866267,0.5823489078518749,0.6704827507049674,0.6790028688351889,0.8637811747969741,0.9669045781644307,-0.01789183292513643,-72.66091620008164,-112.0366087338362
S43A13T01,moving_support_variable_length,0.1,43014,0.5333333333333333,0.6646274536782405,0.5461750975317227,0.7360477509760714,0.6424085756345944,0.8658463192761163,0.9824152492303708,-0.007222686933645993,-78.39597724285329,-148.77196085955453
S43A13T01,moving_support_variable_length,0.1,43014,0.5666666666666667,0.7078836253523669,0.5142120417691616,0.8049323254183117,0.6035377061570383,0.8717049719407736,1.0028729701775334,0.003997601762002732,-84.12281914089624,-184.28030196043335
S43A13T01,moving_support_variable_length,0.1,43014,0.6,0.7490245170087488,0.4874493824935817,0.8769122739183959,0.5624071877952249,0.8807094279265113,1.028743960459752,0.0155109207167178,-89.84067025596983,-218.14253030345924
S43A13T01,moving_support_variable_length,0.1,43014,0.6333333333333333,0.7873299720394364,0.4665916357211641,0.9518433556189045,0.5190339973034231,0.8919620807861601,1.0604114058200025,0.027140127964007534,-95.54876001919757,-250.5461945561093
S43A13T01,moving_support_variable_length,0.1,43014,0.6666666666666666,0.8222061342198218,0.4520097879522368,1.0296725075779232,0.4734351471071728,0.9044543039290879,1.0981660251706242,0.03880027549062849,-101.24631943519695,-282.2103866816418
S43A13T01,moving_support_variable_length,0.1,43014,0.7,0.8532138093466372,0.44371879821605215,1.1104350222538653,0.42562767210142505,0.9171927777312788,1.1422040503844533,0.05049578934701024,-106.93258159400379,-314.2128401764392
S43A13T01,moving_support_variable_length,0.1,43014,0.7333333333333333,0.8800845376146922,0.441383136789298,1.1942378429483105,0.37562861697125616,0.9292924537227625,1.1926322205058493,0.062303765583390035,-112.6067821898425,-347.75103760285924
S43A13T01,moving_support_variable_length,0.1,43014,0.7666666666666667,0.9027234869458576,0.4443497394486752,1.2812312265475925,0.323455024065062,0.9400300859423119,1.2494782880565645,0.07434563141819757,-118.26816004574916,-383.8847594679244
S43A13T01,moving_support_variable_length,1.0,43013,0.0,0.17113802923415694,0.9435415082395703,0.17113802923415694,0.9435415082395703,0.9589362871542375,0.9589362871547589,0.0,-66.66377100597535,41.09588603258164
S43A13T01,moving_support_variable_length,1.0,43013,0.03333333333333333,0.18501660275720605,0.9423491553740256,0.18189768474905293,0.9433446811688263,0.9617613190334817,0.9621187812431683,-0.007240787620597572,-70.52676767221023,51.77303411784479
S43A13T01,moving_support_variable_length,1.0,43013,0.06666666666666667,0.20012149415891411,0.9392409749994433,0.19409938003540395,0.9412518190280467,0.9635660694512576,0.9642022597685466,-0.015020229083791407,-74.38946514234209,64.80089795434387
S43A13T01,moving_support_variable_length,1.0,43013,0.1,0.2168155494795943,0.9335476641357328,0.20812880462967484,0.9373130046809728,0.9638585399316439,0.9653894132992658,-0.02300113840070636,-78.25147588911585,79.06674318161606
S43A13T01,moving_support_variable_length,1.0,43013,0.13333333333333333,0.23548612926535817,0.9246136839488183,0.22442320948413763,0.9315774270497753,0.9621927457511705,0.9659045830401185,-0.030792700968611912,-82.11241267374328,93.1357833296088
S43A13T01,moving_support_variable_length,1.0,43013,0.16666666666666666,0.2565172360985002,0.9118513000198769,0.2434465509997623,0.9240933678677256,0.958226846136173,0.9659952641742913,-0.03797537044390093,-85.97188871792903,105.37147286301598
S43A13T01,moving_support_variable_length,1.0,43013,0.2,0.28025785444553786,0.8947970447744102,0.26566030901416915,0.9149081924651988,0.9517821669500944,0.9659332768318114,-0.04413009537257679,-89.82951787602443,114.0895161230864
S43A13T01,moving_support_variable_length,1.0,43013,0.23333333333333334,0.30698879278987223,0.8731658173807526,0.2914924050493628,0.9040683442834035,0.9428964061180551,0.966015404958054,-0.048869448688594226,-93.6849148071193,117.73060427745497
S43A13T01,moving_support_variable_length,1.0,43013,0.26666666666666666,0.3368907098830414,0.8468974512247506,0.32130710473449553,0.8916193428087862,0.9318628938511238,0.9665632642484184,-0.051867775613560894,-97.53769514688251,115.03243459230657
S43A13T01,moving_support_variable_length,1.0,43013,0.3,0.3700161836089974,0.8161906681501904,0.355378983785719,0.8776057846232045,0.919246727684662,0.9679221329218137,-0.052887280060319126,-101.3874756789586,105.17906570812505
S43A13T01,moving_support_variable_length,1.0,43013,0.3333333333333333,0.40626860002737114,0.7815199559110912,0.3938739016013352,0.8620713472701881,0.9058684405658173,0.9704584761409604,-0.05179710500398322,-105.23387450572945,87.90596792231813
S43A13T01,moving_support_variable_length,1.0,43013,0.36666666666666664,0.4453902811474483,0.7436320530451916,0.43683942291640887,0.8450587956455169,0.8927475562275825,0.9745559315390677,-0.04858296593594782,-109.07651121824814,63.54279623667823
S43A13T01,moving_support_variable_length,1.0,43013,0.4,0.48696163926610425,0.7035203453815678,0.48420626382443716,0.8266099906304682,0.881003300115848,0.9806096140571893,-0.04334576069095312,-112.91500706515417,32.98296549468063
S43A13T01,moving_support_variable_length,1.0,43013,0.43333333333333335,0.5304122794771864,0.6623774487748915,0.535801175795376,0.8067658996980303,0.8717189524128272,0.989018751370696,-0.03628874165316471,-116.74898512037905,-2.4211601309425816
S43A13T01,moving_support_variable_length,1.0,43013,0.4666666666666667,0.5750439362936584,0.621528393034126,0.5913703360962205,0.7855666092357498,0.8657891094938177,1.0001778714940475,-0.027694181607072092,-120.57807044945321,-41.02762061448933
S43A13T01,moving_support_variable_length,1.0,43013,0.5,0.6200640177866267,0.5823489078518749,0.6506109446297472,0.763051338343335,0.8637811747969741,1.014467007125983,-0.01789183292513643,-124.40189027422684,-81.11833625519762
S43A13T01,moving_support_variable_length,1.0,43013,0.5333333333333333,0.6646274536782405,0.5461750975317227,0.7132075200915537,0.7392584538783262,0.8658463192761163,1.0322416116520132,-0.007222686933645993,-128.2200741358194,-121.12787351916009
S43A13T01,moving_support_variable_length,1.0,43013,0.5666666666666667,0.7078836253523669,0.5142120417691616,0.7788685304381204,0.7142254865388166,0.8717049719407736,1.0538230409940743,0.003997601762002732,-132.03225405561577,-159.8538770477096
S43A13T01,moving_support_variable_length,1.0,43013,0.6,0.7490245170087488,0.4874493824935817,0.847358652194448,0.6879891477880671,0.8807094279265113,1.07949048899923,0.0155109207167178,-135.83806469412966,-196.6155828007446
S43A13T01,moving_support_variable_length,1.0,43013,0.6333333333333333,0.7873299720394364,0.4665916357211641,0.9185222515483948,0.6605853474417134,0.8919620807861601,1.1094751423540328,0.027140127964007534,-139.63714350755882,-231.33259729858418
S43A13T01,moving_support_variable_length,1.0,43013,0.6666666666666666,0.8222061342198218,0.4520097879522368,0.9922946593686071,0.6320492117539018,0.9044543039290879,1.1439570560849628,0.03880027549062849,-143.42913090186047,-264.5078485910148
S43A13T01,moving_support_variable_length,1.0,43013,0.7,0.8532138093466372,0.44371879821605215,1.0686994015092766,0.60241510185397,0.9171927777312788,1.1830648971054023,0.05049578934701024,-147.21367038417955,-297.115158836252
S43A13T01,moving_support_variable_length,1.0,43013,0.7333333333333333,0.8800845376146922,0.441383136789298,1.1478315434978446,0.5717166324000609,0.9292924537227625,1.226878341314965,0.062303765583390035,-150.9904087114683,-330.41027797125787
S43A13T01,moving_support_variable_length,1.0,43013,0.7666666666666667,0.9027234869458576,0.4443497394486752,1.2298293989386897,0.5399866903302308,0.9400300859423119,1.2754326178744793,0.07434563141819757,-154.75899603613846,-365.6999635700945
S43A13T01,moving_support_variable_length,1.0,43014,0.0,0.17113802923415694,0.9435415082395703,0.17113802923415694,0.9435415082395703,0.9589362871542375,0.9589362871547589,0.0,-40.63411368015106,-30.391489402492375
S43A13T01,moving_support_variable_length,1.0,43014,0.03333333333333333,0.18501660275720605,0.9423491553740256,0.181417652768402,0.943173031283556,0.9617613190334817,0.9618562127842297,-0.007240787620597572,-45.211277664773725,-16.88761573835622
S43A13T01,moving_support_variable_length,1.0,43014,0.06666666666666667,0.20012149415891411,0.9392409749994433,0.19219905884988409,0.9405571808887572,0.9635660694512576,0.9631135155391319,-0.015020229083791407,-49.78242270388656,-0.29745000520479437
S43A13T01,moving_support_variable_length,1.0,43014,0.1,0.2168155494795943,0.9335476641357328,0.2039006790490876,0.9357338220004533,0.9638585399316439,0.9628510894206828,-0.02300113840070636,-54.34686839737083,18.200646146898194
S43A13T01,moving_support_variable_length,1.0,43014,0.13333333333333333,0.23548612926535817,0.9246136839488183,0.2169963738548079,0.9287443490577423,0.9621927457511705,0.9612312372730797,-0.030792700968611912,-58.90393774569212,37.09691746629631
S43A13T01,moving_support_variable_length,1.0,43014,0.16666666666666666,0.2565172360985002,0.9118513000198769,0.23199033412301978,0.919631620442226,0.958226846136173,0.958438208211937,-0.03797537044390093,-63.45295771692453,54.677115413089666
S43A13T01,moving_support_variable_length,1.0,43014,0.2,0.28025785444553786,0.8947970447744102,0.24938762917441692,0.9084398790708323,0.9517821669500944,0.9546809249746605,-0.04413009537257679,-67.99325980796354,69.18389541438762
S43A13T01,moving_support_variable_length,1.0,43014,0.23333333333333334,0.30698879278987223,0.8731658173807526,0.2696628296068155,0.8952146591026792,0.9428964061180551,0.9501958209702832,-0.048869448688594226,-72.52418059874937,78.99638387631113
S43A13T01,moving_support_variable_length,1.0,43014,0.26666666666666666,0.3368907098830414,0.8468974512247506,0.29322959093060635,0.8800026789629232,0.9318628938511238,0.9452496534665543,-0.051867775613560894,-77.0450622983459,82.80698659623911
S43A13T01,moving_support_variable_length,1.0,43014,0.3,0.3700161836089974,0.8161906681501904,0.32041428003096667,0.8628517211351847,0.919246727684662,0.9401420889597158,-0.052887280060319126,-81.55525328175206,79.77215126775297
S43A13T01,moving_support_variable_length,1.0,43014,0.3333333333333333,0.40626860002737114,0.7815199559110912,0.35143659154981893,0.8438104994325472,0.9058684405658173,0.9352077699581245,-0.05179710500398322,-86.05410861635507,69.61456672651582
S43A13T01,moving_support_variable_length,1.0,43014,0.36666666666666664,0.4453902811474483,0.7436320530451916,0.38639959805042134,0.8229285147185535,0.8927475562275825,0.930817474755411,-0.04858296593594782,-90.54099057697398,52.65871125285359
S43A13T01,moving_support_variable_length,1.0,43014,0.4,0.48696163926610425,0.7035203453815678,0.4252908140317611,0.8002559003065722,0.881003300115848,0.9273778869179061,-0.04334576069095312,-95.01526914848286,29.789667474087523
S43A13T01,moving_support_variable_length,1.0,43014,0.43333333333333335,0.5304122794771864,0.6623774487748915,0.46799469146594647,0.775843258510429,0.8717189524128272,0.9253294238785869,-0.03628874165316471,-99.47632251505091,2.335827558626292
S43A13T01,moving_support_variable_length,1.0,43014,0.4666666666666667,0.5750439362936584,0.621528393034126,0.5143156195240323,0.7497414900432187,0.8657891094938177,0.9251415710124612,-0.027694181607072092,-103.92353753508279,-28.112078179525263
S43A13T01,moving_support_variable_length,1.0,43014,0.5,0.6200640177866267,0.5823489078518749,0.5640091329007791,0.7220016181568467,0.8637811747969741,0.9273052737104639,-0.01789183292513643,-108.35631020099633,-59.92224659845952
S43A13T01,moving_support_variable_length,1.0,43014,0.5333333333333333,0.6646274536782405,0.5461750975317227,0.61681782608098,0.6926746095747975,0.8658463192761163,0.9323221957210693,-0.007222686933645993,-112.77404608302932,-91.65177227863367
S43A13T01,moving_support_variable_length,1.0,43014,0.5666666666666667,0.7078836253523669,0.5142120417691616,0.6725076129365952,0.6618111943885507,0.8717049719407736,0.9406910715318042,0.003997601762002732,-117.17616075632259,-122.24982399279895
S43A13T01,moving_support_variable_length,1.0,43014,0.6,0.7490245170087488,0.4874493824935817,0.7308996304379273,0.6294616871588419,0.8807094279265113,0.9528919254555748,0.0155109207167178,-121.5620802105869,-151.20009416942958
S43A13T01,moving_support_variable_length,1.0,43014,0.6333333333333333,0.7873299720394364,0.4665916357211641,0.7918933834441673,0.5956758114831171,0.8919620807861601,0.9693694931008364,0.027140127964007534,-125.9312412417225,-178.57634062476708
S43A13T01,moving_support_variable_length,1.0,43014,0.6666666666666666,0.8222061342198218,0.4520097879522368,0.8554777064020306,0.560502530258222,0.9044543039290879,0.9905175983226734,0.03880027549062849,-130.28309182481837,-204.99860397488268
S43A13T01,moving_support_variable_length,1.0,43014,0.7,0.8532138093466372,0.44371879821605215,0.9217277065994344,0.5239898837827657,0.9171927777312788,1.0166663424875493,0.05049578934701024,-134.61709146802605,-231.49578113005595
S43A13T01,moving_support_variable_length,1.0,43014,0.7333333333333333,0.8800845376146922,0.441383136789298,0.9907878508754102,0.4861848377086683,0.9292924537227625,1.0480736582222472,0.062303765583390035,-138.93271154686235,-259.2991291870894
S43A13T01,moving_support_variable_length,1.0,43014,0.7666666666666667,0.9027234869458576,0.4443497394486752,1.062843447389034,0.44713314267002213,0.9400300859423119,1.084922107551544,0.07434563141819757,-143.22943561856138,-289.60614817943394
S43A13T01,moving_support_variable_length,10.0,43013,0.0,0.17113802923415694,0.9435415082395703,0.17113802923415694,0.9435415082395703,0.9589362871542375,0.9589362871547589,0.0,-112.83552457883361,33.68913347992662
S43A13T01,moving_support_variable_length,10.0,43013,0.03333333333333333,0.18501660275720605,0.9423491553740256,0.18146086479740503,0.9438905195423652,0.9617613190334817,0.962568245117322,-0.007240787620597572,-113.2014691415493,39.794572455897395
S43A13T01,moving_support_variable_length,10.0,43013,0.06666666666666667,0.20012149415891411,0.9392409749994433,0.19235775988632853,0.9434841020408218,0.9635660694512576,0.9660061496253877,-0.015020229083791407,-113.56901148026958,48.64697085889706
S43A13T01,moving_support_variable_length,10.0,43013,0.1,0.2168155494795943,0.9335476641357328,0.2042230438886776,0.9424453088673674,0.9638585399316439,0.9694503541822999,-0.02300113840070636,-113.93814769550237,59.2071209753008
S43A13T01,moving_support_variable_length,10.0,43013,0.13333333333333333,0.23548612926535817,0.9246136839488183,0.21750277386183137,0.9408956655825422,0.9621927457511705,0.9731060046748712,-0.030792700968611912,-114.30887366818199,70.12763526868244
S43A13T01,moving_support_variable_length,10.0,43013,0.16666666666666666,0.2565172360985002,0.9118513000198769,0.23266983556185988,0.9389550732412205,0.958226846136173,0.9771824072814279,-0.03797537044390093,-114.68118506013482,79.85466472318853
S43A13T01,moving_support_variable_length,10.0,43013,0.2,0.28025785444553786,0.8947970447744102,0.25019471853846925,0.9367417179479488,0.9517821669500944,0.9818921235190994,-0.04413009537257679,-115.05507731459743,86.75951725506023
S43A13T01,moving_support_variable_length,10.0,43013,0.23333333333333334,0.30698879278987223,0.8731658173807526,0.2705143919891068,0.9343719870866494,0.9428964061180551,0.9874497698309989,-0.048869448688594226,-115.43054565678722,89.28917576952954
S43A13T01,moving_support_variable_length,10.0,43013,0.26666666666666666,0.3368907098830414,0.8468974512247506,0.2940021656315067,0.9319603923626854,0.9318628938511238,0.9940705152003438,-0.051867775613560894,-115.80758509452558,86.12122466562784
S43A13T01,moving_support_variable_length,10.0,43013,0.3,0.3700161836089974,0.8161906681501904,0.3209416152765007,0.9296194997486608,0.919246727684662,1.0019682915655053,-0.052887280060319126,-116.1861904189121,76.30635029395924
S43A13T01,moving_support_variable_length,10.0,43013,0.3333333333333333,0.40626860002737114,0.7815199559110912,0.35150751741574465,0.9274598663798226,0.9058684405658173,1.011353757204371,-0.05179710500398322,-116.56635620505071,59.380960312858804
S43A13T01,moving_support_variable_length,10.0,43013,0.36666666666666664,0.4453902811474483,0.7436320530451916,0.3857562334831844,0.9255899844010217,0.8927475562275825,1.0224320805689424,-0.04858296593594782,-116.94807681282634,35.434021323637424
S43A13T01,moving_support_variable_length,10.0,43013,0.4,0.48696163926610425,0.7035203453815678,0.42362712027273647,0.9241162317252767,0.881003300115848,1.035400638059806,-0.04334576069095312,-117.33134638773228,5.116110457815324
S43A13T01,moving_support_variable_length,10.0,43013,0.43333333333333335,0.5304122794771864,0.6623774487748915,0.46495538027898115,0.9231428296244448,0.8717189524128272,1.0504467400394724,-0.03628874165316471,-117.71615886174719,-30.41535126619665
S43A13T01,moving_support_variable_length,10.0,43013,0.4666666666666667,0.5750439362936584,0.621528393034126,0.5094954204698324,0.9227718070356221,0.8657891094938177,1.0677455110841396,-0.027694181607072092,-118.10250795426217,-69.61336596550098
S43A13T01,moving_support_variable_length,10.0,43013,0.5,0.6200640177866267,0.5823489078518749,0.5569524195776947,0.9231029714329391,0.8637811747969741,1.0874580499977278,-0.01789183292513643,-118.49038717305638,-110.71199037003893
S43A13T01,moving_support_variable_length,10.0,43013,0.5333333333333333,0.6646274536782405,0.5461750975317227,0.607018596851234,0.9242338860835653,0.8658463192761163,1.1097299810727952,-0.007222686933645993,-118.87978981532164,-151.933746134433
S43A13T01,moving_support_variable_length,10.0,43013,0.5666666666666667,0.7078836253523669,0.5142120417691616,0.659409817276603,0.926259853479121,0.8717049719407736,1.134690481326921,0.003997601762002732,-119.27070896873472,-191.71083133752796
S43A13T01,moving_support_variable_length,10.0,43013,0.6,0.7490245170087488,0.4874493824935817,0.7138978277898864,0.9292739047094073,0.8807094279265113,1.1624518320971822,0.0155109207167178,-119.66313751257755,-228.89257929978672
S43A13T01,moving_support_variable_length,10.0,43013,0.6333333333333333,0.7873299720394364,0.4665916357211641,0.7703337174011751,0.9333667945244127,0.8919620807861601,1.1931095023099425,0.027140127964007534,-120.05706811890408,-262.9099304859114
S43A13T01,moving_support_variable_length,10.0,43013,0.6666666666666666,0.8222061342198218,0.4520097879522368,0.8286591733233104,0.9386270018129448,0.9044543039290879,1.2267427305750855,0.03880027549062849,-120.4524932537539,-293.870227698601
S43A13T01,moving_support_variable_length,10.0,43013,0.7,0.8532138093466372,0.44371879821605215,0.8889036944103056,0.9451407352118811,0.9171927777312788,1.2634155391756423,0.05049578934701024,-120.84940517841164,-322.5633987781385
S43A13T01,moving_support_variable_length,10.0,43013,0.7333333333333333,0.8800845376146922,0.441383136789298,0.9511679209314424,0.9529919435488527,0.9292924537227625,1.3031780888016136,0.062303765583390035,-121.24779595071163,-350.3732518501371
S43A13T01,moving_support_variable_length,10.0,43013,0.7666666666666667,0.9027234869458576,0.4443497394486752,1.0155953299345013,0.9622623308130162,0.9400300859423119,1.3460682702819093,0.07434563141819757,-121.64765742638772,-379.1029592766188
S43A13T01,moving_support_variable_length,10.0,43014,0.0,0.17113802923415694,0.9435415082395703,0.17113802923415694,0.9435415082395703,0.9589362871542375,0.9589362871547589,0.0,-113.04833975849083,6.611941662739831
S43A13T01,moving_support_variable_length,10.0,43014,0.03333333333333333,0.18501660275720605,0.9423491553740256,0.18109191997596988,0.9433385356286926,0.9617613190334817,0.9619546774946002,-0.007240787620597572,-114.64970649959527,16.319916161045658
S43A13T01,moving_support_variable_length,10.0,43014,0.06666666666666667,0.20012149415891411,0.9392409749994433,0.19089073316325444,0.9412386975493225,0.9635660694512576,0.9634986300658914,-0.015020229083791407,-116.25030977891178,29.416375305584708
S43A13T01,moving_support_variable_length,10.0,43014,0.1,0.2168155494795943,0.9335476641357328,0.20094428348548446,0.9373112297036206,0.9638585399316439,0.9636928417879305,-0.02300113840070636,-117.85000907891147,44.7638243126046
S43A13T01,moving_support_variable_length,10.0,43014,0.13333333333333333,0.23548612926535817,0.9246136839488183,0.21171719807544664,0.9316270612486036,0.9621927457511705,0.9626733778317903,-0.030792700968611912,-119.44866396866882,60.900137594739206
S43A13T01,moving_support_variable_length,10.0,43014,0.16666666666666666,0.2565172360985002,0.9118513000198769,0.22370393612073852,0.9242587557333424,0.958226846136173,0.9605885211863073,-0.03797537044390093,-121.04613415879244,76.15945205861034
S43A13T01,moving_support_variable_length,10.0,43014,0.2,0.28025785444553786,0.8947970447744102,0.23739947084290425,0.9152804438368372,0.9517821669500944,0.9575997010884216,-0.04413009537257679,-122.64227955644543,88.82608443961259
S43A13T01,moving_support_variable_length,10.0,43014,0.23333333333333334,0.30698879278987223,0.8731658173807526,0.2532680609058905,0.9047677479108945,0.9428964061180551,0.9538824625522315,-0.048869448688594226,-124.2369603204059,97.30636591386843
S43A13T01,moving_support_variable_length,10.0,43014,0.26666666666666666,0.3368907098830414,0.8468974512247506,0.2717129959724908,0.8927976984067866,0.9318628938511238,0.9496274248470713,-0.051867775613560894,-125.83003691611528,100.29905273289508
S43A13T01,moving_support_variable_length,10.0,43014,0.3,0.3700161836089974,0.8161906681501904,0.2930503966405991,0.8794486423427533,0.919246727684662,0.9450411581940446,-0.052887280060319126,-127.42137017066315,96.94273491200859
S43A13T01,moving_support_variable_length,10.0,43014,0.3333333333333333,0.40626860002737114,0.7815199559110912,0.31749001371304364,0.8648001440505176,0.9058684405658173,0.9403468855699579,-0.05179710500398322,-129.01082132765836,86.91921154753398
S43A13T01,moving_support_variable_length,10.0,43014,0.36666666666666664,0.4453902811474483,0.7436320530451916,0.34512546818538903,0.8489328785217869,0.8927475562275825,0.9357848915934484,-0.04858296593594782,-130.59825210193304,70.49560997072734
S43A13T01,moving_support_variable_length,10.0,43014,0.4,0.48696163926610425,0.7035203453815678,0.3759355092422586,0.8319285177589845,0.881003300115848,0.9316124956109529,-0.04334576069095312,-132.18352473402965,48.495040083012015
S43A13T01,moving_support_variable_length,10.0,43014,0.43333333333333335,0.5304122794771864,0.6623774487748915,0.4097967049143354,0.8138696106168348,0.8717189524128272,0.9281034256622073,-0.03628874165316471,-133.76650204441958,22.1950435081651
S43A13T01,moving_support_variable_length,10.0,43014,0.4666666666666667,0.5750439362936584,0.621528393034126,0.44650663486112213,0.7948394567015175,0.8657891094938177,0.9255464203753724,-0.027694181607072092,-135.34704748740188,-6.836365601319656
S43A13T01,moving_support_variable_length,10.0,43014,0.5,0.6200640177866267,0.5823489078518749,0.4858152863850246,0.7749219749704612,0.8637811747969741,0.9242428952049677,-0.01789183292513643,-136.92502520463225,-36.947352961704595
S43A13T01,moving_support_variable_length,10.0,43014,0.5333333333333333,0.6646274536782405,0.5461750975317227,0.5274611476918359,0.75420156774701,0.8658463192761163,0.9245035466686201,-0.007222686933645993,-138.50030007823156,-66.62417595598387
S43A13T01,moving_support_variable_length,10.0,43014,0.5666666666666667,0.7078836253523669,0.5142120417691616,0.5712076345231166,0.7327629809287532,0.8717049719407736,0.9266438406882422,0.003997601762002732,-140.07273778342568,-94.69666837352513
S43A13T01,moving_support_variable_length,10.0,43014,0.6,0.7490245170087488,0.4874493824935817,0.6168751458313911,0.7106911612249118,0.8807094279265113,0.9309784411531693,0.0155109207167178,-141.64220484066493,-120.49580976356867
S43A13T01,moving_support_variable_length,10.0,43014,0.6333333333333333,0.7873299720394364,0.4665916357211641,0.6643643425881471,0.6880711113055764,0.8919620807861601,0.9378147759113429,0.027140127964007534,-143.20856866717838,-143.93724891100996
S43A13T01,moving_support_variable_length,10.0,43014,0.6666666666666666,0.8222061342198218,0.4520097879522368,0.7136672229949502,0.6649877437827112,0.9044543039290879,0.9474460914564067,0.03880027549062849,-144.77169762791323,-165.51530885174563
S43A13T01,moving_support_variable_length,10.0,43014,0.7,0.8532138093466372,0.44371879821605215,0.7648641565744162,0.6415257349687474,0.9171927777312788,0.9601444853371504,0.05049578934701024,-146.33146108581278,-186.2069546360959
S43A13T01,moving_support_variable_length,10.0,43014,0.7333333333333333,0.8800845376146922,0.441383136789298,0.8181070373198478,0.6177693793725887,0.9292924537227625,0.9761544916963335,0.062303765583390035,-147.88772945138845,-207.30183116457746
S43A13T01,moving_support_variable_length,10.0,43014,0.7666666666666667,0.9027234869458576,0.4443497394486752,0.8735908062774456,0.593802445894462,0.9400300859423119,0.9956877996074047,0.07434563141819757,-149.4403742315402,-230.18879554402034
S43A13T02,moving_support_variable_length,0.0,43013,0.0,0.2638359834317706,0.8633413911870405,0.2638359834317706,0.8633413911870405,0.9027556612340816,0.9027556612346355,0.0,0.0,126.86101671693234
S43A13T02,moving_support_variable_length,0.0,43013,0.03333333333333333,0.2970656913215204,0.8334665653590584,0.2900205314563282,0.8422722167879939,0.8887920889684982,0.8946549886519541,-0.011616769860777913,0.0,120.38510472119178
S43A13T02,moving_support_variable_length,0.0,43013,0.06666666666666667,0.3326078629966172,0.7994810469345895,0.3208480522645414,0.8157066346088886,0.8755208900528633,0.8857136624870076,-0.024277110785314894,0.0,113.85682568349132
S43A13T02,moving_support_variable_length,0.0,43013,0.1,0.37028185173346595,0.7621320227201455,0.35664916202379404,0.7837490959833697,0.8643975523032694,0.8773062995378782,-0.037563594940127634,0.0,106.16360140140213
S43A13T02,moving_support_variable_length,0.0,43013,0.13333333333333333,0.4098303919645336,0.7224182670725418,0.39783956564004047,0.7465111437426086,0.8568681382272694,0.8710377846567238,-0.0509676697815772,0.0,95.84766286629133
S43A13T02,moving_support_variable_length,0.0,43013,0.16666666666666666,0.4509199904521706,0.6815396641032859,0.4449059668610322,0.7041118202501978,0.8541308032116071,0.8687119310850412,-0.06390339212566572,0.0,81.208991793689
S43A13T02,moving_support_variable_length,0.0,43013,0.2,0.49314603606229784,0.6408278388232126,0.4983860592434195,0.656678093213281,0.8568995990333781,0.8722568407437684,-0.07572706385782915,0.0,60.446739588684814
S43A13T02,moving_support_variable_length,0.0,43013,0.23333333333333334,0.5360427582813181,0.6016628637906811,0.5588432355982546,0.6043452981098739,0.865239575898054,0.8836002035759465,-0.08576213236802425,0.0,31.82680045239144
S43A13T02,moving_support_variable_length,0.0,43013,0.26666666666666666,0.579097733251786,0.5653826362146697,0.6268371084133715,0.5472575956140302,0.8785295939919404,0.9045048590344537,-0.09332826430228992,0.0,-6.140807989348431
S43A13T02,moving_support_variable_length,0.0,43013,0.3,0.6217702002003251,0.5331925505629771,0.7028913392490874,0.48556844188553044,0.8955651016683789,0.9363974849923288,-0.09777309616928238,0.0,-54.53371134144331
S43A13T02,moving_support_variable_length,0.0,43013,0.3333333333333333,0.6635120640940155,0.5060833613361604,0.7874605966782804,0.419441069019568,0.9147623392174395,0.9802375084294669,-0.098504844267771,0.0,-113.87819225596363
S43A13T02,moving_support_variable_length,0.0,43013,0.36666666666666664,0.7037901707466366,0.48476456383883343,0.8808986531466376,0.34904897232669707,0.9343984097495729,1.036465027668254,-0.09502376615524069,0.0,-184.0583706685678
S43A13T02,moving_support_variable_length,0.0,43013,0.4,0.7421082827491863,0.4696192480753741,0.9834296332181502,0.2745764004383794,0.9528277097101693,1.1050365392424772,-0.08695046440245369,0.0,-264.28758198841933
S43A13T02,moving_support_variable_length,0.0,43013,0.43333333333333335,0.7780271741955308,0.46068434247313245,1.0951241928788864,0.1962188435156479,0.9686404429506115,1.1855245210750105,-0.0740492568361311,0.0,-353.1469019488587
S43A13T02,moving_support_variable_length,0.0,43013,0.4666666666666667,0.8111813976104076,0.45765769299603865,1.2158819422951306,0.11418351408731842,0.9807546324930126,1.2772414060658621,-0.05624530545910697,0.0,-448.684191650275
S43A13T02,moving_support_variable_length,0.0,43013,0.5,0.84129154346069,0.4599308119915413,1.3454207929664674,0.028689814272699454,0.9884495475563951,1.3793540199577232,-0.03363482843882224,0.0,-548.5566976163443
S43A13T02,moving_support_variable_length,0.0,43013,0.5333333333333333,0.8681711880491825,0.4666436896352628,1.483273247727445,-0.060030217631843796,0.9913554851687915,1.490970604289494,-0.006488382811297124,0.0,-650.1951739074822
S43A13T02,moving_support_variable_length,0.0,43013,0.5666666666666667,0.8917281786102771,0.47675607201037307,1.6287891157478736,-0.15173148898286926,0.9894157873237711,1.6111972839407125,0.024752257372116032,0.0,-750.9698637146778
S43A13T02,moving_support_variable_length,0.0,43013,0.6,0.9119603953638833,0.4891282903763372,1.781143851316652,-0.24615547153703587,0.9828349318852599,1.7391691199386097,0.05948281859870803,0.0,-848.3474689659605
S43A13T02,moving_support_variable_length,0.0,43013,0.6333333333333333,0.9289466105178134,0.502604197965424,1.9393517345340496,-0.343029866269712,0.9720232790526062,1.8740633535165023,0.09695005090490624,0.0,-940.0395380954051
S43A13T02,moving_support_variable_length,0.0,43013,0.6666666666666666,0.9428334802566793,0.5160890483168318,2.1022833883075864,-0.44206832397572005,0.9575454520617294,2.0151016967130113,0.13626954170529054,0.0,-1024.151459236462
S43A13T02,moving_support_variable_length,0.0,43013,0.7,0.9538200077939303,0.528616145717573,2.2686875337688877,-0.5429702317891996,0.9400759087947594,2.1615467009549274,0.1764477129550992,0.0,-1099.343445671988
S43A13T02,moving_support_variable_length,0.0,43013,0.7333333333333333,0.9621409671808886,0.53939764619185,2.4372172607050997,-0.6454205760209297,0.9203624715576114,2.312695462260134,0.21640826819664338,0.0,-1165.009025287269
S43A13T02,moving_support_variable_length,0.0,43013,0.7666666666666667,0.9680507627109425,0.547856768584266,2.60646127391913,-0.749089891772444,0.8991967855203477,2.4678725822170193,0.2550235400843922,0.0,-1221.4638587084482
S43A13T02,moving_support_variable_length,0.0,43013,0.8,0.9718090239917412,0.5536406536685778,2.774980460332846,-0.8536343096126013,0.8773900044473715,2.626423416146112,0.29115107280804403,0.0,-1270.1217256447326
S43A13T02,moving_support_variable_length,0.0,43013,0.8333333333333334,0.9736689293284401,0.5566149616658929,2.9413496662014316,-0.9586957091621402,0.8557522477942578,2.7877081004162765,0.3236753185486097,0.0,-1313.620103080255
S43A13T02,moving_support_variable_length,0.0,43013,0.8666666666666667,0.9738688530916181,0.5568428400399023,3.104203821136916,-1.063901988698335,0.8350749990382611,2.951096545330487,0.35155357486437766,0.0,-1355.8499634727068
S43A13T02,moving_support_variable_length,0.0,43013,0.9,0.9726274986780267,0.5545519950627589,3.2622866130591563,-1.1688674588451005,0.8161159315910682,3.115964418851877,0.3738643580550664,0.0,-1401.8470767473352
S43A13T02,moving_support_variable_length,0.0,43013,0.9333333333333333,0.9701422619650003,0.5500941985988604,3.4144989764807887,-1.2731933670430275,0.7995851373476058,3.2816900691527215,0.38985546689288497,0.0,-1457.5165585558022
S43A13T02,moving_support_variable_length,0.0,43013,0.9666666666666667,0.9665902203294346,0.5439016567435631,3.5599438957423932,-1.3764685577993725,0.7861304151976735,3.447652302744826,0.39898823170494635,0.0,-1529.1870046716417
S43A13T02,moving_support_variable_length,0.0,43013,1.0,0.9621308982988618,0.5364443165577369,3.6979636159515983,-1.4782702717136504,0.7763179298088687,3.613228927463199,0.40097403664997294,0.0,-1623.0210003796542
S43A13T02,moving_support_variable_length,0.0,43013,1.0333333333333334,0.9569098472323043,0.5281914902230328,3.828165416408844,-1.5781650839887367,0.7706045246911809,3.7777959732107287,0.39579926710527386,0.0,-1744.339178509891
S43A13T02,moving_support_variable_length,0.0,43013,1.0666666666666667,0.9510621010308636,0.5195802558031596,3.9504326795141482,-1.6757099806139206,0.7693004688164916,3.940727511317033,0.3837354146315748,0.0,-1896.939003456553
S43A13T02,moving_support_variable_length,0.0,43013,1.1,0.9447147235714671,0.510992079850787,4.064919046152174,-1.770453567704791,0.7725264347676614,4.101396002153174,0.36533213257946917,0.0,-2082.50173095431
S43A13T02,moving_support_variable_length,0.0,43013,1.1333333333333333,0.9379879210180926,0.5027381189302136,4.1720248745993604,-1.8619374066787737,0.7801741826536313,4.259173108682203,0.34139246423538117,0.0,-2300.1784422235105
S43A13T02,moving_support_variable_length,0.0,43013,1.1666666666666667,0.9309945145662366,0.49505279247354583,4.272356846632064,-1.9496974651215466,0.7918836139266476,4.413430920338279,0.31293109494841753,0.0,-2546.42852097582
S43A13T02,moving_support_variable_length,0.0,43013,1.2,0.9238379086638937,0.48809454677884767,4.36667319685569,-2.0332656704540897,0.8070470988799323,4.56354353697097,0.28111811496273,0.0,-2815.15396983212
S43A13T02,moving_support_variable_length,0.0,43013,1.2333333333333334,0.9166089957094241,0.48195228583021865,4.455818486366176,-2.1121715509452033,0.8248454636509197,4.708888966787072,0.2472122276499063,0.0,-3098.134903328614
S43A13T02,moving_support_variable_length,0.0,43013,1.2666666666666666,0.9093826647198894,0.47665573441922715,4.540652932580616,-2.1859439463322063,0.8443117088884977,4.848851295604614,0.2124884312730323,0.0,-3385.7306532815205
S43A13T02,moving_support_variable_length,0.0,43013,1.3,0.9022146945485805,0.472188001468783,4.621981918229064,-2.254112768412109,0.8644121049859145,4.982823087675695,0.17816581600853587,0.0,-3667.772718996625
S43A13T02,moving_support_variable_length,0.0,43013,1.3333333333333333,0.8951397954859195,0.4684987847276885,4.700491360610487,-2.316210790534968,0.8841318215529835,5.110207981203737,0.14534117812838143,0.0,-3934.5457935033883
S43A13T02,moving_support_variable_length,0.0,43013,1.3666666666666667,0.888171420173913,0.4655169472600538,4.776694111864147,-2.3717754440438545,0.9025534255250333,5.230423444819647,0.11493364449255633,0.0,-4177.736278903487
S43A13T02,moving_support_variable_length,0.0,43013,1.4,0.881303718697892,0.4631615417016668,4.850891528306892,-2.4203505994147534,0.9189198107404208,5.342903664998728,0.08764446885590482,0.0,-4391.227624761775
S43A13T02,moving_support_variable_length,0.0,43013,1.4333333333333333,0.8745157019582636,0.461350704795868,4.923152897890636,-2.461488310183861,0.9326767996246332,5.447102538968336,0.06393471294951308,0.0,-4571.639597959543
S43A13T02,moving_support_variable_length,0.0,43013,1.4666666666666666,0.867777349527893,0.4600081507703556,4.993313706182243,-2.49475049871139,0.9434938669837193,5.54249675331404,0.044021816459537844,0.0,-4718.542297982998
S43A13T02,moving_support_variable_length,0.0,43013,1.5,0.8610571018723137,0.45906723671321914,5.060991942455612,-2.519710564394466,0.9512639039385814,5.628588935451625,0.02789428038244434,0.0,-4834.320467244787
S43A13T02,moving_support_variable_length,0.0,43013,1.5333333333333334,0.8543299538870524,0.458472756117989,5.125619996644224,-2.535954897054058,0.9560847214402032,5.70491087358957,0.015342035935330074,0.0,-4923.712293727542
S43A13T02,moving_support_variable_length,0.0,43013,1.5666666666666667,0.8475852458920158,0.45818075162782057,5.186488355042111,-2.5430842808041225,0.9582262108305054,5.771026810957207,0.005998726299197206,0.0,-4993.091588756649
S43A13T02,moving_support_variable_length,0.0,43013,1.6,0.8408332420161058,0.4581567402761856,5.242796405951039,-2.5407151766652785,0.9580878141058828,5.826536832131014,-0.0006087707677154969,0.0,-5049.596060854162
S43A13T02,moving_support_variable_length,0.0,43013,1.6333333333333333,0.8341096909977275,0.45837282228133364,5.293705296919665,-2.5284808753946546,0.9561512383787433,5.871080373512436,-0.005008623929940698,0.0,-5100.222719292656
S43A13T02,moving_support_variable_length,0.0,43013,1.6666666666666667,0.8274777644845742,0.4588041951359155,5.3383879612118195,-2.5060325153410123,0.9529331871706546,5.904339906724203,-0.007735004656862433,0.0,-5151.012047505881
S43A13T02,moving_support_variable_length,0.0,43013,1.7,0.8210270371771738,0.4594256087561702,5.37607211086904,-2.4730399634692026,0.9489422994531178,5.926044863333606,-0.009285914492492157,0.0,-5206.425591673496
S43A13T02,moving_support_variable_length,0.0,43013,1.7333333333333334,0.8148694799259751,0.4602082653889181,5.406073081724966,-2.4291925609020475,0.9446435473192437,5.935975892460335,-0.010090994254216983,0.0,-5268.989318090536
S43A13T02,moving_support_variable_length,0.0,43013,1.7666666666666666,0.8091327468801045,0.4611175869163482,5.427814772349704,-2.3741997372812556,0.9404321534064617,5.933969570247074,-0.010491073050208875,0.0,-5339.232123952697
S43A13T02,moving_support_variable_length,0.0,43013,1.8,0.8039513175719293,0.46211214851159343,5.44083837410148,-2.307791500846332,0.9366177987887433,5.919923712847765,-0.01072976310066736,0.0,-5415.902013124048
S43A13T02,moving_support_variable_length,0.0,43014,0.0,0.2638359834317706,0.8633413911870405,0.2638359834317706,0.8633413911870405,0.9027556612340816,0.9027556612346355,0.0,0.0,-79.2178502879857
S43A13T02,moving_support_variable_length,0.0,43014,0.03333333333333333,0.2970656913215204,0.8334665653590584,0.28833606432821424,0.8441802038627675,0.8887920889684982,0.895886108460664,-0.011616769860777913,0.0,-93.75146671462491
S43A13T02,moving_support_variable_length,0.0,43014,0.06666666666666667,0.3326078629966172,0.7994810469345895,0.31405159578374386,0.8233870490250419,0.8755208900528633,0.8901868040989256,-0.024277110785314894,0.0,-106.31518945914132
S43A13T02,moving_support_variable_length,0.0,43014,0.1,0.37028185173346595,0.7621320227201455,0.34122730727230843,0.8011357854961172,0.8643975523032694,0.8861721584446174,-0.037563594940127634,0.0,-117.57821182325512
S43A13T02,moving_support_variable_length,0.0,43014,0.13333333333333333,0.4098303919645336,0.7224182670725418,0.3701960967877901,0.77760251846044,0.8568681382272694,0.8843328530524666,-0.0509676697815772,0.0,-128.45092860560234
S43A13T02,moving_support_variable_length,0.0,43014,0.16666666666666666,0.4509199904521706,0.6815396641032859,0.40136549392563997,0.7529654103375507,0.8541308032116071,0.8851169671253732,-0.06390339212566572,0.0,-140.02429155937406
S43A13T02,moving_support_variable_length,0.0,43014,0.2,0.49314603606229784,0.6408278388232126,0.4351982371420785,0.7274044786617977,0.8568995990333781,0.8889105347446884,-0.07572706385782915,0.0,-153.488897085215
S43A13T02,moving_support_variable_length,0.0,43014,0.23333333333333334,0.5360427582813181,0.6016628637906811,0.47218760107398366,0.7011013820156214,0.865239575898054,0.8960195605639545,-0.08576213236802425,0.0,-170.04136920675109
S43A13T02,moving_support_variable_length,0.0,43014,0.26666666666666666,0.579097733251786,0.5653826362146697,0.5128285641426159,0.6742391951740401,0.8785295939919404,0.9066557191019777,-0.09332826430228992,0.0,-190.7868886103036
S43A13T02,moving_support_variable_length,0.0,43014,0.3,0.6217702002003251,0.5331925505629771,0.5575863115730819,0.6470021747182525,0.8955651016683789,0.920927666761929,-0.09777309616928238,0.0,-216.64717214677253
S43A13T02,moving_support_variable_length,0.0,43014,0.3333333333333333,0.6635120640940155,0.5060833613361604,0.606863889902726,0.6195755164642862,0.9147623392174395,0.9388391085528319,-0.098504844267771,0.0,-248.2833095286848
S43A13T02,moving_support_variable_length,0.0,43014,0.36666666666666664,0.7037901707466366,0.48476456383883343,0.6609710191813176,0.5921451061268987,0.9343984097495729,0.9602936749594392,-0.09502376615524069,0.0,-286.0424801696098
S43A13T02,moving_support_variable_length,0.0,43014,0.4,0.7421082827491863,0.4696192480753741,0.7200960704422563,0.5648972646981869,0.9528277097101693,0.9851055928525364,-0.08695046440245369,0.0,-329.93586068216257
S43A13T02,moving_support_variable_length,0.0,43014,0.43333333333333335,0.7780271741955308,0.46068434247313245,0.7842829824868199,0.5380184900635611,0.9686404429506115,1.0130143773473435,-0.0740492568361311,0.0,-379.6512161293262
S43A13T02,moving_support_variable_length,0.0,43014,0.4666666666666667,0.8111813976104076,0.45765769299603865,0.8534144239769972,0.5116951964041144,0.9807546324930126,1.0437014886363878,-0.05624530545910697,0.0,-434.5979963577005
S43A13T02,moving_support_variable_length,0.0,43014,0.5,0.84129154346069,0.4599308119915413,0.927201874593358,0.48611345294352337,0.9884495475563951,1.0768070667614629,-0.03363482843882224,0.0,-493.9767391519727
S43A13T02,moving_support_variable_length,0.0,43014,0.5333333333333333,0.8681711880491825,0.4666436896352628,1.0051826357430147,0.46145872358925255,0.9913554851687915,1.1119453239077635,-0.006488382811297124,0.0,-556.8602742169803
S43A13T02,moving_support_variable_length,0.0,43014,0.5666666666666667,0.8917281786102771,0.47675607201037307,1.0867232442301806,0.4379156089921862,0.9894157873237711,1.1487177449348858,0.024752257372116032,0.0,-622.2731658587205
S43A13T02,moving_support_variable_length,0.0,43014,0.6,0.9119603953638833,0.4891282903763372,1.1710284782028648,0.4156675925063005,0.9828349318852599,1.1867237677091598,0.05948281859870803,0.0,-689.2582788511467
S43A13T02,moving_support_variable_length,0.0,43014,0.6333333333333333,0.9289466105178134,0.502604197965424,1.257155163353726,0.3948967914713876,0.9720232790526062,1.2255690020834302,0.09695005090490624,0.0,-756.924172410076
S43A13T02,moving_support_variable_length,0.0,43014,0.6666666666666666,0.9428334802566793,0.5160890483168318,1.344030263032587,0.37578371516815545,0.9575454520617294,1.2648712822131796,0.13626954170529054,0.0,-824.4723087167122
S43A13T02,moving_support_variable_length,0.0,43014,0.7,0.9538200077939303,0.528616145717573,1.4304731431738988,0.35850703070755524,0.9400759087947594,1.3042649541803972,0.1764477129550992,0.0,-891.2070406159222
S43A13T02,moving_support_variable_length,0.0,43014,0.7333333333333333,0.9621409671808886,0.53939764619185,1.5152222770886326,0.34324333801640783,0.9203624715576114,1.3434038182124264,0.21640826819664338,0.0,-956.5331196564036
S43A13T02,moving_support_variable_length,0.0,43014,0.7666666666666667,0.9680507627109425,0.547856768584266,1.5969668393409586,0.3301669549710046,0.8991967855203477,1.3819631097013496,0.2550235400843922,0.0,-1019.9451645279642
S43A13T02,moving_support_variable_length,0.0,43014,0.8,0.9718090239917412,0.5536406536685778,1.674383521894686,0.3194497136111669,0.8773900044473715,1.419640844627079,0.29115107280804403,0.0,-1081.011981663093
S43A13T02,moving_support_variable_length,0.0,43014,0.8333333333333334,0.9736689293284401,0.5566149616658929,1.746178450581229,0.3112607682411997,0.8557522477942578,1.4561587916466094,0.3236753185486097,0.0,-1139.3569079611843
S43A13T02,moving_support_variable_length,0.0,43014,0.8666666666666667,0.9738688530916181,0.5568428400399023,1.8111333278622106,0.30576641609322697,0.8350749990382611,1.4912632754053563,0.35155357486437766,0.0,-1194.6343843776572
S43A13T02,moving_support_variable_length,0.0,43014,0.9,0.9726274986780267,0.5545519950627589,1.8681539961764617,0.3031299310945973,0.8161159315910682,1.524725968075374,0.3738643580550664,0.0,-1246.5033051811834
S43A13T02,moving_support_variable_length,0.0,43014,0.9333333333333333,0.9701422619650003,0.5500941985988604,1.9163186756698218,0.3035114111463376,0.7995851373476058,1.5563447897065172,0.38985546689288497,0.0,-1294.5993119760626
S43A13T02,moving_support_variable_length,0.0,43014,0.9666666666666667,0.9665902203294346,0.5439016567435631,1.9549223708705443,0.3070676391859436,0.7861304151976735,1.5859450118012348,0.39898823170494635,0.0,-1338.5105481939022
S43A13T02,moving_support_variable_length,0.0,43014,1.0,0.9621308982988618,0.5364443165577369,1.9835135338980936,0.3139519581769653,0.7763179298088687,1.6133806408887166,0.40097403664997294,0.0,-1377.7635075322432
S43A13T02,moving_support_variable_length,0.0,43014,1.0333333333333334,0.9569098472323043,0.5281914902230328,2.0019191360282265,0.3243141600415411,0.7706045246911809,1.6385361478324283,0.39579926710527386,0.0,-1411.826487853653
S43A13T02,moving_support_variable_length,0.0,43014,1.0666666666666667,0.9510621010308636,0.5195802558031596,2.0102548801442173,0.3383003884318272,0.7693004688164916,1.6613286022053726,0.3837354146315748,0.0,-1440.1370770857206
S43A13T02,moving_support_variable_length,0.0,43014,1.1,0.9447147235714671,0.510992079850787,2.0089183473470804,0.3560530551235052,0.7725264347676614,1.6817102673879072,0.36533213257946917,0.0,-1462.1568412888817
S43A13T02,moving_support_variable_length,0.0,43014,1.1333333333333333,0.9379879210180926,0.5027381189302136,1.9985642999683104,0.37771076971043194,0.7801741826536313,1.6996717090964049,0.34139246423538117,0.0,-1477.4513212470285
S43A13T02,moving_support_variable_length,0.0,43014,1.1666666666666667,0.9309945145662366,0.49505279247354583,1.9800629928970266,0.40340828218500024,0.7918836139266476,1.7152454656095681,0.31293109494841753,0.0,-1485.787430303611
S43A13T02,moving_support_variable_length,0.0,43014,1.2,0.9238379086638937,0.48809454677884767,1.9544439805287588,0.4332764379046805,0.8070470988799323,1.7285103193260571,0.28111811496273,0.0,-1487.2345675416675
S43A13T02,moving_support_variable_length,0.0,43014,1.2333333333333334,0.9166089957094241,0.48195228583021865,1.922829354711533,0.4674421443720846,0.8248454636509197,1.7395961930397619,0.2472122276499063,0.0,-1482.2515125611214
S43A13T02,moving_support_variable_length,0.0,43014,1.2666666666666666,0.9093826647198894,0.47665573441922715,1.8863614425863866,0.5060283491941235,0.8443117088884977,1.7486896660620967,0.2124884312730323,0.0,-1471.7396225845123
S43A13T02,moving_support_variable_length,0.0,43014,1.3,0.9022146945485805,0.472188001468783,1.8461306068838308,0.5491540285355959,0.8644121049859145,1.7560400595252774,0.17816581600853587,0.0,-1457.0448184691215
S43A13T02,moving_support_variable_length,0.0,43014,1.3333333333333333,0.8951397954859195,0.4684987847276885,1.8031088514697564,0.5969341853437682,0.8841318215529835,1.7619659702754489,0.14534117812838143,0.0,-1439.8965445322951
S43A13T02,moving_support_variable_length,0.0,43014,1.3666666666666667,0.888171420173913,0.4655169472600538,1.7580944262228428,0.6494798565931763,0.9025534255250333,1.7668620316079517,0.11493364449255633,0.0,-1422.280797228468
S43A13T02,moving_support_variable_length,0.0,43014,1.4,0.881303718697892,0.4631615417016668,1.7116715937070976,0.706898128783434,0.9189198107404208,1.7712055405093312,0.08764446885590482,0.0,-1406.2551777693677
S43A13T02,moving_support_variable_length,0.0,43014,1.4333333333333333,0.8745157019582636,0.461350704795868,1.6641882715734895,0.7692921609170099,0.9326767996246332,1.7755624125155565,0.06393471294951308,0.0,-1393.7249132482623
S43A13T02,moving_support_variable_length,0.0,43014,1.4666666666666666,0.867777349527893,0.4600081507703556,1.6157525557891055,0.8367612141879619,0.9434938669837193,1.7805917124719473,0.044021816459537844,0.0,-1386.2078555062053
S43A13T02,moving_support_variable_length,0.0,43014,1.5,0.8610571018723137,0.45906723671321914,1.5662473501385155,0.9094006876259472,0.9512639039385814,1.7870477827644882,0.02789428038244434,0.0,-1384.621735299824
S43A13T02,moving_support_variable_length,0.0,43014,1.5333333333333334,0.8543299538870524,0.458472756117989,1.5153606751214144,0.9873021589615059,0.9560847214402032,1.7957787923340456,0.015342035935330074,0.0,-1389.1271528799189
S43A13T02,moving_support_variable_length,0.0,43014,1.5666666666666667,0.8475852458920158,0.45818075162782057,1.4626278844399718,1.0705534300079464,0.9582262108305054,1.80772042939407,0.005998726299197206,0.0,-1399.0545230386385
S43A13T02,moving_support_variable_length,0.0,43014,1.6,0.8408332420161058,0.4581567402761856,1.407481117990402,1.1592385758910997,0.9580878141058828,1.823883551835992,-0.0006087707677154969,0.0,-1412.9329311120578
S43A13T02,moving_support_variable_length,0.0,43014,1.6333333333333333,0.8341096909977275,0.45837282228133364,1.3493009477074107,1.2534379974999097,0.9561512383787433,1.8453349911076118,-0.005008623929940698,0.0,-1428.6247833978819
S43A13T02,moving_support_variable_length,0.0,43014,1.6666666666666667,0.8274777644845742,0.4588041951359155,1.2874653452734828,1.353228476577295,0.9529331871706546,1.8731714433762852,-0.007735004656862433,0.0,-1443.5540449490134
S43A13T02,moving_support_variable_length,0.0,43014,1.7,0.8210270371771738,0.4594256087561702,1.2213917769118643,1.458683232920949,0.9489422994531178,1.9084874519173731,-0.009285914492492157,0.0,-1455.0001029566274
S43A13T02,moving_support_variable_length,0.0,43014,1.7333333333333334,0.8148694799259751,0.4602082653889181,1.1505693148864593,1.569871983216899,0.9446435473192437,1.952339723742999,-0.010090994254216983,0.0,-1460.4166281880696
S43A13T02,moving_support_variable_length,0.0,43014,1.7666666666666666,0.8091327468801045,0.4611175869163482,1.0745790084209146,1.68686100108364,0.9404321534064617,2.0057111254319877,-0.010491073050208875,0.0,-1457.7279498449886
S43A13T02,moving_support_variable_length,0.0,43014,1.8,0.8039513175719293,0.46211214851159343,0.9931022085893866,1.8097131779607851,0.9366177987887433,2.069478295095908,-0.01072976310066736,0.0,-1445.5564334380506
S43A13T02,moving_support_variable_length,0.01,43013,0.0,0.2638359834317706,0.8633413911870405,0.2638359834317706,0.8633413911870405,0.9027556612340816,0.9027556612346355,0.0,-201.94066837351082,251.37862566452227
S43A13T02,moving_support_variable_length,0.01,43013,0.03333333333333333,0.2970656913215204,0.8334665653590584,0.28942502635559225,0.8430738779247027,0.8887920889684982,0.8952093200526763,-0.011616769860777913,-203.1812790775857,245.7323327868537
S43A13T02,moving_support_variable_length,0.01,43013,0.06666666666666667,0.3326078629966172,0.7994810469345895,0.3184820886370075,0.8189162764586598,0.8755208900528633,0.8877543222302821,-0.024277110785314894,-204.4046842320199,240.21509804601
S43A13T02,moving_support_variable_length,0.01,43013,0.1,0.37028185173346595,0.7621320227201455,0.35135733263703905,0.7909833060095881,0.8643975523032694,0.8814272960910284,-0.037563594940127634,-205.61131046967603,233.73238526292616
S43A13T02,moving_support_variable_length,0.01,43013,0.13333333333333333,0.4098303919645336,0.7224182670725418,0.38847889398203167,0.7594050447887025,0.8568681382272694,0.8773877731397759,-0.0509676697815772,-206.8015748027358,224.88585184198638
S43A13T02,moving_support_variable_length,0.01,43013,0.16666666666666666,0.4509199904521706,0.6815396641032859,0.4303374212917555,0.7243279354109646,0.8541308032116071,0.8768836522967142,-0.06390339212566572,-207.97588477098984,212.06820964992158
S43A13T02,moving_support_variable_length,0.01,43013,0.2,0.49314603606229784,0.6408278388232126,0.47746470398200413,0.6859155981681467,0.8568995990333781,0.8811931342317224,-0.07572706385782915,-209.13463859065473,193.59253608339276
S43A13T02,moving_support_variable_length,0.01,43013,0.23333333333333334,0.5360427582813181,0.6016628637906811,0.530407114632838,0.6443493559671075,0.865239575898054,0.8915439604897987,-0.08576213236802425,-210.27822530354976,167.84526891688847
S43A13T02,moving_support_variable_length,0.01,43013,0.26666666666666666,0.579097733251786,0.5653826362146697,0.5896950759388805,0.5998283601178721,0.8785295939919404,0.9090186713796924,-0.09332826430228992,-211.4070249264875,133.44860999794017
S43A13T02,moving_support_variable_length,0.01,43013,0.3,0.6217702002003251,0.5331925505629771,0.6558101964214521,0.5525691962189101,0.8955651016683789,0.9344626774156927,-0.09777309616928238,-212.52140860073703,89.41572922294144
S43A13T02,moving_support_variable_length,0.01,43013,0.3333333333333333,0.6635120640940155,0.5060833613361604,0.7291520651402307,0.5028048476732062,0.9147623392174395,0.9684155484787927,-0.098504844267771,-213.6217387414361,35.280936900785335
S43A13T02,moving_support_variable_length,0.01,43013,0.36666666666666664,0.7037901707466366,0.48476456383883343,0.8100069010116695,0.45078290486383105,0.9343984097495729,1.0110814684440896,-0.09502376615524069,-214.70836918683466,-28.812445272624927
S43A13T02,moving_support_variable_length,0.01,43013,0.4,0.7421082827491863,0.4696192480753741,0.8985202522493507,0.3967629345333556,0.9528277097101693,1.0623433341433177,-0.08695046440245369,-215.78164534726082,-102.08018544566995
S43A13T02,moving_support_variable_length,0.01,43013,0.43333333333333335,0.7780271741955308,0.46068434247313245,0.9946756828267329,0.34101296913169304,0.9686404429506115,1.121812302381466,-0.0740492568361311,-216.84190435371062,-183.1275970284716
S43A13T02,moving_support_variable_length,0.01,43013,0.4666666666666667,0.8111813976104076,0.45765769299603865,1.0982808608038204,0.28380514018688363,0.9807546324930126,1.1888969787930617,-0.05624530545910697,-217.88947520596736,-270.0388585608892
S43A13T02,moving_support_variable_length,0.01,43013,0.5,0.84129154346069,0.4599308119915413,1.2089617465024636,0.22541055998374637,0.9884495475563951,1.2628761493547183,-0.03363482843882224,-218.92467892016444,-360.51209597958956
S43A13T02,moving_support_variable_length,0.01,43013,0.5333333333333333,0.8681711880491825,0.4666436896352628,1.326164804046319,0.1660936446266822,0.9913554851687915,1.3429637430802572,-0.006488382811297124,-219.9478286757096,-452.0210302464689
S43A13T02,moving_support_variable_length,0.01,43013,0.5666666666666667,0.8917281786102771,0.47675607201037307,1.4491664959193755,0.10610615741313778,0.9894157873237711,1.428360752617542,0.024752257372116032,-220.9592299614979,-541.9833931975115
S43A13T02,moving_support_variable_length,0.01,43013,0.6,0.9119603953638833,0.4891282903763372,1.5770889113471465,0.045681320090702526,0.9828349318852599,1.5182934616711656,0.05948281859870803,-221.95918072133964,-627.9208871714536
S43A13T02,moving_support_variable_length,0.01,43013,0.6333333333333333,0.9289466105178134,0.502604197965424,1.7089202970830617,-0.01497162338806557,0.9720232790526062,1.6120397712437302,0.09695005090490624,-222.94797149854185,-707.602790823604
S43A13T02,moving_support_variable_length,0.01,43013,0.6666666666666666,0.9428334802566793,0.5160890483168318,1.8435394793727178,-0.07567201167589355,0.9575454520617294,1.7089461353170314,0.13626954170529054,-223.92588557957842,-779.1721359401524
S43A13T02,moving_support_variable_length,0.01,43013,0.7,0.9538200077939303,0.528616145717573,1.9797435786837658,-0.13627121336369702,0.9400759087947594,1.8084373981276531,0.1764477129550992,-224.89319913679705,-841.2571202602938
S43A13T02,moving_support_variable_length,0.01,43013,0.7333333333333333,0.9621409671808886,0.53939764619185,2.1162788643772745,-0.1966546866955668,0.9203624715576114,1.9100212951776423,0.21640826819664338,-225.85018137010604,-893.0700927345583
S43A13T02,moving_support_variable_length,0.01,43013,0.7666666666666667,0.9680507627109425,0.547856768584266,2.2518749094308705,-0.2567425475482853,0.8991967855203477,2.0132888831420814,0.2550235400843922,-226.79709464759614,-934.4926638603226
S43A13T02,moving_support_variable_length,0.01,43013,0.8,0.9718090239917412,0.5536406536685778,2.385282254635505,-0.3164886785785479,0.8773900044473715,2.117911823086946,0.29115107280804403,-227.73419464505122,-966.139934769159
S43A13T02,moving_support_variable_length,0.01,43013,0.8333333333333334,0.9736689293284401,0.5566149616658929,2.51531351036637,-0.37587853935618293,0.8557522477942578,2.2236372546311953,0.3236753185486097,-228.661730484308,-989.391635306866
S43A13T02,moving_support_variable_length,0.01,43013,0.8666666666666667,0.9738688530916181,0.5568428400399023,2.6408872256859386,-0.434925935828482,0.8350749990382611,2.330280913203654,0.35155357486437766,-229.57994487042663,-1006.3751496695609
S43A13T02,moving_support_variable_length,0.01,43013,0.9,0.9726274986780267,0.5545519950627589,2.7610730343312366,-0.4936690659921022,0.8161159315910682,2.437719100061929,0.3738643580550664,-230.48907422763918,-1019.8864223813692
S43A13T02,moving_support_variable_length,0.01,43013,0.9333333333333333,0.9701422619650003,0.5500941985988604,2.875135704471239,-0.5521661740597122,0.7995851373476058,2.545880072406055,0.38985546689288497,-231.3893488340454,-1033.2400112210469
S43A13T02,moving_support_variable_length,0.01,43013,0.9666666666666667,0.9665902203294346,0.5439016567435631,2.982574964410954,-0.610491122502459,0.7861304151976735,2.6547353570685375,0.39898823170494635,-232.28099295502813,-1050.0484160517556
S43A13T02,moving_support_variable_length,0.01,43013,1.0,0.9621308982988618,0.5364443165577369,3.083157530518278,-0.6687291404640747,0.7763179298088687,2.764291402527311,0.40097403664997294,-233.16422497536524,-1073.9417259356042
S43A13T02,moving_support_variable_length,0.01,43013,1.0333333333333334,0.9569098472323043,0.5281914902230328,3.1769377606900107,-0.7269729408328552,0.7706045246911809,2.874581878674349,0.39579926710527386,-234.03925753001528,-1108.2495874757117
S43A13T02,moving_support_variable_length,0.01,43013,1.0666666666666667,0.9510621010308636,0.5195802558031596,3.264263858010964,-0.7853193287135215,0.7693004688164916,2.9856608248710605,0.3837354146315748,-234.9062976335598,-1155.6764264932654
S43A13T02,moving_support_variable_length,0.01,43013,1.1,0.9447147235714671,0.510992079850787,3.345767532060624,-0.8438663604536526,0.7725264347676614,3.097596746638704,0.36533213257946917,-235.76554680828625,-1218.0059934076728
S43A13T02,moving_support_variable_length,0.01,43013,1.1333333333333333,0.9379879210180926,0.5027381189302136,3.422336387083995,-0.9027110604864128,0.7801741826536313,3.2104676784642,0.34139246423538117,-236.61720121089778,-1295.8715942381218
S43A13T02,moving_support_variable_length,0.01,43013,1.1666666666666667,0.9309945145662366,0.49505279247354583,3.4950698841710524,-0.9619476653830642,0.7918836139266476,3.3243571686586604,0.31293109494841753,-237.4614517578398,-1388.6236607810654
S43A13T02,moving_support_variable_length,0.01,43013,1.2,0.9238379086638937,0.48809454677884767,3.565221324637176,-1.0216663403532218,0.8070470988799323,3.439351101996675,0.28111811496273,-238.2984842492347,-1494.3172397029734
S43A13T02,moving_support_variable_length,0.01,43013,1.2333333333333334,0.9166089957094241,0.48195228583021865,3.6341297292610437,-1.0819523010177403,0.8248454636509197,3.555535254275847,0.2472122276499063,-239.12847949141755,-1609.8296471265355
S43A13T02,moving_support_variable_length,0.01,43013,1.2666666666666666,0.9093826647198894,0.47665573441922715,3.7031465727106165,-1.1428852698873948,0.8443117088884977,3.672993465895505,0.2124884312730323,-239.9516134180694,-1731.1042425074675
S43A13T02,moving_support_variable_length,0.01,43013,1.3,0.9022146945485805,0.472188001468783,3.7735629457200823,-1.2045391998172632,0.8644121049859145,3.791806324726441,0.17816581600853587,-240.76805720994562,-1853.5014360502696
S43A13T02,moving_support_variable_length,0.01,43013,1.3333333333333333,0.8951397954859195,0.4684987847276885,3.8465427827307375,-1.2669822033199372,0.8841318215529835,3.912050258041363,0.14534117812838143,-241.57797741319627,-1972.2242628251101
S43A13T02,moving_support_variable_length,0.01,43013,1.3666666666666667,0.888171420173913,0.4655169472600538,3.9230672917933096,-1.3302766350861757,0.9025534255250333,4.033796946000298,0.11493364449255633,-242.3815360562826,-2082.77494857124
S43A13T02,moving_support_variable_length,0.01,43013,1.4,0.881303718697892,0.4631615417016668,4.003894700788415,-1.3944792840100222,0.9189198107404208,4.15711298290599,0.08764446885590482,-243.1788907654879,-2181.3926483322075
S43A13T02,moving_support_variable_length,0.01,43013,1.4333333333333333,0.8745157019582636,0.461350704795868,4.089537994274299,-1.4596416395670966,0.9326767996246332,4.28205972571285,0.06393471294951308,-243.9701948790285,-2265.4223158635405
S43A13T02,moving_support_variable_length,0.01,43013,1.4666666666666666,0.867777349527893,0.4600081507703556,4.1802616144420055,-1.5258102050560898,0.9434938669837193,4.408693281264682,0.044021816459537844,-244.755597559768,-2333.571000572186
S43A13T02,moving_support_variable_length,0.01,43013,1.5,0.8610571018723137,0.45906723671321914,4.276096326916318,-1.5930268367679168,0.9512639039385814,4.537064594078244,0.02789428038244434,-245.5352439065397,-2386.020262531548
S43A13T02,moving_support_variable_length,0.01,43013,1.5333333333333334,0.8543299538870524,0.458472756117989,4.376869805556437,-1.6613290935598553,0.9560847214402032,4.667219605105965,0.015342035935330074,-246.30927506408395,-2424.380271365492
S43A13T02,moving_support_variable_length,0.01,43013,1.5666666666666667,0.8475852458920158,0.45818075162782057,4.482249150100864,-1.7307505856564775,0.9582262108305054,4.799199458903103,0.005998726299197206,-247.07782833160576,-2451.4901814949867
S43A13T02,moving_support_variable_length,0.01,43013,1.6,0.8408332420161058,0.4581567402761856,4.591790654860422,-1.801321314902787,0.9580878141058828,4.93304074218263,-0.0006087707677154969,-247.8410372699609,-2471.0880395409117
S43A13T02,moving_support_variable_length,0.01,43013,1.6333333333333333,0.8341096909977275,0.45837282228133364,4.704991776911501,-1.8730680013046719,0.9561512383787433,5.068775741087686,-0.005008623929940698,-248.5990318074772,-2487.389556549433
S43A13T02,moving_support_variable_length,0.01,43013,1.6666666666666667,0.8274777644845742,0.4588041951359155,4.821340427051885,-1.9460143926525602,0.9529331871706546,5.206432707866773,-0.007735004656862433,-249.35193834441844,-2504.6267449969473
S43A13T02,moving_support_variable_length,0.01,43013,1.7,0.8210270371771738,0.4594256087561702,4.940357384609477,-2.0201815554675324,0.9489422994531178,5.346036130199388,-0.009285914492492157,-250.09987985609993,-2526.6031417802137
S43A13T02,moving_support_variable_length,0.01,43013,1.7333333333333334,0.8148694799259751,0.4602082653889181,5.061628722813964,-2.0955881465485118,0.9446435473192437,5.487606998360375,-0.010090994254216983,-250.84297599466134,-2556.320901388178
S43A13T02,moving_support_variable_length,0.01,43013,1.7666666666666666,0.8091327468801045,0.4611175869163482,5.184826485437001,-2.1722506651282587,0.9404321534064617,5.631163066869638,-0.010491073050208875,-251.58134318950727,-2595.725911793838
S43A13T02,moving_support_variable_length,0.01,43013,1.8,0.8039513175719293,0.46211214851159343,5.30971730792139,-2.25018368614077,0.9366177987887433,5.7767191083626575,-0.01072976310066736,-252.31509474642021,-2645.6008688720162
S43A13T02,moving_support_variable_length,0.01,43014,0.0,0.2638359834317706,0.8633413911870405,0.2638359834317706,0.8633413911870405,0.9027556612340816,0.9027556612346355,0.0,-96.32007484066195,-21.706294054876295
S43A13T02,moving_support_variable_length,0.01,43014,0.03333333333333333,0.2970656913215204,0.8334665653590584,0.2880183336183771,0.8444367748630256,0.8887920889684982,0.8960215745053419,-0.011616769860777913,-99.39813545417417,-25.587037113328783
S43A13T02,moving_support_variable_length,0.01,43014,0.06666666666666667,0.3326078629966172,0.7994810469345895,0.312861770314302,0.8243108032127682,0.8755208900528633,0.890590211850198,-0.024277110785314894,-102.44653181329161,-26.460338806334875
S43A13T02,moving_support_variable_length,0.01,43014,0.1,0.37028185173346595,0.7621320227201455,0.3387378743740113,0.8029796189861024,0.8643975523032694,0.8867801668486085,-0.037563594940127634,-105.46580498673133,-25.030341345238938
S43A13T02,moving_support_variable_length,0.01,43014,0.13333333333333333,0.4098303919645336,0.7224182670725418,0.3661130138096345,0.7804566750134517,0.8568681382272694,0.8849118137978298,-0.0509676697815772,-108.45651712433903,-22.25816420227468
S43A13T02,moving_support_variable_length,0.01,43014,0.16666666666666666,0.4509199904521706,0.6815396641032859,0.3955343968268852,0.7567529148992712,0.8541308032116071,0.8853011104291875,-0.06390339212566572,-111.41924715653113,-19.311440930053266
S43A13T02,moving_support_variable_length,0.01,43014,0.2,0.49314603606229784,0.6408278388232126,0.42761023097160045,0.7318769451917546,0.8568995990333781,0.8882523826426939,-0.07572706385782915,-114.35458678012783,-17.49112517772977
S43A13T02,moving_support_variable_length,0.01,43014,0.23333333333333334,0.5360427582813181,0.6016628637906811,0.4629846257297658,0.7058351988979588,0.865239575898054,0.894050520120175,-0.08576213236802425,-117.26313671822325,-18.14106752315884
S43A13T02,moving_support_variable_length,0.01,43014,0.26666666666666666,0.579097733251786,0.5653826362146697,0.5023083302348852,0.6786320903402442,0.8785295939919404,0.90295319191662,-0.09332826430228992,-120.1455032406548,-22.547601199774448
S43A13T02,moving_support_variable_length,0.01,43014,0.3,0.6217702002003251,0.5331925505629771,0.5462068026401805,0.6502701614531303,0.8955651016683789,0.9151838028221032,-0.09777309616928238,-123.00229493114799,-31.83763967291725
S43A13T02,moving_support_variable_length,0.01,43014,0.3333333333333333,0.6635120640940155,0.5060833613361604,0.5952474286663232,0.6207502197020387,0.9147623392174395,0.9309259108341281,-0.098504844267771,-125.83411968721454,-46.88498477646294
S43A13T02,moving_support_variable_length,0.01,43014,0.36666666666666664,0.7037901707466366,0.48476456383883343,0.649907896987671,0.5900714678695611,0.9343984097495729,0.9503196935492829,-0.09502376615524069,-128.64158193927162,-68.23537160721884
S43A13T02,moving_support_variable_length,0.01,43014,0.4,0.7421082827491863,0.4696192480753741,0.7105477405237283,0.5582316260032365,0.9528277097101693,0.9734608030792508,-0.08695046440245369,-131.4252800761373,-96.06011948466698
S43A13T02,moving_support_variable_length,0.01,43014,0.43333333333333335,0.7780271741955308,0.46068434247313245,0.7773848191923023,0.5252270458535967,0.9686404429506115,1.0004016371035627,-0.0740492568361311,-134.18580406494834,-130.14501284672934
S43A13T02,moving_support_variable_length,0.01,43014,0.4666666666666667,0.8111813976104076,0.45765769299603865,0.8504780516563026,0.491052818154477,0.9807546324930126,1.031154749083324,-0.05624530545910697,-136.92373325458368,-169.9152288546338
S43A13T02,moving_support_variable_length,0.01,43014,0.5,0.84129154346069,0.4599308119915413,0.9297170713701405,0.45570287311111474,0.9884495475563951,1.0656978893796603,-0.03363482843882224,-139.63963435277432,-214.4903205891377
S43A13T02,moving_support_variable_length,0.01,43014,0.5333333333333333,0.8681711880491825,0.4666436896352628,1.014818818961427,0.41917007446704335,0.9913554851687915,1.1039800504187285,-0.006488382811297124,-142.33405956820343,-262.75790072485006
S43A13T02,moving_support_variable_length,0.01,43014,0.5666666666666667,0.8917281786102771,0.47675607201037307,1.1053305458979257,0.3814463075196763,0.9894157873237711,1.1459278874147203,0.024752257372116032,-145.00754490999125,-313.45286247612944
S43A13T02,moving_support_variable_length,0.01,43014,0.6,0.9119603953638833,0.4891282903763372,1.2006384202615323,0.342522561448088,0.9828349318852599,1.1914519765011102,0.05948281859870803,-147.66060863798913,-365.23144422829245
S43A13T02,moving_support_variable_length,0.01,43014,0.6333333333333333,0.9289466105178134,0.502604197965424,1.2999809440694028,0.3023890063059365,0.9720232790526062,1.2404525146267624,0.09695005090490624,-150.29374985824782,-416.7351524022662
S43A13T02,moving_support_variable_length,0.01,43014,0.6666666666666666,0.9428334802566793,0.5160890483168318,1.4024666671983816,0.26103506501876,0.9575454520617294,1.29282422075753,0.13626954170529054,-152.90744725885833,-466.64619310961393
S43A13T02,moving_support_variable_length,0.01,43014,0.7,0.9538200077939303,0.528616145717573,1.5070960901343071,0.21844948070882902,0.9400759087947594,1.3484603365737595,0.1764477129550992,-155.502157982076,-513.7410966869189
S43A13T02,moving_support_variable_length,0.01,43014,0.7333333333333333,0.9621409671808886,0.53939764619185,1.612788021817431,0.17462037965310478,0.9203624715576114,1.4072557313129856,0.21640826819664338,-158.07831662922496,-556.9508835942598
S43A13T02,moving_support_variable_length,0.01,43014,0.7666666666666667,0.9680507627109425,0.547856768584266,1.7184108429147473,0.12953533016123758,0.8991967855203477,1.469109185815024,0.2550235400843922,-160.6363343953448,-595.4338632814487
S43A13T02,moving_support_variable_length,0.01,43014,0.8,0.9718090239917412,0.5536406536685778,1.8228190086902023,0.0831813976414551,0.8773900044473715,1.5339249690659897,0.29115107280804403,-163.17659833087342,-628.6615845179865
S43A13T02,moving_support_variable_length,0.01,43014,0.8333333333333334,0.9736689293284401,0.5566149616658929,1.9248946703750287,0.03554519610307372,0.8557522477942578,1.6016138341155848,0.3236753185486097,-165.69947072788463,-656.5110491329084
S43A13T02,moving_support_variable_length,0.01,43014,0.8666666666666667,0.9738688530916181,0.5568428400399023,2.023593541717447,-0.01338706367445236,0.8350749990382611,1.6720935572595321,0.35155357486437766,-168.2052886285119,-679.3490766518903
S43A13T02,moving_support_variable_length,0.01,43014,0.9,0.9726274986780267,0.5545519950627589,2.117993205556855,-0.06362952909426528,0.8161159315910682,1.7452891318236288,0.3738643580550664,-170.69436345320176,-698.0897707367224
S43A13T02,moving_support_variable_length,0.01,43014,0.9333333333333333,0.9701422619650003,0.5500941985988604,2.2073411146216593,-0.11519666362237962,0.7995851373476058,1.8211327109825932,0.38985546689288497,-173.1669807463765,-714.2050482908944
S43A13T02,moving_support_variable_length,0.01,43014,0.9666666666666667,0.9665902203294346,0.5439016567435631,2.2910987813581816,-0.16810320741774842,0.7861304151976735,1.8995633762668205,0.39898823170494635,-175.6234000369391,-729.671897974433
S43A13T02,moving_support_variable_length,0.01,43014,1.0,0.9621308982988618,0.5364443165577369,2.3689782444681287,-0.22236414054977927,0.7763179298088687,1.9805267917888434,0.40097403664997294,-178.06385481085547,-746.848090671548
S43A13T02,moving_support_variable_length,0.01,43014,1.0333333333333334,0.9569098472323043,0.5281914902230328,2.440966963915562,-0.27799464865523293,0.7706045246911809,2.0639747897584035,0.39579926710527386,-180.4885525927986,-768.2791449439596
S43A13T02,moving_support_variable_length,0.01,43014,1.0666666666666667,0.9510621010308636,0.5195802558031596,2.507337876725261,-0.3350100908995298,0.7693004688164916,2.14986492087663,0.3837354146315748,-182.897675133557,-796.4514523830125
S43A13T02,moving_support_variable_length,0.01,43014,1.1,0.9447147235714671,0.510992079850787,2.5686424064988658,-0.39342597011937497,0.7725264347676614,2.2381599936385554,0.36533213257946917,-185.29137869960175,-833.5173213209109
S43A13T02,moving_support_variable_length,0.01,43014,1.1333333333333333,0.9379879210180926,0.5027381189302136,2.6256856484166047,-0.4532579050343173,0.7801741826536313,2.3288276191624595,0.34139246423538117,-187.6697944608905,-881.0252543687623
S43A13T02,moving_support_variable_length,0.01,43014,1.1666666666666667,0.9309945145662366,0.49505279247354583,2.6794845810422974,-0.5145216044244288,0.7918836139266476,2.4218397725620875,0.31293109494841753,-190.03302897265823,-939.6916414358452
S43A13T02,moving_support_variable_length,0.01,43014,1.2,0.9238379086638937,0.48809454677884767,2.7312117915380973,-0.5772328431797106,0.8070470988799323,2.51717237773676,0.28111811496273,-192.3811647466339,-1009.247686076593
S43A13T02,moving_support_variable_length,0.01,43014,1.2333333333333334,0.9166089957094241,0.48195228583021865,2.782128648870124,-0.6414074401342668,0.8248454636509197,2.614804919460056,0.2472122276499063,-194.71426090681362,-1088.38803995609
S43A13T02,moving_support_variable_length,0.01,43014,1.2666666666666666,0.9093826647198894,0.47665573441922715,2.83351295302741,-0.7070612376046703,0.8443117088884977,2.714720084532071,0.2124884312730323,-197.03235392463705,-1174.8361424305513
S43A13T02,moving_support_variable_length,0.01,43014,1.3,0.9022146945485805,0.472188001468783,2.8865867018745583,-0.7742100825575022,0.8644121049859145,2.8169034323046973,0.17816581600853587,-199.3354584281554,-1265.5269357605707
S43A13T02,moving_support_variable_length,0.01,43014,1.3333333333333333,0.8951397954859195,0.4684987847276885,2.942449677438054,-0.8428698093357019,0.8841318215529835,2.921343093921186,0.14534117812838143,-201.62356807954623,-1356.892136894845
S43A13T02,moving_support_variable_length,0.01,43014,1.3666666666666667,0.888171420173913,0.4655169472600538,3.002024044676206,-0.9130562238773361,0.9025534255250333,3.0280294989967858,0.11493364449255633,-203.89665651513573,-1445.218639088867
S43A13T02,moving_support_variable_length,0.01,43014,1.4,0.881303718697892,0.4631615417016668,3.066014124139084,-0.9847850893636699,0.9189198107404208,3.136955128105223,0.08764446885590482,-206.1546783419224,-1527.0390928430975
S43A13T02,moving_support_variable_length,0.01,43014,1.4333333333333333,0.8745157019582636,0.461350704795868,3.1348840513831067,-1.0580721132361202,0.9326767996246332,3.2481142892507147,0.06393471294951308,-208.39757018447546,-1599.507254557671
S43A13T02,moving_support_variable_length,0.01,43014,1.4666666666666666,0.867777349527893,0.4600081507703556,3.208854327169427,-1.1329329355238666,0.9434938669837193,3.361502916441095,0.044021816459537844,-210.62525177599025,-1660.7106266966125
S43A13T02,moving_support_variable_length,0.01,43014,1.5,0.8610571018723137,0.45906723671321914,3.2879164828331486,-1.2093831184256778,0.9512639039385814,3.4771183884943517,0.02789428038244434,-212.83762708723924,-1709.8795926116989
S43A13T02,moving_support_variable_length,0.01,43014,1.5333333333333334,0.8543299538870524,0.458472756117989,3.371863432911734,-1.2874381370908765,0.9560847214402032,3.594959366279048,0.015342035935330074,-215.03458548714278,-1747.4648724104247
S43A13T02,moving_support_variable_length,0.01,43014,1.5666666666666667,0.8475852458920158,0.45818075162782057,3.4603317422218134,-1.367113371545527,0.9582262108305054,3.715025646688407,0.005998726299197206,-217.21600292871884,-1775.0718950895994
S43A13T02,moving_support_variable_length,0.01,43014,1.6,0.8408332420161058,0.4581567402761856,3.5528511353344703,-1.4484240997107596,0.9580878141058828,3.83731803176381,-0.0006087707677154969,-219.38174315422978,-1795.259254081067
S43A13T02,moving_support_variable_length,0.01,43014,1.6333333333333333,0.8341096909977275,0.45837282228133364,3.6488962038802306,-1.5313854914608709,0.9561512383787433,3.9618382115064126,-0.005008623929940698,-221.53165891345242,-1811.2263843912117
S43A13T02,moving_support_variable_length,0.01,43014,1.6666666666666667,0.8274777644845742,0.4588041951359155,3.74793543983138,-1.6160126036694211,0.9529331871706546,4.088588659038951,-0.007735004656862433,-223.66559318912695,-1826.4307336280879
S43A13T02,moving_support_variable_length,0.01,43014,1.7,0.8210270371771738,0.4594256087561702,3.8494733991741152,-1.7023203761919885,0.9489422994531178,4.217572536899421,-0.009285914492492157,-225.78338042381176,-1844.184945733339
S43A13T02,moving_support_variable_length,0.01,43014,1.7333333333333334,0.8148694799259751,0.4602082653889181,3.953082884849299,-1.7903236287347442,0.9446435473192437,4.348793613361682,-0.010090994254216983,-227.8848477425646,-1867.2881632827257
S43A13T02,moving_support_variable_length,0.01,43014,1.7666666666666666,0.8091327468801045,0.4611175869163482,4.0584253909940955,-1.8800370585583843,0.9404321534064617,4.482256187783633,-0.010491073050208875,-229.96981616609466,-1897.741338477819
S43A13T02,moving_support_variable_length,0.01,43014,1.8,0.8039513175719293,0.46211214851159343,4.165259502423421,-1.9714752389674444,0.9366177987887433,4.61796502408097,-0.01072976310066736,-232.0381018092789,-1936.5843959187291
S43A13T02,moving_support_variable_length,0.1,43013,0.0,0.2638359834317706,0.8633413911870405,0.2638359834317706,0.8633413911870405,0.9027556612340816,0.9027556612346355,0.0,-162.6806693047057,66.31374250881049
S43A13T02,moving_support_variable_length,0.1,43013,0.03333333333333333,0.2970656913215204,0.8334665653590584,0.28823121610547403,0.8443242950002634,0.8887920889684982,0.8959867910949968,-0.011616769860777913,-166.72246589612848,66.22126501627594
S43A13T02,moving_support_variable_length,0.1,43013,0.06666666666666667,0.3326078629966172,0.7994810469345895,0.313748944179732,0.8238405946455922,0.8755208900528633,0.8904914032275865,-0.024277110785314894,-170.7125544445289,68.62507819420028
S43A13T02,moving_support_variable_length,0.1,43013,0.1,0.37028185173346595,0.7621320227201455,0.3408111584495942,0.8018782500450402,0.8643975523032694,0.8866657667345846,-0.037563594940127634,-174.65051959587177,72.77684726980489
S43A13T02,moving_support_variable_length,0.1,43013,0.13333333333333333,0.4098303919645336,0.7224182670725418,0.36993073708764895,0.7784253782020893,0.8568681382272694,0.8849302448979346,-0.0509676697815772,-178.53602715601008,77.66444075425439
S43A13T02,moving_support_variable_length,0.1,43013,0.16666666666666666,0.4509199904521706,0.6815396641032859,0.40169771092524303,0.7534702481189911,0.8541308032116071,0.8857210632946,-0.06390339212566572,-182.36882193133545,82.06458741294026
S43A13T02,moving_support_variable_length,0.1,43013,0.2,0.49314603606229784,0.6408278388232126,0.43675962678877245,0.7270012756803426,0.8568995990333781,0.8894793212502193,-0.07572706385782915,-186.14872535412277,84.6200822536475
S43A13T02,moving_support_variable_length,0.1,43013,0.23333333333333334,0.5360427582813181,0.6016628637906811,0.47579664578100694,0.6990070185095584,0.865239575898054,0.8966376487984736,-0.08576213236802425,-189.87563291757627,83.93578772797264
S43A13T02,moving_support_variable_length,0.1,43013,0.26666666666666666,0.579097733251786,0.5653826362146697,0.5194924678903869,0.6694761708053254,0.8785295939919404,0.9076054170631254,-0.09332826430228992,-193.54951144560638,78.68565469403158
S43A13T02,moving_support_variable_length,0.1,43013,0.3,0.6217702002003251,0.5331925505629771,0.5685025793626998,0.6383975581656419,0.8955651016683789,0.9227538773033974,-0.09777309616928238,-197.1703962221269,67.72147107471554
S43A13T02,moving_support_variable_length,0.1,43013,0.3333333333333333,0.6635120640940155,0.5060833613361604,0.6234216403407876,0.6057601324075771,0.9147623392174395,0.9424028794495042,-0.098504844267771,-200.7383880041961,50.172684774999084
S43A13T02,moving_support_variable_length,0.1,43013,0.36666666666666664,0.7037901707466366,0.48476456383883343,0.6847520205224453,0.5715529663914748,0.9343984097495729,0.9668107730474967,-0.09502376615524069,-204.25364994264848,25.52581036854326
S43A13T02,moving_support_variable_length,0.1,43013,0.4,0.7421082827491863,0.4696192480753741,0.7528754920605727,0.5357652488589469,0.9528277097101693,0.9961686800110343,-0.08695046440245369,-207.71640443299967,-6.327208628411597
S43A13T02,moving_support_variable_length,0.1,43013,0.43333333333333335,0.7780271741955308,0.46068434247313245,0.8280298554708786,0.4983862792946688,0.9686404429506115,1.0305996352855875,-0.0740492568361311,-211.12692991838927,-45.07865021567471
S43A13T02,moving_support_variable_length,0.1,43013,0.4666666666666667,0.8111813976104076,0.45765769299603865,0.9102918063237437,0.45940546282270656,0.9807546324930126,1.070162309056846,-0.05624530545910697,-214.48555766516407,-90.03332271640669
S43A13T02,moving_support_variable_length,0.1,43013,0.5,0.84129154346069,0.4599308119915413,0.9995667182937699,0.41881230514887074,0.9884495475563951,1.1148583690835943,-0.03363482843882224,-217.7926685304461,-140.16894120490485
S43A13T02,moving_support_variable_length,0.1,43013,0.5333333333333333,0.8681711880491825,0.4666436896352628,1.0955853548826695,0.37659640756140556,0.9913554851687915,1.1646421671500249,-0.006488382811297124,-221.04868973967612,-194.21646380675975
S43A13T02,moving_support_variable_length,0.1,43013,0.5666666666666667,0.8917281786102771,0.47675607201037307,1.197906985049345,0.33274746200319005,0.9894157873237711,1.2194313791853963,0.024752257372116032,-224.25409169071776,-250.74668308269574
S43A13T02,moving_support_variable_length,0.1,43013,0.6,0.9119603953638833,0.4891282903763372,1.3059280938501372,0.2872552462295501,0.9828349318852599,1.2791174303729937,0.05948281859870803,-227.40938479965772,-308.25233904655045
S43A13T02,moving_support_variable_length,0.1,43013,0.6333333333333333,0.9289466105178134,0.502604197965424,1.418895897802814,0.24010961906675193,0.9720232790526062,1.3435748774445018,0.09695005090490624,-230.5151164019736,-365.2213010144325
S43A13T02,moving_support_variable_length,0.1,43013,0.6666666666666666,0.9428334802566793,0.5160890483168318,1.5359261502923771,0.1913005157872762,0.9575454520617294,1.412669285184251,0.13626954170529054,-233.57186772127878,-420.20336766531875
S43A13T02,moving_support_variable_length,0.1,43013,0.7,0.9538200077939303,0.528616145717573,1.6560251294880326,0.1408179436190446,0.9400759087947594,1.4862634439292268,0.1764477129550992,-236.58025091640712,-471.8782041527014
S43A13T02,moving_support_variable_length,0.1,43013,0.7333333333333333,0.9621409671808886,0.53939764619185,1.7781160752744456,0.088651977406903,0.9203624715576114,1.5642219944070954,0.21640826819664338,-239.540906216188,-519.1330096611889
S43A13T02,moving_support_variable_length,0.1,43013,0.7666666666666667,0.9680507627109425,0.547856768584266,1.9010705257431129,0.0347927554458311,0.8991967855203477,1.6464146545839156,0.2550235400843922,-242.45449914989638,-561.1551940644673
S43A13T02,moving_support_variable_length,0.1,43013,0.8,0.9718090239917412,0.5536406536685778,2.0237448876126787,-0.020769524493437164,0.8773900044473715,1.732718298006909,0.29115107280804403,-245.32171788005155,-597.5384474429341
S43A13T02,moving_support_variable_length,0.1,43013,0.8333333333333334,0.9736689293284401,0.5566149616658929,2.1450221196612533,-0.07804460892445342,0.8557522477942578,1.8230181378435133,0.3236753185486097,-248.14327064299255,-628.3919152083487
S43A13T02,moving_support_variable_length,0.1,43013,0.8666666666666667,0.9738688530916181,0.5568428400399023,2.263857656014298,-0.13704219216754837,0.8350749990382611,1.9172082467008447,0.35155357486437766,-250.919883301487,-654.434135388383
S43A13T02,moving_support_variable_length,0.1,43013,0.9,0.9726274986780267,0.5545519950627589,2.379327764281874,-0.1977719196102838,0.8161159315910682,2.0151916052579635,0.3738643580550664,-253.6522970125291,-677.0483886931016
S43A13T02,moving_support_variable_length,0.1,43013,0.9333333333333333,0.9701422619650003,0.5500941985988604,2.4906775928785114,-0.2602433906800701,0.7995851373476058,2.1168798330147194,0.38985546689288497,-256.34126601247334,-698.275994596144
S43A13T02,moving_support_variable_length,0.1,43013,0.9666666666666667,0.9665902203294346,0.5439016567435631,2.597365402453876,-0.3244661615018619,0.7861304151976735,2.22219271775218,0.39898823170494635,-258.9875555207102,-720.7295774865725
S43A13T02,moving_support_variable_length,0.1,43013,1.0,0.9621308982988618,0.5364443165577369,2.699099069220529,-0.39044974721257086,0.7763179298088687,2.331057629151793,0.40097403664997294,-261.5919397622454,-747.4188456387358
S43A13T02,moving_support_variable_length,0.1,43013,1.0333333333333334,0.9569098472323043,0.5281914902230328,2.795861012037952,-0.45820362390261404,0.7706045246911809,2.4434088770502127,0.39579926710527386,-264.1552001087738,-781.4952536544116
S43A13T02,moving_support_variable_length,0.1,43013,1.0666666666666667,0.9510621010308636,0.5195802558031596,2.887918275663969,-0.5277372301538374,0.7693004688164916,2.5591870556057112,0.3837354146315748,-266.67812333715426,-825.9365673494927
S43A13T02,moving_support_variable_length,0.1,43013,1.1,0.9447147235714671,0.510992079850787,2.9758155631816616,-0.5990599681419767,0.7725264347676614,2.6783384003668873,0.36533213257946917,-269.16150000358573,-883.2050666757766
S43A13T02,moving_support_variable_length,0.1,43013,1.1333333333333333,0.9379879210180926,0.5027381189302136,3.0603504394453966,-0.6721812042708334,0.7801741826536313,2.8008141749023863,0.34139246423538117,-271.6061229312508,-954.9214916923322
S43A13T02,moving_support_variable_length,0.1,43013,1.1666666666666667,0.9309945145662366,0.49505279247354583,3.1425315569350603,-0.7471102693045414,0.7918836139266476,2.9265700963715746,0.31293109494841753,-274.0127858087406,-1041.5992900984572
S43A13T02,moving_support_variable_length,0.1,43013,1.2,0.9238379086638937,0.48809454677884767,3.223522390693616,-0.8238564579636063,0.8070470988799323,3.0555658044245653,0.28111811496273,-276.3822818961782,-1142.4797477163095
S43A13T02,moving_support_variable_length,0.1,43013,1.2333333333333334,0.9166089957094241,0.48195228583021865,3.3045744169966587,-0.9024290279500157,0.8248454636509197,3.187764374500565,0.2472122276499063,-278.7154028356385,-1255.4986020624217
S43A13T02,moving_support_variable_length,0.1,43013,1.2666666666666666,0.9093826647198894,0.47665573441922715,3.386954763844287,-0.982837198366483,0.8443117088884977,3.323131874470568,0.2124884312730323,-281.01293756219417,-1377.3998729763885
S43A13T02,moving_support_variable_length,0.1,43013,1.3,0.9022146945485805,0.472188001468783,3.4718739749658365,-1.0650901474950725,0.8644121049859145,3.461636962287346,0.17816581600853587,-283.27567131170673,-1503.9945328151498
S43A13T02,moving_support_variable_length,0.1,43013,1.3333333333333333,0.8951397954859195,0.4684987847276885,3.5604195892113335,-1.1491970099008944,0.8841318215529835,3.6032505216000477,0.14534117812838143,-285.50438472132555,-1630.5424084846013
S43A13T02,moving_support_variable_length,0.1,43013,1.3666666666666667,0.888171420173913,0.4655169472600538,3.6535007284592145,-1.2351668728274778,0.9025534255250333,3.747945331973735,0.11493364449255633,-287.69985301853916,-1752.2179221588456
S43A13T02,moving_support_variable_length,0.1,43013,1.4,0.881303718697892,0.4631615417016668,3.751807855533763,-1.3230087718517969,0.9189198107404208,3.8956957702916624,0.08764446885590482,-289.86284529455617,-1864.6066656976875
S43A13T02,moving_support_variable_length,0.1,43013,1.4333333333333333,0.8745157019582636,0.461350704795868,3.855790415093351,-1.4127316857688281,0.9326767996246332,4.046477540016375,0.06393471294951308,-291.9941238577544,-1964.1727663499955
S43A13T02,moving_support_variable_length,0.1,43013,1.4666666666666666,0.867777349527893,0.4600081507703556,3.965653361626611,-1.5043445306780274,0.9434938669837193,4.200267425180375,0.044021816459537844,-294.0944436629378,-2048.63808356967
S43A13T02,moving_support_variable_length,0.1,43013,1.5,0.8610571018723137,0.45906723671321914,4.081371799065133,-1.5978561532473226,0.9512639039385814,4.357043066224764,0.02789428038244434,-296.1645518121643,-2117.2237574503415
S43A13T02,moving_support_variable_length,0.1,43013,1.5333333333333334,0.8543299538870524,0.458472756117989,4.202721304238567,-1.6932753231341409,0.9560847214402032,4.516782755075982,0.015342035935330074,-298.20518712296285,-2170.7213459655636
S43A13T02,moving_support_variable_length,0.1,43013,1.5666666666666667,0.8475852458920158,0.45818075162782057,4.329320161517216,-1.7906107245477778,0.9582262108305054,4.679465247128362,0.005998726299197206,-300.2170797598292,-2211.382359344533
S43A13T02,moving_support_variable_length,0.1,43013,1.6,0.8408332420161058,0.4581567402761856,4.460678836769015,-1.8898709469431076,0.9580878141058828,4.845069588072129,-0.0006087707677154969,-302.20095092498246,-2242.638423348227
S43A13T02,moving_support_variable_length,0.1,43013,1.6333333333333333,0.8341096909977275,0.45837282228133364,4.596251646262681,-1.99106447484229,0.9561512383787433,5.013574953766333,-0.005008623929940698,-304.15751260447064,-2268.6865670100547
S43A13T02,moving_support_variable_length,0.1,43013,1.6666666666666667,0.8274777644845742,0.4588041951359155,4.7354857488917395,-2.094199676788909,0.9529331871706546,5.18496050160056,-0.007735004656862433,-306.0874673658337,-2293.992482807602
S43A13T02,moving_support_variable_length,0.1,43013,1.7,0.8210270371771738,0.4594256087561702,4.877863266388635,-2.1992847934478257,0.9489422994531178,5.359205232017049,-0.009285914492492157,-307.9915082036597,-2322.7765584713698
S43A13T02,moving_support_variable_length,0.1,43013,1.7333333333333334,0.8148694799259751,0.4602082653889181,5.022933420697209,-2.306327924874173,0.9446435473192437,5.536287859076021,-0.010090994254216983,-309.8703184295089,-2358.550913088136
S43A13T02,moving_support_variable_length,0.1,43013,1.7666666666666666,0.8091327468801045,0.4611175869163482,5.170332930861302,-2.4153370169862582,0.9404321534064617,5.716186689142576,-0.010491073050208875,-311.7245716028199,-2403.7692841658923
S43A13T02,moving_support_variable_length,0.1,43013,1.8,0.8039513175719293,0.46211214851159343,5.319794363733308,-2.5263198472898942,0.9366177987887433,5.898879506954771,-0.01072976310066736,-313.55493149955885,-2459.635525543491
S43A13T02,moving_support_variable_length,0.1,43014,0.0,0.2638359834317706,0.8633413911870405,0.2638359834317706,0.8633413911870405,0.9027556612340816,0.9027556612346355,0.0,-79.72093635388975,-25.15445397726603
S43A13T02,moving_support_variable_length,0.1,43014,0.03333333333333333,0.2970656913215204,0.8334665653590584,0.28814875929262723,0.8443546760750926,0.8887920889684982,0.8959878299840325,-0.011616769860777913,-85.82689989420629,-22.75473298502348
S43A13T02,moving_support_variable_length,0.1,43014,0.06666666666666667,0.3326078629966172,0.7994810469345895,0.31341807725421367,0.8239446394741337,0.8755208900528633,0.8904621322348372,-0.024277110785314894,-91.90786130554139,-17.64806808886107
S43A13T02,moving_support_variable_length,0.1,43014,0.1,0.37028185173346595,0.7621320227201455,0.3400641105205904,0.8020731127017164,0.8643975523032694,0.8865235259436418,-0.037563594940127634,-97.96350057589495,-10.569224000595568
S43A13T02,moving_support_variable_length,0.1,43014,0.13333333333333333,0.4098303919645336,0.7224182670725418,0.3685976162362617,0.7787022027505528,0.8568681382272694,0.8845406433854772,-0.0509676697815772,-103.99352699414464,-2.5190766897117136
S43A13T02,moving_support_variable_length,0.1,43014,0.16666666666666666,0.4509199904521706,0.6815396641032859,0.39960625113946685,0.7537942843165915,0.8541308032116071,0.8848994363593712,-0.06390339212566572,-109.99767417659979,5.2866849005819745
S43A13T02,moving_support_variable_length,0.1,43014,0.2,0.49314603606229784,0.6408278388232126,0.43373498458571,0.7273119917095682,0.8568995990333781,0.8879945450788681,-0.07572706385782915,-115.9756951681187,11.493927815323545
S43A13T02,moving_support_variable_length,0.1,43014,0.23333333333333334,0.5360427582813181,0.6016628637906811,0.4716612457009836,0.6992182107237528,0.865239575898054,0.8942186134422557,-0.08576213236802425,-121.92735764414988,14.706018663356488
S43A13T02,moving_support_variable_length,0.1,43014,0.26666666666666666,0.579097733251786,0.5653826362146697,0.5140658959366631,0.6694760705357082,0.8785295939919404,0.903950150679403,-0.09332826430228992,-127.85243923885409,13.591731673174692
S43A13T02,moving_support_variable_length,0.1,43014,0.3,0.6217702002003251,0.5331925505629771,0.5616015233678918,0.6380489356862119,0.8955651016683789,0.9175409163743604,-0.09777309616928238,-133.75072302323954,6.995858021789942
S43A13T02,moving_support_variable_length,0.1,43014,0.3333333333333333,0.6635120640940155,0.5060833613361604,0.6148598761657975,0.6049003981949101,0.9147623392174395,0.9353040768095818,-0.098504844267771,-139.6219931559933,-5.958272188360866
S43A13T02,moving_support_variable_length,0.1,43014,0.36666666666666664,0.7037901707466366,0.48476456383883343,0.674340442934651,0.569994269848656,0.9343984097495729,0.9575044406632364,-0.09502376615524069,-145.46603072841506,-25.78614430854188
S43A13T02,moving_support_variable_length,0.1,43014,0.4,0.7421082827491863,0.4696192480753741,0.7404221890943128,0.5332945746976976,0.9528277097101693,0.9843518736494986,-0.08695046440245369,-151.28260982354908,-52.59033776654468
S43A13T02,moving_support_variable_length,0.1,43014,0.43333333333333335,0.7780271741955308,0.46068434247313245,0.8133402250440044,0.4947655417878388,0.9686404429506115,1.0159985403006784,-0.0740492568361311,-157.0714938082545,-86.04715321467725
S43A13T02,moving_support_variable_length,0.1,43014,0.4666666666666667,0.8111813976104076,0.45765769299603865,0.8931687138683898,0.45437159815129224,0.9807546324930126,1.0525400369122078,-0.05624530545910697,-162.83243187556045,-125.43262122050365
S43A13T02,moving_support_variable_length,0.1,43014,0.5,0.84129154346069,0.4599308119915413,0.9798106941567702,0.41207736207411516,0.9884495475563951,1.0940199173708014,-0.03363482843882224,-168.56515585318857,-169.6815402446996
S43A13T02,moving_support_variable_length,0.1,43014,0.5333333333333333,0.8681711880491825,0.4666436896352628,1.0729948302604853,0.36784763665379144,0.9913554851687915,1.140436710693127,-0.006488382811297124,-174.26937729261599,-217.4675139443723
S43A13T02,moving_support_variable_length,0.1,43014,0.5666666666666667,0.8917281786102771,0.47675607201037307,1.1722785652433192,0.321647403656635,0.9894157873237711,1.1917523566314312,0.024752257372116032,-179.94478485146277,-267.29027306612215
S43A13T02,moving_support_variable_length,0.1,43014,0.6,0.9119603953638833,0.4891282903763372,1.277056867659701,0.2734418176812047,0.9828349318852599,1.2479010347798347,0.05948281859870803,-185.5910419803306,-317.5595805480777
S43A13T02,moving_support_variable_length,0.1,43014,0.6333333333333333,0.9289466105178134,0.502604197965424,1.3865757819163167,0.22319620063078055,0.9720232790526062,1.3087975664951899,0.09695005090490624,-191.20778492348853,-366.67146413476274
S43A13T02,moving_support_variable_length,0.1,43014,0.6666666666666666,0.9428334802566793,0.5160890483168318,1.4999502675869254,0.17087603649513616,0.9575454520617294,1.3743448410025592,0.13626954170529054,-196.79462104099042,-413.0797347489436
S43A13T02,moving_support_variable_length,0.1,43014,0.7,0.9538200077939303,0.528616145717573,1.6161862202104842,0.11644696643930824,0.9400759087947594,1.4444399832695998,0.1764477129550992,-202.351127457924,-455.37085673296906
S43A13T02,moving_support_variable_length,0.1,43014,0.7333333333333333,0.9621409671808886,0.53939764619185,1.734206940144969,0.059874784194793695,0.9203624715576114,1.5189791961549288,0.21640826819664338,-207.87685004453434,-492.3512536265394
S43A13T02,moving_support_variable_length,0.1,43014,0.7666666666666667,0.9680507627109425,0.547856768584266,1.8528845000998961,0.0011254317465851371,0.8991967855203477,1.5978613563570787,0.2550235400843922,-213.37130272894117,-523.1524826159732
S43A13T02,moving_support_variable_length,0.1,43014,0.8,0.9718090239917412,0.5536406536685778,1.9710763458008531,-0.05983500469235481,0.8773900044473715,1.6809905266322884,0.29115107280804403,-218.83396714208652,-547.3521891465144
S43A13T02,moving_support_variable_length,0.1,43014,0.8333333333333334,0.9736689293284401,0.5566149616658929,2.087667008960349,-0.12304029842916758,0.8557522477942578,1.7682775797029728,0.3236753185486097,-224.26429259242542,-565.0992442272051
S43A13T02,moving_support_variable_length,0.1,43014,0.8666666666666667,0.9738688530916181,0.5568428400399023,2.2016140594958573,-0.1885240857730986,0.8350749990382611,1.8596411287429757,0.35155357486437766,-229.66169636571098,-577.22253231547
S43A13T02,moving_support_variable_length,0.1,43014,0.9,0.9726274986780267,0.5545519950627589,2.311996492091705,-0.25631986926400957,0.8161159315910682,1.9550079397194104,0.3738643580550664,-235.02556434305262,-585.2971621164637
S43A13T02,moving_support_variable_length,0.1,43014,0.9333333333333333,0.9701422619650003,0.5500941985988604,2.4180628015456396,-0.32646102066100835,0.7995851373476058,2.054312972833316,0.38985546689288497,-240.35525192825804,-591.6414837095608
S43A13T02,moving_support_variable_length,0.1,43014,0.9666666666666667,0.9665902203294346,0.5439016567435631,2.5192752419400235,-0.3989807837056569,0.7861304151976735,2.1574991706925366,0.39898823170494635,-245.65008527332367,-599.2240994409899
S43A13T02,moving_support_variable_length,0.1,43014,1.0,0.9621308982988618,0.5364443165577369,2.6153463575389937,-0.4739122766748912,0.7763179298088687,2.2645170835088897,0.40097403664997294,-250.90936278884877,-611.4715316769041
S43A13T02,moving_support_variable_length,0.1,43014,1.0333333333333334,0.9569098472323043,0.5281914902230328,2.7062639373884063,-0.5512884947393183,0.7706045246911809,2.3753243982789987,0.39579926710527386,-256.132356924121,-631.9825679093983
S43A13T02,moving_support_variable_length,0.1,43014,1.0666666666666667,0.9510621010308636,0.5195802558031596,2.792301126149046,-0.6311423121429132,0.7693004688164916,2.489885420029557,0.3837354146315748,-261.3183161997074,-664.1718522042179
S43A13T02,moving_support_variable_length,0.1,43014,1.1,0.9447147235714671,0.510992079850787,2.874009484291342,-0.713506484220358,0.7725264347676614,2.608170538522662,0.36533213257946917,-266.46646747357846,-710.8799780791353
S43A13T02,moving_support_variable_length,0.1,43014,1.1333333333333333,0.9379879210180926,0.5027381189302136,2.9521942196151696,-0.7984136492683305,0.7801741826536313,2.730155702745387,0.34139246423538117,-271.5760184201524,-773.9974088928523
S43A13T02,moving_support_variable_length,0.1,43014,1.1666666666666667,0.9309945145662366,0.49505279247354583,3.0278724416025753,-0.8858963302869899,0.7918836139266476,2.855821917380222,0.31293109494841753,-276.6461602001675,-854.1531370133035
S43A13T02,moving_support_variable_length,0.1,43014,1.2,0.9238379086638937,0.48809454677884767,3.102216925394936,-0.9759869366076852,0.8070470988799323,2.985154769631193,0.28111811496273,-281.6760702980152,-950.5153577556866
S43A13T02,moving_support_variable_length,0.1,43014,1.2333333333333334,0.9166089957094241,0.48195228583021865,3.1764893201559956,-1.0687177654226203,0.8248454636509197,3.118143990711758,0.2472122276499063,-286.66491550210185,-1060.7408814915934
S43A13T02,moving_support_variable_length,0.1,43014,1.2666666666666666,0.9093826647198894,0.47665573441922715,3.251967830019018,-1.1641210032317186,0.8443117088884977,3.254783053533289,0.2124884312730323,-291.61185500298456,-1181.093630265144
S43A13T02,moving_support_variable_length,0.1,43014,1.3,0.9022146945485805,0.472188001468783,3.329875009410157,-1.2622287272214103,0.8644121049859145,3.3950688063125143,0.17816581600853587,-296.5160435834405,-1306.732083867606
S43A13T02,moving_support_variable_length,0.1,43014,1.3333333333333333,0.8951397954859195,0.4684987847276885,3.411311374715611,-1.3630729065893838,0.8841318215529835,3.539001140671624,0.14534117812838143,-301.37663487431377,-1432.1432945207407
S43A13T02,moving_support_variable_length,0.1,43014,1.3666666666666667,0.888171420173913,0.4655169472600538,3.497200025506264,-1.4666854038285906,0.9025534255250333,3.6865826921337868,0.11493364449255633,-306.19278464992396,-1551.6800054910584
S43A13T02,moving_support_variable_length,0.1,43014,1.4,0.881303718697892,0.4631615417016668,3.588246436886148,-1.5730979759829613,0.9189198107404208,3.837818570571035,0.08764446885590482,-310.963654137028,-1660.1406992453199
S43A13T02,moving_support_variable_length,0.1,43014,1.4333333333333333,0.8745157019582636,0.461350704795868,3.684916135985383,-1.6823422758863595,0.9326767996246332,3.9927161180337336,0.06393471294951308,-315.68841331180306,-1753.3229906658776
S43A13T02,moving_support_variable_length,0.1,43014,1.4666666666666666,0.867777349527893,0.4600081507703556,3.787431266779026,-1.794449853395339,0.9434938669837193,4.151284691404916,0.044021816459537844,-320.3662441600418,-1828.480677908955
S43A13T02,moving_support_variable_length,0.1,43014,1.5,0.8610571018723137,0.45906723671321914,3.895785267767117,-1.9094521566251954,0.9512639039385814,4.313535467424974,0.02789428038244434,-324.996343876724,-1884.624542455345
S43A13T02,moving_support_variable_length,0.1,43014,1.5333333333333334,0.8543299538870524,0.458472756117989,4.009773234748576,-2.027380533197756,0.9560847214402032,4.479481267785685,0.015342035935330074,-329.57792798232697,-1922.6255392965406
S43A13T02,moving_support_variable_length,0.1,43014,1.5666666666666667,0.8475852458920158,0.45818075162782057,4.1290341960183214,-2.14826623150821,0.9582262108305054,4.649136402172072,0.005998726299197206,-334.1102333346415,-1945.1037499690178
S43A13T02,moving_support_variable_length,0.1,43014,1.6,0.8408332420161058,0.4581567402761856,4.253100628073589,-2.272140402017129,0.9580878141058828,4.82251652731957,-0.0006087707677154969,-338.59252101645535,-1956.1139855937668
S43A13T02,moving_support_variable_length,0.1,43014,1.6333333333333333,0.8341096909977275,0.45837282228133364,4.381450167392225,-2.399034098572666,0.9561512383787433,4.9996385203415326,-0.005008623929940698,-343.02407908120944,-1960.6657130534718
S43A13T02,moving_support_variable_length,0.1,43014,1.6666666666666667,0.8274777644845742,0.4588041951359155,4.5135546465576395,-2.528978279766763,0.9529331871706546,5.180520364761866,-0.007735004656862433,-347.4042251406194,-1964.1377265031651
S43A13T02,moving_support_variable_length,0.1,43014,1.7,0.8210270371771738,0.4594256087561702,4.648922259265329,-2.6620038103280055,0.9489422994531178,5.3651810478553275,-0.009285914492492157,-351.7323087802278,-1971.6635980159924
S43A13T02,moving_support_variable_length,0.1,43014,1.7333333333333334,0.8148694799259751,0.4602082653889181,4.787129743207441,-2.7981414625526195,0.9446435473192437,5.5536404680524,-0.010090994254216983,-356.00771379091486,-1987.5696649881922
S43A13T02,moving_support_variable_length,0.1,43014,1.7666666666666666,0.8091327468801045,0.4611175869163482,4.92784282298057,-2.937421917773948,0.9404321534064617,5.745919351305438,-0.010491073050208875,-360.22986020647767,-2014.9412988735571
S43A13T02,moving_support_variable_length,0.1,43014,1.8,0.8039513175719293,0.46211214851159343,5.070824607063635,-3.079875767869677,0.9366177987887433,5.94203917543866,-0.01072976310066736,-364.3982061395025,-2055.375271025942
S43A13T02,moving_support_variable_length,1.0,43013,0.0,0.2638359834317706,0.8633413911870405,0.2638359834317706,0.8633413911870405,0.9027556612340816,0.9027556612346355,0.0,-176.17938916906692,-72.08012839602767
S43A13T02,moving_support_variable_length,1.0,43013,0.03333333333333333,0.2970656913215204,0.8334665653590584,0.2870017690803596,0.845706851583221,0.8887920889684982,0.8968796522472476,-0.011616769860777913,-177.9192729298364,-74.98960868912508
S43A13T02,moving_support_variable_length,1.0,43013,0.06666666666666667,0.3326078629966172,0.7994810469345895,0.3088474014116358,0.8293484286509887,0.8755208900528633,0.893750947822334,-0.024277110785314894,-179.63157072293384,-73.8323032337683
S43A13T02,moving_support_variable_length,1.0,43013,0.1,0.37028185173346595,0.7621320227201455,0.3298203353627575,0.8142194342785474,0.8643975523032694,0.8932660518583884,-0.037563594940127634,-181.31668962835778,-69.11921745141333
S43A13T02,moving_support_variable_length,1.0,43013,0.13333333333333333,0.4098303919645336,0.7224182670725418,0.3504604205721222,0.8002718975051524,0.8568681382272694,0.8953097908894524,-0.0509676697815772,-182.97504288750537,-61.565548000811035
S43A13T02,moving_support_variable_length,1.0,43013,0.16666666666666666,0.4509199904521706,0.6815396641032859,0.3713862259081126,0.787456524640706,0.8541308032116071,0.8997582062800047,-0.06390339212566572,-184.60704928861958,-52.07030172908855
S43A13T02,moving_support_variable_length,1.0,43013,0.2,0.49314603606229784,0.6408278388232126,0.3932754644502826,0.7757226584173091,0.8568995990333781,0.906481667957173,-0.07572706385782915,-186.2131325736875,-41.6818722243971
S43A13T02,moving_support_variable_length,1.0,43013,0.23333333333333334,0.5360427582813181,0.6016628637906811,0.4168401557935975,0.7650182362120685,0.865239575898054,0.9153480003819979,-0.08576213236802425,-187.79372086688457,-31.551379775760793
S43A13T02,moving_support_variable_length,1.0,43013,0.26666666666666666,0.579097733251786,0.5653826362146697,0.44279761701620757,0.7552897473995727,0.8785295939919404,0.9262254386203426,-0.09332826430228992,-189.3492461246081,-22.876096148226736
S43A13T02,moving_support_variable_length,1.0,43013,0.3,0.6217702002003251,0.5331925505629771,0.47183877867643015,0.7464821899140847,0.8955651016683789,0.9389852756168092,-0.09777309616928238,-190.88014360709226,-16.835802780961444
S43A13T02,moving_support_variable_length,1.0,43013,0.3333333333333333,0.6635120640940155,0.5060833613361604,0.5045956432462173,0.7385390261257785,0.9147623392174395,0.9535041117642984,-0.098504844267771,-192.38685137155454,-14.526112320187707
S43A13T02,moving_support_variable_length,1.0,43013,0.36666666666666664,0.7037901707466366,0.48476456383883343,0.5416098935997369,0.7314021381623421,0.9343984097495729,0.9696656663213679,-0.09502376615524069,-193.8698097867756,-16.894642122181267
S43A13T02,moving_support_variable_length,1.0,43013,0.4,0.7421082827491863,0.4696192480753741,0.5833046606127711,0.7250117828370556,0.9528277097101693,0.9873621513217632,-0.08695046440245369,-195.32946106897438,-24.687523580289366
S43A13T02,moving_support_variable_length,1.0,43013,0.43333333333333335,0.7780271741955308,0.46068434247313245,0.6299612254293085,0.7193065463770096,0.9686404429506115,1.0064952393337179,-0.0740492568361311,-196.76624883880174,-38.41365033443566
S43A13T02,moving_support_variable_length,1.0,43013,0.4666666666666667,0.8111813976104076,0.45765769299603865,0.6817019639186382,0.7142232991804454,0.9807546324930126,1.0269766762080192,-0.05624530545910697,-198.18061769923557,-58.33142880035868
S43A13T02,moving_support_variable_length,1.0,43013,0.5,0.84129154346069,0.4599308119915413,0.7384802085950545,0.7096971508701339,0.9884495475563951,1.048728599957115,-0.03363482843882224,-199.57301283412943,-84.45794398358493
S43A13T02,moving_support_variable_length,1.0,43013,0.5333333333333333,0.8681711880491825,0.4666436896352628,0.8000770399626069,0.7056614059501272,0.9913554851687915,1.071683629184918,-0.006488382811297124,-200.94387962712912,-116.59490988646039
S43A13T02,moving_support_variable_length,1.0,43013,0.5666666666666667,0.8917281786102771,0.47675607201037307,0.8661044821102636,0.7020475204157933,0.9894157873237711,1.0957847813301635,0.024752257372116032,-202.2936633006443,-154.36155346083757
S43A13T02,moving_support_variable_length,1.0,43013,0.6,0.9119603953638833,0.4891282903763372,0.9360142931935477,0.6987850597114873,0.9828349318852599,1.120985274494001,0.05948281859870803,-203.62280857453175,-197.22331967616793
S43A13T02,moving_support_variable_length,1.0,43013,0.6333333333333333,0.9289466105178134,0.502604197965424,1.0091115599881204,0.6958016584759907,0.9720232790526062,1.1472482584828385,0.09695005090490624,-204.93175934412034,-244.50753710057654
S43A13T02,moving_support_variable_length,1.0,43013,0.6666666666666666,0.9428334802566793,0.5160890483168318,1.0845725812418991,0.6930229825624211,0.9575454520617294,1.174546512129292,0.13626954170529054,-206.22095837718257,-295.40223470466566
S43A13T02,moving_support_variable_length,1.0,43013,0.7,0.9538200077939303,0.528616145717573,1.161466931638692,0.6903726938659417,0.9400759087947594,1.2028621357465505,0.1764477129550992,-207.49084702943696,-348.94058837814504
S43A13T02,moving_support_variable_length,1.0,43013,0.7333333333333333,0.9621409671808886,0.53939764619185,1.238783972154569,0.6877724185384582,0.9203624715576114,1.23218626016796,0.21640826819664338,-208.74186497814148,-403.9792848269425
S43A13T02,moving_support_variable_length,1.0,43013,0.7666666666666667,0.9680507627109425,0.547856768584266,1.315464256565737,0.6851417192135824,0.8991967855203477,1.2625187874164137,0.2550235400843922,-209.9744499733216,-459.183054801472
S43A13T02,moving_support_variable_length,1.0,43013,0.8,0.9718090239917412,0.5536406536685778,1.3904361676260493,0.6823980719063716,0.8773900044473715,1.2938681726634922,0.29115107280804403,-211.18903760616092,-513.0288728212894
S43A13T02,moving_support_variable_length,1.0,43013,0.8333333333333334,0.9736689293284401,0.5566149616658929,1.4626576610857644,0.6794568482894661,0.8557522477942578,1.3262512527043582,0.3236753185486097,-212.3860610940638,-563.8414565363712
S43A13T02,moving_support_variable_length,1.0,43013,0.8666666666666667,0.9738688530916181,0.5568428400399023,1.531162243427265,0.6762313040789016,0.8350749990382611,1.3596931225706628,0.35155357486437766,-213.56595108188972,-609.8668766257005
S43A13T02,moving_support_variable_length,1.0,43013,0.9,0.9726274986780267,0.5545519950627589,1.5951073772932676,0.6726325742876073,0.8161159315910682,1.3942270589942698,0.3738643580550664,-214.72913545884543,-649.3840865964255
S43A13T02,moving_support_variable_length,1.0,43013,0.9333333333333333,0.9701422619650003,0.5500941985988604,1.653822567879728,0.6685696761208959,0.7995851373476058,1.4298944870886396,0.38985546689288497,-215.87603919051338,-680.8463310614177
S43A13T02,moving_support_variable_length,1.0,43013,0.9666666666666667,0.9665902203294346,0.5439016567435631,1.7068536241273167,0.6639495202945705,0.7861304151976735,1.4667449847183767,0.39898823170494635,-217.00708416548466,-703.037256156503
S43A13T02,moving_support_variable_length,1.0,43013,1.0,0.9621308982988618,0.5364443165577369,1.7539991813813176,0.6586769315510644,0.7763179298088687,1.5048363174889825,0.40097403664997294,-218.12268905606072,-715.2215354685959
S43A13T02,moving_support_variable_length,1.0,43013,1.0333333333333334,0.9569098472323043,0.5281914902230328,1.7953356362536366,0.6526546791308497,0.7706045246911809,1.5442344960404735,0.39579926710527386,-219.22326919248158,-717.2679337138795
S43A13T02,moving_support_variable_length,1.0,43013,1.0666666666666667,0.9510621010308636,0.5195802558031596,1.8312272249779844,0.6457835179238469,0.7693004688164916,1.585013846325333,0.3837354146315748,-220.30923645013533,-709.7244205023005
S43A13T02,moving_support_variable_length,1.0,43013,1.1,0.9447147235714671,0.510992079850787,1.862319037167719,0.6379622409776624,0.7725264347676614,1.6272570827693302,0.36533213257946917,-221.3809991492023,-693.8300623328884
S43A13T02,moving_support_variable_length,1.0,43013,1.1333333333333333,0.9379879210180926,0.5027381189302136,1.8895121857597958,0.62908774397528,0.7801741826536313,1.671055373646768,0.34139246423538117,-222.43896196618545,-671.456172507023
S43A13T02,moving_support_variable_length,1.0,43013,1.1666666666666667,0.9309945145662366,0.49505279247354583,1.91392198353001,0.6190551022139461,0.7918836139266476,1.7165083876577467,0.31293109494841753,-223.48352585678026,-644.9783339156049
S43A13T02,moving_support_variable_length,1.0,43013,1.2,0.9238379086638937,0.48809454677884767,1.9368216119248507,0.6077576605193369,0.8070470988799323,1.763724310592087,0.28111811496273,-224.5150879895386,-617.0900403240427
S43A13T02,moving_support_variable_length,1.0,43013,1.2333333333333334,0.9166089957094241,0.48195228583021865,1.9595752160204345,0.595087136415223,0.8248454636509197,1.8128198211265003,0.2472122276499063,-225.5340416897817,-590.5765973489692
S43A13T02,moving_support_variable_length,1.0,43013,1.2666666666666666,0.9093826647198894,0.47665573441922715,1.9835654529686422,0.5809337367398782,0.8443117088884977,1.8639200152532698,0.2124884312730323,-226.5407763932245,-568.0736424689312
S43A13T02,moving_support_variable_length,1.0,43013,1.3,0.9022146945485805,0.472188001468783,2.0101211350130903,0.5651862877581166,0.8644121049859145,1.917158269601099,0.17816581600853587,-227.53567760877593,-551.8375103507532
S43A13T02,moving_support_variable_length,1.0,43013,1.3333333333333333,0.8951397954859195,0.4684987847276885,2.0404506684748536,0.5477323786646275,0.8841318215529835,1.9726760349940577,0.14534117812838143,-228.51912688998388,-543.5542316363592
S43A13T02,moving_support_variable_length,1.0,43013,1.3666666666666667,0.888171420173913,0.4655169472600538,2.075586481505327,0.528458518213247,0.9025534255250333,2.0306225530017556,0.11493364449255633,-229.49150181460257,-544.2100273298286
S43A13T02,moving_support_variable_length,1.0,43013,1.4,0.881303718697892,0.4631615417016668,2.1163446019125596,0.5072503040419003,0.9189198107404208,2.091154489944655,0.08764446885590482,-230.4531759717626,-554.0389887601494
S43A13T02,moving_support_variable_length,1.0,43013,1.4333333333333333,0.8745157019582636,0.461350704795868,2.1633020979777036,0.48399260409855566,0.9326767996246332,2.1544354847948464,0.06393471294951308,-231.40451895623565,-572.5539978154482
S43A13T02,moving_support_variable_length,1.0,43013,1.4666666666666666,0.867777349527893,0.4600081507703556,2.2167933864881997,0.4585697494147101,0.9434938669837193,2.2206356095956146,0.044021816459537844,-232.34589636928806,-598.6561308209733
S43A13T02,moving_support_variable_length,1.0,43013,1.5,0.8610571018723137,0.45906723671321914,2.2769246327037034,0.430865737325156,0.9512639039385814,2.2899307433335268,0.02789428038244434,-233.27766982563008,-630.8074068466705
S43A13T02,moving_support_variable_length,1.0,43013,1.5333333333333334,0.8543299538870524,0.458472756117989,2.34360381478219,0.40076444410176787,0.9560847214402032,2.362501862538174,0.015342035935330074,-234.2001969659732,-667.2434197223447
S43A13T02,moving_support_variable_length,1.0,43013,1.5666666666666667,0.8475852458920158,0.45818075162782057,2.4165826803747623,0.36814984586078686,0.9582262108305054,2.4385342541483617,0.005998726299197206,-235.113831474716,-706.1974483738145
S43A13T02,moving_support_variable_length,1.0,43013,1.6,0.8408332420161058,0.4581567402761856,2.495505923900579,0.33290624652329,0.9580878141058828,2.518216658255246,-0.0006087707677154969,-236.0189231022901,-746.1067945352817
S43A13T02,moving_support_variable_length,1.0,43013,1.6333333333333333,0.8341096909977275,0.45837282228133364,2.579962540489479,0.2949185115629712,0.9561512383787433,2.601740350100949,-0.005008623929940698,-236.9158176917035,-785.775402002662
S43A13T02,moving_support_variable_length,1.0,43013,1.6666666666666667,0.8274777644845742,0.4588041951359155,2.669534485235849,0.25407230626901345,0.9529331871706546,2.6892981720746834,-0.007735004656862433,-237.80485720883033,-824.4737517049441
S43A13T02,moving_support_variable_length,1.0,43013,1.7,0.8210270371771738,0.4594256087561702,2.7638384425479225,0.21025433728941356,0.9489422994531178,2.7810835273254244,-0.009285914492492157,-238.68637977600204,-861.9666502822691
S43A13T02,moving_support_variable_length,1.0,43013,1.7333333333333334,0.8148694799259751,0.4602082653889181,2.862557594647213,0.16335259630529142,0.9446435473192437,2.877289346944109,-0.010090994254216983,-239.56071970846702,-898.4705127734827
S43A13T02,moving_support_variable_length,1.0,43013,1.7666666666666666,0.8091327468801045,0.4611175869163482,2.965461631151938,0.11325660482241409,0.9404321534064617,2.9781070424323186,-0.010491073050208875,-240.42820755329146,-934.5524441153389
S43A13T02,moving_support_variable_length,1.0,43013,1.8,0.8039513175719293,0.46211214851159343,3.072414693225679,0.0598576592543302,0.9366177987887433,3.0837254543730523,-0.01072976310066736,-241.289170130285,-970.9920689890564
S43A13T02,moving_support_variable_length,1.0,43014,0.0,0.2638359834317706,0.8633413911870405,0.2638359834317706,0.8633413911870405,0.9027556612340816,0.9027556612346355,0.0,-75.51734464204604,-92.65045150851275
S43A13T02,moving_support_variable_length,1.0,43014,0.03333333333333333,0.2970656913215204,0.8334665653590584,0.28753370387406135,0.8446161753673967,0.8887920889684982,0.89602873259122,-0.011616769860777913,-78.88548097930583,-93.63473899239489
S43A13T02,moving_support_variable_length,1.0,43014,0.06666666666666667,0.3326078629966172,0.7994810469345895,0.3109478784574944,0.8250140495024234,0.8755208900528633,0.8905189359526436,-0.024277110785314894,-82.25333903878982,-91.28025098745181
S43A13T02,moving_support_variable_length,1.0,43014,0.1,0.37028185173346595,0.7621320227201455,0.33448347577490095,0.8045310015054353,0.8643975523032694,0.8863910847994648,-0.037563594940127634,-85.6211663643332,-86.24681677451804
S43A13T02,moving_support_variable_length,1.0,43014,0.13333333333333333,0.4098303919645336,0.7224182670725418,0.35863593762564494,0.7831618394207669,0.8568681382272694,0.8838085663348872,-0.0509676697815772,-88.98920815290363,-79.4430501927536
S43A13T02,moving_support_variable_length,1.0,43014,0.16666666666666666,0.4509199904521706,0.6815396641032859,0.38397774226689435,0.7608999733264498,0.8541308032116071,0.8829305068656074,-0.06390339212566572,-92.35770623472519,-71.98075379098272
S43A13T02,moving_support_variable_length,1.0,43014,0.2,0.49314603606229784,0.6408278388232126,0.41113904681706526,0.7377372045079162,0.8568995990333781,0.8839088146635113,-0.07572706385782915,-95.72689803368026,-65.10747210345262
S43A13T02,moving_support_variable_length,1.0,43014,0.23333333333333334,0.5360427582813181,0.6016628637906811,0.44078304177830835,0.7136635236874098,0.865239575898054,0.8868852493190548,-0.08576213236802425,-99.09701550853383,-60.12215723953594
S43A13T02,moving_support_variable_length,1.0,43014,0.26666666666666666,0.579097733251786,0.5653826362146697,0.47357710566206257,0.6886669198620592,0.8785295939919404,0.8919886910761342,-0.09332826430228992,-102.46828407584374,-58.280509692723
S43A13T02,moving_support_variable_length,1.0,43014,0.3,0.6217702002003251,0.5331925505629771,0.5101612533327003,0.6627332010513665,0.8955651016683789,0.8993327910630134,-0.09777309616928238,-105.84092151574292,-60.69775314688857
S43A13T02,moving_support_variable_length,1.0,43014,0.3333333333333333,0.6635120640940155,0.5060833613361604,0.5511156933734401,0.6358458279916419,0.9147623392174395,0.909014169251851,-0.098504844267771,-109.21513686208975,-68.25782747535283
S43A13T02,moving_support_variable_length,1.0,43014,0.36666666666666664,0.7037901707466366,0.48476456383883343,0.5969295006630275,0.6079857615500125,0.9343984097495729,0.921111290620749,-0.09502376615524069,-112.59112927879642,-81.53897954070453
S43A13T02,moving_support_variable_length,1.0,43014,0.4,0.7421082827491863,0.4696192480753741,0.6479724124720433,0.5791313243727896,0.9528277097101693,0.9356840951006211,-0.08695046440245369,-115.96908692444778,-100.76539661912952
S43A13T02,moving_support_variable_length,1.0,43014,0.43333333333333335,0.7780271741955308,0.46068434247313245,0.7044715235683822,0.5492580770402126,0.9686404429506115,0.9527743912997265,-0.0740492568361311,-119.34918580762157,-125.79170809542737
S43A13T02,moving_support_variable_length,1.0,43014,0.4666666666666667,0.8111813976104076,0.45765769299603865,0.7664941884536886,0.5183387087788305,0.9807546324930126,0.9724069579468197,-0.05624530545910697,-122.73158863561478,-156.12177932364185
S43A13T02,moving_support_variable_length,1.0,43014,0.5,0.84129154346069,0.4599308119915413,0.8339378072426432,0.48634294258984856,0.9884495475563951,0.9945912406568024,-0.03363482843882224,-126.11644365956133,-190.9566439545888
S43A13T02,moving_support_variable_length,1.0,43014,0.5333333333333333,0.8681711880491825,0.4666436896352628,0.9065265089977423,0.45323745449119485,0.9913554851687915,1.0193234927243315,-0.006488382811297124,-129.50388351920688,-229.26100839636342
S43A13T02,moving_support_variable_length,1.0,43014,0.5666666666666667,0.8917281786102771,0.47675607201037307,0.9838142097700208,0.41898580644610606,0.9894157873237711,1.0465891909156977,0.024752257372116032,-132.89402409086824,-269.8356387637617
S43A13T02,moving_support_variable_length,1.0,43014,0.6,0.9119603953638833,0.4891282903763372,1.0651932389436651,0.3835483924637003,0.9828349318852599,1.0763655600923503,0.05948281859870803,-136.28696334236398,-311.38496874020285
S43A13T02,moving_support_variable_length,1.0,43014,0.6333333333333333,0.9289466105178134,0.502604197965424,1.1499077465298562,0.3468823973080897,0.9720232790526062,1.1086240599675854,0.09695005090490624,-139.68278019894555,-352.57461953016474
S43A13T02,moving_support_variable_length,1.0,43014,0.6666666666666666,0.9428334802566793,0.5160890483168318,1.237071380056189,0.3089417672417794,0.9575454520617294,1.143332717481745,0.13626954170529054,-143.08153342449003,-392.0800793523702
S43A13T02,moving_support_variable_length,1.0,43014,0.7,0.9538200077939303,0.528616145717573,1.3256891272079696,0.2696771922550649,0.9400759087947594,1.180458223003895,0.1764477129550992,-146.48326052243075,-428.63310458129155
S43A13T02,moving_support_variable_length,1.0,43014,0.7333333333333333,0.9621409671808886,0.53939764619185,1.4146835947354348,0.22903609929364804,0.9203624715576114,1.2199677425949824,0.21640826819664338,-149.88797666110437,-461.07466270370446
S43A13T02,moving_support_variable_length,1.0,43014,0.7666666666666667,0.9680507627109425,0.547856768584266,1.5029261784763719,0.18696265608870594,0.8991967855203477,1.2618304282582538,0.2550235400843922,-153.29567362837264,-488.42172331299435
S43A13T02,moving_support_variable_length,1.0,43014,0.8,0.9718090239917412,0.5536406536685778,1.5892734634311925,0.14339778531338665,0.8773900044473715,1.306018631517538,0.29115107280804403,-156.70631882054076,-509.9502861808441
S43A13T02,moving_support_variable_length,1.0,43014,0.8333333333333334,0.9736689293284401,0.5566149616658929,1.6726087377806962,0.09827918893280574,0.8557522477942578,1.3525088422999156,0.3236753185486097,-160.11985427073267,-525.2899424517196
S43A13T02,moving_support_variable_length,1.0,43014,0.8666666666666667,0.9738688530916181,0.5568428400399023,1.7518877527118408,0.051541382776032096,0.8350749990382611,1.4012823854552643,0.35155357486437766,-163.53619572200074,-534.5178055141702
S43A13T02,moving_support_variable_length,1.0,43014,0.9,0.9726274986780267,0.5545519950627589,1.8261869282570642,0.003115741532769334,0.8161159315910682,1.452325912377947,0.3738643580550664,-166.95523175053214,-538.2338439019011
S43A13T02,moving_support_variable_length,1.0,43014,0.9333333333333333,0.9701422619650003,0.5500941985988604,1.8947512648553544,-0.04706944544168512,0.7995851373476058,1.5056317263594994,0.38985546689288497,-170.37682294437957,-537.5972441393449
S43A13T02,moving_support_variable_length,1.0,43014,0.9666666666666667,0.9665902203294346,0.5439016567435631,1.9570384610703404,-0.09908890694867911,0.7861304151976735,1.5611979787031625,0.39898823170494635,-173.8008011431659,-534.3054256433431
S43A13T02,moving_support_variable_length,1.0,43014,1.0,0.9621308982988618,0.5364443165577369,2.0127553308529142,-0.15302031065732208,0.7763179298088687,1.6190287692987955,0.40097403664997294,-177.2269687442104,-530.5037328483547
S43A13T02,moving_support_variable_length,1.0,43014,1.0333333333333334,0.9569098472323043,0.5281914902230328,2.061882677855888,-0.20894417080715566,0.7706045246911809,1.6791341810866964,0.39579926710527386,-180.6550980804822,-528.6236995384905
S43A13T02,moving_support_variable_length,1.0,43014,1.0666666666666667,0.9510621010308636,0.5195802558031596,2.1046853648481463,-0.2669437418690277,0.7693004688164916,1.7415302732006863,0.3837354146315748,-184.08493087570434,-531.1594411011997
S43A13T02,moving_support_variable_length,1.0,43014,1.1,0.9447147235714671,0.510992079850787,2.1417053767877183,-0.32710489702636014,0.7725264347676614,1.8062390529491288,0.36533213257946917,-187.51617778181338,-540.4031055412884
S43A13T02,moving_support_variable_length,1.0,43014,1.1333333333333333,0.9379879210180926,0.5027381189302136,2.1737371047743053,-0.38951599027494466,0.7801741826536313,1.8732884423901701,0.34139246423538117,-190.94851800381517,-558.169358454897
S43A13T02,moving_support_variable_length,1.0,43014,1.1666666666666667,0.9309945145662366,0.49505279247354583,2.201785707365864,-0.45426770092481794,0.7918836139266476,1.9427122511980983,0.31293109494841753,-194.381599016873,-585.5440035218219
S43A13T02,moving_support_variable_length,1.0,43014,1.2,0.9238379086638937,0.48809454677884767,2.2270110406227674,-0.5214528593314243,0.8070470988799323,2.0145501638429604,0.28111811496273,-197.8150363802087,-622.6921667496733
S43A13T02,moving_support_variable_length,1.0,43014,1.2333333333333334,0.9166089957094241,0.48195228583021865,2.250661095665256,-0.5911662527936735,0.8248454636509197,2.0888477458146872,0.2472122276499063,-201.24841365210412,-668.75682848728
S43A13T02,moving_support_variable_length,1.0,43014,1.2666666666666666,0.9093826647198894,0.47665573441922715,2.273999975258792,-0.6635044107410097,0.8443117088884977,2.1656564706943535,0.2124884312730323,-204.68128240994125,-721.8692787638635
S43A13T02,moving_support_variable_length,1.0,43014,1.3,0.9022146945485805,0.472188001468783,2.2982360536530204,-0.7385653685964441,0.8644121049859145,2.245033767282119,0.17816581600853587,-208.11316237883258,-779.2801797734573
S43A13T02,moving_support_variable_length,1.0,43014,1.3333333333333333,0.8951397954859195,0.4684987847276885,2.3244560230074773,-0.8164484100516034,0.8841318215529835,2.3270430837114375,0.14534117812838143,-211.54354167195038,-837.6047050325825
S43A13T02,moving_support_variable_length,1.0,43014,1.3666666666666667,0.888171420173913,0.4655169472600538,2.353570019725287,-0.897253787924762,0.9025534255250333,2.4117539635007286,0.11493364449255633,-214.9718771451878,-893.1595501449929
S43A13T02,moving_support_variable_length,1.0,43014,1.4,0.881303718697892,0.4631615417016668,2.3862719909235923,-0.9810824242915602,0.9189198107404208,2.4992421268180163,0.08764446885590482,-218.39759486825108,-942.355703963122
S43A13T02,moving_support_variable_length,1.0,43014,1.4333333333333333,0.8745157019582636,0.461350704795868,2.423018011103673,-1.0680355911748565,0.9326767996246332,2.5895895488758707,0.06393471294951308,-221.8200907137203,-982.100985502262
S43A13T02,moving_support_variable_length,1.0,43014,1.4666666666666666,0.867777349527893,0.4600081507703556,2.4640235484721824,-1.158214573744429,0.9434938669837193,2.6828845263594907,0.044021816459537844,-225.23873106500685,-1010.1623319723574
S43A13T02,moving_support_variable_length,1.0,43014,1.5,0.8610571018723137,0.45906723671321914,2.5092788988289696,-1.2517203186937318,0.9512639039385814,2.779221722154378,0.02789428038244434,-228.65285364349396,-1025.4406746956627
S43A13T02,moving_support_variable_length,1.0,43014,1.5333333333333334,0.8543299538870524,0.458472756117989,2.5585803506741587,-1.3486530712088236,0.9560847214402032,2.8787021784195717,0.015342035935330074,-232.06176845447754,-1028.1208508256423
S43A13T02,moving_support_variable_length,1.0,43014,1.5666666666666667,0.8475852458920158,0.45818075162782057,2.6115732983126505,-1.44911200469847,0.9582262108305054,2.981433288283558,0.005998726299197206,-235.46475885082174,-1019.6741466351008
S43A13T02,moving_support_variable_length,1.0,43014,1.6,0.8408332420161058,0.4581567402761856,2.667802618579567,-1.5531948481836246,0.9580878141058828,3.087528717149599,-0.0006087707677154969,-238.86108271252772,-1002.7097635242166
S43A13T02,moving_support_variable_length,1.0,43014,1.6333333333333333,0.8341096909977275,0.45837282228133364,2.726765252515672,-1.660997516914939,0.9561512383787433,3.1971082657972785,-0.005008623929940698,-242.2499737396781,-980.6914194904741
S43A13T02,moving_support_variable_length,1.0,43014,1.6666666666666667,0.8274777644845742,0.4588041951359155,2.7879601044890623,-1.7726137523618952,0.9529331871706546,3.310297669147891,-0.007735004656862433,-245.63064285547847,-957.5540144101884
S43A13T02,moving_support_variable_length,1.0,43014,1.7,0.8210270371771738,0.4594256087561702,2.8509310462905786,-1.8881347781588858,0.9489422994531178,3.4272283266869237,-0.009285914492492157,-249.00227971536975,-937.2702720657823
S43A13T02,moving_support_variable_length,1.0,43014,1.7333333333333334,0.8148694799259751,0.4602082653889181,2.915299897364489,-2.007648978865977,0.9446435473192437,3.548036963041435,-0.010090994254216983,-252.3640543174518,-923.4260163104235
S43A13T02,moving_support_variable_length,1.0,43014,1.7666666666666666,0.8091327468801045,0.4611175869163482,2.9807876051369733,-2.1312416084723176,0.9404321534064617,3.672865219996771,-0.010491073050208875,-255.71511870872789,-918.8631719479941
S43A13T02,moving_support_variable_length,1.0,43014,1.8,0.8039513175719293,0.46211214851159343,3.047223301502336,-2.2589945354119076,0.9366177987887433,3.8018591841803873,-0.01072976310066736,-259.0546087809793,-925.4407136907205
S43A13T02,moving_support_variable_length,10.0,43013,0.0,0.2638359834317706,0.8633413911870405,0.2638359834317706,0.8633413911870405,0.9027556612340816,0.9027556612346355,0.0,-144.5442228041361,-110.55744891422415
S43A13T02,moving_support_variable_length,10.0,43013,0.03333333333333333,0.2970656913215204,0.8334665653590584,0.2870564207609218,0.8461304879067052,0.8887920889684982,0.8972973182632304,-0.011616769860777913,-144.91265554238458,-116.5810142928378
S43A13T02,moving_support_variable_length,10.0,43013,0.06666666666666667,0.3326078629966172,0.7994810469345895,0.3090609046218986,0.8310284359674197,0.8755208900528633,0.8953895766106926,-0.024277110785314894,-145.27458998765846,-118.50062149828844
S43A13T02,moving_support_variable_length,10.0,43013,0.1,0.37028185173346595,0.7621320227201455,0.33028893568985407,0.8179664528505798,0.8643975523032694,0.8968749089370498,-0.037563594940127634,-145.63005699485961,-116.7467245446125
S43A13T02,moving_support_variable_length,10.0,43013,0.13333333333333333,0.4098303919645336,0.7224182670725418,0.35127197549994066,0.8068740985476527,0.8568681382272694,0.9015778075930487,-0.0509676697815772,-145.97909103989616,-111.93689011693792
S43A13T02,moving_support_variable_length,10.0,43013,0.16666666666666666,0.4509199904521706,0.6815396641032859,0.37261972533035415,0.7976792459527442,0.8541308032116071,0.9093099644776036,-0.06390339212566572,-146.3217301097801,-104.86553461575959
S43A13T02,moving_support_variable_length,10.0,43013,0.2,0.49314603606229784,0.6408278388232126,0.3950005036355758,0.7903080495345598,0.8568995990333781,0.9198756741855816,-0.07572706385782915,-146.65801559231087,-96.48248908060755
S43A13T02,moving_support_variable_length,10.0,43013,0.23333333333333334,0.5360427582813181,0.6016628637906811,0.41911635904114747,0.7846849121215479,0.865239575898054,0.9330770077543452,-0.08576213236802425,-146.98799216559163,-87.86091001658372
S43A13T02,moving_support_variable_length,10.0,43013,0.26666666666666666,0.579097733251786,0.5653826362146697,0.44567401041220267,0.7807324496310115,0.8785295939919404,0.9487184039825712,-0.09332826430228992,-147.31170768761456,-80.15516713045037
S43A13T02,moving_support_variable_length,10.0,43013,0.3,0.6217702002003251,0.5331925505629771,0.4753531105663524,0.7783714535710988,0.8955651016683789,0.9666104533795209,-0.09777309616928238,-147.6292130861295,-74.54963672321182
S43A13T02,moving_support_variable_length,10.0,43013,0.3333333333333333,0.6635120640940155,0.5060833613361604,0.508773651278447,0.7775208511439511,0.9147623392174395,0.9865727774054441,-0.098504844267771,-147.9405622489977,-72.20053318975943
S43A13T02,moving_support_variable_length,10.0,43013,0.36666666666666664,0.7037901707466366,0.48476456383883343,0.5464645174734646,0.7780976627790431,0.9343984097495729,1.0084360122764913,-0.09502376615524069,-148.24581191521392,-74.17514696137076
S43A13T02,moving_support_variable_length,10.0,43013,0.4,0.7421082827491863,0.4696192480753741,0.5888351999802194,0.7800169569280131,0.9528277097101693,1.0320429822838624,-0.08695046440245369,-148.54502156676597,-81.39523467858311
S43A13T02,moving_support_variable_length,10.0,43013,0.43333333333333335,0.7780271741955308,0.46068434247313245,0.6361524427604476,0.7831918019561814,0.9686404429506115,1.0572491914218896,-0.0740492568361311,-148.8382533214844,-94.59230145907802
S43A13T02,moving_support_variable_length,10.0,43013,0.4666666666666667,0.8111813976104076,0.45765769299603865,0.6885231325376255,0.7875332149716365,0.9807546324930126,1.0839227790394732,-0.05624530545910697,-149.12557182701892,-114.28093299721701
S43A13T02,moving_support_variable_length,10.0,43013,0.5,0.84129154346069,0.4599308119915413,0.7458841065429215,0.792950107440322,0.9884495475563951,1.1119440826254217,-0.03363482843882224,-149.40704415606692,-140.75212139246753
S43A13T02,moving_support_variable_length,10.0,43013,0.5333333333333333,0.8681711880491825,0.4666436896352628,0.8079988908313456,0.799349227445155,0.9913554851687915,1.141204936172286,-0.006488382811297124,-149.6827397029593,-174.08290169364662
S43A13T02,moving_support_variable_length,10.0,43013,0.5666666666666667,0.8917281786102771,0.47675607201037307,0.8744608445301003,0.806635098458901,0.9894157873237711,1.171607812007422,0.024752257372116032,-149.95273008170238,-214.1535762009982
S43A13T02,moving_support_variable_length,10.0,43013,0.6,0.9119603953638833,0.4891282903763372,0.94470190123799,0.814709954514494,0.9828349318852599,1.2030648919550186,0.05948281859870803,-150.21708902555545,-260.66130371307145
S43A13T02,moving_support_variable_length,10.0,43013,0.6333333333333333,0.9289466105178134,0.502604197965424,1.0180061173898522,0.8234736716727638,0.9720232790526062,1.2354971329582047,0.09695005090490624,-150.47589228821434,-313.11995881649517
S43A13T02,moving_support_variable_length,10.0,43013,0.6666666666666666,0.9428334802566793,0.5160890483168318,1.0935275129855782,0.8328236957062574,0.9575454520617294,1.2688333742893432,0.13626954170529054,-150.72921754665998,-370.84072902478135
S43A13T02,moving_support_variable_length,10.0,43013,0.7,0.9538200077939303,0.528616145717573,1.1703120972120478,0.8426549659390628,0.9400759087947594,1.303009518736224,0.1764477129550992,-150.97714430571745,-432.8946522059298
S43A13T02,moving_support_variable_length,10.0,43013,0.7333333333333333,0.9621409671808886,0.53939764619185,1.2473243454937673,0.8528598352063511,0.9203624715576114,1.3379678086332625,0.21640826819664338,-151.21975380436277,-498.0654797942141
S43A13T02,moving_support_variable_length,10.0,43013,0.7666666666666667,0.9680507627109425,0.547856768584266,1.3234785785204082,0.8633279859237895,0.8991967855203477,1.373656208969164,0.2550235400843922,-151.45712892380453,-564.8072247870057
S43A13T02,moving_support_variable_length,10.0,43013,0.8,0.9718090239917412,0.5536406536685778,1.3976755775879417,0.8739463422861209,0.8773900044473715,1.4100279035801695,0.29115107280804403,-151.6893540973585,-631.2241433342442
S43A13T02,moving_support_variable_length,10.0,43013,0.8333333333333334,0.9736689293284401,0.5566149616658929,1.4688443152654418,0.8845989786460349,0.8557522477942578,1.4470409061474536,0.3236753185486097,-151.91651522212393,-695.0907028796797
S43A13T02,moving_support_variable_length,10.0,43013,0.8666666666666667,0.9738688530916181,0.5568428400399023,1.535987928116663,0.8951670241590473,0.8350749990382611,1.484657784914397,0.35155357486437766,-152.13869957246612,-753.9248712115432
S43A13T02,moving_support_variable_length,10.0,43013,0.9,0.9726274986780267,0.5545519950627589,1.598232126307497,0.9055285638174257,0.8161159315910682,1.522845498343705,0.3738643580550664,-152.3559957152989,-805.1202045296889
S43A13T02,moving_support_variable_length,10.0,43013,0.9333333333333333,0.9701422619650003,0.5500941985988604,1.654873294216554,0.9155585360362539,0.7995851373476058,1.5615753380341741,0.38985546689288497,-152.56849342715756,-846.1319905889636
S43A13T02,moving_support_variable_length,10.0,43013,0.9666666666666667,0.9665902203294346,0.5439016567435631,1.7054227767025374,0.9251286269974934,0.7861304151976735,1.6008229748645946,0.39898823170494635,-152.7762836130467,-874.7019923459886
S43A13T02,moving_support_variable_length,10.0,43013,1.0,0.9621308982988618,0.5364443165577369,1.749643438476015,0.9341071620033339,0.7763179298088687,1.6405686043347094,0.40097403664997294,-152.97945822704216,-889.0971501656694
S43A13T02,moving_support_variable_length,10.0,43013,1.0333333333333334,0.9569098472323043,0.5281914902230328,1.787574648026205,0.9423589941381458,0.7706045246911809,1.6807971872809822,0.39579926710527386,-153.17811019462243,-888.3316944087476
S43A13T02,moving_support_variable_length,10.0,43013,1.0666666666666667,0.9510621010308636,0.5195802558031596,1.8195424180292055,0.9497453905889433,0.7693004688164916,1.7214987824426795,0.3837354146315748,-153.3723333367029,-872.3407400232867
S43A13T02,moving_support_variable_length,10.0,43013,1.1,0.9447147235714671,0.510992079850787,1.846152494678483,0.956123917027232,0.7725264347676614,1.7626689676509177,0.36533213257946917,-153.56222229534066,-842.0770680087002
S43A13T02,moving_support_variable_length,10.0,43013,1.1333333333333333,0.9379879210180926,0.5027381189302136,1.8682656171244172,0.9613483205104452,0.7801741826536313,1.8043093466372553,0.34139246423538117,-153.7478724610782,-799.5110037979167
S43A13T02,moving_support_variable_length,10.0,43013,1.1666666666666667,0.9309945145662366,0.49505279247354583,1.8869557976583526,0.9652684114186315,0.7918836139266476,1.8464281385487895,0.31293109494841753,-153.9293799018918,-747.5248107373721
S43A13T02,moving_support_variable_length,10.0,43013,1.2,0.9238379086638937,0.48809454677884767,1.9034541084579837,0.9677299450015024,0.8070470988799323,1.8890408471612896,0.28111811496273,-154.10684129370725,-689.7061090461941
S43A13T02,moving_support_variable_length,10.0,43013,1.2333333333333334,0.9166089957094241,0.48195228583021865,1.919081908571426,0.9685745031721906,0.8248454636509197,1.932171006453849,0.2472122276499063,-154.2803538524488,-630.057754665528
S43A13T02,moving_support_variable_length,10.0,43013,1.2666666666666666,0.9093826647198894,0.47665573441922715,1.935178538137159,0.9676393772468113,0.8443117088884977,1.9758509986046853,0.2124884312730323,-154.45001526758313,-572.6528204510009
S43A13T02,moving_support_variable_length,10.0,43013,1.3,0.9022146945485805,0.472188001468783,1.9530291203057466,0.964757452392928,0.8644121049859145,2.0201229395483598,0.17816581600853587,-154.61592363712313,-521.2714956995846
S43A13T02,moving_support_variable_length,10.0,43013,1.3333333333333333,0.8951397954859195,0.4684987847276885,1.9737981713709098,0.9597570946149466,0.8841318215529835,2.065039625964168,0.14534117812838143,-154.77817740405513,-479.0607236859173
S43A13T02,moving_support_variable_length,10.0,43013,1.3666666666666667,0.888171420173913,0.4655169472600538,1.998474210720452,0.9524620411699115,0.9025534255250333,2.110665535914361,0.11493364449255633,-154.93687529415493,-448.25636474382486
S43A13T02,moving_support_variable_length,10.0,43013,1.4,0.881303718697892,0.4631615417016668,2.02782953041677,0.9426912953727415,0.9189198107404208,2.1570778732990785,0.08764446885590482,-155.0921162551592,-430.00127693613985
S43A13T02,moving_support_variable_length,10.0,43013,1.4333333333333333,0.8745157019582636,0.461350704795868,2.0623978355067063,0.9302590268151699,0.9326767996246332,2.204367643836471,0.06393471294951308,-155.24399939726024,-424.28142857363105
S43A13T02,moving_support_variable_length,10.0,43013,1.4666666666666666,0.867777349527893,0.4600081507703556,2.1024707571447907,0.9149744780869393,0.9434938669837193,2.2526407474250543,0.044021816459537844,-155.39262393489378,-429.9873602986712
S43A13T02,moving_support_variable_length,10.0,43013,1.5,0.8610571018723137,0.45906723671321914,2.1481124607782256,0.89664187915063,0.9512639039385814,2.3020190685414774,0.02789428038244434,-155.53808912979082,-445.0920926117855
S43A13T02,moving_support_variable_length,10.0,43013,1.5333333333333334,0.8543299538870524,0.458472756117989,2.1991899191350854,0.8750603705822373,0.9560847214402032,2.3526415428451006,0.015342035935330074,-155.68049423526875,-466.92140305322425
S43A13T02,moving_support_variable_length,10.0,43013,1.5666666666666667,0.8475852458920158,0.45818075162782057,2.255415074633379,0.8500239369475501,0.9582262108305054,2.404665174517629,0.005998726299197206,-155.8199384417365,-492.48062134330166
S43A13T02,moving_support_variable_length,10.0,43013,1.6,0.8408332420161058,0.4581567402761856,2.316394216346388,0.8213213516388524,0.9580878141058828,2.4582659752261455,-0.0006087707677154969,-155.95652082339262,-518.795418045372
S43A13T02,moving_support_variable_length,10.0,43013,1.6333333333333333,0.8341096909977275,0.45837282228133364,2.3816795238767625,0.7887361345468088,0.9561512383787433,2.5136397921782336,-0.005008623929940698,-156.09034028609716,-543.2233135272179
S43A13T02,moving_support_variable_length,10.0,43013,1.6666666666666667,0.8274777644845742,0.4588041951359155,2.4508179029201336,0.7520465239878201,0.9529331871706546,2.5710029898073756,-0.007735004656862433,-156.22149551640067,-563.697805821646
S43A13T02,moving_support_variable_length,10.0,43013,1.7,0.8210270371771738,0.4594256087561702,2.5233929132480117,0.7110254643471197,0.9489422994531178,2.6305929474998693,-0.009285914492492157,-156.3500849317162,-578.8774353097037
S43A13T02,moving_support_variable_length,10.0,43013,1.7333333333333334,0.8148694799259751,0.4602082653889181,2.599056673957552,0.6654406109317794,0.9446435473192437,2.69266833479602,-0.010090994254216983,-156.4762066316224,-588.1864690131057
S43A13T02,moving_support_variable_length,10.0,43013,1.7666666666666666,0.8091327468801045,0.4611175869163482,2.6775499836027263,0.6150543535552074,0.9404321534064617,2.757509126019358,-0.010491073050208875,-156.5999583502889,-591.7502338931325
S43A13T02,moving_support_variable_length,10.0,43013,1.8,0.8039513175719293,0.46211214851159343,2.7587103442960035,0.5596238603954543,0.9366177987887433,2.8254163186302645,-0.01072976310066736,-156.72143741001597,-590.2439295111658
S43A13T02,moving_support_variable_length,10.0,43014,0.0,0.2638359834317706,0.8633413911870405,0.2638359834317706,0.8633413911870405,0.9027556612340816,0.9027556612346355,0.0,-83.08481582810572,-93.7635675768976
S43A13T02,moving_support_variable_length,10.0,43014,0.03333333333333333,0.2970656913215204,0.8334665653590584,0.2873652112239613,0.8443562066085227,0.8887920889684982,0.8957274298874015,-0.011616769860777913,-83.94114056253053,-94.27916142506632
S43A13T02,moving_support_variable_length,10.0,43014,0.06666666666666667,0.3326078629966172,0.7994810469345895,0.3102833120628912,0.8239350993996224,0.8755208900528633,0.8892692081479242,-0.024277110785314894,-84.79926396813374,-91.24712097434315
S43A13T02,moving_support_variable_length,10.0,43014,0.1,0.37028185173346595,0.7621320227201455,0.33300637600178384,0.8020155722034148,0.8643975523032694,0.8834880199649908,-0.037563594940127634,-85.65934002451887,-85.35603723052307
S43A13T02,moving_support_variable_length,10.0,43014,0.13333333333333333,0.4098303919645336,0.7224182670725418,0.35603706080572683,0.778533709861766,0.8568681382272694,0.8785030381919964,-0.0509676697815772,-86.5215239100217,-77.55445693504262
S43A13T02,moving_support_variable_length,10.0,43014,0.16666666666666666,0.4509199904521706,0.6815396641032859,0.3799512989061303,0.7534234704392245,0.8541308032116071,0.8744449168247341,-0.06390339212566572,-87.38597170458488,-69.00188048465
S43A13T02,moving_support_variable_length,10.0,43014,0.2,0.49314603606229784,0.6408278388232126,0.4053791439640657,0.7266160157915236,0.8568995990333781,0.8714551150865499,-0.07572706385782915,-88.25284008959062,-60.994409498620286
S43A13T02,moving_support_variable_length,10.0,43014,0.23333333333333334,0.5360427582813181,0.6016628637906811,0.43298038824876944,0.6980390937336164,0.865239575898054,0.86968521838497,-0.08576213236802425,-89.12228604491054,-54.870226806884816
S43A13T02,moving_support_variable_length,10.0,43014,0.26666666666666666,0.579097733251786,0.5653826362146697,0.46341603566970546,0.6676164820976268,0.8785295939919404,0.8692962571647931,-0.09332826430228992,-89.99446654343015,-51.90222758505426
S43A13T02,moving_support_variable_length,10.0,43014,0.3,0.6217702002003251,0.5331925505629771,0.49731711951406826,0.6352675029765447,0.8955651016683789,0.870458020320975,-0.09777309616928238,-90.86953824330853,-53.18685492215471
S43A13T02,moving_support_variable_length,10.0,43014,0.3333333333333333,0.6635120640940155,0.5060833613361604,0.535252674260149,0.6009066133154038,0.9147623392174395,0.8733483555934911,-0.098504844267771,-91.7476571782363,-59.5398636061216
S43A13T02,moving_support_variable_length,10.0,43014,0.36666666666666664,0.7037901707466366,0.48476456383883343,0.5776988604839596,0.5644430758308574,0.9343984097495729,0.8781524459037531,-0.09502376615524069,-92.62897844596031,-71.41092640685608
S43A13T02,moving_support_variable_length,10.0,43014,0.4,0.7421082827491863,0.4696192480753741,0.6250112429781075,0.5257807121023491,0.9528277097101693,0.8850620486700902,-0.08695046440245369,-93.51365589534792,-88.82844393085668
S43A13T02,moving_support_variable_length,10.0,43014,0.43333333333333335,0.7780271741955308,0.46068434247313245,0.6774019886584539,0.4848177376653463,0.9686404429506115,0.894274685491716,-0.0740492568361311,-94.40184181227299,-111.38241905770161
S43A13T02,moving_support_variable_length,10.0,43014,0.4666666666666667,0.8111813976104076,0.45765769299603865,0.7349232830953333,0.44144667711905117,0.9807546324930126,0.9059927727392074,-0.05624530545910697,-95.2936866046126,-138.24688178890074
S43A13T02,moving_support_variable_length,10.0,43014,0.5,0.84129154346069,0.4599308119915413,0.7974576329130506,0.3955543556920722,0.9884495475563951,0.9204226896507304,-0.03363482843882224,-96.18933848665509,-168.2358857259327
S43A13T02,moving_support_variable_length,10.0,43014,0.5333333333333333,0.8681711880491825,0.4666436896352628,0.8647150590132319,0.34702196242689104,0.9913554851687915,0.9377737890635012,-0.006488382811297124,-97.08894316322943,-199.88132440966734
S43A13T02,moving_support_variable_length,10.0,43014,0.5666666666666667,0.8917281786102771,0.47675607201037307,0.936236649797642,0.29572517916698343,0.9894157873237711,0.9582573658624673,0.024752257372116032,-97.99264351388108,-231.5191390373667
S43A13T02,moving_support_variable_length,10.0,43014,0.6,0.9119603953638833,0.4891282903763372,1.0114036610156094,0.24153436886131496,0.9828349318852599,0.982085608065782,0.05948281859870803,-98.90057927743112,-261.37371122754905
S43A13T02,moving_support_variable_length,10.0,43014,0.6333333333333333,0.9289466105178134,0.502604197965424,1.08945136925517,0.18431481632628494,0.9720232790526062,1.0094705634367966,0.09695005090490624,-99.8128867372712,-287.63709952897824
S43A13T02,moving_support_variable_length,10.0,43014,0.6666666666666666,0.9428334802566793,0.5160890483168318,1.169487163596345,0.12392701449868176,0.9575454520617294,1.0406231590300894,0.13626954170529054,-100.72969840776364,-308.5475111727169
S43A13T02,moving_support_variable_length,10.0,43014,0.7,0.9538200077939303,0.528616145717573,1.2505127690021356,0.06022698933847698,0.9400759087947594,1.0757523111139944,0.1764477129550992,-101.65114272213177,-322.4769104796022
S43A13T02,moving_support_variable_length,10.0,43014,0.7333333333333333,0.9621409671808886,0.53939764619185,1.331450870872299,-0.0069333431458077355,0.9203624715576114,1.1150641582572178,0.21640826819664338,-102.57734372224387,-328.03869962959584
S43A13T02,moving_support_variable_length,10.0,43014,0.7666666666666667,0.9680507627109425,0.547856768584266,1.4111765958581652,-0.07770579382064402,0.8991967855203477,1.1587614416994247,0.2550235400843922,-103.5084207507134,-324.2221412633215
S43A13T02,moving_support_variable_length,10.0,43014,0.8,0.9718090239917412,0.5536406536685778,1.488554189222577,-0.152245496821237,0.8773900044473715,1.207043045836635,0.29115107280804403,-104.4444881457563,-310.5512824251997
S43A13T02,moving_support_variable_length,10.0,43014,0.8333333333333334,0.9736689293284401,0.5566149616658929,1.562478774773292,-0.2307104903379183,0.8557522477942578,1.2601036995053942,0.3236753185486097,-105.38565493926608,-287.2545217671028
S43A13T02,moving_support_variable_length,10.0,43014,0.8666666666666667,0.9738688530916181,0.5568428400399023,1.631922331810927,-0.3132612861121749,0.8350749990382611,1.318133827478267,0.35155357486437766,-106.3320245585884,-255.41949542023372
S43A13T02,moving_support_variable_length,10.0,43014,0.9,0.9726274986780267,0.5545519950627589,1.695982091933866,-0.4000604313840201,0.8161159315910682,1.3813195325474046,0.3738643580550664,-107.28369453249469,-217.09982699603503
S43A13T02,moving_support_variable_length,10.0,43014,0.9333333333333333,0.9701422619650003,0.5500941985988604,1.7539286177295965,-0.49127206651784294,0.7995851373476058,1.4498426825608721,0.38985546689288497,-108.24075620187769,-175.33820111052444
S43A13T02,moving_support_variable_length,10.0,43014,0.9666666666666667,0.9665902203294346,0.5439016567435631,1.805250065438556,-0.5870614811035882,0.7861304151976735,1.5238810739727535,0.39898823170494635,-109.20329443570782,-134.0756710637667
S43A13T02,moving_support_variable_length,10.0,43014,1.0,0.9621308982988618,0.5364443165577369,1.849688725644954,-0.6875946710001909,0.7763179298088687,1.603608643559483,0.40097403664997294,-110.17138735281176,-97.93000324049336
S43A13T02,moving_support_variable_length,10.0,43014,1.0333333333333334,0.9569098472323043,0.5281914902230328,1.8872659989302971,-0.793037898567229,0.7706045246911809,1.6891957023109376,0.39579926710527386,-111.14510605005246,-71.84452187560379
S43A13T02,moving_support_variable_length,10.0,43014,1.0666666666666667,0.9510621010308636,0.5195802558031596,1.9182925425441424,-0.9035572582195223,0.7693004688164916,1.780809169369208,0.3837354146315748,-112.12451433750691,-60.63038876835077
S43A13T02,moving_support_variable_length,10.0,43014,1.1,0.9447147235714671,0.510992079850787,1.9433613831380903,-1.0193182494311972,0.7725264347676614,1.8786127885338915,0.36533213257946917,-113.10966848125676,-68.44583028328935
S43A13T02,moving_support_variable_length,10.0,43014,1.1333333333333333,0.9379879210180926,0.5027381189302136,1.9633232177410698,-1.1404853593966506,0.7801741826536313,1.9827673146808322,0.34139246423538117,-114.10061695442054,-98.27184375904915
S43A13T02,moving_support_variable_length,10.0,43014,1.1666666666666667,0.9309945145662366,0.49505279247354583,1.9792447529752732,-1.2672216577052144,0.7918836139266476,2.09343066201988,0.31293109494841753,-115.09740019707233,-151.45251386592744
S43A13T02,moving_support_variable_length,10.0,43014,1.2,0.9238379086638937,0.48809454677884767,1.9923525661302999,-1.3996884055777647,0.8070470988799323,2.2107580101794495,0.28111811496273,-116.1000503857034,-227.36759883463552
S43A13T02,moving_support_variable_length,10.0,43014,1.2333333333333334,0.9166089957094241,0.48195228583021865,2.003966418149881,-1.5380446824162277,0.8248454636509197,2.334901867520144,0.2472122276499063,-117.10859121289361,-323.29507644005537
S43A13T02,moving_support_variable_length,10.0,43014,1.2666666666666666,0.9093826647198894,0.47665573441922715,2.0154270406910877,-1.6824470325970766,0.8443117088884977,2.4660120938117926,0.2124884312730323,-118.12303767786916,-434.502476367127
S43A13T02,moving_support_variable_length,10.0,43014,1.3,0.9022146945485805,0.472188001468783,2.028024031942201,-1.8330491355632292,0.8644121049859145,2.6042358864832855,0.17816581600853587,-119.14339588862767,-554.5796414222564
S43A13T02,moving_support_variable_length,10.0,43014,1.3333333333333333,0.8951397954859195,0.4684987847276885,2.04292955530858,-1.9900015023023652,0.8841318215529835,2.7497177361278466,0.14534117812838143,-120.16966287631627,-675.9947225073279
S43A13T02,moving_support_variable_length,10.0,43014,1.3666666666666667,0.888171420173913,0.4655169472600538,2.0611430259233967,-2.153451201215141,0.9025534255250333,2.9025993578834384,0.11493364449255633,-121.20182642254942,-790.8235617805067
S43A13T02,moving_support_variable_length,10.0,43014,1.4,0.881303718697892,0.4631615417016668,2.083450938271455,-2.323541616152407,0.9189198107404208,3.063019605773705,0.08764446885590482,-122.23986490034892,-891.5748369784228
S43A13T02,moving_support_variable_length,10.0,43014,1.4333333333333333,0.8745157019582636,0.461350704795868,2.1104045400312086,-2.5004122390237162,0.9326767996246332,3.2311143771485993,0.06393471294951308,-123.28374712938621,-972.0141668806596
S43A13T02,moving_support_variable_length,10.0,43014,1.4666666666666666,0.867777349527893,0.4600081507703556,2.142316349135867,-2.6841984988484104,0.9434938669837193,3.407016514060423,0.044021816459537844,-124.3334322461946,-1027.8836440002508
S43A13T02,moving_support_variable_length,10.0,43014,1.5,0.8610571018723137,0.45906723671321914,2.1792747324863324,-2.8750316284457016,0.9512639039385814,3.59085570780265,0.02789428038244434,-125.38886959000996,-1057.4209854121232
S43A13T02,moving_support_variable_length,10.0,43014,1.5333333333333334,0.8543299538870524,0.458472756117989,2.2211741138202523,-3.073038569163165,0.9560847214402032,3.7827584119781568,0.015342035935330074,-126.44999860487972,-1061.60428199552
S43A13T02,moving_support_variable_length,10.0,43014,1.5666666666666667,0.8475852458920158,0.45818075162782057,2.267757034946721,-3.2783419131575005,0.9582262108305054,3.982847768406707,0.005998726299197206,-127.51674875866233,-1044.0814228873987
S43A13T02,moving_support_variable_length,10.0,43014,1.6,0.8408332420161058,0.4581567402761856,2.318663397081878,-3.4910598818086793,0.9580878141058828,4.191243548988388,-0.0006087707677154969,-128.5890394795129,-1010.7833293730511
S43A13T02,moving_support_variable_length,10.0,43014,1.6333333333333333,0.8341096909977275,0.45837282228133364,2.373481838345342,-3.7113063379170113,0.9561512383787433,4.408062115374336,-0.005008623929940698,-129.66678011042563,-969.2621482851696
S43A13T02,moving_support_variable_length,10.0,43014,1.6666666666666667,0.8274777644845742,0.4588041951359155,2.4317983780314614,-3.939190828452568,0.9529331871706546,4.6334163970246145,-0.007735004656862433,-130.74986988236927,-927.8343232243047
S43A13T02,moving_support_variable_length,10.0,43014,1.7,0.8210270371771738,0.4594256087561702,2.4932381362830864,-4.17481865384658,0.9489422994531178,4.867415887020194,-0.009285914492492157,-131.8381979065174,-894.6386113897967
S43A13T02,moving_support_variable_length,10.0,43014,1.7333333333333334,0.8148694799259751,0.4602082653889181,2.557497023846292,-4.4182909591789,0.9446435473192437,5.110166653902424,-0.010090994254216983,-132.93164318603405,-876.7353841507945
S43A13T02,moving_support_variable_length,10.0,43014,1.7666666666666666,0.8091327468801045,0.4611175869163482,2.6243616510933547,-4.669704842159255,0.9404321534064617,5.361771366891109,-0.010491073050208875,-134.0300746478316,-879.3717493624636
S43A13T02,moving_support_variable_length,10.0,43014,1.8,0.8039513175719293,0.46211214851159343,2.693717158484588,-4.929153472547084,0.9366177987887433,5.622329331122105,-0.01072976310066736,-135.1333511946689,-905.5154313618796
S43A13T03,moving_support_variable_length,0.0,43013,0.0,0.2278421088214414,0.9143167186256079,0.2278421088214414,0.9143167186256079,0.9422776069240426,0.9422776069245732,0.0,0.0,-142.79083397118694
S43A13T03,moving_support_variable_length,0.0,43013,0.03333333333333333,0.2561789886147638,0.8951419540845909,0.25026797765190756,0.9027406928306244,0.9303125107205851,0.9360461874381816,0.0027973601551237112,0.0,-162.64716307797272
S43A13T03,moving_support_variable_length,0.0,43013,0.06666666666666667,0.286808084403808,0.8722057818736488,0.271931802572485,0.8898569299237915,0.916599575187847,0.9290286378117267,0.005006992672923427,0.0,-180.8929013844549
S43A13T03,moving_support_variable_length,0.0,43013,0.1,0.3197001728976828,0.845554196648782,0.29265552560802277,0.8756856753425736,0.9017254696999034,0.9212808597617982,0.006416079405618641,0.0,-196.53159573165973
S43A13T03,moving_support_variable_length,0.0,43013,0.13333333333333333,0.35476766564781576,0.8154400949780847,0.31230955705643243,0.8602471945162037,0.8865563929508267,0.9128661565587894,0.006860078228235547,0.0,-208.64898107224448
S43A13T03,moving_support_variable_length,0.0,43013,0.16666666666666666,0.3918574081016515,0.7823327936669822,0.3308347151885014,0.8435617560837043,0.8722051291949712,0.9038557057190905,0.006244665382700937,0.0,-216.50493258003866
S43A13T03,moving_support_variable_length,0.0,43013,0.2,0.4307466258355881,0.7469111447101852,0.3482624455860423,0.8256496157077257,0.8599454745963606,0.8943291134337203,0.0045659585283053875,0.0,-219.6258220537161
S43A13T03,moving_support_variable_length,0.0,43013,0.23333333333333334,0.4711428241913908,0.710039149089667,0.3647313673444379,0.8065310005164782,0.8510693387440418,0.884375041830533,0.0019270677314845441,0.0,-217.88840083002177
S43A13T03,moving_support_variable_length,0.0,43013,0.26666666666666666,0.512688145318675,0.6727246252526453,0.3804980742538683,0.7862260942010819,0.8466980467783551,0.8740918950547057,-0.001451097491061877,0.0,-211.58392478624688
S43A13T03,moving_support_variable_length,0.0,43013,0.3,0.5549682901002458,0.6360632446176193,0.3959401857523047,0.7647550227907136,0.8475818289930638,0.8635885429444665,-0.005226770290091422,0.0,-201.44985773244431
S43A13T03,moving_support_variable_length,0.0,43013,0.3333333333333333,0.5975256664665799,0.6011719028062564,0.4115499632642844,0.7421378411230701,0.8539395480998144,0.8529850513882237,-0.008943702162389142,0.0,-188.65742728400141
S43A13T03,moving_support_variable_length,0.0,43013,0.36666666666666664,0.6398759860018178,0.5691167397400759,0.42791742273681854,0.7183945200229224,0.8653893926755355,0.842413375981483,-0.012048041399350187,0.0,-174.7474305923277
S43A13T03,moving_support_variable_length,0.0,43013,0.4,0.681527154950029,0.5408419647868359,0.44570277065336916,0.6935449341969341,0.8809943561354888,0.832017960299834,-0.013915887051326875,0.0,-161.5138220025264
S43A13T03,moving_support_variable_length,0.0,43013,0.43333333333333335,0.7219990437635018,0.5171058486710594,0.46559909034869307,0.6676088508485227,0.8994064788464099,0.8219561623616305,-0.013890591617430201,0.0,-150.84343764783722
S43A13T03,moving_support_variable_length,0.0,43013,0.4666666666666667,0.7608426067771872,0.49842975428586206,0.4882873730181188,0.6406059190123597,0.9190643234215543,0.812398413804924,-0.011327718105124299,0.0,-144.52869517115008
S43A13T03,moving_support_variable_length,0.0,43013,0.5,0.7976568771548359,0.48506492829230685,0.5143870573111282,0.6125556596041765,0.9383928107655584,0.8035279981617893,-0.005644487612624366,0.0,-144.07620414171492
S43A13T03,moving_support_variable_length,0.0,43013,0.5333333333333333,0.8321025778622805,0.476980089033203,0.544406050226419,0.58347745617789,0.9559688251676786,0.7955403209873841,0.0036302552356587206,0.0,-150.5365101976243
S43A13T03,moving_support_variable_length,0.0,43013,0.5666666666666667,0.8639114427887821,0.4738708209528272,0.5786946233616322,0.5533905463786927,0.9706361259240913,0.7886415406298902,0.016809953002332696,0.0,-164.378276123401
S43A13T03,moving_support_variable_length,0.0,43013,0.6,0.8928907913517522,0.4751896613690266,0.6174075414796932,0.5223140140776903,0.9815687287942344,0.7830464405056293,0.03401247920577713,0.0,-185.4246842104592
S43A13T03,moving_support_variable_length,0.0,43014,0.0,0.2278421088214414,0.9143167186256079,0.2278421088214414,0.9143167186256079,0.9422776069240426,0.9422776069245732,0.0,0.0,-138.96221523649396
S43A13T03,moving_support_variable_length,0.0,43014,0.03333333333333333,0.2561789886147638,0.8951419540845909,0.2502987898616022,0.9026995685175931,0.9303125107205851,0.9360146733409683,0.0027973601551237112,0.0,-158.31568345891264
S43A13T03,moving_support_variable_length,0.0,43014,0.06666666666666667,0.286808084403808,0.8722057818736488,0.2720602341216398,0.8896875486974143,0.916599575187847,0.9289033147085224,0.005006992672923427,0.0,-176.09410431610382
S43A13T03,moving_support_variable_length,0.0,43014,0.1,0.3197001728976828,0.845554196648782,0.29295613955869537,0.8752938738096258,0.9017254696999034,0.921001938978518,0.006416079405618641,0.0,-191.30746562041102
S43A13T03,moving_support_variable_length,0.0,43014,0.13333333333333333,0.35476766564781576,0.8154400949780847,0.31286462787233793,0.8595321865954424,0.8865563929508267,0.9123784106375119,0.006860078228235547,0.0,-203.0498849684383
S43A13T03,moving_support_variable_length,0.0,43014,0.16666666666666666,0.3918574081016515,0.7823327936669822,0.33173415919105387,0.8424165582485786,0.8722051291949712,0.9031107729354128,0.006244665382700937,0.0,-210.59280037709206
S43A13T03,moving_support_variable_length,0.0,43014,0.2,0.4307466258355881,0.7469111447101852,0.34960372696206377,0.8239614880665563,0.8599454745963606,0.8932880808919381,0.0045659585283053875,0.0,-213.4783784922535
S43A13T03,moving_support_variable_length,0.0,43014,0.23333333333333334,0.4711428241913908,0.710039149089667,0.36661938032650104,0.8041819023829527,0.8510693387440418,0.8830113334420834,0.0019270677314845441,0.0,-211.6039706785275
S43A13T03,moving_support_variable_length,0.0,43014,0.26666666666666666,0.512688145318675,0.6727246252526453,0.38304500214541387,0.7830931527681743,0.8466980467783551,0.8723944844788175,-0.001451097491061877,0.0,-205.28602004404607
S43A13T03,moving_support_variable_length,0.0,43014,0.3,0.5549682901002458,0.6360632446176193,0.3992653375160556,0.7607110134885648,0.8475818289930638,0.8615655003081653,-0.005226770290091422,0.0,-195.29048270329497
S43A13T03,moving_support_variable_length,0.0,43014,0.3333333333333333,0.5975256664665799,0.6011719028062564,0.4157795884341339,0.7370516782160008,0.8539395480998144,0.8506674144089227,-0.008943702162389142,0.0,-182.81788364532292
S43A13T03,moving_support_variable_length,0.0,43014,0.36666666666666664,0.6398759860018178,0.5691167397400759,0.4331845054503904,0.7121317559825595,0.8653893926755355,0.839859308845303,-0.012048041399350187,0.0,-169.43545147073306
S43A13T03,moving_support_variable_length,0.0,43014,0.4,0.681527154950029,0.5408419647868359,0.45214680363495807,0.6859682663773714,0.8809943561354888,0.8293171251864488,-0.013915887051326875,0.0,-156.9561680445882
S43A13T03,moving_support_variable_length,0.0,43014,0.43333333333333335,0.7219990437635018,0.5171058486710594,0.47336582970045304,0.6585786339853685,0.8994064788464099,0.8192341773013041,-0.013890591617430201,0.0,-147.27365598118774
S43A13T03,moving_support_variable_length,0.0,43014,0.4666666666666667,0.7608426067771872,0.49842975428586206,0.4975285747013471,0.6299806820703004,0.9190643234215543,0.809821206508885,-0.011327718105124299,0.0,-142.1705184136233
S43A13T03,moving_support_variable_length,0.0,43014,0.5,0.7976568771548359,0.48506492829230685,0.5252601962194924,0.6001926255071004,0.9383928107655584,0.8013057912114365,-0.005644487612624366,0.0,-143.12393834795722
S43A13T03,moving_support_variable_length,0.0,43014,0.5333333333333333,0.8321025778622805,0.476980089033203,0.5570740227692015,0.5692330629714248,0.9559688251676786,0.7939309061892932,0.0036302552356587206,0.0,-151.13457924296227
S43A13T03,moving_support_variable_length,0.0,43014,0.5666666666666667,0.8639114427887821,0.4738708209528272,0.5933254344877378,0.5371209683969498,0.9706361259240913,0.7879524319938518,0.016809953002332696,0.0,-166.60270065957678
S43A13T03,moving_support_variable_length,0.0,43014,0.6,0.8928907913517522,0.4751896613690266,0.6341739770825087,0.5038756817137652,0.9815687287942344,0.7836354548877645,0.03401247920577713,0.0,-189.26954126393875
S43A13T03,moving_support_variable_length,0.01,43013,0.0,0.2278421088214414,0.9143167186256079,0.2278421088214414,0.9143167186256079,0.9422776069240426,0.9422776069245732,0.0,-199.27101787416345,50.207032457944564
S43A13T03,moving_support_variable_length,0.01,43013,0.03333333333333333,0.2561789886147638,0.8951419540845909,0.25020385117350225,0.902733464117732,0.9303125107205851,0.936022264178063,0.0027973601551237112,-202.2675170508728,34.146384163414155
S43A13T03,moving_support_variable_length,0.01,43013,0.06666666666666667,0.286808084403808,0.8722057818736488,0.2716831170590498,0.8898225265935902,0.916599575187847,0.9289242617953335,0.005006992672923427,-205.25268805922218,19.74629890401551
S43A13T03,moving_support_variable_length,0.01,43013,0.1,0.3197001728976828,0.845554196648782,0.29211343182841365,0.8755960342403185,0.9017254696999034,0.9210273570094255,0.006416079405618641,-208.2261888883677,7.99457303605228
S43A13T03,moving_support_variable_length,0.01,43013,0.13333333333333333,0.35476766564781576,0.8154400949780847,0.31137658255248934,0.8600662968229481,0.8865563929508267,0.9123838755357323,0.006860078228235547,-211.18768358920232,-0.20324528275942555
S43A13T03,moving_support_variable_length,0.01,43013,0.16666666666666666,0.3918574081016515,0.7823327936669822,0.32942454584418734,0.843245797847291,0.8722051291949712,0.9030552091224628,0.006244665382700937,-214.13684241028858,-4.116402863465176
S43A13T03,moving_support_variable_length,0.01,43013,0.2,0.4307466258355881,0.7469111447101852,0.3462996963636095,0.82514718659028,0.8599454745963606,0.8931124381138932,0.0045659585283053875,-217.07334192673954,-3.281963744198748
S43A13T03,moving_support_variable_length,0.01,43013,0.23333333333333334,0.4711428241913908,0.710039149089667,0.362151343250578,0.805783270013243,0.8510693387440418,0.882637075420861,0.0019270677314845441,-219.99686516197437,2.4107092035416784
S43A13T03,moving_support_variable_length,0.01,43013,0.26666666666666666,0.512688145318675,0.6727246252526453,0.3772465226095202,0.7851670045737432,0.8466980467783551,0.8717219238622769,-0.001451097491061877,-222.90710170228346,12.655478617543057
S43A13T03,moving_support_variable_length,0.01,43013,0.3,0.5549682901002458,0.6360632446176193,0.39197304084381246,0.7633114879516887,0.8475818289930638,0.8604720318550917,-0.005226770290091422,-225.80374780415679,26.697826149319887
S43A13T03,moving_support_variable_length,0.01,43013,0.3333333333333333,0.5975256664665799,0.6011719028062564,0.4068330844511587,0.7402299507054535,0.8539395480998144,0.8490057221297662,-0.008943702162389142,-228.68650649433704,43.34801864700678
S43A13T03,moving_support_variable_length,0.01,43013,0.36666666666666664,0.6398759860018178,0.5691167397400759,0.4224263270827146,0.7159357478737152,0.8653893926755355,0.8374556537228612,-0.012048041399350187,-231.5550876625778,61.046753314157804
S43A13T03,moving_support_variable_length,0.01,43013,0.4,0.681527154950029,0.5408419647868359,0.4394223611323711,0.690442350538631,0.8809943561354888,0.8259698582179461,-0.013915887051326875,-234.40920814709455,77.9837282335663
S43A13T03,moving_support_variable_length,0.01,43013,0.43333333333333335,0.7219990437635018,0.5171058486710594,0.45852338065893955,0.6637633373658334,0.8994064788464099,0.8147126666708747,-0.013890591617430201,-237.24859181271444,92.26060184785435
S43A13T03,moving_support_variable_length,0.01,43013,0.4666666666666667,0.7608426067771872,0.49842975428586206,0.4804192100095976,0.6359123861365351,0.9190643234215543,0.8038654142038499,-0.011327718105124299,-240.07296962173817,102.08115784410957
S43A13T03,moving_support_variable_length,0.01,43013,0.5,0.7976568771548359,0.48506492829230685,0.505737842004519,0.6069032652867932,0.9383928107655584,0.7936267765526994,-0.005644487612624366,-242.88207969754433,105.9452634937987
S43A13T03,moving_support_variable_length,0.01,43013,0.5333333333333333,0.8321025778622805,0.476980089033203,0.5349954583656015,0.5767498254686863,0.9559688251676786,0.784212560646975,0.0036302552356587206,-245.67566738097477,102.8208576633811
S43A13T03,moving_support_variable_length,0.01,43013,0.5666666666666667,0.8639114427887821,0.4738708209528272,0.5685503264043446,0.545465991147831,0.9706361259240913,0.7758547461617266,0.016809953002332696,-248.45348527955358,92.2701491628104
S43A13T03,moving_support_variable_length,0.01,43013,0.6,0.8928907913517522,0.4751896613690266,0.6065649288892789,0.513065752251282,0.9815687287942344,0.7687995667095247,0.03401247920577713,-251.21529330960314,74.51184654399191
S43A13T03,moving_support_variable_length,0.01,43014,0.0,0.2278421088214414,0.9143167186256079,0.2278421088214414,0.9143167186256079,0.9422776069240426,0.9422776069245732,0.0,-192.15595493079027,48.015858282292484
S43A13T03,moving_support_variable_length,0.01,43014,0.03333333333333333,0.2561789886147638,0.8951419540845909,0.25024924743420524,0.9027103445686211,0.9303125107205851,0.9360119671832074,0.0027973601551237112,-194.90253176239062,31.801282021548133
S43A13T03,moving_support_variable_length,0.01,43014,0.06666666666666667,0.286808084403808,0.8722057818736488,0.2718658387738571,0.8897276820923251,0.916599575187847,0.9288858875150937,0.005006992672923427,-197.64846597019593,17.218244427945088
S43A13T03,moving_support_variable_length,0.01,43014,0.1,0.3197001728976828,0.845554196648782,0.2925272451431884,0.8753774448243307,0.9017254696999034,0.9209480278864194,0.006416079405618641,-200.39352621706337,5.25252306583171
S43A13T03,moving_support_variable_length,0.01,43014,0.13333333333333333,0.35476766564781576,0.8154400949780847,0.3121172561551302,0.8596687156623021,0.8865563929508267,0.9122566773476442,0.006860078228235547,-203.13747991249983,-3.193668931308551
S43A13T03,moving_support_variable_length,0.01,43014,0.16666666666666666,0.3918574081016515,0.7823327936669822,0.330590003270785,0.8426109483959255,0.8722051291949712,0.9028804508723269,0.006244665382700937,-205.8800933119873,-7.394894266669439
S43A13T03,moving_support_variable_length,0.01,43014,0.2,0.4307466258355881,0.7469111447101852,0.34799015461372046,0.8242139687800463,0.8599454745963606,0.8928991235240791,0.0045659585283053875,-208.62113161869604,-6.896067105529603
S43A13T03,moving_support_variable_length,0.01,43014,0.23333333333333334,0.4711428241913908,0.710039149089667,0.36446943733825626,0.8044879750471099,0.8510693387440418,0.8824045964048988,0.0019270677314845441,-211.36035908748246,-1.5972202232054613
S43A13T03,moving_support_variable_length,0.01,43014,0.26666666666666666,0.512688145318675,0.6727246252526453,0.3802974157123048,0.7834435378485518,0.8466980467783551,0.8715019818282895,-0.001451097491061877,-214.0975391310618,8.182167778775764
S43A13T03,moving_support_variable_length,0.01,43014,0.3,0.5549682901002458,0.6360632446176193,0.39586451974876175,0.7610915996163558,0.8475818289930638,0.8603107845148837,-0.005226770290091422,-216.83243442824073,21.672291771786902
S43A13T03,moving_support_variable_length,0.01,43014,0.3333333333333333,0.5975256664665799,0.6011719028062564,0.4116756400351035,0.7374434733376526,0.8539395480998144,0.8489661403141779,-0.008943702162389142,-219.56480703408806,37.667567368198576
S43A13T03,moving_support_variable_length,0.01,43014,0.36666666666666664,0.6398759860018178,0.5691167397400759,0.42833321960304443,0.7125108407369575,0.8653893926755355,0.8376200530137428,-0.012048041399350187,-222.29441849191846,54.59428184650262
S43A13T03,moving_support_variable_length,0.01,43014,0.4,0.681527154950029,0.5408419647868359,0.44650967014470877,0.6863057498624159,0.8809943561354888,0.8264425424761802,-0.013915887051326875,-225.021029946957,70.63162657451605
S43A13T03,moving_support_variable_length,0.01,43014,0.43333333333333335,0.7219990437635018,0.5171058486710594,0.4669100394188617,0.6588406120742585,0.8994064788464099,0.8156225836281632,-0.013890591617430201,-227.74440226154883,83.87726548665107
S43A13T03,moving_support_variable_length,0.01,43014,0.4666666666666667,0.7608426067771872,0.49842975428586206,0.4902270242569539,0.6301281984355392,0.9190643234215543,0.8053686770979543,-0.011327718105124299,-230.46429613177207,92.53983736837249
S43A13T03,moving_support_variable_length,0.01,43014,0.5,0.7976568771548359,0.48506492829230685,0.5170914930707353,0.6001816355071334,0.9383928107655584,0.7959088522576008,-0.005644487612624366,-233.18047220531074,95.13451281237872
S43A13T03,moving_support_variable_length,0.01,43014,0.5333333333333333,0.8321025778622805,0.476980089033203,0.5480224905864605,0.5690144005509007,0.9559688251676786,0.7874898691066086,0.0036302552356587206,-235.89269120043727,90.65540610682099
S43A13T03,moving_support_variable_length,0.01,43014,0.5666666666666667,0.8639114427887821,0.4738708209528272,0.5833811188629519,0.5366403161468625,0.9706361259240913,0.7803753679479292,0.016809953002332696,-238.60071402595239,78.70070050517464
S43A13T03,moving_support_variable_length,0.01,43014,0.6,0.8928907913517522,0.4751896613690266,0.6233326515560803,0.5030735442321889,0.9815687287942344,0.7748427301371079,0.03401247920577713,-241.30430190192746,59.532170832957874
S43A13T03,moving_support_variable_length,0.1,43013,0.0,0.2278421088214414,0.9143167186256079,0.2278421088214414,0.9143167186256079,0.9422776069240426,0.9422776069245732,0.0,-78.66375872189248,-85.33974122812968
S43A13T03,moving_support_variable_length,0.1,43013,0.03333333333333333,0.2561789886147638,0.8951419540845909,0.2500451745296527,0.9026999731524292,0.9303125107205851,0.9359480344780783,0.0027973601551237112,-87.99061051481237,-93.6800957739029
S43A13T03,moving_support_variable_length,0.1,43013,0.06666666666666667,0.286808084403808,0.8722057818736488,0.2710625902601002,0.8896875637170631,0.916599575187847,0.9286170050355922,0.005006992672923427,-97.300301967727,-100.21459518377026
S43A13T03,moving_support_variable_length,0.1,43013,0.1,0.3197001728976828,0.845554196648782,0.2907491227401261,0.8752902107504678,0.9017254696999034,0.9203142031765352,0.006416079405618641,-106.58848028791795,-103.9748031768532
S43A13T03,moving_support_variable_length,0.1,43013,0.13333333333333333,0.35476766564781576,0.8154400949780847,0.30900774096515826,0.8595189358752714,0.8865563929508267,0.9110795855612966,0.006860078228235547,-115.85082167383821,-104.07597921866855
S43A13T03,moving_support_variable_length,0.1,43013,0.16666666666666666,0.3918574081016515,0.7823327936669822,0.32581151711842393,0.842385052062033,0.8722051291949712,0.9009636777733249,0.006244665382700937,-125.083042770525,-99.81037654804672
S43A13T03,moving_support_variable_length,0.1,43013,0.2,0.4307466258355881,0.7469111447101852,0.34122380855381923,0.8239001533648301,0.8599454745963606,0.8900280729838761,0.0045659585283053875,-134.28091198683433,-90.74081346532671
S43A13T03,moving_support_variable_length,0.1,43013,0.23333333333333334,0.4711428241913908,0.710039149089667,0.35541476815170076,0.8040761042606608,0.8510693387440418,0.8783461366638858,0.0019270677314845441,-143.44026059739556,-76.78532373809132
S43A13T03,moving_support_variable_length,0.1,43013,0.26666666666666666,0.512688145318675,0.6727246252526453,0.3686721112366093,0.782925028618353,0.8466980467783551,0.8660039203588608,-0.001451097491061877,-152.556993553779,-58.28124592938045
S43A13T03,moving_support_variable_length,0.1,43013,0.3,0.5549682901002458,0.6360632446176193,0.3814041339156582,0.7604592983237582,0.8475818289930638,0.8531012838432599,-0.005226770290091422,-161.6270999319416,-36.015754643977544
S43A13T03,moving_support_variable_length,0.1,43013,0.3333333333333333,0.5975256664665799,0.6011719028062564,0.3941332985081764,0.7366915215889731,0.8539395480998144,0.8397532175893436,-0.008943702162389142,-170.6466629465183,-11.210884106124105
S43A13T03,moving_support_variable_length,0.1,43013,0.36666666666666664,0.6398759860018178,0.5691167397400759,0.40747931692550615,0.7116345309741844,0.8653893926755355,0.8260913448637989,-0.012048041399350187,-179.611869466913,14.544577658852873
S43A13T03,moving_support_variable_length,0.1,43013,0.4,0.681527154950029,0.5408419647868359,0.4221315593205218,0.6853013711514474,0.8809943561354888,0.8122655629721501,-0.013915887051326875,-188.51901897533253,39.41653191949915
S43A13T03,moving_support_variable_length,0.1,43013,0.43333333333333335,0.7219990437635018,0.5171058486710594,0.43881171485956244,0.6577052864403019,0.8994064788464099,0.7984457540134512,-0.013890591617430201,-197.3645319128151,61.49142989808095
S43A13T03,moving_support_variable_length,0.1,43013,0.4666666666666667,0.7608426067771872,0.49842975428586206,0.45822879903171,0.6288597081455924,0.9190643234215543,0.784823454870988,-0.011327718105124299,-206.14495736582384,78.96888490290478
S43A13T03,moving_support_variable_length,0.1,43013,0.5,0.7976568771548359,0.48506492829230685,0.48102967139839603,0.5987782417281854,0.9383928107655584,0.771613322731782,-0.005644487612624366,-214.8569800529926,90.35711719218237
S43A13T03,moving_support_variable_length,0.1,43013,0.5333333333333333,0.8321025778622805,0.476980089033203,0.5077490365056792,0.567474653839479,0.9559688251676786,0.7590541669607033,0.0036302552356587206,-223.4974265790057,94.64502554292042
S43A13T03,moving_support_variable_length,0.1,43013,0.5666666666666667,0.8639114427887821,0.4738708209528272,0.5387633220099329,0.5349628592506697,0.9706361259240913,0.7474092454586282,0.016809953002332696,-232.06327093022972,91.4267731556589
S43A13T03,moving_support_variable_length,0.1,43013,0.6,0.8928907913517522,0.4751896613690266,0.5742527909692238,0.5012569077076744,0.9815687287942344,0.7369654550790872,0.03401247920577713,-240.55163919447722,80.96063187981339
S43A13T03,moving_support_variable_length,0.1,43014,0.0,0.2278421088214414,0.9143167186256079,0.2278421088214414,0.9143167186256079,0.9422776069240426,0.9422776069245732,0.0,-125.2924112713845,-36.78490984018096
S43A13T03,moving_support_variable_length,0.1,43014,0.03333333333333333,0.2561789886147638,0.8951419540845909,0.2500590693793398,0.902681377371763,0.9303125107205851,0.9359337700410558,0.0027973601551237112,-134.07191573787546,-46.033665485790294
S43A13T03,moving_support_variable_length,0.1,43014,0.06666666666666667,0.286808084403808,0.8722057818736488,0.2711129123970058,0.8896128128098006,0.916599575187847,0.9285598081053074,0.005006992672923427,-142.84326267627807,-53.451546347196135
S43A13T03,moving_support_variable_length,0.1,43014,0.1,0.3197001728976828,0.845554196648782,0.2908507939301317,0.8751212782299361,0.9017254696999034,0.9201849588199312,0.006416079405618641,-151.60382205930654,-58.06307385840244
S43A13T03,moving_support_variable_length,0.1,43014,0.13333333333333333,0.35476766564781576,0.8154400949780847,0.3091684467789467,0.8592174489911152,0.8865563929508267,0.9108484914339993,0.006860078228235547,-160.3509699611089,-58.97786785168382
S43A13T03,moving_support_variable_length,0.1,43014,0.16666666666666666,0.3918574081016515,0.7823327936669822,0.32603208997322,0.8419124227214206,0.8722051291949712,0.9006000913057298,0.006244665382700937,-169.08209301241237,-55.48438043065876
S43A13T03,moving_support_variable_length,0.1,43014,0.2,0.4307466258355881,0.7469111447101852,0.3414986182996159,0.823217718878289,0.8599454745963606,0.8895004383904166,0.0045659585283053875,-177.7945928314395,-47.14377816444892
S43A13T03,moving_support_variable_length,0.1,43014,0.23333333333333334,0.4711428241913908,0.710039149089667,0.35573211915358877,0.8031452776593581,0.8510693387440418,0.8776219866430679,0.0019270677314845441,-186.4858904103022,-33.874680646242055
S43A13T03,moving_support_variable_length,0.1,43014,0.26666666666666666,0.512688145318675,0.6727246252526453,0.36901464488145314,0.7817074582566033,0.8466980467783551,0.8650499503303944,-0.001451097491061877,-195.15343043694944,-16.01702253200217
S43A13T03,moving_support_variable_length,0.1,43014,0.3,0.5549682901002458,0.6360632446176193,0.3817492354523385,0.7589170364483213,0.8475818289930638,0.8518834998008048,-0.005226770290091422,-203.79468553329252,5.63802359024647
S43A13T03,moving_support_variable_length,0.1,43014,0.3333333333333333,0.5975256664665799,0.6011719028062564,0.3944535071160311,0.7347872015254792,0.8539395480998144,0.8382371621326883,-0.008943702162389142,-212.40716039085441,29.864025832763218
S43A13T03,moving_support_variable_length,0.1,43014,0.36666666666666664,0.6398759860018178,0.5691167397400759,0.40774273789553717,0.7093315525509694,0.8653893926755355,0.8242424096261836,-0.012048041399350187,-220.98839578617168,55.06873223501868
S43A13T03,moving_support_variable_length,0.1,43014,0.4,0.681527154950029,0.5408419647868359,0.4223022772284427,0.6825640939523674,0.8809943561354888,0.8100493992353974,-0.013915887051326875,-229.5359724592072,79.41703038239145
S43A13T03,moving_support_variable_length,0.1,43014,0.43333333333333335,0.7219990437635018,0.5171058486710594,0.4388502066088633,0.654499230450881,0.8994064788464099,0.7958287963126095,-0.013890591617430201,-238.04751483919355,100.99828337558601
S43A13T03,moving_support_variable_length,0.1,43014,0.4666666666666667,0.7608426067771872,0.49842975428586206,0.4580923456486112,0.625151761331302,0.9190643234215543,0.7817735739657553,-0.011327718105124299,-246.52069460360278,118.02010542285943
S43A13T03,moving_support_variable_length,0.1,43014,0.5,0.7976568771548359,0.48506492829230685,0.4806727674688245,0.5945368740599016,0.9383928107655584,0.768100623100824,-0.005644487612624366,-254.95323405731114,129.00438710452045
S43A13T03,moving_support_variable_length,0.1,43014,0.5333333333333333,0.8321025778622805,0.476980089033203,0.5071237961571681,0.5626701372593428,0.9559688251676786,0.7550519380242178,0.0036302552356587206,-263.3429093204763,132.95914424281057
S43A13T03,moving_support_variable_length,0.1,43014,0.5666666666666667,0.8639114427887821,0.4738708209528272,0.537819880358544,0.5295674930518153,0.9706361259240913,0.7428950626447244,0.016809953002332696,-271.6875533151538,129.50195599603617
S43A13T03,moving_support_variable_length,0.1,43014,0.6,0.8928907913517522,0.4751896613690266,0.5729396999731071,0.495245248783702,0.9815687287942344,0.7319224041712545,0.03401247920577713,-279.9850585422211,118.91674587195939
S43A13T03,moving_support_variable_length,1.0,43013,0.0,0.2278421088214414,0.9143167186256079,0.2278421088214414,0.9143167186256079,0.9422776069240426,0.9422776069245732,0.0,-88.44017955826403,-97.67444251854626
S43A13T03,moving_support_variable_length,1.0,43013,0.03333333333333333,0.2561789886147638,0.8951419540845909,0.24974558193157087,0.9024204195741328,0.9303125107205851,0.9355992934498738,0.0027973601551237112,-96.73317193924105,-106.56325828008569
S43A13T03,moving_support_variable_length,1.0,43013,0.06666666666666667,0.286808084403808,0.8722057818736488,0.2698629142220027,0.8885969248004385,0.916599575187847,0.9272287495248451,0.005006992672923427,-105.05400364589633,-113.28405425076468
S43A13T03,moving_support_variable_length,1.0,43013,0.1,0.3197001728976828,0.845554196648782,0.2880474917217605,0.8728991163284868,0.9017254696999034,0.9172072392274484,0.006416079405618641,-113.39969278579827,-116.86008950807243
S43A13T03,moving_support_variable_length,1.0,43013,0.13333333333333333,0.35476766564781576,0.8154400949780847,0.30420163226781866,0.8553811992075838,0.8865563929508267,0.9055876521449917,0.006860078228235547,-121.76711029343113,-116.41279442529654
S43A13T03,moving_support_variable_length,1.0,43013,0.16666666666666666,0.3918574081016515,0.7823327936669822,0.3182984328429559,0.8360986335130233,0.8722051291949712,0.8924340192694828,0.006244665382700937,-130.15298255506255,-111.25861595777891
S43A13T03,moving_support_variable_length,1.0,43013,0.2,0.4307466258355881,0.7469111447101852,0.3304018952216157,0.815108060578461,0.8599454745963606,0.877821284807897,0.0045659585283053875,-138.5538952408574,-101.00357497893904
S43A13T03,moving_support_variable_length,1.0,43013,0.23333333333333334,0.4711428241913908,0.710039149089667,0.340683377617613,0.7924672237532597,0.8510693387440418,0.861835331262223,0.0019270677314845441,-146.96629839156253,-85.6255205757831
S43A13T03,moving_support_variable_length,1.0,43013,0.26666666666666666,0.512688145318675,0.6727246252526453,0.34943230092617195,0.768234884027194,0.8466980467783551,0.8445732628505969,-0.001451097491061877,-155.38651279246278,-65.53197300348847
S43A13T03,moving_support_variable_length,1.0,43013,0.3,0.5549682901002458,0.6360632446176193,0.35705910483798664,0.7424707309117127,0.8475818289930638,0.8261439593550813,-0.005226770290091422,-163.8107376509045,-41.580664664448115
S43A13T03,moving_support_variable_length,1.0,43013,0.3333333333333333,0.5975256664665799,0.6011719028062564,0.3640887699261733,0.71523528901079,0.8539395480998144,0.806668918379686,-0.008943702162389142,-172.23505957572732,-15.051694678647564
S43A13T03,moving_support_variable_length,1.0,43013,0.36666666666666664,0.6398759860018178,0.5691167397400759,0.37114383700229486,0.6865898207545792,0.8653893926755355,0.7862834079629216,-0.012048041399350187,-180.65546283773324,12.434644664882782
S43A13T03,moving_support_variable_length,1.0,43013,0.4,0.681527154950029,0.5408419647868359,0.378916751500877,0.6565962258050423,0.8809943561354888,0.7651379520415338,-0.013915887051326875,-189.06784087021373,39.05223032148693
S43A13T03,moving_support_variable_length,1.0,43013,0.43333333333333335,0.7219990437635018,0.5171058486710594,0.3881324601830558,0.6253169376739125,0.8994064788464099,0.7434001659415043,-0.013890591617430201,-197.46800894795848,62.94409239203837
S43A13T03,moving_support_variable_length,1.0,43013,0.4666666666666667,0.7608426067771872,0.49842975428586206,0.39950335500589335,0.5928148181192907,0.9190643234215543,0.721256943964048,-0.011327718105124299,-205.85171796254446,82.41792690575001
S43A13T03,moving_support_variable_length,1.0,43013,0.5,0.7976568771548359,0.48506492829230685,0.4136797284812546,0.5591530499074746,0.9383928107655584,0.6989169703366609,-0.005644487612624366,-214.2146691915456,96.13656514459583
S43A13T03,moving_support_variable_length,1.0,43013,0.5333333333333333,0.8321025778622805,0.476980089033203,0.4311997136526152,0.5243950285409774,0.9559688251676786,0.676613469959372,0.0036302552356587206,-222.55252994011076,103.27675197728826
S43A13T03,moving_support_variable_length,1.0,43013,0.5666666666666667,0.8639114427887821,0.4738708209528272,0.4524431031277262,0.48860425356189546,0.9706361259240913,0.6546070256940042,0.016809953002332696,-230.86094991565736,103.63310974509996
S43A13T03,moving_support_variable_length,1.0,43013,0.6,0.8928907913517522,0.4751896613690266,0.4775934044840723,0.4518442200417039,0.9815687287942344,0.6331881524924832,0.03401247920577713,-239.13557818070032,97.65140700758339
S43A13T03,moving_support_variable_length,1.0,43014,0.0,0.2278421088214414,0.9143167186256079,0.2278421088214414,0.9143167186256079,0.9422776069240426,0.9422776069245732,0.0,-92.23811435188128,-90.74019575482836
S43A13T03,moving_support_variable_length,1.0,43014,0.03333333333333333,0.2561789886147638,0.8951419540845909,0.24977083599881036,0.9023953351016456,0.9303125107205851,0.9355817647776827,0.0027973601551237112,-100.40580500237077,-99.97449782703048
S43A13T03,moving_support_variable_length,1.0,43014,0.06666666666666667,0.286808084403808,0.8722057818736488,0.2699596711060692,0.8884925042318366,0.916599575187847,0.9271563254845744,0.005006992672923427,-108.5848330675738,-107.05884908098378
S43A13T03,moving_support_variable_length,1.0,43014,0.1,0.3197001728976828,0.845554196648782,0.28825566974847006,0.8726550481225687,0.9017254696999034,0.9170389237646508,0.006416079405618641,-116.77315548505396,-111.00869021920394
S43A13T03,moving_support_variable_length,1.0,43014,0.13333333333333333,0.35476766564781576,0.8154400949780847,0.3045549505869203,0.8549312509634353,0.8865563929508267,0.905278786288267,0.006860078228235547,-124.96870097294581,-110.93931786359872
S43A13T03,moving_support_variable_length,1.0,43014,0.16666666666666666,0.3918574081016515,0.7823327936669822,0.31882460993408535,0.8353708612318276,0.8722051291949712,0.8919364873868273,0.006244665382700937,-133.16937275003718,-106.16370294790997
S43A13T03,moving_support_variable_length,1.0,43014,0.2,0.4307466258355881,0.7469111447101852,0.33112291544217604,0.814025091697093,0.8599454745963606,0.8770839731874641,0.0045659585283053875,-141.37305137646857,-96.28793873091936
S43A13T03,moving_support_variable_length,1.0,43014,0.23333333333333334,0.4711428241913908,0.710039149089667,0.34161582613944946,0.7909466171342289,0.8510693387440418,0.8608048581100278,0.0019270677314845441,-149.57759770561367,-81.29409684107068
S43A13T03,moving_support_variable_length,1.0,43014,0.26666666666666666,0.512688145318675,0.6727246252526453,0.3505877669576165,0.7661895696577534,0.8466980467783551,0.8431950063512285,-0.001451097491061877,-157.7808559368449,-61.59814882716499
S43A13T03,moving_support_variable_length,1.0,43014,0.3,0.5549682901002458,0.6360632446176193,0.35844465256803987,0.7398095315872293,0.8475818289930638,0.8243634191495722,-0.005226770290091422,-165.98065675809235,-38.069843091174455
S43A13T03,moving_support_variable_length,1.0,43014,0.3333333333333333,0.5975256664665799,0.6011719028062564,0.3657074761624387,0.7118635257569284,0.8539395480998144,0.8044334557465067,-0.008943702162389142,-174.17482056638607,-12.003308115396788
S43A13T03,moving_support_variable_length,1.0,43014,0.36666666666666664,0.6398759860018178,0.5691167397400759,0.3729953940080788,0.6824100031833689,0.8653893926755355,0.7835444209463049,-0.012048041399350187,-182.3611607539372,14.967563973245625
S43A13T03,moving_support_variable_length,1.0,43014,0.4,0.681527154950029,0.5408419647868359,0.38099813307399966,0.6515088280059268,0.8809943561354888,0.7618535530285352,-0.013915887051326875,-190.53748704676957,41.006626820366705
S43A13T03,moving_support_variable_length,1.0,43014,0.43333333333333335,0.7219990437635018,0.5171058486710594,0.39043864856378196,0.6192212596174994,0.8994064788464099,0.7395384390474905,-0.013890591617430201,-198.7016088824709,64.25391938494786
S43A13T03,moving_support_variable_length,1.0,43014,0.4666666666666667,0.7608426067771872,0.49842975428586206,0.4020281257583363,0.5856099319042971,0.9190643234215543,0.7167998646777418,-0.011327718105124299,-206.85133881329182,83.02437123114215
S43A13T03,moving_support_variable_length,1.0,43014,0.5,0.7976568771548359,0.48506492829230685,0.41641649006588105,0.5507388295163398,0.9383928107655584,0.6938650641277192,-0.005644487612624366,-214.98449592059117,96.00053334480353
S43A13T03,moving_support_variable_length,1.0,43014,0.5333333333333333,0.8321025778622805,0.476980089033203,0.43414239800115434,0.5146732610931808,0.9559688251676786,0.6709912598192527,0.0036302552356587206,-223.09890922650393,102.39203803873812
S43A13T03,moving_support_variable_length,1.0,43014,0.5666666666666667,0.8639114427887821,0.4738708209528272,0.455587103149724,0.47747982937285016,0.9706361259240913,0.6484692552082886,0.016809953002332696,-231.19242108870327,102.03816258842873
S43A13T03,moving_support_variable_length,1.0,43014,0.6,0.8928907913517522,0.4751896613690266,0.48093655408010527,0.4392263981160776,0.9815687287942344,0.6266266492141052,0.03401247920577713,-239.26289056423067,95.4373791760537
S43A13T03,moving_support_variable_length,10.0,43013,0.0,0.2278421088214414,0.9143167186256079,0.2278421088214414,0.9143167186256079,0.9422776069240426,0.9422776069245732,0.0,-175.68505600736265,-57.0227950322807
S43A13T03,moving_support_variable_length,10.0,43013,0.03333333333333333,0.2561789886147638,0.8951419540845909,0.24918243923516736,0.9020946627536828,0.9303125107205851,0.9351365610235545,0.0027973601551237112,-176.82425882655994,-71.95024019991178
S43A13T03,moving_support_variable_length,10.0,43013,0.06666666666666667,0.286808084403808,0.8722057818736488,0.2676102296214471,0.8873219602999781,0.916599575187847,0.9253651826643567,0.005006992672923427,-177.95809515727393,-84.09357494940531
S43A13T03,moving_support_variable_length,10.0,43013,0.1,0.3197001728976828,0.845554196648782,0.28297987197425734,0.8700955258536156,0.9017254696999034,0.9129916513700598,0.006416079405618641,-179.08645770824117,-92.45795230034949
S43A13T03,moving_support_variable_length,10.0,43013,0.13333333333333333,0.35476766564781576,0.8154400949780847,0.295196305037154,0.8505162513584618,0.8865563929508267,0.8980621768654184,0.006860078228235547,-180.20924073615134,-96.1638518086571
S43A13T03,moving_support_variable_length,10.0,43013,0.16666666666666666,0.3918574081016515,0.7823327936669822,0.3042369144276512,0.8286890177134161,0.8722051291949712,0.8806388979432456,0.006244665382700937,-181.32634008075462,-94.54843253656327
S43A13T03,moving_support_variable_length,10.0,43013,0.2,0.4307466258355881,0.7469111447101852,0.3101717047560283,0.804722690077372,0.8599454745963606,0.8607981645274143,0.0045659585283053875,-182.43765319879827,-87.26155994095438
S43A13T03,moving_support_variable_length,10.0,43013,0.23333333333333334,0.4711428241913908,0.710039149089667,0.313179790726946,0.7787300955989448,0.8510693387440418,0.8386291310016789,0.0019270677314845441,-183.54307919677132,-74.34542181316175
S43A13T03,moving_support_variable_length,10.0,43013,0.26666666666666666,0.512688145318675,0.6727246252526453,0.3135601351399904,0.7508279823481157,0.8466980467783551,0.8142326054400408,-0.001451097491061877,-184.64251886243812,-56.284977773586235
S43A13T03,moving_support_variable_length,10.0,43013,0.3,0.5549682901002458,0.6360632446176193,0.3117345284300811,0.721136958307017,0.8475818289930638,0.7877201136975459,-0.005226770290091422,-185.73587469514285,-34.01642111855576
S43A13T03,moving_support_variable_length,10.0,43013,0.3333333333333333,0.5975256664665799,0.6011719028062564,0.30824112526219616,0.6897814093815036,0.8539395480998144,0.7592131502270607,-0.008943702162389142,-186.82305093486988,-8.883606916677696
S43A13T03,moving_support_variable_length,10.0,43013,0.36666666666666664,0.6398759860018178,0.5691167397400759,0.303717468951262,0.6568893955248756,0.8653893926755355,0.7288425999356919,-0.012048041399350187,-187.9039535900445,17.461395900960817
S43A13T03,moving_support_variable_length,10.0,43013,0.4,0.681527154950029,0.5408419647868359,0.2988728310129586,0.6225925242206027,0.8809943561354888,0.6967483285697074,-0.013915887051326875,-188.97849046406267,43.20849909551503
S43A13T03,moving_support_variable_length,10.0,43013,0.43333333333333335,0.7219990437635018,0.5171058486710594,0.29445079276427016,0.5870258007520923,0.8994064788464099,0.6630789546291291,-0.013890591617430201,-190.04657118053785,66.57554959966718
S43A13T03,moving_support_variable_length,10.0,43013,0.4666666666666667,0.7608426067771872,0.49842975428586206,0.2911841635399343,0.5503274548937537,0.9190643234215543,0.6279918360514494,-0.011327718105124299,-191.10810720725624,86.00678173394289
S43A13T03,moving_support_variable_length,10.0,43013,0.5,0.7976568771548359,0.48506492829230685,0.28974539966845614,0.5126387438874617,0.9383928107655584,0.5916533336705236,-0.005644487612624366,-192.1630118788329,100.35601420020083
S43A13T03,moving_support_variable_length,10.0,43013,0.5333333333333333,0.8321025778622805,0.476980089033203,0.2906964972636095,0.4741037318199393,0.9559688251676786,0.5542394571289948,0.0036302552356587206,-193.21120041806185,109.02736360959558
S43A13T03,moving_support_variable_length,10.0,43013,0.5666666666666667,0.8639114427887821,0.4738708209528272,0.2944427533109795,0.4348690457866925,0.9706361259240913,0.5159370686349736,0.016809953002332696,-194.25258995595752,112.05170021541663
S43A13T03,moving_support_variable_length,10.0,43013,0.6,0.8928907913517522,0.4751896613690266,0.30119475252692807,0.39508360951335625,0.9815687287942344,0.47694593580841044,0.03401247920577713,-195.28709955048285,110.08622073332039
S43A13T03,moving_support_variable_length,10.0,43014,0.0,0.2278421088214414,0.9143167186256079,0.2278421088214414,0.9143167186256079,0.9422776069240426,0.9422776069245732,0.0,-154.66599127356452,-58.3485519977053
S43A13T03,moving_support_variable_length,10.0,43014,0.03333333333333333,0.2561789886147638,0.8951419540845909,0.24933962503536858,0.9019203217368761,0.9303125107205851,0.9350098155288162,0.0027973601551237112,-155.7935581094763,-73.86966791570897
S43A13T03,moving_support_variable_length,10.0,43014,0.06666666666666667,0.286808084403808,0.8722057818736488,0.2682314068408249,0.8866319362505407,0.916599575187847,0.9248801449887536,0.005006992672923427,-156.92238049937745,-86.79765617172501
S43A13T03,moving_support_variable_length,10.0,43014,0.1,0.3197001728976828,0.845554196648782,0.2843600871458828,0.8685596452839236,0.9017254696999034,0.9119477665170606,0.006416079405618641,-158.05237761152281,-96.12090817276001
S43A13T03,moving_support_variable_length,10.0,43014,0.13333333333333333,0.35476766564781576,0.8154400949780847,0.29761833351780975,0.8478157196863229,0.8865563929508267,0.896287820717918,0.006860078228235547,-159.18346765030094,-100.95157780466035
S43A13T03,moving_support_variable_length,10.0,43014,0.16666666666666666,0.3918574081016515,0.7823327936669822,0.3079707958083412,0.8245166316788358,0.8722051291949712,0.8779899394057107,0.006244665382700937,-160.31556788541155,-100.63016044012866
S43A13T03,moving_support_variable_length,10.0,43014,0.2,0.4307466258355881,0.7469111447101852,0.315474330710464,0.7987830565003758,0.8599454745963606,0.857157154345714,0.0045659585283053875,-161.44859468205624,-94.82342697872897
S43A13T03,moving_support_variable_length,10.0,43014,0.23333333333333334,0.4711428241913908,0.710039149089667,0.3202945502300458,0.7707398612417034,0.8510693387440418,0.8339051430590603,0.0019270677314845441,-162.58246353212078,-83.60393198753133
S43A13T03,moving_support_variable_length,10.0,43014,0.26666666666666666,0.512688145318675,0.6727246252526453,0.32271662193621786,0.7405160800655379,0.8466980467783551,0.8083617848187243,-0.001451097491061877,-163.71708908632584,-67.49775893734788
S43A13T03,moving_support_variable_length,10.0,43014,0.3,0.5549682901002458,0.6360632446176193,0.32314831552757395,0.7082448750349433,0.8475818289930638,0.7806670224878348,-0.005226770290091422,-164.8523851873215,-47.4873763100172
S43A13T03,moving_support_variable_length,10.0,43014,0.3333333333333333,0.5975256664665799,0.6011719028062564,0.32211361106886505,0.6740634818047787,0.8539395480998144,0.7509730502139728,-0.008943702162389142,-165.98826490369797,-24.959703368525826
S43A13T03,moving_support_variable_length,10.0,43014,0.36666666666666664,0.6398759860018178,0.5691167397400759,0.320235799449512,0.638113139472653,0.8653893926755355,0.7194448760384061,-0.012048041399350187,-167.1246405648855,-1.5962647419136076
S43A13T03,moving_support_variable_length,10.0,43014,0.4,0.681527154950029,0.5408419647868359,0.31820990208707567,0.6005390039370139,0.8809943561354888,0.6862613460347795,-0.013915887051326875,-168.26142379691282,20.788122191859905
S43A13T03,moving_support_variable_length,10.0,43014,0.43333333333333335,0.7219990437635018,0.5171058486710594,0.3167653364461535,0.5614900441712525,0.8994064788464099,0.6516167680991833,-0.013890591617430201,-169.39852555899228,40.44136309869471
S43A13T03,moving_support_variable_length,10.0,43014,0.4666666666666667,0.7608426067771872,0.49842975428586206,0.31662092152291094,0.5211189208944093,0.9190643234215543,0.615723346925413,-0.011327718105124299,-170.53585618090017,55.87957303477381
S43A13T03,moving_support_variable_length,10.0,43014,0.5,0.7976568771548359,0.48506492829230685,0.3184353869545317,0.47958184720156394,0.9383928107655584,0.5788147486594721,-0.005644487612624366,-171.67332540111636,66.07247154022109
S43A13T03,moving_support_variable_length,10.0,43014,0.5333333333333333,0.8321025778622805,0.476980089033203,0.3227573582569601,0.43703843081053356,0.9559688251676786,0.5411512708005977,0.0036302552356587206,-172.8108424056879,70.58016999681092
S43A13T03,moving_support_variable_length,10.0,43014,0.5666666666666667,0.8639114427887821,0.4738708209528272,0.3299792120513518,0.3936514976861799,0.9706361259240913,0.5030273217677983,0.016809953002332696,-173.94831586777957,69.61909565978725
S43A13T03,moving_support_variable_length,10.0,43014,0.6,0.8928907913517522,0.4751896613690266,0.34029915807383726,0.34958689691944794,0.9815687287942344,0.46478223734432333,0.03401247920577713,-175.08565398787258,64.0449193197194
S43A13T05,moving_support_variable_length,0.0,43013,0.0,0.14232953057224557,0.917196654707166,0.14232953057224557,0.917196654707166,0.928174228622478,0.9281742286230167,0.0,-0.0,-5.196008553290341
S43A13T05,moving_support_variable_length,0.0,43013,0.03333333333333333,0.15625977614517428,0.9166207969542779,0.15303740907840785,0.9157473339257428,0.9305544963175238,0.9291434850064367,-0.004170848137301661,-0.0,-11.245865640557142
S43A13T05,moving_support_variable_length,0.0,43013,0.06666666666666667,0.17071099011198793,0.9157271078029978,0.16527329535550275,0.9135205397773969,0.9333749309943495,0.9301706219451319,-0.009934037064139124,-0.0,-12.559578681018081
S43A13T05,moving_support_variable_length,0.0,43013,0.1,0.18586635642624727,0.9140732139435411,0.179212980657358,0.9105175746972052,0.9363392951897433,0.9314434679008535,-0.01711501037216285,-0.0,-9.324000375735139
S43A13T05,moving_support_variable_length,0.0,43013,0.13333333333333333,0.20198202816882516,0.9111282689293557,0.19516179700197567,0.9067397178548837,0.9390749189406087,0.933182021173034,-0.025409662402986047,-0.0,-2.2760676132793094
S43A13T05,moving_support_variable_length,0.0,43013,0.16666666666666666,0.21937814282835427,0.9062994357489365,0.21354152189710224,0.9021882251836986,0.9411592375900084,0.9356373866958843,-0.034397433739142155,-0.0,7.3407432279428075
S43A13T05,moving_support_variable_length,0.0,43013,0.2,0.23842252193874325,0.8989683269070968,0.23486726618530918,0.8968643294122798,0.9421574657254378,0.9390898951835147,-0.04356442357475826,-0.0,17.86972337752733
S43A13T05,moving_support_variable_length,0.0,43013,0.23333333333333334,0.25950751183913967,0.8885357035001925,0.2597158732718643,0.8907692400992944,0.9416694976402846,0.9438461637445549,-0.052334990702646814,-0.0,27.37716071637181
S43A13T05,moving_support_variable_length,0.0,43013,0.26666666666666666,0.2830210962450617,0.8744717224584632,0.2886881852576954,0.8839041436709333,0.9393824519045656,0.9502348929540779,-0.060109487595496267,-0.0,33.820371127257985
S43A13T05,moving_support_variable_length,0.0,43013,0.3,0.30931406360913405,0.8563681131248451,0.32236819698347996,0.8762702034611646,0.9351235780296134,0.9586012760131386,-0.0663051065751088,-0.0,35.23279792351164
S43A13T05,moving_support_variable_length,0.0,43013,0.3333333333333333,0.33866557729017355,0.8339879694540141,0.36128255474433635,0.8678685597547076,0.9289066794721604,0.9693000262276268,-0.07039638131018984,-0.0,29.908775985871102
S43A13T05,moving_support_variable_length,0.0,43013,0.36666666666666664,0.3712499074436856,0.8073084692584943,0.4058640040813685,0.858700329832677,0.920963986351502,0.9826872040573633,-0.071951739236419,-0.0,16.569161944475894
S43A13T05,moving_support_variable_length,0.0,43013,0.4,0.40710727985591644,0.776551868824197,0.4564222073857505,0.8487666080208539,0.9117548702875584,0.9991112239341956,-0.07066268416309722,-0.0,-5.510703878708455
S43A13T05,moving_support_variable_length,0.0,43013,0.43333333333333335,0.4461217332218918,0.7422006315867004,0.5131248169149646,0.8380684657405313,0.9019435103570134,1.018903608162871,-0.06636272346673289,-0.0,-36.4269097298542
S43A13T05,moving_support_variable_length,0.0,43013,0.4666666666666667,0.4880085298598169,0.7049935508059133,0.5759908149310629,0.826606951561886,0.8923404434209157,1.042370185546575,-0.059034028161683405,-0.0,-75.6382945601041
S43A13T05,moving_support_variable_length,0.0,43013,0.5,0.5323130408821064,0.6659011800596246,0.6448969747771924,0.8143830912598307,0.8838087336123424,1.0697834644158735,-0.0488009720315831,-0.0,-122.02780130200883
S43A13T05,moving_support_variable_length,0.0,43013,0.5333333333333333,0.5784221610784425,0.6260806922567079,0.7195969554413553,0.8013978878722934,0.8771444076164581,1.1013768209572066,-0.03591103727257334,-0.0,-174.02999813680614
S43A13T05,moving_support_variable_length,0.0,43013,0.5666666666666667,0.6255882662015619,0.5868122887828876,0.7997511580727313,0.787652321760877,0.8729510834817608,1.1373409421443101,-0.020704958182980945,-0.0,-229.81206497484743
S43A13T05,moving_support_variable_length,0.0,43013,0.6,0.6729645961049462,0.5494212683827916,0.8849642098691629,0.7731473506738491,0.8715361661539279,1.1778226877096538,-0.0035792374808248754,-0.0,-287.48781436115644
S43A13T05,moving_support_variable_length,0.0,43013,0.6333333333333333,0.7196498394212978,0.5151916063434125,0.9748259623048527,0.7578839098114121,0.8728553648460963,1.2229262469443813,0.015054851719918987,-0.0,-345.3390110912849
S43A13T05,moving_support_variable_length,0.0,43013,0.6666666666666666,0.7647387258048184,0.48527815622337606,1.0689513362063106,0.7418629118932045,0.8765210847891465,1.2727162236270804,0.03481111078235419,-0.0,-402.0161728506527
S43A13T05,moving_support_variable_length,0.0,43013,0.7,0.8073747137649601,0.4606251723903156,1.1670143133212825,0.7250852472279833,0.8818719062853042,1.3272221278927472,0.05536240691375674,-0.0,-456.6923579371539
S43A13T05,moving_support_variable_length,0.0,43013,0.7333333333333333,0.8468004934791131,0.4418986353931973,1.2687719095943768,0.7075517837854388,0.8880831726270123,1.3864437013400353,0.07646464624046247,-0.0,-509.1479912706428
S43A13T05,moving_support_variable_length,0.0,43013,0.7666666666666667,0.8824020727782277,0.4294388142080802,1.374075060729381,0.6892633672700927,0.8942902461731604,1.4503565388464725,0.09796765917055729,-0.0,-559.7723618281867
S43A13T05,moving_support_variable_length,0.0,43013,0.8,0.9137427057438227,0.4232377013412794,1.4828649340268194,0.6702208211972279,0.8996982228413086,1.5189175686575171,0.11981151203295766,-0.0,-609.4778892337413
S43A13T05,moving_support_variable_length,0.0,43013,0.8333333333333334,0.940583828001572,0.422943597435128,1.5951551049953145,0.6504249469708051,0.9036611909563956,1.5920700782228352,0.14200868349144913,-0.0,-659.5360306421702
S43A13T05,moving_support_variable_length,0.0,43013,0.8666666666666667,0.962891393228865,0.4278924735275288,1.7110020733953708,0.6298765239633147,0.9057250348830787,1.6697480989530487,0.16461458039233584,-0.0,-711.3572340427673
S43A13T05,moving_support_variable_length,0.0,43013,0.9,0.9808274211540575,0.4371631170799851,1.8304684415145749,0.6085763095975159,0.9056364746652243,1.7518800702563475,0.18769071584470998,-0.0,-766.2490014074816
S43A13T05,moving_support_variable_length,0.0,43014,0.0,0.14232953057224557,0.917196654707166,0.14232953057224557,0.917196654707166,0.928174228622478,0.9281742286230167,0.0,0.0,-8.607688980819376
S43A13T05,moving_support_variable_length,0.0,43014,0.03333333333333333,0.15625977614517428,0.9166207969542779,0.1528671657078226,0.9148776031463004,0.9305544963175238,0.9282574893488018,-0.004170848137301661,0.0,-13.3056386424375
S43A13T05,moving_support_variable_length,0.0,43014,0.06666666666666667,0.17071099011198793,0.9157271078029978,0.16459160183061586,0.9100430517551279,0.9333749309943495,0.9266269770951031,-0.009934037064139124,0.0,-12.957582958102293
S43A13T05,moving_support_variable_length,0.0,43014,0.1,0.18586635642624727,0.9140732139435411,0.17767754619923104,0.902696488535873,0.9363392951897433,0.9234744666267797,-0.01711501037216285,0.0,-7.85348286542424
S43A13T05,moving_support_variable_length,0.0,43014,0.13333333333333333,0.20198202816882516,0.9111282689293557,0.19242924158978775,0.8928414225020658,0.9390749189406087,0.9190318785707519,-0.025409662402986047,0.0,1.1038351929796306
S43A13T05,moving_support_variable_length,0.0,43014,0.16666666666666666,0.21937814282835427,0.9062994357489365,0.2092673710107581,0.8804813841765697,0.9411592375900084,0.913575396426751,-0.034397433739142155,0.0,12.466242186108838
S43A13T05,moving_support_variable_length,0.0,43014,0.2,0.23842252193874325,0.8989683269070968,0.22870594553171597,0.865619926088161,0.9421574657254378,0.9074298927935144,-0.04356442357475826,0.0,24.369070735833397
S43A13T05,moving_support_variable_length,0.0,43014,0.23333333333333334,0.25950751183913967,0.8885357035001925,0.25132070348938623,0.8482606232665124,0.9416694976402846,0.9009732879507236,-0.052334990702646814,0.0,34.70932531123931
S43A13T05,moving_support_variable_length,0.0,43014,0.26666666666666666,0.2830210962450617,0.8744717224584632,0.27771137659340595,0.828407073735442,0.9393824519045656,0.8946402718955003,-0.060109487595496267,0.0,41.355634961932864
S43A13T05,moving_support_variable_length,0.0,43014,0.3,0.30931406360913405,0.8563681131248451,0.3084608439379364,0.8060628990042825,0.9351235780296134,0.8889245833118433,-0.0663051065751088,0.0,42.367763563069104
S43A13T05,moving_support_variable_length,0.0,43014,0.3333333333333333,0.33866557729017355,0.8339879694540141,0.34409463067871066,0.7812317445572394,0.9289066794721604,0.884378786337919,-0.07039638131018984,0.0,36.20099607736577
S43A13T05,moving_support_variable_length,0.0,43014,0.36666666666666664,0.3712499074436856,0.8073084692584943,0.38504435578187285,0.753917280340596,0.920963986351502,0.881610286044309,-0.071951739236419,0.0,21.87069551688657
S43A13T05,moving_support_variable_length,0.0,43014,0.4,0.40710727985591644,0.776551868824197,0.4316185495803995,0.7241232012476375,0.9117548702875584,0.8812722895660658,-0.07066268416309722,0.0,-0.9448087820011608
S43A13T05,moving_support_variable_length,0.0,43014,0.43333333333333335,0.4461217332218918,0.7422006315867004,0.48398372673782264,0.6918532276011637,0.9019435103570134,0.8840486999005784,-0.06636272346673289,0.0,-31.878842491930385
S43A13T05,moving_support_variable_length,0.0,43014,0.4666666666666667,0.4880085298598169,0.7049935508059133,0.5421577263292212,0.657111105633457,0.8923404434209157,0.8906326576179858,-0.059034028161683405,0.0,-69.93536227466853
S43A13T05,moving_support_variable_length,0.0,43014,0.5,0.5323130408821064,0.6659011800596246,0.6060161728558292,0.6199006079635835,0.8838087336123424,0.9016996489924584,-0.0488009720315831,0.0,-113.62790502365502
S43A13T05,moving_support_variable_length,0.0,43014,0.5333333333333333,0.5784221610784425,0.6260806922567079,0.6753115707423242,0.5802255340719009,0.8771444076164581,0.9178775890833892,-0.03591103727257334,0.0,-161.1821788797183
S43A13T05,moving_support_variable_length,0.0,43014,0.5666666666666667,0.6255882662015619,0.5868122887828876,0.7497031607822264,0.5380897107716478,0.8729510834817608,0.9397176206748624,-0.020704958182980945,0.0,-210.77532515574566
S43A13T05,moving_support_variable_length,0.0,43014,0.6,0.6729645961049462,0.5494212683827916,0.8287944039501046,0.49349699267749364,0.8715361661539279,0.967669964777101,-0.0035792374808248754,0.0,-260.7776282150529
S43A13T05,moving_support_variable_length,0.0,43014,0.6333333333333333,0.7196498394212978,0.5151916063434125,0.9121739795497341,0.446451262670928,0.8728553648460963,1.0020685901970954,0.015054851719918987,0.0,-309.96015967570054
S43A13T05,moving_support_variable_length,0.0,43014,0.6666666666666666,0.7647387258048184,0.48527815622337606,0.9994556302063348,0.396956432362369,0.8765210847891465,1.0431267698844577,0.03481111078235419,0.0,-357.63520860016786
S43A13T05,moving_support_variable_length,0.0,43014,0.7,0.8073747137649601,0.4606251723903156,1.0903121533477234,0.34501644254987207,0.8818719062853042,1.0909433180850876,0.05536240691375674,0.0,-403.7051474498551
S43A13T05,moving_support_variable_length,0.0,43014,0.7333333333333333,0.8468004934791131,0.4418986353931973,1.1844993743881775,0.2906352636743186,0.8880831726270123,1.1455172697403655,0.07646464624046247,0.0,-448.60874091501125
S43A13T05,moving_support_variable_length,0.0,43014,0.7666666666666667,0.8824020727782277,0.4294388142080802,1.281867032195097,0.23381689627097135,0.8942902461731604,1.2067676107812506,0.09796765917055729,0.0,-493.17052123671203
S43A13T05,moving_support_variable_length,0.0,43014,0.8,0.9137427057438227,0.4232377013412794,1.3823550908271083,0.17456537141727302,0.8996982228413086,1.27455457209701,0.11981151203295766,0.0,-538.376848116102
S43A13T05,moving_support_variable_length,0.0,43014,0.8333333333333334,0.940583828001572,0.422943597435128,1.485975916042257,0.11288475117677754,0.9036611909563956,1.3486997031287284,0.14200868349144913,0.0,-585.1188058155974
S43A13T05,moving_support_variable_length,0.0,43014,0.8666666666666667,0.962891393228865,0.4278924735275288,1.5927847912349873,0.0487791290390901,0.9057250348830787,1.4290029931981094,0.16461458039233584,0.0,-633.9533596808773
S43A13T05,moving_support_variable_length,0.0,43014,0.9,0.9808274211540575,0.4371631170799851,1.7028430956009983,-0.01774736964429391,0.9056364746652243,1.515256315945073,0.18769071584470998,0.0,-684.9362250725727
S43A13T05,moving_support_variable_length,0.01,43013,0.0,0.14232953057224557,0.917196654707166,0.14232953057224557,0.917196654707166,0.928174228622478,0.9281742286230167,0.0,77.82165339061143,-79.40681340999086
S43A13T05,moving_support_variable_length,0.01,43013,0.03333333333333333,0.15625977614517428,0.9166207969542779,0.15307388500273872,0.9157428258107403,0.9305544963175238,0.9291452142292518,-0.004170848137301661,77.23220554780411,-84.86088484506675
S43A13T05,moving_support_variable_length,0.01,43013,0.06666666666666667,0.17071099011198793,0.9157271078029978,0.1654195147394159,0.9135023682349277,0.9333749309943495,0.9301803292383383,-0.009934037064139124,76.64058586574588,-85.61839990479216
S43A13T05,moving_support_variable_length,0.01,43013,0.1,0.18586635642624727,0.9140732139435411,0.17954268085340877,0.9104763781352049,0.9363392951897433,0.9314727492854382,-0.01711501037216285,76.04679211484937,-81.866993725518
S43A13T05,moving_support_variable_length,0.01,43013,0.13333333333333333,0.20198202816882516,0.9111282689293557,0.195749180265877,0.906665931474878,0.9390749189406087,0.9332493477034093,-0.025409662402986047,75.45082201561559,-74.34473407674085
S43A13T05,moving_support_variable_length,0.01,43013,0.16666666666666666,0.21937814282835427,0.9062994357489365,0.21446125051906845,0.9020720839889541,0.9411592375900084,0.9357695706977773,-0.034397433739142155,74.85267323605635,-64.29646084720453
S43A13T05,moving_support_variable_length,0.01,43013,0.2,0.23842252193874325,0.8989683269070968,0.23619445766752062,0.8966958711512784,0.9421574657254378,0.939323435763572,-0.04356442357475826,74.25234338909463,-53.38029531412996
S43A13T05,moving_support_variable_length,0.01,43013,0.23333333333333334,0.25950751183913967,0.8885357035001925,0.26152609555267,0.8905383081448996,0.9416694976402846,0.9442283938433262,-0.052334990702646814,73.64983002994293,-43.53118319425342
S43A13T05,moving_support_variable_length,0.01,43013,0.26666666666666666,0.2830210962450617,0.8744717224584632,0.29105745198315425,0.8836003898356382,0.9393824519045656,0.9508248357987539,-0.060109487595496267,73.04513065346156,-36.79262546050701
S43A13T05,moving_support_variable_length,0.01,43013,0.3,0.30931406360913405,0.8563681131248451,0.3253729628268265,0.8758830907488158,0.9351235780296134,0.9594701135059526,-0.0663051065751088,72.43824269149654,-35.13137244579907
S43A13T05,moving_support_variable_length,0.01,43013,0.3333333333333333,0.33866557729017355,0.8339879694540141,0.3649997107739397,0.8673873650491175,0.9289066794721604,0.9705310907178517,-0.07039638131018984,71.8291635101991,-40.252527329602515
S43A13T05,moving_support_variable_length,0.01,43013,0.36666666666666664,0.3712499074436856,0.8073084692584943,0.41037087317774057,0.8581141465235455,0.920963986351502,0.9843754318911319,-0.071951739236419,71.21789040732646,-53.433895004905736
S43A13T05,moving_support_variable_length,0.01,43013,0.4,0.40710727985591644,0.776551868824197,0.46179653970813866,0.8480643485674301,0.9117548702875584,1.0013620546024593,-0.07066268416309722,70.60442060952687,-75.39813507913664
S43A13T05,moving_support_variable_length,0.01,43013,0.43333333333333335,0.4461217332218918,0.7422006315867004,0.5194447854180541,0.8372388641734619,0.9019435103570134,1.0218313721692383,-0.06636272346673289,69.98875126960637,-106.23892954508938
S43A13T05,moving_support_variable_length,0.01,43013,0.4666666666666667,0.4880085298598169,0.7049935508059133,0.5833350109322906,0.8256385659237018,0.8923404434209157,1.0460960873304432,-0.059034028161683405,69.37087946378242,-145.4126804080588
S43A13T05,moving_support_variable_length,0.01,43013,0.5,0.5323130408821064,0.6659011800596246,0.6533444035751665,0.8132643059845336,0.8838087336123424,1.0744333203486611,-0.0488009720315831,68.75080218892278,-191.80031174106279
S43A13T05,moving_support_variable_length,0.01,43013,0.5333333333333333,0.5784221610784425,0.6260806922567079,0.7292270319858493,0.8001169161045204,0.8771444076164581,1.107078743570716,-0.03591103727257334,68.12851635977097,-243.83524324986462
S43A13T05,moving_support_variable_length,0.01,43013,0.5666666666666667,0.6255882662015619,0.5868122887828876,0.810643702686712,0.786197207615119,0.8729510834817608,1.1442231623213377,-0.020704958182980945,67.50401880616036,-299.6847483879661
S43A13T05,moving_support_variable_length,0.01,43013,0.6,0.6729645961049462,0.5494212683827916,0.8971994440232922,0.7715059714342172,0.8715361661539279,1.1860116765917403,-0.0035792374808248754,66.87730627021774,-357.46418045293365
S43A13T05,moving_support_variable_length,0.01,43013,0.6333333333333333,0.7196498394212978,0.5151916063434125,0.9884845044448876,0.7560439780724497,0.8728553648460963,1.2325452468712328,0.015054851719918987,66.24837540355647,-415.4582588220795
S43A13T05,moving_support_variable_length,0.01,43013,0.6666666666666666,0.7647387258048184,0.48527815622337606,1.0841141976338065,0.7398119776422507,0.8765210847891465,1.2838842355679598,0.03481111078235419,65.61722276446261,-472.3215547565912
S43A13T05,moving_support_variable_length,0.01,43013,0.7,0.8073747137649601,0.4606251723903156,1.1837628941279943,0.7228106998696027,0.8818719062853042,1.3400533449800844,0.05536240691375674,64.98384481507284,-527.231683253659
S43A13T05,moving_support_variable_length,0.01,43013,0.7333333333333333,0.8468004934791131,0.4418986353931973,1.28718799465073,0.7050408541084363,0.8880831726270123,1.4010473340857272,0.07646464624046247,64.34823791854755,-579.9733065089014
S43A13T05,moving_support_variable_length,0.01,43013,0.7666666666666667,0.8824020727782277,0.4294388142080802,1.3942408157273691,0.6865031293576435,0.8942902461731604,1.4668369517531927,0.09796765917055729,63.710398336239166,-630.9386947505781
S43A13T05,moving_support_variable_length,0.01,43013,0.8,0.9137427057438227,0.4232377013412794,1.5048629015776744,0.6671981942806534,0.8996982228413086,1.5373746394851566,0.11981151203295766,63.07032222485748,-681.0411068759289
S43A13T05,moving_support_variable_length,0.01,43013,0.8333333333333334,0.940583828001572,0.422943597435128,1.6190682007822692,0.647126697227536,0.9036611909563956,1.6125996961071924,0.14200868349144913,62.42800563363401,-731.5500581104551
S43A13T05,moving_support_variable_length,0.01,43013,0.8666666666666667,0.962891393228865,0.4278924735275288,1.736913582381828,0.6262892662595843,0.9057250348830787,1.6924427306972967,0.16461458039233584,61.783444501485825,-783.8710721861806
S43A13T05,moving_support_variable_length,0.01,43013,0.9,0.9808274211540575,0.4371631170799851,1.8584620142079658,0.6046865091763365,0.9056364746652243,1.7768293406557938,0.18769071584470998,61.13663465418077,-839.3041214877662
S43A13T05,moving_support_variable_length,0.01,43014,0.0,0.14232953057224557,0.917196654707166,0.14232953057224557,0.917196654707166,0.928174228622478,0.9281742286230167,0.0,215.22540274702115,-222.9297660830428
S43A13T05,moving_support_variable_length,0.01,43014,0.03333333333333333,0.15625977614517428,0.9166207969542779,0.1528800768698897,0.9148999091523004,0.9305544963175238,0.9282816581261862,-0.004170848137301661,214.08655134224958,-226.4809321882052
S43A13T05,moving_support_variable_length,0.01,43014,0.06666666666666667,0.17071099011198793,0.9157271078029978,0.16464383832749205,0.91013168203341,0.9333749309943495,0.926723860283213,-0.009934037064139124,212.9510703844845,-225.00636451726706
S43A13T05,moving_support_variable_length,0.01,43014,0.1,0.18586635642624727,0.9140732139435411,0.1777964119925032,0.9028945698388943,0.9363392951897433,0.9236931670277632,-0.01711501037216285,211.81906000638213,-218.79394399829016
S43A13T05,moving_support_variable_length,0.01,43014,0.13333333333333333,0.20198202816882516,0.9111282689293557,0.19264293315473258,0.8931911887338081,0.9390749189406087,0.9194223371564186,-0.025409662402986047,210.6906185129191,-208.74290406172793
S43A13T05,moving_support_variable_length,0.01,43014,0.16666666666666666,0.21937814282835427,0.9062994357489365,0.20960498010668516,0.8810241748821783,0.9411592375900084,0.9141885881427385,-0.034397433739142155,209.5658423490315,-196.29691869791597
S43A13T05,moving_support_variable_length,0.01,43014,0.2,0.23842252193874325,0.8989683269070968,0.22919746201700902,0.8663961847685914,0.9421574657254378,0.9083178932588235,-0.04356442357475826,208.44482606892677,-183.31625040611328
S43A13T05,moving_support_variable_length,0.01,43014,0.23333333333333334,0.25950751183913967,0.8885357035001925,0.25199701818044873,0.849309895519014,0.9416694976402846,0.9021891543674968,-0.052334990702646814,207.32766230707512,-171.900579130408
S43A13T05,moving_support_variable_length,0.01,43014,0.26666666666666666,0.2830210962450617,0.8744717224584632,0.2786042841667187,0.8297680052208131,0.9393824519045656,0.8962376703032031,-0.060109487595496267,206.21444175089314,-164.18004665348923
S43A13T05,moving_support_variable_length,0.01,43014,0.3,0.30931406360913405,0.8563681131248451,0.309603045874441,0.807773233241936,0.9351235780296134,0.8909570895509867,-0.0663051065751088,205.10525311512316,-162.09651984895106
S43A13T05,moving_support_variable_length,0.01,43014,0.3333333333333333,0.33866557729017355,0.8339879694540141,0.3455197382497349,0.7833283205492155,0.9289066794721604,0.8868987970931296,-0.07039638131018984,204.0001831179135,-167.19958644427794
S43A13T05,moving_support_variable_length,0.01,43014,0.36666666666666664,0.3712499074436856,0.8073084692584943,0.38678689307581743,0.7564360300257582,0.920963986351502,0.884667508331707,-0.071951739236419,202.89931645860142,-180.48186318073314
S43A13T05,moving_support_variable_length,0.01,43014,0.4,0.40710727985591644,0.776551868824197,0.43371395656940853,0.7270991467873813,0.9117548702875584,0.8849118402284744,-0.07066268416309722,201.80273579719776,-202.27540017751153
S43A13T05,moving_support_variable_length,0.01,43014,0.43333333333333335,0.4461217332218918,0.7422006315867004,0.48646836238366364,0.6953204784980576,0.9019435103570134,0.8883089424869571,-0.06636272346673289,200.71052173557013,-232.22505830226424
S43A13T05,moving_support_variable_length,0.01,43014,0.4666666666666667,0.4880085298598169,0.7049935508059133,0.5450688717276018,0.6611028556843258,0.8923404434209157,0.8955430193182314,-0.059034028161683405,199.6227528003212,-269.34584204480365
S43A13T05,moving_support_variable_length,0.01,43014,0.5,0.5323130408821064,0.6659011800596246,0.6093920344183811,0.624449132048631,0.8838087336123424,0.9072787621546814,-0.0488009720315831,198.53950542735217,-312.1600389063174
S43A13T05,moving_support_variable_length,0.01,43014,0.5333333333333333,0.5784221610784425,0.6260806922567079,0.6791912834154855,0.5853621847815493,0.8771444076164581,0.9241321422971263,-0.03591103727257334,197.46085394810615,-358.89813513584426
S43A13T05,moving_support_variable_length,0.01,43014,0.5666666666666667,0.6255882662015619,0.5868122887828876,0.7541267913022601,0.543844914872857,0.8729510834817608,0.9466422404712481,-0.020704958182980945,196.38687057747575,-407.7368635969385
S43A13T05,moving_support_variable_length,0.01,43014,0.6,0.6729645961049462,0.5494212683827916,0.8338029541334838,0.49990024742139993,0.8715361661539279,0.9752482720855031,-0.0035792374808248754,195.31762540336612,-457.04045789050235
S43A13T05,moving_support_variable_length,0.01,43014,0.6333333333333333,0.7196498394212978,0.5151916063434125,0.9178093896181381,0.45353113194372047,0.8728553648460963,1.0102753304614438,0.015054851719918987,194.25318637789505,-505.56880944882005
S43A13T05,moving_support_variable_length,0.01,43014,0.6666666666666666,0.7647387258048184,0.48527815622337606,1.005760782145493,0.404740542681397,0.8765210847891465,1.051930687455794,0.03481111078235419,193.1936193102149,-552.619452231214
S43A13T05,moving_support_variable_length,0.01,43014,0.7,0.8073747137649601,0.4606251723903156,1.0973308742993486,0.3535314789070494,0.8818719062853042,1.1003103169583954,0.05536240691375674,192.13898786093722,-598.0789228986299
S43A13T05,moving_support_variable_length,0.01,43014,0.7333333333333333,0.8468004934791131,0.4418986353931973,1.1922764400742318,0.29990696522896376,0.8880831726270123,1.1554134095865345,0.07646464624046247,191.0893535381404,-642.372208052682
S43A13T05,moving_support_variable_length,0.01,43014,0.7666666666666667,0.8824020727782277,0.4294388142080802,1.2904481703736366,0.243870051894291,0.8942902461731604,1.2171616046405183,0.09796765917055729,190.044775694937,-686.31542121265
S43A13T05,moving_support_variable_length,0.01,43014,0.8,0.9137427057438227,0.4232377013412794,1.3917869847789537,0.18542381509076689,0.8996982228413086,1.2854196180513253,0.11981151203295766,189.00531152857863,-730.8947078300602
S43A13T05,moving_support_variable_length,0.01,43014,0.8333333333333334,0.940583828001572,0.422943597435128,1.4963062080877303,0.12457135724690571,0.9036611909563956,1.3600146352796911,0.14200868349144913,187.97101608107266,-777.010865761123
S43A13T05,moving_support_variable_length,0.01,43014,0.8666666666666667,0.962891393228865,0.4278924735275288,1.6040620862799773,0.06131580733061448,0.9057250348830787,1.4407528415504711,0.16461458039233584,186.94194224128478,-825.2405289058094
S43A13T05,moving_support_variable_length,0.01,43014,0.9,0.9808274211540575,0.4371631170799851,1.715116964711592,-0.004339678853820028,0.9056364746652243,1.5274324137391835,0.18769071584470998,185.918140748499,-875.6670378071891
S43A13T05,moving_support_variable_length,0.1,43013,0.0,0.14232953057224557,0.917196654707166,0.14232953057224557,0.917196654707166,0.928174228622478,0.9281742286230167,0.0,79.25126421846822,-72.54349006931766
S43A13T05,moving_support_variable_length,0.1,43013,0.03333333333333333,0.15625977614517428,0.9166207969542779,0.15318196283819419,0.915888229071881,0.9305544963175238,0.9293068143919513,-0.004170848137301661,77.57308375072448,-77.10576208496553
S43A13T05,moving_support_variable_length,0.1,43013,0.06666666666666667,0.17071099011198793,0.9157271078029978,0.16585313649289032,0.9140839926527154,0.9333749309943495,0.9308333234323419,-0.009934037064139124,75.89387947971402,-77.1193714630543
S43A13T05,moving_support_variable_length,0.1,43013,0.1,0.18586635642624727,0.9140732139435411,0.18052126143204272,0.9117850633085487,0.9363392951897433,0.9329587866600754,-0.01711501037216285,74.21374246130856,-72.75603279690691
S43A13T05,moving_support_variable_length,0.1,43013,0.13333333333333333,0.20198202816882516,0.9111282689293557,0.19749406119920115,0.9089925447028401,0.9390749189406087,0.93592388382927,-0.025409662402986047,72.53276298409804,-64.7273457662867
S43A13T05,moving_support_variable_length,0.1,43013,0.16666666666666666,0.21937814282835427,0.9062994357489365,0.21719567799433692,0.9057075260248956,0.9411592375900084,0.9400027747676449,-0.034397433739142155,70.85103051809745,-54.245131678557364
S43A13T05,moving_support_variable_length,0.1,43013,0.2,0.23842252193874325,0.8989683269070968,0.24014356080508004,0.9019310817153996,0.9421574657254378,0.9454998130968516,-0.04356442357475826,69.16863366371751,-42.933866409839624
S43A13T05,moving_support_variable_length,0.1,43013,0.23333333333333334,0.25950751183913967,0.8885357035001925,0.2669168649238884,0.8976642711963163,0.9416694976402846,0.952744924470553,-0.052334990702646814,67.48566010103654,-32.70125683996258
S43A13T05,moving_support_variable_length,0.1,43013,0.26666666666666666,0.2830210962450617,0.8744717224584632,0.29811871837344134,0.8929081386052629,0.9393824519045656,0.962087517609619,-0.060109487595496267,65.80219653940775,-25.577015222918334
S43A13T05,moving_support_variable_length,0.1,43013,0.3,0.30931406360913405,0.8563681131248451,0.3343353762462772,0.8876637125344491,0.9351235780296134,0.9738889377268819,-0.0663051065751088,64.11832866743447,-23.533357915986244
S43A13T05,moving_support_variable_length,0.1,43013,0.3333333333333333,0.33866557729017355,0.8339879694540141,0.3760957197181331,0.8819320057742764,0.9289066794721604,0.9885136615599829,-0.07039638131018984,62.43414110334749,-28.303449492174238
S43A13T05,moving_support_variable_length,0.1,43013,0.36666666666666664,0.3712499074436856,0.8073084692584943,0.42383470414121766,0.8757140150616797,0.920963986351502,1.0063196478323846,-0.071951739236419,60.74971734581538,-41.21562832693931
S43A13T05,moving_support_variable_length,0.1,43013,0.4,0.40710727985591644,0.776551868824197,0.4778641769530752,0.8690107208332962,0.9117548702875584,1.0276484565697386,-0.07066268416309722,59.06513972521736,-63.061405106446244
S43A13T05,moving_support_variable_length,0.1,43013,0.43333333333333335,0.4461217332218918,0.7422006315867004,0.5383539510006274,0.8618230869835382,0.9019435103570134,1.0528158859162882,-0.06636272346673289,57.380489355409274,-94.01349152384896
S43A13T05,moving_support_variable_length,0.1,43013,0.4666666666666667,0.4880085298598169,0.7049935508059133,0.6053251449892265,0.8541520606276397,0.8923404434209157,1.0821039014924603,-0.059034028161683405,55.69584608600936,-133.60614824936934
S43A13T05,moving_support_variable_length,0.1,43013,0.5,0.5323130408821064,0.6659011800596246,0.6786566448729225,0.8459985718697487,0.8838087336123424,1.115754528558606,-0.0488009720315831,54.01128845523089,-180.78392873808502
S43A13T05,moving_support_variable_length,0.1,43013,0.5333333333333333,0.5784221610784425,0.6260806922567079,0.7581041987348744,0.8373635335761247,0.8771444076164581,1.153966153046118,-0.03591103727257334,52.326893643286944,-234.01697756279225
S43A13T05,moving_support_variable_length,0.1,43013,0.5666666666666667,0.6255882662015619,0.5868122887828876,0.8433302736231852,0.8282478411535033,0.8729510834817608,1.1968923795307471,-0.020704958182980945,50.642737426390795,-291.47250001114406
S43A13T05,moving_support_variable_length,0.1,43013,0.6,0.6729645961049462,0.5494212683827916,0.9339415397607145,0.8186523723326808,0.8715361661539279,1.244643288049434,-0.0035792374808248754,48.95889413137548,-351.2242205950982
S43A13T05,moving_support_variable_length,0.1,43013,0.6333333333333333,0.7196498394212978,0.5151916063434125,1.02952986909786,0.8085779869573722,0.8728553648460963,1.297288681010133,0.015054851719918987,47.275436590951806,-411.4758594240211
S43A13T05,moving_support_variable_length,0.1,43013,0.6666666666666666,0.7647387258048184,0.48527815622337606,1.1297121807162938,0.798025526778384,0.8765210847891465,1.3548627584864097,0.03481111078235419,45.59243609962686,-470.7716926112748
S43A13T05,moving_support_variable_length,0.1,43013,0.7,0.8073747137649601,0.4606251723903156,1.2341644327283179,0.78699581525315,0.8818719062853042,1.4173696163286003,0.05536240691375674,43.90996237029931,-528.1673732619965
S43A13T05,moving_support_variable_length,0.1,43013,0.7333333333333333,0.8468004934791131,0.4418986353931973,1.3426455958855026,0.7754896573506639,0.8880831726270123,1.4847890105677863,0.07646464624046247,42.22808349154892,-583.3372995546573
S43A13T05,moving_support_variable_length,0.1,43013,0.7666666666666667,0.8824020727782277,0.4294388142080802,1.455008539476514,0.7635078393618457,0.8942902461731604,1.5570819411930639,0.09796765917055729,40.54686588563657,-636.6009219094371
S43A13T05,moving_support_variable_length,0.1,43013,0.8,0.9137427057438227,0.4232377013412794,1.571196343502631,0.751051128715372,0.8996982228413086,1.634195743161108,0.11981151203295766,38.86637426722746,-688.8596090556118
S43A13T05,moving_support_variable_length,0.1,43013,0.8333333333333334,0.940583828001572,0.422943597435128,1.6912244756294286,0.7381202737989956,0.9036611909563956,1.7160685036454144,0.14200868349144913,37.18667160285045,-741.4478389273005
S43A13T05,moving_support_variable_length,0.1,43013,0.8666666666666667,0.962891393228865,0.4278924735275288,1.8151513075731667,0.7247160037863809,0.9057250348830787,1.8026327340636834,0.16461458039233584,35.507819071105246,-795.9163679871106
S43A13T05,moving_support_variable_length,0.1,43013,0.9,0.9808274211540575,0.4371631170799851,1.9430412937208081,0.7108390284694717,0.9056364746652243,1.893818305869487,0.18769071584470998,33.82987602362618,-853.7782443058336
S43A13T05,moving_support_variable_length,0.1,43014,0.0,0.14232953057224557,0.917196654707166,0.14232953057224557,0.917196654707166,0.928174228622478,0.9281742286230167,0.0,193.02855015137095,-202.93772307561437
S43A13T05,moving_support_variable_length,0.1,43014,0.03333333333333333,0.15625977614517428,0.9166207969542779,0.1528855965355091,0.9150803445988961,0.9305544963175238,0.9284604266663701,-0.004170848137301661,190.11775433427258,-204.94284444225246
S43A13T05,moving_support_variable_length,0.1,43014,0.06666666666666667,0.17071099011198793,0.9157271078029978,0.16466665026559513,0.9108538483746365,0.9333749309943495,0.9274374011845224,-0.009934037064139124,187.19922545260386,-201.94414664272438
S43A13T05,moving_support_variable_length,0.1,43014,0.1,0.18586635642624727,0.9140732139435411,0.1778493811998369,0.9045204033513585,0.9363392951897433,0.9252936150546724,-0.01711501037216285,184.27344600371623,-194.20958086328017
S43A13T05,moving_support_variable_length,0.1,43014,0.13333333333333333,0.20198202816882516,0.9111282689293557,0.19274000693497723,0.8960832717179745,0.9390749189406087,0.9222551209324088,-0.025409662402986047,181.34090495502943,-182.6053075077085
S43A13T05,moving_support_variable_length,0.1,43014,0.16666666666666666,0.21937814282835427,0.9062994357489365,0.20976117792114451,0.8855457406868785,0.9411592375900084,0.9185884206202204,-0.034397433739142155,178.40209734911377,-168.53371844091902
S43A13T05,moving_support_variable_length,0.1,43014,0.2,0.23842252193874325,0.8989683269070968,0.22942886526671652,0.8729111226395067,0.9421574657254378,0.9146032821837283,-0.04356442357475826,175.45752389704788,-153.8129336457257
S43A13T05,moving_support_variable_length,0.1,43014,0.23333333333333334,0.25950751183913967,0.8885357035001925,0.2523207599175757,0.8581827552658658,0.9416694976402846,0.9106551311131367,-0.052334990702646814,172.50769056071638,-140.50838553619568
S43A13T05,moving_support_variable_length,0.1,43014,0.26666666666666666,0.2830210962450617,0.8744717224584632,0.27903853873328055,0.8413640016979846,0.9393824519045656,0.9071464970537839,-0.060109487595496267,169.5531081247442,-130.73266080773723
S43A13T05,moving_support_variable_length,0.1,43014,0.3,0.30931406360913405,0.8563681131248451,0.3101670184664067,0.8224582506372342,0.9351235780296134,0.9045268569675164,-0.0663051065751088,166.59429175880106,-126.43404605232844
S43A13T05,moving_support_variable_length,0.1,43014,0.3333333333333333,0.33866557729017355,0.8339879694540141,0.3462336544047527,0.8014689164754669,0.9289066794721604,0.9032901033096694,-0.07039638131018984,163.63176057104135,-129.19675664718335
S43A13T05,moving_support_variable_length,0.1,43014,0.36666666666666664,0.3712499074436856,0.8073084692584943,0.38767198808287945,0.7783994394099201,0.920963986351502,0.9039688368464714,-0.071951739236419,160.66603715346972,-140.07616889143242
S43A13T05,moving_support_variable_length,0.1,43014,0.4,0.40710727985591644,0.776551868824197,0.43479246479888595,0.753253285551829,0.9117548702875584,0.9071248093883254,-0.07066268416309722,157.69764712005679,-159.49011397638395
S43A13T05,moving_support_variable_length,0.1,43014,0.43333333333333335,0.4461217332218918,0.7422006315867004,0.48776350653624867,0.7260339470286961,0.9019435103570134,0.9133351909438203,-0.06636272346673289,154.72711863844785,-187.1821494579263
S43A13T05,moving_support_variable_length,0.1,43014,0.4666666666666667,0.4880085298598169,0.7049935508059133,0.5466048520008069,0.696744942080155,0.8923404434209157,0.9231749387195007,-0.059034028161683405,151.75498195613304,-222.26473880740375
S43A13T05,moving_support_variable_length,0.1,43014,0.5,0.5323130408821064,0.6659011800596246,0.6111940175893477,0.6653898151473755,0.8838087336123424,0.9371963467852352,-0.0488009720315831,148.78176892196618,-263.3400533837676
S43A13T05,moving_support_variable_length,0.1,43014,0.5333333333333333,0.5784221610784425,0.6260806922567079,0.6812853918389664,0.6319721369559493,0.8771444076164581,0.9559076837331171,-0.03591103727257334,145.80801250393571,-308.6849760590775
S43A13T05,moving_support_variable_length,0.1,43014,0.5666666666666667,0.6255882662015619,0.5868122887828876,0.7565400918227442,0.596495504592195,0.8729510834817608,0.9797534152826921,-0.020704958182980945,142.834246304105,-356.47667399649856
S43A13T05,moving_support_variable_length,0.1,43014,0.6,0.6729645961049462,0.5494212683827916,0.8365634469105482,0.5589635415728231,0.8715361661539279,1.0090985932727166,-0.0035792374808248754,139.86100407165017,-405.02775257524087
S43A13T05,moving_support_variable_length,0.1,43014,0.6333333333333333,0.7196498394212978,0.5151916063434125,0.9209459968642055,0.5193798979079007,0.8728553648460963,1.0442194430303662,0.015054851719918987,136.88881921493262,-452.99701429030773
S43A13T05,moving_support_variable_length,0.1,43014,0.6666666666666666,0.7647387258048184,0.48527815622337606,1.0093033367752988,0.4777482501570506,0.8765210847891465,1.0853011052467458,0.03481111078235419,133.91822431354464,-499.5439429827236
S43A13T05,moving_support_variable_length,0.1,43014,0.7,0.8073747137649601,0.4606251723903156,1.1013101084905128,0.43407230147882353,0.8818719062853042,1.1324422092741957,0.05536240691375674,130.94975063127222,-544.4020850100138
S43A13T05,moving_support_variable_length,0.1,43014,0.7333333333333333,0.8468004934791131,0.4418986353931973,1.1967239737384572,0.3883557816731811,0.8880831726270123,1.1856648658057836,0.07646464624046247,127.98392763091495,-587.8577910896909
S43A13T05,moving_support_variable_length,0.1,43014,0.7666666666666667,0.8824020727782277,0.4294388142080802,1.2953964995381464,0.3406024472170247,0.8942902461731604,1.2449280520557384,0.09796765917055729,125.02128249189823,-630.6352756297174
S43A13T05,moving_support_variable_length,0.1,43014,0.8,0.9137427057438227,0.4232377013412794,1.3972694698779016,0.29081608129270353,0.8996982228413086,1.3101422927303807,0.11981151203295766,122.06233963160759,-673.705167640097
S43A13T05,moving_support_variable_length,0.1,43014,0.8333333333333334,0.940583828001572,0.422943597435128,1.5023570621634244,0.239000493809442,0.9036611909563956,1.381183893403637,0.14200868349144913,119.10762023136017,-718.0493627703855
S43A13T05,moving_support_variable_length,0.1,43014,0.8666666666666667,0.962891393228865,0.4278924735275288,1.6107163630938626,0.18515952141761793,0.9057250348830787,1.4579075465560685,0.16461458039233584,116.1576417679182,-764.4267671868603
S43A13T05,moving_support_variable_length,0.1,43014,0.9,0.9808274211540575,0.4371631170799851,1.722410546765055,0.12929702751582695,0.9056364746652243,1.5401567065547586,0.18769071584470998,113.21291755142954,-813.1887949082521
S43A13T05,moving_support_variable_length,1.0,43013,0.0,0.14232953057224557,0.917196654707166,0.14232953057224557,0.917196654707166,0.928174228622478,0.9281742286230167,0.0,45.04562381507379,-58.73433125330116
S43A13T05,moving_support_variable_length,1.0,43013,0.03333333333333333,0.15625977614517428,0.9166207969542779,0.15298994641951275,0.9160020715918561,0.9305544963175238,0.9293865237388054,-0.004170848137301661,43.2584782582465,-63.274914815915324
S43A13T05,moving_support_variable_length,1.0,43013,0.06666666666666667,0.17071099011198793,0.9157271078029978,0.16508439783833675,0.914539364038486,0.9333749309943495,0.931135704896247,-0.009934037064139124,41.4636889572444,-63.05221056158729
S43A13T05,moving_support_variable_length,1.0,43013,0.1,0.18586635642624727,0.9140732139435411,0.17879009441314123,0.9128096557221081,0.9363392951897433,0.9335953500641778,-0.01711501037216285,39.661175912307876,-58.22357699203614
S43A13T05,moving_support_variable_length,1.0,43013,0.13333333333333333,0.20198202816882516,0.9111282689293557,0.19441377134061333,0.9108140614453463,0.9390749189406087,0.9369656325342961,-0.025409662402986047,37.850857571863536,-49.478026123788176
S43A13T05,moving_support_variable_length,1.0,43013,0.16666666666666666,0.21937814282835427,0.9062994357489365,0.2123785941300736,0.9085536870830194,0.9411592375900084,0.9414713008074421,-0.034397433739142155,36.03265088396191,-37.9996903010898
S43A13T05,moving_support_variable_length,1.0,43013,0.2,0.23842252193874325,0.8989683269070968,0.2332010464269358,0.9060296295292705,0.9421574657254378,0.9473588628240123,-0.04356442357475826,34.20647135235013,-25.384893295851366
S43A13T05,moving_support_variable_length,1.0,43013,0.23333333333333334,0.25950751183913967,0.8885357035001925,0.257459329222541,0.903242976647259,0.9416694976402846,0.9548928712277156,-0.052334990702646814,32.37223309730893,-13.51823312205515
S43A13T05,moving_support_variable_length,1.0,43013,0.26666666666666666,0.2830210962450617,0.8744717224584632,0.2857556269726699,0.9001948072214845,0.9393824519045656,0.9643512681719127,-0.060109487595496267,30.529848921380854,-4.416870218615557
S43A13T05,moving_support_variable_length,1.0,43013,0.3,0.30931406360913405,0.8563681131248451,0.31867526163076465,0.896886190912791,0.9351235780296134,0.9760198375827128,-0.0663051065751088,28.679230380111722,-0.05556971247342801
S43A13T05,moving_support_variable_length,1.0,43013,0.3333333333333333,0.33866557729017355,0.8339879694540141,0.3567461913553361,0.8933181882161131,0.9289066794721604,0.990185923340684,-0.07039638131018984,26.820287857926665,-2.187760017283651
S43A13T05,moving_support_variable_length,1.0,43013,0.36666666666666664,0.3712499074436856,0.8073084692584943,0.40040245829780013,0.8894918504210062,0.920963986351502,1.0071316894500848,-0.071951739236419,24.952930649257112,-12.179661428996155
S43A13T05,moving_support_variable_length,1.0,43013,0.4,0.40710727985591644,0.776551868824197,0.44995500620642387,0.8854082195750146,0.9117548702875584,1.0271273021479332,-0.07066268416309722,23.07706704503186,-30.87503237464989
S43A13T05,moving_support_variable_length,1.0,43013,0.43333333333333335,0.4461217332218918,0.7422006315867004,0.5055727534459867,0.8810683284499168,0.9019435103570134,1.0504244804601188,-0.06636272346673289,21.192604424638766,-58.506827363601474
S43A13T05,moving_support_variable_length,1.0,43013,0.4666666666666667,0.4880085298598169,0.7049935508059133,0.5672759331430115,0.8764732005108888,0.8923404434209157,1.0772508708951176,-0.059034028161683405,19.299449353460908,-94.66866148381044
S43A13T05,moving_support_variable_length,1.0,43013,0.5,0.5323130408821064,0.6659011800596246,0.6349425542727961,0.8716238498886248,0.8838087336123424,1.1078056442620319,-0.0488009720315831,17.39750768608311,-138.353333653711
S43A13T05,moving_support_variable_length,1.0,43013,0.5333333333333333,0.5784221610784425,0.6260806922567079,0.7083274962371952,0.8665212813544471,0.8771444076164581,1.1422565936784623,-0.03591103727257334,15.486684675259319,-188.05820423743938
S43A13T05,moving_support_variable_length,1.0,43013,0.5666666666666667,0.6255882662015619,0.5868122887828876,0.7870923653984668,0.8611664902984357,0.8729510834817608,1.180738853430036,-0.020704958182980945,13.566885086723476,-241.94892488403622
S43A13T05,moving_support_variable_length,1.0,43013,0.6,0.6729645961049462,0.5494212683827916,0.8708429789877595,0.855560462710609,0.8715361661539279,1.223355188818204,-0.0035792374808248754,11.638013319919065,-298.06516501742
S43A13T05,moving_support_variable_length,1.0,43013,0.6333333333333333,0.7196498394212978,0.5151916063434125,0.9591703633572697,0.8497041751651769,0.8728553648460963,1.2701776586794424,0.015054851719918987,9.699973534713857,-354.5458015569798
S43A13T05,moving_support_variable_length,1.0,43013,0.6666666666666666,0.7647387258048184,0.48527815622337606,1.051690599084077,0.84359859480789,0.8765210847891465,1.321250348303311,0.03481111078235419,7.752669784157307,-409.84736367768096
S43A13T05,moving_support_variable_length,1.0,43013,0.7,0.8073747137649601,0.4606251723903156,1.1480788125703703,0.8372446793465051,0.8818719062853042,1.3765928215293515,0.05536240691375674,5.7960061533273075,-462.92865156412853
S43A13T05,moving_support_variable_length,1.0,43013,0.7333333333333333,0.8468004934791131,0.4418986353931973,1.2480931493537453,0.8306433770443818,0.8880831726270123,1.4362039441305565,0.07646464624046247,3.829886904303359,-513.3763928453479
S43A13T05,moving_support_variable_length,1.0,43013,0.7666666666666667,0.8824020727782277,0.4294388142080802,1.3515856597075357,0.8237956267172265,0.8942902461731604,1.5000657738478536,0.09796765917055729,1.8542166272904894,-561.4517047310618
S43A13T05,moving_support_variable_length,1.0,43013,0.8,0.9137427057438227,0.4232377013412794,1.4584986105197006,0.8167023577329917,0.8996982228413086,1.5681472790469912,0.11981151203295766,-0.13109960209338994,-608.0453486113531
S43A13T05,moving_support_variable_length,1.0,43013,0.8333333333333334,0.940583828001572,0.422943597435128,1.568846661948793,0.8093644900149444,0.9036611909563956,1.6404077220210806,0.14200868349144913,-2.126156059367421,-654.5413937032575
S43A13T05,moving_support_variable_length,1.0,43013,0.8666666666666667,0.962891393228865,0.4278924735275288,1.6826873835155847,0.8017829340479042,0.9057250348830787,1.7167996123350986,0.16461458039233584,-4.131046201589694,-702.6030725755838
S43A13T05,moving_support_variable_length,1.0,43013,0.9,0.9808274211540575,0.4371631170799851,1.8000844324293177,0.7939585908876612,0.9056364746652243,1.7972711930387257,0.18769071584470998,-6.145862491641105,-753.909078627291
S43A13T05,moving_support_variable_length,1.0,43014,0.0,0.14232953057224557,0.917196654707166,0.14232953057224557,0.917196654707166,0.928174228622478,0.9281742286230167,0.0,153.32098125747922,-202.28209093487885
S43A13T05,moving_support_variable_length,1.0,43014,0.03333333333333333,0.15625977614517428,0.9166207969542779,0.1525465816997354,0.9154782243036264,0.9305544963175238,0.9287953122135402,-0.004170848137301661,151.41606505599665,-205.54607824108032
S43A13T05,moving_support_variable_length,1.0,43014,0.06666666666666667,0.17071099011198793,0.9157271078029978,0.1633126228057334,0.912448615709844,0.9333749309943495,0.9287501717188955,-0.009934037064139124,149.5144511840954,-203.49009195283813
S43A13T05,moving_support_variable_length,1.0,43014,0.1,0.18586635642624727,0.9140732139435411,0.17480735759126878,0.9081158996404199,0.9363392951897433,0.9281749202092351,-0.01711501037216285,147.6163720741862,-196.3375219637219
S43A13T05,moving_support_variable_length,1.0,43014,0.13333333333333333,0.20198202816882516,0.9111282689293557,0.18733997311365364,0.9024881185348698,0.9390749189406087,0.9272255451129849,-0.025409662402986047,145.7220575960883,-184.88050073777524
S43A13T05,moving_support_variable_length,1.0,43014,0.16666666666666666,0.21937814282835427,0.9062994357489365,0.20133604441897868,0.8955732859048328,0.9411592375900084,0.9260787132592481,-0.034397433739142155,143.83173492408682,-170.4286724985593
S43A13T05,moving_support_variable_length,1.0,43014,0.2,0.23842252193874325,0.8989683269070968,0.21731442229439657,0.887379385677562,0.9421574657254378,0.9249324009615565,-0.04356442357475826,141.94562840745797,-154.70489656992794
S43A13T05,moving_support_variable_length,1.0,43014,0.23333333333333334,0.25950751183913967,0.8885357035001925,0.23585563240403234,0.8779143715362583,0.9416694976402846,0.9240062115578658,-0.052334990702646814,140.06395944460846,-139.69630464855416
S43A13T05,moving_support_variable_length,1.0,43014,0.26666666666666666,0.2830210962450617,0.8744717224584632,0.25756414133137084,0.8671861662578119,0.9393824519045656,0.9235412180652719,-0.060109487595496267,138.18694636096922,-127.47386753388142
S43A13T05,moving_support_variable_length,1.0,43014,0.3,0.30931406360913405,0.8563681131248451,0.2830275105346888,0.8552026610485106,0.9351235780296134,0.9237991496219479,-0.0663051065751088,136.3148042907725,-119.99744002776642
S43A13T05,moving_support_variable_length,1.0,43014,0.3333333333333333,0.33866557729017355,0.8339879694540141,0.31277589497553043,0.8419717148782763,0.9289066794721604,0.9250607342061632,-0.07039638131018984,134.4477450628364,-118.92580081084547
S43A13T05,moving_support_variable_length,1.0,43014,0.36666666666666664,0.3712499074436856,0.8073084692584943,0.34724549082699047,0.8275011538139816,0.920963986351502,0.9276230254027257,-0.071951739236419,132.58597709046785,-125.45212348916726
S43A13T05,moving_support_variable_length,1.0,43014,0.4,0.40710727985591644,0.776551868824197,0.3867493529979834,0.8117987703524054,0.9117548702875584,0.9317955866425465,-0.07066268416309722,130.72970526559175,-140.18422452608095
S43A13T05,moving_support_variable_length,1.0,43014,0.43333333333333335,0.4461217332218918,0.7422006315867004,0.431458468073603,0.7948723227533769,0.9019435103570134,0.9378954889682477,-0.06636272346673289,128.87913085719947,-163.0854911035123
S43A13T05,moving_support_variable_length,1.0,43014,0.4666666666666667,0.4880085298598169,0.7049935508059133,0.4813950943819038,0.7767295343736527,0.8923404434209157,0.946241198671112,-0.059034028161683405,127.03445141420507,-193.48645292458662
S43A13T05,moving_support_variable_length,1.0,43014,0.5,0.5323130408821064,0.6659011800596246,0.5364392230038109,0.7573780930020754,0.8838087336123424,0.9571455801734271,-0.0488009720315831,125.19586067278559,-230.16882793273436
S43A13T05,moving_support_variable_length,1.0,43014,0.5333333333333333,0.5784221610784425,0.6260806922567079,0.596347672275562,0.7368256501965513,0.8771444076164581,0.9709083965998255,-0.03591103727257334,123.36354846827619,-271.51445973332704
S43A13T05,moving_support_variable_length,1.0,43014,0.5666666666666667,0.6255882662015619,0.5868122887828876,0.6607839442494444,0.7150798206233815,0.8729510834817608,0.9878088246226185,-0.020704958182980945,121.53770065167643,-315.7023172532461
S43A13T05,moving_support_variable_length,1.0,43014,0.6,0.6729645961049462,0.5494212683827916,0.7293557085318393,0.6921481813994784,0.8715361661539279,1.0080985765797867,-0.0035792374808248754,119.71849901082118,-360.9292688332709
S43A13T05,moving_support_variable_length,1.0,43014,0.6333333333333333,0.7196498394212978,0.5151916063434125,0.8016558004680201,0.668038271437993,0.8728553648460963,1.0319962134999694,0.015054851719918987,117.90612119625537,-405.6260343640072
S43A13T05,moving_support_variable_length,1.0,43014,0.6666666666666666,0.7647387258048184,0.48527815622337606,0.8773020661821299,0.6427575907978709,0.8765210847891465,1.0596831273827616,0.03481111078235419,116.10074065184568,-448.6393005894051
S43A13T05,moving_support_variable_length,1.0,43014,0.7,0.8073747137649601,0.4606251723903156,0.9559713541174378,0.6163136000378538,0.8818719062853042,1.0913014841811326,0.05536240691375674,114.30252655015252,-489.3544950561786
S43A13T05,moving_support_variable_length,1.0,43014,0.7333333333333333,0.8468004934791131,0.4418986353931973,1.0374234882909508,0.5887137195754306,0.8880831726270123,1.126954187060128,0.07646464624046247,112.51164373257686,-527.7407495929453
S43A13T05,moving_support_variable_length,1.0,43014,0.7666666666666667,0.8824020727782277,0.4294388142080802,1.1215121538427004,0.5599653290512425,0.8942902461731604,1.1667066907814145,0.09796765917055729,110.72825265428772,-564.3096285024465
S43A13T05,moving_support_variable_length,1.0,43014,0.8,0.9137427057438227,0.4232377013412794,1.2081812088686008,0.5300757666994356,0.8996982228413086,1.21059031692522,0.11981151203295766,108.95250933392843,-599.9916054298296
S43A13T05,moving_support_variable_length,1.0,43014,0.8333333333333334,0.940583828001572,0.422943597435128,1.2974468610357333,0.49905232872444466,0.9036611909563956,1.2586066140510894,0.14200868349144913,107.1845653080899,-635.9478525980671
S43A13T05,moving_support_variable_length,1.0,43014,0.8666666666666667,0.962891393228865,0.4278924735275288,1.3893681836389766,0.46690226868469553,0.9057250348830787,1.310732282798263,0.16461458039233584,105.42456759053317,-673.3475200268383
S43A13T05,moving_support_variable_length,1.0,43014,0.9,0.9808274211540575,0.4371631170799851,1.4840102938982578,0.4336327968836873,0.9056364746652243,1.3669242301528999,0.18769071584470998,103.67265863613356,-713.1493875677659
S43A13T05,moving_support_variable_length,10.0,43013,0.0,0.14232953057224557,0.917196654707166,0.14232953057224557,0.917196654707166,0.928174228622478,0.9281742286230167,0.0,-88.56569738332098,37.1865288505775
S43A13T05,moving_support_variable_length,10.0,43013,0.03333333333333333,0.15625977614517428,0.9166207969542779,0.15276013057330712,0.9170171513015296,0.9305544963175238,0.9303482078561994,-0.004170848137301661,-88.9377977405512,29.81351795647096
S43A13T05,moving_support_variable_length,10.0,43013,0.06666666666666667,0.17071099011198793,0.9157271078029978,0.1641649430803991,0.9186029988095604,0.9333749309943495,0.9349555734420141,-0.009934037064139124,-89.31064582762674,27.319089763040523
S43A13T05,moving_support_variable_length,10.0,43013,0.1,0.18586635642624727,0.9140732139435411,0.17672090109956212,0.9219603030659301,0.9363392951897433,0.9421163203163907,-0.01711501037216285,-89.68425186698467,29.665242255230744
S43A13T05,moving_support_variable_length,10.0,43013,0.13333333333333333,0.20198202816882516,0.9111282689293557,0.19073447715760639,0.9270951723282899,0.9390749189406087,0.9519578497085942,-0.025409662402986047,-90.05862627242378,36.356400431373444
S43A13T05,moving_support_variable_length,10.0,43013,0.16666666666666666,0.21937814282835427,0.9062994357489365,0.20662858791586625,0.9340137175704782,0.9411592375900084,0.9646114076277896,-0.034397433739142155,-90.43377964912729,46.448241930486816
S43A13T05,moving_support_variable_length,10.0,43013,0.2,0.23842252193874325,0.8989683269070968,0.2249194819029975,0.9427220527756526,0.9421574657254378,0.9802083841159127,-0.04356442357475826,-90.80972279361626,58.58928101042828
S43A13T05,moving_support_variable_length,10.0,43013,0.23333333333333334,0.25950751183913967,0.8885357035001925,0.246185138630183,0.9532262952295671,0.9416694976402846,0.9988766878523971,-0.052334990702646814,-91.1864666936323,71.0954611523266
S43A13T05,moving_support_variable_length,10.0,43013,0.26666666666666666,0.2830210962450617,0.8744717224584632,0.27102753461113116,0.9655325658142082,0.9393824519045656,1.0207374114455885,-0.060109487595496267,-91.56402252794605,82.05624075859151
S43A13T05,moving_support_variable_length,10.0,43013,0.3,0.30931406360913405,0.8563681131248451,0.3000317972929791,0.9796469893019831,0.9351235780296134,1.045901979530155,-0.0663051065751088,-91.94240166609114,89.46840017179466
S43A13T05,moving_support_variable_length,10.0,43013,0.3333333333333333,0.33866557729017355,0.8339879694540141,0.33372570365765236,0.9955756946506539,0.9289066794721604,1.0744699266796107,-0.07039638131018984,-92.3216156680199,91.39096981270548
S43A13T05,moving_support_variable_length,10.0,43013,0.36666666666666664,0.3712499074436856,0.8073084692584943,0.3725431279000041,1.0133248152991867,0.920963986351502,1.1065273915329694,-0.071951739236419,-92.70167628368006,86.11135595929892
S43A13T05,moving_support_variable_length,10.0,43013,0.4,0.40710727985591644,0.776551868824197,0.41679485891848816,1.0329004894646845,0.9117548702875584,1.142146346771954,-0.07066268416309722,-93.08259545250881,72.309242723043
S43A13T05,moving_support_variable_length,10.0,43013,0.43333333333333335,0.4461217332218918,0.7422006315867004,0.46664967321804596,1.0543088604405497,0.9019435103570134,1.1813845217473025,-0.06636272346673289,-93.46438530284308,49.201798556052665
S43A13T05,moving_support_variable_length,10.0,43013,0.4666666666666667,0.4880085298598169,0.7049935508059133,0.5221276749351329,1.0775560768960197,0.8923404434209157,1.2242859241218667,-0.059034028161683405,-93.84705815124353,16.651984076586245
S43A13T05,moving_support_variable_length,10.0,43013,0.5,0.5323130408821064,0.6659011800596246,0.5831067568011884,1.1026482931771946,0.8838087336123424,1.2708818340845744,-0.0488009720315831,-94.23062650172928,-24.777773669619933
S43A13T05,moving_support_variable_length,10.0,43013,0.5333333333333333,0.5784221610784425,0.6260806922567079,0.649341694593563,1.1295916696096737,0.8771444076164581,1.3211921308358499,-0.03591103727257334,-94.61510304492191,-73.84104754992148
S43A13T05,moving_support_variable_length,10.0,43013,0.5666666666666667,0.6255882662015619,0.5868122887828876,0.7204940035392903,1.1583923728028975,0.8729510834817608,1.3752268141027137,-0.020704958182980945,-95.00050065709591,-128.70052215101782
S43A13T05,moving_support_variable_length,10.0,43013,0.6,0.6729645961049462,0.5494212683827916,0.7961694220903369,1.1890565759562777,0.8715361661539279,1.4329875991479262,-0.0035792374808248754,-95.38683239913307,-187.09901316589796
S43A13T05,moving_support_variable_length,10.0,43013,0.6333333333333333,0.7196498394212978,0.5151916063434125,0.8759589100394303,1.2215904591671882,0.8728553648460963,1.4944694869954043,0.015054851719918987,-95.77411151537878,-246.5990558958251
S43A13T05,moving_support_variable_length,10.0,43013,0.6666666666666666,0.7647387258048184,0.48527815622337606,0.9594784934845259,1.2560002097408727,0.8765210847891465,1.5596622376346108,0.03481111078235419,-96.16235143239687,-304.8716793630906
S43A13T05,moving_support_variable_length,10.0,43013,0.7,0.8073747137649601,0.4606251723903156,1.0464032562866916,1.2922920225023071,0.8818719062853042,1.6285516990718873,0.05536240691375674,-96.55156575762221,-360.00523824008314
S43A13T05,moving_support_variable_length,10.0,43013,0.7333333333333333,0.8468004934791131,0.4418986353931973,1.1364913132351386,1.3304721001100477,0.8880831726270123,1.7011209668662846,0.07646464624046247,-96.94176827790602,-410.7965389766075
S43A13T05,moving_support_variable_length,10.0,43013,0.7666666666666667,0.8824020727782277,0.4294388142080802,1.2295946954994221,1.3705466533720734,0.8942902461731604,1.7773513660559186,0.09796765917055729,-97.33297295795404,-456.98042586795714
S43A13T05,moving_support_variable_length,10.0,43013,0.8,0.9137427057438227,0.4232377013412794,1.3256556623573816,1.41252190156362,0.8996982228413086,1.8572232599419858,0.11981151203295766,-97.72519393865267,-499.3529111118975
S43A13T05,moving_support_variable_length,10.0,43013,0.8333333333333334,0.940583828001572,0.422943597435128,1.4246888776973912,1.4564040727469836,0.9036611909563956,1.9407166984707465,0.14200868349144913,-98.11844553528198,-539.7496827768034
S43A13T05,moving_support_variable_length,10.0,43013,0.8666666666666667,0.962891393228865,0.4278924735275288,1.5267519259535542,1.5021994040932647,0.9057250348830787,2.0278119236831906,0.16461458039233584,-98.51274223561228,-580.8583107831006
S43A13T05,moving_support_variable_length,10.0,43013,0.9,0.9808274211540575,0.4371631170799851,1.631908490272834,1.5499141422059939,0.9056364746652243,2.118489751730054,0.18769071584470998,-98.9080986978814,-625.868165952465
S43A13T05,moving_support_variable_length,10.0,43014,0.0,0.14232953057224557,0.917196654707166,0.14232953057224557,0.917196654707166,0.928174228622478,0.9281742286230167,0.0,154.0768349533358,-240.555822561828
S43A13T05,moving_support_variable_length,10.0,43014,0.03333333333333333,0.15625977614517428,0.9166207969542779,0.1522467730709926,0.9160292575646168,0.9305544963175238,0.9292879386604802,-0.004170848137301661,153.48377791480343,-245.73454112895698
S43A13T05,moving_support_variable_length,10.0,43014,0.06666666666666667,0.17071099011198793,0.9157271078029978,0.16211429114050227,0.9146569061790497,0.9333749309943495,0.9306975251176093,-0.009934037064139124,152.88949101846973,-245.32717493276397
S43A13T05,moving_support_variable_length,10.0,43014,0.1,0.18586635642624727,0.9140732139435411,0.17211310793173534,0.9130938377384857,0.9363392951897433,0.9324953819048275,-0.01711501037216285,152.29401571349266,-239.4922590142697
S43A13T05,moving_support_variable_length,10.0,43014,0.13333333333333333,0.20198202816882516,0.9111282689293557,0.18255368407844658,0.9113541687248919,0.9390749189406087,0.9347808161986398,-0.025409662402986047,151.69739374192025,-228.91640049577657
S43A13T05,moving_support_variable_length,10.0,43014,0.16666666666666666,0.21937814282835427,0.9062994357489365,0.19386282302943092,0.9094518948361336,0.9411592375900084,0.9376595831334998,-0.034397433739142155,151.09966712741993,-214.77795860607108
S43A13T05,moving_support_variable_length,10.0,43014,0.2,0.23842252193874325,0.8989683269070968,0.20656055950088903,0.9074008909116877,0.9421574657254378,0.9412432650419962,-0.04356442357475826,150.50087816383714,-198.66520049359912
S43A13T05,moving_support_variable_length,10.0,43014,0.23333333333333334,0.25950751183913967,0.8885357035001925,0.22122855931246377,0.9052149108629308,0.9416694976402846,0.9456484815968635,-0.052334990702646814,149.90106940359223,-182.45430822772843
S43A13T05,moving_support_variable_length,10.0,43014,0.26666666666666666,0.2830210962450617,0.8744717224584632,0.23847238612950933,0.9029075876088046,0.9393824519045656,0.9509959237976188,-0.060109487595496267,149.30028364592144,-168.15621638640255
S43A13T05,moving_support_variable_length,10.0,43014,0.3,0.30931406360913405,0.8563681131248451,0.25888065611787214,0.9004924330176372,0.9351235780296134,0.9574092135452006,-0.0663051065751088,148.69856392496837,-157.74443783122354
S43A13T05,moving_support_variable_length,10.0,43014,0.3333333333333333,0.33866557729017355,0.8339879694540141,0.28298453727089184,0.8979828378558873,0.9289066794721604,0.9650136013041068,-0.07039638131018984,148.09595349773454,-152.97861060361222
S43A13T05,moving_support_variable_length,10.0,43014,0.36666666666666664,0.3712499074436856,0.8073084692584943,0.31122119781509633,0.8953920717445563,0.920963986351502,0.9739345264609388,-0.071951739236419,147.49249583189422,-155.2402256346897
S43A13T05,moving_support_variable_length,10.0,43014,0.4,0.40710727985591644,0.776551868824197,0.3439046244304786,0.8927332831239935,0.9117548702875584,0.9842960774852582,-0.07066268416309722,146.88823459348254,-165.39752910905227
S43A13T05,moving_support_variable_length,10.0,43014,0.43333333333333335,0.4461217332218918,0.7422006315867004,0.38120669588516903,0.8900194992278055,0.9019435103570134,0.9962194006069709,-0.06636272346673289,146.28321363446372,-183.7155044008607
S43A13T05,moving_support_variable_length,10.0,43014,0.4666666666666667,0.4880085298598169,0.7049935508059133,0.4231505237945428,0.8872636260665503,0.8923404434209157,1.0098211149936358,-0.059034028161683405,145.67747698018704,-209.82372733371471
S43A13T05,moving_support_variable_length,10.0,43014,0.5,0.5323130408821064,0.6659011800596246,0.4696169143211771,0.8844784484218869,0.8838087336123424,1.025211797929702,-0.0488009720315831,145.07106881673806,-242.74962764867243
S43A13T05,moving_support_variable_length,10.0,43014,0.5333333333333333,0.5784221610784425,0.6260806922567079,0.5203634633647742,0.8816766298518208,0.8771444076164581,1.0424946041525562,-0.03591103727257334,144.4640334781937,-281.01764946845185
S43A13T05,moving_support_variable_length,10.0,43014,0.5666666666666667,0.6255882662015619,0.5868122887828876,0.5750544137075174,0.8788707127076681,0.8729510834817608,1.0617640787160045,-0.020704958182980945,143.85641543378821,-322.8068768645653
S43A13T05,moving_support_variable_length,10.0,43014,0.6,0.6729645961049462,0.5494212683827916,0.6332981395335872,0.8760731181633373,0.8715361661539279,1.0831052126742768,-0.0035792374808248754,143.24825927499938,-366.152076707843
S43A13T05,moving_support_variable_length,10.0,43014,0.6333333333333333,0.7196498394212978,0.5151916063434125,0.6946881452919946,0.873296146257506,0.8728553648460963,1.1065927764091172,0.015054851719918987,142.6396097025611,-409.16696590544814
S43A13T05,moving_support_variable_length,10.0,43014,0.6666666666666666,0.7647387258048184,0.48527815622337606,0.758842911410867,0.8705519759492452,0.8765210847891465,1.1322909481010177,0.03481111078235419,142.03051151341265,-450.2646090703887
S43A13T05,moving_support_variable_length,10.0,43014,0.7,0.8073747137649601,0.4606251723903156,0.825439886508002,0.8678526651876196,0.8818719062853042,1.160253236605044,0.05536240691375674,141.42100958759218,-488.34847024939825
S43A13T05,moving_support_variable_length,10.0,43014,0.7333333333333333,0.8468004934791131,0.4418986353931973,0.8942394613114809,0.8652101509957743,0.8880831726270123,1.1905226808219862,0.07646464624046247,140.81114887508198,-522.9488051763192
S43A13T05,moving_support_variable_length,10.0,43014,0.7666666666666667,0.8824020727782277,0.4294388142080802,0.9650958548703817,0.8626362495699847,0.8942902461731604,1.2231322932744446,0.09796765917055729,140.2009743826153,-554.2829967696794
S43A13T05,moving_support_variable_length,10.0,43014,0.8,0.9137427057438227,0.4232377013412794,1.037953427044202,0.8601426563941331,0.8996982228413086,1.2581057051974094,0.11981151203295766,139.59053116045212,-583.2256103335193
S43A13T05,moving_support_variable_length,10.0,43014,0.8333333333333334,0.940583828001572,0.422943597435128,1.1128288557695738,0.8577409463700415,0.9036611909563956,1.2954579645758106,0.14200868349144913,138.97986428913325,-611.1847152040131
S43A13T05,moving_support_variable_length,10.0,43014,0.8666666666666667,0.962891393228865,0.4278924735275288,1.1897816537629176,0.8554425739640752,0.9057250348830787,1.3351964371112162,0.16461458039233584,138.36901886622024,-639.8948112705824
S43A13T05,moving_support_variable_length,10.0,43014,0.9,0.9808274211540575,0.4371631170799851,1.2688773474580324,0.853258873370399,0.9056364746652243,1.377321762467175,0.18769071584470998,137.75803999303082,-671.1515449773899
